{"images": [{"id": 0, "file_name": "images/11670729934_e188b4b906_o.jpg", "width": 522, "height": 522}], "annotations": [{"id": 0, "image_id": 0, "category_id": 0, "bbox": [21.0, 17.0, 480.0, 488.0], "area": 234240.0, "iscrowd": 0, "segmentation": {"size": [522, 522], "counts": "Um:6k?<L5J4K5H;I5L2N3M3L5L4K4L4lFhMQ4Z2jKnMQ4U2kKoMS4S2iKQNS4S2jKoMT4S2jKoMT4T2jKmMS4V2kKmMR4U2lKlMS4V2kKlMS4V2kKlMR4Z2mGRM`3e0b4h2\\KYMa4k2\\KVMc4m2[KTMc4n2[KSMe4n2YKSMg4n2XKSMf4Q3VKPMi4S3TKPMi4R3VKPMg4R3XKoLf4S3XKoLe4S3[KnLb4U3]KkLa4W3^KkL`4W3_KjL_4X3_KjL_4X3`KiL^4Y3`KhL`4Y3^KiL_4Z3^KiL`4Y3^KhLa4Z3_JUKVOd1Y6Y3_J]KmN]1a6Z3_JdM]5`2aJaM]5d2_J^M`5d2^J]M`5iNiIg1e0Aa5hNnIe1`0mN[OQNV6\\1RJe1<iNBVNn5\\1VJf17dNLYNe5]1[Je13aN2\\N_5^1_Jd1O^N8`NX5^1dJc1K\\N>aNQ5b1gJa1HZNd0cNk4b1jJb1FWNg0fNg4a1nJb1CUNk0gNb4c1QKb1ASNn0gN_4e1RKc1^ORNR1fN\\4e1WKc1YOQNV1fNZ4e1eKY1iN\\NY1fNW4e1jKY1cN\\N^1eNS4g1oKY1]N[Nb1dNQ4h1WLj2I]Kn3j1jLY2XOmKm3j1RMR2SORLk3l1SMR2RORLj3k1WMR2QOPLh3n1XMR2c4nM^KR2a4nM`KQ2`4nMbKS2\\4mMeKS2Z4mMgKT2V4mMkKS2T4mMnKS2P4mMQLT2l3lMWLT2g3lM[LT2c3lM^LV2_3jMcLV2[3kMfLU2Y3jMjLV2T3hMPMW2n2iMUMW2h2iMZMX2c2gMaMY2\\2gMfMY2W2hMkMX2S2hMoMY2m1iMTNW2j1iMYNW2d1hM_NY2^1fMfNY2X1gMjNZ2S1gMnNY2P1gMQO[2l0eMVO[2g0fMZO[2d0fM]OZ2a0eMB\\2;cMI\\25dMO[2OcM6\\2GdM;\\2DcM`0[2]OfMe0[2XOeMj0\\2SOcMP1]2nNcMT1]2jNdMW1]2fNcM\\1]2bNcM`1]2^NbMf1^2WNbMl1]2RNcMQ2\\2nMcMT2^2iMaM\\2]2bMcMa2]2]MaMg2^2WM`Mn2_2PMaMS3^2lL`MV3a2hL^M[3a2dL^M^3c2aL[Mb3e2\\L[Me3f2YLYMi3h2ULWMm3j2QLUMQ4l2mKTMS4n2kKRMU4P3jKoLV4S3hKmLX4U3gKiL[4X3cKhL^4Y3`KgLa4Z3]KfLd4[3[KdLe4^3YKbLi4^3VK`Ll4a3RK^LP5c3oJ\\LS5d3kJ\\LW5d3hJ[LY5f3fJXL\\5h3cJXL^5i3`JWLa5j3^JTLd5m3[JRLe5P4YJPL_5Y4aJfK^5]4`JcK_5`4`J^Ka5c4_J\\Ka5f4]JZKd5g4[JXKe5i4[JVKf5k4XJUKi5l4VJSKj5n4VJPKl5Q5SJnJn5R5RJmJn5U5QJjJP6V5PJiJP6Y5oIeJR6\\5oIaJR6a5mI^JP6f5QJXJP6h5QJVJl5o5TJPJk5Q6VJmIi5V6T2101N10001O0O1O2N1O2L3O10001O00000101N1O1O1O2N1O000010O01O001O0000001O2N1O1N2O2N1O1O2N001O00001O000000O0100000000O1000000O10000O10QGVJ]7k5bHXJ\\7g5cH^J[7a5dHbJZ7]5fHfJX7Z5gHhJX7X5hHiJW7V5jHlJT7S5mHoJQ7Q5oHPKP7o4QISKP7j4QIWKW7^4jHcKZ7X4fHjKZ7S4gHnKZ7P4fHRLZ7k3gHVLX7i3iHYLU7g3kH[LT7c3mH_LQ7`3QIaLm6^3TIcLj6^3VIcLi6\\3XIeLf6\\3ZIfLc6Z3_IfL_6Z3bIhL[6X3fIjLV6X3kIhLS6X3nIiLP6W3RJjLj5W3WJkLf5U3\\JkL]5Z3dJiLS56nHR1Q2iNj47YIn0o1lNc48_Ij0Q2nN]49cIh0Q2QOX48hIe0S2TOR47lId0S2WOm36QJb0T2YOf37VJ?V2\\O`36[J=W2@W34dJ:X2Dn24jJ6[2Hg23nJ3_2K`22QK0c20X22TKMg21S22WKLh23m13ZKIl24f15]KGo25a15`KFQ36\\14dKDS38W15eKCU3:R14iKBW3:k07nK@X39c0=TLZO[39>>WLZO\\38;?XLYO_387?YLZOb374>ZL\\Ob373;[L_Oc3817[LBf37N6[LEg37L3]LFi38H1`LGi38F0aLHl38AOcLJm37_ONbLMR44[OMdL0R43XOMeL1T44TOKiL0U45oNLlL0V44kNLPM0W44bN1WMKY45ZN3\\MJ\\43SN4`MK_42lM5eMIa43eM5lMGa45_M5PNGa47ZM2UNHc46VM2WNHf44QM5YNHg43mL6\\NGj43fL7_NGm42aL7cNGn42]L7eNGP52ZL5gNJQ51UL5jNJS51QL5lNJU52lK4oNJW52hK3ROKY51cK4TOK]5O\\K6XOK_5NWK6[OLa5MRK7\\OMd5LmJ8_OMe5JkJ9@Mh5IfJ:BMi5JbJ9FMj5J^J9HLm5KZJ7IOo5JWJ6J0Q6JTJ5K1S6IQJ7J1Y6FlI8K2[6FhI7N3]6DeI8O2_6EaI902a6F[I950b6GWI970c6GVI880e6GPI9=Oe6h2\\IWMg6f2YIZMj6c2WI\\Mj6b2XI]Mj6`2XI_Mj6_2WI`Ml6\\2VIbMm6\\2TIcMn6\\2RIdMP7Y2QIgMQ7V2PIjMQ7T2PIlMR7Q2oHPNQ7n1PIZMTOfNn7m3oH\\MTOhNn7_3RHPLn0h1SOiNn7Z3\\IlMgNkNn7U3^InMeNnNm7R3_IoMeNoNn7n2_IQNfNPOl7m2`IRNdNROm7i2`ITNdNSOm7g2aIUNbNTOn7e2bIWN`NSOP8b2cIZN]NUOQ8^2dI]NZNUOU8Z2dIaNUNUOX8X2fIbNQNVO[8T2hIXMjMV10^O_8R2SJaN[M\\Oc8R2TJaNXM^Oe8o1UJ[Ok5d0WJ[Oj5c0XJ\\Oi5b0YJ^Oi5<[JCh56]JIe54]JKe50_JOb5NaJ2c5H^J8d5D_J;b5C_J>b5[OcJe0_5hNgFEP4b1`5^NPKm0`K\\O\\>c0fA\\O[>b0gA]OY>b0hA^OX>a0iA@W>>kAAU>>lABU>9oAGR>6PBJR>3oAMR>3mAMT>2mAMS>3mANR>2nANS>1mAOS>2lANT>2lANT>2mANR>2nANR>3mAMS>3mAMT>2lANT>3kAMU>3lAMT>3kAMU>3kAMV>3jALV>4jAMCDZ>?SBMAF]><SB5m=LRB4o=KQB5o=KQB5P>KoA5Q>KPB4P>LPB3R>MmA3S>MmA3S>NlA1V>NjA2V>NjA1W>0hA0Y>OgA0Z>0fA0Z>0gAN[>1eAN\\>3cAM]>3dAK^>5aAK_>6aAH`>8aAG`>8cAD^><i0O01O01O0010O010O1O010O1O3N2M3N2M2O0O1000O1O1O1N3M2O4I=BbZ:"}}]}