{"images": [{"id": 0, "file_name": "images/12547494265_21e0d816b1_o.jpg", "width": 522, "height": 522}], "annotations": [{"id": 0, "image_id": 0, "category_id": 0, "bbox": [93.0, 78.0, 312.0, 432.0], "area": 134784.0, "iscrowd": 0, "segmentation": {"size": [522, 522], "counts": "^c_1d0^?`0Aa0\\O`0D8J7B>@>I8K5K5M2M3M3N2M3N2N3L3N1O2N101N1O2N1O1O2N1O1O2N1O1O2O0O1O100O1O100O101N1000O0100000000O100000O1000^FeJU8[5iGkJS8T5mGnJR8R5lGQKS8o4lGSKS8m4kGVKT8j4jGYKU8g4hGlKXOeNO1Y8^5jG[Md7R6C=C8H7H7J5K4L6J4Lb0^O7J2M4L4L3N3L4L3M3N1N2O1N10001N01000000O1O1O1N2O1M3O1N2N2O2M2O101N1O2M2O2M3N2N2O1N3M3M3M7H6J4K4M4L3L4M3L4M3M2N3M3M3M3M2L4N2L5K4K6M2J7L3G:O00cGVH[8h7\\K`Hg0`7ROgHn0`7^NnH`1U7fKmG]2U1m1R7`MaI`2g6PM`IQ3a6eKaGm0U2^3V6cKeG23f0V2e3g6cKQG0N3`2Z4\\90O1O100O1O1O001O1O1O1O1O1O1N2O1O0O2O1N3N1N2O0O3M101N2N3N1N2N1O2N2O1N2N2N2N2N2N2N2N2N1O2N2N2N2N2N2M3N1O2N2N2M2O2M3N1N3N2M2N3N2M2O2M3N2M3N1N3M2N3K4I8K5K4J7L4L3O2O1WJdFb4]9]KeFb4Z9_KfF`4[9_KhF^4Y9bKgF]4Z9cKgF\\4X9dKjFZ4W9dKlFZ4U9gKjFX4V9kKhFT4Y9lKhFR4X9oKkFm3V9RLkFm3V9SLkFl3T9TLmFk3T9SLoFj3R9VLPGh3Q9XLoFg3Q9[LoFd3Q9\\LPGb3P9_LQG_3P9`LSG]3m8cLTG\\3m8bLVG\\3j8dLXGZ3i8fLXGX3h8jLWGU3j8kLWGS3j8lLXGQ3i8oLYGo2h8QMYGm2g8SMZGl2f8TM\\Gi2f8WMZGh2f8YM[Gd2f8]M[Ga2f8_MZG_2h8`M[G\\2f8dM\\GZ2d8fM^GW2d8hM^GU2c8kM_GS2b8lM`GQ2b8oM_Gn1c8QN_Gl1c8SN`Gi1a8WNaGg1_8XNdGe1^8ZNcGd1^8\\NeG`1\\8aNeG\\1]8dNcG[1^8dNdGY1]8fNfGV1\\8jNfGS1\\8lNfGP1\\8POfGl0\\8UOfGg0\\8XOfGc0^8\\OeG?^8@eG:_8EeG5]8JiGN[81iGE]8:k3O10O0001M2O2L3LU@In?0R@01No?1P@0X`0O00o\\k1"}}]}