{"images": [{"id": 0, "file_name": "images/12772316373_934102ea65_o.jpg", "width": 522, "height": 522}], "annotations": [{"id": 0, "image_id": 0, "category_id": 0, "bbox": [165.0, 179.0, 151.0, 147.0], "area": 22197.0, "iscrowd": 0, "segmentation": {"size": [522, 522], "counts": "l\\d26Q`04M2N2N2N2N2N2N2N3M2O2M2N2N1O2M4L4K5J6M3K6L3M3VNjMhC0b1X2e:lMYEU2g:lMVEV2i:mMSET2n:lMQEU2o:kMoDW2Q;kMjDW2W;jMcD[2\\;gM`D[2`;gMjC@?l2f;iMXDX2g;kMUDW2i;lMUDT2l;lMSDU2m;iMTDX2l;hMTDX2l;hMTDY2k;gMUDY2k;gMUDY2k;hMTDX2l;iMRDX2n;hMQDY2o;gMPDZ2P<fMoC[2R<eMlC\\2T<m0001O000000001O0000000010O000010O01O001O001O0O101O0O1O2O0O110000O00010O002N1O001O01O000001O01O0000O1000001N10O02O001O0O2O0O100O101O001O1N3N2N1O2N1O000000N2013L2OO00100O100O02O0^M_CZ1b<`NeC]1^<]NfCb1]<XNgCg1_=O1O1O1N2O2N2M5K`0@n0mNhfX3"}}]}