{"images": [{"id": 0, "file_name": "images/127803318_08ecf08429_b.jpg", "width": 522, "height": 522}], "annotations": [{"id": 0, "image_id": 0, "category_id": 0, "bbox": [179.0, 137.0, 337.0, 376.0], "area": 126712.0, "iscrowd": 0, "segmentation": {"size": [522, 522], "counts": "Y`k24U`02M3N101O1N101N10001N100O2O000O100O101N100O100O1O100O1000O01O010O000001OO101aN[OlBKWO13i0h=@lBk0V=VOgBk0Y=WOcBj0^=Q10O10O02O0O100O2N101N101N2O0O010O01M3M2O2O0O1C>N1010O01000O0010O0XO_MiCa2U<bMiC^2W<dMgC]2Z<dMcC\\2_<fM]C[2d<d01O2O0O10O00100O00100O10O100000000O10000O101O0O2kLPCn2V=O100O1000001O002M7J1O1O000O2O00]DdMX9\\2fFgMY9Y2eFiM[9W2dFkM[9U2dFlM\\9S2dFoM[9Q2TFdMmN=n:o1SFgMmN<P;l1RFjMkN=R;i1RFiNm9V1SFmNl9R1SFVOg9i0WF]Oe9c0ZFAc9?[FEd9:[FHd98ZFKe95WF0h90UF3k9MTF5l9JRF9m9GRF:n9FQF;n9FQF<n9EPF<P:DnE>R:BlEa0S:_OiEe0W:ZOgEj0X:UOgEm0Y:TOdEo0[:SO`EP1`:^2O001N101O00001O001O0O20O01O001O010O001O1O001O10O0001O1O010O1O2O2M3N1N2N3N1N3M1O2O1N2N2N2O2M1O2N1O1O1O101N1O1O100O1O2N10O0100O100O100O100O010O100O010O1O100O1O010O1O0101N4M1O1N010O100bM\\GUMd8i2eGPM[8n2iGoLY8n2iGRMW8m2iGTMW8j2jGVMX8h2iGXMX8f2iGYMc87nFF`03d83nFH`04e8AkFcN5g1b0O_8oNgFFg0Z17N]8oNhFGe0Z19O\\8lNhFId0[1:O]8iNfFMd0Y1;1[8gNhFMd0Z1:1\\8eNhFOc0Y1;2[8dNiFOe0T1;:n8bNlFk0;b0j8aNoFe0=i0^OcNh7NcH>:Q1VOiNf92VGT1POPOk9HWGW1kNVOm9_O]GZ1dNYO\\<f0cC\\O]<c0bC^O^<b0aCA^<?`CC`<<^CGa<9^CIb<7]CJb<6]CKd<5[CLf<2ZCNg<2XCOh<0WC1j<NVC2k<NTC3k<MTC4m<LRC5m<KSC5n<JRC6n<KPC6Q=IoB7Q=JnB6S=ImB7T=IjB8W=GiB:W=FhB:Y=EgB;Y=FfB9\\=GcB9^=FbB:^=GaB9_=Y110OO101O00001O1O001O2N1O001O1N20O01N2O1N3N0O2O1M3N2O0O2N2O1N2N101O1N3M2O4K5hNm@60J11O7jR3"}}, {"id": 1, "image_id": 0, "category_id": 0, "bbox": [406.0, 65.0, 110.0, 184.0], "area": 20240.0, "iscrowd": 0, "segmentation": {"size": [522, 522], "counts": "]R_67Q`03M3N2M3N2M3N3L6K3L3N2M3M3K4N3M3N2M2gBUNQ<n1lCXNm;l1PDYNi;k1VDWNg;l1WDVNf;l1YDXNd;i1ZDXNe;i1[DYNc;h1[DZNc;h1\\DYNIXOY;`2mDYNG^OW;Y2QEZNGAU;V2SETOj:m0TEUOk:k0UEVOj:k0TEVOl:k0SEVOl:j0TEWOj:l0TEUOk:l0SEUOm:m0QETOo:l0PEUOo:l0PEUOo:m0oDSOR;m0mDSOS;R310O01O00001O000000001O0000001O0000001O00000000000000001O001O001O1O1O100O001O1O001O01O00000010O01O1O001O1O100O101N1O1000000O01O2N1O3Knn2"}}]}