{"images": [{"id": 0, "file_name": "images/1353125199_0cb316c061_o.jpg", "width": 522, "height": 522}], "annotations": [{"id": 0, "image_id": 0, "category_id": 0, "bbox": [197.0, 131.0, 95.0, 237.0], "area": 22515.0, "iscrowd": 0, "segmentation": {"size": [522, 522], "counts": "mgT3=e?:E;C<J5L5I7H8G9I8H7B?B<G:J6K4M4M2N2N2O1N3L3O1O1O2N1O1O1O2N1O1O2L3N3L4L3N2M3N3L3M3M3N2N2O1N2N2N2M3M3N2M3M3N2O1N2O100O100O010O100O0100O2O2M3aIoFa5R9\\JVG]5k8aJYG]5h8`J]G\\5d8cJbGX5^8fJjGT5V8jJPHR5P8lJWHo4j7oJ\\Hk4g7QKaHi4d9L4L6I6K5K7H6J8H8H9F<D>C;E9F<ESnd3"}}]}