{"images": [{"id": 0, "file_name": "images/13890158785_7003e83105_b.jpg", "width": 522, "height": 522}], "annotations": [{"id": 0, "image_id": 0, "category_id": 0, "bbox": [54.0, 53.0, 405.0, 374.0], "area": 151470.0, "iscrowd": 0, "segmentation": {"size": [522, 522], "counts": "khk0>d?D_@c0Y?<H7M3L4L5L1N3L300N4L3N2N1N4L3N2VBfM4MV=e25I81O100O1O1O100OK6O100O10000000001O0O11OO1000001O1O00O2O00000O100O2O4UB`Mc=d200O2N10003N3M1hBZM=Jf;Z3ZDgLd;[3[DfLd;Z3\\DiLCMd;[3iDVMA\\O];^3RE[Mm:e2SE[Mm:e2TE`L62g:]3hDbLk01]:^3gDaLl01\\:_3gDaLm00\\:_3gDaLm00[:`3gDaLn0OZ:a3gDaLo0M[:i3eEWL\\:a3hD_Ll00_:^3hEcLV:^3jEbLU:_3kEaLU:`3jE`LV:a3iE_LV:c3iE]LW:c3iE^LV:e3gE[LY:f3fEZLZ:f3fE[LY:e3gE\\LX:d3hE]LW:c3iE]LW:c3hE_LW:a3iE_LV:c3jE[LU:k3lDoKj03[:R4dEnK\\:R4dEoKZ:R4eEPLX:R4^EhKJ6f:T4`EfKJ7[:KcEX48fKJ7Z:^4VFaKj9a4mEZKB7b:`4kEaKX:`4hEbKU:_4kE`KV:a4iE^KX:c4gE\\KOKk9j4UF\\KKOn9g4WFVKFK59m9i4^FnJ_O>R:f4^F\\Ka9e4^F]K`9d4`F]K_9c4`F_K_9a4^FcKa9]4ZFiKa9\\4\\FgK`9d5K6N1N1O3M2N2N1M4M3N100O0010000001OOdHXGX7h85O10O10000O1O10000O10001OO100000001O1O2aGcHm7`7oGeHm7^7lGjHP8l7L3M001O000001O2O00O000001O0001O0000000000O01001N3M2OO1KgGYHY8f7iGYHW8g7iGYHW8g7iGYHV8g7kG]HP8c7QH^Hl7c7UH]Hj7d7VH\\Hh7f7XHZHh7g7WHYHh7h7XHXHh7h7XHYHf7h7ZHWHe7j7\\HUHc7l7^HTH_7o7aHoG`7Q8bHlG_7T8;0O2O001O010O10O10000O2M2O101O0O1O2O0O1K6L30000O10000O0D\\GRIg8j6]GTId8l6\\GTId8l6\\GTIc8n6\\GRId8o6[GQIe8o6[GQId8P7\\GPId8P7\\GoHe8Q7[GnHf8R7ZGnHf8S7YGmHg8S7YGmHf8T7ZGlHf8T7ZGkHg8U7YGkHg8U7610000O10O10O10O0001O1O1O100O2N1O100O1O10B\\GUId8l6\\GSIe8e6[GVI15c8m6]GRIc8o6^GnHd8Q7]GjHg8W7ZGhHe8X7501N2000OL4N210000O100O2ON10N3O2N10001O0M3O1N2lNaH^I`7`6gH_HIg0a7k6SIfHP7\\7n0010O1O2O000000000000001O0001O00001O1O2N1O001O1O00100O1O3NO01O00001O1N100O101N1000001N00ImHVGT7j8oHTGP7m8511N20O10O0O20O1O100O1O100O2N5K1O1O2N1N4XIaF`6a9^IbF_6g9aIWFW6Q:K6I5L3L4cNiEcL]:U3mEbLY:V3a1I7I7N2N1O2N3N2N0O2N3M2O1N3M3L4bMWB6Oh1k=TNTB41d1o=aNQB[1X>`NhA\\1f>L4fNUAQ1o>kNWA1Kj0^?L3H:H6N1Mnoo0"}}]}