{"images": [{"id": 0, "file_name": "images/13955409429_8887cb7b00_o.jpg", "width": 522, "height": 522}], "annotations": [{"id": 0, "image_id": 0, "category_id": 0, "bbox": [6.0, 253.0, 172.0, 223.0], "area": 38356.0, "iscrowd": 0, "segmentation": {"size": [522, 522], "counts": "T[3=Y2R1h9VORFR1f9QOXFQ1e9ROYFP1d9TOYFl0g9VOXFj0g9YOWFf0i9\\OUFe0j9]OTFc0m9_OQF`0P:AnE`0R:BkE`0T:BjE?U:BjE?V:BgEa0X:_OfEc0[:[O]En0c:RO[Eo0g:POWER1i:nNUES1n:kNoDX1S;eNiD_1Y;`NbDc1V:hMVFc0Ah1V:kMYF;^Ol1X:kM\\F7XOQ2\\:iM]FZ3b9gL`FX3_9hLbFW3]9jLdFV3Z9kLhFS3W9oLiFQ3V9oLkFQ3S9PMPGn2o8QMYGh2f8XM[Gi2c8XM\\Gi2d8VM[Gm2c8TM\\Gm2d8SM[Gn2e8RMZGo2e8RMZGo2f8QMYGo2h8QMWGP3i8oLWGR3j8mLUGS3m8lLRGU3n8jLRGW3P9gLoFY3S9eLlF]3U9bLjF^3W9aLhFa3X9_LgFa3[9]LeFd3[9[LeFe3\\9[LcFf3]9YLdFf3]9ZLaFg3a9WL_Fi3a9XL^Fi3b9VL]Fk3d9TLWFQ4i9PLQFV4o9iKnEZ4R:fKkE]4U:cKiE_4X:`KgEa4Y:_KeEd4Z:]KdEd4]:d000001O00010O1N2O1O00001O001O001O0000000O10O100O1O010O10O101N1000000O010O01N101O001O010O0100O010O001O00100O1O010O1O10O01O1O001O10O01O1O1O1O1oKPEg2Q;WMQEg2R;WMnDi2S;UMoDj2R;UMoDj2S;UMlDk2U;TMlDj2W;UMiDj2Y;TMhDj2Z;VMfDi2\\;VMdDi2^;UMcDi2a;TM`Dk2b;SM_Dk2d;SM]Dl2d;TM]Di2e;WM[Dh2f;WM\\Df2h;nLoCN<Q3f<N2L4N2L5L4K5L5J6J7H7I7J6H9FeP_5"}}, {"id": 1, "image_id": 0, "category_id": 0, "bbox": [56.0, 79.0, 172.0, 204.0], "area": 35088.0, "iscrowd": 0, "segmentation": {"size": [522, 522], "counts": "efl09Q`09F8J4L7I5TOoNTBV1e=nNZBU1a=mNaBR1\\=QOeBm0Z=VOiBf0T=\\OoBa0R=_OQC=o<D_B^O3n0`=CXBD7K0`0b==ZBVO99]=n0dBRO^=j0aBYO`=e0_B]Ob=a0\\BAe=>ZBCh=:WBIg=8VB1d=OXB6f=X1O2N00001O000O10000010O0100VO_MjCb2S<bMjC_2T<eMjC[2S<hMlCY2R<iMnCW2Q<iMPDW2o;jMPDX2m;iMSD`2d;`M[Db2c;`M\\D`2d;`M[Da2e;_MZDb2e;_MZDc2c;`M[D`2V;lLjDf0O_2k:]NQEe1k:o1L4N2M3N3L3MZKhE`3U:^LRF_3l9^L[Fa3d9]L`Fb3^9\\LgFc3W9YLPGe3P9SL[Gk3e8PLaGo3_8kKhGS4Y:oKXD]3k;_LXD`3Y<O1000O01O100O1000O100000000000000000001O1O00010O001O010O01O001O001N100O2O0O2N1O2N1O2M2O2N1N3N1O2M3N2N2N2M3N2M3M4L3M3M3M4K4M4J6K5J7G:I;G3N1O0OL5O010M2001O2OMEW@:e?G[@;f?FZ@8g?I]@2c?O\\@1d?0Z@1c?K[@60Ng?910O1100001OO1O011O0O2M4M3N1N3M^fe4"}}, {"id": 2, "image_id": 0, "category_id": 0, "bbox": [195.0, 110.0, 123.0, 134.0], "area": 16482.0, "iscrowd": 0, "segmentation": {"size": [522, 522], "counts": "gaS33U`04L3N2O0O1O001O0001O1O01O010O00100O1O1O2O0O101RBDj;>TDEj;<TDFl;;QDGn;:PDGn;<PDEh;d0WD[Oi;f0VD[Oi;h0UDXOk;k0RDUOm;T1QC\\Nd0?0F\\;k1_D_N3J];h1^D^N3M_;f1\\D]N4O`;f1ZDZN43c;c1WDZN64d;b1TDZN85e;a1PD[N:6g;T2YDlMi;R2VDoMm;n1SDRNo;m1nCUNU<j1iCVNY<i1eCXN]<h1_CYNd<e22N4L4L2N10001O2N010O01O100000000001N100O3M2O1N1N3WOcB^Nc=]1cBZNd=c1e0L2N2MXAeNg>X1ZAiNf>V1ZAjNg>U1YAkNi>Z11N110O2O00O0001O1O10O01O1O001O1N2I7O0N4O0I_@D3KY?`0d@E3LX??g@A30W?=o@BS?=k@DV?<i@EX?9h@HY?7f@I[?8c@I]?7a@Ja?O\\@030b?7\\@If?5Z@Kh?:2O0N5L1O0O3MciW3"}}, {"id": 3, "image_id": 0, "category_id": 0, "bbox": [252.0, 6.0, 142.0, 192.0], "area": 27264.0, "iscrowd": 0, "segmentation": {"size": [522, 522], "counts": "n`P43U`05K3M3O0N3M2[NA]Cb0YOEV<K^Da0YOOP<CdD?ZO?c;UOPE<\\Oa0c;VOmD;^Ob0c;UOlD:Ac0a;TOlD;Bc0`;SOlD;Ce0_;ROjD<Fb0a;SOeD=Jd0];POeD`0Mc0[;oNdDa00a0\\;PO_Db04`0\\;oN\\Dc08`0];<bDF^;9aDHa;6^DKd;3[DNi;MWD5k;IRD:P<DnC=R<n1000O101N11N100O01000001N2O0O2O1O0000O1002N6J1N10O1O010N2O001O1O001O001N100O2O0O10000O101O000IlKUD0NU4m;6O1M3N2N2L4L4N2M3N2N2O1O1N2K4N3O0O2O1O1000O101N4M4gJSEl11k0U;SOnDk0T;POQEo0P;oNQEP1Q;mNRER1n:mNTEQ1m:nNTEQ1m:mNVER1j:nNVEQ1j:oNWEQ1i:oNWEQ1h:oNZEo0g:QOYEn0g:SOYEm0f:TOZEj0f:WO\\Eg0d:ZO\\Ee0c:]O]Eb0c:_O]E`0c:ZNeDa0j0T1_:ZNmD?d0V1^:\\NPE=b0V1[:`NUE9`0V1[:aNXE6?V1Z:dNZE4<W1Z:eN]E1:X1Y:gN`E07Y1X:gNcEO5Y1Y:hNcEN4Y1X:iNhEL0Z1X:jNjEJ0Y1X:lNmEEM]1X:nNXGQ1i8mNZGQ1g8nNZGQ1g8_NcD<h2R1j8mNWGR1k8jNYGS1e8nN^GQ1c8nNaGk0d8ROaG9i`Q2"}}, {"id": 4, "image_id": 0, "category_id": 0, "bbox": [233.0, 331.0, 66.0, 98.0], "area": 6468.0, "iscrowd": 0, "segmentation": {"size": [522, 522], "counts": "mTg3;m?7gNDYB`0_=H]B;\\=LbB7X=OUB\\O4i0c=9[BIb=9]BI`=9_BI_=7aBI_=8`BI_=7aBJ^=7aBI_=7aBJ_=`1010O01O1N1O1O10000O11O01O00000100O1O1O`0@01OO2O00001O1O1O2N1O0O100O010O1O010O1nNjAOW>0jAOW>0kAMW>3jAKW>4jAJY>4hAKY>4iAJ[>3eAM^>OdAO`>N`A1b>M`A0d>M^A0g>K^ANgha3"}}, {"id": 5, "image_id": 0, "category_id": 0, "bbox": [317.0, 357.0, 85.0, 125.0], "area": 10625.0, "iscrowd": 0, "segmentation": {"size": [522, 522], "counts": "]PR5:P`04K2O1O0O2N3M9H6I5L2M4M2N1O100O1O1[O^N`Bb1_=cN]B^1b=lNSBV1l=d001O000O1O1O1O2N1O1O2O1O0001O1O001OjN_MdD`2Z;gMaDY2_;jM_DU2a;mM]DS2c;PN[Do1f;RNXDn1h;TNUDm1l;TNRDl1o;TNnCn1S<TNiCm1X<TNeCm1\\<TNbCl1b<QN\\CP2f<i03M3L4M2M4M3L4M2N1N2O0O2O1N2O2M2N3M4L2M3N1O3L2O3L3M5K5J5L4L3L5J6H\\hl1"}}, {"id": 6, "image_id": 0, "category_id": 0, "bbox": [473.0, 402.0, 44.0, 86.0], "area": 3784.0, "iscrowd": 0, "segmentation": {"size": [522, 522], "counts": "\\`a78R`05K4L3M2N1O0010O01aABP=>nBFP=:nBIQ=7nBKR=3nBOQ=1nB0R=0mB2R=N^BCHb0j=J\\Bf0d=[OZBf0f=ZOXBi0h=VOWBk0i=VOUBk0l=UOQBm0P>g00O02OO101N2O3L100O01O00O1O010O0N12N12M9RN`A:OH1N69Vc2"}}, {"id": 7, "image_id": 0, "category_id": 0, "bbox": [409.0, 149.0, 107.0, 149.0], "area": 15943.0, "iscrowd": 0, "segmentation": {"size": [522, 522], "counts": "`h`61Y`01N2O001iN0RB1k=4SBKk=9SBFm==oAFm=`0mADQ>b0hAAU>c0gA@X>a0eABY>`0dAB[>X1N2N2N3M2O2M2N2N101N1001O0O2O0O3J5L4NL4N2K2N041N3J6M4K4M4L4M3K4N3M3M3N1O2K4N3N2N1O2N1O2N101N100O100O1000000O100000000O0100O100O100O1O100O1O1O1O1O1O1N3N1O1O2M2O2N2M3N2M4L4L3M5K3L5L3M4J:WOPm2"}}, {"id": 8, "image_id": 0, "category_id": 0, "bbox": [427.0, 98.0, 82.0, 61.0], "area": 5002.0, "iscrowd": 0, "segmentation": {"size": [522, 522], "counts": "Vii69l?9H6M1N3N1O2O0O2O00001O0O1O0100001O0000004K8J1N20O01N0102M010cNYAT1i>jNWAW1i>iNXAU1o>00O001O1O100O100O100O10O10O1000O10O1000N110O100O1O1N2N2L4M3O10O1000001O0O2L3O2M3M3N2M3M3L5L4I7Ke`6"}}, {"id": 9, "image_id": 0, "category_id": 0, "bbox": [401.0, 6.0, 59.0, 26.0], "area": 1534.0, "iscrowd": 0, "segmentation": {"size": [522, 522], "counts": "d]\\61V`07L3M3L2O1O000000001O1O001O1O001O1O1O1O00001O0000O100O1O1O2N1O1N2000O2O00000000O100O100O100O1O1O1O1N2001O3M1O00O1M4MWco0"}}, {"id": 10, "image_id": 0, "category_id": 0, "bbox": [363.0, 21.0, 144.0, 107.0], "area": 15408.0, "iscrowd": 0, "segmentation": {"size": [522, 522], "counts": "aTi52V`04M1O2O0O10O10N2O10000O1N20001N1O10001O010O001M2O30NXO@fAa0U>EiA=l=OmA6P>LPBYOIg0U>3oAWOLg0S>4PB2P>NPB4MmNn=P1TB8i=IVB2OQOk=Y2O2N100O1O2O0N1E`MmBb2R=;000O1EhBdM4Go<c2oBeMW=X2mBgMT=X2lBhMT=X2hBcMb=c20O10O014LO000L5N1O1N2N2O1O1O1O1O2O0O10N2O001O001O1O1O0010000O00100O11O00001N1O2O2PNRB`1P>]NYB[1h=cN[B[1Z>00O100000O01000000O1000001N2O1M3N4L4L2N1N3L4J>AjP11[oN000c01\\O1N101N101O010O01O00O101O00O101M4Lla7"}}, {"id": 11, "image_id": 0, "category_id": 0, "bbox": [336.0, 152.0, 103.0, 91.0], "area": 9373.0, "iscrowd": 0, "segmentation": {"size": [522, 522], "counts": "`_[58P`03N2N100O1O0O2O1O1O010O010O1O100O2O1N100O10O010N2L3010O100O1O2N1O2N1O2N1O2N1O00;E5K5K2M4M2N2M4M2N1O2N2M2O2N1O2N1O1O1N3N1000000O10000000000001N2O1O1O002M1N3M3M3N2M4L3N3L3[NRBl0j>K2N2N2N2N2N2N2O1N1O2O1N2O1N2O2M2N[SZ1"}}, {"id": 12, "image_id": 0, "category_id": 0, "bbox": [318.0, 6.0, 87.0, 59.0], "area": 5133.0, "iscrowd": 0, "segmentation": {"size": [522, 522], "counts": "lSR5e0`?:H9I4L5L2N2N2N0000O1O1N2L4M3L4N2M3M3M3O1N2N2L4N2M3O1O10001O0JU@L4O`?;^@Ga?b0O001O4L1O1O001N1000O1001O000000Kf@[OY?c0i@^OV?a0k@_OU?`0k@CS?l0N2N4L[OQA0n>FRAe0m>XOWAi0g>VOZAl0d>SO^An0`>QO`AQ1k>2DiNbAX1h>iNPAV1n>5N1O2N00OO00bNYA[1i>eNWAR1Q?2O0202N101N1O101N3N2M3M3M;Efck1"}}]}