{"images": [{"id": 0, "file_name": "images/14671948915_0014116686_o.jpg", "width": 522, "height": 522}], "annotations": [{"id": 0, "image_id": 0, "category_id": 0, "bbox": [212.0, 125.0, 80.0, 181.0], "area": 14480.0, "iscrowd": 0, "segmentation": {"size": [522, 522], "counts": "\\[\\32W`0100lJOnI1Q62nINR64kIMU66hIJZ67bIJ`65]INc64XINj62RI0o62kH1W73iHFY7<UHAhL3T;>fG=Z8E\\Gd0d8]OUGi0j8XORGk0o8VOkFm0W9SOeFP1[9QOaFQ1`9oN]FT1d9lNYFV1g9kNUFW1l9jNPFZ1P:gNiE^1W:cNeE_1\\:bN`E`1b:_N[Ec1f:^NWEd1i:]NSEe1o:[NnDf1S;\\NhDf1Z;\\N^Dh1c;_12M2O2N2O0O2M3N2M4L4K4M3N3L3M4M3L4K8HP1PO8I3M3M2YOPA1R?KTA2m>LUA2m>LUA3l>LTA4l>KUA5l>JTA6l>JUA4n>ISA7`?00000001N100000001O0O101N2OTod3"}}, {"id": 1, "image_id": 0, "category_id": 0, "bbox": [419.0, 19.0, 97.0, 126.0], "area": 12222.0, "iscrowd": 0, "segmentation": {"size": [522, 522], "counts": "Pge65S`03N1O1O1O100O10000O010000O10O100000O010000O0100000O0100000O0100000O0100000O10000O010000000O100000O010O100000O1000O0100O1O100O1O2N2N1O2M3L4I7J7K5I6M3K5L3K6H7J7L3M4M2M4L3N3L3N3M2N2N2N3O0N2O1O11NYQ3"}}]}