{"images": [{"id": 0, "file_name": "images/14670997204_8cf6414895_o.jpg", "width": 522, "height": 522}], "annotations": [{"id": 0, "image_id": 0, "category_id": 0, "bbox": [94.0, 33.0, 422.0, 467.0], "area": 197074.0, "iscrowd": 0, "segmentation": {"size": [522, 522], "counts": "ZW`14R`0<E7H7J5K6J5K5L3L5L3M3M3M2N3M2N3M2N4L4L3M2O2M4M2M3N2N2M3N2M3N2N1O2N2O1N3M1O2N1O1O2N1O2N2N1O2N2N2N101M2O2M3NQOkDlLS;T3PEkLm:W3TEjLi:W3XEiLe:Y3\\EgLb:Z3^EgL`:Y3bEgL\\:Z3hEbLV:`3lE`LQ:a3PF_Ln9b3RF`Lk9a3VF_Lh9b3YF^Le9c3[F]Le9c3]F[Lb9f3`FWLa9i3aFUL^9l3bFTL^9l3cFSL]9l3fFnK^9Q4_1N1N3N2M200000O0O2N2M2O2O1N110O01O01O01N20O0100O1O1OjHmKW2Q4iMRLW2i3kMYLU2f3jM]LV2c3hM^LY2a3eM`L]2^3bMdLa2Z3\\MhLe2W3YMjLi2U3TMmLn2S3oLnLR3R3kLQMU3o2iLRMX3n2eLTM\\3l2bLUM_3k2_LUMc3k2ZLTMj3l2TLTMn3l2oKTMT4m2gKSM]4o2^KPMf4P3XKnLk4T3QKlLR5U3jJkLX5W3eJhL^5Y3^JhLc5Z3YJdLk5^3QJaLS6_3jIbLW6`3eIbL\\6_3_IbLc6`3XIaLj6a3TI^Ln6c3nH]LT7f3fHZL^7g3^HYLd7h3YHYLh7i3UHXLl7i3RHVLo7l3nGTLS8n3iGSLX8o3dGRL^8o3_GoKd8S4WGnKk8T4SGkKo8U4PGjKR9X4jFhKW9Z4gFeK[9\\4bFeK_9]4]FcKd9`4YF_Ki9^53M2O2M2O2N2N1O2M3N2M3L3J7F:00000000000000001O000O2O000O2O000O2O0O2O0O101O0O101O0O2O00001O0010O01O0O2O001OnNYEdKOi0g:d3ZEbK0k0e:h3ZE_K0d0e:e3jE[LT:e3nEZLR:f3oEZLo9g3QFYLo9f3SF[Lk9c3XF^Le9c3\\F`L`9`3aFbLZ9`3gFcLT9^3nFeLm8Z3VGhLe8Y3]GgLa8Y3aGhL[8Y3gGhLU8X3nGhLo7Y3THgLh7Z3ZHgLa7[3bHfLX7[3lHgLo6Y3TIfLi6[3[IcLc6\\3bIcLZ6]3jIbLT6^3QJ`Ll5_3]J]L^5d3gJ[LU5e3oJ[Ll4e3XK\\Ld4d3`K]L[4c3iK]LR4e3QL[LeMVOn4_4_MaLWMXOV5W4gMaLlL]O\\5R4lM`MR2a2QN\\Mn1e2SNZMm1f2VNVMj1k2YNRMf1o2\\NmLe1T3^N^Lm1a3ZNgKY2X4n4F_DgK`;X4bDiK];o3cDmK15Z;h3dDTL96Q;f3fDRL;9m:f3iDPL;:k:f3jDQL::j:e3mDPL;:g:g3nDnK3173g:o3XEmK13g:Q4gEoKW:S4jElKWOOc:Z4^FfK^9^4bFbKZ9c4_F]KVO2T:g4dFXKXO0Q:P5cFPKb9T5\\FlJ[9NTFV5MjJe01U9`5DW1TOYI^G`7Y8>_HRHa6Q8_IoG`6P8m0POPHgIR8W6PHjIS8XOeGe69TJW:h3kE[LFWO^:T4mElLV:P3kEoL[:nNXEj3=_MIgN]:5^E0OJ2n2;eNl:Z1TEfNm:X1UEcNBcNY;j2UEWNEnN`;j2mDVNZ;j1fDQN@VOk;i2fDPN_OVOm;i2eDPN^;P2cDoM];P2fDmM[;T2eDjM\\;V2eDbMXOIU<d2gD^MVOLT<f2kDXM\\;h2S101O1O000O100O2O002N2N1O0000001O002O3L1O000010O01O3TOkA]OZ>]OnAa0L1i>GZA9f>D]A<d>\\OcAc0S?O001O002O0O010O1O2N010O010O1O10O01O10O011N010O01O01O01O01000O0010O0100O010O00010O0010O010O10O0010O010O01O01O01O010O0010O010O010O010O010O01O010O010O0010O010O10O001O010O010O010O001O010O001O101Jnh2"}}, {"id": 1, "image_id": 0, "category_id": 0, "bbox": [31.0, 157.0, 85.0, 108.0], "area": 9180.0, "iscrowd": 0, "segmentation": {"size": [522, 522], "counts": "ZP`0?d?9C=^Ob0L4M2N3M3M9F5K5K5I5M3N2O1N101O1O1O00000O2O00O1000000O1O1O1M4M2N2O1O1N2O1O1N2M3M3O1O100O1O1O10001N100O2O0O2O2M4L2O0O1O1O2N2N2N1O2N2M3N1O1O1O2L3N2N2O2M2M4M2K6M3N3H8KYi^6"}}]}