{"images": [{"id": 0, "file_name": "images/15709597994_b6cba9cee1_b.jpg", "width": 522, "height": 522}], "annotations": [{"id": 0, "image_id": 0, "category_id": 0, "bbox": [95.0, 91.0, 315.0, 376.0], "area": 118440.0, "iscrowd": 0, "segmentation": {"size": [522, 522], "counts": "dh`17Q`04M2O2M2IA`@a0T?^On@7L=S?Am@i0o><D<H8K8G6J9I4K5L4K5M4L3N2N3M2N2M3L4M4K4M3N2N2N2L4N2M3M3K4N3M3N1N3N101N1O2N101N11O00O2N2M2O2O1N2O001O00110N0010O000001O2G8O1O1O00000O101O1O0M4N1O001O1N3K4cFUIY9P7L3L4NOQGkHl8W722M3L4M4\\G[H^8h7bGYHY8k7gGUHV8m7kGSHR8P822N6G5M0YHcGe7b8N3M3M2N3M3N2N1O4L1N200O2N2N3NO02N5K2N1O2N2N3N3L2N1O2O0O1O2N3M100O4K3N1O1O1O2dJSEX5P;O2N1O1O001O101N001O1O2N00ROTK`Fl4`9TKeE0g0k4h9VKYFh4h9XKXFg4f9XKaE1i0g4f9XKaE1i0f4g:OUOZKTFf4h9[K^E1h0d4k9_KUFa4l9^KQFM\\Od4c:_KQFM\\Oc4f:]KoE0[Oc4g:\\KnE1ZOc4a;]K_Dc4a;]K_Db4i:^KmE0ZOb4h:`KmEc4S:]KmEc4S:\\KnEd4S:\\K[EO:d4\\:]KWE2=a4d:\\K\\Ed4T;1YOZKjEf4V:[KVEO1040Of4f:[KXE13OLg4i:XKYE210Mg4o:XKUEONh4m:YKUEOOg4U;YKiDi4V;YKhDh4W;6O100O11O2NO1O100O100001O1O1O00O100N2O100MmJPER5P;nJQEQ5o:oJQEQ5o:oJPER5P;oJnDR5Q;4000000O1N200O1N2O1O1O1O2N1O1O2M200O100O11O0O10O1O1O3N1O1O0O1N201O1N1O1O2RFjIf9W6WFoIe9\\6O1N2O2N00100O1O001N101N1N3N1O2N101N1O2N1M4N1O2N1O2M2O2N1O1O2N1N3N1O2UHoGZ7S8dHoGZ7S8dHoGZ7S8dHoG[7a8N2N2N2M3N2N2O1N3M2K6L3N3M2M4L3L5M3`MlE_N]:7WG[Om8`0_GoMjMo01QOl:l1hGTN\\M11O];g1U3J6K5J7YOVACj[i1"}}]}