{"images": [{"id": 0, "file_name": "images/16060491290_918bd9324b_b.jpg", "width": 522, "height": 522}], "annotations": [{"id": 0, "image_id": 0, "category_id": 0, "bbox": [48.0, 7.0, 464.0, 508.0], "area": 235712.0, "iscrowd": 0, "segmentation": {"size": [522, 522], "counts": "eih0215i?a0G5K6I=\\AoNW=X1^B[NKe0`=U2L5I4M6J4K5M2M3M3N2N2L6L2N1O1M3M3N2N2N2O2N1N3M1O2O001O1O1N2O1N2O1O1O1O3M3M2N3M101N102M3N1O1N2O0O1O101N1O1O1O1000001O0001O000O1000O0100O1O1O0O2N1M4M2K4N3L5M10101O1N2O2N1O1J7M2M4L4M2N2M4JVDiKl;Q49M4J6N2O000O2N1N2MXCcLi<]3^CfLX<Y3iClLS<S3lCnLT<R3lCnLT<R3lCnLS<o2QDQMo;o2SDPMl;o2VDPMj;P3XDnLh;R3XDnLh;P3ZDoLg;Q3YDoLf;S3YDnLf;S3XDmLh;S3VDPMh;R3WDoLi;R3VDnLi;T3VDlLj;W3SDiLm;X3QDiLn;X3RDgLo;Z3PDfLo;k30O0100O10000O1O1O2N4M2M3N1N2O1oG^KW4e4cK`K[4c4]KcKb4_4YKeKf4]4VKfKi4[4TKhKk4d3_HULb2:m4b3cHTL[2>R5^3cHULX2?T5\\3fHVLQ2`0Y5Z3hHWLh1c0`5V3jHWL`1g0f5S3kHUL\\1i0k5R3jHULX1i0P6R3iHULR1j0X6Q3fHWLn0g0^6R3fHWLf0i0h6o2cHYL`0f0U7n2\\H^L7e0a7l2ZHaLNd0k7k2XHbLHc0S8k2VHcLBb0[8j2VHWNl7j1UHSNn7l1SHRNn7m1THPNn7P2SHjMR8U2oGhMR8Z2oGbMS8_2mG]MW8b2kGZMW8g2jGTMY8m2hGoL[8Q3fGjL^8U3eGbLb8^3bGWLc8k3m1100O1O1O1N2N2N2M2N3L4N2N2O0O2O100O100001OO10001N1O10000O100OM3N5N1O1O00O1O1N101N2N2M3M3O0N3O1N101O1O1O1O1N202\\FUJd8P6VGSJh8n5YGPJh8P6ZGmIg8S6g02O00007oEXJR9i6G<D7IiHSH[6c7`IeHg6Q7WISIm6g6RI[Ib7XOlGf6a0TJh7h5VH[Jk7d5SH]Jn7c5PH]JQ8n61N100O10001OUJXHT3h7lLXHT3h7lLXHS3i7mLWHS3i7mLWHR3i7g21RJWHX3l7fLZHn2m7QMUHh2Q8XMPHd2S8\\MnG^2W8bMkGW2Z8iMgGQ2]8oMeGl1_8UNcGlN_O>o9f0eFiNV;V1nDhNR;W1QEgNn:Z1SEdNm:]1VE`NQ5XO_OX2dK^Nj4CYOR2mKZNi4GWOP2RLXNf4LSOm1WL[Nb4KSOl1ZL\\N`4MoNi1aL[N_4OlNg1eL\\N]40jNe1hL^N]40eNd1mL_N]41`Na1SM`N[44\\N]1XMiMnN1]5n0VN[1]MdMTO5V5P1SNY1aMbM\\O3o4X1kMU1iM_M@5k4Z1gMR1nM^MD5f4a1`Mn0TN\\MJ4b4e1ZMm0XNZMO5^4j1RMi0_NXM37\\4i1mLi0cNWM86[4k1bLl0gNTMa05V4i1\\LS1kNoLi04P4o1QLQ1UOlLl09m3i1lKS1[OjLo09n3h1aKY1AfLS1>h3c1]K^1FaLX1`0d3a1XKf1EYLb1a0c3_1PKb2_1oKb3k6cLTI]3V4fJWMR2bNW3R4kJZMR2eNQ3n3PK[MQ2iNm2i3SK]MS2iNl2f3TK^MS2kNj2d3UK`MT2iNi2e3TK`MV2iNi2R3bJ`La0c1Y2fNh2n2aJkLa0_1[2]Nm2T3WJPMd0\\1g8`1fFSMe0\\1g8_1cFVMf0Z1k8^1^FWMh0[1n8[1YFYMj0[1V9i0QFdMN8l0Z1b9=iE^Ne0T1k92fEgN`0V1Q:GeERO;U1X:A^EZO;T1\\:\\O[E_O:T1`:WOVEG9R1e:POUEN7Q1R<oNoCJPOh0R=]OoCJSOd0P=@oCKUO?n<FnCKVO:n<LlCJXO5n<1kCI\\O0j<7kCIo<8QCIn<7SCIm<6TCIk<7WCIh<7XCJf<7[CIc<8^CGa<:_CG_<:bCF]<9eCFZ<;gCEW<9lCHR<8PDGn;:TDFi;<XDCf;?[DAc;?^DB_;`0bD@];?eD@Z;?iDAR;a0PE@j:d0XE\\Of:e0[E[Od:e0]EZOa:g0`EZO_:e0cE[O_7LnHi0DZO^7OjHg0KZOY71fHh03XOW70mGK`NO1OMn0a2XOU72iGL`N10J011m0b2YOU71dGIcNf007e2YOT71`Ge1]1ZNT7O^Gh1^1ZNT7NXGh0QO2d2WOU7NQGm0WOLe2YOS7NnFQ2R2QNP7OUFJ=V1DNj2SOP7OTFO5m0<K\\2ZOn68UFc0f0SOZO?n2Bj6T1[G@l1\\Og6n0fGDc1_Od6e0THKZ1_O^6e0]HJW1AT6h0jHFS1Bn5j0QIDQ1Bl5e0[IHj0Cj5>dIMd0Eg5>dINf0Df57jI6`0Cm5MfI>?Ek8:VGEj8;VGFi8;WGEh8;YGEg8:ZGEe8=[GCe8<[GEd8;^GDb8;_GEa8:_GGa88`GH\\8;dGF\\8:eGEY8=fGDY8<hGDW8=iGCW8=iGCU8;oGEm7<UHEj7;WHEi79YHGf7:ZHFe79]HGc79]HGb7:_HDb7;_HF^7;cHE[79iHGW78jHHU76nHJP77QIIn68RIHn65UIKj63SEMd30W73UE3`3JZ73WE4ID^35b73XE3IC_36_74[E2\\3JX75\\E2[3JW73aE1Y3LU73dEOX3MU72iEIV35o63mIMQ65oILo54RJLm55SJKl56TJJk57UJIj58VJGk58VJHg5;YJFe5:[JGd5:\\JFc5<\\JDc5=]JCc5=]JCc5=]JCb5>^JBb5?]JAc5?]JAc5?]JAc5>^JBb5>^JBb5>]JCc5<^JDc5:_JEa5;_JEa5:`JFa59_JGa58`JGb56aJIa54_JMd5M`J1dV5"}}]}