{"images": [{"id": 0, "file_name": "images/16775599684_6c4742859a_o.jpg", "width": 522, "height": 522}], "annotations": [{"id": 0, "image_id": 0, "category_id": 0, "bbox": [22.0, 129.0, 473.0, 318.0], "area": 150414.0, "iscrowd": 0, "segmentation": {"size": [522, 522], "counts": "fa;7Q`03M2O2N100O1O100O1N101N2N1N3O1O001O1O00100O100O100O010O010O01O010000OO]OUOjAk0R>[OmAe0Q>]OoAb0P>AmAa0R>@mA`0T>@lA`0Q>CmA>S>l0O11OO2N1VNRNWEP2i:SNTEm1j:XNREj1b:bN^E]1^:hNbEX1\\:jNcEV1\\:lNdES1\\:nNdEQ1[:QOeEo0Z:ROgEl0Z:TOfEk0[:ROhEo0V:nNnES1Q:mNoES1Q:mNPFn0T:ROlEm0U:SOkEm0U:SOlEk0U:UOaDTOk0g1hN[Nh;l0lEm0S1ZNT6k0fHk0U1]NT6h0gHk0S1_NV6f0fHl0UOTNX1:m6f0bHo0X1]NU6c0bHR1W1]NX6`0^HV1Z1ZNX6`0^HV1Y1[NY6>[HZ1\\1YNY6=YHY1ROjMX2`0]6<ZHZ1_1[NW6:[HZ1FkMk0b0T79[HY1^1_NX67[HX1]1aNY67ZHX1\\1bNZ66ZHW1]1cNZ65YHY1[1cN\\64XH]1X1_Na64WH]1YOjM^1f0S72VHZ1]OnMZ1f0S71XHZ1Y1eN_62SGZOn0o1_1eNb61PG\\Oo0n1^1fNe6NnF^Oo0n1]1gNj6IkF@o0Q2Z1fNP7AeFIW1S2n0fNZ7ZObFLV1U2m0dNY7BjGj1l0dN[7BiGk1k0cN[7CjGk1@hMa0i0V8DiGl1]OiMd0g0U8EjGk1h0aN^7DjGl1f0`Na7_ObFJW1Y2b0`Ne7\\OdFJU1[2[OcM`0m0]8[ObFJW1\\2YObMa0m0]8ZOcFKV1\\2<_Nl7ZObFKV1]2;^Nm7ZOcFJU1_29]No7[OcFIU1`28\\NP8ZOdFJT1a27ZNR8[OnG\\2L[NW8XOoG^2F[N]8UOnG`2EZN^8UOnGb2BYNb8UOjGc2CYNc8UOiGc2BYNe8SOjGe2@WNg8SOjGg2^OVNh8SOjGh2[OVNl8ROgGk2YOTNR9POeGn2WOSNg:m1XESNh:o1WEPNV9QOVFOZ1R3XOoMX9oNVF0[1R3WOnM]9PO[GT3VOmM[9TO]GQ3UOlM_9TOZGS3kNiL0R1l9ROYGb4g8`KXG`4h8`KXG_4h8cKVGQ3QOiMj9WOTGP3QOjMj9XOUGl2ROkMi9[ORFAo0d4P9nKPGQ4Q9oKoFP4Q9QLoFo3Q9QLoFn3R9RLnFn3R9RLnFm3S9SLmFl3T9TLlFk3T9VLlFi3U9WLkFh3V9XLjFg3W9YLiFf3X9ZLhFf3X9ZLhFe3Y9[LgFd3Z9\\LfFc3[9^LdFa3]9_LcF`3_9_LaF`3`9`L`F_3a9aL_F^3b9bL^F^3b9bL^F]3c9cL]F]3c9cLbE]Od0S4g9`LeE]Od0T4f9_LfE]Od0U4e9^LgE]Od0V4c9^LjE[Oc0X4b9]LkE[Oc0X4b9]LkE[Oc0Y4a9\\LkE\\Od0X4a9\\LjE^Od0W4`9]LkE\\Oe0X4_9\\LlE\\Oe0X4_9[LmE]Od0Y4^9[LmE\\Oe0Z4]9ZLnE\\Od0[4^9YLnE\\Od0\\4]9XLoE\\Od0\\4]9XLoE\\Od0]4\\9VLQF]Oc0]4\\9VLQF]Oc0^4[9ULRF]Oc0^4[9ULSF[Oc0a4Y9TLTF[Oc0a4Y9TLUFZOb0b4Y9TLUFZOb0c4X9SLUF[Oc0b4W9TLVFZOc0b4W9TLVFZOc0c4V9SLWFZOc0c4V9SLWFZOc0c4V9SLXFYOb0e4U9RLYFYOa0f4V9QLYFYOb0e4U9RLYFYOb0f4T9QLZFYOb0f4T9QLYFZOc0e4T9QLZFYOb0g4S9PL[FXOc0h4R9PL[FYOb0g4S9PL[FYOb0h4R9oKUGQ4k8oK\\FXOc0j4P9nKYF]Of0e4Q9ULoFl3P9mKZF]Of0f4Q9lKZF]Oe0g4Q9SLoFn3P9RLoFo3Q9QLPGo3o8QLQGo3o8RLoFP4P9PLPGP4P9PLPGP4P9PLQGP4n8PLQGQ4o8oKQGR4n8nKRGR4n8QLoFo3Q9ULkFk3U9VLjFk3U9ULkFk3U9ULkFl3T9TLlFl3T9TLlFl3T9TLlFm3S9SLmFm3S9ULkFk3V9ZLcFg3]9YLcFg3]9XLdFi3[9WLeFi3[9WLeFi3[9WLeFi3[9WLeFi3\\9VLdFk3[9VLcFk3]9ULcFk3]9ULdFj3]9ULbFm3]9SLcFm3]9SLcFm3^9RLbFn3^9RLbFo3]9QLcFo3^9PLbFP4^9PLbFP4^9PLbFQ4]9oKcFQ4^9oKaFQ4_9oKaFQ4_9oKaFR4^9nKbFR4_9mKaFT4^9lKbFT4^9lKbFT4^9mKaFS4_9mKaFT4_9kKaFU4_9kKaFU4_9kKaFU4_9kKaFU4`9jK`FV4`9jK`FW4_9iKaFW4_9iKaFW4`9hK`FX4`9hK`FX4a9gK_FY4a9gK_FY4a9gK_FY4b9fK^FZ4b9fK^FZ4b9fK^FZ4c9eK]F[4c9eK]F[4c9eK]F[4d9cK]F]4c9cK]F]4c9cK]F]4c9cK]F]4c9cK]F]4d9bK\\F^4d9bK\\F^4d9bK\\F^4d9bK\\F^4d9bK\\F^4d9aK]F_4c9aK]F_4c9bK[F_4e9`K\\F`4d9`K\\F`4d9`K\\F_4d9bK\\F^4d9bK\\F^4d9bK\\F^4d9bK[F_4e9S10000O010O100O10O01O100O001O100N101O1O0O2O1N101O1N101O1N1O2O001O001N101L4N1O10lJZGf2d8\\M\\Gc2d8^M\\Ga2d8`M]G_2b8bM^G^2`8dMaGZ2^8iM`GW2`8jMaGT2_8mMaGR2_8oMaGP2_8QNaGo1^8RNbGm1^8TNbGk1^8WNaGh1^8ZNbGe1_8[NaGe1^8\\NbGc1^8^NbGa1_8_NaG`1_8aNaG_1_8aNaG^1_8cNaG]1^8dNbG\\1]8eNcG\\1\\8dNeG^1X8bNhG_1V8bNiGb1T8^NlGc1S8]NmGd1Q8]NoGe1o7[NQHh1l7]3MlJWHk1g7UNYHl1f7TNZHn1d7^3M5L`JcHU2[7b3K3M3LTJQIc2k6`3N3M1O1OZM^IfK`6V4eIkKY6R4jInKV6P4mIPLR6l3SJSLm5i3XJWLg5f3\\JZLd5h0dIXOP1O[5i0eIPOY16Q5k0fIfNd1>e4l0gI\\No1g0Z4l0hIXNU2j0S4n0iIoM]2R1j3o0iIfMh2Y1_3Q1iI`MP3]1X3R1hI\\MW3`1Q3T1iIVM]3d1j2V1kIPMc3f1b2Z1nIjLe3j1]2\\1UNbNl1^1VN_Nk1`1ZN\\Nf1d1\\NZNe1d1`NWNa1h1dNRN_1k1fNQN\\1k1lNnMW1P2nNjMU1U2PO`MW1^2[6O2N1O2N2L4O1N1O2M3O0O2N3L2O101N2M2O2O0O2M200O1000000O1O1O1O100O100O2O00000O100000001O00000000001O0000000O2O001O002M1O2O2M3N2M3M4J<^OUc="}}]}