{"images": [{"id": 0, "file_name": "images/17083898598_9a414695cb_o.jpg", "width": 522, "height": 522}], "annotations": [{"id": 0, "image_id": 0, "category_id": 0, "bbox": [169.0, 7.0, 231.0, 376.0], "area": 86856.0, "iscrowd": 0, "segmentation": {"size": [522, 522], "counts": "XUf223Oo?;M4M6J4L3L7H5K5L5K_NjAP1m>2H4L4M2N5I9H7e0]OL0N1N1O103I7J9?\\ON5K4K2L5K7I5K6LbMjBi1W>H1M01ON21OOkM_N\\Eh1dNWN_=g1UB`NQ>k12NO0100O1O3L3L7K2MRCnNd:P1YETOf:m0WEVOh:k0SEZOl:f0nD@S;`0jDBV;?eDD];;`DGb;9YDIh;8VDJj;7RDLn;4oCOQ<1mC2Q<OmC4R<MlC4T<LiC7W<JeC8\\<IaC8`<H_C8b<g11M3O1N2J7K4N2O10YNTMPFj2m9[MSFe2]9SMWE`0\\1]2h;N3K5O100J]BdMP:MbI^2_LeMo9MoH1aMV2@nM2Lo9OmH2bMU2@nM2Lo<1_CT2BkMW=1oB[2V=XNeBZ1\\=fNdBZ1\\=fNaB]1^=h000O101jLTMmH5mL^2U:^MnH4mL^2V:]MlHl2T7TMjHo2U:4M4L201WCkLW<^3cChLd9IYGN6X4c8hKXGN5_1oNY1j;dNZD\\1f;gNVDZ1i;hNUDX1l;\\NVDSONa2k;ZNZDUOK`2j:XMmE\\1ZOdN2P3d:_OZE>h:BXE>h:ROWEWN1O0h2g:kN\\EZNL42NOh2h:kN\\E[NL230Lh2i:jN^EZNK42n27nLQ:`1VFcNBh2LYM<Lm9_1gF[1POYMo9P2XGe0iNZMX9OYGU2g0b0iNYMV90[Go1_OSNW1e2iNXMW92YGm1l0k0o7WMUGn1l0k0o7WMUGn1k0l0P8VMTGn1m0l0m7XMVGa1]1cNVNI>f1g89RJFn53YJLh53YJMg5L`J3a5L`J3a5M_J3a5GeJ8[5_OoJ?P5\\OXKc0b4cNmFl0b4a0`4@dK?\\4_OgKa0V4BjK>U4BlK>S4CmK=o3_OYLa0_3YOoLg0j2^OXMb0f2@ZM`0c2B^M>o0dNjJk0]4a0i0dNhJl0`4`0h0dNfJm0c4?f0eNfJf0k4e0>fNaJa0S5Q1;_NQJk0i5g06^NQJj0j5h05^NPJk0k5g05^NPJj0l5i03]NQJf0P6m0KYNgI4>d0R6o0HZNgI4>`0W6R1C[NiI25`0c6X1^OWNjIj0i6S1[OTNlIi0i6S1[OTNlIi0i6S1[OUNkIg0k6U1YOTNkIh0l6U1XOROh0n0WOPOl0Q1SOdNX1`1dN^Nn0V2nNjMR1W2mNiMS1W2mNiMS1W2mNZMYJ5j6b2lNYMZJ5j6l1TI]Nh5A\\JMO1i6S2VIjM3<d5Hc1o1YIPNP5M^J2Z7n1UOPNcI0X7P2k600000000000H800000000000001YOg0E;O01O00101N01MTMYC[2[<_M_C67[2Z<nMfCS2Y<mMgCS2Y<mMhCR2X<nMhC:Hf0`<POhC:Jd0^<ROgC:OG3H]<IiCb0O@:2U;LeDLMe00]O`06k:LhDLMe0X1BT:KiDMKe0Y1Dn:GiCe0Y1Dn:GiCe0Z1Cn:GhCe0[1Dm:GhCd0\\1F];9hDDX;9nDDR;;PEDP;;QEEo:8UEGk:8VEFl:7c2O6Ilnm1"}}, {"id": 1, "image_id": 0, "category_id": 0, "bbox": [21.0, 147.0, 137.0, 205.0], "area": 28085.0, "iscrowd": 0, "segmentation": {"size": [522, 522], "counts": "Vk::o?2O2N3M3M1O10001N011O010O0O11O10O0000101M20O01O1O2N1O2O0O010O2N3NO02O1\\OjNjANJY1X>WOjAi0Q>YOQBh0l=XOVBi0f=ZOYBh0d=[OZBf0d=]OYBe0e=Q1mCbMX:a2aEhMZ:Y2dEkMZ:V2cEmM[:T2dEnM[:S2cEoM\\:Q2cEPN]:P2bERN]:n1cERN]:o1bEQN^:P2aEPN_:Q2aEoM^:Q2aEPN_:Q2`EPN`:o1`ERN_:n1aESN_:o0aDnNP13`:l1_ETNc:j1]EWNd:h1\\EXNe:g1ZEYNi:d1XE\\Ni:b1YE\\Nj:b1VE]Nl:a1UE^Nm:`1RE`NP;_1PEaNQ;_1mDbNT;^1kDaNW;_1hDaNY;_1gD_N\\;`1bD`Na;`1\\DaNf;`1WD_Nn;^1PDbNV<[1dChNa<V1\\CjNg<W1SCkNQ=U24M3L4L2M4M2N1O2N3M2N1O2N2N1N3N1O2M4M2N2N3M3N1O2N3M7I;E1N1O10O01O101N1O1O010O0000O1000000O0100000O02N1O2N1O2N3MWWi5"}}]}