{"images": [{"id": 0, "file_name": "images/19758495429_4a31f829cf_o.jpg", "width": 522, "height": 522}], "annotations": [{"id": 0, "image_id": 0, "category_id": 0, "bbox": [194.0, 199.0, 128.0, 122.0], "area": 15616.0, "iscrowd": 0, "segmentation": {"size": [522, 522], "counts": "^TS32W`02O0O2N100O1O10000O100O10000O101O000o@ES>;lAIP>8PBJn=6SBJl=7SBKk=5UBLj=4WBLg=6YBJf=6[BJd=6]BJb=6^BKf<4fB3d0Ib<=dBJk0J^<?dBHo0I[<U1fClNW<V1iCjNU<W1lCjNR<V1oCkNn;V1SDjNl;V1UDjNj;V1XDiNg;X1YDhNf;X1\\DhNb;X1_DhN`;X1aDhN\\;Z1eDeNZ;\\1fDeNW;]1jDcNU;]1lDbNS;_1nD`NR;`1nD`NR;`1oD_NQ;c1mD^NR;d1lD\\NT;g1iDYNX;h1fDXNZ;i1dDXN];i1aDWN`;j1]DVNe;k1XDVNi;k1TDVNn;j1PDUNS<l1hCVNY<m1bCSN`<Q2YCPNj<f22O1N2O00010O001O00100O100O100O1O2N3cNiBA^=4lBFY=0PCLW=JnB4f>M2O1O0O2O000O1000O101O01O000000000000010O0000001O0000001O00001O0000001O00001N10001O1NjdU3"}}]}