{"images": [{"id": 0, "file_name": "images/201611590_4c6d32d0a9_o.jpg", "width": 522, "height": 522}], "annotations": [{"id": 0, "image_id": 0, "category_id": 0, "bbox": [165.0, 65.0, 139.0, 147.0], "area": 20433.0, "iscrowd": 0, "segmentation": {"size": [522, 522], "counts": "eXd26S`03L6L8F=D6J4L3M2N3M2M3N2nMdNSE^1g:hNVEZ1e:lNYEU1d:oNZES1c:oN\\ER1c:POZER1e:oNZER1e:oNYES1g:nNWES1h:nNVES1k:nNSES1m:nNQES1o:nNoDR1R;nNlDT1T;mNiDT1X;mNfDS1[;nNbDS1_;nN_DR1c;nN[DQ1g;POVDP1m;POQDo0Q<c13N2M3M3O1N2O2N1O2N1O1O2N100O1O1O0001O000O100O1O100O2O000O1000000O01000000O10000O100O100O2O0O100O100O1O2O0O100O2N1O1O2N1O101N1O2M2O1O2M3N1O1O2N1O1N3N1O1O1N2O1O1N2N3N1O1O2N1O2dN^Am0d>mNfAm0n>L7J4K2M4M2O2N10001N10001O1O1N3MTP_3"}}]}