{"images": [{"id": 0, "file_name": "images/2146936445_f2f86dcf6b_o.jpg", "width": 522, "height": 522}], "annotations": [{"id": 0, "image_id": 0, "category_id": 0, "bbox": [96.0, 78.0, 292.0, 384.0], "area": 112128.0, "iscrowd": 0, "segmentation": {"size": [522, 522], "counts": "\\Sa13W`000001N100O2O1O1O001O0O2O001O001N2O1O1O2M3N1N100O2O000O1O0010O010O0010O10OgGWOR1j0lN[OQ1d0oN_On0a0SOAj0`0UOCi0<WOFg0;XOId07]OL`04_ON?2BO<2C0;0F091G071H070J140L120eJTOZ33VK8i6a0eJYO^NHd45cK8d6c0eJDR3@jK5^6h0eJDS3_OlK4Y6k0dJGV3YOoK5U6k0fJJT3VORL4S6m0fJMQ3SOWL3b5JQJT1T1OP3POZL2^5_1XKAo2nN\\L2[5`1YKBo2lN^L2X5a1ZKCo2jN_L3W5`1ZKEo2hNaL3T5`1\\KFP3gN`L2S5b1]KEP3gN`L3Q5b1^KFP3eNbL2o4c1_KGP3dNbL3k4e1bKEYO]NU37UM1h4i1dKDWO^NW35VMOg4j1fKDUO`NX33UMOh4j1eKFTO_N[32TMOg4j1eKGUO_NZ33SMMh4j1fKHTO`N[31SMMg4j1fKJTO^N\\31SMMg4j1fKJTO^N]30SMNe4i1gKMRO^N`3KSM1d4i1fKNSO]Na3ITM2b4i1fK0RO]Nd4Kb0i1gK1RO[Nf4Ja0i1fK5ROYNf4Ib0i1eK7QOXNh4Hb0h1fKj0i3]M`0j1fKj0j3\\M`0j1fKi0k3]M?i1fKk0l3\\M=h1hKk0l3]M;i1hKk0m3\\M;i1hKh0P4_M8h1hK`0QOgMQ525f1jKb0oNdMT543f1jKb0Y4gMLg1kKc0Y4fMLg1kKb0Z4gMJg1lKc0Z4gMIe1nKd0Y4gMHe1oKe0Y4fMHd1PLf0Y4eMFf1PLf0Z4dMFe1QLh0X4dMEd1SLl0lN[MV55Jd1ULV1j3VM0d1WLY1f3SM2d1XL\\1d3PM3d1YL_1b3mL4d1[L`1`3lL4d1\\Lb1_3kL2d1_Lb1_3jL1e1_Lc1_3hL1e1aLe1]3eL1g1aLg1\\3bL3g1`Lj1[3_L4h1aLk1Y3]L5i1bLj1Y3]L5i1aLl1Y3[L5k1aLl1X3YL7k1aLn1V3XL7k1cLR2Q3SL;m1bLS2Q3PL=m1bLU2o2nK>m1dLW2l2lK?o1cLX2l2iKa0o1cLY2k2hKa0P2dLY2k2fKa0Q2dLZ2j2eKb0Q2cL\\2j2dKb0P2dL\\2j2dKb0P2dL\\2j2dKa0P2eL^2i2bKb0P2eL^2i2aKc0Q2dL^2i2aKc0Q2cL`2i2_Kd0Q2cLb2g2]Kf0Q2bLe2f2ZKg0R2cLf2d2XKi0R2cLg2c2WKj0R2bLi2c2UKk0R2bLi2c2UKl0Q2`Ll2c2SKm0Q2_Lm2d2RKm0Q2_Ln2c2QKn0Q2^LP3c2oJP1P2]LQ3d2nJo0Q2\\LS3d2lJP1Q2\\LT3b2lJS1o1ZLW3b2jJT1o1ZLX3a2iJU1o1YLY3b2hJU1o1YLZ3a2gJW1n1XL\\3`2fJX1n1WL]3a2eJY1m1VL_3`2dJ[1l1TLb3_2cJ^1j1SLd3^2bJ`1i1RLf3]2aJa1i1QLi3\\2^Jd1i1oKj3\\2]Je1i1oKj3\\2]Je1i1oKk3[2\\Je1j1oKk3\\2[Je1j1oKl3[2ZJf1i1oKo3Z2WJh1j1nKP4X2WJj1i1mKR4X2UJk1i1lKU4W2RJm1h1mKW4U2QJn1h1lKY4U2oIo1h1lKZ4T2nIP2g1lK\\4S2mIQ2h1lK\\4R2lIR2h1kK^4R2jIS2g1lK`4P2iIT2g1kKc4n1gIW2f1kKd4m1fIX2e1lKf4k1dIZ2f1jKh4k1bI[2f1jKi4i1aI^2f1hKk4i1_I_2f1hKl4h1]Ia2g1fKo4f1[Ie2d1eKT5d1WIh2e1cKW5c1TIj2e1bKY5b1SIl2d1aK[5b1PIn2e1_K^5a1mHP3e1^K`5`1lHR3d1]Kb5`1jHT3c1\\Kd5^1iHW3c1ZKf5]1hHY3b1YKh5]1eH\\3c1UKj5]1dH^3[9`LeFb3[9\\LfFd3[9ZLfFg3[9ULgFl3Y9RLgFP4Y9mKiFS4X9kKiFU4X9iKhFX4Z9dKhF\\4[9_KfFb4`:100O1O100O2RKhJ[J1l3W5g1aKRN`4l1gKnM[4Q2jKjMV4U2oKfMR4Z2RLaMP4^2RL_Mo3a2TL[Mm3e2WLVMj3j2ZLQMg3o2\\LmLf3R3\\LkLe3U3`LcLc3]3_L_Lc3a3`L[Lb3e3`LWLa3i3cLPL`3P4bLlKa3S4aLiKa3W4cLdK^3\\4fL]K]3c4iLUKZ3j4iLRKX3o4lLkJU3U5PM\\JZ3d5f301O000000001O000O2O0O100O2N101fMXEoNi:P1YEnNi:P1YEnNi:P1YEoNj:l0XESOl:i0UEVOl:i0UEVOl:h0VEXOk:e0WEZOj:e0WE[Oi:d0XE[Oi:c0YE]Oh:a0YE^Oh:a0YE^Oi:`0WEAi:=YEBh:=YEBi:<XEDh:;YEDh:;YEDi:5\\ELd:FjE9X:EiE:Y:CiE=X:BhE=Z:AgE>[:AdE?^:_OcE`0`:]OaEb0f:VO\\Ei0l:gN]EX1j<01O1O1O1O1O2M2N4L;E8G6IkRT2"}}]}