{"images": [{"id": 0, "file_name": "images/23215390729_089ebdfcf4_b.jpg", "width": 522, "height": 522}], "annotations": [{"id": 0, "image_id": 0, "category_id": 0, "bbox": [135.0, 62.0, 249.0, 417.0], "area": 103833.0, "iscrowd": 0, "segmentation": {"size": [522, 522], "counts": "_RU29n?3O1N2]C0k81bFm0R9SOeF]1S9eNhFd1S9\\NkFh1S9WNjFo1T9QNjFS2T9mMhFX2V9iM\\Ff2d9ZMWFj2i9VMPF^2c:bMVE]2R;cMkDW2^;iM`DV2d;iMZDW2h;iMVDV2m;jMRDT2Q<mMmCQ2V<oMjCP2W<QNgCQ2X<PNdCU2f:]M_Fc3]9`LaFe3[9\\LcFj3W9XLgFn3S9SLlFS4o8nKnFY4m8gKRGb4e8`KYGY5o7gJPH\\5n7dJQH^5n7cJoG^5R8bJmG_5S8bJjG_5W8aJhG_5Y8aJfG_5\\8`JcGY3BUNm8bN`GS37jM]8TOZGm2V;RMjDh2\\;XMcDe2l7kLWK`0lLX2Y8aMeJ6QMi1j8WNPJ0UMg1m8_NjIJWMf1Q9eNcIE[Mf1S9jN]I@_Me1W9SORIXOfMd1Y9_OfHmNPNd1\\9IZHbNZNd1^9MTH_N]Nd1c9LnGaN^Nb1j9JfGdN_Nb1T:D[GjNaN`1\\:BQGoNaN_1b:AkFPOcN^1e:AgFRObN\\1k:BbFo0e9eMoDQ1[1Y1W:`NfE`1^:]NaEb1b:^N\\Ea1g:^NYEa1h:_NWE`1k:aNSE_1n:aNQE^1P;cNoD]1R;cNnD[1T;eNkD[1V;eNiDZ1Y;fNfDY1];gNaDX1a;iN]DV1f;jNXDU1k;kNTDT1o;jNPDU1U<jNhCU1[<jNdCV1]<jNbCU1`<lN^CT13_N`;=\\DU10aNe;;YDU1EQN20Me0n;:^DU2Z;mMeDZ2T;gMkDY2U;hMjDY2U;iMiDW2V;lMgDU2Z;lMcDg10[M];`3dD`L8IT;a3U1M4N100M3O1O10O0N201N2O1O00100O10O101O00O1O100O100O100@_LVDb3a;h0N101O1O1O2O0O1O10lKeDY3[;dLhD]3W;`LmD_3S;_LoDb3Q;[LQEf3i;001O1O001O0O4M10O1O001O100001UESLU9P4dFVL[9j3aFYL_9g3`FZLa9f3VFbLj9a3oEcLR:a3bEeL_:c40O2N1N3L3N3L4L4H8G9I8D;N2O100O1001XIZLj0g3mNdLP1]3gNlLX1U3`NRM`1o2ZNTMh1l2PN[MQ2e2jM^MX2b2bM`Mb2`2XMaMm2`2kL_M]3a2]L^Mi3d2PL]MT4McHY1T3jN^4IbH_1i2hNU5aNUHa0OW2a2hNf5QOlGY2o1nNX6iNiG^2b1oNf6cNjGb2>TMAm1Z8^NiGa24FV8jMgG_21FZ8kMhG^2LF\\8mMlG[2FG_8oMlG[2AFd8oMlG^2[OBk8QNjGS5X8nJhGQ5Y8nJhGIYOf4b1SK`5?eIHZOf4V1]Kk54fII[Of4h0gKW6IgIKZOR55_Kj6DgIL[O[6m6iIjILYOY6n6jIkILXOX6m6mIkILXOU6m6oImILVOS6n6PJnIMTOP6o6SJoILTOm5m6XJQJKROi5o6\\JQJJROf5n6`JQJKQOb5o6dJQJIQO`5m6iJTJGPO]5k6mJWJFoNZ5h6RKZJEPOT5e6XK]JDQOh4i6dKYJDoN^4m6oKVJCPOX4k6TLYJDnNk0]O44hN;2n6b0\\JElN;33Z8MiHFmN5U:6PGFoNNP:9VGISOEd9b0]GIoNG_9?eGKoNCW9d0mGIlNCS9d0THIkNEk8a0]HKiNCh8a0bHKiNF]8`0lHLgNFX8=TILfNIQ8:[INdNIn79`IMdNLg76gIOcNMb73mI1aNK`73SJ0_NL]72XJ1\\NL[72]J0YNNX70cJ1VNMW70gJ1[NCP7;iJ0`7NeHO[70hHL[72_4N3MWWV2"}}]}