{"images": [{"id": 0, "file_name": "images/24155090971_43984bcf4e_b.jpg", "width": 522, "height": 522}], "annotations": [{"id": 0, "image_id": 0, "category_id": 0, "bbox": [168.0, 91.0, 340.0, 425.0], "area": 144500.0, "iscrowd": 0, "segmentation": {"size": [522, 522], "counts": "oge24R`07J4N2N3N001O0010O001O001O001O0001O0001O0000010O0000001O01O00000000000010O0000000000001O00000010O000001O01O01O010O0000010O0001O010O000010O0001O010O0000001O00000O2O0O1lI[OcF3h5c0[30`L0Z38cLIY3<eLEX3?gLBU3b0iL_OU3c0jL_OS3c0lL^OR3e0mL[OQ3g0nL[Oo2g0QMZOl2g0TMZOk2f0VM[Og2g0YMZOd2g0]MZOa2f0`MZO_2e0cM\\O[2c0gM]OW2a0nM_OP2<VNEg16`NK^12eN0Y1MkN4S1JoN8o0FTO;i0CZO?d0^O_Od0?XOEi0:UOIk06SOLn02QO0Q1NnN3S1LkN6W1HhN9Z1EdN=_1@`Na0g1XOXNi0m1RORNn0R2oNnMQ1U2lNkMT1X2iNhMW1[2eNeM\\1^2aNaMa1`2^N^Mf1a2WN`Ml1_2QNbMV2Y2gMgM^2X2_MhMe2X2WMiMl2V2QMjMR3U2lLkMW3U2gLjM^3U2]LlMg3S2VLlMo3S2nKmMU4S2gKnM\\4R2gJfMPM9Z8T2XJSNTMLg8`2YGTM`1h1Y7i1VGfL2U2j8n4UGZI`7m7M0OO01OO01N:G9G5K3McFbIo8o62N1M2N001O2O000O01N2O1N1O1O001O1O2N2OO010O1O01N3M101N1O2N1O2N1O2N1O2N1O1O1O1O1O1O1O1O1O1O1O2N2N1O1O2N1N2O2M2M4D<A?H8K5L3M4K5M2M4L3M4L5K4L5J6J6I7K5I7J7H8I7H7H8E;G9G9H`0A<H7J1N010O0100O001O100O2O1N2N101N1O10O00001O000010O100O2O0O3M2N2O1N2N2N2O1N2N2N2N2O0O2N2NdNlAc0T>[OnAf0P>ZORBf0m=YOTBg0k=ZOUBg0i=YOYBg0f=XO[Bh0d=ZO[Bf0d=[O]Bd0c=\\O]Bd0b=]O^Bc0a=^O_Bb0a=^O`Ba0_=@aB`0^=AcB=^=DaB<^=EbB;]=EdB:]=GbB9]=GdB8\\=IdB6]=JdB4\\=MeB1[=0eBO\\=1dBN\\=3dBL]=4dBJ\\=7dBH]=7dBH\\=9eBE\\=;eBB\\=>fB_O\\=a0eB[O]=f0dBUO`=j0P11000O0010O01O001O1O001O2N0O2O1N2N2N2N2N3M3K^g6"}}]}