{"images": [{"id": 0, "file_name": "images/24464089355_764a51a12a_b.jpg", "width": 522, "height": 522}], "annotations": [{"id": 0, "image_id": 0, "category_id": 0, "bbox": [53.0, 50.0, 391.0, 314.0], "area": 122774.0, "iscrowd": 0, "segmentation": {"size": [522, 522], "counts": "i[k01W`03N2O0O101O0O1000000O10000000000000000000000O100000001O00000000000001O00000O10000000O1001O0000000000000000000O10000000000000000000O100000O1000000000\\MIUE7j:KTE6l:KSE4m:MSE3m:MSE2m:OSE1m:OSE1l:0TEOm:1SEOm:1cD>^;B^D`0c;A[D`0f;@RDM`Nd0^=_OoCk0Q<UOmCn0R<ROkCP1V<POhCR1W<oNgCS1Y<lNfCU1[<kNbCW1_<iN^CY1c<gN[CT1l<lNSCT1n<lNoBX1o<hNQCY1o<gNPC[1o<eNPC`1l<`NQCe1l<[NTCf1l<ZNRCh1n<XNRCh1m<YNRCh1n<XNRCh1n<XNRCh1m<XNSCi1m<WNRCj1n<VNPCl1o<TNQCm1o<SNoBo1Q=QNoBn1Q=SNnBn1R=RNnBn1Q=SNnBn1R=RNjBR2V=a00O10O010O1O0O10O0101O1N101O1OO0O201O01O1O001OO1M4O0001O10O000O2M201O001N10001M2L5N110O000010OO2M2010O01O00010O0N3O10O10O010O001M2O20O10O0@mAjNT>U1mAhNU>Y1lAeNT>\\1lAbNV>R1mAmN]>S1bAnN34f0Lj;R1^CoNM9h0Ik;o0_CGc0\\Ol;n0`CHa0]On;k0aCI1L\\<<bCo0]<QOcCQ1Z<oNfCS1Y<lNhCV1U<jNkCX1T<gNmC[1P<dNRD]16\\MX;V1bD`15[MW;U1eD25HMSOX;S1fD1:FFXOX;Q1iD1<E@[OZ;n0kD1>GZO[O[;m0mD2`00c:NmD2b0O`:NoD3c0M]:1PE2g0IY:5PE1k0HS:8RE0m0FP::SEZOI0W1;l9:UEZOJ0W1;i9;VEZOJ0X1:g9=WEXOLOY1:d9?WEWONOX1;a9?ZEWOMOZ19_9a0ZEVOOOY19^9b0ZEUO0O[18Z9e0ZETO2N]18V9f0[ETO3M^17S9i0\\ERO4M`16P9k0\\EQO6M`15n8m0]EoN6Nb15i8o0_EmN8Mb16g8P1_EkN;M`18f8P1`EiNg26h7R1jHnNV7Q1kHoNT7R1lHnNT7R1lHoNS7Q1mHoNR7R1nHnNR7R1nHnNQ7R1PInNP7R1PInNo6S1QImNo6S1QImNn6T1RIlNn6T1RIlNn6U1QIkNn6V1RIjNn6V1RIjNn6f0[E^Og3Lm6e0`E]Oc3Nm6d0aE^Oc3Ml6d0bE_Ob3Mk6d0dE_Oa3Mk6c0dEAa3Mj6a0gEA_3Ni6a0iE@_3Oh6`0kE@]30g6a0lE^O^31e6a0oE]O\\32e6`0PF]O\\33d6?SFZO[37a6`0VJ@j5?WJAh5`0XJ@h5?YJAf5>\\JBd5>\\JBc5>^JBb5>^JBb5=_JC`5>`JB`5=aJC_5<bJD]5<dJD\\5<dJD[5<fJDZ5;gJEX5<hJDX5;iJEW5;jJDU5<lJDT5<lJDS5<nJDQ5=oJCQ5=PKBo4?QKAo4?RK@n4`0RK_On4b0SK]Om4c0\\51O100O2N100O1O1O10000O1O100O1O100O1O100O100O01YOUAOj>2XALg>4[AKe>5]AHc>8`AE`>;dAA]>>g000000001O010O001O01O0001O000001O01O000000001OO2O00000001O000001O00000000000O1O2O000O1O1O1O100O1N2O0O2O1O100000O10N2O1^Oa000101O0O2O1N3M2N3M4K6IgfW1"}}]}