{"images": [{"id": 0, "file_name": "images/2491631096_d7a34fd31b_o.jpg", "width": 522, "height": 522}], "annotations": [{"id": 0, "image_id": 0, "category_id": 0, "bbox": [131.0, 164.0, 284.0, 202.0], "area": 57368.0, "iscrowd": 0, "segmentation": {"size": [522, 522], "counts": "^SS2<f??_O>H5K4N1ON2M0O30WOgNcBY1_=POWBP1l=e01O20O00O11O2N2N2N2O1N2hNjMZDW2d;lMZDV2c;kM]DU2b;nM\\DS1^OUOT<J\\Dl0JWOg;0^Df01XO_;4_Dc06VO[;8^Da0<SOU;>]D?Q=BnB>S=AmB?S=BlB=V=CiB=W=CiB=X=CgB=Z=BfB>Z=CeB=\\=BcB?]=BbB>_=AaB?_=B`B>`=B`B>`=B`B>a<QOiCa0F>[<ZOmC7H?X<@mC2J>W<CnCOK>U<EPDMK>S<HQDJL>R<JRDHK>S<LPDFM>R<NQDCM?R<OPDBN?Q<2oC@O>R<3oC^OO?R<3oC^ON`0R<4oC]ON?S<5oC[ON`0R<7PDXONa0R<7PDXONb0Q<7QDWOMc0Q<ZOlC46OMe0n;TOVD7N0Of0k;QO[D8K1Nj0i;kNaD:G2Nk0h;hNeD<D0OR1b;`NnD>@00S1a;^NQE?]O00V1b;UNUEg0WOO1X1_<iN^C11Y1`<A^Cc0_<f1O_ObCUM^<^2cCZM92R<d2fCYM84R<l2iC[MU<g2iCYMX<h2eC[MY<\\30000000QOgClMY<S30000O010000O1ZOfC[MZ<[30XOfC_M[<_2mCXMT<g2oCPMFL`<S3jCTMV<l2iCVMW<h2kCVMV<j2lCQMX<n2gCVMV<j2iCYMU<h2jCVMX<j2jCPMZ<Q3cCRMGO_<o2jCXMV<i2lCmLF3^<P3e01\\CmLo;S3PDnLP<R3QDnLn;S3RDlLn;T3d0001O00000000001O0000000000001O00000010O00000001O000000000001O000001O000000000001O0O1000000O10001O000O10001O0000000000O101N100O00100O10N11O0100UMQCY2P=hMTCH2l1k<[NcCd1]<]NcCb1^<^NbC`1_<`NbC^1_<cN`C]1a<cN_C[1b<eN_CZ1b<fN^CY1b<hN^CW1c<hN^CW1b<jN^CT1c<mN\\CS1e<lN\\CT1d<lN]CR1d<mN]CS1c<mN]CS1b<nN^CR1b<mN_CS1`<nN`CR1`<mNaCS1^<mNcCS1\\<nNdCQ1\\<POdCP1[<POfCo0[<QOeCo0Z<QOgCo0X<ROhCm0X<SOjCl0V<TOjCl0U<TOlCl0T<SOmCm0R<TOnCk0R<UOoCk0P<UOQDk0m;WOSDi0l;WOUDi0i;XOXDh0g;XOZDh0e;XO\\Di0b;WO^Dk0`;UOaDl0\\;UOeDl0Y;TOhDn0U;ROlDP1Q;POPER1m:nNTES1k:kNWEV1f:kN[EW1b:hN`E[1\\:eNeE\\1Y:cNiE_1U:_NmEd1P:YNSF4TNR1h;eNXF8SNR1e;aN]F<nMT1n=lNTBU1i=kNXBV1f=jNZBW1e=jN[BV1d=jN\\BX1b=hN_BX1a=gN_BY1a=gN`BY1_=gNaB[1]=eNdB[1\\=dNeB\\1Z=dNfB]1Y=cNhB_1U=aNlBc1P=[NRCf1l<ZNUCa0A8W=WOYCa0C8Q=VO]Ca0L3c<\\OaCb0O1]<]OeCb00OZ<_OgCb02KW<BjCb02FV<HiCb08UORO2P=7gCa0a=_O`Ba0`=]ObBc0]=]OdBc0[=]OfBc0Z=[OhBe0Y=XOjBg0]>0O2O2O2N1N2O10M5K6G^Wf1"}}]}