{"images": [{"id": 0, "file_name": "images/25328065892_f5e939803a_b.jpg", "width": 522, "height": 522}], "annotations": [{"id": 0, "image_id": 0, "category_id": 0, "bbox": [167.0, 288.0, 77.0, 61.0], "area": 4697.0, "iscrowd": 0, "segmentation": {"size": [522, 522], "counts": "[]e2:o?4L2N2O2M2O001O001O1O1N2O001O00001O0010O01O010O0010O1O10O01O100O1O1O100O100O01001N1O001O1N2O1O1O1O100O1000O010O1O2N1O1O2O0O1O1O101N1O10^Oe@3[?Mg@2X?Ml@1T?Nm@1S?Oo@0Q?OQANQ?1PANP?2f0Ng\\]4"}}, {"id": 1, "image_id": 0, "category_id": 0, "bbox": [294.0, 200.0, 30.0, 53.0], "area": 1590.0, "iscrowd": 0, "segmentation": {"size": [522, 522], "counts": "QSf4a0e?8H5L3N3M2N3M2O001O0O11O00010O0100O100O01O1O1O1O2N3M4L4K7F[gT3"}}]}