{"images": [{"id": 0, "file_name": "images/2692921957_c2d6187094_o.jpg", "width": 522, "height": 522}], "annotations": [{"id": 0, "image_id": 0, "category_id": 0, "bbox": [9.0, 7.0, 504.0, 479.0], "area": 241416.0, "iscrowd": 0, "segmentation": {"size": [522, 522], "counts": "Rh4d1o=^NVB2Mn1g=f0CYMhBk2S=XMkBk2R=8JkLSCY3i<8L2O0O1^C\\L21OOQ<h3oCcLm;]3QDeLn;n3L4M4M3L2N2N3N1N2M4L2O0O5L2VEbJ92m9a5SF`Ji9c5XF\\Jg9e5XF\\Jg9f5PFWJ54j9k5RFVJo9i5PFWJP:T6N1N001O2N2N00I8O07J0OI80WGjI]7W6aHPJZ7Q6_HUJ_7l5gGfIe0=a7P6iGdIe0=`7R6hGdIf0<`7Q6jGcIf0<_7Q6mGbId0=[7U6QH]Ie0>Y7V6QH^Ie0<Y7_6gHaIY7_6hH_IY7a6kH[IT7f6hH^IW7c6hH^IX7b6hH^IW7b6kHoHXO;l7g6kH^IS7c6mH]I]O@_7S7UI\\I\\OA^7S7XI[IYOC^7S7WI\\IZOC]7R7XIdIh6[6ZI\\IXOD]7P7]I[IWOD\\7R7\\IZIWOE]7Q7[I[IWOE]7S7[I_Ie6a6[I_I\\OYOQ7Z7bI]I\\OZOR7Y7aIeI^6]6bI\\I]OXOQ7]7bIYId6k6lH`H4d0o6R7gH\\H9b0G[OU7V9KUOPI_Ho6^8O10000OASIcGm6]8RIdGn6l8O100XIeF`6]9[IdF01d6l8\\I^G5D_6l8`I_Gg6a8YI_Gf6b8ZI]Gg6d8YI\\Gd6f8\\IZGd6j8ZITGe6l8]ISGc6n8\\IRGc6o8<2M2O1O3M1gIbFc5b9ZJ^Fb41PKOm0c9b4bF^K_9_4dF`K^9^4dF_K^9`4cF_K_9^4bFaKa9\\4aFbKa9]4_FcKb9\\4^FcKc9]4^FbKc9]4_FaKb9^4^FbKc9]4]FcKd9\\4]FcKd9\\4\\FdKe9[4[FeKf9Z4ZFfKg9Y4YFgKh9X4XFiKh9V4XFjKh9V4XFjKi9U4WFlKi9R4YFnKg9Q4YFPLg9P4XFPLi9o3WFRLh9n3XFSLh9l3WFULi9k3WFULi9k3XFULg9j3ZFVLg9i3YFWLg9i3XFYLg9g3YFYLg9g3YFZLf9f3ZF[Lf9d3YF]Lg9c3YF^Lg9a3ZF^Lh9`3XF`Lj9^3VFbLl9\\3SFeLW:Q3iEQMW:m2iETMW:k2iEUMX:j2iEVMW:i2iEWMX:h2iEXMW:h2hEXMX:h2iEWMX:h2iEYMU:g2kEZMT:f2lEZMT:f2lEZMU:e2lE\\MR:d2nE\\MR:d2nE]MQ:c2oE]MQ:c2oE^MP:b2PF_Mn9b2RF^Mn9b2SF]Ml9d2WFYMi9g2WFZMg9g2ZFYMd9h2^FWM`9j2`FVM_9k2bFTM]9m2cFSM]9m2dFRM]9l2fFSMY9m2hFSMW9m2jFRMW9n2iFQMX9m2jFSMU9m2lFSMT9l2lFTMT9m2kFSMV9k2lFTMT9l2mFTMS9k2nFTMR9m2nFRMR9m2oFSMQ9m2PGSMo8m2SGQMm8o2TGPMl8P3UGoLaN\\OV:e3[GnL]N_OV:d3^GlL\\N@V:d3_GoL`8R3aGnL]8S3dGfLZNEP:g3gGcLYNFn9i3iGbLXNEl9l3mGcLP8`3RH^Lh7h3YHWLf7j3ZHVLe7l3[HTLd7l3]HSLb7o3^HPLVNDV9\\4eHoKa7Q4_HPLa7n3aHRLPNEZ9Y4fHVLZ7j3gHVLX7k3hHTLX7l3iHULU7k3kHVLoM_OQ9[4PIYLR7f3oHZLP7e3RI\\Ll6d3UI^Lh6b3YI]Lg6c3YI]Lh6b3XI_Lh6`3YI`Lf6`3ZI`Lg6_3YIaLg6_3ZIbLe6]3\\IeLb6Z3_IfL`6Z3`IdLeMXOk8S4aIhL`6V3aIjL_6U3bIkL_6S3aImLa6Q3`InLb6P3_IoLc6o2]IRMc6m2^IRMc6m2_IQMc6m2^ISMd6j2\\IVMe6i2\\IVMf6h2\\IVMg6f2[IXM[M]OX9X3]I[M[M]O[9V3ZI\\M[M^O]9T3YI]MZM@_9P3XI_MYMB`9m2XIaMWMBc9k2VIcMVMCf9h2UIdMVMCi9e2RIfMVMCn9c2mHiMUMDP:a2lHkMZ7T2fHlMSMDT:^2jHmMRMFT:\\2kHmMQMHU:Y2kHnMPMIV:X2kHnMoLJW:V2kHPNmLJ3NP:W2QIPNlLK3NQ:V2PIQNlLK\\:S2iHQNkLM\\:Q2jHRNiLM3NU:Q2oHUNhLL4OU:o1PIZNkLGV:n1oH[NkLG2Nm9o1WI[NjLH0NT:l1RI^NjLG01U:h1SI^NhLI10U:h1SI_NfLI2OX:g1QI`N_7]1bHbN`7\\1aHcNbLNg:^1hHkNX7T1iHbN`L3i:Y1mHhNS7W1mHhNT7X1lHhNU7W1kHjN[LJd:\\1RIiNYLM2O[:[1ZIiNYLM20[:Y1ZIjNYLN1O\\:Y1[IiNXLN2O\\:Z1ZIjNVLM5OZ:[1]IgNTL04N[:[1^IlNVLJ[:Z1`IkNULKZ:[1aIkNTLKZ:Z1cIkNRLKZ:[1eIoN[6Q1fIhNoKNZ:[1hIeNPLNW:_1iIcNoK0V:^1kIcNnKOV:_1nIfNQ6[1QJdNm5]1SJcNm5]1UJaNj5`1WJ_Ni5a1XJ]Ni5c1_40000000PF[N\\5d1dJ]N[5c1fJ\\NZ5d1gJ\\NX5d1iJ`NR5`1QK_Nm4a1SK`N\\KKZ9e1YKbN[KLZ9b1[KQO\\4P1eK_N[K7o8Z1gK]N\\K;j8X1kK]NYKOM;m8Y1mK_NWKL0=k8X1nKcNWK6j8W1PL]NUKc0j8P1QLXOk3i0UL^NUKO5LN9a8^1XLcNUKK16`8\\1ZL_NTKL1059NFV8f1`MdN`2\\1aMgN[2Y1eMhNZ2X1fMjNW2W1jMiNS2Y1PNdNl1`1UNZNQJIi7o1XNTNj1P2U63M300O100O11O0000O100JdM^B\\2`=iM\\BX2`=;003M1O000000L\\MaBe2^=4M3L4O0O2N30O00O1L40hLRCU3m<kLSCT3k<oLUCQ3j<PMUCR3k<mLVCR3e<jL]C0Mi00g1e<T1H]LdCf3\\<^LcC_3e9]LQIO[M10a0O]2e<bM]CDNc2d<`M\\CLb0^2R<fMTDZ2l;fMSD]2^8]MaIO_NOlN11i2m8]MRII]N7e0n2i7SMUIH]N7e0P3b7jL[G8b2McNJlN2On2e8PM[G5W4KkKQ3b8PMhKOfKT3Q8lLQH3NOZ4NfKV3k7oLSH5^4FcKX3g7ZMhLk2V3UMbJ0]Ol2l5XMgJJ_Oo2f5aLdHe0X2I@R3c5`LeHa0e4P3e2_LfH>h4T3_2PMbMQ3V2^LRIb0b4]O^K1Nc3m6PMlMBWK_3i6QMnM[3m1hLRN[3j1fLWN\\3h1]L^Nf3_1WLdNl3XOeKdM=X3Q4nNmKaM0c3V4dNYL_MBm3Y4VNcLbMXOY4Y4PNeLjLbNc0c0c4X4lMQNU2S2gMnMX2V2dMjM\\2Z2aMjKjM4f4U4VMfJeMR1b01c4Z4QMkK`NI^4`4mLhKhN@a4k4dLeKmN]O`4Q5`LbKQO\\O_4V5\\L^KWOWOQ4AYKl5^1RKV5WOTIm5d1iJX5h5eJWJ[5m5`JTJ`5P6\\JoIe5T6YJkIg5[6SJfIm5]6nIdIS6^6jI_IZ6d6`I^I`6f6VI`Ik6e6kH_IT7k70002N1O1O0O3N2N1O1O2N1O1K5M3O001N2N1O3M3K5L4N2O100O1O0O2O2N1O1N2O1O2N1O1O1O101N2M2O2mNVEcLk:Z3\\E`Le:_3aE\\L`:b3l063ULjC`3]<[LcCc3_<]LaCa3a<_L_C_3c<aL]C]3e<cL[C[3d<41L6L6hLSC1Lh2U=XMkB10f2V=]MkBa2`=O2MG_MlB_2T=dMfB_2_=_MgBY2g=eMSBU2R>NEmMcBQ2l=N3L3N1O3M3N2M3M6I8jNk@;2Hkm4"}}]}