{"images": [{"id": 0, "file_name": "images/30530345785_1121c9f0a1_b.jpg", "width": 522, "height": 522}], "annotations": [{"id": 0, "image_id": 0, "category_id": 0, "bbox": [8.0, 133.0, 474.0, 382.0], "area": 181068.0, "iscrowd": 0, "segmentation": {"size": [522, 522], "counts": "g_45S`03N1O0O10010O00O110O010O0010O10O1O0100lANo;2PD0P<OoC3P<NoC2R<NnC2R<MRD0n;0VDKj;6VDJi;6XDJQ82^I4ZNH`86TI2\\NJ_84UI2\\NJ_84TI3]NI_84TI2^NJ^84TI2^NJ]85UI1^NJ]85TI1`NJ\\85SI2aNH]86QI2cNH\\86QI2]NI[NNX:6YHMnM6U1Ji83SHOnM3W1Kh83RH0oM1m;OSF1oM1n;NRF2PNOZ1Jh86lG1SNOX1Ki85kG2SNNY1Li84jG2TNOX1Lj83jG2TNOX1Lj83iG2VNNW1Ml82fG3WNOV1Mm81fG3WNNW1JXN1d:4fG2WN0W1IXN1d:5dG2YNOV1JZNNd:7cG1ZNOT1MR93_G1[N0S1LT93^G1[N0S1LU92\\G2\\N0T1LT93[G1]NOT1NT92ZG1_NOS1NT92YG2`NNS1MV92WG3_NOR1MY92UG1aNNR10X91UG0aN0R1NZ91RG2bNOR1M[93PG1cNNR1O[92PG1cNNQ10\\91PG0dNOn02^9OPG0cNOP12]90nF0eNNo03_9NmF0eN0o0Ob91iF1fNOn00c90iF1eNOo01c9OiF1eNOo00d91fF0hNOn00d91fF0hNNP10c91eF1hNNn01f90dF1gNOo00f90dF0hN0m01g90bF0jNNm02h90aF0jNNl03j9N`F1iNOm01k9O_F0jNOl03k9O^FOkNOk03m9O]FOjNOm00bNJ[;7\\F0jNOl01cNI[;7[F1jNNm02Q:OXF0kNOk03R:OWFOlNNk04S:OUF0lNNl03d0H\\76XH1lNNi06e0H]73XH2mNMg07g0H]73WH1nNLf0:f0H_71WH0nNNb0>h0Da70WH0nNN`0?j0Cc70TH0nNO>a0l0@e70SH0nNN=d0k0_Oh70PH0oNN=c0m0_Oh7OoG1oNN;e0n0]Oj7OnG0POO7h0Q1YOk70mG0POO6h0R1YOl71kGOQON5k0Q1XOP8OiG0POO4k0T1SOS83eG0POO2m0T1ROV82dG0PON1m0W1SOU82cG0PONOo0X1QOW82bGOQOOLP1Z1POX83_GOROOJQ1]1nNY83^GNRO0JQ1\\1mN]84[GNRO1GR1_1kN]84[GNQO2FR1a1jN^85YGMSOOFU1^1lN_85ZGKSOMFX1^1kN`85YGKSOMDY1`1jN`86YGJSOLC[1a1jN`86XGIUO\\1S1eNa86XGGUO^1Q1bNf89TGGSO_1T1aNe89TGGSO^1R1dNh88RGFRO`1T1aNi89RGCQOd1S1aNj89RGAQOe1S1aNk8NeE4j1_1E_Nm8OdE3f1a1I\\No80bE3d1b1K[NP9ObE4a1d1LYNR9OaE5]1e1OYNS9MaE5Y1h13UNa4IdN5`K4V1j14UNEMe3LL4`K5T1j15TNEOf3JL4`K5S1j15UNFN\\8NfF5R1k15SNIOR4JQO3nK6o0l17QNI1S4JkJO10l33WL5m0n18oMH3U45jJDd32aL4j0P29PNG3W4:[N_OdL5g0Q2;mMI4W4;YN^OeL5e0R2<nMI2Y4>UN[OhL5c0S2>mMI1[4?SN[OiL4`0V2?kMI3\\4>RNZOjL4>W2`0lMI0_4b0nMUOmL7:X2a0kMJNc4d0jMTOoL67Z2c0jMJNd4f0gMROQM64]2f0gMINf4g0eMPOSM72]2g0gMIMh4h0PNVOdLb2h0eMLIk4k0mMTOaLe2k0cMLIl4k0_MnNVM5Fh2l0bMKIP5HXJR1Q3nNZMV3`0[MKHZ5h0mLPO]MU3a0]MIF]5i0XMT2bM^MHB\\OKS6Q1TMW2cM\\MIBd5n0kLV2gM[MI@f5R1dLV2mMXMHAg5T1`LT2PNXMD[OE5X6U1ZLW2SNUMFCo5T1SLU2WNUMH@o5V1QLW2WNTMGAP6U1PLW2WNYL^Ok0:AQ6U1lKX2\\NSM_OTO4<W6U1eK\\2`NPM@TO2;\\6S1RKm2PObL@TON;b6T1iJP3UO_LB]Oe6T1\\JV3]OZLB[Og6U1lIb3KoKBZOi6S1^IP44fKDWOl6b0SIXO1i5<WKCUOn6GRIh00]5=\\Kb6^NRIR7<_Jd6^NPIS79_Jj6^NnHQ78aJR7[5nHeJS7[5kHfJV7]5fHcJj0^N^5m6dImJn0VN_5l6cIjJ1YN`13X4i6XJjJb1aNS4g6ZJgJc1dNQ4f6\\J`J0cNb1:Q4d6]J_J1aNn00@?T5a6]J^JQ1dN]O>R5S8]K^GVOO:a0R5S8^K]GCb0o4P8^K^G@c0U5n7SK^G_O47b0U5l7^KaG[Od0W5h7bKcGVOe0Z5h7YKcGXO30b0`5h7XKeGWOj0c5a7WKdGXOg0c5f7eJaG11JNK=l5R8_JbG00I:o5T8YJaG7=`5o7dJeGB:k5R8dJdG@7P6U8`JdG_O6R6V8`JfGUO:[6R8_JcGXO9Z6Z8PJ\\G14R6b8lI[G10V6e8aIYG31l6f8RIYGV7e7gHZI_7g6cHWI]7i6dH]HL?1@4NS7d8iH^G40o6j8oHXGONj6k8WIXGNMk6k8WIWGk1MR3Z8QKUH2Ci12R3V8VKjGMO5Le19Q3S8YKeG01l1:j2R8`KfGd1:k2Y8VK_Gn19k2b8UMRGVNNh4Q9Z2OjJPGS3n8QMQGo2i8PKWGV7j842eHTGV7Q9RJPG_4S9[1001N1O1O101O3L101UIgFc6X9^IfFc6[96000O2O1O1O1O0000000000001N10000000O1100O1O2N1O1O000001O01O000001O0000001O00000000001O00000O101O001N101N101O001N101O001O00001O1O1O1N101O1O1O1O1O2N1O1N3N1O1O3M1N3N1O1O0`GXH^8k7O1O0O2O2N001O1O1O1O1O1O1O1N2O1O001O1O1N2O1O1O1N2O1O1O1O1O1N101O1O1O1N2N2O1O0O2O1O1N2O1O1N2O1N2N2N2O1N2O1N2O1N2O1O001O1O1N101O`FWJJEG3U8P6SHaJF]O21O1W8o5lGjJIXO2O2OY8n5jGfKR8Z4mGjKQ8U4lGRKMC^8X5fGTKOUOM02M^8i5cGVK0B1]OV8i5iGZKNC0]OX8e5iGULOUNZ8e5fGVLa8i3_GXLb8e3_G[Lb8c3^GSLn8j3SGhK^9V4aFkK`9S4aFmKa9Q4^FPLd9m3]FSLe9j3\\FVLi9d3XF]Lj9`3VF\\LT:]3lEcLZ:W3eEkL^:Q3bEPM_:o2aERM_:l2aEXM^:f2`E^M`:_2aEbM_:\\2aEeM`:X2bEaMf:]2XEfMj:W2VEmM3^N\\:c3bEQNN^N2OW:e5fE[J]:]3cEhN`:S1cEROZ:k0gE_NLgNd:f2`EoMK_Ol:@`El2LVNMmN04g:McEi2J\\NHlN32g:MhEb2GgNFhN42e:NlE]2DROLbN`0O[91hFU2DZOJ_N>:T9HUGn1BBF]N`0>o8DaGf1]OK;gNi8HcG_1]O1X:bNUFM]OOAg0h0\\OYO_1k:bNnELVO016g03XOGi0l1Q:WNPF2UO4W15QO^1b:WNRF`0WOE8c0LR1a:WNTFn0ZOL1P1JSNb:2YFc0TOE6d00T1\\:PNZF2UO90L4GKl06W1[:nMZFe0WOC3f02SOKj1_:TNYFg0XOA4e0JSO=l1T:TNXFh0YOA3g02POLm1]:SNYFf0[OC1g01QOMm1\\:RNZFf0[OB2h07o0Q:PN[Fg0\\OB1h07P1j:gNnDA1i06P12oMW:g0`EB0h00nN0R25oMG2a:f0cEA0h07TODd17ZNJNb:g0cE@3f03SOGg15[NIMc:h0bE@4e02TOGj11YNMNa:f0dE@3g02SOGj11WNO1^:d0fE@3h02QOGm1NWN01_:?aEZO:6Ok08`1m9TNcE\\O94Ol08`1m9dMbE91C94Ol08`1m9dMbE91C95Nk09]1P:gM_E<;E07FOk0ITOT17lNa:0XE<;E05I0h0IUOU10gN35e:OWE:1B:6O6J0g0IUOX13nNc:E\\E9OH=5K7J1f0P2YOeMf:NcE7M5K5b0U2X:YMXE8NHOV1a0d1`:^MoDIOU1c0c1V:XM\\E7LH0b0N1c0T2W:^M[E3361FJNa0l1]OXNOOS;ORE4362DJ0`0\\1FeNJOY;1iD7O54DI1a0[1FfNHO\\;LkD;I87I:T1FmNHFb;m0gD\\O8V1DRO^;;gD^O4U1O`NGNd;n0cD_O3CC\\1b<@kCYOCMc0V1S<RO^CLd0JMU1T<oNXCL55Z1n0o;oNZCNL0^Og0L[O^>0^Bc0g=_O_ALg0?m=JZ1O3Hn_O3U`0OPPd0"}}]}