{"images": [{"id": 0, "file_name": "images/32627131761_d5d99b09da_o.jpg", "width": 522, "height": 522}], "annotations": [{"id": 0, "image_id": 0, "category_id": 0, "bbox": [201.0, 47.0, 104.0, 469.0], "area": 48776.0, "iscrowd": 0, "segmentation": {"size": [522, 522], "counts": "hfV39f?e0D;E>B7J7H=UCaMT;m2SDhMc;i3F7I9H4L4K9H4L4L4gJ[JkKMc2k5\\1^JhK3e2c5^1^JdK`0c2U5e1QLYNT4U1gISLW2f2V4S1fISLX2g2U4U1XLiNj3QO`I3;XNg1`2a4PO`I]NHg1=bNo1Q2^4VOcI8NeNU2f1\\4ZObI:LmNY2W1Z4@bI<IDl1:j4DcI=FN`2UOY4>bI`0D2Z:[OTFc0C5V:WOWFe0B7U:ROZFg0A:R:nN^Fh0A=o9gNbFm0_O>W8gNUHN5m0A`0c7[O`HVO=P1BZN3\\1\\7:]HPOc0P1=_Ob6h0WHjNk0P1`0TOc6P2nHmNd0eNf6]2gHPOg0TNl6j2^HTO\\9j0dF\\OV9c0kFNe81[G3b8K_G:^8DbG>^8_OcGb0]8\\OdGf0[8YOeGh0\\7jLcG5`0W2b0k0Z7UMSHn1d0V1E_MV5GaJc1d0^1TOUNT5mNRK^1g0P4POQJ_4c0hKY1k0R5P3eIULV1m0X5k2cIXLS1n0\\5l2\\IWLW1n0_5P3aHfK>>`1m0b5[3bHlK9]OS1]1S6c4fI^KZ6i4^IXKa6W5PIjJo6`5fHbJX7Y7O1O1O1O100O100O100O10000OmNWIgHi6U7`IeHa6X7dIfH\\6X7jIdHV6Z7QJ_HR6^7_1M2N3N2L4N1O2N2L3N3L4I7J6J6K7H;G>cKlDi2a;kLWED\\OY2c;oMmEk0Q;POWE<[;\\OW^^3"}}]}