{"images": [{"id": 0, "file_name": "images/3355937373_fd7477ae16_o.jpg", "width": 522, "height": 522}], "annotations": [{"id": 0, "image_id": 0, "category_id": 0, "bbox": [166.0, 136.0, 175.0, 269.0], "area": 47075.0, "iscrowd": 0, "segmentation": {"size": [522, 522], "counts": "_od22V`03M3M4L8H4K5EVOPAn0j>=M3M3M4M1N2O1O1N2O00000O2N1O1M3N3OO0cNTB>k=BWB=f=E\\B:c=G_B6a=JbB3_=LcB3]=McB2]=NgBNZ=2hBKY=4jBIV=7nBDR==\\10O2M4M2000001O00000oNlNlBU1S=oNiBR1W=POgBP1X=UOcBk0]=@VBc0i=n010O1O010N2YOfM_CY2b<iM\\CV2e<mMYCQ2i<PNUCo1m<RNQCl1Q=VNmBj1S=YNhBi1Y=YNcBg1^=<500O02N3XO\\MgCg2W<]M`Cj2_<XM^Cj2a<YMZCj2e<>N2N2O1N2O2N0001N11O0001N1F;C=J6M20000000O1O0001O0I8M21L4M4N100O1O1001N2N2N3M4M2O1O1O2O001O1O3M2N1N10O100O1O1N3N3M4L2N1O2N2N3M2N2O1O3M2N2L4M3M3M3M4L4L3M4L6J2N1100O01O01N1\\NRDkNn;Q1[DjNd;T1bDiN_;^O]D?=MW;_OaD<b03m:^OdD;e05h:ZOgD:k09b;BfD:Z;DkD9U;FnD9Q;ESE8o:EUE9`=M3MUok2"}}]}