{"images": [{"id": 0, "file_name": "images/34588465600_94f2de54ff_o.jpg", "width": 522, "height": 522}], "annotations": [{"id": 0, "image_id": 0, "category_id": 0, "bbox": [152.0, 92.0, 361.0, 377.0], "area": 136097.0, "iscrowd": 0, "segmentation": {"size": [522, 522], "counts": "bl]26Q`07K3M3M3N1O1N3N1N2O1N2N101N2O1N2O0O2O1N101O0O2O0O2N2O001N101O001O10O01O001O0O101O0O2O00001O0O101O0O1O101M2N2O1JjMVBY2h=5O12O2MO1O1O1O2N1O1O1M3O2K4M3M3O1N3N1O1O1N2O1O1N2O1N2M3O1N3M2O1]HTLg2m3YMSLf2n3ZMRLe2o3[MQLc2Q4]MoKa2S4_MmK`2T4`MlK_2U4aMkK^2V4bMkK[2W4eMiKZ2X4fMhKX2Z4hMfKV2\\4jMdKT2^4lMbKT2^4lMbKS2_4mMaKR2`4nMaKP2`4PN`Ko1a4QN_Km1c4SN]Kl1d4TN\\Kk1e4UN[Kj1f4VNZKi1g4XNXKg1i4XNXKh1h4XNXKg1i4ZNVKe1k4[NUKd1l4[NUKd1k4]NUKc1k4]NUKb1l4^NTKa1m4_NTK_1m4aNSK_1m4aNSK^1n4bNRK^1n4bNRK^1n4bNRK]1o4cNQK]1o4cNQK\\1P5dNQK[1o4eNQKZ1P5fNPKY1Q5gNoJY1Q5gNoJW1S5iNmJV1S5kNnJS1S5nNlJQ1U5oNkJP1V5POjJP1V5POiJP1W5QOiJn0X5ROiJm0W5SOiJl0X5TOhJk0Y5UOgJj0Y5WOgJh0Z5XOfJg0[5YOeJf0\\5ZOdJf0\\5ZOdJe0\\5\\OeJb0\\5^OdJb0\\5^OdJa0\\5@dJ`0\\5@dJ?]5AcJ?\\5CcJ<^5DcJ;]5EcJ;\\5FdJ9]5GcJ9\\5HeJ6\\5KcJ4^5LbJ4]5NbJ1_5OaJ0`50aJ0]51cJO]52bJL_55aJK_56aJH_59aJG_5:`JE`5<aJB`5?_JA`5`0`J_Oa5a0_J]Ob5e0]JZOc5g0^JWOc5i0^JUOb5m0]JROl3bK]M]5hNoNg3lK^MU5lNnNb3RL`MR5mNkNb3UL`MQ5oNhN`3YLaMo4oNgN_3\\LaMo4PObN_3aL`Mo4RO^N[3fLbMn4RO[N\\3hLbMn4QOYN\\3kLbMm4SOUN[3QMaMj4UOSNZ3TM`Mk4UOQNY3VMaMk4VOlMZ3ZM`Mj4VOkMZ3]M^Mj4XOgMY3bM]Mh4ZOeMY3dM\\Mi4[OaMY3hMZMi4\\O^MZ3kMWMi4@ZMY3PNTMh4BVM[3UNoLh4FQM[3\\NgLg4OkLZ3_5fL_JZ3c5fLZJ[3g5fLWJZ3k5fLTJX3n5iLPJW3Q6iLnIW3T6iLjIW3X6iLfIW3[6jLcIV3_6jL_IV3b6kL\\IT3g6lLVIU3l6kLRIU3P7kLmHU3W7jLeHW3^7iL_HX3c7jLWHX3k7iLQHW3R8iLlGW3Y8gLeGX3]8jL`GU3c8lLWGU3m8kLPGU3R9nLhFS3Z9PM_FR3b9WMoEn2T:b14M8G9F6K3M1N2O0O2O001O0000O001001O001O1O0O2O1O1N3N1O1O1N2O1O1O1O1N2O0O2O0O2N101N1O2O001O001OO100N2YNfL^FZ3b9jLXFY3i9iLlDMm0]3Y:nL`EV3e:hLXEY3f:ZLfDf00Z3Z;QLfDg4\\;XKeDf4`;OL4N12O2M4L3^KZD]4R<F=C2N103L9H2jLRCm2P=RMPCm2R=QMPCm2X=N1OO12K5N1N110N1O2O01ON3M0111O01M201O0O2N2N101O1N1O011O0M300O1O2M20O1001M2O1O1O1N2O1O101N1O1O1N2N3M2O200J502J1YOf@d0d?C<Id_4"}}]}