{"images": [{"id": 0, "file_name": "images/35020956764_0191000a3d_o.jpg", "width": 522, "height": 522}], "annotations": [{"id": 0, "image_id": 0, "category_id": 0, "bbox": [125.0, 251.0, 313.0, 237.0], "area": 74181.0, "iscrowd": 0, "segmentation": {"size": [522, 522], "counts": "mQP26R`04M3L3N2O1O1O1O1O2N100O100O00100O1O001O001O00001O00001O0000001O000000001O0000001O001O01O01O00001O0YMSOQFm0m9XOPFi0m9[OQFe0n9^OPFc0n9_OQFa0o9@PF`0o9CoE>P:CPF<P:EoE<P:EoE;Q:FoE:P:GoE9Q:GPF9o9HPF8Q:HnE9Q:HoE7R:ImE8R:InE6S:JlE6U:KjE5U:LjE4V:NhE3X:NgE1Y:1eEO\\:2bEO^:2aEM_:5_EKb:6]EIc:9[EGf:9YEGh:9WEHh::WEEj:;UEEl:;SEEn:;REDo:<PEDQ;<nDER;:nDFS;:mDET;:lDFV;9iDGX;9gDGZ;8fDH[;8eDF^;8bDH_;8`DHa;8^DHc;8\\DId;7\\DHe;:XDFi;<TDDm;<RDEn;<PDDP<>nCCR<=mCCT<=kCDU<<jCDV<=jCBW<>hCBY<>fCB[<?cCA^<?aCB_<>`CB`<?_CAb<?]CAe<>ZCAh<?WCAj<?UCAl<?SCAm<`0RC_OP=`0PC@Q=`0nB@S=`0lB_OW=`0hB@Y=`0eBA\\=?cBA^=>aBBa=c11O1O2N1O1O1O1O1O1O001O1O1O1O1O1O001O1O1O001O1O1O1O1O010O01O1O1O2N1O2M3N2N2M3N2M2O2M3M3N1N3M2O1N3M2O1N3M2O1N2O1N2N2O1N3M2N3M2M3NnMQDMl;3XDKf;6[DJc;7_DH_;8dDHY;9hDGV;9mDFQ;;PEEn:<TEDi:<ZECc:?^E@`:a0cE^OZ:d0gE\\OV:f0kEZOQ:h0RFWOj9l0WFTOb9Q1`FoNm8c1TG]Ng8g1ZGYNc8h1_GWN_8k1cGTN[8m1fGSNX8m1jGSNU8m1lGRNS8n1oGRNP8n1QHRNn7n1SHRNl7m1VHSNj7l1XHSNh7l1YHTNf7l1[HTNe7j1]HVNd7h1]HXNe7e1]HZNe7c1\\H]Nf7`1\\H^Nf7_1\\HaNe7]1]HbNd7\\1]HdNd7K\\FNR25d7E`F5n16d7\\OeF=h17g7SOeFf0f15l8LUG4j8LWG3i8MYG1g8OZG0f80[G0d8O_GOa81`GN`82bGL]85dGJ\\86eGI[87gGGY89hGFX89jGFV8:kGDU8=lGBT8>lGBT8=nGBR8>oGAQ8?PH_OP8b0PH^OP8b0QH]Oo7b0SH]Om7c0SH]Om7c0TH\\Ol7d0TH\\Ol7d0TH[Om7d0TH\\Ol7d0UH[Ok7e0TH\\Ol7d0TH\\Ol7c0UH\\Ol7d0TH\\Ol7d0TH\\Ol7c0TH]Om7c0SH]Ol7d0UHZOl7f0THYOm7f0THZOl7f0UHXOl7h0THWOm7h0UHVOl7j0VHROk7o0h3O10O10O010O10O010O0000010O01O000000001N100000001N101N101N2O1N3M3M3M4L5If`Z1"}}]}