{"images": [{"id": 0, "file_name": "images/35085351121_26565f9cc2_o.jpg", "width": 522, "height": 522}], "annotations": [{"id": 0, "image_id": 0, "category_id": 0, "bbox": [164.0, 56.0, 200.0, 342.0], "area": 68400.0, "iscrowd": 0, "segmentation": {"size": [522, 522], "counts": "`lc2j0W?f0\\O=E9F9I8H7I7J6J5L4L4K4M4K5L3N3L3N2M3M3N2M3N2M3N2N1N3N2N1O2N1O2N1O2O0O2O0O101O001O00001O0O1010O0001O00001O00001O000001O01O0001O0000000000SOYJWGg5f8^JTGf5k8]JPGf5o8]JmFe5R9^JjFd5V9h0O1N2M3N2O001N2N2O1O00100O10O010O1000O010O01O10O0100OKjHXGU7g8nHYGP7f8RI[Gm6c8UI]Gi6c8ZI\\Ge6d8[I^Gc6b8]IaG`6_8aIbG]6^8eIaGY6`8gIbGW6^8jIcGS6^8oIaGo5`8VJ]Gf5e8XJ^Gf5d8PJTGK:KHP6l8eJYG`5i8aJUG]5o8dJmF\\5U9ZJjFn5Y9UJlF^ON=MS5[9RKoFJHo4\\9XKgF^OK=2j4^9\\KaF11]4d9bK[F11W4i9iKVF11Q4l9hLUFU3l9lLUFR3l9oLSFQ3l9RLQFn4o9g0O^KRFj2m9WMSFh2m9k1O0O101O0O2O1O1O1000iI[FR21V1d9iLZFQ22V1e9m22]LXFb0i9]OWFb0k9]OVFa0i9AXF>m8kLbGh2B;i8\\MXG[207g8h0XGXOf8V4O1OoLXGcNh8]1\\G_Nd8b41O1YIWGn5j8hIVGD<^6_8m02gN]GhJf8]ORG[5<UKP9_OaFb4:YK<a0j8h4_GkJg8W5V110O3eJQEV5R;jJnDS5i:mJWE[5f:5N3N2N101N0100N2000000\\KhEV3Y:iLjEJE\\2c:hMmEVO:i2j9PNSGl1m8SNYGf1j8YN\\G`1e8`N`GY1c8gN`GT1a8lNcGn0`8RObGi0a8VOdGb0`8]OeG;_8ROeDK28T34jLDf;3bD3Z?Kh@3k?JS_`2"}}]}