{"images": [{"id": 0, "file_name": "images/36672739952_bc4cdebe8c_b.jpg", "width": 522, "height": 522}], "annotations": [{"id": 0, "image_id": 0, "category_id": 0, "bbox": [177.0, 172.0, 141.0, 217.0], "area": 30597.0, "iscrowd": 0, "segmentation": {"size": [522, 522], "counts": "e_j2l0V??E8H8H8I6J6J6K4K6L3L4L4M3M3L4M3M2N3M3N1N3N1N2O2N1O2N1O1O2N1O1O1O1O1UO`KjEa4S:dKjE]4T:gKgE\\4W:m0N2N2N2N2M3I6O2O1O1O1O1O001N1O2O1N101O1O001O001O0010O1O101N1O3M3M1O1O1O1O1O1O1O1O1O1O2N1O2N2N1O2N2N1O1O0O100O10O11N10001N2N101N100O2N101N2N2N3M3RKQE]4_;N2N3kKSDh3Y<N1N2O001O00001N101N101N1O2N1N3\\N[CAh<=hCoN^<o0lC_N]<`1W1O100O2O002ROZA3h>EbA7a>DgA4ZVX3"}}]}