{"images": [{"id": 0, "file_name": "images/36842824266_6f48b773c8_o.jpg", "width": 522, "height": 522}], "annotations": [{"id": 0, "image_id": 0, "category_id": 0, "bbox": [100.0, 182.0, 131.0, 201.0], "area": 26331.0, "iscrowd": 0, "segmentation": {"size": [522, 522], "counts": "dZc18n?5M3L3M3K5L3M3K4N3M3N1O2N1O1N2N2000001O5L4K7J5J6K5K4L4L2N2N1O1O10O0POWC^Nk<X1Y1O001O01O100O1O010O10OVM\\NoFe1P9_NlFb1S9aNjF_1W9bNPFV2P:lM]Ee2c:\\MWEh2j:YMQEk2P;WMkDj2W;[MaDg2`;P12N2N2N1O2N2M3N2M4L5L6I6Ic1^N8I1O1O10O001O001N2N2N1O2L4L3aNcNkCe1Q<\\1N100001O100O2N3N3L7J7I5hNdBWOb=<gBC`=0gBOj>010O100O1000000O2O00O11O01O000010O0101O0000000O1O1N3M2N2M4K6IUQd4"}}]}