{"images": [{"id": 0, "file_name": "images/37784665734_1e19d20f2e_o.jpg", "width": 522, "height": 522}], "annotations": [{"id": 0, "image_id": 0, "category_id": 0, "bbox": [90.0, 175.0, 187.0, 205.0], "area": 38335.0, "iscrowd": 0, "segmentation": {"size": [522, 522], "counts": "aU^16R`02O1N2N1O2N1O2N2M3L4K5F:^Ob0N3N2N1O3N1N3M3N2M4L3M2N3M2N3L2N2N3M2O1O2M4M4K8I6I6K3M3N2M2N3M2N2N2N1O2N2N1VO_KiEd4U:i0O2O1O1O00001N101O001O01O01O100O1000O100O2O0O101N100O010O000000001O0000000O2O0000O10O1O100O100O2O001O0O2O1O001N101O001N100O2O1O0O2O2M2O2M3M3N3L3N2M4L3MO1O1O1O0000EYDnK001Nf;^3YDcLf<T3=M3I8N3G:J8G4ZOiAfN51K3Z>V1fAeNk>e0YAJk>3XALh>4XALj>1WAOk>OUA2HAU?8SA9S?An@;U?Fj@6IG^?3i@6Z?Jf@7Y?Jg@9HC[?4m@<R?Do@;Q?Eo@<o>ESA9l>GUA8j>IXA7d>K^A5`>JbA;W>ElA<Q>DPB<n=DUB;j=CYB<h=@\\B`0g>01O0O10000000O00O2O1JU@Jm?54O110O001O1O1Njdl3"}}]}