{"images": [{"id": 0, "file_name": "images/4465616072_391289fe63_o.jpg", "width": 522, "height": 522}], "annotations": [{"id": 0, "image_id": 0, "category_id": 0, "bbox": [37.0, 90.0, 348.0, 380.0], "area": 132240.0, "iscrowd": 0, "segmentation": {"size": [522, 522], "counts": "nUc0;l?3O4J3O002M3M5I5k@mN23e>^1N1N2N2OFcAjN[>V1eAkNZ>V1gAiNX>X1iAgNU>[1kAfNR>\\1nAdNQ>]1oAcNo=_1QB`No=a1RB]Nm=e1SB[NLNi=i1[BYNLNh=j1\\BXNLNf=l1_BTNL0b=o1bBQNL0`=Q2eBnMK2^=Q2fBmMM1\\=T2gBkMM1Z=V2iBiMM2X=V2lBhMK2W=X2TCgMl<Z2TCfMk<[2UCeMj<\\2VCeMh<\\2XCcMh<_2PC`MN1Q=_2RCaML1o<`2UC_ML1n<a2]C^Mb<d2^C\\Ma<e2`CZM^<h2bCXM]<i2bCXM\\<j2dCVMZ<l2fCTMY<m2gCSMX<m2jCRMS<Q3a02M3O2L3M4J4]C]L_<e303O1N200O1O10000O2OO10001O0000001O00fC[LP<P4O1QDkKh;g4D5L2cNRKXGo4lNnJb9>^Gg4oNlJ\\9b0cGg4Y8]KfGd4TOeJo8i0lGg4R8]KkGk4l7YKRHk4i7WKUHi4j7[KSHe4m7^KQHa4_OUJ^8\\1RHb4k7bKRH_4m7dKPH^4n7cKRH]4m7dKSH\\4l7kKmGU4S8kKmGT4T8mKkGT4T8oKkGP4T8PLlGP4T8PLmGo3T8QLjGQ4U8T2N0000O1N200O101O001N2O1O0010dGUHY8o7O5K2NO1O2N1O1010RNnGaKS8l3nG[J<3C_1S8P4dH]JZOd1P8n3mHSLP7m3]I^JZOb0Y7n4WJ_JPN<i7T5fJeJY5[5kJaJV5^5l2O1OO00O2K500012N000O1O1O1O01O01O3N0O001O00O101I6J7N100010O01O03N2M1O01O01000O001O0DkDcKU;]4kD`K0JU;f4kD_KY;\\4=O110O13L1O010OO2N1O1O1M30O10002N2M3N2N5J3N1O1N2O3L1O3M2N4K3N100O10O01OL3I60O3M4N2M3N2O7G9G;E4N2O1O00000O7J3M002N3L101OO1O1O01000N2O100N2G9M300O1O1O100O1N2O1O1000000000000001O2N9\\FTIW9Y7G4L4L1O1O001O10O1O00001NdHlHd5S7YJTIf5k6fIaHFo0`6a6aIaHGO15OS1f6U6ZIgH2l1`6m7`IVFQ6Z:G3M=GN5JK6PO[EWLf:g3^EVLc:i3^EULd:i3bEoKb:P4m0O1O1O00000000001O001O1O0O2O1N2N2M4M4K7K7H6I4N2M2N3N2M2N3M3M3M3M3M2N3M3L4N2N2M3N2N2N2N2N2N2N3M6POb@h0j?E5L4KS_U2"}}, {"id": 1, "image_id": 0, "category_id": 0, "bbox": [384.0, 261.0, 133.0, 131.0], "area": 17423.0, "iscrowd": 0, "segmentation": {"size": [522, 522], "counts": "VST69P`03M2N3M101N100O10O01k@^Ob>b0^A_Oa>a0^A@a>`0_AAa>?^ABb>>]ABd>>[ACe>=YAEg>;XAEi>;VAFj>9VAGk>9TAGm>9RAHn>8QAHP?8o@HR?8m@IS?f0010O100O1000O0100O10O010O100O100O100O0ROoNdBR1Y=TOdBk0\\=WObBi0^=YO`Bh0_=ZO_Bf0a=[O^Be0c=\\O[Be0d=\\O[Bd0f=\\OYBd0g=^OWBb0j=^OVBa0k=_OTBa0l=@SBa0m=_ORBa0o=_OPBa0P>_OoAb0R>^OmAc0S>]OlAc0S>^OlAc0n=DRB;m=FSB:l=HSB8m=ISB6m=JSB6l=U1O00001O00001O00001O001O001O00001N100010O00010O001O1O1O1O1O1O1N2O2N2N1O2N3M3L4L5L1O2N1O001O001N1O101O0O10001O00001O0O101N2O6mNg@d0fh2"}}]}