{"images": [{"id": 0, "file_name": "images/4508285640_e1c08d0877_b.jpg", "width": 522, "height": 522}], "annotations": [{"id": 0, "image_id": 0, "category_id": 0, "bbox": [55.0, 43.0, 176.0, 266.0], "area": 46816.0, "iscrowd": 0, "segmentation": {"size": [522, 522], "counts": "RZl0;k?6L4K4H8J6J6K4M3N1O1O1M3N2M30001N2N2N2K5L4K5L4J6O2N1O012M4L1N2O2M5K1N3N3J6M2N200O1O1O1O1O2N1O1O2N1O1O001O2N1O1O101N10O10O1000O2OO01000000O100O2M2O10iMgK]HX4b7kK\\HV4d7kK[HT4e7nKZHQ4g7PLXHP4g7QLYHn3h7SLWHm3j7TLSHl3n7TLRHl3n7ULQHj3Q8VLnGj3R8WLlGj3P7hK]H=c0j3m6QL\\H7d0i3o6SL\\H4c0j3Q7SL]H4>k3S7RL`H5:h3W7SL`H66h3Y7TLbH33j3[7SLcH4Oj3^7RLdH3Nk3^7TLcH1Mk3a7ULbH0Kl3c7dLSH_O9n3d7hLnG[O=m3f7iLkGZO>n3g7kLiGWO?m3j7nLdGUOa0n3k7RM^GROe0m3n7iMPHW2R8jMjGX2W8iMeGX2]8iM_GY2c8fMZG[2i8a24TIUGS6P9cIWGZ6]9O2N101N1O2N1N3N2N2M3M@XJbFf5e9YJWFe5k9]JPFd5R:82M6K4L4M3L3N1O1N1O2N2K4iN[EbL^OH[;W3c1N101L3O2N1N2O1010OO001O1N3I7GZBgMn=T27K4N3M3N1N3M3M3N2N3M2N3M3M2M3N1N2N3M4L4IUXd4"}}, {"id": 1, "image_id": 0, "category_id": 0, "bbox": [220.0, 184.0, 101.0, 136.0], "area": 13736.0, "iscrowd": 0, "segmentation": {"size": [522, 522], "counts": "_^`37n?7G7M2N2NEf@JZ?7;1N2O1iNJbADg0b0d=4VBMe=:XBGg=<UBEm=<QBDV=ATCm0BCY=GlBd1U=aNfB]1\\=fNaBY1`=f0101O10O2O0O01O2O0O2O2N101N101N2O1O001O1O2M200O10O2O003M00O100O1O1OO10000O100O01O01M2M4M3M4Mb0^O3N1O10001O00000001O1O1O1QOTC]No<`1WCYNm<e1n0N2OO01O1O1fNgAa0Z>[OjAd0V>ZOlAf0V>WOlAh0W>SOnAj0U>QOnAm0i>O001N1O2N1O2K7K9FZWV3"}}, {"id": 2, "image_id": 0, "category_id": 0, "bbox": [326.0, 150.0, 92.0, 122.0], "area": 11224.0, "iscrowd": 0, "segmentation": {"size": [522, 522], "counts": "b]V51X`02m_O0h?=U@C^?h0L4K4N4K4F:SOm0H7L4M3M3N2N3L3MNVCiLi<P3WCTM1Lf<Q3[CRMh<o2XCRMf<o2[CUM`<g2eCYMZ<e2jC[MT<f2mCXMS<k2lCPMC0a<o2f000000000001O01O0O2O1O1O1O1O001O1O0000000000O1O1O1O1O100O1001N10001O1N2O1O1N2O1O1QNiBi0Y=ROkBm0V=QOkBo0X=kNlBS1V>0000O100O2N10001N101O001O0O2O2M2O1N3G9K7Ijid1"}}, {"id": 3, "image_id": 0, "category_id": 0, "bbox": [307.0, 303.0, 138.0, 161.0], "area": 22218.0, "iscrowd": 0, "segmentation": {"size": [522, 522], "counts": "Xml43V`01O10OO2O00100O001O10O1OmNKRB6l=MSB2m=ORB2m=0RB0m=2QBOn=2QBOm=3RBMm=5RBKl=8TBHe=`0YB@f=a0[B_Od=b0\\B^Oc=d0[B\\Od=f0\\BZOc=g0]BXOc=i0]BVOd=j0\\BVOc=l0[BUOe=k0[BTOf=k0[BUOe=l0YBUOf=l0ZBTOf=i0]BWOd=g0]BYOb=h0]BYOc=g0\\BZOd=f0[B[Oe=e0ZB\\Of=d0YB]Og=c0XB^Oh=i0QBXOn=i0QBYOm=i0oA\\Oo=a1N2N2O1N1O3N4L1N1O2O0O2O00001O00O100O2O0O100O10O010O0oMaMXF_2f9eMWF[2i9gMUFY2k9nMnES2P:PNnEP2S:SNiEn1V:WNeEi1[:ZNbEf1_:\\N^Ed1c:\\N\\Ed1g:]NUEc1n:^NoDb1R;`NjD`1X;bNdD^1^;fN\\DZ1e;fNYD[1h;eNVD[1o;bNoC_1Y<U13M2N2M2O2N2N4L3N1N2N1O2N0000000O1001O01O0010O0100O010O1O1O100O1O1O1O1O3M2M2N2L5aN^B0f=LaBEA@U>g0]1K7G5K5KmkV1"}}]}