{"images": [{"id": 0, "file_name": "images/46608832304_2d3422b0b4_o.jpg", "width": 522, "height": 522}], "annotations": [{"id": 0, "image_id": 0, "category_id": 0, "bbox": [145.0, 64.0, 185.0, 384.0], "area": 71040.0, "iscrowd": 0, "segmentation": {"size": [522, 522], "counts": "fQZ22Q`0OQ@6m?6K6M2eC]OT7<hF8S2]OR7n0ZFFd2\\OP7Y1QF^O^2WOeM3k9b2\\H[MiM3j9d2\\HZMaM002R:e2]HcM]MJU:e2]HiMc7W2]HjMb7V2^HWM]M`0]3FQ3c2ZLeMb02m2Z2lIUM`21]M:X3:n2W2jIWMb2N^M:V3<P3Z2\\LPM^M:0ER3j0T3S2kISMb2a0;;X3Q2kITM`2d08:\\3R2XLhM:8_3V2oKcMa09`3Y2gK`Mg09d3Z2jIaL4170D40010Ni06ROT2X1m3`2iITOP2]NX4b5mIdIm0m0V5c6ZJ^Ig5d6PJQHG]1[6f6fI`I\\6V82N3M2O1N2N2N2O1O5J2OO1O1N1O2L3N4K5L4L3N3M1O1O2N1O2N1O2O1M3N1N3L4N2N2O001O1O0O2O001OoFoJi6Q5SITKl6l4eHdKZ7\\4dHfK]7Z4_HiKa7W4[HmKe7S4ZHnK>jNcN2o6V5mIPL=SOe5Y5UIQLT1nNb5k6]JYIa5g6]J]Ib5b6\\JaIc5_6\\JeIa5[6_JfI`5Z6^JhIb5X6]JjIc5U6ZJPJd5P6ZJSJf5l5YJVJf5j5XJ[Jf5d5YJ]Jg5c5XJ^Ji5b5UJ`Jj5`5UJbJk5^5RJeJm5[5RJgJn5Y5PJmJl5R5SJVKg5j4VJXKk5g4TJZKm5b710O01N2N2N2N001O001O0000iL\\FGe99]FEc9;^FDb9;`FD`9<bFaNDVOk9e0YFK98GUOg9f0^FJ4;HTOe9f0aFK39KSOa9g0cFM37JSOa9f0fFO07KRO_9`0oF6K4HTO_9?PG9L1GVO]9>RG;KOHVO\\9=SG`0ILJTOZ9?UGa0GLLPOY9b0UGc0GKP:AZFd0GKo9_O\\Ff0FKl9]OaFg0DLi9^OdFe0ELf9^OgFf0DKd9_OiFe0DLc9^OjFf0DK`9AmFb0EM\\9APGb0DM[9ARGa0EMX9CSG`0FLU9EVG>FMS9EYG=ENP9E\\G<EOn8E^G<EMm8H]G;HLj8I_G:ILg8JaG9IMd8KdG8ILc8LdG8IKd8McG8JJb8MfG9IHb8NfG9JH`8OeG9MF^81fG9ND]81fG:OC\\82fG:1AZ84fG;2^OY86fG;4\\OX87dG>7VOX88dGa0l:TO\\El0P=0100O100000000O01001N100O1O1O1O1N3N1O1O2N3M2L4McbQ3"}}]}