{"images": [{"id": 0, "file_name": "images/4836199978_639a7bf09f_o.jpg", "width": 522, "height": 522}], "annotations": [{"id": 0, "image_id": 0, "category_id": 0, "bbox": [15.0, 43.0, 430.0, 377.0], "area": 162110.0, "iscrowd": 0, "segmentation": {"size": [522, 522], "counts": "Ql71hm00]d21h`LO\\:2cE0\\:1cEN^:2o2Mo21k\\OOk?0[@0J0k?0fb30k[L3YCNW;O`D66KY;0aD56LY;NaD65Mh<5VCLj;NbC8YOHo03V<M\\CN^O<NGR12V<MiB13OJ337OGR13T<MkB134M<P1BU<MkB42ON>P1CQ<OoB20O0=P1DQ<MoB4ON0?P1BQ<NPC3ON0c0l0^OT<ORC2MN1d0k0]OS<1TC0MO1c0j0^OT<OTC1LO3d0h0\\OY<MPC?M9j0[O\\<JmBb1d0hN_<EmBd1c0gNg<Y1YCgNLFT<c1PDgNKGV<a1oCiNJGW<`1mCjNLFn;MgCc1`0jNJFn;OfCb1a0jNKEg;MmC2Od1a0hNKGf;LQDOKh1c0gNJFU<d1PDfNJFV<J^C1Od1b0mNIEX<IbCe1;POHCZ<HeCf17QOGBZ;H`EOUO2Mb1=XOC\\Oj0Im85iFM<NUO3O_1>ZOA[Oh0LQ92fFO<MWO2Oa1;C<lNQ92eF0HLLO8OF3021`18[NHX1e0oNS9ObF3JIM241KK101b17_NGW1e0kNZONk98[F2NHM15MJ11N6b13_NGW1f0iNY97WFHJ73Kk0`1[O_NGW1e0jN[95[FOGLm0`1YO_NHW1d0kN]95SFHKd0l0n0^O^NGY1a0lN`95oE?4WO106a1O_NFY1`0mNb9k0VFoNI53KOc14J9iNb9j0QFRONN053LOb11L;gNe9i0oESONN053LOb11L:hNf9i0mETO301MNb11L:hNg9h0kEUO5LL041Oa10M9hNj9n0kEnNOM=a1EO:gN?MVOMl8U1QGoN2L301a1MN;gN>NVOMn8_1RGcN4^1K0<eN`0MUOOn8^1QGdN4S37PM?NWOMm8[1QGhN8S31gLH8h01YOI24_8X1]GhN7T32QM`0NXOJ22e8V1XGlN4U36nL>5[OFg8U1VGmN<n2LRMHJg0j0U8=TGRO9l2JjLN8g09XOG1Hk8[1WGhN6S3HlL06f0d0YOUOl8Z1VGiN7b3=YMW8<TGjN8a3;[MY8c0ZGd1KhLO8`0l0\\8b0WGc10PM;m0^8a0VGb10QM;l0a8a0TGa10RM9n0e8>SG`1NUM7o0k8<oF_1NWM7k0IiNT9_1kFfN3_3N\\L3X1T9>kFQ2OcMOfNS9g1oFn10kMn88RGm10kMn88RGn1NkMQ96QGc3T9XLkFi3U9XLjFi3P9eJQGb1Nm3m8cJTG`1Om3o8`JSGc1Oi3U9gJjFZ12k3NiJT9OmF20[11k3OhJ52d83WGY10j34oJd8NWGZ11i30TKf8MZGR1On30VKe8X1\\GQ4e8oK[GP4h8i11N001N1O4L1000EiHdGV7[8kHfGU7g81O010000O01O0_NjH`H0[1V7]OjHm57bJn6AlHn58_Jj6APIQ68\\Jh6@SIU6;UJd6]OkHG9e6:[I\\O510O2Q7HSI5ML<f6;ZI^O0J017P7HkIh64XIUO6Y7LQIg6`0WIWO4X70PIf6h0ZIX60PIh6f0XIY60QIl6d0SI\\60kHT7i0jHj6W7VIhHi6Z7R1DSG^Il8a6UG_IW8DZHm6_OYIONP8LRH1N0b0[7AdHi73VHM`0b7X7aHZHM71H]7MdHj70\\HN34Gk60WI4LMOO1f7OaHO0W7JiH015OL001R80mGV71iH`02a7X7PHfH?0d79mGa61VIo71XHOM12h6P8YIjG1LNe0h6e7XIkG2KNe0h6[OXIj00n6OlHj6\\O[I2K4032HNd71nHh6^OYIh02k6NoHg6^OYIi01j6OoHh6]OXI1Ni00a7m6gGSIT60]K0Gm6e6TITI0POl6l7VIQHMn04SOk6k0QIS63kIOWO30j6k0RIR62bINF:K^60ZIa8NdG2MN0g6OZIR8NYH20NHi6K[Ib8LZHl6WOTIN3X7O\\J^6Y6dITHN\\1Z6a6RJUHCR1Z6j6fIQH22OZ1X6i6gInG3W1U6S7iInHW6T7hIlHY6j6hI^IZ6_6jI_IV6`6hIbIZ6Y6hIhIY6S8?]ORInFR7n8nHSGj0O[5R9QJPGJM37Q6l8mIgGd5TO\\J63LMe8O[G0o0e5YO_JGNl9d5]F]JH0h9h5XFVJ04NNh9P6\\FoIL0f9T6^FlIMOd9f5[FcJ0G60K0b9g5^FeJ1C01N1a9h5`F\\JOO2LN7]9d5dFYJ0016Z9a5fFYJOO2MM6]9o5cFoI25[9l5cFPJ17R9P6mFiI17k8ETG^60eI14o8k5QGVJOG23O4o8k5TGmI2001O6f8IXGR6:nII008b8KZGo5k0WJi7J]Gn5e0oI^O7^8N^Gl50PJ0O0040O108Z8HcGU60QJNJ6OO118KHO1S8NnG12U6NSJ>GG8LNQ8KQH2MZ66cI75G1f7LYHO02NZ6OQJOKY8IjG1O2Oi5OZKY8jNkGOL01T60iJOXOS8KQH20N0Q6LoI1<O20CU82mGO2O01Nl5NRJ09122DT82mGO2OK0140j51\\JOKQ9KnF1022f5NWJS:3PF0N^5U:bJmEOO2NW5f9fJ]F3NO:0HN1P5a0oJW83VG8Q1`4nNWK\\90fF0Z1n4k9N000001L4M3JmJTET5k:7FeJaEg6OWIn8X7M2O03JRGmHg81[GR70lHd84[GP71lHd84[Go63lHb8^7[GbHf85ZGQ70jHf85ZGQ70jHf85ZGQ7i0jHT7^7l0fHWGR7:jHU80eG4Li6:SI]82[G3M_6<^Id80PGb6=]Ih8b6YG_Ik8Y6e0N12NKSFPJ1K_9[6`FRJ[9n5fFjIOM]9Z6dFiIOLW9b6jFfIi8FYGi6MXI18b8H_G4Ne65WIi85RGd65VIj85RGd6W9ZIjF3NX60cIX92jF2OZ6Y9dIhFc6Y9]IgFb6Z9_IeF]61_IZ94eF\\62`IY93fF10T61hI`93aF0MR6d9mI_F001Ni5l9UJWF0Oj5Z:YJbE`5e:10N2N2L3N2N1OhEiJ_9V5QFTKKI[8NgG`0g0d5`7nIfGa01F1R6c7dI^H1MOO14i7b7VH[H4O11f7k7?1O10003hGoGQ8P85QHiG0080R7c8kH]GU7d8fH`GZ7`8fH]Gd7T8[HPH1Km72SHm70QHm72SHR8l7nGUHR8k7mGUHU8X7kGSI0DV8Y7kGSINFR8Z7WHPIh7P7QHfH01N1S8^7QH]HO3j7MWHc70]H10P8\\7kGhH2O[8W7dGjH1O[8W7fGhH1OY8Z7eGgH2NZ8[7cGhH2OY8[7cGgH4NY8[7cGgH3OZ8X6cGlJ2lNY8d7fG[HZ8f7fGZH]8d7cG\\H^8c7aG]H[8l7N2:SH]G]71cH]8OcG]70eH]8LeGe7`80N3N2N2O1dGSHX8P8O1N5M5I3M4M_H[H`6c7_I`H`6_7cI`H_6[7\\IfHTOOa7Y7[IjHRONe7U7XITIj6j6[HmHa0:Z7n6THfH50J109P8T7PHcH0`0S8b72O0]OoGmHR8R7nGmHT8R7hGcH1;W8c72OWHTHo5NcJn7^OUHJM25P5L]KOXO3Nk7b0VH16k4F\\KW8b0SHi3HnJ1d0U8_OhGo03mN0P4OkL:VOD<Z8k0mGfNMR4OjL`0Ag7d0hGQO>P4DiL?Bh7LfGK14h0j3ZOfLc0Dd7HeGL=2b0P4WOnKKe0f0Ed7JeGL=1c0Q4[OaL=Fc7NUIk3jNbL?Da70UIj3lN`La0C_7OkGML1Q1R4YOlKG:l0G^73iGML1Q1R4_OUL>G]74cGL41M2R1R4_OSLl8MbFK`1U4TOQLj8NUHa0]Ni2i0bLe85UH?^Nj2X:gLZG`0]Nj2X:gLZGT4c8PLXGP4h8RLVGn3j8QLWGP4h8oKYGQ4i8hK]G>^NU3P<fLSDZ3m;eLSD\\3n;bLRD^3V<[LfCi3[<300O11_LgCm2Y<RMiCf00oNLl1Z<_NjCf00nNMm1Y<^NkCg02m0Q<]NnCe02m0o;^NSDb0O?InNU<0TDc0N?JnNS<0TDd0O>KnNP<0XDb0O?KmNm;2[D>11AC:Ii;5[D>1a0LoNd;1`D?0b0LnNc;1aDa0N`00kNb;3aDc0MMFB;J`;5bDb0MLGD9Ia;4cDc0LJJE8I^;5dDb0MHMG6G];7gDI^O>>1MHV<0RDH]O?>1MIT<0TDG\\O`0?0NHS<0UDG\\Oa0>L3Km;2]D5DL4Kl;3ZDHTO>b0L5Jk;4[D8EJ6Jh;4_D6EJ5Lg;3bD5BJ9Kc;7bD3DJ7Lc;6bD5DIj<3dC0ELg<4dCOFMe<4fCNFNd<4fCOFLd<4gCOFMb<5hCMHM`<5jCMFMa<6iCMFN`<5jCMGM^<7kCKIL\\<9mCJV=6jBIW=6jBJV=5lBIU=6`1000O01O010O100O001000000O100OiQW1"}}]}