{"images": [{"id": 0, "file_name": "images/5413856554_6d97a364d3_o.jpg", "width": 522, "height": 522}], "annotations": [{"id": 0, "image_id": 0, "category_id": 0, "bbox": [163.0, 201.0, 153.0, 65.0], "area": 9945.0, "iscrowd": 0, "segmentation": {"size": [522, 522], "counts": "nZc24f?a0M2O100O100M34KSam0\\Ob_RO2M3N8H3L5L3M3M4L6J6J1O1O0bAeNm=Z1b0O1000000000000000000000000O1000000O100O1000000O1O1O100O10001N100O1O2O000O100000001N10001O001N100O1O2O0O100O101O0O1O101O0O2O0O101O1N2O1N2O1N2NdiX3"}}, {"id": 1, "image_id": 0, "category_id": 0, "bbox": [140.0, 150.0, 141.0, 208.0], "area": 29328.0, "iscrowd": 0, "segmentation": {"size": [522, 522], "counts": "ifW24T`03M1O10O01O100O01O0010O001000O01000O100O1000000000000000O1O2L4F:^M9cCe0U<l1L5L4M3M2N4L3L4N2M3N2N1O2N2N1N3M2O2M2M3N3M2M3M3N3N1O1O1O1O1O1O1O10fJeEe4[:ZKgEe4X:[KjEd4V:[KlEd4T:[KmEe4S:YKPFf4P:YKTFc4m9\\KWFa4i9^K[F_4f9_K]F_4c9`KaF\\4a9`KdF^4e:O2M3N1N3N1N2O2M101N100O100O0WLnC\\3R<dLRDW3n;jLUDS3k;lLZDP3f;PM^Dk2b;UMeDe2[;[MREX2n:hMYEQ2g:oM]Em1c:SNbEh1^:XNgEc1Y:\\NkEa1U:_NnE^1R:bNQF[1o9eNUFV1l9jNYFQ1g9oN\\Fn0d9RO]Fm0c9SO^Fl0b9TO_Fj0b9VO_Fi0a9WO_Fi0a9WO`Fh0`9XOaFf0`9YOaFg0_9YObFf0^9ZOcFd0^9]OaFc0_9]ObFb0^9^OcF`0^9@bF`0^9@cF>^9AdF>\\9BdF>e<NhLDeF;[9FeF9[9GeF9\\9FeF9g<O1O1O101N100O2O00Xaj3"}}, {"id": 2, "image_id": 0, "category_id": 0, "bbox": [99.0, 257.0, 73.0, 69.0], "area": 5037.0, "iscrowd": 0, "segmentation": {"size": [522, 522], "counts": "`gb17R`07I6L1N1N103M2N1O1O1O5K00N2003M1O0O010BmNdAT1\\>kNeAS1]>mNaAT1`>lN^AV1b>nNYAR1l>jNTAV1l>jNTAV1l>4003M1O0000001O001O0001O002N1O1O1O0000001O00000000000ZAdN^>]1`AfN]>e1OL`AaN]>_1cA`N^>d12O1O001O10O01O1O001O1N1O2J9ROo@2_db5"}}, {"id": 3, "image_id": 0, "category_id": 0, "bbox": [373.0, 453.0, 58.0, 62.0], "area": 3596.0, "iscrowd": 0, "segmentation": {"size": [522, 522], "counts": "lcn5c0f?7G3N2O100O10OO100O3M3L2@iNmAY1R>lNfAX1Y>=0O100O1N2N2O1O1N2O2N001O1O100O10000O10000O1O100O1O1O100O1O100O2N1O2N1O1O1O1O2N1N3N2Ad@Lb]^1"}}]}