{"images": [{"id": 0, "file_name": "images/5482176358_4acce7be21_b.jpg", "width": 522, "height": 522}], "annotations": [{"id": 0, "image_id": 0, "category_id": 0, "bbox": [195.0, 228.0, 99.0, 123.0], "area": 12177.0, "iscrowd": 0, "segmentation": {"size": [522, 522], "counts": "odS3d0d?6J7I:G4L1OO100O1N2N11000O200O0100000000010O01O1O1O001O2N1O101N2N2O3L2N3M2O1N2O0O100O001O1N3M2M3L4M4M2O1N2N2O1N2O1N2O1N3N1N102M2O1O3M0109F202M1O1O100eMjB?1Dc=WOgBQ1JFP>5YBEf=:^BDb=;`BD`=<aBC^==gB_OY=a0jB[OW=f0V1^Od@5_?Hb@8`?Db@:`?Ea@:a?F^@:b?F_@7j?10O1O1O2M2O10002Momc3"}}, {"id": 1, "image_id": 0, "category_id": 0, "bbox": [64.0, 213.0, 103.0, 194.0], "area": 19982.0, "iscrowd": 0, "segmentation": {"size": [522, 522], "counts": "[oP17P`0:R@HX?h0M3N2L3J7K4L4H7H9iNiMYDX2a;TNYDl1_;eNdCVO?S2l;b10M61O1O01000O2N;F7J3M1O0N3N3N1N1O2N2N2O0N2O2N1O1O1O101N2O002M3N2N3M1O1O0O100O100O100O00100O1O1O10O10O01O1O010O001O001N2O1O1N1O2O1N2M4M2N2M3N2N3L3N2N3L3J7J5M4L4M3J6B?E;F:Hd0YO=Fb0\\OUgd5"}}]}