{"images": [{"id": 0, "file_name": "images/6046687276_a3128448c0_b.jpg", "width": 522, "height": 522}], "annotations": [{"id": 0, "image_id": 0, "category_id": 0, "bbox": [184.0, 113.0, 209.0, 383.0], "area": 80047.0, "iscrowd": 0, "segmentation": {"size": [522, 522], "counts": "WXn23V`02N1O101N100O100O10O11O0O0100000O10000000000000000O100000000000000000000O10001O000O100000000O101O000000000O2N2M2O2M3M3N2M3M2M4M2O2M3N1OQO_A7`>HdA7Y>IjA7S>JoA6o=JSB6j=JYB6c=L_B4^=McB4Z=MiB2U=NmB1Q=0QC0l<1WCMg<4[CKc<6_CI^<9dCFY<;jCDR<?QD_Om;a0WD]Of;e0\\DZOa;g0dDUOZ;m0jDoNT;R1o13WNjN\\DY1c;mNSDW1n;mNjCW1U<^11OO2N2O1N1O2O1M2N3N101N1O2O1O001O10OO101N2M2N3O0N3N101N101N20O0001O00001O01O010O1O0O10001O01O0010O000001O010O01O1O00N21N101O1O0O01000O2N1N3M3N2O1O00100O1O2N100O1N3N1O1O2O0O11O100O1O2O2M3MiNeCcNW<Y1SDfNf;Z1`DfN[;Y1lDfNP;Y1UEfNg:Y1`EdN]:[1iEbNV:^1RFXNo9h1X201O1SOl01000O2O1M4I7H8I:IjdQ2"}}, {"id": 1, "image_id": 0, "category_id": 0, "bbox": [6.0, 193.0, 194.0, 323.0], "area": 62662.0, "iscrowd": 0, "segmentation": {"size": [522, 522], "counts": "ja33o?97GdP13XoN2O1M3M3;Dm`13l^NLR@6l?5J62N0Cc@M]?3\\@4d?MZ@4g?700O1N24L8HO1N2M3O1K5UL_OjGd0n;10OO100O1L4\\O]O_Ae0]>@_Ac0[>DhA8o=1SBMh=8YBGc==\\BDb=>_BA_=a0cB]OZ=e0hBZOU=i0mBUOo<n0TCPOS<^OQDa11mNm;CoCa17kNj;FiCb1?gNh;k1ZDTNf;j1]DUNc;i1aDUN_;i1dDVN\\;i1gDUNn9LmEm1:TNh99eEb1R<^NjCEWOm1P=^NhCd1Z<\\NeCb1]<_NcC_1^<bNbC\\1`<dN_C[1c<eN\\CY1f<hNTC[1n<fNRCX1n<jNQCU1Q=kNnBT1S=nNeB@Ka1b=RO^BT1d=f03O1OZNfM^EX2b:mM[ES2c:PN\\Eo1d:TNZEk1e:YNXEf1i:]NTEb1n:aNnD^1S;fNQDEK@0T2V<j12O1O100O1O1O1O1O1O1O1O10O01O01O001O00000O1J6M3L4M3N3O1M201N100001O00O101N1O2N1O100O01N12OO011O0O1O100010N101OO100O100001O001OO2O0N3N110O010N2N101N110O01000O010O0N3O1UOQD[Mo;`3000mNSDhMo;n1[DoMg;n1bDhMb;S2kD`MY;\\2]1H7M4G8K6K5M3M[DhN]8T1iGjNX8P1d3D;01O1O001N3L3N3McnS5"}}]}