{"images": [{"id": 0, "file_name": "images/6169978907_294128a40c_o.jpg", "width": 522, "height": 522}], "annotations": [{"id": 0, "image_id": 0, "category_id": 0, "bbox": [6.0, 23.0, 510.0, 491.0], "area": 250410.0, "iscrowd": 0, "segmentation": {"size": [522, 522], "counts": "YV32W`04J5iCFY8<eGFY8:hGFW89kGGU8:jGFWLOk;<kGHZLMi;;lGJ[LKi;;jG0U80SGFYMO00O2NOONi;<QGIWMM2000O0i;:PGIUM00O2OO2f;8TG`0UMYOe;8WGU1Z8mNeGU1UM[NQ;`0jGY1T8dNRECj2j1S8cNPH]1Q8aNQH[1PMZNo:<oG_1Q8`NoGb1o7_NPHa1P8aNnG_1S8`NmGa1R8_NnGc1Q8]NRFBj0Q2W9]NjEHk0]1]NbN1Nn:<dEKP1j0]NPO1O111Ml:>cEMo0i0QOlNe:`0VEOR1f0^:\\O\\D4n0d0g:YOZD4o0`0hNiNP<c0YD4o0?j:ZOYD8n0=j:[OVD6U1;g:_OTD4X19h:CoC3Z1:g:DmC5[17g:EjC9^13f:FjC8_1OaNWOU<`1YEWOcNWO10S<b1WEYOP;e0PEYOT;h0iDYOX;i0eDXO[;h0eDYOc1UOj6d1cGWOd1TOh6f1dGROlNXOg21h6f1dGROh1XOc6g1eGoNi1[Oa6i0bF1Q1Lm1YOa6h0cF3l0NP2XO`6h0dF2k0LROXOo22a6g0dF3h0MV2YO]6i0dF0j0MUOYOl21`6j0fFNh0NWOZOj20a6i0gFNh0MXO\\Og21a6i0hFMf0N\\OYOe24`6i0iFLc0O_2\\OT6h0lFM`0Mb2_OR6g0lFL`0Ob2]OR6j0kFJ`0Od2]OP6l0kFG?2g2[Oo5m0jFF?2i2YOo5f0fF_O3`0>3j2XOo5c0iFB0`0=1n2ZOk5c0kF^O3d072Q3XOk5a0eF_Ob0g0K0U3YOi5?hF@?h0J0W3XOh5a0\\G8B0Z3XOg5a0hF_O`0f0G3[3WOf5a0hF@?e0F2`3XOb5b0iF_O`0c0E4a3XO`5c0jF]Oa0c0D4b3ZO^5b0bG1[O4e3ZO^5a0bG1ZO2h3]O[5a0cG1XO1k3]OZ5`0dGk0S3eNX5b0dGh0U3fNV5c0eGf0V3fNV5d0eGd0V3hNT5e0fGb0W3iNS5d0gGa0W3lNQ5c0iG?W3oNo4?oF]Ok0T1X3POm4`0PG\\Ol0R1X3QOl4a0QG\\Ok0Q1Y3ROj4b0RG[O>OKQ1l3SOi4b0RG[O=0Ln0n3UOf4b0TG[O;2DO2l0V4VOe4h0nG1]3XOe4g0mG0`3YOc4h0kGNd3ZOb4h0gG0g3WOc4i0cG1l3VOa4j0]G4S4RO`4j0\\G3U4TO`4h0YG5X4SO_4j0VG3\\4SO]4P1QGOb4oN^4[2aKdMa4Z2PGeMY4Oi4\\2nFeMX40j4\\2mFeMX4Ol4[2lFfMX4Ol4[2lFfMX4Ol4Z2mFfMX40m4X2ZKhMg4W2YKiMh4U2YKkMk4m1aFTNd4On4o1iJ\\N`LDZO=i7d1UHoMf30XLn00:k7g0jKh0T4SOVHXN_3o2Z4gNhISOhNU3_7fMaIj3]6`K[HDP1T5d6VK\\HRO0e0k0X5g6mKPI]4l6gKkHb4Q7]2OUHfHh6Y7YIgHWO0c5f0mJa68jHRO6i4JSK06a1=d5?lHPO6W4HhKc2O^M=S7d0QIoN5k3m2ZLjLOS7o0nHoN6b28^M@01Nf1054TN3R7l0PIPO5]2^2cMWO:S5g0SIoN5Y2IdMe20[M3m1NSN8n6l0TImN71HP2h2mMWM3m1NTN7n6R1VIfNMR2Q3oMoN0oM0Q7[1nHe0i<Z14M3M4I6L5aNbBKc=c1K7I4L004L2OO2kLkCQ2[=N300M1O2OO1TBRNY=m1\\B`Nh=X1YBfNo=W1lAQO^=_OdBM2i2d<gM[C\\2LWMl;Z4L5YD^K^;Q5dDoJm:Z5MiLTET1f:]2H=dEoIn9S6QFRJOMb9V6]FnI0Ma9f6aF[IQ9k7nFQHR8S9VHmF`6i9D9E=F8G6J5J6K4M1O1M3NXL[KoKd4j3VMdJj2Y5lMSIbM:b4c6WNaHfMe0R4j6QOoHP1Q7ZOaHTL0b4`7S400N3O000000001O01O2N10O1O00001FWGQIj8\\7K9[G]HR8Q8M6cHcG^O1m6\\9[IcFU6^:bIbEe5h:JW1hN=Ce0\\O4L4K<E7H:G6PNgAc1c>L6K1O001O00001O1O00000000O1O1001ON2M4K5I6N2K6L3N2N2KiMVBY2g:ZNZF^O3]2X9aMdEV1OL6nN=a2g90bFN]9LkEeMj0]2Z9OmF2o81mEaMP1]2Q96RGHo88QGFk8gMUFb2Q1Fk8jMRF`2S1Eh8RNSFU21bMT1V2i8c0YG@f8`0YGBa8c0^G^O]8fM^Fi2W1EX89mGKo73SH3cNVMR9g2ZH9dNTMg8f2dH`0Y7@eHd0X7\\OhHg0V7ZO`GUMW1c3V7YOjHj0R7UOoHP1m6lNVIX1h6iNWIZ1f6hNWI[1g6`N]Ic1]6bNaIb1]6_NaIc1]6\\NdIf1V6[NjIj1Q6SNRJR2m5oMQJT2m5mMPJU2R6fMPJ\\2P6aMoId2P6[MPJf2o5[MoIf2S6RMhHfMV1[5S6mLlIX3T6gLkI[3U6cLkI^3V6^LlIc3V6[LhIh3X6XLeIk3\\6TLcIl3_6lKdIV4`6gK]I\\4f6bKXI`4h6_KWIb4k6WKXIj4k6TKUIl4l6TKRIn4n6RKPIo4R7iJRIV5]7^J`Hd5e7WJZHk5i7nI[GJm0Y6j7jIXHX6k82N3N2eL]IkLe6S3^IjLe6T3hI]L\\6a3fI\\L]6c3eIZL^6^3QITJb0]2_6Z3kIcLX6Z3kIcLZ6_OeH[N4^3P1eNZ6@bH_N2a32\\Ld0Q2Q7YOYHiN10L\\31fLf0j1Z7TOcHZ2@eLd0l1_7lNjGVOe0\\3^OeLf0k1^7mN\\HWO@\\30gLd0g1e7jNXH^O^OZ31gLd0f1j7ZN^G4j0I[OW3KkL41d0d1[9g1nEeLg0S1YOkNO9T:_3_F]MBPOP:h3[FXMT:e2mEZMT:kN\\Eg3a0[M_OnN]60gMj3]LXMe5[OjM7PL_2c0mM]5FoMLTL_2`0oL\\On0l5NSNTORL>7^2ITMd0n0S52WNAYL^2:VNd49eNbNVL4O52G4P39YN\\4`0SOYNkLj2G]NS4h0:h0dKaNi3o0d0`0dK`NT3gNZLj2i3WM[Mi2[O`NP3h1;nL\\Mf2\\OcNe2Q2l1ZO`KeN`2U28UMhMn1BnNf1b2n0oLhLQOO15OOc2?XOf0m2P2WLhLPO015O0c2=ZOc0n2T2PLbMe1G\\Ob0P3W2nKmLVO7a23\\O<T3]2nKfLTO3h2>VO3V3f2_KeL_O1N3h2>WON^1@WN\\3nNeL^O2O43H]2c0_M]Ok10UN>^3ObLD00V1\\3^OnL]OJ01a2J_M>k5BTJb00_OV1\\3]OPM^OE23g24T28QK@:g0m0f2]OPM]OC45e22i1n0^KFT1e2^OSM_OCh21e1R2dLX1@QMAAh25^1U2fLX1[O\\LH6OH93e24S1Y2nK`Mo0h3ZO[LH5=KX2M`M7g3]2TMW1VOYLJ4OI4OO3b2NaM6KIc30\\Ld2Q1[1UOSLK;1E11l22YMKS30eLd2j0g1BQLFEX327m1^LUN3NT1[4iNbK:=HDY32mLNh2T2fNa2_NnK5\\Od23ZMO[2O]M10V20hMd1j4]NlK8[Od23[MNW2]2WOQ3k1bJYO^2lNm2[NcJa30XO^2oNS3hNaJANg22aM3e1KSN1N]2i1\\3`NXJHO0Oe22cM4^1JZN2Oa2i1e2WN\\K3]ON20Mf20ZM1:0\\1]2;Q3nMWK1_O0Me2O_OX1nMjN02NN]2g67WIjM0S1Y1aNhN11^2a6_McIV3JkMO\\OZ1_2\\5[M[Ig4W1gMf5o1RIoKS1o1S6aMoHT4MhKO`0R1o1W6bMoHS4HlK10O`0o0o1k6h57M3K4N3N2M4L2^H\\G[7k8M4hHSGl6R9TIoFj6R9TIPGj6R9VInFg6[9I9I6L4J6G:K4M3jLXEf0l:YOVEc0P;YOTEa0P;]MhDj1>d0m:_OUE;o:ESE3T;LoDF^;7cDROT<n0UDXNY<k1R101O01N3N10O10O10O2O1O01OTNiAe1_>N4M1O1N3N0000O20N1O10000O1O11N11O0O1O100O100000000O10000O2N0101O00O1000eLjNbGU1^8mNaGS1`8kNaGT1k;1OO100O01001N10O1fLPOYGP1R<OO10000000000O010000000000000O11O0O0101OO10000000000000000O10O2OO2N10000O1O2M3L:ZOSl2"}}]}