{"images": [{"id": 0, "file_name": "images/6294745295_01bc376643_o.jpg", "width": 522, "height": 522}], "annotations": [{"id": 0, "image_id": 0, "category_id": 0, "bbox": [54.0, 151.0, 365.0, 291.0], "area": 106215.0, "iscrowd": 0, "segmentation": {"size": [522, 522], "counts": "blk0d0c?8G8H8H6L5K5K4L5L2O2M2O1O1N2O1O2M2O1O1O1O1O001O1O001O1O001O0O101O0O10001N1O10O10O0O21N3L2N10001M2OO14L5J3L4O1N1O2O0O2N4M2N01O0NMjAWNU>i1mAVNS>j1oAUNP>k1800LdAZN[>f1fAZNZ>f1fAZNY>f1hAZNW>f1jAYNU>i1kAWNP>o15SNhAh1X>WNjAh1n=XNRB3Nf1P>WNPB5Of1o==O100O1001iMRB22c1l=dNSB]1m=?00O1O1001N101O00000000000O2cNoA?S>AnA<T>l01O1O1N102N1N2O2O0O1000O0101O0O10000O100000000000000000O1000001O000O100O100O2O0N2fAVNR>l1nAUN2Mg=P2WBSN1Od=Q2[BQN0Nc=S2]BoM0Na=U2_BmM0M_=Y2aBkMOM]=[2cBnM[=S2dBnM[=S2eBmMY=U2gBkMW=W2iBiMV=X2jBhMV=X2jBgMV=Z2jBfMV=Z2jBaM1MP=f2oB]M1Mg;M^Ej2jN\\M1Mf;O^Eh2kNbMg;FVEOVOk2M_Mg;HTE1VOh20_Me;IUE1UOg21ZM0Kf;3UE0TOi20YM1Kg;2lDOBOKT3k;nLfD1DMJU3k;nLcD4GR3b;fLZD54L08OR3a;PM^DG28MS3NdL`;;bDH26MW3^;lLbDH17OU3^;lLcDG17NS3OcL_;<dDE90F`3\\;cLbD05L>`3k:kLfDF?`3i:lLgDDa0_3g:nLgDD4NL22_3S;PMjDC3ML33^3T;oLiDD35OY3S;WMnD@0X3R;XMmDYO:^3i:`LPE0K41O0O<^3h:`LPEOL506<V3g:aLPEOMd0:n2h:_LQEOMd09o2c:\\LUE32NMd08P3c:\\LVE23MLe07Q3d:[LVE28a0LT3f:XLnE5Cd3_:WLQF1Ah3]:XLRF0@h3^:YLRFO^Oj3_:XLSFN]Ok3_:XLTFM\\Ol3]:ZLWFJ[Om3]:ZLWFJ\\Ol3R<O2N1NIXLmCi3R<YLmCg3\\:VLTG5_Nf3[:WLUG4`Ne3T:WLmE0_1S4b:O4K3NM3O1O1O1O1M3N1O2O10O10000O1OF:C=10000O100O10M3K4100O100O1O1O00K6O0100O100O100O1O1O1O10000O10000000000001O00000O10000000O10O10OI8@`000O010O10000O1000`NdERM\\:k2hETMX:j2mESMS:k2QFSMo9m2SFQMn9m2TFRMn9k2WFQMk9m2YFoLg9Q3YFoLg9P3[FPMd9o2]FQMc9o2_FoL`9Q3cFmL]9R3eFmL^9o2fFmL_9n2iFkLX9S3iFmLW9S3jFlLV9S3kFmLU9R3oFkLQ9U3RGgLo8X3SGfLm8Z3Q20IeL`C[3a<eL_CZ3b<fL^CY3c<gL\\CZ3c<gL\\CY3e<hLYCX3f<7K4O20O2O01O00L_C^Lb<a350O01O0000001N101O000O101N10000O1O2N1N3N101N1O2N2M2M4N2N2N2N2K5L4G9K5K4M4K5M3M3M4K5K6I7IaZd1"}}, {"id": 1, "image_id": 0, "category_id": 0, "bbox": [104.0, 146.0, 238.0, 170.0], "area": 40460.0, "iscrowd": 0, "segmentation": {"size": [522, 522], "counts": "mXe1<g?;I6G;G7J5M4L4M4L3I6L4M101O000O1000O0001O10O1000N2OO2O10O1000O10000O1O1O100O100O100N2O10000O1O1O100O2O3M1O1O1O00O100O2N1O1N200O100000000O100O1J60000008oMlA\\1l=[NWBR2j=oMUBQ2k=PNTBP2l=PNTBP2k=710001gMVBP2i=RNUBn1l=TNRBl1n=800O0N22O1MN30O1O2OoNUNUCD9V2_<kNUCT1m<T10O01O101OO01O2K40OO3N11000O10O100008G10001N100000I7O11O0O1001CcCkL^<S3dClL\\<R3?N3O0000001N3M1N2L5N1]OcBXN^=h1cBWN]=i1cBVN^=i1cBVN^=m0^BB5@^=n0]BD4[Ob=P2<0OO100@nAhNR>g0oAYOOOS>e0QBKP>4QBLn=4RBMm=4QBMo=3QBMo=2SBLn=4RBLn=3SBLo=UOlAj05JJ_OU>n0nAKP>Y1N1000O10O01JoARNR>m1oARNP>Q2oAQNn=P2RBQN21`=o1^BPN21`=n1_BPN22_=m1`BQN12_=m1`BPN23^=m1`BPN22_=m1aBoM13^=n1bBoM04]=k1eBQNO3\\=k1fBSNM2LM]=n1jBSNL00OZ=m1kBTNK00OZ=l1lBTNK1`=k1eBTNK0a=k1eBUNc=f1c0O1O1000_B\\N[<d1fC^NX<a1iC^NX<b1hC^NPO0K0R=[1j1L4000000010O00M4L4L30001N101O2N6I2O001O0O100O11M6J4N0O2O000003N2N00O0000000000MWck2"}}]}