{"images": [{"id": 0, "file_name": "images/7692494802_0089a213eb_o.jpg", "width": 522, "height": 522}], "annotations": [{"id": 0, "image_id": 0, "category_id": 0, "bbox": [413.0, 6.0, 102.0, 152.0], "area": 15504.0, "iscrowd": 0, "segmentation": {"size": [522, 522], "counts": "_bb66l?`0D:F6K7G`1aN9I5J5M4L4M4L4K5L2N2M3N1N3N1O1O1O1O001N10001O0000000000001O00000000O2O00000O100O100O100N2N2N2N200O1O1O1O1O1O1O1O1N2N2O1kNeCZN\\<b1mCWNU<h1oCSNS<l1V1N2K5M3O1L4M3O100N2O1N2000001O01O4MO0O1O1O2N10000M`A\\Na>b15M3J5O3J6@l@@Z?a0e@]O]?d0b@[OTQ4"}}]}