{"images": [{"id": 0, "file_name": "images/7867395178_711c2601c1_b.jpg", "width": 522, "height": 522}], "annotations": [{"id": 0, "image_id": 0, "category_id": 0, "bbox": [55.0, 121.0, 383.0, 322.0], "area": 123326.0, "iscrowd": 0, "segmentation": {"size": [522, 522], "counts": "aYl03V`02O1O1O001O001O0O101O00001O001O1N10001N100O1O1O1O2O0]O]O_Ac0`>^O`Ab0_>@`A`0_>B`A?\\>DdA<W>IiA7V>JkA5U>KkA5U>JmA5S>LlA4T>LmA4R>LnA4R>LPB2P>NPB2l;AbD1J;H3m;B_D2J:I2n;C^D2I:K2n;B\\D4J8L2n;DZD3K8K2Q<CXD3L8J3R<CWD2M9H3<[On:8nD3N8J36_OU;3lD3N:I27@U;3jD3J?OK6BV;3jD1Ia00J7Ac0JZ9;QF0Ka0OJ6Ad0K=J\\7b0`GOLa0OI7Ac0L;Jb7b0ZGO0`0LK9^Oc0M9Le7Z1ZGf04XNc0MO5Q8P1YGg02XNd0ML7V8n0WGf02ZNc0LM6X8n0VGg01YNd0LK8Z8k0WGi0NYNf0KJ9\\8i0WGi0MZNe0LI9_8h0VGk0JZNf0LB?h8`0VGa1?bM^Oa0m8=UGa1>iN^8FUGn0MoM`0]1^8HSG_NK\\24PN>^1`8fNnF`04POM[24QN;_1b8GTGj0KeMO==^1f8GRG^16kNi8HoF`14kNl8V50RMoFbNQ9_1oF`NR9\\401N01000O2O1O1O001OO2N2M4M2M3M2O2NBZIPGN7g6h8bIUG^6l8?1O2N3M2M4MlGZIg6d6SIeIk6[6oHlIQ7S6lHQJS7n5jHVJW7i5fH[JY7d5dHaJ\\7_5`HdJa7]5UHlJj7j61O1N2N101N2O0N3N100O1O1N101000O01O100N2N3N1O10000O0010N4F;I5L3M4OO100O100O200M4N0O2O1O1N2O0O200000O010O2N2N2E=K3N2O3L1O1O00001N2O001O00O1O1O1O1O10O100O01O10001O2M100000O1M3L4N3N1O1000000O1N2H9M2O1101N2N2N3M2N0OLjFVIV9e6:M210003L2O2O0O2N2OO011O4L2O01N1N4M3L5J4M4K5K3M2N1L3O10O0O2M2O01001O0011O2M4N3M2M2O2N4K5K2O0O1001O0O100O100000000O2N12O0O1000O1O001O0O2O0O1O1NVIhGPONa6Y8\\JoGQOJb6U8RJmGDMH7b6n7oITHEFL7_6n7nI[HDL^6h7kIRIU6n6eIWI[6\\8N1O2M201O0O2N101N1N3001]OlImFU6S9kImFV6R9jInFV6Q9jIoFX6o8iIPGZ6n8eISG\\6l8dITG]6j8dIUG_6h8bIXG^6h8bIXG`6f8`IYGb6W92M2N1O2O000O1000@mFhIS9Q6dFmIo9R6401000O2O0O10bKPFa2Q:^MQF_2P:kLoEA2b3P:XLmE4302`3P:]LlE1322^3P:`LkEN522\\3GVLW:<mEO423^3l9aLoEM342^3l9`LQFL262]3j9`LUFL054\\2IoMn9CVFL064Z2KoMk9DWFMO661FOMn08YOi9FWFLO88MGOLo08[Oe9FZFLN7:LG0JP19ZOd9F[FLN89KH1Jo09ZOc9G\\FKM9:IH3Jn09ZOa9HPG3<LlNm09ZO_9IQG4<JnNm07SOf91jF4=JnNl07ROe92kF5=JmNl0f:TOQF5?IkNm0d:UOSF4T1g0i8UOTF2U1h0g8TOWF1U1k0c8SOPIl0X;O1NXOXOQBg0o=ZOQBd0Q>\\OnA`0V>@kA>V>CiA;Y>EhA:Y>FgA8Z>IfA5\\>JeA3]>MQ10O001O10O001001N01O1O011N1Ng`Z1"}}]}