{"images": [{"id": 0, "file_name": "images/7895437542_bd77a0e93f_o.jpg", "width": 522, "height": 522}], "annotations": [{"id": 0, "image_id": 0, "category_id": 0, "bbox": [7.0, 22.0, 458.0, 493.0], "area": 225794.0, "iscrowd": 0, "segmentation": {"size": [522, 522], "counts": "Rk312R4n0kLQOUOl9d6A<H3mFlHk8Z7O2L5N0O2O1N1000010O0000000010O0O11O000000000001O2N1O001O00O1000O01O2N100I7I7000O10O101O00000O10O10O2O000O1L4M3O1O1M3M3O1N2L4L4N2O1M3N2O1O1aMnF`MX9\\2PG[MU9e2PGVMP9j2QGVMn8j2XGPMh8P3YGoLg8S3XGkLi8V3VGjLj8W3dGZL\\8Q3`FYLJ:[17\\8V3dFdLS10Z8]3dFbLT1LZ8b3cFbLV;_3jDaLU;`3jDaLU;`3jDaLU;a3lD]LS;e3PEXLn:h3REYLm:h3REYLm:i3XEQLg:P4YEoKg:R4XEmKi:T4VElKj:U4e03M4L1O001O1O2N1O1O2N001O001O001N2O3M4M4K2N4L1O2N2N4L2N001ORKcEQ4[:PLdEQ4[:o001OZLlEV1T:gNPFlMK00Ob00[O0O_1OlN[:i1aGWOXNiNMOZ:R2hGfNP9[1^GoMi8U2d24RBcMg=e2YB\\M^=a3bB]Lc<i3L2N1O2N2N3M3M5K2N1O001O1O001O2N3M1O1O00001O00001O0000001O1O1O2N3M3M4L5K3M3M2N3M:F6J2N2N2N1O3M1O00000000O100O1\\N\\F]Li9^3hFPL^9P4^1001O2N1O2N2N4L4L1O2N1O3M2N2N2N5K1O2N4L3M2N4L3M6J2N1OgM`FkM]9U2cFmM[9T2dFnMZ9c4N2NhMUGUMf8m2\\GRMb8o2]GSMa8P3]GoLc8R3bGiL]8Y3bGgL]8Z3cGeL]8]3YHiKi7[4[H\\Kg7d4`HRKb7P5dHfJ^7]5f12N3M4L5K7I5K2M3N101N3M2N`0@9G1N2O01_OYG]Ig8b6ZG^If8a6[GWINOg8k6dGQI_8Q7<001O3M2O7G7J2O2M1O1O1O001O0000000000O1O11O0000001O0000O1O100L4nNcGTJ`8k5aG]IL`0g8T6]G[I11N1g8c6h0002N1O1O4L3M1N3N2O1N7`LbHfMe7[59I9Fm0fKlFC\\96dFJd9[37H=B3O3L8H5K2oJ_E:Go2i;g09dKmC1Nk3_<M0000001O001O001O1O00O02O0000100]L[C_3i<OO1[ObL]D^3c;cL^D\\3X<11N1N101O000000004M0N20O000000O101O1O1WOmBYNW=c1nBkMJ1O1Z=S2g01O3N00O3L3N3NO3LFoAXNT>f1QBXNR>f1nA[NS>c1nA]NS>a1?oNXA8i>FXA:i>DXA<h>B[A5L@l>:]AIT?1o@OR?NPA1f?On_OOl?0T@1j?0V@0j?0V@OiP10hoN4f>MYA3g>MYA3_?0o`1LmnM1l?0Y@3g?MY@4f?LZ@3o?03M10K0m_O2R`0Nn_O1ca3OlnM1cR2NVmL0000000000000H4R@Lf>2nAN]O>MCh>1lA0_O<MC`?1c@<NBg?4Y@20JR`01o_OOR`0040H0Q@6c?K`@4L1c?M`@2M1k?NV@2j?OU@1g?KY@?e?3O15]OW@:`=JaB3o1La;3_B4m1Id;2`B5l1Ib;LaB615l1J`;4dBOn1N^;3dBOk1ITN5\\=4eBNk11a;OeBMQ2OQPm0"}}]}