{"images": [{"id": 0, "file_name": "images/7995843712_09be795091_o.jpg", "width": 522, "height": 522}], "annotations": [{"id": 0, "image_id": 0, "category_id": 0, "bbox": [115.0, 93.0, 333.0, 389.0], "area": 129537.0, "iscrowd": 0, "segmentation": {"size": [522, 522], "counts": "Qmj1d0c?:H2N102M5H5I6M3O1000000001O1O1H8OTAeNi>b1MO001O00O2O^N\\Ai1Y>WNgAj1]>01M3F]AfNg>Y150UAdNf>b1G;L2O00O2N10O10010UBTNV=m1fB^NR=b1mB`NR=_1nBbNS=[1oBeNQ=Z1PCgNP=X1PChNo<X1QClNh<X1WClNc<W1\\CjNd<W1[CiNe<V1\\CkNc<U1]CkNc<VOTCT1N[O=;i<6lB@::P=0dBI:8_<]OfCR1JA]<BiCQ1C_O\\<KmCg0F^OZ<3lC?I^OX<=nCOJDU<d0nCFNFQ<U2oCkMm;X1PDkM30Ng017l;W1fDYN]Oc0h;W1jD\\OS;i0fDZOW;n2N2O1O1N2M4N1N2O1N2O1N2O1O1O1O1O1O1O1O1O100O1O100O100O010O01O010O010O010O10O10000TFbJk8`5lFoJm8Z6M2N2M3N1O2N1O1lNeHWH1l0[7g6eH]H4l0X7b6PI^IQ7`6PI`IQ7]6QIcIo6\\6SIcIo6Z6RIjHBe0]7`6XI`Ih6^6ZIbIg6\\6[IcIf6[6[IeIe6Z6^IdIc6T6]H[IS1`0a6m5nIPJR6l5SJTJm5i5UJWJk5h5RIoI69g6g5SIVJ4IVOOd7P6SI[JMI\\OLd7o5QI`JMF@Ic7n5RIdJKD^OLf7j5QIfJNJP7_5TIUJUO>h0No6]5UIVJVO405c04R7\\5fIYJcNOe0=Q7Y5mIZJ^N0a03_O2e7_5SJ\\JiN2@3d7]5VJ]JfN2A5c7Y5mJaJ`M6b7Y5PK`J_M6a7Y5QKaJ^M6a7W5dJdJYN5S7V5eJfJWN4S7V5dIoJ^OGL3Q7W5TIiKHnN12R7W5RIQLGgNJN14Z7W5PIWLH`NMN23X7Y5hHaL;QNG3W7o0eHT3LoM`0kMA0g7n0bHa5LaIK0O5h7f0dHf5IlIa7=hHh5FjIc7<iHj5DkIb78nHo5\\OmIc72RIS6ZOkId7MPIF]Ob61iIb7KSId6]OSIM8d7I]H0e0m6]O]Ic8f6ZGZIi6FlJOZNR70YIc62mJi6`NUI_69nJP7l4WIRKk6d3YHQLT18d6V4RJgKo5U4WJ`KT6Z4TJ`KP6]4RJaKP6_4WJQKQ6o4f2O0`KlD\\3L_LY;5kDj3T;VLlDP4P;dKlDO;\\4_;00O001UOUDUMl;i2VDVMl;h2TDYMNZOj;_4OnNWDaMh;[2^DhLJ22<f;f2aDkLH22=e;d2bDUMG9h;_2cDoLD52=g;]2iDSMC?d;\\2jDUMCNK<i;`2iD]M_O5i;Z2mD_MYO9i;V2TE]MSO=i;T2VE^MQO?i;Q2WEVNj:g1XEYNh:e1^EWNb:g1`EXNa:f1`E[N`:c1aE`N^:]1fEaNZ:]1hEmM^Nc0j;^1lEcNU:Z1mEfNS:X1oEgNR:X1oEhNQ:V1QFjNP:S1UF\\NQN8h;Y1bFfN`9W1cFhN]9V1fFhN]9S1iFiNY9T1Q3L3N3L4L4L5K9ES]\\1NTccNO01]A8c<F\\C=W>1N3aNCmBd0P=[OnB4UO2l=InB3]O0f=OiB1DOb=4eBMKNc=2aB0OMa=2_BO6NT>2oANn=3TBMi=4YBLX=0mA4l0LW=2dA9V1EV=?mBBT=7RCIm<1WCORhU1"}}]}