{"images": [{"id": 0, "file_name": "images/8038257710_31e0ecfd5f_o.jpg", "width": 522, "height": 522}], "annotations": [{"id": 0, "image_id": 0, "category_id": 0, "bbox": [53.0, 64.0, 294.0, 184.0], "area": 54096.0, "iscrowd": 0, "segmentation": {"size": [522, 522], "counts": "]Wk06R`03M2O1N2O100O1O1O10000O1O100O10000O100000000O11O00O2O0000000000000000000O11O0000000001O01O01O0010[O`@>`?B`@>`?7O1N101O001O001O1O0N2O2N101NFn@^OQ?c0o@]OP?P1N2M2ZOeN[B]1d=eNZB]1e=dNYB]1g=dNVB[1m=gNoAY1R>jNiAW1Y>6gA[N[>[1?N10100O1O01000O0100000O10000000000000O0100O01000000000O010001O000O101O00001N10001O000O2O001O0SO^NRCb1n<^NQCd1_;hNVDD038c1`;gNnCBf02Lg1_;dNPDCe02Hk1d;aNmCB60543i1b;TNnC0O50L2N7150B0:0G0Om1R<eNnC^O81KN541U2g;iMPD50N0M71JN721Y2e;ZNZDZOK1521[2e;VN`D\\O83[OU2l;mMTDLO9>F82\\OONU2l;oMUDK19<G81@U2f;oM[D2X1o1[:kMVD37MJ0i0OD1GU2d;QN^DJg00FV2V;kMVD080IOh01XON>W2_;jM[D1G0n0NAW2j;jMgC2Y1MiNZ2X<fMfC3?M=Z2S;fM[D1G0=Oa0W2Q<iMoCX2Y;iMVE0cN0OW2Y<hMUE1cN0OW2Z<hMQD0l0X2S;hMPD1k0Y2`;gM]DOoN[2d<fM`DZ2a;eM_D[2Z<eMmB[2]=fMXBZ2h=fMXBZ2^=eMnBZ2R=fMnBZ2]=4O11O10McMYB[2g=eMYB[2h=eMXBZ2X;eMVG1aMZ2l=1cMeMlDOb1\\2c9eMjDOe1Z2b9fMiD0f1Y2_9gMoFY2Q9gM_E18OoNZ2o:gMSF06Y2g9fMUE1b0OVO1Y1Z2T:hMcDMV2[2W9kMgFW2Y9iMYEJe0]2R:iMXEKg0[2Q:gM]EN;0kN\\2];eM^EO:0kN]2\\;dM_EO:2jNZ2];eM^ENVO0V11iN\\2];eMmF\\2h8bMeG]2[8cMWE1R2\\2g8cMWE1R2]2P9cMPG^2P9bMoF`2P9`MQG`2o8`MiEO2a2T:aMjEN3`2S:dMoDLh1`2W9eMQEK?0`0`2P:dMjDL50a00`0`2P:dMRELg1a2V9cMUG]2k8cMUG]2l8aMTGa2k8_MUGa2[;O00bM^MTGb2Z;0I^MfBb2Z=^MfBb2S;^MTGb2l8^MTGc2Z;NaN_MXE`2Y<1O0O101O010\\N`M[Ea2_:\\MTD9Q1IUOON\\2h;nMUEF\\O^2^;cMUD4b1Y2Y:cMVD2T1LQO1M_2g;aMYD1S1NPO1M_2g;bMXDNd1`2T:bMWDOe1`2S:aMSF3UNR2g;lMUFM[NT2o=M101N1O1O2O1N2N000000010O1O1O1O001O000010O01N100000000010O00O2O1O001O001O001O1O1O1O001O1O1O100N2O100O1O100O1O1O1O1N2O2N1O1N2O1O1N4L3M4K]oh2"}}]}