{"images": [{"id": 0, "file_name": "images/8251992866_b2ccd44d02_o.jpg", "width": 522, "height": 522}], "annotations": [{"id": 0, "image_id": 0, "category_id": 0, "bbox": [118.0, 209.0, 91.0, 246.0], "area": 22386.0, "iscrowd": 0, "segmentation": {"size": [522, 522], "counts": "i`l1\\1f><F8I7H8H8H7L4L4L4K5L4H7C>G9H9D<H7J6K5M3M3L3N2O1O2N1O00100O1O1O1TOXJVGg5f8`JVGb5h8aJVG`5i8Q1M3N2O100000000001O00001O010O001O1N2_IWG_5l8]JVGb5n8XJUGg5o8SJTGk5g9O1O1O1O1N2N3M2N3K5L4L4N3M4K5L7I8G8H8H<E5J5K3N3L4M3L5L4K6K6J<Be0ZO>^OaUo4"}}]}