{"images": [{"id": 0, "file_name": "images/8373366354_7c8eca079a_b.jpg", "width": 522, "height": 522}], "annotations": [{"id": 0, "image_id": 0, "category_id": 0, "bbox": [13.0, 62.0, 478.0, 413.0], "area": 197414.0, "iscrowd": 0, "segmentation": {"size": [522, 522], "counts": "Yj6<l?5J5M3K4L6K3N2N2N2N2N1O2O1N101O000O1000001N2O:E4M2N1N4M3L5K4M3L4M2M2O3M3L3M2O2M2O2M101O1N1000000O10ORDoLd:Q3TEeMHgN`:j5I^MgEfL1Z2T:k3K4K4M4K5L4K3N1N3N2M3N2nNjHkHY7m6RInHQ7m6SIPIQ7k6TIQIP7k6QIUIP7i6QIWIP7g6RIWIR4JhMo6VNWIP40eMi6]NUIm35eMc6aNXIi38eM_6cNWIh3<cM`6cNTIh3`0cM[6fNTIg3d0aMW6iNUIe3h0^MU6lNRIg3j0\\MV6kNPIg3o0ZMR6oNnHg3S1XMo5QOnHf3X1TMk5VOlHf3_1nLe5\\OlHe3k1cLZ5IkHb3T2]LR51jHa3X2[Ln44iHa3^2VLk47gHc3c2QLh4;eHd3n2dK_4h0bHe3d:[L\\Ee3e:ZL\\Ef3c:[L\\Ef3d:ZL[Eg3e:o01XK[Eh3f:WLZEj3f:VLZEj3f:VLZEk3c:VL]El3a:TL`Em3`:RL`Eo3`:PL`EQ4_:oK`ES4Z:TKhEg0OW4Q:bKPFM0a4k9hKVF_O5j4b9VLZFn3b9ULZFo3d9\\1O2N2O001N110O2O0O10O10000O10000O01O001N101N1O2O1N1O1O2N1O1O2N1O2N100OPN[G]Ld8c3^G]La8c3`G\\L_8e3fGVLY8j3mGQLR8P4PHoKo7Q4RHnKm7S4THlKk7T4VHmKh7T4YHkKg7T4ZHlKe7T4]HlKb7R4aHmK^7S4iHgKW7X4lHgKR7Z4PIdKP7[4SIcKl6\\4WIcKi6\\4YIcKg6\\4ZIdKe6[4_IcKa6\\4aIcK^6^4cI`K^6_4dI`K\\6_4fI`KZ6^4iIaKV6`4kI^KV6`4mI_KS6`4nI`KR6_4QJ^KP6a4SJ\\Kn5d4TJYKm5g4UJUKm5k4i2000000000000000000001O0\\GQKl5P5SJSKk5m4TJVKj5j4UJXKj5h4VJZKh5f4WJ\\Kh5d4WJ^Kh5b4UJcKi5^4PJjKm5W4QJmKm5S4RJPLk5Q4UJQLi5o3VJTLh5m3VJVLh5j3XJZLUNbNX7T5cJeLY5[3fJhLW5Z3gJhLX5X3gJiLY5W3fJkLY5U3gJkLY5U3fJlLZ5T3eJmL[5S3dJnL]5R3aJnL`5R3_JoL`5R3_JoLa5Q3^JoLc5Q3\\JPMd5P3[JQMe5o2ZJRMf5n2XJTMh5l2WJTMj5l2UJUMk5k2SJVMo5i2PJWMQ6i2nIWMS6i2kIYMU6g2kIXMV6h2iIXMX6h2fIYM[6g2cIZM^6g2`IYMa6g2]IYMe6g2ZIWMj6h2UITMP7l2nHRMV7n2hHSMY7n2cHTM^7m2[HWMg7d53N1O1O1O11O3M3M4L5K4L4L3M3M5L2M2N4L101N2N2N2N3M2O1N2N3MQNmIiIQ6W6RJhIl5W6XJiIf5T6_JkI_5R6gJnIV5P6nJPJP5n5VKPJh4n5]KRJa4l5fKPJX4n5nKPJP4n5YLnId3o5iLiIV3T6QMjIl2T6YMlId2S6`MnI\\2P6hMQJV2m5oMRJn1l5XNRJg1l5\\NUJa1h5fNWJX1f5POWJm0g5YOXJe0e5_O^J<`5I`J5]50dJMY57jJDR5a0SKZOi4l0VKROe4X1WKhNd4_1[K`Nb4d1]K[N`4k1]KVN\\4S2aKnMQ4QLTK^6h0bMo3oK[K5NW6g0eMP4VMaLQ3]OJQ4aLZMc3cNLT4WLkMf3nM5\\7D_H?g7_OQHf0T8f31O3L3O0O1O0001O1O1O1N2O2OO000O1N2M2O1O2N101O1O2N1O1O1O10[JfHZ2X7fMoHS2Q7lMTIQ2k6PNXIm1g6SN`If1a6ZNjIdNYO=l6P1XJUM`0W1X5f1jLVNW3j1jLUNU3m1kLQNU3Q2kLmMV3T2iLkMX3V2gLiMY3Y2fLfM[3[2dLdM]3^2bL`M^3c2`L]M`3e2^LZMc3i2ZLVMf3m2WLSMj3o2TLPMm3Q3RLoLn3S3oKmLR4V3lKhLU4Z3jKfLV4\\3hKdLW4_3eKdLZ4]3dKbL]4`3bK_L^4c3`K\\Lb4e3]KYLd4j3YKVLg4l3XKVLf4c0_Ha1k2mMd4`0dHc1g2lMf4`0eHd1e2jMh4a0dHf1b2iMj4`0gHf1^2jMl4>hHh1[2lMk4;mHg1X2oMk49oHg1V2oMk49RIg1S2PNj49UIe1Q2RNk47XIc1n1UNl46YIc1k1VNm47\\I^1h1ZNo45]I]1e1^No43_I]1b1`Nn43dIY1`1bNm45eIW1^1cNm46gIU1]1eNk46jIT1\\1dNj48kIT1[1cNj4:mIP1Z1eNi4;nIP1Z1cNh4=QJn0W1dNh4?RJl0W1cNg4a0UJi0U1dNg4c0VJh0T1aNh4h0VJd0U1_Ng4m0VJc0W9]OlF`0T9@nF>R9BPG=o8CSG;m8EUG:j8GWG8h8HZG6g8I[G5e8K[G6c8K^G4b8L^G5a8K_G5a8K`G5_8KaG5^8LcG4\\8LeG3[8MfG3X8NiG2V8MmG2R8NoG2o7ORH2l7NUH2j7MYH2e7O\\H1c7NaH1]7OeH1X7OkH1S7OoH1n6OTI1k6OWI1\\MQOT8m0bJ3UMUOV8i0fJ3oLWO[8e0hJ6eL[Ob8>lJ8[L^Oi8:mJ;TL]On88PKU1Q5kNPKT1o4mNRKQ1o4nNTKP1l4POUKn0k4ROWKm0i4ROZKl0f4TO[Kj0f4UO\\Kj0c4WO_Kf0b4YO`Ke0a4[OaKb0`4^ObK`0^4_OeK>\\4BeK<[4DhK9Y4FiK8X4HiK6X4JjK2W4NlKOU41lKLV43mKIT47oKES4;oK@T4?PLYOT4h0g5O010O100O00100O1O100O101N2O1N3M2M4KZe?"}}]}