{"images": [{"id": 0, "file_name": "images/8758441946_e6ea1d3960_o.jpg", "width": 522, "height": 522}], "annotations": [{"id": 0, "image_id": 0, "category_id": 0, "bbox": [49.0, 81.0, 342.0, 435.0], "area": 148770.0, "iscrowd": 0, "segmentation": {"size": [522, 522], "counts": "`Zi05R`03O2M2N2N2N2O1N1O2N2N2N1O2N1N3M2O20O01O1O0010O001O01QDmNg8S1XGnNg8R1YGoNg8P1YGQOf8P1XGROh8n0XGROh8m0WGSOj8m0VGSOk8m0TGTOl8l0RGUOn8l0QGTOP9l0nFTOT9l0kFUOT9l0kFTOV9l0iFSOY9o0cFRO]9o0bFQO_9P1_FPOb9Q1[FPOf9S1UFmNm9T1PFnNP:Y1gEhNZ:X1eEgN]:Y1bEgN_:Y1_EhNb:X1]EhNc:X1]EhNd:X1[EhNf:W1ZEiNg:W1YEhNh:W1XEiNi:X1VEgNj:[1TEeNm:\\1REcNo:^1oDbNR;^1nDaNS;d1gD\\NY;h1dDWN];i1bDWN_;j1_DVNb;k1\\DUNe;k1ZDVNf;i1ZDWNf;k1XDUNi;k1VDUNk;k1TDUNm;l1QDTNP<l1nCUNS<l1kCTNV<l1hCUNY<l1dCUN]<l1aCTN`<m1^CSNc<n1ZCSNf<o1XCQNj<o1SCRNn<Q2lBQNU=a21O1O1O100O1O1O1O100O100O100O1O1000000O10000O1O1O010000O010O101N3N3L4M1O1O2M2O2N1O1N2O2M2O1N3N2M9H;D7J7H5L3M4K6K:FlM_EhNW:S1RFoNi9P1[FTO]9l0mFTMYOc1[9Y1YHaNb7`1jHUNU7l1SIkMl6V2^I`Mb6`2fIXMY6i2oIlLT6U3_3BXC]Mg<b2\\C\\Mc<e2^C[Ma<e2_C\\M_<e2bC[M]<e2eCYMZ<i2fCWMY<i2gCXMW<i2jCWMT<j2mCUMR<l2oCTMP<m2PDSMn;n2RDSMm;m2TDSMj;n2XDQMQ2IR7V3nFQMn1JS7V3PGPMk1KT7V3RGoLg1MV7U3SGPMd1KZ7V3RGoLa1M]7T3RGQM]1M`7S3TGPMY1Ob7R3UGPMU10f7Q3VGoLo04j7Z2eFeMd0M_O@k0n0]8Q2eFdMe0o1e8>fFcMf0n1c8`0gFcMg0^OYOX2Z9g0fFPM3=k0a1c8S1iFXMk0h0R9P2SFYMU<g2kCYMU<g2kCYMV<f2kCYMU<g2kCYMU<g2kCYMT<h2lCYMS<g2mCYMS<g2cCnL8:T<i2dCmL8:T<i2oCWMP<i2QDWMo;j2PDWMo;i2fClL8;R<i2fCnL2=Y<d2eCcM[<]2eCcMZ<^2fCcMZ<\\2iCaM\\6EQOi2cJbM]6IkNe2iJaMc2@n0>`1a2PK`M`2DR1a0V1Z2RKoL2e0a2DW1`0Q1S3bMaL`1>j0Q3bMdLh1;b0R3bMeLQ299S3cMeLY29OW3`MbLf2:CW3`MbLR39YOd3kL\\LQ42mN]5X1fJbNX5f1hJSNX5R2hJjMU5_2jJ\\MR5m2oJlL]3VMcK_7S1TKQ3]MjKm7W1`Jm2o5RMlIi2_6XMXIi2n6VMmHj2Y7VMaHj2e7VMUHj2Q8WMhGg2_8]MXG`2P9bMiFS2ZO]LY:c1RFe1g:Z1f0VOYDWLO105Q<^3]D\\Li;]3h0K4K4L5K7J8H8G4nNjAJW>5kAHV>7kAIU>4oAKQ>3QBMn=2UBMi=4XBLg=4ZBLf=3\\BLc=4^BLa=4`BL_=4cBK\\=6dBKZ=5jBHS=:RCDk<<XCCf<>]C@`<`0dCAiNBO10a0O@5OR<m0TEk0g:VO[En0^:TOcEQ1T:QOoEo0l9SOaGC[8?oGWOP8i0g31N3N1O1N3M2OC\\AWOb>g0eAWOY>j0hAUOW>l0jATOl=T1VBkNj=U1WBkNh=U1XBkNg=V1YBkNg=T1YBlNh=S1ZBlNe=T1\\BlNd=S1\\BmNe=R1\\BnNd=R1\\BmNk=l0UBTOc=U1]BkN]=[1cBdN^=[1cBeN]=MSB<09a0]Od=9kA9a0_Oe=MiA52=a0@l=1cA?a0@n=NfA=<EP>LbA2K:c0IQ>JaA3L8b0KY>LWA7a0MX>LWA7`0NY>LUA6b0NZ>LTA5a01[>JTA4b02X=GUC2RO4b02Z>JSA5b02S>H`A1J7a0OV>I_A;;M_>2bAM_>1cAO\\>2cAN^>1cAOQ>IeA7:0]>1bAO^>2bAM_>No@Mb05Q=IhC4]O3k<IhC4]O2l<JgC4\\O3l<JiC1\\O4k<LiC0[O5Y?00O100O100O010O1O00100O1O01000O1OhM1W220O1NS20mM1O10OVbR2"}}, {"id": 1, "image_id": 0, "category_id": 0, "bbox": [425.0, 339.0, 81.0, 142.0], "area": 11502.0, "iscrowd": 0, "segmentation": {"size": [522, 522], "counts": "lPi64V`01O100O001O00000O1000000O1L4O1O2SAFh=:WBHh=9VBI^=GkAf0g0D[=d0dB^OZ=c0VBZOK4n=d0SB[ON3n=b0QB^O11Q=CbCb1\\OlNP=DdC_1\\OnNo<DdC^1]OnNP=DcC]1]OPOP=DbCZ1_OROo<EbCY1^OROQ=EaCX1^OSOR=F_CW1]OUOT=E^CY1_OmNT=J]Ck1e<VNZCi1f<XNXCi1h<XNWCR1BWOV=FXCl1g<UNXCk1i<UNVCk1j<VNTCl1l<TNSCl1m<VNPCj1Q=XNkBj1U=g0O1M4L2O1O1O2N2O1000O1O2N2N3L5L;D6I5Lc0]O2L3B^AnNg>n0<O10O1O2O0O10\\Oo@OQ?OTANk>0\\ALe>0_ANb>OcAO^>MfA2Z?O2Mgf7"}}]}