{"images": [{"id": 0, "file_name": "images/8899488349_7434eae979_o.jpg", "width": 522, "height": 522}], "annotations": [{"id": 0, "image_id": 0, "category_id": 0, "bbox": [66.0, 55.0, 142.0, 439.0], "area": 62338.0, "iscrowd": 0, "segmentation": {"size": [522, 522], "counts": "_oQ1n0T?8H5L1OM20O2O2O10O20001N2N101M3001O1iEUOQ5m0kJEf4;WK2^40_K8Y4JdK?jKYNP8Z1lJhNYMO2Z2d7oNgJd2U5\\MhJk2R5XMdJT3Y5mLcJY3Z5hLbJ^3[5eL_Ja3_5cLRJj3l5[3M4K4J6K5oMQ2M4K5M3L@lKQEm3Q;XLnDe3R;_LmD_3R;eLnDY3o:kLQET3k:RMUEk2g:\\MYEb2e:bMZE]2f:eMZEY2f:hMZEW2f:jMZEU2f:lMZES2f:oMYEP2h:PNXEo1i:QNWEn1k:RNTEm1n:RNQEo1Q;PNnDo1U;oMkDP2Y;VMjDLMm2_;mL\\ET3l;000100O010O1000000000000000O2POkLiDU3k:aMkD_2`6iL]MQ1oKV2n0jLk3c0lNd0YLo1l0PMh3d0nNa0\\Lm1l0QMe3e0oNa0_Li1k0VM`3e0RO`0aLf1k0ZM]3b0TOb0bLc1k0^MZ3`0UOb0fL`1j0bMU3?XOS4aMdKQ3;[OT4bMfKn28\\Oh0mLS1h0QNk24^OX4fMiKg20AZ4gMlKa2LE[4iMnK\\2HH^4kMoKX2DIa4nMQLR2^OOc4oMTLl1ZO2f4QNTLi1VO1l4UNQLf1TOMT5\\NkKd1oN0X5\\NlKa1kN3[5[NlK_1jN5\\5[NlK^1hN7\\5[NnK\\1fN8^5[NnKZ1dN;_5[NoKX1cN;`5]NnKV1bN<a5^NoKT1]N`0f5ZNPLT1SN`NiNP2V7]NoKQ1ZN?j5_NnKo0YN`0k5bNmKk0ZN=n5hNjKi0XN;S6kNfKi0XN5X6SOaKf0YNN^6[O[Ke0ZNDd6GTKd0_7]OaHc0_7\\OcHb0]7^OdHa0]7_OdH?\\7AfH=[7BfH>Y7ChH;Y7DhH<X7DiH:W7FjH9W7GjH8V7GkH8V7GlH8T7HlH7V7HkH7U7HlH7e;O0O2N101O1N101O0O2O1Ngko4"}}, {"id": 1, "image_id": 0, "category_id": 0, "bbox": [146.0, 73.0, 238.0, 413.0], "area": 98294.0, "iscrowd": 0, "segmentation": {"size": [522, 522], "counts": "_fZ2c0c?7J4L3M3N2M3N2N2O0O1O1O10O0002OO1O00100O00100O10O10O10000O2O000000000000001O000010O0001O001O001O000010O010O010O01000O100O1000000O01000O100O010hKhN]IX1`1gN]Jf0`0\\OS30?W15d1YOUMb0W1Ko1BkLa0W1GT2IeL?W1nNn2c0kK>X1gNT3m0eK:X1^N]3X1\\K8X1UNf3e1QK6Z1]MW4iN]Jd334Z1RMi4j2mI2[1lLP5R3fI1Z1fLX5Y3^IO^1_LZ5b3XINb83^GKc85^GIc88]GGc8:]GDc8=^GAc8`0]G^Od8c0\\G[Od8f0]GXOc8j0]GTOc8m0^GPOb8R1`GkN`8W1`GgN_8[1bGcN]8`1cG^N[8e1fGYNX8j1iGSNV8P2lGmMS8V2nGgMR8Z2oGcMS8]2oG_MR8b2oG[MR8f2PHVMR8k2oGRMQ8o2QHmLP8T3RHiLn7X3SHfLl7]3UH`Ll7`3UH]Ll7d3UH[Lk7e3VHYLk7f3XHWLi7i3XHULi7k3YHRLi7m3YHPLi7n3YHPLi7ERGa3W1gLk7YO]Gm3i0hLf8V3[GhLg8W3\\GeLe8[3]GbLd8^3^G^Ld8b3`GXLb8i3o10010OO2O001N2O1N101O1VOWLPEk3g:Q1I7J7K4K5K6J5K6L3K6J5K6J6H8G9E;E<E;F:G9I8I8G9F<F:F8E:G9G9F;oNbCcMk<T2VC\\Mb=_29L6I7K2M2O1N2O0O2O000O2O0O100O2O00O11N100000001OO2O0001O01O00O12N1O1O00O20O00002N0001O0100O0001O12N0O01O1N110O021M30NN3M3M2N2M7Ib0ZOXQV2"}}, {"id": 2, "image_id": 0, "category_id": 0, "bbox": [323.0, 54.0, 132.0, 432.0], "area": 57024.0, "iscrowd": 0, "segmentation": {"size": [522, 522], "counts": "nfT51X`02`FNZI5S9OaM8\\2H`Jj0dN]Ol6IkIa1ZOdNi6LdIl1]O_Nk6FaIR2CZNj6D^IY2GSNj6EZI]2LnMi6EVId20fMj6FRIi23bMj6FnHm2;YMg6JkHR3a0PMc6OhHU3d0kLe60dHY3h0dLe64_H\\3j0_Lj64ZH`3g0^LQ73UHb3g0`LQ7NVHe3h0_LP7LVHi3l0`Le6H]Hj3m0bLb6D_Hm3n0eL]6^OcHo3P1hLX6ZOfHP4R1hLU6XOhHR4T1hLP6WOjHS4V1iLl5UOlHU4V1iLk5ROnHW4Y1hLe5ROPIX4\\1fLb5SOPIY4^1fL_5ROQIZ4`1fL\\5QORI[4c1dLX5SOSI\\4d1bLW5VOPIZ4i1aLU5Z4kJgKR5[4oJeKn4]4SKcKj4`4VK`Kh4a4XK_Kf4c4[K]Kb4f4]KZKa4h4`KXK^4i4bKWK\\4l4eKSKY4o4gKPKX4R5gKoJW4R5jKmJU4U5kKjJT4W5lKiJS4Y5lKgJS4Z5lKgJS4[5lKeJT4\\5PL_Jo3d5PL[Jo3i5mKXJR4j5lKWJS4l5jKVJU4l5hKVJV4k5iKWJU4l5hKWJU4m5jKSJT4Q6iKoIU4V6eKmIY4V6cKnI[4Y6YKmIe4n8O2N2N1O100O10001O00101WLgD\\2Y;`MhDd2V;YMkDm2R;oLoDX3m:dLTEg34nKe9NbFS5\\9iJeF]5R:7H8H;E7I6I7J7I5K5K3M5J6K4L5K7H7J7I6I8I7H5K6A>I8F:E:F;D<I9H:G:F<F4L5J4M3L3M2N4L4L9G9F5L4L2M4Lc0\\O9FPgQ1"}}]}