{"images": [{"id": 0, "file_name": "images/9004145253_1f1453470f_o.jpg", "width": 522, "height": 522}], "annotations": [{"id": 0, "image_id": 0, "category_id": 0, "bbox": [145.0, 30.0, 274.0, 470.0], "area": 128780.0, "iscrowd": 0, "segmentation": {"size": [522, 522], "counts": "cXZ22W`02j_OMR`0413M2NGR@8R`0Jn_O0Q`05T@Lb?4\\@Nc?3^@La?0f@LU8`0UNDfILP8P1QJNc0VORML51S8U1aI=o0dN[MKT8X1\\I?S1XN[MO41Q8\\1ZIb0V1RN^M0Q8^1ZId0o0RNcMOS8^1YId0n0oMfMOR8`1XIf0m0hMU6c1nHh0j0eMW6d1oHk0h0bMQNNm7f1XIm0i0bMnMKP8g1YIP1R9POnFR1o8nNRGS1S1cMl4Z1QJU1o0hMk4R1WJW1l0iMl4P1XJY1i0jMn4k0ZJ]1f0iMo4i0\\J_1d0iMP5e0^Jd1a0hMP5a0aJh1?gMo4`0cJi1_NSMc1e0Z5=eJ\\2NXM\\59hJ`2LWM\\57iJn1YN_Mb1>e3oN\\LT15f2JXMY3@bL?<j2JWMR3IdL4b0k2IYMl2NgLMd0m2JYMf22kLEf0P3K\\M]24QM^Og0S3L^MU26XMF8k1dNgMh1c0P29]M@5l1hNgMh1f0i1;`M^O4j1kNhMh1g0e1<dM[O2j1mNhMh1j0a1<hMYO0h1oNjMf1k0a1=hMXO0f1QOjMf1l0_1>jMWOOd1ROlMd1n0^1>kMVOOb1TOmMc1n0^1>kMXON^1VOnMc1o0\\1?lMXOM]1WOnMc1C^Ni0l2S1nMXOL[1YOnMb1D`Ng0k2V1lMXOMX1ZOoMb1DbNe0i2Y1kMZOKU1^OoM`1DeNc0f2]1kMYOLR1_OQN_1DgN?f2b1hMZOKP1BPN^1EhN=e2e1hM[OJm0CRN]1DjN9g2j1dM^OGi0HRN[1DlN7g2m1cM_OEf0KUNW1BQO5e2o1cMD@a00VNV1ASO5c2P2cMG\\O>6UNT1AUO5a2P2dMd2CgKR1@WO4a2Q2cM]2JoKi0_OZO4_2Q2dM^2HPLk0\\OZO5`2Q2bM`2GQLj0YO^O5_2P2cMg2]OnKR1VO@4_2Q2`MX4?bIE3]2T2]MZ4>_II3^2Q2[M^4=^IK2_29hLl0`0]5;]IO0g3i0PLi5:^I00k3d0jKo5:]I20m3a0fKS6:\\I30Q4c0[KT6?YI60S4Q8fKoG8OV4o7aKRH:NX4n7]KTH<M\\4j7XKYH=L^4i7TKZH`0M\\4h7TK[Ha0L\\4i7RK[Hb0M[4h7SK[Hc0MY4h7TK[He0LV4i7UK[Hg0JT4l7TKZHi0JR4l7UKZHj0Jo3m7VKZHk0In3n7WKYHl0Il3n7XKYHl0Jk3m7YKXHm0Ki3n7ZKWHn0Kg3n7[KWHo0Ke3n7\\KWHo0Ld3m7]KWHP1Lb3l7^KYHQ1Jb3l7]KZHQ1Ka3k7]KZHT1K_3j7]K[HU1J_3j7[K]HW1I^3m7WKYH]1J^3P8oJVHc1Ja3c8_L^Gc3^8_LbGc3[8^LeGd3W8]LjGf3Q8\\LnGh3n7YLRHk3i7VLWHm3e7SL[HP4b7YJUH\\19]4a7PJaH^1Nc4Q8\\KnGh4o7WKRHj4n7UKRHm4l7SKSHo4l7PKUHR5h7oJWHQ5i7PKXHm4j7SKVHj4m7VKmGfNLR6X8YKjGeN0o5X8^KfGcN3l5Z8`KmG_4S8bKmG\\4U8cKkG]4U8dKkGZ4W8eKiG\\4<XJX6NdI`1FZ4<\\Jo54oI]1^OS4c0_JY4JaL9UOS1F[49aJZ4J_L9WOQ1JY43gJ[4H^L9ZOo0IZ42iJ[4G]L8^Om0H^4LjJ`4E[L8@m0G]5]4_IZL9Bk0G_5Z4_IZL8El0Da5[4\\IYL9Hk0Ad5[4[IXL7LY8j3cGUL70X8j3cGQL76[8c3kH^LY7]3hHbLZ7\\3fHeL[7Y3fHfL]7W3cHjL^7T3cHkL_7S3bHmL_7P3bHPMa7l2aHTMa7i2`HVMb7h2_HWMZ66iG`2n1[MT6:PHX2m1]MP6`0SHP2n1`Mm5c0WHj1l1cMl5e0WHb1^OZMa2>j5g0VHa1V2hMc5h0RHT1ASNk21b5i0PHc1_2cMa5k0mGd1b2aMa5l0jGf1e2]Mb5n0dGh1j2ZMb5T4_JkKb5T4^JlKc5R4_JnKa5Q4`JnKb5P4^JPLd5o3\\JQLf5l3ZJTLi5h3YJWLj5e3WJ[Lm5_3VJaLk5[3XJeLh5Y3YJhLf5V3]JiLd5V3\\JkLc5S3`JlLa5Q3aJPM_5o2bJPM_5n2bJSM]5n2cJQM^5n2bJSM]5l2eJSM[5m2eJTMZ5l2gJSMZ5l2fJUMY5k2hJTMX5l2hJUMW5j2kJVMT5j2lJVMT5j2mJVMS5i2nJVMR5i2oJXMP5h2QKWMo4i2RKWMm4i2SKWMm4i2TKWMk4i2VKWMi4h2XKXMh4h2YKXMf4h2[KXMd4h2\\KYMd4F^Gh2o3bMl4\\2UKcMk4]2UKdMk4[2VKfMh4Z2YKfMf4Z2ZKgMe4Y2\\KgMb4Z2^KgMa4X2aKhM^4V2dKjM\\48[GQ1[4hNY46aGk0Z4oNT46eGd0\\4UOP45iGF_O`0k4Dm36ZHLm3Mi39jMDW2;lMBU2>mM]OV2c0i62N2NO21N2O01OO01000O10O10O001N11O010O1O1O2N1N2O1001OO100OO110O101O000O1O010OO21OO02N01O1N2O0O1O2N2N2M4LnUd1"}}]}