{"images": [{"id": 0, "file_name": "images/Dolphin (170).jpg", "width": 522, "height": 522}], "annotations": [{"id": 0, "image_id": 0, "category_id": 0, "bbox": [95.0, 146.0, 127.0, 250.0], "area": 31750.0, "iscrowd": 0, "segmentation": {"size": [522, 522], "counts": "ei`1<i?6K4M2N20OO20O02O0O100O2O001N101O1N101kNU1D<I7G8K5hLmLVIV3k6lLkH\\3U7eLeHb3Y7`L`Hf3_7[L\\Hk3c7ULXHl2XNgM_9^OSHm2dNcMY9AoGl2lNbMT9DiGm2WO^MP9FeGk2_O^Mm8H^Gl2I[Mi8JYGk22[Me8LSGj2<YMa8OlFi2g0XM]83cFg2S1WMY8h3kGWLU8f3nGZLR8c3RH]Lm7a3VH^Lj7_3ZH`Lf7]3^HcLa7Y3dHfL\\7W3hHiLW7T3nHjLR7S3RImLm6P3XIoLg6n2^IQMa6l2dISM[6k2kIQMV6k2RJlLR6R3c3O2N1O1N2O100O1O1O100O101N2O0O100O2N101N2N101O1N101O1N2O001O1O1N2O1O0O2O100O1O1001O1O2N1O1O0000O2N1N3M3M3L3N3M3L4N3M2M3N3N1O2O2N1N3N3L4L4K4L3Mngh4"}}, {"id": 1, "image_id": 0, "category_id": 0, "bbox": [150.0, 197.0, 122.0, 201.0], "area": 24522.0, "iscrowd": 0, "segmentation": {"size": [522, 522], "counts": "Pk\\22T`0;G3M2O0O2O1O1N2O1O1O1O1O1O1O1O1O1O1O1O1O1O1O010FmNZAV1X>e0G9I7G9M3K5K5K5M3K5L3LQObC\\N[<e1hCZNS<h1QDWNl;j1WDUNe;n1]DQNa;o1cDoMZ;R2jDmMR;T2QEkMl:V2YEgMd:Z2cEaM[:_2nEXMQ:j2e110000O1000001O1N10001O00001O000010O1O2O0O2O0O2O00001O1O1O1O10000O1001O3N0O000000010O0000O2O0O1O2O0O2O0O2N101N2O1O001O1O1O1O1O1O2M2M3J7I6J7G8H8I8JWWo3"}}, {"id": 2, "image_id": 0, "category_id": 0, "bbox": [209.0, 152.0, 141.0, 275.0], "area": 38775.0, "iscrowd": 0, "segmentation": {"size": [522, 522], "counts": "YmZ34S`04M2N2N101N101O1O010O1O2O0O1O101N100O2O0O2O001N2O1O001N101O1O001O001O0O101N2N2N1O2N2M2O1M4J5N3J5K6JaN\\Bb0`=_OgB>T=CRC;g<I^C5Z<OjC1n;3WDKa;:cDFY;;kDDn:?VEAb:d0bE\\OV:h0nEWOj9m0[FRO]9S1gFmNP9X1SGjNa8\\1eGcNS8a1RH^Nh7d1\\H[N`7f1fHWNU7k1PIQNn6Q2WIjMf6X2bI^M]6e2b31O000011O01O0001O0O3N1N2O1O1O100O101NZO`MeC`2Z<jM[CX2e<e03N2M4M4K5L5K8H2N1O101O010O10O011O001N2O01O02N7I4L10O001L3K6N2N2O010O10000O20O01N1O3L3N3K8H8XOZA[OR?4b^g2"}}]}