{"images": [{"id": 0, "file_name": "images/JellyFish (118).jpg", "width": 522, "height": 522}], "annotations": [{"id": 0, "image_id": 0, "category_id": 0, "bbox": [170.0, 154.0, 186.0, 341.0], "area": 63426.0, "iscrowd": 0, "segmentation": {"size": [522, 522], "counts": "glf27l?;G8E:K5L3K5K5L3O1N3M2N2O0O2N2O001N1O2N2O000N3O001N2N1O2O0O2O001O0UCaMk;a2RDcMl;]2UDdM@Kl;a2dDWNV;i1lDYNP;g1QE\\Nk:d1VE_Nf:a1\\E`Na:`1`EbN^:]1fEbNW:_1iEbNU:^1mEbNR:[1QFfNn9Y1TFfNk9Z1VFgNi9Y1WFhNh9X1XFhNg9Y1YFhNf9Y1YFiNe9\\1VFeNh9`1SFbNl9e1lE^NR:f1hE^NV:g1cE]N[:j3O2N4L100O1000O010O001O001O1O101N1000O10001N3M5mEQJJMd9e6M5K1O2N1O1O10bKhFj1V9VNkFj1U9g2N2N2O1N100O10O0[KVGk1j8UNVGk1j8TNWGm1g8RNZGo1f8PN[GQ2d8nM[GU2d8jM]GV2c8hM^GZ2a8eM`GZ2a8dMaG\\2^8cMdG\\2]8bMeG^2[8`MgG`2Y8^MiGa2Y8[MjGe2V8YMmGe2T8XMPHg2Q8VMSHg2n7WMUHh2l7TMhH[2Y7aMkH_2U7]MoHe2o6WMVIk2h6PM]IU3j91O12M1N4M5K4L6I6K=B2OO001N2N2N1O2N1O1O010O[MYCg1h<SNaCi1`<TNcCl1_=N100O0100O010O10O010O1O102M3M3N1N2O000O01O1O00000O2O01O00001O2N00002WOgA[O\\>b0h0L3N5K4IoUd2"}}, {"id": 1, "image_id": 0, "category_id": 0, "bbox": [253.0, 6.0, 95.0, 196.0], "area": 18620.0, "iscrowd": 0, "segmentation": {"size": [522, 522], "counts": "cRQ4;j?7TA@g=d0SBDh=?RBHj=>QBEl=>QBDl=?RBBS<FREk0hNAQ<NPE`1n:eNnD\\1o:hNoDY1n:lNPEU1m:mNREU1k:nNSET1j:nNVER1h:POXEP1f:ROYEo0f:SOYECZO1\\;>[E_O_OMV;e0[E]OALT;h0[E[OCJS;l0ZEYODDX;T1TEWOE_O\\;[1oDVOFZO^;b1kDUOGTOb;g1gDUOl;l0TDTOl0ROY9k1jETOk0SOZ9i1kEVOh0UOZ9f1mEXOe0TO\\9e1PFXO`0UO`9c1QFZO:VOd9a1RF\\O3XOi9\\1TF@NVOm9[1VF_OJWOP:Z1XFACVOU:Z1WFC@UOX:X1XFGYOVO]:T1YFj0f9WOXFl0f9YOSFk0k9k2O1OZMhEZOX:f0hE[OW:e0iE[OW:`0nEAQ:?oEAQ:>QFBn9<VFBj9;ZFDf9:`F`M@_1o9P1cF^MB`1k9Q1gFXMCf1f9Q1[GoNe8P1]GnNd8Q1^GnNb8Q1`GnN`8Q1bGmN_8R1dGlN\\8S1hGjNX8f0QFRNi1V1W8g0]HUOc7j0fHmN[7S1hHiNY7W1hHgNY7Y1hHeNY7[1hHbNZ7^1gH`NZ7`1gH^NZ7b1hHZNZ7e1jHVNX7j1d3O2N1O101N2N1O2O1N101N2N2O0O2O1N2N3L3M4L5J8Haeh2"}}, {"id": 2, "image_id": 0, "category_id": 0, "bbox": [302.0, 35.0, 155.0, 130.0], "area": 20150.0, "iscrowd": 0, "segmentation": {"size": [522, 522], "counts": "bQj4:P`02M2L5M3L4M3N3L3N2M4M4K5K3M2O1N2O1O2O0O010O01O2O0O101N1O2N2N6K1N6J1O1O1O2NNPOj@P1S?5L4M3N2N2O001O1O1I]NfAd1S>=J6M2N2O2N1O2N101N2O001N101O0O101O001OFdBgM\\=e2N1O1O1O1O1O2O1N101N2N101N2O1N2O1N2O1N2O0O2O1O1N2O001O000O101O0000000000001O0001O0000000001O01O000000001O01O0000O2O00001O0O2O0O1N3O0O1O2N101N101WN\\CJd<3aCK_<2eCM\\<1fCNZ<0iCOX<OjCVOBOe<i0lCoNN0X<o0T2M2@o@FS?5VADm>8e0N2MgRQ1"}}, {"id": 3, "image_id": 0, "category_id": 0, "bbox": [438.0, 20.0, 79.0, 261.0], "area": 20619.0, "iscrowd": 0, "segmentation": {"size": [522, 522], "counts": "n]o62W`01O2N2O000VNN\\C2a<3]CNa<4^CL`<7`CI\\<;cCFZ<=dBF6NT==bBK7LS=<`BN;Ln<\\1gBiNb<AcCf2Z<^McCd2Z<h0N1N3M3iCRLo;Z4K4K3N2O3K6K2N1M3J6L4N2M2O2N1O2N2N1O2O0O2O0O3lEXJb9Y6N2O1O001N2O1M5L3L4M3M6J4L2O1N3N1O001O001O0O2O1N2O001O1O10O00010O3KQ3THhD2R10]k2"}}, {"id": 4, "image_id": 0, "category_id": 0, "bbox": [479.0, 491.0, 38.0, 26.0], "area": 988.0, "iscrowd": 0, "segmentation": {"size": [522, 522], "counts": "hed72W`01N2N2N2N3N1O1O100O10000000000N2N2O1O1O100O10000O100O1000000000000000O102LWR2"}}]}