{"images": [{"id": 0, "file_name": "images/JellyFish (257).jpg", "width": 522, "height": 522}], "annotations": [{"id": 0, "image_id": 0, "category_id": 0, "bbox": [109.0, 129.0, 264.0, 301.0], "area": 79464.0, "iscrowd": 0, "segmentation": {"size": [522, 522], "counts": "lgg1:n?4M3L6J8I4K5I5M2O2N1O2N1O1O1O2N1O1O2N1O101N1O2N101N101N1O2O1N1O101N2O0O2O1N100O101N100O101N1O101N100O2O0O101O0O101O0O1jEnLT7S3eHbMkN[O[6S3gJiMiNUO_6T3fJjMhNQOd6U3bJoMfNmNh6U3`JRNdNiNl6V3`JSN`NhNQ7V3]JUN_NeNU7V3[JXN]NcNX7V3ZJYNZNbN\\7X3WJYNZN_N`7Y3UJZNWN]Nf7\\3PJTMQN\\OKj0:[Oj7a3jIXNVNXNQ8e3cI`N^6d1^I[Nc6h1ZIWNf6n1UIoKeNi1W8\\2PIkKjNg1W8`2lHjKnNc1X8g2eHgKTO`0X9m3`G[Lf8l3SGQLQ9S4jFjKZ9Y4aFgKa9^4WFcKk9[53M3K401O10000001O1O1O1O2N1N2O1O1O1O2N1O1O1O2N1O1O1O2N3M3M2N1O2N2N1O3M2N101N1O2N2N2N3M3M2N2N2O2M3M4L3M3M3M5cHcGc6R9001O000O1iNPISH2`01]OP7o7_ISHo6l7h000O2O000000000100O1O1O2N101N1O2N1O1O2O2M4L2N2N3N1N1O2N101N1O10O0O1O101L3N3N1O1K6J5O2L3M4L3N3SKgGX1LlKg8l2`GS1h8kN[GQ1g8oN[Gk0i8UOZGh0g8WO[Gf0f8ZO\\Gb0g8]OZGa0g8_O[G>g8AZG>f8B\\G;f8D[G;f8DZG<f8D[G;f8D[G;e8E\\G9f8F\\G8e8G\\G8d8G_G7b8H`G7_8IdG45[Mg6`2UI53_Me6[2[I3ObMg6[2[IUOeNSOY1]Oh6Z2]IROcNXOU1^Ok6X2_IcN^NnN?h0g0@n6U2aIbNQOG?AP7V2aI`NROI8[OoN6X8U2`I`NROJ5EZ7P2aI_NPOL2H]7m1bI^NPO0IWO]O>Z8k1cI^NnN2AMo7c1cI]NTNZO;1Gk06IS8c1cI]NPNR11ZN2d0[8a1eI]NmMS2_8@eI]NkMR2b8_OeIT1\\6lNfIQ1\\6mNfIQ1[6oNfIn0]6QOfIl0Z6SOiIj0Y6UOjIg0X6XOkIb0X6^OlI=V6BmI:U6DRJ3Q6MWJHm57[J@g5?^J\\Ob5c0dJTOa5k0hJaNd5^1e4O1O1N2O1N2O1O1N2O1N2N2N3M2L5H8K6J7H]h[2"}}]}