{"images": [{"id": 0, "file_name": "images/JellyFish (84).jpg", "width": 522, "height": 522}], "annotations": [{"id": 0, "image_id": 0, "category_id": 0, "bbox": [86.0, 6.0, 318.0, 508.0], "area": 161544.0, "iscrowd": 0, "segmentation": {"size": [522, 522], "counts": "jQ\\1a0^?f0_O>C>D9G<D<D7J3M3L6K4L3N3L6J4L3N3L4L4L3N2N3L4M2N2M4M3M1O2M3N2N2N2N2N2N2N1O2N2N2N101N2N2N101N2N2N1O2N3M101N2N101N1O2O0O2N101]LZI_Mg6`2_IZMc6d2bIYK^On0P7h3fIQKDR1g6m3kJnKW5Q4kJmKU5S4lJkKV5T4lJiKU5W4lJhKU5W4lJgKU5Y4kJfKW5Y4iJgKW5Y4jJeKX5Z4iJdKX5\\4hJdKY5[4gJdKZ5\\4fJcK\\5\\4eJcK\\5\\4dJcK]5]4dJaK]5_4cJ`K_5_4bJ_K_5a4aJ_K`5`4aJ^Ka5a4_J^Kb5b4]J^Ke5a4[J_Ke5a4\\J]Ke5c4[J\\Kg5c4YJ\\Kh5d4XJ[Kj5d4VJ\\Kj5d4VJ[Kl5d4TJ[Km5e4SJZKn5f4RJYKo5g4QJYKo5g4QJYKP6f4oIYKS6g4lIZKT6f4lIYKU6g4kIXKW6g4hIZKX6f4hIYKY6g4gIYKY6g4fIYK[6g4dIYK^6f4bIZK^6f4bIYK_6g4`IZKa6e4_I[Ka6e4_IZKb6f4]IZKd6f4ZI\\Kg6c4WI^Kj6b4VI]Kk6c4UI]Kl6b4SI_Km6a4RI_Ko6a4QI_Ko6a4QI_KP7`4oH`KR7`4nH`KS7_4mHaKS7_4lHaKU7_4jHbKW7]4fHeK[7[4dHfK^7X4aHiK`7\\1kFj0b1aMUN8`9n0aGn0i0XNl7=ZHWOPN02O00000i0h1Cn7:VILjNLS8BZF2LNU3b0_NNk;1SD0n;1lC^OdNc0a=4cBZOh0g0e<8_BQOO11OOW1b=]11000000O100000000POfBPOZ=j0RCPOn<4VDDj;:[DCe;<]DCc;<V2000000000000000000000000000000000000000000000000000ZBB`;>_DCa;=`DB`;=W21XBCa;=_DCa;=_DCa;=^DDb;<^DDb;<^DDb;<^DDb;<^DDb;<]DEc;;]DEc;;]DEc;;\\DFd;:[DGe;9ZDHf;8ZDHf;8YDIg;7XDJh;6WDKi;5UDMk;3SDOm;1QD1f6AlL?YL4k6]OlL?WL6m6[OTH3T4<iL8o6YOlG>Y42iL9Q7YOiGc0Y4MiL9U7WOiGe0W4OeL7[7UOiGf0=\\O@5W3b0bM4a7SOiGf0<4\\25fM0i7QOiGf0;`0R2^1h5]MkGd0;R1DWNi1g2]6\\MkGd0;c1DjMN13Lb0j2c7XMkGb0=d2HEP8UMkG?M^O`0b6h7`IlGa0<P6g7aIlG?=P6g7aIlG<O@=d6g7_InG<`0U6a7`IoG:a0V6`7`IoG5f0[6\\7^IoG2j0`6W7^IoGOm0d6R7^IRHMl0e6R7^IRHOi0d6U7^IPH0j0b6V7^IPH0j0b6U7^ISHLk0f6R7]IWId6h6]IVId6j6XInG3W1e6k6\\IUIe6j6\\IVId6j6]IUId6j6WIPH2U1h6i6VIUHOT1l6f6UI_Ik6a6UI^Il6a6UI_Ik6a6UI_Il6_6UIaIk6_6UIaIl6^6UIaIk6_6TIbIm6]6RIcIo6\\6SIcIn6\\6TIbIm6\\6UIcIk6\\6WIcIj6\\6VIdIj6[6WIeIj6Z6UIhIj6X6VIhIk6V6VIiIl6U6VIhIm6W6SIhIn6W6SIiIn6U6SIkIn6T6RIlIo6S6RIkIP7S6SIkIn6S6VIjIk6U6WIiIj6U6^I_Ih6_6c1O1N2O1N2O1N3M2O1N3N1N2N3M2N3N2M2N2N3N1N3M3M4L2N4L2N4L2N4L3L5L4L3L5L3M4L4K4L5K5K6J4L5K5K6I7I7H9G:E=BXnk1"}}]}