{"images": [{"id": 0, "file_name": "images/JellyFish (282).jpg", "width": 522, "height": 522}], "annotations": [{"id": 0, "image_id": 0, "category_id": 0, "bbox": [108.0, 51.0, 257.0, 441.0], "area": 113337.0, "iscrowd": 0, "segmentation": {"size": [522, 522], "counts": "W]g1<V?6l@OP?k0K5J6K5L2M3N1O1O1O100O100006LN1O00O000O100O1M3N2N2N2N2N110O10O01001N101N100bL`NQHa1j7kNoGU1o7ROkGo0T8\\ObGc0^8A^G`0a8FYG;f8HXG7h8MTG4k8OSG1YO]N@Ml7g1YI0XOjNWOBV8e1YIOYO^O\\7e0YINYOA\\7b0YINZOB\\7`0YINZOF[7=ZIM[OGZ7=YIL]OIY7=XIJ^OLZ7:UIJA0X76UIJC3W74TIHE7U72TIGG8W70QIFI<W7MnHGL<Y7KjHHM?Y7HiHIO?Y7GhHJN`0Y7HgHIO`0Y7HhHGOb0V7KiHD1a0S7NkHB1a0R70lH_O2a0R70kH_O4b0o60mH^O5a0n61lH_O6`0m62lH^O8a0k62lH]O;?j63jH_O><h65iH@`0:g66iH@a09g66hHAb07h67eHCd05h67cHDf05h67`HEg05l63]HHg04n63ZHIi04o61WHLi04Q7OUHNi04h3SNSNj1\\MNj05^3`NYN]1]MOl04Y3lNZNn0`M2m05T3WOZN`0dM4o05Q3\\OYN;fM5o06n2@[N4gM6P17l2C[N0hM7P18j2F[NKjM8Q17i2JXNGnM9P17h2MXNCoM:P18g2OWN_OQN<o07g22VN\\OQN>Q15g24UNe1TOWNg26SNd1UOWNf29SN`1VOWNg2<PN]1YOWNg2?nMY1[OYNf2`0nMV1\\OZNf2c0kMS1_OYNg2f0hMQ1@ZNh2h0eMm0DYNi2l0bMj0EZNi2o0_Mg0G[Nk2o0\\Mg0HZNl2R1ZMd0H[Nn2S1XMc0I[Nn2T1WMb0KZNm2W1VM?K\\Nn2W1TM?L\\Nn2X1TM=L\\NP3Z1QM:O]No2Z1QM:N]NQ3[1oL8O^NR3[1nL8N_NS3[1lL70_NU3[1hL72_NV3\\1eL54aNW3\\1_L78_NY3Q6fLQJZ3Q6^LUJc3X900000O1O2N101N110O01O010O01O001N200O11N2O1O1N2O1O001N10000000O10000O100N2N2M3L4N2O1O1O1O1O1O100O1N3O0O1N3L3M3^Oc0O0000001O0000000O2O001N1O101N1O2M2N3N1N3J6YL\\J^Ll5a3\\JTLi5j3ZJjKP6U4RJgKR6X4oIcKU6\\4mIPK[OkNk6T6lInJg6P5`IkIQO7l7l5Q2L3L4L4K5M2O2O0O2O1O1N3N2M2N2O2M2N2N2N2N3L3N2N3M2N2N2N3L4L3N3L4M3L4K6K5L4H7L5I9F;C:F<Ba0\\Ogl_2"}}]}