{"images": [{"id": 0, "file_name": "images/JellyFish (107).jpg", "width": 522, "height": 522}], "annotations": [{"id": 0, "image_id": 0, "category_id": 0, "bbox": [66.0, 236.0, 40.0, 85.0], "area": 3400.0, "iscrowd": 0, "segmentation": {"size": [522, 522], "counts": "^mQ1=i?7I:Ac0A9J3M3M2N3N1N2N2M3O0O2OO011O0O2N1O2O1O1O1O2M2N2M4M2N3M3M3N3M2N3M4L4K6I:@Rjc6"}}, {"id": 1, "image_id": 0, "category_id": 0, "bbox": [77.0, 343.0, 23.0, 40.0], "area": 920.0, "iscrowd": 0, "segmentation": {"size": [522, 522], "counts": "YcW18n?9H5L4L3M4M2N2O1N10001O0000O10001N1O1O3L5Ka0^Ochf6"}}, {"id": 2, "image_id": 0, "category_id": 0, "bbox": [110.0, 304.0, 25.0, 63.0], "area": 1575.0, "iscrowd": 0, "segmentation": {"size": [522, 522], "counts": "U\\h17Q`03_@7]>l0O2N1O<E0O101N10O1000000O101M2O2N2L4K6K5K5J6HXoT6"}}]}