{"images": [{"id": 0, "file_name": "images/Turtle_Tortoise (970).jpg", "width": 522, "height": 522}], "annotations": [{"id": 0, "image_id": 0, "category_id": 0, "bbox": [114.0, 153.0, 147.0, 160.0], "area": 23520.0, "iscrowd": 0, "segmentation": {"size": [522, 522], "counts": "V]j11X`02N1N2N011N1kNORB2l=2QBNo=4PBLn=7PBIo=:oAFQ><kAEU>>gADY>>aAF_>R1O100O011O1O2M3M3M3N1N3M3M3N2M2O2M<E2N1O1O1N10000001O0000001OO101O1O100O1O1O1O1O1O100O100O100O1000000O10000O1000O100O01000O100O100O2O0O101O1O0O200O1O0O20OEjBbMV=]2lBcMS=Y2SCeMm<Z2VCeMh<[2ZCeMe<Z2\\CfMa<]2aCaM[<c2fC\\MW<f2jC[MS<g2oCWMo;j2g02O0N201N2O000O2N11O1O001O0000ORNQCc0o<]OTC`0l<AVC<k<DWC:i<E[C8e<H]C5d<J_C4a<IeC2]<LgC2Z<JkC3W<KlC4U<InC6T<FoC;Q<BQD?P<[OSDe0R<ROSDm0f=00O1O002N2M3N2N2N3L2N2N3LRjT4"}}]}