{"images": [{"id": 0, "file_name": "images/Turtle_Tortoise (211).jpg", "width": 522, "height": 522}], "annotations": [{"id": 0, "image_id": 0, "category_id": 0, "bbox": [343.0, 168.0, 97.0, 110.0], "area": 10670.0, "iscrowd": 0, "segmentation": {"size": [522, 522], "counts": "iR_51W`03N1O2BMb@4^?La@5^?Kb@6^?Ja@8]?Ib@8\\?Jc@7[?=N101O0O2O000O2O010O1O1O1O100O1O1O1O2N1O1O1O2N1O1O100O101N100O1O2O0O100O6J7J6J5J\\O\\BVNO9d=`1mBWN^OO`=k1k01]BSNg<Z2cBjM0M\\=h201O1O1OTOPC^NP=_1XC\\Nh<a1`CYNa<f1R1N2O2N1O01K4O2N1O10010O000001O001N2O1O1N101O1O1O1O1O2N1TOYA3j>KXA3k>KXAOm>0TALQ?1h0M2MlcY1"}}]}