{"images": [{"id": 0, "file_name": "images/Turtle_Tortoise (1332).jpg", "width": 522, "height": 522}], "annotations": [{"id": 0, "image_id": 0, "category_id": 0, "bbox": [172.0, 200.0, 211.0, 182.0], "area": 38402.0, "iscrowd": 0, "segmentation": {"size": [522, 522], "counts": "blg2d0_?:I7J6K5L3M5L2N4M5J4M2]CnMi:S2REQNn:P2oDRNP;P2lDRNU;o1hDRNY;o1cDTN];l1aDUN_;m1^DTNc;l1[DTNg;m1VDTNk;m1RDUNn;k1PDXNP<h1mC[NR<e1lCaNQ<_1lCoNh;R1UDPOl;f21O1O1N2N2I7L4K5K6H7O1O10kB[Md<V30001OO2N1O2M2O2M3N1O2N2N1O1O2N2O1N3O0OO2N1N2O1N3N2M2N2O1N2N1O2O1N101O0O1O10000O100O10000O10001O0O2O1O2M3N001O1O00001O0000N2ROn0G9F:O1N2N2N200O100102M5K2N1O7I5K2N1O0000O1ROQC\\NT=a1WCRNo<k1i0O1N2O1M3K`A^Nb>c1]A]Nc>f109F4L4L5L3L2N0001O01O01O01O1O1O2O2M101N01O1O001O1O1N2N1O2M3K4L5J6D;O1O2N1N201O1O03N1VAUOR>c1O1O3M3QBfMg=`2N02L3L4K5L4L4L4K6K4L4I8F:J5H:Fn15PN8H6E;J6M1N2L7L11N1L4H9@`0K:DYaV2"}}]}