{"images": [{"id": 0, "file_name": "images/doris-montereyensiszzqspecies_37_636b2630747bf.w1000.h666.jpg", "width": 1290, "height": 730}], "annotations": [{"id": 0, "image_id": 0, "category_id": 0, "bbox": [449.0, 129.0, 241.0, 280.0], "area": 67480.0, "iscrowd": 0, "segmentation": {"size": [730, 1290], "counts": "lXP:1ff0:G4L4M3L4M3M3M3N2jZOQO\\d0T1\\[OTO`d0f1L4h[OnMbc0T2Z\\OoMdc0S2Y\\OPNec0d2O1N1O2O0O2O1N3N2N2M3N4L2N2M2O2N3[ORLW^OR4ea0PLZ^OS4ca0nK]^OS4aa0nK^^OS4`a0oK_^OR4^a0QLa^Oo3]a0SLc^On3Ya0ULf^Ol3Ya0ULf^Om3Wa0VLg^Ol3Xa0ULe^Om3Za0ULd^Om3[a0j0N2O1N200O10O01O001O01O000001O00001N100O2N2N101N2O1N3M2O1O2M2O1O1O1O1O1O1O2N101N1O1O2N1N2O1O1O1O1O1O1O1O1O1O1O1O2N1O2i@PI`>Q7[AWIa>a710O0000O100O1O1O1O100O010O10O100O100O101N2O001O1O02OO10mH]Am5d>QJ^Ao5b>oI`AP6b>nI_AR6b>kI`AT6a>kI`AU6a>hIaAX6`>dIbA\\6_>bIcA^6]>_IeAa6\\>]IfAc6Z>YIiAg6Y>SIlAm6P?00100O0010O01O10O01O00010O0010O001O100O1O2N1O2N1O1N2O1N2N3L3L5L3N2N2N101N101N2N101N2N2N2O0O2O1N2N2O001N3M2`Lf^O^1[a0`Nj^O[1Xa0bNm^OZ1Ua0dNn^OY1Ta0dNo^O[1Ra0bNR_OZ1Pa0cNU_O[1l`0\\N]_Ob1f`0ZN]_Od1g`0WN\\_Oh1f`0SN^_Ol1f`0lM^_OT2eb0O1O001O001O00001O0O100O2O0O1O101N1O101N1O1O2O0O2N1O2N1O2M4oNmZO6Ve0DW[OO^R\\="}}]}