{"images": [{"id": 0, "file_name": "images/blennies_laiphognathus_EK_01.jpg", "width": 1290, "height": 730}], "annotations": [{"id": 0, "image_id": 0, "category_id": 0, "bbox": [696.0, 113.0, 412.0, 608.0], "area": 250496.0, "iscrowd": 0, "segmentation": {"size": [730, 1290], "counts": "Td`?>Wf0>D6I6J7J5K5K5K5K8H<E8G8H6J7J6J4L4L3N4K5K4L4L3L4M4K4L4M2N4J6I6L4M3N1N3N1O2K4cNUJhAn5P>]JkAf5Q>_JlAb5R>bJdAf5Z>^1N3M2N2O1O1001O00000000000O10001O2N6J2N1O0000FPHjAQ8U>oGmAo7T>nGPBP8^>O100O1O01hMaHSE_7k:lHlDT7S;nHmDQ7Q;SImDm6S;[IfDe6X;`IfD^6Y;eIiDW6U;lImDR6Q;PJoDo5P;SJPEl5o:VJoDk5Q;WJlDj5S;XJlDh5T;ZJjDf5U;^JhDb5V;dJhDZ5X;hJgDX5W;jJiDU5V;mJjDR5V;oJiDQ5V;PKiDQ5W;PKgDQ5X;QKgDP5X;RKfDn4Y;VKdDj4\\;ZK`Dg4^;\\K`Dd4`;^K^Db4b;[3O2O001O001O00001O001O00001O000010O010O1O010O01O010N100O1O100O101N100O2O001N101N101N101N101O0O100O2O0O100O101O0O100O100O100O10000O10000O100O10000O101O000O101N2O001O0O2O1O1O1O1O1O3M?]FcCj7i=N1O1O1O1O1O1iH[AW6h>QI[A29i6T=UIgDe6e:\\IVC:U2Y6e:_ISC9Y2W6c:aISC9Z2V6d:_ITC2NOY2`6f:_ISC10OP1OOb6n;^ITC11O1Mc06\\OLc0c6Y<]ISC21O1Na06]OM009a6d<]ITC1000O`08]OL00:_6e<]ISC202NMb08^O61@1d6V=SJlBXO5Y1E]5W=VJlBWO6o7m<RHlBj06S7o<SHkBj06S7P=PHlBe0L@8k7W=[HcBI006l7[=WHaBJO35k7m<PHYC6GLN35k7m<PHYC6FNN16k7l<RHYC4F93a7n<THXC3F84a7m<VHXC1F94`7l<\\HUC`0OT7j<cITC^6j<eISC]6l<h1010000O10O10O1000O010000O1O010O10O10O10000O100O01000O10O10O100O1O10O0100O100O1000000O010O1O1O100O100O101N1O1O100O100O10000O100N101O001O001O100O0001N001IPDcER<\\:60000O1O2N1001OO1N3M2010O10J_CSF`<m970O101N3N000OO2O001IYC[Ff<e9[C[Fc<g9^CWFa<j9aCUF]<l97002N3`CoES<T:kCmES<V:lCjEQ<X:PDhEm;Z:UDeEf;^:91N3N3N2N1O1O1M3M4K5J6K5L5M2O1N2XEVD]:m;bEUD3Mo9Q<mERD4Mm9S<oEPD4Mk9U<QFnC4Mh9X<VFgCR:o;oEWDU:i;oEVDn9l;SFRDk9R<RFoCm9U<QFkC0M3NY9]<bFiC1N10X9[<fFgC1O0OP9d<oF^C1O0Oe8o<ZGRC3Mi8V=TGmBR9V=nFjBP9Y=nFhBP9b=K5MKXG^B6JU8m=eGYB5Lh73THm=OTB4N2L<1Z6e>WI^Ah0Lk5k>_IWA]7k>72J411O3L2I8lHa@h6b?WI_@c6g?\\IZ@h11]NKS4m?gKW@d1b0b2^?]Me@`2\\?_Mf@_2[?aMf@]2[?bMh@X2]?fMf@m1nNiL_`00b_Ok0Y1e1hNhMh`0GX_O=NEb1Z2m?cMe^O<NDe1R2P`0nM]^O<0@g1o1Q`0VNV^O;R2[1i?oNY@m0g?UO[@h0d?YO_@d0b?[Ob@a0_?^Od@>_?@i@JXMFQb0<o@GUMJoa0;R4FiYOMYf01ncQ4"}}]}