{"images": [{"id": 0, "file_name": "images/HristoHristo_CaronWong_02.jpg", "width": 1290, "height": 730}], "annotations": [{"id": 0, "image_id": 0, "category_id": 0, "bbox": [375.0, 9.0, 402.0, 714.0], "area": 287028.0, "iscrowd": 0, "segmentation": {"size": [730, 1290], "counts": "mb[83ff02N10000O2O001O7I2X_OBP;?nDDP;=nDDR;<RA^OW26h<<PA@W23j<>m@AeNO17g2Lf==l@?Z1UOj=<k@g0S1nNR><h@k0R1jNV>;f@P1Q1fNb5Fi0e0`H[1k0[Nh5Kk0?_Hb1i0UNi5On0:]Hl1d0lMn51R16XHR2=QNW2]O<<h44UHU2=QNW2_O<8l42QHZ2<PNY2_O=5m42nG]2<PN[2^O<4P50iGd2;mM_2]O<2Q51`Gl2`0hMa2ZO>1R5f3kGSMb2XOa0OS5f3aG\\Mh2QOd0MU5f3[G_Mj2oNf0LV5b5RJcJh0JX5c5nIdJj0IX5c5mIeJj0IZ5b5jIeJm0HZ5e5fIdJP1GY5g5eIcJR1FT5m5gI^JU1FS5n5fI]JU1GS5P6eIZJW1HR5P6eIYJX1GS5R6cIXJY1GS5S6cIVJY1HS5T6bIUJZ1GT5V6aISJZ1HT5W6aIQJ[1GT5Z6_IPJ\\1FU5]6]IoI[1EW5_6[InI\\1DP2XOoMY7bNnI\\1Bj1VOXK7k2U7ZNZJf1TOn1WOVK8i2U7ZN\\Jg1POP2FoMo6WN`Jf1kNV2ElMS7UN_Jg1iNZ2DjMU7SN`Jf1hN^2ChMV7SNaJd1fNc2CeMX7QNaJe1eNe2DcMW7QNbJe1eNf2DaMX7QNbJf1bNi2D_MZ7PNaJh1aNi2E]M[7PN`Ji1`Nk2E[M]7oM_Jj1`Nm2CZM^7nM`Jh1aNR3@WMa7nM]J_1lN^3UOTMc7nM]J[1POc3POSMe7nM[JY1ROh3lNRMh7jM\\J\\1POh3kNRMk7gM[J_1POh3iNRMP8cMXJb1POi3fNTMi:SObFi3dNmJEm1V;\\OcFi3bNnJFk1U;^OdFi3cNlJDl1V;^OeFi3bNlJBn1V;^OgFg3aNQMi:WOgFh3aNPMg:YOiFf3aNoLg:ZOjFe3cNnLc:\\OlFe3aNnLd:\\OmFd3aNnLc:^OmFc3`NoLc:]OPGa3^NQMd:]OPG`3\\NRMe:]ORG_3YNTMf:[OXGZ3SN[Mf:ZOXGZ3RN[MR;oNnFd3QN\\MS;nNmFf3QNZMT;nNlFh3VNSMQ;ROjFj3XNTLSO1n;OhFl3YNbKVO0O3L1P<=fFm3VObKd:>WFP4o;mKSDS4o;dKXD\\4S?0001O000001O00000000000000O1N2N2O1O1O010N1O1O10000000O2O001OM201Fa]OYL_b0U3l0cNg\\OoNdc0P1h\\O^N^c0d1k01N2O2N2M3N1N1O1NIk[OoMSd0Q2:01O01O0010000O1O2L4N101O1N2N2O1O100000O1000001O00O100_ObMe\\O_2Yc0dMe\\O]2Yc0hMd\\OX2[c0lMa\\OU2]c0e000O100002N001O0000O100O2N100N2O0O2O1O100O2O0O100O1O1000O0101O00000000000O01000O110O01O002N1O2N2UMU]Oc1lb0RN`]Ol1hc001N2N101O01O2O1O10M101N1O10001O2N10000O10^[OXNoc0Z2101O1M3N0OeK\\NbCc1X<fNfCY1T<nNkCQ1T<ROkCn0S<WOjCh0V<]OeCc0Z<G]C9b<J]C5c<NZC1g<1WCN_<PNm@U2a2K`<XNi@P2d2G_NUNh<5VBQ2`2D`N[Ng<c2gDQOaN_Nf<c2gDmNcNbNc<d2iDiNdNeN`<f2jDdNfNgN_<h2iD_NiNjN]<i2iD[NjNnN]<i2gDXNlNPO]<j2eDTNnNTO^<h2cDRNQOVO^<g2`DRNROWO`<g2]DQNTOXO_<h2\\DoMUOZO_<h2[DmMWO[O^<i2ZDkMXO]O^<i2YDiMYO_O^<i2XDhMYO@_<j2VDeMZOCa<h2SDcM]OG`<g2RDaM]OJb<f2oC_M_OLc<f2lC]MANd<e2jC]M@Of<f2iCZM@2g<iN[Bf3]1_M@3h<gN^Bf3Y1_M@6S=Z2\\C`M@7U=Y2ZC`M_O9Y=W2UC`MB:[=X2oB]ME=\\=X2mBZMF`0^=W2jBZMF`0`=]2bBUMK`0c=]2`BTMJa0f=\\2^BUMCg0o=U2]B_Oc=b0[B@e=c0WB^Oi=d0RB@m=b0oA@Y>^400O0M3SNeGYE\\8e:gGXEZ8g:hGWEY8h:jGUEW8h:nGREV8k:QHmDS8Q;RHRD^O6d8g;cHSD_7l;g101O0O2O000000010O0O01001O001O1O2N100O2N1ZFmDe7T;VHTEf7m:XHUEf7m:gFlDW19Q8V;mGlDQ8V;mGlDR8U;lGmDR8T;mGnDQ8T;lGnDS8S;lGnDT8S;iGPEV8Q;hGPEY8P;dGRE\\8n:bGUE]8l:aGUE:oNT7m;`HVE7ROX7i;_HWE7ROZ7f;]H[E7QO[7f;YH^E8PO^7c;THaE<POm2BP1d=QLkBi2IU1[=QLnBf2LW1V=RLoBe21V1o<SLRCa28Z1e<RLXC_27^1h=_NZBa1f=^N[Ba1f=^N_B`MkNd3g>kNoBn0Q=PORCn0o<oNUCQ1k<lNVCV1j<dN\\C1jMQOj>]OQAm0]2c0kMROg>\\OSAf0j2d0^MZOf>XOTAd0o2i0YMZOf>ROZA=R3U1QM\\Ob>POhA2g2a1PM_O^>nNlA1h2U1_LoNb0n0W?lNjCV1^LoNb0P1kb0Od\\OROa0o0jb0Od\\OTOa0m0jb00e\\OTOa0l0ib00d\\OWOc0j0hb0Ik\\O\\O>k0ib0Ek\\O_O=l0ib0Bl\\O@=o0hb0[On\\OE<P1gb0oNc\\OL>2;S1eb0jNZ]O31S1cc0mN]\\OS1bc0QO\\\\Oo0cc0RO]\\Om0cc0TO\\\\Ol0dc0TO^\\Oj0dc0QOb\\Om0gd0O000O1O1O1O1N2O1N3M4L9FTW];"}}]}