{"images": [{"id": 0, "file_name": "images/ZanclusCornutus_AllenTo_01.jpg", "width": 1290, "height": 730}], "annotations": [{"id": 0, "image_id": 0, "category_id": 0, "bbox": [509.0, 66.0, 279.0, 570.0], "area": 159030.0, "iscrowd": 0, "segmentation": {"size": [730, 1290], "counts": "n\\[;3ff02N2N1N3M2N2O2O0O10001N1O1O1O1O1O1O100O1N2O1O2M101N2O1N3SNnNo]OS1oa0QOn]OP1oa0UOm]Om0Qb0WOk]Ol0Rb0ZO^]OR1`b0f1M3M2M4L3N2N2N1O2N3L3H8F:L4M4L3L5I7K4K6J6K5M3L5L4K5J6L4L3N3M2N3M2N2N2N2N2O1M3M3I6N4I6I7H8I6K6J5K6I7J6K4M4L3M4J5M3M4L3L5K4L5M2N2M3M3M4L3N2M3L4N3L3N2O1M4M2M3N2N2M3N3M2O1N2M3N3M2O1NUDVGj9h8UFcGd9Y8YFQHc9m7YF]Hd9a7ZFeHc9Y7YFPIe9m6ZFYId9c6[FbIe9\\6YFjIe9S6YFSJe9k5ZFYJf9d5ZF`Je9]5[FfJd9X5\\FkJd9R5[FRKd9m4YFYKf9d4ZF_Ke9_4ZFeKf9X4ZFlKd9S4[FPLe9i1aEbLi0j1d9d1cE`Lh0P2e9_1bE`Li0U2c9Z3\\FiLc9V3\\FnLc9o2]FTMb9k2^FWMa9g2_F\\Ma9a2_FcM_9[2aFhM^9W2aFlM^9R2aFRN^9m1aFVN_9g1aF\\N^9LPFaL`0g3_9HRF_L>l3_9DTF^L=Q4^9AUF\\L=V4]9^OVF[L=Y4\\9\\OWFYL=_4Z9XOYFXL;d4[9TOZFVL;i4Z9QO[FUL;l4Y9oN\\FSL;P5Y9mN\\FQL:V5X8jIWHn4YOPL7\\5V8hIYHl4ZOoK7_5T8gI[Hl4YOlK8c5T8fIZHk4ZOjK8h5R8dI\\Hj4ZOhK9l5o7cI^Hi4ZOgK8P6o7aI^Hh4[OfK8T6l7_IbHf4[OeK6Y6l7\\IcHg4[O_K7b6i7YIeHf4\\O\\K5i6i7VIeHe4]OXK6Q7f7SIgHe4]OSK8W7c7QIhHg4N\\2Y7mHiHh4J_2[7kHjHf4Ge2\\7fHmHf4Dg2^7dHmHn4XOc2i7`HoHR=P7oBoHR=o6oBQIS=m6nBRIS=m6mBRIU=l6lBTIU=k6lBTIV=i6kBWIV=h6jBXIX=e6iB[IX=d6iB[IX=d6hB\\IZ=a6hB^IY=a6gB_I[=_6eBaI]=]6dBbI^=[6cBdI`=Z6`BfIa=Y6`BfIb=X6^BhIc=W6]BiIe=U6\\BiIf=V6[BiIg=U6YBkIj=Q6XBmIi=S6WBmIj=S6UBmIk=S6VBlIj=T6VBlIj=T6WBkIi=U6XBjIh=V6XBjIh=W6XBgIj=X6VBhIj=X6WBgIj=Y6UBfIm=Y6SBgIn=X6RBhIo=\\3VAQOk0bMP>S1_AnN]1V2TOiMR>o0lCQ1RNoMV>l0kCS1PNPNX>j0jCU1_=iNcBU1a=gN`BX1f=bN[B]1h=_NZBa1k=VNXBj1]a0O0010O01O001O001O001O1O1O1O100O2N1O1O001O1O1O1O1O1O1O1O1O1O1O1O1O2N3M1O2N1N2O1N2N3N1O1N2O2M3LjYU;"}}]}