{"images": [{"id": 0, "file_name": "images/01837764cc.jpg", "width": 198, "height": 255}], "annotations": [{"id": 0, "image_id": 0, "category_id": 0, "bbox": [39.0, 25.0, 117.0, 198.0], "area": 23166.0, "iscrowd": 0, "segmentation": {"size": [255, 198], "counts": "^h9k0k6d0C4L4M1N3N1O1O3MOSJSNk5R2N2N2N1hKhMh2Y2VMiMj2X2QMgMlNOS4\\2mLhMV3Z2dLoMX3T2dLlM]3V2VL]ME10a0U4T2SLkMICT4g1nKmN1ZOL78Ho3i1nKnNNB8Hk3e1SL^O3lNk3e1TL^O1mNl3b1ULA0lNk3^1[LEJnNk3o0hL2j3IZL7h3C]L<e3UOhLl0V5O02cKPOg1T1QNTOl1P1QLeNf1?W2n0lMTOT24oK11ZOg1b0Y2k0PLcNf1d0Z2h0PLdNd06[OLe0c0]30oKGOH?l0HGk3d0oKgN3S2o3RNRLU3o3fLmKb3U43M3N2M3N2N2N2M3M3IeKhL]4U38O100000000jN^KoNb4P1aKnN^4S1cKmN\\4R1gKlNY4T1hKkNX4U1iKjNW4V1kKgNV4Y1lKfNS4Z1oKdNQ4\\1QLbNo3_1RL_Nn3a1TL]Nl3c1UL[Nl3e1TL[Nl3f1TLZN[OKV3N\\Mm13[NWOC0=R3LcMj14lNR2@iMd16oNf1DTN]17RO`0kNXOR11R17SO;b0]O=8nN=f0ZO<:lN=h0YO<<hN=m0UO=?UNROL]1b1RO=`0UNQOJ^1e1oN>c0RNoNJ_1h1nN<e0RNQOE]1P2gN=k0nMb0]4_OcK`0^4@bK>`4B`K=JaN]4S1hK;c4FZK;g4EXK:j4FTK;m4ERK:P5FnJ;S5DmJ;U5EiJ;Y5T12O2M2N3L4M4K6K2M4M2O1N3M2N4K5L5K4_OQIDO1U74VIHjb:"}, "category_name": "instances"}]}