{"images": [{"id": 0, "file_name": "images/027b7171a0.jpg", "width": 460, "height": 343}], "annotations": [{"id": 0, "image_id": 0, "category_id": 0, "bbox": [225.0, 47.0, 71.0, 266.0], "area": 18886.0, "iscrowd": 0, "segmentation": {"size": [343, 460], "counts": "X`[23c:1N2O0O2O001O0010O00010O00010O01O100O1GU1nNd0YOb0A?C;kK`L8T4_OoK<\\4\\OeK>g4ZO[Kb0o4WORKf0V5UOiJj0_5oNbJm0f5nN[JP1l5jNUJT1P6hNPJW1V6dNkIZ1\\6`NeI^1`6^N`Ic1d6XN]Ig1h6UNXIk1l6PNUIQ2o6iMRIW2R7cMoH_2d73M2N2QN`McKc2f23XL1_2W1]MnNo1b1QNgNb1]1^NSOe0RLXOm43XO4WLH`447LJ37NG2:OE0<1BO?2_ONb02^OMc03\\OMf01[OMh02WONj02UOOl0OUO0m0ORO1o0NRO2P1LoN4k5O001O1O1N\\df1"}, "category_name": "instances"}]}