{"images": [{"id": 0, "file_name": "images/03f199f8c1.jpg", "width": 1200, "height": 675}], "annotations": [{"id": 0, "image_id": 0, "category_id": 0, "bbox": [245.0, 13.0, 660.0, 658.0], "area": 434280.0, "iscrowd": 0, "segmentation": {"size": [675, 1200], "counts": "^mQ54nd03M1O2O1N100O1]LE^B;^=K_B6`=L^B5b=L\\B5d=L[B4e=L[B4e=LZB5g=KXB4i=LWB4i=LVB5j=KVB4k=LTB5l=KTB5l=KSB6m=JSB6m=JRB6n=KRB5n=LPB5P>KPB5P>KoA5Q>LoA4Q>LnA5R>KnA5R>KmA6S>JmA5S>LmA4S>LmA4S>LlA4U>LkA4U>LjA4V>NiA2W>NiA2W>NhA3X>MhA2Y>MgA4Y>LfA5Z>LeA4[>LdA4]>LcA4\\>McA3^>MaA4_>LaA4_>L`A5`>K`A5`>K_A5_;ZOnDb0C4\\;^OPE>C4\\;BoD;D3];DmD9E3^;EmD8E3^;FlD7E4_;ElD7E4_;FjD6G4a;EhD7F5b;DhD7F5b;EgD6F5d;EfD6F4e;GdD6E4g;FcD7E3i;FbD7D4j;FaD5F5i;FaD5F5j;E_D7F5k;E^D6G4l;F]D6G4l;F]D6F5m;F[D7F3P<FZD7E3R<FYD7D4T<EWD7E4T<EVD8E4U<DVD8E4U<EUD7E4W<ETD7E4W<FSD6E4Y<FQD7E4Z<FPD6F3S2\\Ok5<[H5F3R2@l58[H6G2P2Bo55ZH7F2o1FP62ZH6G2i1LV6LZH6F3e10[6GZH6F2d13\\6EZH6E3c13_6EXH5E3a16c6BWH6C3`16h6AUH6B3_18k6_OSH7C2]19n6_OQH6C3\\19R7]OoG7B4[19U7\\OnG6C5X1:X7[OmG6B6X18[7\\OkG7A4Y19\\7]OiG6B4W18a7^OeG7B3W17e7@aG6C3U16k7@]G7B3V16l7A[G6C3U15o7BYG6B4T14S8BWG6B3T15U8ATG8B3S14Y8BQG7C2S15Z8CoF6C2T12_8EjF7B3T10b8GgF6B4T1Od8GfF6B3S11f8GdF5B4S10h8GcF5B4Q11l8F`F5B5Q10n8F_F5B4Q11\\6QOdIe0]O5B4P11^6RObIe0\\O5C4P1O`6UO`Ic0]O5C3P1O`6ZO^I?_O5B4o0Nc6\\O\\I>_O4C3o0Oc6^O\\I;_O5C3n0Oe6^O[I<^O4C4m0Oh6^OYI;^O5D3l0Oj6^OXI;^O5C3m0Ok6^OWI;^O5C3m0Nm6_OTI<^O4C4m0Mo6_OTI<\\O4D4l0LS7@PI=\\O3D4l0MV7^OnH?[O2D5l0MX7\\OnH?YO4E4k0MZ7]OlH?YO3E4l0M[7]OkH?YO3E4j0O]7[OkH`0XO2E5j0N_7\\OiH?XO3F4j0N_7\\OjH>WO4F3j0O`7\\OiH?VO3F4j0Nb7\\OhH?VO3F3i0Oe7]OeH>VO4F2j0Of7]OeH>TO4G2h00i7\\OdH>TO4F3h0Ok7\\OcH>TO4F2h00l7\\ObH?SO3F3i0Nm7]OaH?RO4G2h0No7^O`H=RO5F3i0LP8_O_H=RO5F2i0MQ8@]H=RO4F3g0MV8_O[H>QO3F4e0NZ8^OZH=oN4H2e0O[8^OYH=oN4G3f0N[8_OYH;oN5G3e0N]8_OXH<nN4G4e0M_8_OWH<nN4G4e0M_8_OWH<nN4G3e0N`8@VH;lN5H3d0Ob8^OVH;lN5H3c0Od8_OTH;lN4H3c00f8^OTH:kN5H3b00h8_ORH:kN4I2b01i8_OQH:jN5I2b00l8_OnG:kN5I2a01m8^OnG:kN5H2b01n8^OmG;jN4I2a01P9^OlG;jN4H2c00P9@kG9jN5H2b00S9_OiG:jN5G2c00T9@gG:iN5H2c0OV9AfG8iN6H2b0OY9AcG9iN5H2c0OZ9AbG9iN5H2b00[9AaG8iN6I1b0O\\9BaG7hN7H2b0N^9C_G6iN7H2a0Na9C\\G7iN6I1a0Ob9EYG6iN6K0`0Oe9EVG7iN5K1`0Ng9GSG6jN4L0`0Oi9GQG5iN6LOa0Oj9InF3kN6LO`00l9HlF4kN5MO?0n9IkF2kN6L0?OQ:HiF3jN7MN?1Q:HhF2kN7MN?0S:IeF3kN6MO?OU:JcF2lN6L0?NX:K_F2lN7LNa0NY:M\\F0nN7LN`0N\\:NYFNoN8KO`0Nk2gNj3W1PJNoN7K0`0Mj2kNl3S1oINPO7K0`0Mg2nNo3P1oINPO7KO`0Od2QOR4l0nINQO7J0a0Mc2TOS4k0mINPO7LO`0Md2UOT4k0jIMRO7KOa0Mb2XOW4i0hILRO7K0a0M_2ZO]4f0eIMQO7LOb0M^2\\O_4d0cIMRO7K0b0M\\2^Oc4a0aINRO6L0a0M\\2_Oe4a0_IMRO8LMb0NZ2Bh4=^INRO8KNb0MZ2Cj4=\\INQOk1?WNY2Dl4;[IOQOk1>WNZ2Co4=VIOQOk1?VNY2DS5=SIY3@fLX2CZ5?lHX3@hLW2B`5>iHW3_OiLW2Cb5>gHV3_OjLU2Dg5<dHV3_OjLU2Ej5;aHV3_OkLT2Do5:^HW3^OkLU2CQ6<[HV3^OkLT2DV6;WHV3^OlLS2B\\6=QHU3_OlLS2Aa6>lGU3_OlLR2Bf6=hGU3^OmLS2Ai6>eGT3^OmLR2Cm6<bGk4_1jJQ7:`Gk4^1lJS7:^Gj4]1mJW78\\Gk4[1mJ\\78XGj4\\1mJ_79UGh4[1nJd7:PGg4\\1nJg7<kFf4Z1PKm7<gFc4[1RKo7;fFc4Y1SKS8:cFb4Z1SKU8<`F`4Z1UKX8:^F`4Z1VKY8;\\F_4Y1WK]8:YF^4Y1XK`8<UF\\4Y1WKf8>nE[4\\1VKi8?jEZ4\\1XKk8d6SG]Io8a6oFaIS9^6lFbIU9]6kFcIW9\\6hFdIZ9Z6eFeI^9Z6aFfIb9Y6\\FgIg9W6YFiIg3hNP1_7WKkIg3iNQ1[7WKmIg3jNR1Y7VKmIg3lNT1U7TKPJh3lNT1T7SKoIi3oNT1Q7SKPJh3QOV1n6QKPJi3TOV1k6PKQJi3VOY1h6kJSJl3VOZ1f6iJUJk3WO^1c6fJVJk3YO_1`6eJXJk3YOb1^6aJZJl3YOe1[6_J\\Jj3[Oh1Y6]J\\Jj3\\Ok1V6[J]Jj3^Ol1U6XJ]Ji3AR2P6UJ^Jh3DU2l5RJaJh3DW2k5PJaJg3FZ2h5mIdJg3F^2e5iIeJh3Ga2c5gIfJd3Kf2_5eIfJc3Mj2\\5bIgJc3Nl2[5_IhJ_32QN]NX3h6UKkJ\\35VNaNS3`6XKjJ]37YNcNP3S8dN]I]NaNn2Q8`NcIcN^Nl2l7^NjIfN\\Nk2i7]NlIjN\\Ni2f7\\NoImN[Nf2e7YNSJSOZNc2a7XNUJYO[N]2^7XNYJ^OZNX2\\7VN]JFVNT2[7RNbJNSNn1[7PNdJ5QNj1Y7nMiJ;oMe1W7mMkJa0PN`1T7nMlJe0QN[1R7nMmJk0RN1SOQNn7P1nJS1QNUO9QNl6g1iJW1TN]NU98iH_1SNmM\\9b0bHe1XN\\M[9l0^Hk1f9PN]FS2a9hMcF[2[9cMfF`2X9_MeFg2Y9WMgFm2V9RMjFR3T9lLlFY3P9dLSG_3k8^LWGe3g8VL]Gm3a8nKcGU4Z8kKfGX4Y8fKgG^4W8_KiGf4X8oJlGW5k;5E<I6N3N2M2M3N4K7J4J7J7I9G;E9G:E:F:F9E;F8J6J5K6J4K5K5J8H7F9L2N001O1O0001M201O1N2M3N3N1O2N3N3L6J>Am0UOg0XOb0_O;E<C9Gc0]O?A<D9F9G;F8G:F9H6J9E8I8I5J7I5M3M2N2N2J6L4M2O1O1O001NgMXNZ_O906d0X1]?n2TOm0]Oc0bCQJ[8_7cGcHV8e7fG^HQ8k7cGfG`Nc0g9n7dG_HY8c7cGaHY8c7dG`H\\8a7`GbH`8^7\\GeHf8Z7VGjHk8V7PGoHQ9P7lFRIV9n6gFTIZ9k6cFWI_9h6^FZId9f6YF\\Ih9f6RF\\IP:j82O1N3O0O1012NO1M4L3M3M3M3L4L5L3M3L4L4L4L4M3L4M3L4M3M3M3L4MiEjGe7R8[HPHf7m7YHVHi7f7WH[Hl7a7SHbHQ8Y7mGjHn4_OmKd7TOnHo4DiK[7VOTIR5ChKT7UO\\IU5BeKn6SOdIZ5B_Kg6VOiI]5B\\K`6XOoI]5FXKW6[OUJ^5EWKR6YO\\Jb5DVKk5VOdJd5DVKd5TOkJg5BUK_5SOQKj5BSKX5ROXKm5ASKQ5kNdKT6[OTKl4fNjKZ6[OoJg4eNQL^6[OmJ_4cNXLa6[OmJX4bN^Lc6\\OkJR4`NdLf6\\OkJl3^NjLg6\\OmJe3[NPMj6\\OlJa3WNUMn6]OjJ[3TN\\MS7[OjJU3QNaMW7]OgJP3oMeM\\7]OeJk2kMjMb7^ObJf2hMPNh7[O`Jb2dMVNX1^Mh4m1[L\\2aM]N[1\\Mi4m1ZLX2_MaN]1\\Mk4l1YLV2[MeN_1[Mn4k1XLV2UMfNe1YMP5m1ULR5jNTIS5k1SLm4iNZIU5l1PLf4lN^IW5n1kKa4mNcIY5o1iKZ4mNhI[5S2eKR4POlI\\5U2aKn3ROnI^5Y2[Kg3VOQJa3@hLo2;_3YOUJd3^OhLT35W3^OXJf3_OeLX33m2C\\Jf3AcL[3Of2H_Jf3AcLc3F[21aJg3CaLe3DT24eJg3CaLh3@n18hJ^1XOZO:@l3[Oj1;jJ_1XOZO:@m3YOe1>mJ_1WOmMMb0>;o3VO`1`0PKa1VOlM0?=<o3VO]1a0SKa1VOkM0a0;<R4SOX1c0WK0PO54XO0b0<;S4POR1h0\\KMPO63XO1a0<<T4mNo0j0^KOPO34YOOb0=<T4kNm0l0`KNPO43YOOb0?<R4iNl0n0aKOPO25YONb0?=R4fNl0P1aKOPO25YONd0>;U4dNh0Q1dK1oN24YONd0`0:T4bNh0R1dK3oN14ZONc0`0:l9CfF4mN23ZONc0a0:i9ChF4nN22ZONc0b0:e9DlF2nN22[ONb0b0:c9EmF3nN12[ONb0c0:`9DPG4mN23YONb0c0;]9DSG3mN23ZOMb0d0;Z9CWG3lN32ZOMc0d0:Y9AYG6kN13[OMb0d0;V9A\\G5kN22[OMb0e0:U9_O_G7iN22\\OMa0e0;R9^ObG8iN21\\OMb0f09o8^OfG8hN31[OMb0f09l8@hG7hN32[OMa0g0:g8_OmG8fN32ZONc0f09e8_OPH7fN41ZOOb0f0:b8^OTH8dN32[ONb0g0:_8]OWH:cN22[ONb0h0:]8ZO[H<`N42ZOOb0g0:[8XO`H=^N43ZOMc0h09Z8VObH`0]N42ZONb0i09V8WOdH`0]N43ZOMb0j08U8WOdHa0^N33[OLb0k08R8WOfHa0_N32[OMa0k0:o7UOiHb0]N43ZOMb0k09n7SOlHc0\\N43\\OKa0m09k7SOnHc0]N43[OKa0m09j7SOoHd0\\N43[OKa0o08g7ROQIf0\\N33\\OJa0P18d7ROTIe0[N53[OKa0P17b7QOWIg0YN44\\OJa0R16^7ROYIg0ZN44[OIb0S16\\7PO\\Ih0XN55[OHb0T16Z7oN]Ij0XN45[OIa0T17Y7mN^Ik0XN45\\OHa0U17n9GQE46\\OGb0T16n9HQE46\\OGb0U16k9HTE36]OGa0V16h9HVE45]OGa0W15f9IWE55\\OHa0V15c9J[E35]OGa0X14`9J]E45\\OFb0Y14]9J_E55[OFc0Y13\\9IaE64[OGb0Y14Y9JcE46[OEc0[13V9JeE55[OEc0\\13T9IgE56[ODc0\\14Q9IjE56ZOCe0\\13P9HlE65YOEe0[14m8HnE67XOCg0[13l8HoE67XODg0[12i8IQF78VOCh0\\12g8IRF69VOCi0\\12e8HSF89UODh0\\13c8HTF7;UOBi0]13a8GVF7;UOCi0\\13_8HWF8c1MH3]8FZF9b1OH1[8G[F9c1NI1W8H]F9d1NI1U8H^F9e1NH2R8GbF8e1OH2P8FdF9e1NH3m7GfF8e1NI3k7FhF8f1NH4i7FiF8f1NJ3e7GlF7f10J2b7GmF8h1NK2^7HPG8g1NL3[7FRG9h1NM3V7GUG8h1NN4S7EXG9h1NM5Q7DZG8i1OM7m6A^G9h1OO6j6A_G:j1NN7g6AbG9j1ON7e6@dG9j11M6d6_OeG:l10M6`6@hG:k11N4^6AiG:k11O4\\6AjG:l1013X6BlG:m1101W6DlG:m1120S6FmG:o1O3OQ6GnG:P2O3On5GPH;P2O3Mm5HQH;P204Li5JRH:S204Jf5KTH;S205Hb5NUH:U205Ga5NVH;T206F`5NVH<U216C^51WH;V206C]51XH;V217A[52YH;W225@Z53ZH<W217^OX55ZH;Y224]OZ55YH=Z213\\OY56[H<Z223YOZ59YH<[21a9BUD<\\22^9AWD=[22^9AWD<]23[9@XD>^21[9^OYD`0^22W;NiD3U;NlD2S;MnD3R;MoD2Q;MPE4o:LRE3m:MUE2k:NUE2k:MWE3h:MYE2f:N[E3d:M]E2c:N^E2`:NaE2_:NbE2]:NcE3\\:MeE2[:MfE4Y:LhE4V:LlE4S:LnE4Q:LoE4Q:KQF5n9KSF4m9KUF5j9KWF4i9LWF5h9JZF6d9K]F6a9J`F6_9IcF7\\9IeF7Z9IgF6Y9IiF7V9IlF5T9KmF5R9JPG5P9KQG5n8JUG5j8KWG5h8KYG5f8K[G4e8K]G4c8L^G4a8L`G3`8LbG3^8MdG1\\8NhGOX80lGLV83kGLV82lGMV80R^R6"}, "category_name": "instances"}]}