{"images": [{"id": 0, "file_name": "images/05aa324940.jpg", "width": 313, "height": 161}], "annotations": [{"id": 0, "image_id": 0, "category_id": 0, "bbox": [84.0, 60.0, 114.0, 78.0], "area": 8892.0, "iscrowd": 0, "segmentation": {"size": [161, 313], "counts": "RY=4l44M1O2M3N1O2M2O1N2O1O100O11O01N1O2O1O0O100O1O10O01O10000O1O100O1O101N100O1O1O01O000010O01O0010O01O00001O001O001O001O10O0100O00101NO101N1O1O1O1O2N1O1M4NVO`L5`3JbL5]3KdL5\\3JfL6X3KiL4W3KkL4T3MmL2R3NPM1o20RMOl22VMMh24ZMKe25]MJ`29aMF^29eMF[29gMFY28jMGU29mMFR29QNFo18TNGj19YNFg18[NHc17aNH^17eNHZ18hNGW19jNGT18POHn08TOFm09UOFj0:n1O101O1O001O1O1O2NgPb0"}, "category_name": "instances"}]}