{"images": [{"id": 0, "file_name": "images/067a665d84.jpg", "width": 640, "height": 480}], "annotations": [{"id": 0, "image_id": 0, "category_id": 0, "bbox": [169.0, 116.0, 250.0, 301.0], "area": 75250.0, "iscrowd": 0, "segmentation": {"size": [480, 640], "counts": "Qb_24k>1O1O100O1N2O1O1N2O1O1N2O1O0O2N2O0O2O1O1N101N101N1N3N2O0N3N10001O00000O1O10001O000O1000000YOfNhCZ1X<iNZCJ7]1_<kNXCJ7[1b<TOYCl0g<f0000O0100O10O2O00001O0O101O\\OTNUDl1f;^NUDb1i;dNTD[1j;iNTDV1k;nNTDR1i;ROUDn0j;UOUDj0j;V1O1O1N3N1N2O2L3M3O2N10001N11O0000100O100O1O1O1O100N\\HeLh3Z3VLiLi3V3`JVMSOE\\6U3\\J^MTO^Oa6R3YJcMUO\\OX6JmHX3c1dMXOZOW6\\3_J\\M[OXOV6\\3]J]M]OWOV6\\3\\J^M^OVOV6]3[J]M_OVOW6\\3YJ^MAVOV6\\3XJ_MBUOW6\\3UJ`MESOW6\\3TJbMDQO[6\\3oIdMFPO\\6\\3mIeMFoN^6\\3jIfMHnN_6l3XIWM7mNc6S4nHQM>lNf6Y4cHmLe0kNj6l5TITJo6k5PITJS7k5kHUJY7h5fHYJ[7g5bH[J^7f5_H[Jc7e5[H\\Je7e5YH\\Jh7d5WH\\Jh7f5UH[Jk7h5QHZJm7\\601N20O00N2FRIcHo6\\7:N2N3N12N1O1O2N101O0O10010O01001O0000001O001O1O2N1O101N1O2N2O1N3N2M4M3L3N3N7He0\\OO101O101^GhJV7_4SHiK?Ka7Y4THlK4Nj7S4WHkLm7S3VHfLP8W3UHbLP8\\3ZHULl7j3f101O1O1O1N101O1O2O1N27JM2M3M2N2N2\\NQESOQ;i0REVOP;e0TEZOn:b0UE]Om:>XE@k:;XEDl:6XEHl:4VEJS;ZOVD0i0d0f;[OZDd0h;ZO[Dc0e;^O^D=d;Cm101O01O000O11O00O10O011O01O00000001OO11O0O20O01O00001O1O1O00001N101O1O0O[XW3"}, "category_name": "instances"}]}