{"images": [{"id": 0, "file_name": "images/07955b72df.jpg", "width": 252, "height": 200}], "annotations": [{"id": 0, "image_id": 0, "category_id": 0, "bbox": [158.0, 102.0, 25.0, 50.0], "area": 1250.0, "iscrowd": 0, "segmentation": {"size": [200, 252], "counts": "Yon09n55G7M2N2M3O1N2N3M1N2M4N10001O2N2O1O00O1O2ZO_K]Og4:h0M4Kj[="}, "category_name": "instances"}, {"id": 1, "image_id": 0, "category_id": 0, "bbox": [155.0, 59.0, 28.0, 38.0], "area": 1064.0, "iscrowd": 0, "segmentation": {"size": [200, 252], "counts": "U[n0:k55L3N2O2N3L1O2N1O1O1O1O1O1O1N200O10O101M2IlJWOW5i04N4M4E^JHg55:JR]="}, "category_name": "instances"}, {"id": 2, "image_id": 0, "category_id": 0, "bbox": [175.0, 3.0, 23.0, 40.0], "area": 920.0, "iscrowd": 0, "segmentation": {"size": [200, 252], "counts": "[VR1=h56K4E;L3O1O1O0010O00001O1N2O0O2N1O3M2N3M3L7GPa:"}, "category_name": "instances"}, {"id": 3, "image_id": 0, "category_id": 0, "bbox": [143.0, 13.0, 27.0, 42.0], "area": 1134.0, "iscrowd": 0, "segmentation": {"size": [200, 252], "counts": "Rok06P63QJKf5=L301M3I\\OiJf0Q5;O2N1O1O1002N1O1O1N1O2N2N1O2O0O3M2M4J7Igo?"}, "category_name": "instances"}, {"id": 4, "image_id": 0, "category_id": 0, "bbox": [118.0, 57.0, 31.0, 29.0], "area": 899.0, "iscrowd": 0, "segmentation": {"size": [200, 252], "counts": "iSg07m55N3M101N101O0O101O0000000O1L4N20O0100001N2O0O101N2N2O2M2M5KfQd0"}, "category_name": "instances"}, {"id": 5, "image_id": 0, "category_id": 0, "bbox": [104.0, 94.0, 40.0, 26.0], "area": 1040.0, "iscrowd": 0, "segmentation": {"size": [200, 252], "counts": "Y]d07P61N3O001N101O0O1O101N100O2O000O101O0O2O10OO10000O010000000001N2N3N0O2O0N2O3N4Khod0"}, "category_name": "instances"}, {"id": 6, "image_id": 0, "category_id": 0, "bbox": [93.0, 132.0, 33.0, 35.0], "area": 1155.0, "iscrowd": 0, "segmentation": {"size": [200, 252], "counts": "[Zb01Q68K4L3L4O1O1N2N1O2O001O10O010O001N110O1O001O1O1N2N2N2O2I6N3O13OH[_h0"}, "category_name": "instances"}, {"id": 7, "image_id": 0, "category_id": 0, "bbox": [68.0, 126.0, 31.0, 34.0], "area": 1054.0, "iscrowd": 0, "segmentation": {"size": [200, 252], "counts": "_]=;j56K4L2O1N2O2O0O100O10O0100O00100O0100O101M2O1O101N1N2N5L4K3MShm0"}, "category_name": "instances"}, {"id": 8, "image_id": 0, "category_id": 0, "bbox": [57.0, 94.0, 38.0, 36.0], "area": 1368.0, "iscrowd": 0, "segmentation": {"size": [200, 252], "counts": "iW;2S65M2N3M5YJA\\5f0O1N2O10O01O01O001000O01M3N1010O01O100O10O01O1O010O1N2O1O1O106I5KQbn0"}, "category_name": "instances"}, {"id": 9, "image_id": 0, "category_id": 0, "bbox": [56.0, 47.0, 32.0, 42.0], "area": 1344.0, "iscrowd": 0, "segmentation": {"size": [200, 252], "counts": "[P;2n5;L4K2O5K2N1O1N2O1O101N100N2N2O1O0O2000O1O1O101N3M3M6I3M4K5K6JRoo0"}, "category_name": "instances"}, {"id": 10, "image_id": 0, "category_id": 0, "bbox": [61.0, 4.0, 29.0, 37.0], "area": 1073.0, "iscrowd": 0, "segmentation": {"size": [200, 252], "counts": "Qn;8l58K3L3M2N3J5N2N2O1000O2O1O00000O102N1N2O001N2O001N5I6J5Mkco0"}, "category_name": "instances"}, {"id": 11, "image_id": 0, "category_id": 0, "bbox": [97.0, 39.0, 41.0, 30.0], "area": 1230.0, "iscrowd": 0, "segmentation": {"size": [200, 252], "counts": "TPc05Q64L3M2O2M2O100O1O1O100O1O100O100O1000O01O0100O010O1O1O1N1O2N2N2O1N2N200O1O1O2O1NXWf0"}, "category_name": "instances"}]}