{"images": [{"id": 0, "file_name": "images/07a8e4b860.jpg", "width": 275, "height": 183}], "annotations": [{"id": 0, "image_id": 0, "category_id": 0, "bbox": [36.0, 10.0, 210.0, 134.0], "area": 28140.0, "iscrowd": 0, "segmentation": {"size": [183, 275], "counts": "X`62e52O1N2N3M2N3N1O000O2O0O100O010O10O10O010O00010O01O00100O001O1O0010O00001O01O001O010O0000001O00010O1O0001O01O0000001O0001O01O0001O01O0001O000iJER5;kJIU5=O0001N1000010O0010O010O1O1O100O10000O1O0O2O00001O00001O0O10001N10001N100O1O2N1N2O1O2M2O1O1O1N2O1O1O1O1O1O1O1O1N2O2N1O1O1N2O1O1O2N2N1O2O0O1O1O2N[OhLmNW3T1iLlNV3U1jLjNV3W1jLiNU3W1lLhNT3V1oLiNR3V1oLjNP3T1SMlNk2U1VMkNi2T1YMlNf2T1[MmNc2S1^MmNa2R1aMnN]2S1dMmNZ2T1gMlNW2U1jMkNS2V1oMjNm1Z1SNfNg1_1ZNaN]1f1eN[N[1c1fN]Nj1S1VNmNh1T1YNlNe1T1]NlNa1V1_NjN^1X1cNhNZ1Z1gNfNV1[1lNeNo0_1ROaNc0j1]OUNc02^NQ1Q1mNc0K`NX1n0mNT1T1mNlNR1S1QOkNn0V1SOiNl0X1VOcNl0^1e10OcNULS1j3lNXLQ1i3POYLP1d3PO]LQ1b3nN`LQ1S4O1mNeKj0[4WOeKh0\\4WOfKf0\\4YOeKf0[4[OeKf0Z4YOhK0K?\\4AjK0J?[4AlK0J;]4CkK1I<j4DWK;i4FVK9l4EVK9k4GUK8l4HUK4n4LRK4n4LSK3m4LTK0JOR50VK0Z510O001OnT5"}, "category_name": "instances"}]}