{"images": [{"id": 0, "file_name": "images/0a5b50e05e.jpg", "width": 250, "height": 201}], "annotations": [{"id": 0, "image_id": 0, "category_id": 0, "bbox": [16.0, 27.0, 231.0, 173.0], "area": 39963.0, "iscrowd": 0, "segmentation": {"size": [201, 250], "counts": "UW37o57J4M4L2O2M2O2N2N2N1O2N1O2N1O101mNmNlLT1P3eNXL:f0R1o2TOoLn0o2SOQMn0k2UOTMl0i2VOdL[O`0`1k2ZOTMg0j2ZOUMh0g2[OYMe0f2\\OYMf0d2^OZMd0c2\\O^Mf0_2\\O_Mf0_2[OaMf0]2\\OaMh0[2YOeMo0R2QOoM]1b1eN\\N]1b1eN]N\\1a1fN^N[1`1gN_NY1`1iN_NX1_1jN`NV1`1jN_NW1`1kN_NU1a1kN_NV1_1jNaNW1_1hNbNX1]1iNcNW1]1iNbNX1]1hNdNX1\\1hNdNX1\\1hNcNX1^1gNcNY1\\1gNeNY1Z1hNeNX1\\1hNdNW1]1hNcNY1\\1gNdNY1\\1gNeNY1[1fNeNZ1[1hNdNW1]1iNbNW1^1iNcNV1]1jNcNW1X1mNhNR1X1oNiNo0W1SOhNo0T1SOlNn0R1SOnNm0Q1V20oLnNk0Q1W20oLPOi0o0YOROe0n0[OSOd0l0]OROhM0j2n0_OQOd0n0]OUO`0k0@TO`0m0@SO`0l0AVO=j0DSO>l0BXO;h0FVO;j0DWO<i0EVO;j0UOSOaN4Y2i0FWO:i0FYO8g0XOSO`N7X2e0[OTO\\N5Z2g0HTObM4e2h0JZO5f0J[O6e0^OTOXN7Z2e0LYO4g0LZO4e0L[O3f0NYO2g0NYO2g0NYO2g0CTOSN5Z2h0BTOSN4[2h0NWO2i0NVO3j0MUO4k0DSOmM2_2k0e200001O00001RMQO`0P1_OPOa0P1\\20WMPO9P1FQO:P1EPO;P1_20WMoN:Q1GoN8R1GnN9R1_20YMnN7R1IoN6R1InN7R1JmN6S1JnN5S1JmN6S1KlN5U1JkN6U1KkN4V1KkN4U1MjN3W1LjN3V1NjN1V1OjN1W1NiN2X1NgN2Y1OhN0X10gN0Y10hNOY11gNNY13gNLZ14fNJ[17eNI[17eNH[19dNG]1b2001O001O001O001O001O002N1O001O1O001O1O001O001O1O001O001O1O1O001O1O1O1N2O1O1N2O1O1O1N2O1O2N1N2N2O1N3N1O1O2JQMmLR3X2nLnM0K06W3P2jLnM1KO6V3Q2jLmMh3Q2XLoMi3P29N2OcLnMe2P2k0O1N2OZLUNP3h1QMWNQ3h1j0MVL[NS3c1nL]NT3a1l0M2N2O2M2N2N2N3M3L3NTLWO\\2e0g1M3L4Jl>"}, "category_name": "instances"}]}