{"images": [{"id": 0, "file_name": "images/0b3fdb852b.jpg", "width": 1080, "height": 770}], "annotations": [{"id": 0, "image_id": 0, "category_id": 0, "bbox": [352.0, 181.0, 244.0, 556.0], "area": 135664.0, "iscrowd": 0, "segmentation": {"size": [770, 1080], "counts": "[\\Y83mg03N1UEW2\\KjMX4V3SKkLb4X4eJiKR5k4bJWKT5X5eJiJS5c5hJ^Jl4S6nJnIf4d6SK]Ie4Q7SKQIf4\\7SKeHi4e7oJ]Hm4l7lJVHQ5T8fJnGX5[8`JfG^5c8ZJ_Gb5l8UJUGi5S9oIoFn5Z9kIgFS6`9fIbFX6e9aI]F]6k9\\IVFb6R:VIPFh6X:QIiEm6a:iHaEV7g:aH[E]7m:\\HTEb7R;XHPEf7U;VHlDh7[;RHfDm7^;oGcDo7a;mGaDR8c;iG_DV8d;gG]DW8h=O1N2O1O1O1O1O1O1O1O1O1O001O10O01O010O0010O01O01O01O01O0100O010O1O010O100O01O1O01O01O1O0100O10001N101N2O2M2O1O2M2O2N1N2O2M6K2N1N2O1O1O0O101O000O10001O0O100000000O10001O001O00000O2O0000000000mN]Ig@c6V?`Ij@`6S?cIm@]6P?gIo@Y6n>jIRAV6k>mIUAS6g>PJZAP6a>UJ_Ak5Y>\\JhAd5S>aJmA_5o=eJQB[5l=hJTBX5j=jJWBU5h=lJXBT5f=mJ[BS5c=oJ\\BR5c=oJ]BQ5b=PK^BQ5^=SKbBl4]=UKcBk4[=XKdBh4[=YKeBg4Y=\\KfBd4X=^KUBmM5e6d=`KWBkM5e6b=bKYBjM4d6`=fK[BfM5d6\\=kK^BaM6e6W=oKbB]M6d6U=RLdB\\M6b6T=ULeBZM6a6S=XLfBXM6a6P=[LiBUM6`6n<^LlBSM4`6m<aLnBPM4_6j<fLQClL4_6f<YMYCg2a<`M^C`2_<dM`C\\2^<f4L3N2N2N3M2M3N2O2M2N2N3M2N2M3N3M2N2N2M4L3M3M4K4M3M4J5K6J5K5J7H7I8I6I8H7_K_@9j?Ec@Jc?6d@UOi?m0e@RNm?n1XAXL]?h3_22N3M3L205J0f\\OfKkb0\\4o\\OPLhb0R4R]ORLPc0^42M4M2N2N2M3L4H9YOf0_Ob0C<G9J7G8J7J5J7J5K7J4K6K5L5Jff[;"}, "category_name": "instances"}, {"id": 1, "image_id": 0, "category_id": 0, "bbox": [583.0, 50.0, 238.0, 682.0], "area": 162316.0, "iscrowd": 0, "segmentation": {"size": [770, 1080], "counts": "[ff=m1ke0e0^Oa0_O?C>C;C=C<F9H8H7H9I6J7I6I7J5L5J5L4K5K5L4TJQH^KS8^4oG`KU8\\4lGcKW8[4iGcK\\8Z4eGdK^8Y4cGfK`8X4`GgKd8V4]GhKg8U4YGjKk8S4UGlKo8Q4RGmKR9P4nFoKU9o3kFPLX9n3hFQL[9m3fFQL]9m3cFSL`9j3aFTLb9j3^FULe9j3[FULg9i3YFVLj9h3WFVLl9h3UFVLn9h3SFWLP:g3PFWLS:d0bEfM;e1W:a0`EiM:e1Z:=]EnM9d1g:1REZN8d1Y;^O`DoN7a1b;WOXDXO6`1i;QOSD^O5_1n;nNmCC7]1Q<kNhCH8[1U<hNdCN7X1Y<fNaC27V1[<eN_C57T1]<eN[C99o0_<eNYC<;l0^<eNXC?<h0`<gNTCa0<g0b<gNRCb0=e0d<fNPCe0=c0e<gNnBf0>a0f<hNlBh0`0<g<jNiBj0c07g<nNgBj0e04f<QOeBk0h00e<TOcBl0k0Ld<WOaBm0n0Hc<ZO_Bn0Q1Cd<]O[BP1S1@f<]OWBS1T1^Oj<[ORBW1U1[OQ=WOkA^1V1XOW=SOcAe1W1UO]=PO]Ak1X1RO`=oNXAo1Y1oNd=oNTAQ2Y1mNh=nNPAT2[1jNk=nNj@X2\\1gNn=nNg@[2]1bNP>ROc@[2`1[NT>XO]@]2a1RN[>_OT@^2c1hMd>Ii_O_2h1\\Mh>3`_Oa2Zc0^Mf\\Oa2]c0\\Md\\Od2_c0YMa\\Og2]d000000000000O10000000000000001O00000000001O0000001O0O101N10001O001O0O2N101M2O2O0O2O001O0O101O001N101O1N1O2N1J7M4M2M3N2L5K4M4N2M3N2N3M2O1N3M2O1N2O1N2O1O101N1O1O2N2M3N2N3M4K4M6J6J8H<E:E9G5K3M3M4K7J4L2N3M2M3N3M1O3L3M3N2M3N4K3N1N3M5K3M3M3N2M4L2N3M2N2N2O1PCXEb<Z;J5K5K5K5RLnCoI`0mNi;c6XEoH\\O;c;Y6kFeI[9o5mFPJZ9b5nF\\J\\9U5kFiJ\\9k4kFSK_9^4hF`Ke9n3aFQLU:Q3UFmLX:\\2TFbMZ:b1VF\\Nia0O1O2N1O1O_QR6"}, "category_name": "instances"}]}