{"images": [{"id": 0, "file_name": "images/0bef07f8f0.jpg", "width": 275, "height": 183}], "annotations": [{"id": 0, "image_id": 0, "category_id": 0, "bbox": [58.0, 53.0, 98.0, 85.0], "area": 8330.0, "iscrowd": 0, "segmentation": {"size": [183, 275], "counts": "_^:3d52M2O001O0000000000001O0O10000O2O000O2O0O3N2M101N2N2O1N1O2N2N2N1O2O0O1O101O0O1O1O100O6K0jKbNR4i1IFWLhNf3W1aLgN\\3[1?3L3N2M3NC]LhNa3X1aLhN]3X1eLhNX3Y1kLfNS3Z1oLeNP3[1QMeNn2Z1UMeNj2[1ZMbNd2_1i01O00100O0O2000OO20O0010O01O1O101N1N2O2N1N4ROdK;_4CdK9b4BaK9d4CbK4d4Lc01O01O01O01O010O0000]Ve0"}, "category_name": "instances"}]}