{"images": [{"id": 0, "file_name": "images/0bf8b0e1da.jpg", "width": 300, "height": 168}], "annotations": [{"id": 0, "image_id": 0, "category_id": 0, "bbox": [217.0, 68.0, 20.0, 29.0], "area": 580.0, "iscrowd": 0, "segmentation": {"size": [168, 300], "counts": "leS18n45K3N1O00001O1]K^O\\4i0O1O1OM4O2M2N4K9Ij:J_m9"}, "category_name": "instances"}, {"id": 1, "image_id": 0, "category_id": 0, "bbox": [200.0, 67.0, 14.0, 32.0], "area": 448.0, "iscrowd": 0, "segmentation": {"size": [168, 300], "counts": "]lP12S57J>B2N106K0000K5N2J7L3D=N\\Q>"}, "category_name": "instances"}, {"id": 2, "image_id": 0, "category_id": 0, "bbox": [190.0, 71.0, 12.0, 30.0], "area": 360.0, "iscrowd": 0, "segmentation": {"size": [168, 300], "counts": "UXo06m49H6K7K10KhKZOW4g06O10103I6Jno?"}, "category_name": "instances"}, {"id": 3, "image_id": 0, "category_id": 0, "bbox": [184.0, 67.0, 14.0, 33.0], "area": 462.0, "iscrowd": 0, "segmentation": {"size": [168, 300], "counts": "]Xn0>5FZ4`0dK^O[4a06O1O001N2M3L5N2O101O1N\\e`0"}, "category_name": "instances"}, {"id": 4, "image_id": 0, "category_id": 0, "bbox": [170.0, 69.0, 14.0, 33.0], "area": 462.0, "iscrowd": 0, "segmentation": {"size": [168, 300], "counts": "Tok0=2Fb4a0N2NLcKA\\4`033K6O00005K01O1J?E`nb0"}, "category_name": "instances"}, {"id": 5, "image_id": 0, "category_id": 0, "bbox": [152.0, 68.0, 20.0, 36.0], "area": 720.0, "iscrowd": 0, "segmentation": {"size": [168, 300], "counts": "PQi0230h4<M2O1OM\\KDb4=41O1N2N3J9J2O1OL5M3N1N3L6I9Jhmd0"}, "category_name": "instances"}, {"id": 6, "image_id": 0, "category_id": 0, "bbox": [151.0, 68.0, 21.0, 36.0], "area": 756.0, "iscrowd": 0, "segmentation": {"size": [168, 300], "counts": "^kh06n4?C3N1O1MOgKYOY4g0310000O3M3M1O1OL5M2O2M3L5J9Jimd0"}, "category_name": "instances"}, {"id": 7, "image_id": 0, "category_id": 0, "bbox": [143.0, 64.0, 9.0, 38.0], "area": 342.0, "iscrowd": 0, "segmentation": {"size": [168, 300], "counts": "Sag09l4>_O6O1O2O6J0001QOSLN_[h0"}, "category_name": "instances"}, {"id": 8, "image_id": 0, "category_id": 0, "bbox": [131.0, 73.0, 13.0, 31.0], "area": 403.0, "iscrowd": 0, "segmentation": {"size": [168, 300], "counts": "abe09k47H8G6ONhKUOY4j03012M01O2N3H:I]`i0"}, "category_name": "instances"}, {"id": 9, "image_id": 0, "category_id": 0, "bbox": [41.0, 67.0, 15.0, 26.0], "area": 390.0, "iscrowd": 0, "segmentation": {"size": [168, 300], "counts": "hi64P58H8I4N1O1001O1O000O101O0O5BPoW1"}, "category_name": "instances"}, {"id": 10, "image_id": 0, "category_id": 0, "bbox": [60.0, 66.0, 16.0, 28.0], "area": 448.0, "iscrowd": 0, "segmentation": {"size": [168, 300], "counts": "am94P57K4L6K1ON200100N2O011O002NAa0FTfT1"}, "category_name": "instances"}, {"id": 11, "image_id": 0, "category_id": 0, "bbox": [74.0, 67.0, 16.0, 27.0], "area": 432.0, "iscrowd": 0, "segmentation": {"size": [168, 300], "counts": "TW<5P54M2O1N2O1O1O2N4K101N20O1J6N4L]\\R1"}, "category_name": "instances"}, {"id": 12, "image_id": 0, "category_id": 0, "bbox": [75.0, 64.0, 23.0, 32.0], "area": 736.0, "iscrowd": 0, "segmentation": {"size": [168, 300], "counts": "Y\\<9m42O1N2O1O1O2N6I2O1N02O1I7N1O101O010N2N2L5K4O`RQ1"}, "category_name": "instances"}, {"id": 13, "image_id": 0, "category_id": 0, "bbox": [110.0, 76.0, 15.0, 29.0], "area": 435.0, "iscrowd": 0, "segmentation": {"size": [168, 300], "counts": "]Tb02T56J4L6I3N2NN23N102N000ON4N:ETdl0"}, "category_name": "instances"}, {"id": 14, "image_id": 0, "category_id": 0, "bbox": [95.0, 76.0, 15.0, 28.0], "area": 420.0, "iscrowd": 0, "segmentation": {"size": [168, 300], "counts": "ae?7P53L3N3M4K2NMbK@]4`0eK_OZ4b0gK]OW4e06O1O3N2L4ISSo0"}, "category_name": "instances"}, {"id": 15, "image_id": 0, "category_id": 0, "bbox": [125.0, 65.0, 15.0, 32.0], "area": 480.0, "iscrowd": 0, "segmentation": {"size": [168, 300], "counts": "fbd0b0e42K400O1NNdKZO[4c07M3M4J6O2O0O1O1NPVj0"}, "category_name": "instances"}]}