{"images": [{"id": 0, "file_name": "images/0c8b345dc6.jpg", "width": 262, "height": 192}], "annotations": [{"id": 0, "image_id": 0, "category_id": 0, "bbox": [49.0, 16.0, 154.0, 158.0], "area": 24332.0, "iscrowd": 0, "segmentation": {"size": [192, 262], "counts": "dZ97f58I3N2OO0OgN@UM?k2GPM7\\2KlL1g03]2OgL2j00_2d0`M\\O_2f0`MZO_2i0_MVOa2l0^MTOa2n0]MSOV2[1iMdNV2_1iMaNV2`1jM`NT2c1kM\\NR2h1lMYNT2i1kMWNS2k1lMUNS2n1kMSNT2n1lMQNS2R2kMnMT2U2jMlMU2U2kMjMU2W2kMhMT2[2jMcMX2^2hMaMX2a2fM_MZ2b2fM_MX2c0aMQ15]NY2`0iMP1N_NX2a0lMo0L`NX2`0eMVO5i1NaNW2`0PNP1H`NW2>UNQ1DbNV2=WNQ1CaNU2>YNQ1BaNT2;_NT1]O`NS29eNV1XOaNR27jNX1SOaNS26kNY1SO`NQ27nNX1QOaNP25TOY1kNbNQ23WOZ1hNbNQ24ZOZ1bNcNT21]Oe1b0ZNBc1?\\NCc1=\\NDc1=[NEe1;ZNGd1:[NGe19ZNGg1Y20O1O2O000000001O00000000000000000010O00000000000000000000000000000000000000O1000O10004LLYNoKg1P4ZNPLf1P4[NoKd1R4\\NnKd1S440001O0001O011N001O0001O01jNlK]OOo0S4k00SOoKKP46PLANGR4i0oKUO1011n3l0oKSO67j3g0PLQO97f3n0\\LPOc3Q1aLjNT2OdNW1YOiNQ25aNS1AeNP2:[NR1Z2oNeMQ1\\2POaMP1a2RO\\Mn0e2TOWMl05hNh1=QNk07iNh1=nMj08eNZO5`2?jMf0`0mNe1?gMd0e0nNd1>eMe0g0nNd1<eMf0g0oNc1l1^NUNc1S1aMUOl0Hd1j0iMZOG@m0=ACb1S1\\N\\Oc0O^OCc1Q1\\N\\Od01a1`0mM]Oc04`1=oM^Oa05b1:nMAa04b19oMA`06c16oMB`07d12oME>9e1OPNE=:f1N\\OOg0Lk2Lno:"}, "category_name": "instances"}]}