{"images": [{"id": 0, "file_name": "images/0e6ba163a7.jpg", "width": 772, "height": 386}], "annotations": [{"id": 0, "image_id": 0, "category_id": 0, "bbox": [140.0, 19.0, 545.0, 310.0], "area": 168950.0, "iscrowd": 0, "segmentation": {"size": [386, 772], "counts": "WQe1:e;4M3M2O1O1O00100O100O1O100O10000O010O1000000O100000000O10000O101N1O100O100O2O0O100O101N100O2O000O101O000O2O0000001O0O101O0PNROlHn0P7ZOlHf0Q7_OmHb0m6DRI<j6IUI8h6JWI7e6M[I3c60\\I1a61_IO_63aIM^64bIL]65cIL[65eIK[66dIJ\\66dIK\\64dIL\\66bIJ_66_IKb65]ILc64\\ILf63YIMj60VI0n6MQI4\\7_OcHa0`7\\O`Hd0a7\\O^Hd0`7_O_Hb0^7@bH`0\\7CcH=\\7DdH<Z7GeH9Y7IgH8V7JjH6T7LlH4R7NmH3R7NnH3o6OQI1m61SIOl62TINj64VILi65WIKg68XIIf68YIIf68ZIHe6:ZIFe6;[IEd6<\\IDd6=[ICd6>\\ICc6TOoH3<j0e6QOQI5:j0f6nNRI97i0g6jNVI>2h0i6gNWIa00h0j6dNWIf0Nf0m6_NXIk0Jg0Q7WNXIT1Fe0n7]OQHc0o7^OPHb0o7@PH`0o7BPH?n7BQH?o7BPH>o7k1O1O100O1O1O2O0N2O1O2N1O1O1OVL_HU3`7kLaHU3^7kLcHV3\\7iLdHX3\\7gLfHX3Y7iLgHW3Y7hLhHY3W7fLjHZ3V7eLjH\\3V7cLlH]3T7aLmH_3S7_LoHa3S7[LoHf3R7ULQIk3c7001O010O00001O0010O1O01O0O2L3M3[Of0M2N2O2M2O1O101N1O1O2N1O1O2N1O2N1O1N3N1O1O1N3M2L4N2N3M2O1N2N3N1N2N2M3N3M2N2N2N2M3N3M2N2N2N2N2N2N2N2N2O1N2M3N2N2N2O2M2N2N2N2O1N2O1N2N`HkLW6S3kIlLV6S3jImLW6Q3iIPMX6o2fIQM]6m2cIUM]6j2`IYMa6f2_I[Ma6d2YIbMh6]2VIeMk6\\2RIeMo6\\2lHfMV7\\2dHgM]7^31O1O1O1O1N2O1O1N2O1O1O1O1N2ObH_L]6`3cIaL]6^3cIcL]6[3dIfL\\6Y3eIfL\\6Y3cIiL]6U3dIkL]6T3cIlL^6S3bInL^6P3bIQM_6n2aISM_6l2aITM`6k2`IVM`6h2aIXM`6g2`IYMa6f2^I\\Mb6c2^I]Mb6b2^I`Mb6_2^IaMc6^2]IbMd6]2[IeMe6Z2[IfMf6Y2YIiMg6U2ZIkMg6T2YIlMh6S2WIoMi6P2VIQNk6n1UISNj6m1VISNk6l1TIUNm6j1RIXNn6h1QIXNP7g1oHZNR7e1mH\\NT7d1kH]NU7d1hH]NX7d1eH_N[7b1bH_N_7c1YHcNg7k21O010O100O1O010O100O1O010O100O01[HTLT7k3kHXLT7g3mHYLR7h3mHXLT7g3mHYLS7g3lHYLU7f3kH[LU7e3kHZLU7f3kH[LU7e3jH\\LV7c3jH]LW7c3iH]L7JZ6j3^I\\L8KZ6h3^I^L7J\\6h3\\I^L8K\\6f3\\I`L8J[6g3\\I`L9I[6g3\\I_L9K[6e3\\IaL8K\\6d3[IaL:J\\6e3YIbL:J]6d3WIdL<H]6d3VIdL=I]6d3SIeL?H]6U4cIkK]6T4cIlK^6T4bIlK^6S4bInK^6R4bInK^6R4aInK`6Q4aIoK_6Q4`IPL`6o3aIQL_6o3`IRL`6m3`ITL`6l3`ISLa6m3^ITLa6l3`ITLNGR6U4oIULOFR6T4oIVLOHQ6R4PJVLOHQ6R4oIWL0GQ6Q4oIYL0FQ6Q4oIYLOGR6P4nIYL1FR6P4mI[L0FS6o3lI\\L1ER6P4mI[L1FQ6n3nI]L0ES6n3lI^L1DS6n3kI_L1DT6m3jI`L2CT6m3iIaL3BT6n3fIaL7AS6o3bIcL:_OT6h4lIXKj3JSNn4SNXKi3MSNj4SNZKh3OTNg4TNZKh30TNe4TN[Kg32UNb4SN]Kh32TNa4TN]Kg34UN]4UN_Kf35UN[4TNaKg36SL@l1i4ZNaKf3<PNR4YNcKg3;QNQ4XNdKf3=QNo3XNeKg3<RNn3WNeKg3?QNl3WNfKg3?SNj3VNgKf3a0TNg3VNhKe3b0UNf3UNiKe3b0WNd3TNjKd3d0WNb3TNkKe3c0XNa3SNlKe3c0XNa3RNmKe3d0XNR4f1PL[No3b1TL^Nl3a1VL^Nj3`1XLaNg3^1ZLbNf3\\1]LcNc3ZNnJe2a1QOa3YNoJd2b1TO^3XNPKc2d1TO\\3YNQK?NV1h12Y3XNRK5LM2^1l18T3XNRK4MM5V1o1`0m2XNSK5ML6S1o1d0k2XNSK5NK7Q1n1g0j2XNSK40J7R1m1g0i2YNTK3OK8P1m1i0h2XNUK30J8Q1k1j0h2XNUK31H9Q1j1l0h2VNVK3d0c0f1T1_2VNWK2f0?h1Y1[2UNYK1e0?i1[1Y2UNZKNg0>i1_1V2TNaL:\\1a1S2UNbLOe1l1k601O00001O001O0000001O000O101O00000O2O000O100O2O0O1O1N3N1O1N3L3N3@TEDP;<;0001O00000001O0001O0000O11O00000000000000000O1000000000000000001N1001O000000001O0000010O0001O01O01O0010O01O01O01O00010O00010O00000001O01O0001O000000010O01O001O001O0010O01O001O2N0O2O1O1NQ`P1"}, "category_name": "instances"}]}