{"images": [{"id": 0, "file_name": "images/0f64464b3d.jpg", "width": 275, "height": 183}], "annotations": [{"id": 0, "image_id": 0, "category_id": 0, "bbox": [101.0, 6.0, 144.0, 159.0], "area": 22896.0, "iscrowd": 0, "segmentation": {"size": [183, 275], "counts": "bTb08^54PLLV27`M1`20XM6h2LTM5m2OnL2R33hLMY36cLK]38`LH`3:^LEb3W101O011N3M2N2O2M100O2O001N10OjLcMU3^201NNWMTNP2m1lMbMLb0V2n1QNbMG<j0O1W2_OlMa0^3C]L?b3GSL\\O4m0h3n0N1O1O1O1O1O1O001O2N1N2O2N1O1O3M3N3L3M3M6J2N101N10O0O2M2O\\NTMHNLk2>[M\\O33`2d0WN]Oe1g0ZNYOd1j0\\NVOa1n0]NROb1Q1\\NPOb1S1\\NmNd1U1ZNkNe1Y1XNhNg1Y1XNgNh1[1VNfNh1]1WNbNh1a1VN_Ni1d1UN]Ni1g1TNYNk1j1SNVNV2c1hM]NX2e1fM[NZ2g1cMZN]2`2O1O1O1WOgLRO[3d1001O0UOdL\\O\\3e0cL[O]3`10OiMkMn0U2PORNk0m1UOXNg0g1YO[Nf0d1ZO^Ne0b1ZOaNd0^1TOPNWOf0d1X1UOROi0n0VOTOj0j0WOXOg0g0YO[Og0d0XO^Og0a0YOBf0<ZOHd07[OO`00@3>M]O9b0F]O>a0A_Oc0>]OBh09WOGU1NkN2W1LhN4Z1KfN5\\1HeN8]1FbN:a1C`N=d1^O]Nb0\\3O01000O10000O10O0100N2O11OO100O101O1M3O001O3KoZ5"}, "category_name": "instances"}]}