{"images": [{"id": 0, "file_name": "images/0fb77550a1.jpg", "width": 299, "height": 168}], "annotations": [{"id": 0, "image_id": 0, "category_id": 0, "bbox": [86.0, 105.0, 44.0, 57.0], "area": 2508.0, "iscrowd": 0, "segmentation": {"size": [168, 299], "counts": "UX>6k4<F6L3N2N2N2M3O1N2N2N3N1O1O1N2O100O1O100O1O1000O0100O01000O01O1N2dN]LR1e3lN]LR1e3lN\\LR1m302N001O101YOnK3V4JoKMW41Udk0"}, "category_name": "instances"}, {"id": 1, "image_id": 0, "category_id": 0, "bbox": [62.0, 12.0, 76.0, 150.0], "area": 11400.0, "iscrowd": 0, "segmentation": {"size": [168, 299], "counts": "oW:a0`4=D<^O`0G:G8J5J6J3N2N2N2O1N2O2N1N2O2N1O2N3M3M4L5iN[Lb0X4N1N2O0O10000O100000000O1000010O000000000000O10001O000O101N101M2N3N1iNTOQNn0k1XOQNj0n1IZM<e2U1O1O0[NeM<]2BSNBZ2>Y10000101N00O1O3DjK_O^42`\\j0"}, "category_name": "instances"}, {"id": 2, "image_id": 0, "category_id": 0, "bbox": [198.0, 21.0, 51.0, 98.0], "area": 4998.0, "iscrowd": 0, "segmentation": {"size": [168, 299], "counts": "QbP121OP58@`0H8I6L4M3K6L4K5L7J3M4M2N2N3M2N000EaMlM`2R2<0000OUMkMe2U270000001N101N1O102N5J101N101O001O1O001N2N2O1M3L6I7G9CZU8"}, "category_name": "instances"}, {"id": 3, "image_id": 0, "category_id": 0, "bbox": [144.0, 41.0, 25.0, 61.0], "area": 1525.0, "iscrowd": 0, "segmentation": {"size": [168, 299], "counts": "[eg03T52N101O1O1O1O1O002N1O100O1O2N10001O014LO011N2K:FmKLf[e0"}, "category_name": "instances"}, {"id": 4, "image_id": 0, "category_id": 0, "bbox": [125.0, 47.0, 42.0, 84.0], "area": 3528.0, "iscrowd": 0, "segmentation": {"size": [168, 299], "counts": "Qbd01X53J6La0]KDX3?bLE`36_LNe3ZO\\L=N<d3WO]Lf1N[N[3k1M1O2N1@`0N2O10000001O001O1O001O1O1O002N1N2O2N2N3M2M4L9VN\\LU1Y4F7J5K4L5K2Mjae0"}, "category_name": "instances"}, {"id": 5, "image_id": 0, "category_id": 0, "bbox": [0.0, 21.0, 29.0, 144.0], "area": 4176.0, "iscrowd": 0, "segmentation": {"size": [168, 299], "counts": "e0_4j0O100O1O1O2N1O2N1O2N1N101N2O3K103L:G8G4I1UMkMa2O`Mc2X2>Bb0VOj0oNbK12O10M001m4OS50XR\\1"}, "category_name": "instances"}, {"id": 6, "image_id": 0, "category_id": 0, "bbox": [21.0, 45.0, 28.0, 102.0], "area": 2856.0, "iscrowd": 0, "segmentation": {"size": [168, 299], "counts": "i_31W51L5N1O1N3O2M;E8^LWOV2Q1VMB5]Oh1k2O01O1O1O2M3N3L6J3N3K5D<G9B`0H7H7J<G^mX1"}, "category_name": "instances"}, {"id": 7, "image_id": 0, "category_id": 0, "bbox": [233.0, 3.0, 37.0, 50.0], "area": 1850.0, "iscrowd": 0, "segmentation": {"size": [168, 299], "counts": "iWV11Q59L2O1N2O4K3N2M2O1N2O1N2O2N1N3N2M5L3M1O01O4M1N2N2M2O1N3M2O2N2N1O1O2N:F4KPg4"}, "category_name": "instances"}, {"id": 8, "image_id": 0, "category_id": 0, "bbox": [286.0, 0.0, 13.0, 52.0], "area": 676.0, "iscrowd": 0, "segmentation": {"size": [168, 299], "counts": "nm^1<j49Dc0A2M2L5O1O001O001O0000"}, "category_name": "instances"}]}