{"images": [{"id": 0, "file_name": "images/100f6809b6.jpg", "width": 201, "height": 251}], "annotations": [{"id": 0, "image_id": 0, "category_id": 0, "bbox": [59.0, 18.0, 87.0, 220.0], "area": 19140.0, "iscrowd": 0, "segmentation": {"size": [251, 201], "counts": "cd>1i7100O100000010O001bH3l6MSI5V6LSJNG7c4GXL1VO57MF2g41QLOXO39KG1f46oKMYO2<JE0g4;kKJ]O1<JE0e4f0cKAD1?IDOc4m0aKI9[OA0c4Q1`KD<[OA0_4U2PLlM@OY4\\2XLkMa3\\2_LdMI1j2`2]M_ME<^2^2nMUMC>Z1b3SOPLB?Y1c3UOnKAKm1Y4bNlK_OJQ2[4`NlK]OIR2]4aNoK^1S4bNlK]1V4cNiK]1X4bNgK_1Z4`NfKa1Z4^NgKb1Z4WNkKj1U4RNoKo1P4PNPLQ2P4nMQLR2P4mMoKT2Q4lMoKU2Q4jMoKV2Q4kMmKW2R4iMoKW2P4jMoK\\2k3fMVLj2W3VMUM`2i2aMXM_2e2bM^M^2W2\\McLO19X10lNQ2m2XNgNl1T1SNnNo1P1QNnNi2:XMAS38mLAa38`LCi38WLEo38QLDU4:lK@]4<eK@a4<`KAe4<\\KBf4LfJLe07D_Oe4:VKNa09CA[53SK=A_O_66XI07Ka64ZI14Kb64[I02Ld64[I0OMf63\\I1JMl62ZI7f6I[I5f6LZI2h6MYI1h60YIKk66=002N1O11M101N2N2N0O2O0ORY="}, "category_name": "instances"}]}