{"images": [{"id": 0, "file_name": "images/13ad027930.jpg", "width": 271, "height": 186}], "annotations": [{"id": 0, "image_id": 0, "category_id": 0, "bbox": [72.0, 31.0, 188.0, 133.0], "area": 25004.0, "iscrowd": 0, "segmentation": {"size": [186, 271], "counts": "YW=2g51dM>^NBa1e0YN\\Of1j0UNTOk1Q1RNoNo1S1mMnNR2V1kMjNU2Y1fMgN\\2\\1bMdN]2^1`MdN_2^1^McNc2^1\\MaNc2d1YM\\Nh2e1UM]Nj2e1SM\\N;Ij1l1gMTNK7U3h1jL^N:CF4d2[2gMfMY2`2[MeMg2[2ZMcMf2e24O0010OM3O2N110O1O05K2O0O:G0O5L9GC<0010000O101O000O2O1OM30ON30O1O1O1O104K3NN110O010O1O010O10O10002NO02O00O100O10000O100000O10000000O10000O100O10000O10000O100O100000000O1000001DbMYM_2g2aMYM_2g2aMZM^2a2bMYM06^2_2fMXMM9]2_2cMYMOO19]2]2bMZM1217\\2]2eM\\M07[2\\2eM\\M18Z2]2dM[M37Y2^2eMZM;0o1h2c04MO03MO12N012MO12OO03MO1011N2N10O01O100O01@`MdM`2[2aMeM`2Y2aMhM^2X2cMgM^2X2bMiM]2W2dMhM]2V2dMjM\\2V2eMiM\\2U2eMlMZ2T2fMlM[2R2gMmMZ2R2fMoMY2P2hMPNY2o1hMPNY2o1gMQNY2n1hMSNX2m1hMRNY2l1hMTNX2k1jMTNW2k1hMVNY2i1hMWNX2g1jMXNV2h1iMYNX2f1iMYNX2f1gM[NZ2c1gM]NZ2a1hM_NX2`1iM_NX2`1hM`NY2^1hMbNY2]1gMcNZ2[1gMdN\\2Y1eMhN[2W1fMhN]2T1dMlN^2o0fMPO_2>nMZOeN6`3:nMHW2ITN6i3O0O1000001O1L_k1"}, "category_name": "instances"}]}