{"images": [{"id": 0, "file_name": "images/15fbfec098.jpg", "width": 500, "height": 500}], "annotations": [{"id": 0, "image_id": 0, "category_id": 0, "bbox": [26.0, 129.0, 410.0, 312.0], "area": 127920.0, "iscrowd": 0, "segmentation": {"size": [500, 500], "counts": "^R=5Q??M2O2L3M4N2M3M3cAkNW>Z1O1N2O1O1O2M3N1O1O2N1O1O2N2N1O2N1O2N1O2O1N1O2N100O1OO2K4M3H9N101N1O1O2N1M4O0O101O001O001O001O010O010000O100O100O100000O0100O10000O1000O10O1000O010001O0O10O10O100000O10O1gB`N^<a1`C`N`<_1`CcN_<^1`CbN_<_1`CbN`<^1_CdN`<]1^CfNJEZ<e1kChNIE[<c1lCjNEG]<_1mCZOP<g0nC@l;a0RDAm;`0QDAo;?PDDn;>mCFR<P2N1O5K2N1O0010O00O11O01O0[JTLBl3S6000O2O00000O10O10000O10000O1O010O1O1000000000TKVLmMk3R2WLmMc3XK_Ll6NkMb3[K`Lk6LjMd3[KaLc;_3\\D`Le;g310O3N00G_D_La;Z3\\DfL41^;a3aD`L[;c3cD^L\\;h3cDSL^;R401HlKnDV4b:iK^E3N10c31dLb:F^E4NO0e31cLa:0^EH0f30cLa:R4`EmK_:U4`ElK_:f4NZOcEWL^:m2iEhMS:hNeE]3b0bL@5Nc02XOS:`3_FgM_9X2fFaLXOR1l9POTF\\3U1\\Mg8XOSFY3a1XM[8j2jGcLZN>l9m2PHnLTNHh90XFZ3S2iLmMMg9[3Y25N2K5N2N3M2KRLdDo3U;QLkDW4T;5H8YE\\KT:n4gEXKT:l4kEZKn9h4RFZKj9[5M3M2O2M2O1N2O1O1O1O1N3N1O2N2N101N2N2N3M1O01O00000O2N1N2N2N3M2M3M4N1K5H9^Oa0O2O00001N10001O001O00001N10001O1N101O001N102N1N2O1O1O1O1N2O2N1N2O2N1O1N3N1O2N1N101O0O1000O<E7I2N1O4TE\\K_:S5J1O001N10O100O01000000O3N001O1O1N3N2N1O2N1O4L1N3N3M2N1O001O0000O1O001N2N2N2mM\\FQNj9l1[FoMg9Q2]FfMh9Y2]F]Mi9c2bFgLi9X3Z1O100O1O1000TD`Ld;_3\\DbLd;]3\\DeLc;[3\\DgLc;X3^DhLc;W3]DiLc;V3^DjLb;V3^DkLa;T3_DmLa;S3_DmLa;R3_DoLa;P3`DPM`;o2aDPMa;o2_DQMa;n2`DQMa;o2_DQMa;n2_DRMb;m2^DSMd;l2[DUMe;k2ZDUMg;k2VDWMk;Y31N1O1O1O2M2O1O1N2N2O2M2N2L4F:O2N1O1N2O1O2N1O1O1O2N1O1O2N1O2N1O1O2O0O1O2N1O2N101N1O1O2N1O2M2O1O2N1O1N3N1N3N1N3M3N2M3N3K6K`Po0"}, "category_name": "instances"}]}