{"images": [{"id": 0, "file_name": "images/1b52a87ccf.jpg", "width": 194, "height": 259}], "annotations": [{"id": 0, "image_id": 0, "category_id": 0, "bbox": [8.0, 9.0, 185.0, 243.0], "area": 44955.0, "iscrowd": 0, "segmentation": {"size": [259, 194], "counts": "iT2S1n6<E7J1M8J3L4M1N5K101N1O3^JcMY5^2gJcMX5f2M2N3N1N3N1NAUKiMi4X2WKiMh4W2XKjMf4W2ZKjMe4V2[KlMc4T2]KlMc4T2]KmMa4T2_KmM`4S2`KnM_4R2aKoM[4T2eKmMX4U2hKkMW4R3L\\LmKI0d3P4>MTOSLfMk3\\2ULeMi3\\3NULZL[3e3dL^L\\3`3C\\LcMc3`3N1O101N101O0000\\KcL80P4\\3>NfKfLm3Z3SLgLl3S3VLlLP4R3`01eKmLf3R3FnLQL3i0o25nLo1b0]Md2e0jLl1d0^Mb2c0jLTO1k2U4lMjK[O0O0i2W4gMiKC0L000m20SMU4l30oLkKT2U4mMkKR2U4nMkKTO0n2S4P1N2N3J7_LgKQ3[4mLiKP3g4N0O2O1N4M6JGZMQK25^2o4bMRK\\2o4dMUKW2l4iMUKU2j4lMXKR2k4kMWKR2l4mMUKR2_5M[OTNXKj1b5K4L5KZObNPK\\1R4cNoLZ1k3fN^KX1g3iNTMU1o4N1NmMnNZMP1f2PO[Mo0d2SO\\Ml0d2SO^Mk0c2UO_Mi0`2WObMi0\\2XOeMg0\\2XOeMg0[2YOaKOj1g0e2YOhMg0j4OcMZO^Mg0o4O1OgM[OUMf0j2[OVMd0i2[OZMd0R510O100O01000O01`M\\OaMd0i2\\OmLd0Y50O10000O100O1fKYOUM0l3g0X32O001N1PLWOe0k0ZOUOf0k0[OSOe0o0W32PLSOe0n0[OROd0P1[OQOd0P1[OPOd0T1lMgNbN00080>5j2W1mMdNaN000>095j2Z1mMaNbN0`0065j2]1nM^NSO045k2a1jMZNfN0002080:7h2c1lMWNhNO00>057i2f1iMUNkNN00=067h2l1cMmMRO00000U17T2_2WMZM@020N0o07Y2a2PMXMH0061KP16V2a2RMXMI6NJ00:0:7a2e2RMUMJ8P1NS2f2SMSMK:NF000040`08]2h2VMPMI00=m0JT2i2UMPMN<i0KS2l2ZMZMb0JS2m2YMlLJ>OB=1J5b2R3^MhLHb0>^OJ7b2R3ZMgLL031M=<EK4a2U3aMVM1BM3`2W3dMbLE00>4BL60J48_2[3fM^LGc01COI48]2]3gM[LH00P12ZO\\2^3jMYLHo02ZO[2`3cMYL1MOR14WOU2P5kMQKS2P5mMQKQ2o4PNQKo1P5SNoJi1U5VNlJh1U5XNlJe1W5UN]J3<g1[5YNgJa1]5_NcJ_1`5_NbJ]1a5bN_J]1b5cNbJV1c5jN\\JT1\\6K4N4J4N3KcH@b:"}, "category_name": "instances"}]}