{"images": [{"id": 0, "file_name": "images/1b90f8f1b1.jpg", "width": 276, "height": 183}], "annotations": [{"id": 0, "image_id": 0, "category_id": 0, "bbox": [14.0, 0.0, 247.0, 160.0], "area": 39520.0, "iscrowd": 0, "segmentation": {"size": [183, 276], "counts": "bb26^57I6K4M2N2N3M2N2O2M2O001N2O001O0000QOeKc0Z4]OgKc0V3VOmL0>7_Oc0T3D[MK_Oa0U3E]Mh0\\2gNUMc0N]O<Y1^2I`M7_2K`M5`2K`M5`2L`M3_22]MNc25ZMK`2i1O100O1000O1000M2N3O0100O100O1O1O1N2YNmMJS24QNHQ26SNGn17WND>@Fl0NB:GFe06^O40E`0;ROiNO[1b0@<T2FkM8V2JiM3Y2OfMO[22eMM\\24cMK]26cMI_27`MJ_26aMJ`2KhLGg0>b2IhLIf0?b2FiLKe0a0g0BOEdN631c0f084d0WOTOi0M8m0oNUOQ1^O=X1cNZOn2e0RM[Oo2d0QM\\OP3c0PM]OR3`0oL@R3?mLBT3<mLES3:mLFT38mLHT36mLIU36jLLV32kLNV30kL0V3MkL4V3JkL6V3GkL:W3BkL>i1BcNJGd0_17\\OI`0=]OD?b0^O_O`0d0^O]O?f0@[O=i0AXO=k0AVO=m0ATO=o0ARO>P1@QO>R1@oN>U1^OmN`0V1]OlNb0Y1WOjNg0Z1UOhNj0^1lNgNS1o2N2O2N1O10O101O00001O1O1O1O1O1O1O1dLlNS2U1bM\\OW2g0aMEi0TO0]1iNHS1PO2e2M]M2g2I[M6f2H\\M7d2I]M6d2I\\MXOCf0R30RMXO0O0g0P30PM[O:d0g20nL^O;a0g21nL_O:`0h22mL^O;`0i21lL_O;`0i21mL^O:b0j2OkL_O;b0j2OkL_O;a0l20iL_O9b0n2OjL^O7d0o2NkL^O4e0Q3NjL^O2f0Q2A]N:Ac0m1ZO`N3Cc0h1AcNLFb0c1HeNFHb0^1NiN@Ib0[12kN\\OKa0W17nNVOLc0R1<QOQOMc0n0a0TOlNNc0l0c0VOiNOd0i0f0WOfN0d0g0h0ZObN0f0c0l0\\O^N1f0=R1CVN1h0;T1DRN1k0;S1GmM0P19T1?lNAT1>mNCS1<mNDS1;nNFR19nNHR16oNJQ16oNJQ15POLo03ROMo01RO0n0NSO2o0KSO5l0IVO8j0FVO;n0^OUOc0o0ROWOo0h21O1O2O0O2M2O1O2O0O2M3fMfNUNIk1c1FSO6o0EWO8j0DZO<g0@]O=f0]O@a0b0\\O@c0b0VOEi0<TOFj0>oNGP1;lNHS1:jNHV1]2O1O07jKdNd3h1jNZNZNf1`1bN]N_1_1gN_N]1X1iNfNX1T1POjNo0T1UOjNl0R1XOnNi0m0\\OQOg0j0\\OUOd0h0@XO`0e0CZO>d0D\\Oa0<BC?8FG;EeM30MR2;a0EI:j210O0000001O_ODgK<W4MbK3]40aK0_41`KNa43^KMb44]KLb45^KKb45^KKb46\\KKd45\\KJe46ZKKf4b0100O1O101N1O2N2N2M3M4L7Fma2"}, "category_name": "instances"}]}