{"images": [{"id": 0, "file_name": "images/1c607cc478.jpg", "width": 259, "height": 194}], "annotations": [{"id": 0, "image_id": 0, "category_id": 0, "bbox": [66.0, 73.0, 101.0, 113.0], "area": 11413.0, "iscrowd": 0, "segmentation": {"size": [194, 259], "counts": "ee<3m53M2N3M2N3N2M200N3N2M2J6I6M4M2O2N1O1O2N10001OO11OO100001L3JYNnKl1o34L5N2N2N2O1M3N2M3O1N2N2O010O010O1O1O1O100O101O000O100O1000O1kMPMX1P3dNZMV1f2lNUMXONh1n2YOSMe0m2[OVMa0l2_OUM?k2AWM;k2FVM7k2JVM3l2MXMKk26VMGk29XMBk2>VM]Om2e0TMVOo2i0U1100O3NO001002M102N0O3N0O3N0O4M0O10O0@iKUOX4h0oKSOQ4h0ULWOk3=jKA?0h3:nKB>3e38iLF]3OW\\a0"}, "category_name": "instances"}, {"id": 1, "image_id": 0, "category_id": 0, "bbox": [32.0, 1.0, 138.0, 192.0], "area": 26496.0, "iscrowd": 0, "segmentation": {"size": [194, 259], "counts": "SR61o5=E3M1O6J3M3M1O1O2N3M2N1O2N1O2N2N4L3M2N2N2N2N3M3M2N2N1O1O1O1O1O1O2N1O1O1O1O1O1O2N1O1O1O2N3M2N2N3M2N2N2N1O21N0001O0001N6J2MmNoLXOo2h0TMYOf2j0[M[OZ2i0hMXOQ2l0QNVOh1n0ZNSOb1n0aNPO\\1R1dNPOX1R1iNYOh0k0WOWOe0k0\\OWO`0k0@\\O6f0I@Oc02^OIe08@@c0?`20000000LBdJ>\\5BeJ=Z5DfJ<[5CfJ<Z5CiJ;W5EkJ9`5O1O2N002N4L\\O3a03M3L3N3L3N1N2N2N1N3N1N2N2N2N2M2H9001N3M2O2M3N2N2M5L3L2O1O1O1O001N201@_J;d5O10000000001O1JYJNk5NWJ0ik`0"}, "category_name": "instances"}, {"id": 2, "image_id": 0, "category_id": 0, "bbox": [0.0, 73.0, 84.0, 90.0], "area": 7560.0, "iscrowd": 0, "segmentation": {"size": [194, 259], "counts": "[2^2b323MO100N22M103L003M2N1O2O2M2N1O2N22M2OO0[NlK^1S49O10O10O01O0UNmKh1R4WNoKi1R4VNnKj1U41O5K1O1O1O00000000000000O101O0O1O1NI611O3O0O101O0000O101O001N2N3M2E911O001N200N2O3M2O1M4M3L7J2M2N2M3GfJE_588LXQQ1"}, "category_name": "instances"}]}