{"images": [{"id": 0, "file_name": "images/1c8f6d10f9.jpg", "width": 299, "height": 169}], "annotations": [{"id": 0, "image_id": 0, "category_id": 0, "bbox": [7.0, 0.0, 289.0, 168.0], "area": 48552.0, "iscrowd": 0, "segmentation": {"size": [169, 299], "counts": "hW14T52O00001O0001O0001O000001O01O00010O1O0eKJc36^LJa37_LJ_36aLJ`35aLK^35bLM]32cLN]33bLMCL`37mLMBN`35nLO_OMc35nLM_OOb34oLN^ONd33PMM\\O0d34PMK\\O2c33QMK[O3d32RMKYO3f32PMKZO3f33oLJYOM06i32nL6R3JmL6T3ImL6S3KmL3T3NkL2V3MjL3V3NjL1V3OjL1V30iL0X3OhL1X3OhL1X30gLO[30eL0[31dLO\\31dLO]30cL0]31bLO^32aLN`31`L0^3FQL:?2a3O^L2a3O^L1c3N]L3c3NZL3e3N[L4I@e3<aL5I_Of3<aL4K_Oe3<`L5H_O00e30ZL>86H^Oe3N[L>8:]3XO[L01;7=b3D]L6I_O00j3;]L9J[Oh3>]L:NXO^3?dL9b3G^L7JZOg3a0^L5c3M\\L3a3ZO\\Ld013OYOc3e0]L3e3h0]L`N^37_LI0V1f3QOZLI0W13iN\\3:aLm0c3TO^Ll02iNY38iLP1MiNX3:jLm0MjNX38hLF1Y10lNQ36nLE1[10gNQ39oLE0_1S3lNQMU1n2kNnLE0`1Q3lNoLD0_1Q3nNoLC0`10`Nl2<UMDO`10`Nk2<WMDN`1O`Nm2<VMDNc1k2jNWMCNb1l2kNVMCNb1k2kNXMCLc1l2jNUMCOe1m2hNSMEOc1n2hNRM\\1o2dNRMEOd1l2gNVMDOe1k2gNUM^1k2`0O1000O10O2O0O0100000O1O100O2O0O002N1N2N2N2N4K2O2N2N2N2N2O1N2N2N2N2O1N\\O_NdM_1T3O1N2N10\\OfNZMZ1[3O2N1N01ZOjN[MU1]3O1O1OWNnN]OQ1^2O4L1O00100OO11VOdKf0\\432O0O^OXOeLg0\\3YOdLf0]3[ObLO@d0d4N1O100OMA^K>f41VO@jL`0o31O01O01O010O001O1O0lK^Oa3c0_L^Oa3`0d0N20O2O1N2WO[OmLf0R3[OmLf0j31N2O1O1N2O1N2O1O1N2O1[OjNVMW1]31O1N2O1O001O2N1N2O002N1O1O1O1O1O1O1O1O100O1O1O100O1O100O1O100O1O1O10000O1O100O1O100O100O1O100000000001O00000000000000O10000O10000O2O1N2O1N2N3N2L3O2M3M4L4L6J6I4L6I6J6Kb>"}, "category_name": "instances"}]}