{"images": [{"id": 0, "file_name": "images/1d831c5733.jpg", "width": 199, "height": 253}], "annotations": [{"id": 0, "image_id": 0, "category_id": 0, "bbox": [11.0, 23.0, 181.0, 196.0], "area": 35476.0, "iscrowd": 0, "segmentation": {"size": [253, 199], "counts": "Xl22i73N2O0O1DIRI7j6OSI2l6NUI2j6NWI2h6OXI1f60[I0d60]I0b60_I0`60aI1]6OdI3Z6MfI4Y6KgI6X6JiI7V6IjI7V6IjI7V6IjI8U6HkI8U6GlI9T6GlI9T6GlI9T6HjI9V6IhI7X6LeI4[6MdI3\\6NbI3^6NaI2`6M`I3`6N`I1`6O`I0a60_IOb62\\IOe60[IOg60XIOj61UI0k6a000lMWOTMj0i2ZOUMf0i2^OUMb0j2BSM>k2ETM;k2FTM;j2GVM9h2IWM8h2IXM7g2KWM6g2LXM5g2MXM3g2NXM3g2OWM2g20XM1g20WM2h20VM1i20VM2h2OWM2h2OWM2h20VM1i20UM21cNc1]1ZN10gNc1Y1\\N10hNb1X1]N00jNb1W1]NN2mN_1V1^NL4PO\\1U1_NI7ROZ1V1^NG9mN_1]1WNF:mN_1^1VNF:lN`1_1UNF:kNa1`1TNF:jNb1a1SNF9kNc1`1SNF9jNe1`1RNF8kNe1a1PNF9jNg1a1nMG:iNg1a1mMG<iNg1`1kME`0mNd1_1iMDe0mNc1[3]NfLb1[3]NeLd1Y3\\NhLe1Q3`NQM_1o2aNSM^1m2aNTM^1l2aNVM_1i2`NYM`1e2aN[M`1c2aN^M^1b2aN_M`1`2`N`Ma1_2_NaMb1^2^NbMc1]2]NdMb1]2]NcMd1]2ZNdMg1\\2XNdMi1\\2VN^MQ2b2mM^MU2c2iM]MX2c2fM^M[2c2cM]M^2i2ZMXMg2i2VMWMk2m31O10000000000O10000O100O10001O0001O1O_MRM4m2LWM5e2J^M5`2JhM0W20jM0U20nMNQ22RNKo14TNJk16XNGh18\\NEe1:_NC`1<fNeNfNNd2\\1POUNdN>\\2]1F`N<_1ESN`M8l2d1KYN7f1JXN7h1JVN8i1IUN9k1m2O001O1O1O1O1O1O1N2O1O1O1O1O100O1O1O1O011N001O1N3N1N2N2N3M2N3N1N2M4M3KXe1"}, "category_name": "instances"}]}