{"images": [{"id": 0, "file_name": "images/1e38afb1fd.jpg", "width": 300, "height": 168}], "annotations": [{"id": 0, "image_id": 0, "category_id": 0, "bbox": [101.0, 15.0, 89.0, 144.0], "area": 12816.0, "iscrowd": 0, "segmentation": {"size": [168, 300], "counts": "de`04R52N2O1N1000O10000000000000000000001O01O0000010O00001oK1h2OjLc0Z1TOO9`Nl0\\1QO04_NQ1_1mN0c1N`N0a1fN^Ng04`0Q2_OTN;m1EVN5n1JTN1o1NUNKo15UNDo1;VN[Oo1e0k0XO^Lh0`3[O_Le0`3]O_Lc0a3^O^La0b3A]L?c3B\\L>d3CVLc0i3>1OO110O00hNWLQ1R4O0O1O00RLROc3m0\\LVOb3j0]LYOa3j0[LZOc3Y1]O[N[Mi1`2YN`Mj1[2XNeMk1W2VNhMl1U2VNiMl1V2UNiMm1T2UNjMn1S2TNlMm1l1iMoM=3m1h1o0L5K5J6I;D<D8N02O1O2N103L01O0O2N2N3L5KYna0"}, "category_name": "instances"}]}