{"images": [{"id": 0, "file_name": "images/1f0feb9b38.jpg", "width": 275, "height": 183}], "annotations": [{"id": 0, "image_id": 0, "category_id": 0, "bbox": [96.0, 38.0, 124.0, 120.0], "area": 14880.0, "iscrowd": 0, "segmentation": {"size": [183, 275], "counts": "_Xa03a55M1N2O000[NHlM9T2HjM8V2IhM8Y2HfM8[2HdM8\\2IcM7^2IbM7]2JbM6_2K_M5b2K]M5c2L\\M4e2L[M4d2NZM2g2NXM2h2OXM1g20XM0i21UMOk22UMNj23UMMl24RMMm24SMKn25QMLo25oLLQ34oLLP35oLKR36lLKT36kLIV38hLj0W2XOcMQ1X2SOaMS1\\2W1N2M3M;FO1O001O1N2O1O1O1L4O2O1N1O1O1O2M2O001M3N101N2O1O02O3M00O2N1O1O1N2K6J5K6K4J6J5D<SOkKN_42c0010O001O0010O0000001O0000001O0001O01O00001O01O01O001O0010O00010O10O0010O01O1O002N1O1O`g9"}, "category_name": "instances"}, {"id": 1, "image_id": 0, "category_id": 0, "bbox": [181.0, 130.0, 62.0, 26.0], "area": 1612.0, "iscrowd": 0, "segmentation": {"size": [183, 275], "counts": "l_P13c51N2O1N2O1O1O1O1O100O1O10000O10O10O10000O100O10000O1O100O100O10O0M4O1O00100O1000001N10001N101O0O2O1O001O0O2O00001O00001O0Ofb5"}, "category_name": "instances"}]}