{"images": [{"id": 0, "file_name": "images/20c1a0b5dc.jpg", "width": 275, "height": 183}], "annotations": [{"id": 0, "image_id": 0, "category_id": 0, "bbox": [136.0, 25.0, 125.0, 99.0], "area": 12375.0, "iscrowd": 0, "segmentation": {"size": [183, 275], "counts": "S]h06^54M3M2N2N3M2M4M4M5J2O2M2ON2O10[NkNiNn0^1UO_Nl0a1UO]Nl0c1TO\\Nl0e1UOYNl0h1TOVNm0j1TOUNk0l1VORNk0o1UOoMl0Q2UOmMk0U2UOjMk0V2VOhMj0Y2WOeMj0\\2VOcMj0^2WO_Mi0b2XO\\Mi0e2XOYMh0h2XOVMi0j2XOUMh0l2YOQMh0P3XOoLh0R3YOkLh0U3\\OgLd0Z3\\OdLe0]3[ObLe0_3[O_Lf0b3ZO]Lf0d3YO[Lh0e3e01O1O1N3N1O1N3N1N3N1N2N3M2O1N100O010O100O100O010O1O10O0100O0010O0001O00000O1O001O0O3N1O1O1O2N101M201N101N200O1O100O100O100O101N100O100O1000000O2O0000000000001O0Ok^2"}, "category_name": "instances"}, {"id": 1, "image_id": 0, "category_id": 0, "bbox": [35.0, 40.0, 11.0, 32.0], "area": 352.0, "iscrowd": 0, "segmentation": {"size": [183, 275], "counts": "hY6<X57J4M4K2M30000005K3JRK\\ORQY1"}, "category_name": "instances"}, {"id": 2, "image_id": 0, "category_id": 0, "bbox": [5.0, 45.0, 11.0, 24.0], "area": 264.0, "iscrowd": 0, "segmentation": {"size": [183, 275], "counts": "Zn0>W52N2N200O1NO210_ORK8P5FWK3j4LXX^1"}, "category_name": "instances"}, {"id": 3, "image_id": 0, "category_id": 0, "bbox": [75.0, 47.0, 8.0, 18.0], "area": 144.0, "iscrowd": 0, "segmentation": {"size": [183, 275], "counts": "f^=42MY5<K4O100002M3K`XR1"}, "category_name": "instances"}, {"id": 4, "image_id": 0, "category_id": 0, "bbox": [108.0, 45.0, 8.0, 22.0], "area": 176.0, "iscrowd": 0, "segmentation": {"size": [183, 275], "counts": "Y[c0=X52N3M2N20O1M3AlJ8Sal0"}, "category_name": "instances"}]}