{"images": [{"id": 0, "file_name": "images/20f59302f3.jpg", "width": 225, "height": 225}], "annotations": [{"id": 0, "image_id": 0, "category_id": 0, "bbox": [107.0, 121.0, 61.0, 62.0], "area": 3782.0, "iscrowd": 0, "segmentation": {"size": [225, 225], "counts": "_dg04m61O1O1O011PJ0k41RK1n40oJ2R5MlJ5T5LjJ4X5LfJ4[5McJ3_5M^J4c5NZJ2h5NWJ1j50SJ1o5OoI1S6=1O2O1N1O2O1N10O1O2M3M3N3L4L4L5J6J5L3NmNmJ<Q5ASKFM:Q5KVKJM8n4JXKNM5e5J_JNe52e01O01O00000010O0001O00001O001O001O1O1Ol[<"}, "category_name": "instances"}, {"id": 1, "image_id": 0, "category_id": 0, "bbox": [137.0, 78.0, 67.0, 62.0], "area": 4154.0, "iscrowd": 0, "segmentation": {"size": [225, 225], "counts": "YVn02n63N1O1O001O010O1O001O0QJNP52lJ2S5OjJ3V5MhJ5Y5KdJ7\\5JbJ5a5K\\J6e5KXJ6i5JUJ6n5=1N3N1O2N1O1O00O1N2M4L4J6N3N2N2O101N11ROaJ7c5]OeJd0k52N2N[ORJ9l5GVJ8i5HXJ8g5G]J6c5J`J3`5McJO^51gJH\\57g000000000000001O0000001O0O101O1OX`4"}, "category_name": "instances"}, {"id": 2, "image_id": 0, "category_id": 0, "bbox": [90.0, 50.0, 60.0, 62.0], "area": 3720.0, "iscrowd": 0, "segmentation": {"size": [225, 225], "counts": "[kc01n65M1N100000001O000O100000000oIHY58dJK\\55bJM^53aJN_53^JOb51[J1e50ZJ1f5OXJ2i5b000G9D<O11O2M2N4L4M5L4L5K5L1OO1N3N1O1O2M]OTJ5j5KXJ4g5K\\J5a5L`J4_5KdJ4[5KiJ2V5NkJ2U5MnJ0S50o00O01O00001O001O2NX]`0"}, "category_name": "instances"}, {"id": 3, "image_id": 0, "category_id": 0, "bbox": [48.0, 101.0, 54.0, 62.0], "area": 3348.0, "iscrowd": 0, "segmentation": {"size": [225, 225], "counts": "ie:4l61O1O1O100O10O01O100O10O10O1VOHkJ8U5NeJ2Z52cJN^54_JLb56ZJKg5g02N2N\\JZOn4]11N1O2M3M3L4L4L3M1M4K5O01O101N10DiIOU61mIOQ61QJNo51SJOk51WJOg51[JOc51_JO_51cJO[51gJNY51iJOU50oJOP50RK0n4MUK2o5N2NUlj0"}, "category_name": "instances"}, {"id": 4, "image_id": 0, "category_id": 0, "bbox": [59.0, 156.0, 60.0, 63.0], "area": 3780.0, "iscrowd": 0, "segmentation": {"size": [225, 225], "counts": "mT=3m62O1QOLoJ4P5OmJ2S5OlJ1T50jJ1V50iJ0W51hJOX52fJO[50eJ0[51cJ0^50aJO`52^JOb52\\JOe52YJNg52XJNj53SJNn53oIMR6a01N2O1O1O11iIHb5l0O10OOO100O1N2M3L3K6O12MDPJKo54TJKk54XJKf56\\JIc56_JK_54cJL]51gJNY5OjJ1V5LnJ4o50001O00001O000000001N101N10\\Sg0"}, "category_name": "instances"}, {"id": 5, "image_id": 0, "category_id": 0, "bbox": [40.0, 36.0, 62.0, 58.0], "area": 3596.0, "iscrowd": 0, "segmentation": {"size": [225, 225], "counts": "]k84l62N101N1O100O01000O010VOJhJ7W5LgJ4Y5MeJ3\\5ObJ1^50`J1`51^JOc52ZJNh53VJMj55TJKm5d01O1O1O1001O5L1N1O1O1N1N3M1O2N2N10WOnJCQ5=TK^Ol4c0h0101NDmILR63QJLn54SJLm53TJMk53WJLi52YJNf52[JOd50]J0c5O_J0a5O`J1`5NbJ2^5LcJ4V6O1O010O1O0O3Mhnj0"}, "category_name": "instances"}, {"id": 6, "image_id": 0, "category_id": 0, "bbox": [129.0, 5.0, 63.0, 66.0], "area": 4158.0, "iscrowd": 0, "segmentation": {"size": [225, 225], "counts": "i\\l02m64L2jNN\\K3d4OXK3h4OUK1l40RK0P50nJ0T51iJ0X50fJ0[51dJN^53_JMc53[JNf52XJNj52TJOm51QJOQ6`01N2N101N2O00O0O2M4L6K5K4L4L4M3M3M2N3MdNUKe0j4UO]Kl0a4QObK4E8j4@dK8I1\\5OgJNY51lJKT55l0000000O1000O010000O010O100O10O01O100O1O2MVW7"}, "category_name": "instances"}]}