{"images": [{"id": 0, "file_name": "images/21cfefa411.jpg", "width": 225, "height": 225}], "annotations": [{"id": 0, "image_id": 0, "category_id": 0, "bbox": [46.0, 0.0, 175.0, 225.0], "area": 39375.0, "iscrowd": 0, "segmentation": {"size": [225, 225], "counts": "QW:3k67kIHS5`0jJCg4P1PKVOn1Gc0l1ZOUNc0P2[OPNd0S2ZOmMd0X2YOhMg0Z2VOgMi0]2ZNaMJ2l1_2QN_M_O1MOd02n1c2kMjM6Cm1h2kMYME10Nb00l1m2iMbM:Ak1S3gM]M<Ak1m1hMK<XNl1m1iMWOMZO=Bk1o1nMTOJiN1>;Fj1Q2QND4\\Ni1S2TN_O3^Nh1T2VN]O2_Ng1X2VNROIdN92h1]2RNSO4aNi1_2RNoN5bNh1Z4WNfKi1Z4VNgKi1Z4WNfK8Mm0m2fN[N6kN5Oo0l2jNUN1QO4OQ1n2iNQN2RO2OU1n2jNmMOWO1NW1P3jNgMO[OOOW1P3oNbMK_OM0Z1Q3oN\\MKCKO]1S3ROTMFKJM`1^2^NQNY1DhNMa1^2`NPNW1EgNMc1^2`NPNU1EhNMb1_2cNnMQ1GjNKb1a2dNnMm0O>T2eNmMl01=S2hNmMi00=W2iNiMi00<[2iNfMj0O<^2hNdMj0ETOKY1k3AZLVOKX1m3AXLWOLW1m3AWLYOKV1o3_OXLZOIW1R4\\OTL^OKU1R4\\OSL_OKT1S4]OQLAKR16kN`3`0_LCLP15nNm11UO=lNEMo04oNm12VO:lNFMn05POj1NhM5a17kNHNm03ROj17ZO0kNJNm03ROj17\\ONiNMNj03UOj17[OMjNMNi04VOk17YOKjNONi04VOQ21UNK:4^O2Ng04WOR20VNL82^O4Nf05XOR20TNMg07nNc05XOW2NoM1e06POc05XOW2OoM0d06QOb06XOX2OnM2a06SO`06YOY2NnM3>7UO>7YOS33_M6XO=5[OU32]M7XO<6[OV32[M7ZO:6]OW33TM8_O85^OOMi25cM9@56AMLk26_M9D35BMLT1314SO8F34C=N21d06nN8JO6D;03Od06mN8LN5E:23Ne06kN8NK6H921Nh07bN:6G6H921Og08`NBMO3a09L5J:022e07^NB5`06J7K9016e03fN25I6M8N1<d0KjN53I5N9M0?d0FmN61I509KJK@h0Y1BnN71I50:JCR1n0QORO9NJ41;ICS17iN14I<NH43;HBT17jN12J<MI43<GAV16jNf0>ROG65:FBW14kNg0<SOG56;EBX13kNg0<SOE77:EBY12kNf0<VOC59m0P1POhNe0>YO@6;k0o0QOiNc0?ZO]O7=k0n0QOjN`0`0]O[O7=k0l0SOnN<?_OYO7>k0k0UOoN8`0AWO7`0k0i0UORO6`0BTO9a0j0h0VOTO2a08E?d0ZOXOJc0<A`0c0ZO\\ODd0a0_O`0`0\\OP12aNb0=^OR1ObNc0<]OT1O`Nd0;]OV1N`Ne0:]OW1L`Nh07\\O[1J_Nj06[O]1I_Nl02\\O`1F_No0O[Od1E]NQ1NXOh1D\\NT1KXOm1]O\\N[1GWOV3i0iLVOY3j0fLVO[3j0dLTO_3m0`LPOd3X1SLdNQ4]1oKaNR4a1mK[NV4;^Kl0Q5TOoJm0P5ROQKo0n4RORKO0<n4DTKO0;m4ESK028l4HRK045k4KRKO7Ok41nJ1V5BXK=B1U5EWK:D1U5ISK6I0T5LQK4K1S5MPK1N2Q5OPKO01Q50nJO11Q52kJM51P52jJL83R5:oJFT56nJIS55nJKR53QKLP50SK0P6N100O10O1M2N3L3O1M3000OO2O01000OO1O2O0MYO@TKb0m4_OPKb0Q5_OmJ`0U5AfJa0\\5@bJ`0`5@]J`0f5:4M3N2M4F801J]IJ^Q1"}, "category_name": "instances"}]}