{"images": [{"id": 0, "file_name": "images/23decb1668.jpg", "width": 225, "height": 225}], "annotations": [{"id": 0, "image_id": 0, "category_id": 0, "bbox": [4.0, 38.0, 164.0, 122.0], "area": 20008.0, "iscrowd": 0, "segmentation": {"size": [225, 225], "counts": "`o05h67K4M2M4M2N2N2N1O1O1O10O0010O0001O010O0010O10O010O0100O010O010O10O10XKTOZ3m0dLWOZ3h0dL\\O[3c0cL@]3`0`LC_3>\\LFe39ULNk32dK>\\4CaK?`4P11O1O0O2O1N2N1N3M3N2M3L3O2M3M3L4L3N3N2NJSO\\Jk0d59O0aJjNU5V1kJoNQ5Q1nJROo4P1nJSOQ5_1O1O1GQN`Kn1_4VN^Kk1b4:O010O010O01O1O001O001O1N2N2N2M3N2O1M4M2000aK_N^3a1`LbN`3]1^LfNa3Z1\\LkNb3U1XLROh3m0TLWOl3i0QL[On3e0PL]OQ4b0nK^OS4b0kK@V4?jKAV4?iKAY4>fKB[4>dKB^4<bKD_4=`KBb4]1100O1N2O1O1O1M3M2N3L4M3N2O001O1O1O1N2O1O1O1O1N2O1N2O1O100O1O101N100O1O1O1O101N1O1O100O2N1O1O2N1O2N2M2O2MX_<"}, "category_name": "instances"}, {"id": 1, "image_id": 0, "category_id": 0, "bbox": [136.0, 110.0, 88.0, 115.0], "area": 10120.0, "iscrowd": 0, "segmentation": {"size": [225, 225], "counts": "kom07i66I4N2N1N3N1QJBY5?dJEZ5=`JI]5o0O00N2N2M4J5O11O1O100O1O2O;D3N0O2N1000O010O100O1O0O2N1M31O1O1O2N1OM3100O1O100O10O010O0O<C9hNUJj0V60M3M>B9G2N2N1O1O1N100O10O001O1O001oNWKHj49ZKAg4a0YK\\Oh4f0ZKUOg4m0f01O2OO001O001M3N2M4K6GX1"}, "category_name": "instances"}]}