{"images": [{"id": 0, "file_name": "images/25c629ddd6.jpg", "width": 259, "height": 194}], "annotations": [{"id": 0, "image_id": 0, "category_id": 0, "bbox": [8.0, 38.0, 244.0, 155.0], "area": 37820.0, "iscrowd": 0, "segmentation": {"size": [194, 259], "counts": "ka16i58J5L3L4M4L3M3M2N2N1O2N2N2N101N3kKaNa3a1\\LbNb3`1[LbNe3a1VLaN\\2HlNU2P1nMPOR2n0PNROQ2k0QNUOP2h0RNYOm1e0UN[Ol1b0VN^Ok1?VNBj1<XNDi1:WNHh16ZNJg14XNNh10YN1h1MXN5h1HYN9h1EXN<i1BWN`0i1^OWNc0j1ZOVNh0k1VOUNk0k1TOUNn0k1POUNQ1l1mNTNT1m1jNSNX1l1gNTNZ1m1dNSN]1n1`NSNa1m1^NSNc1n1[NRNg1m1XNTNh1m1VNSNk1n1SNRNo1n1oMRNR2n1mMSNS2n1kMRNW2n1fMSN[2i21O2O0O2N101N1O2O0O2O0O2N2O0O2O1N1O1O2N1N3O00001O1O01O01O0010O01O10O01O010O0010O01O010O0010O000O1O2L3N2M3M4K4N2N3M2N2O1O2N1gM`LP2a3mMbLQ2h31NQ1oN:F4M1M3O1M201O1O1O1O1O1O2N1O1O2N1O1O2N2N1O2N1O2M2O2O0O101N010MZKhNg4W13O100O10O1N2O00HXKWOh4h0YKXOh4f0YKYOh4f0YKZOg4e0ZK[Of4d0[K\\Oe4c0\\K]Od4b0]K]Oc4c0^K]Ob4b0_K^O`4b0aK^O_4a0aK@^4`0cK@\\4?fKAZ4=iKBV4>jKCV4;lKES4;nKDS4;oKEo3:RLGm39ULEl3:ULFj3:WLGg39[LFe38]LGc39^LGa39T101O00000000001O01O0000001N2N2O1M3N2M4M2L4M4L3M3M3N2M3N2M3N2N2N2N2N2M3O1M201NjNgLFW34VMFi28]MFa28eMFY28mMFR27SNGl18XNGf18^NFa19bNF^18eNHY17kNGU17nNHQ17ROHn06VOHj06b2O010M3N]W1"}, "category_name": "instances"}]}