{"images": [{"id": 0, "file_name": "images/2790b6f209.jpg", "width": 267, "height": 189}], "annotations": [{"id": 0, "image_id": 0, "category_id": 0, "bbox": [143.0, 96.0, 103.0, 93.0], "area": 9579.0, "iscrowd": 0, "segmentation": {"size": [189, 267], "counts": "g`j0a0Y5:H4K6K5J5L4L3M3M2N4L3M2M4L4M1N2N2O1O100O1O100O1O100O10000O100O1O101O0O1000000001O1O001O001O1O0O20O01O001O00001N2O100O1O001O001O0O101O00001O001O00001O00001O00001O001O000O1B?VOnKDU49QL@S4>h0L3J6N200O2N1O100O1O1O1O1OYh3"}, "category_name": "instances"}, {"id": 1, "image_id": 0, "category_id": 0, "bbox": [61.0, 48.0, 102.0, 129.0], "area": 13158.0, "iscrowd": 0, "segmentation": {"size": [189, 267], "counts": "a[;2_5W1nN;H6L5J5L5M2M3M2N2N3L3N2N2N3N1N2O2M2O1O2M2O1O1O1O1N2O1N2N100O2N10000O1O100O00O1MnM[LT2a35M4N2O001O00100O1O10O02N1O1O1O1O1O1O1O1O1O100O100O100O100O1O100O2N1O100O1O1N3N1M4M2O2N2N1O2M3O1N3L4L4K4M3K5L4I8K5K6I7HPTc0"}, "category_name": "instances"}, {"id": 2, "image_id": 0, "category_id": 0, "bbox": [0.0, 71.0, 60.0, 96.0], "area": 5760.0, "iscrowd": 0, "segmentation": {"size": [189, 267], "counts": "]2j2S30O1000M201N2O0O2O10O01O100O0O2O1O100000O10000000O10000O100O1O2kM`Lj1d3RN^Ll1i30100O2N3M010O2N4M0O1O1OM40O1O1OO10ROhK@0c0X4LoK3Q4LSL2m3L\\LLf3OaLM`32cLK^34dLJ]3O\\1OTTV1"}, "category_name": "instances"}, {"id": 3, "image_id": 0, "category_id": 0, "bbox": [34.0, 0.0, 106.0, 71.0], "area": 7526.0, "iscrowd": 0, "segmentation": {"size": [189, 267], "counts": "`Z61g57L4M3L3M2N3K5M3M3M3L3M4B>L3N2N3M2O10O11O0000000000001O00000000O10000O1O1O1O1O100O100O1O1N2O100O100O100O10000O1O100O1O100O01000O1000000O1000000O1000001O000O10000000000001O0000000000O100O100O2N1N3N3M3M4J5J5L5J5Jh]g0"}, "category_name": "instances"}, {"id": 4, "image_id": 0, "category_id": 0, "bbox": [135.0, 0.0, 82.0, 70.0], "area": 5740.0, "iscrowd": 0, "segmentation": {"size": [189, 267], "counts": "cnh04e4OYL6d3LWL8i3ISL;l3GoK=P4DkK`0T4BeKd0\\4[ObKh0\\4>O001O001O001O001O001O1O1jK[NR4i1N3O1N1O2M2O1O00000000O1000000O1000000O1O1O100O1O1N2O1O1O1O1O1O100O1O100O00100O1O1N2O1O1N3N0O3M102N1O1O1O100O1O1O2L7F8L4KSW9"}, "category_name": "instances"}, {"id": 5, "image_id": 0, "category_id": 0, "bbox": [175.0, 24.0, 92.0, 97.0], "area": 8924.0, "iscrowd": 0, "segmentation": {"size": [189, 267], "counts": "m[P17a57M3M4L3N1N2N2N3N1N1O2N2N101N1O2M3N101N1O2N1O1O2N1O2N2N1N3N2N101N1N2O2N1O1N3N101N1O101N101N10000O2O0O2O0O101O0O101O0000001O01O1O3N0O001O001O0001O01O001O1O1O1O1O1N2O2N1O2M3N3M2N3L6SNoKd1U40PN"}, "category_name": "instances"}, {"id": 6, "image_id": 0, "category_id": 0, "bbox": [230.0, 120.0, 37.0, 65.0], "area": 2405.0, "iscrowd": 0, "segmentation": {"size": [189, 267], "counts": "jcZ1=]53M3]Oc0M2O2L3N3M2000010O01000O1O1O00100O01O01O01001N01001O001O00001O0O101WL"}, "category_name": "instances"}, {"id": 7, "image_id": 0, "category_id": 0, "bbox": [237.0, 0.0, 30.0, 55.0], "area": 1650.0, "iscrowd": 0, "segmentation": {"size": [189, 267], "counts": "Uh[11b5d0E2N2O2N1O1O1O001O00001O001O1O1O1O001O1O1O002N3M2NJcKnN[4\\1NGfKROW4\\1N"}, "category_name": "instances"}, {"id": 8, "image_id": 0, "category_id": 0, "bbox": [0.0, 0.0, 43.0, 61.0], "area": 2623.0, "iscrowd": 0, "segmentation": {"size": [189, 267], "counts": "0m1P400O10000O1O1O1O1O1O1O2O00O0100O100O1O100O1O100000000001O000000000000O1N2WOeKN]40gKK\\4LoK1R4MSLLQ42n0NR[Y1"}, "category_name": "instances"}, {"id": 9, "image_id": 0, "category_id": 0, "bbox": [229.0, 176.0, 38.0, 13.0], "area": 494.0, "iscrowd": 0, "segmentation": {"size": [189, 267], "counts": "\\^Z12j510000O100O100O100O1O1O100O1000000000000O1O1O10000001O001O00000000001O0000"}, "category_name": "instances"}]}