{"images": [{"id": 0, "file_name": "images/2ba8cb98d6.jpg", "width": 640, "height": 640}], "annotations": [{"id": 0, "image_id": 0, "category_id": 0, "bbox": [57.0, 143.0, 514.0, 440.0], "area": 226160.0, "iscrowd": 0, "segmentation": {"size": [640, 640], "counts": "elS13ic05h\\OIdb08a0K]\\OMcc0260O2O1N2_\\OIXc08g\\OIUc0>h\\OBWc0e0Z]O^O_OLXb0g0Y^O\\Oka0e0g01O1i]OWOUa0k0^^OUOJ0ga0l0`^OSOI0ga0n0n01O1c]OPOha0R1W^OPOha0Q1n]OROLNSb0_1n]ObNoa04U^Ok0LPOna06V^Oj0JQOoa07Q^OT1oa0mNR^OP1Pb0POS^Oi0LlNPb0<T^Oh0LlNoa0k102O01O0]NT^OS1la0`00001O10O0000010O0ZNR^O[1na0;001O0010O0010N200WNQ^O`1oa0aNn]Ob1Rb051O4K3OD^NY^Ob1ga0aNV^O_1ka0`NW^O^1ia0bN^^OV1ca0jNa^OR1_a0PO_^OQ1aa0oN\\^OS1ea0mN[^OR1ea0oN\\^On0da0TO]^Oj0da0WOZ^Oi0ga0XOV^Oi0ka0WOY^Od0ga0^OY^O`0ha0ES^O:na0GQ^O8oa0Kk]O8Vb0h01N100001OO1001N1001O001O1O010N101Ce]OUO[b0W1001O1N2Ha]OnN`b0R1`]OmN`b0U1_]OjNbb0V132OO1O1O0N3N2M3N2OX_O[OW>d0hAER>:lALP>4nA1o=0oA3o=NnA6P>L`@QOm0W1a>I`@POm0[1a>F`@QOl0\\1c>D^@ROn0]1b>O\\A3d>MZA6d>JZA9e>HYA;e>EYA=g>CXA?[1RNS;`1`C`0\\1SNR;\\1aCc0\\1PNT;^1^Cd0^1mMQNNl<a1dCf0g1iMf:a1aCBBLV2VOb:]1dC_OKKn1\\O`:]1cC\\O4Hh1C]:^1`CXOe0@\\1OZ:Z1cCWOl0\\OY12V:^1bCTOS1ZOV14S:b2kDWMS17Q:a2oDWMP19o9^2UEXMl0<k9[2]EVMj0?g9Z2VHgMg7W2\\HjMc7U2^HmM`7Q2cHPN[7o1fHQNZ7n1hHQNX7m1jHSNV7l1jHVNU7i1mG`MSMh0n:g1oGcMRMg0o:a1YDdM`30`L1O5f0e0Q;a1ZDdMe3O[L>>`0W;c1oG_M\\Lf078];d1SHUN^L8_;b1SHXN\\L8`;_1UHZNXL9b;^1VH@i7?XHAh7?YH@g7`0ZH_Of7`0\\H@b7b0^H_O`7b0`H_O^7a0bHA[7a0fH^OY7c0gH]OV7i0fHXOX7j0gHVOX7k0hHVOU7k0lHVOR7k0oHUOn6n0QISOl6Q1SIoNk6U1RIlNl6V1SIjNl6W1TIjNi6X1WIhNh6Z1XIfNf6[1ZIeNe6]1[IbNc6d1YI]Ne6g1YIYNe6j1YIVNf6k1[IUNc6m1\\ISNU6iMhFU4S3SNT6jMfFU4V3PNT6nM`FU4\\3lMU6_2jIbMU6^2kIbMU6_2jIbMU6`2kI_MT6b2kI^MU6c2kI]MU6b2kI^MU6b2kI^MU6b2jI_MV6a2jI_MV6a2jI_MV6b2hI_MW6c2hI]MY6b2gI^MY6b2hI]MX6c2gI^MY6b2gI^MY6a2hI_MX6a2hI_MX6`2iIbMU6^2kIdMS6[2mIgMR6Y2nIiMP6W2PJiMP6V2QJjMP5bM`Hc4`2kMj4mMaHY4d2iMi4SNbHS4e2jMf4WNdHo3f2iMe4ZNdHn3g2gMc4_NeHj3h2gMb4aNeHh3i2fM`4eNgHe3h2fM`4hNgHb3i2fM^4jNiH_3k2gMY4mNkH\\3l2hMV4nNnHY3n2hMQ4SOPIU3o2hMn3VORIR3Q3hMj3ZOTIn2R3gMh3^OVIk2R3gMf3_NnH38g3T3hMc3^NVI13h3U3hMa3_NZI0Oj3V3gM_3^N_I3Jh3Y3fM\\3_NdI2Fi3_3bMV3cNgI1Dk3]3bMV3bNlI0@m3]3aMV3bNoI1\\Om3^3aMU3`NTJo4f2aLU3aNWJm4d2bLS3aN[Jm4c2aLQ3`N_Jo4a2_Lo2aNdJn4^2aLm2`NgJo4^2_Li2aNmJn4\\2`Lf2`NRKn4X2cLe2^NUKn4X2bLb2_NYKo4U2bLa2]N^Ko4R2cL`2]N`KP5P2bL`2]NbKP5o1bL`2[NeKR5j1dL`2XNiKT5l0dJ[M10P2Q6TNlKV5e0gJ^MOOQ2R6QNoKY5?hJ`MNKT2W6kMSLZ59kJaMLLT2X6iMUL[54mJdMKJT2Y6iMVL[51nJfMU2g8n2aInJfMV2i8n2]ImJiMV2m8n2UIoJjMU2S9`MmF_5j1cM`7Y3mFQJKh2X9\\73M1O0000001O001N1000lNgEaHY:^7jE`HV:_7lEaHS:]7PFbHo9]7TFbHl9[7XFeHg9R7iETHe0i0b9Q7fFnHY9R7jFlHV9S7mFkHR9V7oFiHQ9V7PGjHo8W7RGhHn8X7SGfHm8[7TGdHk8]7VGbHi8_7XG`Hh8`7YG^Hg8c7ZG[Hg8e7[GXHe8i7\\GSHf8n7f10O1O2O0O2N2N2M3M2N3M4N0O1O1ONcEaG^9^8cFfGZ9X8hFjGU9U8mF\\Ha8d7`G_H]8`7dGaHZ8_7gGbHX8^7hGcHV8]7kGdHS8]7mGdHn7_7SHbHh7a7YH`Hc7c7]H]H`7f7`H[H]7g7cH[HY7f7hHZHX7f7hH[HX7c7iH^HV7b7jH_HU7`7lHaHS7_7mHbHQ7^7QHRGe0a1Y7]7QHTGd0a1Z7[7kG[Gk0[1X7g7gHZHX7f7hH[HW7d7jH]HT7d7lH]HS7c7mH^HQ7c7oH^HP7b7PI_Ho6a7PIaHn6U7XHWGj0e1m6S7[HXG3H<n1T7S7]HnFO71L?n1Q7R7_HoFO44L=P2P7V7`HlF4L=T2m6Z7\\IgHc6P7bHRGk0o1a6P7dHQGj0Q2a6Z7\\IgHb6Z7]IhHb6X7^IiH`6Y7_IhH_6Y7aIhH]6\\7`IfH^6^7^IbHb6_7]IbHa6`7]IcHa6a7UIlE1e2h6`7WIkE2e2f6a7WIjE4e2d6`7ZIjE2g2c6[7eIfHZ6d6ZIXG=U2W6c6\\IXG=V2U6c6^IWG>W2R6b6`IWG>X2Q6a6aIWG?X2o5a6bIWG?Y2m5W7SJjHl5V7UJjHj5V7VJkHh5U7ZJlHc5U7]JmHa5S7`JmH^5T7bJmH]5S7cJoHZ5R7fJoHY5Q7hJPIV5P7iJRIS1jLW2V:eLQIo0PMY2o9hLSIl0QMY2[9ZLnF;f2P1UMW2X9^LmF0[O7\\3S1VMV2S:gLhHR1VMV2R:gLjHR1UMU2i9dLbE025_3P1TMW2g9jLfEO`3o0SMW2i9kLbE1b3l0SMX2o9oLPIi0QMV2P:PMQIi0oLW2T:iLQIR1iLS2X>RNbAm1`>UN^Ai1d>ZNXAd1k>^NRAa1P?aNm@]1U?e13PMg@T1]?c15YM^@k0g?d15M2M2N2O1N2O1N2O002PNf_O5]`0Hf_O5]`0Id_O5_`0Ib_O5a`0Ia_O4b`0K^_O3f`0J[_O4h`0JY_O4k`0JU_O4Pa0HQ_O6Ta0Gl^O7Xa0Fj^O7[a0Fe^O7_a0Gc^O6^a0Jc^O4_a0Lb^O0aa0Oa^ON`a02b^OJaa06a^OFaa09e^O_O^a0`0R100O001O10O100O10000O1O0100O0100O010O010O101OO010O01O0010O01O1O1O001N101N1O2N1O2N1O1O100O2N100O1O1O1O1O1O1O100O10001O00O10000000001N101O001N2N1O2N2N2N2N2N3M2N4I7JPgZ1"}, "category_name": "instances"}]}