{"images": [{"id": 0, "file_name": "images/2bdf953ad1.jpg", "width": 360, "height": 450}], "annotations": [{"id": 0, "image_id": 0, "category_id": 0, "bbox": [1.0, 25.0, 358.0, 405.0], "area": 144990.0, "iscrowd": 0, "segmentation": {"size": [450, 360], "counts": "^f0f04Ee<Z1UEPOk7Q1UHPOi7P1YHoNe7S1[HnNc7R1_HmNa7R1`HnN_7S1aHmN^7P1bF\\NQ2d0[7Q1iHoNV7Q1lHnNS7R1nHnNQ7P1RIPOn6n0UIQOj6o0WIQOh6n0ZISOe6l0]ISOb6l0`ITO_6l0bITO^6k0dITO[6k0gIUOY6j0hIVOW6k0iITOW6l0jITOU6l0lITOT6k0mIUOR6k0oITOR6k0oIUOP6l0PJTOP6k0QJTOo5l0SJSOl5m0UJROl5n0TJROk5n0VJQOk5n0VJQOj5P1WJnNj5R1WJlNj5S1XJjNi5V1b3O0100O01000O010O01000O010O10O10WFQO^6P1ZI^O`6a0]IF`6:\\ILa65[I1c6OZI6c6J[I:d6FZI=e6CYI`0e6AYIb0f6^OXIe0g6[OWIg0i6YOUIj0i6WOVIj0j6VOTIl0l6TORIn0m6ROSIo0m6QORIo0o6QOPIo0P7ROnHn0T7ROjHb0d7^O[H6R8JlG1[8OdGJc87\\GGg89XGFj89UGFn8:QGEP9<oFCS9=lFBV9>iF@Z9`0eF@[9`0eF_O]9a0bF^O`9b0_F]Oc9c0\\F]Oe9c0ZF\\Oh9d0WF[Oj9e0VFZOl9f0SFZOn9f0QFYOQ:f0oEYOS:g0lEYOQ2]OS5Y1lHYOR2@Q5W1lHYOS2AP5W1lHXOT2Co4T1mHYOT2Do4S1lHYOV2Dn4R1lHYOX2Ek4S1lHXOY2Gj4Q1lHXO[2Gi4P1lHXO\\2Ih4o0kHXO^2If4o0lHXO^2Jf4n0kHWOa2Je4n0jHXOa2Ke4m0iHXOc2Kd4l0hHZOe2Jb4m0hHXOh2K`4l0hHYOh2L`4k0gHYOi2La4j0fHZOj2L`4j0eHZOk2M`4h0eH[Ol2M^4i0dH[On2L_4h0cH\\On2M_4f0cH]Oo2M^4f0bH]OP3M_4e0`H_OQ3M^4d0aH_OR3L^4e0_H_OS3M^4c0^HAT3M^4b0]HAU3M_4a0[HCW3L^4a0YHDY3K^4_1aKbN`4]1`KcNa4\\1_KeNa4[1^KeNb4[1^KeNb4[1^KeNc4Z1]KgNa4[1]KfNa4\\1_KdN]4`1cKaNZ4a1fK_NY4b1gK^NX4d1fK]NY4d1gK\\NX4e1fK]NZ4c1eK^N[4b1dK_N\\4b1_KbNa4^1]KdNc4]1YKeNh4[1RKkNo4U1^J\\Oc5e0kILU64fIO]61_I2b6MZI5h6LSI7o6HPI8Q7IlH7W7IeH5`7K]H2j7NRH2Q8OkG1Y80aGNf8`26K6J5M4L3L4L5L3M3K5MK^LQF_3P:dLoEY3R:9110O00110O0001O100O1O200N2N2O1N2O2M2O101QKhK0[4MiK0X4OjKNZ4OhKOZ40gKN\\4OfKO^4NbK1c4K]K4f4J[K3k4IUK6o4GRK7Q5GoJ7V5FjJ9Y5EgJ;[5BfJ<^5BbJ=`5BaJ<b5B^J=e5A[J>g5AYJ>i5AWJ?j5@VJ>m5ASJ>o5AQJ>R6@nI?W5^LQKR3H?X5aLoJo2Ha0V4`LWL3Ik2Ja0U4dLXL1Hi2Ka0T4gLZLOFi2LYOAjNb4XO[LMEg2MXOIeNY4B[LKGd2LYOLcNo3McLDEb2LZOOaNh36hL]ODb2MYO1`Nc3=kLXOE`2LZO3_Na3`0kLXOD_2MYO5_N_3a0lLXOC]2M\\O6\\N_3d0jLXOD[2M\\O8[N]3g0kLWODY2K^O<WN\\3k0iLXOCW2M_O<VNZ3m0kLWOBV2M@<UNZ3o0lLVOAT2MB>SNX3S1kLUOBR2MC>RNY3T1kLUOAQ2MC?SNW3U1lLUOAo1LE`0PNX3X1lLTO@m1MG?oMX3Z1lLTO@j1MI`0nMW3\\1lLTO@h1MJ=PNY3]1mLQO@f1NK<RNY3\\1mLQOAe1LM=PNY3^1VLaN7`01c1LN<QNY3^1WL`N8?1b1K1<oMY3`1XL_N6`02`1K1=nMX3d1XL_N4`03\\1L4=mMW3f1WL_N5>5[1K4d4EWK^N5?5X1K7:nM[3g1VL\\NDL`0e06U1L98oM[3g1VL[NFL?e07T1J;9mM[3i1WLYNDO?d09P1I>:lMZ3k1VL]N4?9m0J`0_4HZK\\N4`09j0Jc07kM[3n1VL[N5`0:f0Ig07jMZ3o1VL\\N5?;c0Ji0Z4J\\K[N5`0<?Il0Z4K\\KZN5a0=:IQ1X4K]KYN5b0>5IV1V4J^KZN5b0`0NI]1R4K`KYN4b0b0IIb1P4KaKXN4c0d0CHg1o3L`KXN5c0e0]OIm1l3LaKWN5d0o1Y1Z2MbKVN4f0n1X1[2MbKVN5f0l1W1]2NbKUN5g0j1W1]2NeKTN4i0g1V1_2NeKUN4h0e1W1a2NdKTN6h0c1V1c2OdKSN6i0a1V1eN_M\\3`2XLRN6k0^1U1gN_M\\3`2YLQN6l0[1V1g2NhKQN6m0X1U1h2OiKPN7n0T1U1k2NjKoM7o0Q1V1m2MiKPN8o0o0V1n2MjKoM9P1k0V1R3KjKoM9S1f0T1V3LjKnM:U1`0T1[3c0VL\\N8U1`3a0XLT2f3nMYLS2e3oM[LQ2d3PN\\Lo1c3RN^Ln1_3UN`Ll1^3VNbLj1\\3XNdLi1X3ZNhLf1V3\\NjLe1Q3^NPMb1n2cMiLYM8V5k2cMmLXM8U5g2gMQMTM8T5d2jMUMSM6T5a2mMXMoL8T5\\2QN\\MkL8S5Y2UNaMgL6R5Y2XNbMfL5Q5Y2YNcMfL4P5Y2[NcMdL5Q5W2[NdMeL5o4X2[NdMfL3P5Y2ZNdMfL3P5Y2YNeMfL3P5Y2YNeMgL2P5X2ZNfMfL2P5X2YNfMhL2P5W2WNhMhL2Q5V2WNhMhL2R5T2WNjMgL2S5S2UNlMhL1X5n1PNQNhL1]5h1kMXNgL1`5e1iMZNgL1a5d1gM\\NhL0b5c1fM]NhL0c5a1fM_NgL0e5_1dMaNfL1g5]1bMcNgL1h5Z1`MgNgLOj5X1`MiNfLOl5V1]MlNgLOl5S1^MoNeLNn5R1]MPOeLNP6o0[MTOeLNP6m0[MVOdLMS6k0YMXOdLMT6i0XM[OdLMU6f0WM^ObLNX6a0WMAaLNZ6>UMFaLL[6<TMHaLL]6:RMK_LMa64PM1_LJc62oL4^LKd6NoL7]LLf6JmL;\\LLi6DmL`0ZLLm6_OjLe0ZLLP7YOgLk0YLMY;4fDMY;3hDLX;5gDLX;4hDMW;4hDMW;3iDNV;2jDOU;1lDNT;2lDOS;0nD1Q;FYE:g:EYE;[<VOmBNjb0"}, "category_name": "instances"}]}