{"images": [{"id": 0, "file_name": "images/2bf1ec635e.jpg", "width": 300, "height": 168}], "annotations": [{"id": 0, "image_id": 0, "category_id": 0, "bbox": [46.0, 0.0, 194.0, 167.0], "area": 32398.0, "iscrowd": 0, "segmentation": {"size": [168, 300], "counts": "Wd7?Q4m0H;D;C7H9L7I;E9H4L5K5K4K5L4L2N1N2N2O1N20000O100O10000O100O1O100O1O10000O1O10000O100O100O100O100O10000O1O100O10000O1O10000O100000000000000000000O1000bM0D0j20bM1CO=2BN=4BL>6@Ja06^OJa09]OGd0:ZOFf0:ZOFf0;YOEg0<XODi0;WOEi0<VODk0<TODl0=SOCm0>ROBn0?QOAP1?oNAR1`0lN@T1a0kN_OV1a0iN_OW1b0hN^OX1c0gN]OY1d0fN\\OZ1e0eN[O[1f0dN[O\\1e0cN[O]1f0bNZO^1g0aNZO^1g0aNZO^1g0aNYO_1h0`NYO_1h0`NYO_1h0`NXO`1j0^NWOa1j0^NVOb1k0]NVOb1k0]NWOa1j0^NXO`1i0_N[O^1e0aN^O\\1c0cN@[1`0dNBZ1?eNCZ1=eNEY1<fNFY1:fNHX1:fNHY18fNKX15gNLX16fNMX14fNMY14fNNY12fNOZ12dNO[12dNO\\12bNO^11aN0^11aNO`11_N0a10^N0b11]NOc12\\NNe12ZNNg12XNOg12XNOg13WN0g1k1M1O4M3L7J4L1N6J2O0O100O100O11N01O10O0100O01000O010000O00100O010O01O010N1010OO100O2N1O2N1O1O1O1O2N3Lbg9"}, "category_name": "instances"}]}