{"images": [{"id": 0, "file_name": "images/2dd8d4baf1.jpg", "width": 264, "height": 191}], "annotations": [{"id": 0, "image_id": 0, "category_id": 0, "bbox": [62.0, 56.0, 90.0, 83.0], "area": 7470.0, "iscrowd": 0, "segmentation": {"size": [191, 264], "counts": "Pe;3i57K5J7G5N1N3N101N1O2N2N1O2N2O0O2N1O6J5K5lKSNm3c1SLiNl3V1[LdNd3]1`L^N`3d1=0O10001O0O10001O0O100000000O1000O1007I;E00]OiLZN[3e1?100000O10O0010O010O1O001O1O010O1O101N1O1O1N2N2N3N1M4H7N3O1000001O0AQKNa5O1O001O1N001O2N`id0"}, "category_name": "instances"}]}