{"images": [{"id": 0, "file_name": "images/2fcd97f49d.jpg", "width": 183, "height": 275}], "annotations": [{"id": 0, "image_id": 0, "category_id": 0, "bbox": [61.0, 36.0, 96.0, 191.0], "area": 18336.0, "iscrowd": 0, "segmentation": {"size": [275, 183], "counts": "n^`01a82N2O0O1O1O1O100O1O0O1J7K4O1O2OOO3L3J60000O1N2N2101O000O101OdITOR5k0fJ^OZ5`0eJCZ5=dJE]5:bJH]58`JK`54_JO`50`J1`5O_J3`5L_J6b5H^J:a5F]J>a5A^Jc0[2eN]MMh2j0`Me0Y2lN7>^Mi0Y2kN8<\\Mn0Y2gN;=VMQ1]2cN=\\2@eM`0f2TO[Ml0h2oNZMS1e2iN^MX1b2dNaM\\1`2`NcM`1^2]NcMd1^2XNdMi1\\2UNcMo1^2mMcMT2^2iM`M[2a2cM`M^2`2_M`Mc2`2\\M_Mg2a2VM`Ml2_2RM`MQ3`2nL_MT3a2kL^MX3a2fL_M\\3a2cL^M`3g36L2M3M3N2N3M3M3M2O2L7I4M4M4K7H5K9H3N1M3M3M3O1N3mN^IJj62ZILj6OZI]OK2W7<m0Dlk6"}, "category_name": "instances"}, {"id": 1, "image_id": 0, "category_id": 0, "bbox": [23.0, 83.0, 103.0, 156.0], "area": 16068.0, "iscrowd": 0, "segmentation": {"size": [275, 183], "counts": "ZY65Y8<F6K3M3L4H8FjNTIX1i6<M2O10O10O1O1O1O1N2O0001O01O010000nN]I2c6M_I3`6M`I3a6K`I5`6KaI5^6JcI6]6JcI7\\6HeI8[6GeI;Z6DgI<Y6ChI=X6BiI?W6_OjIa0V6^OjIc0V6[OlIf0T6XOmIh0S6XOmIi0R6WOmIj0S6UOnIl0R6SOnIn0R6QOnIP1Q6POoIQ1P6nNPJU1n5kNRJV1m5jNSJW1l5hNUJY1j5gNVJZ1h5gNXJZ1g5eNZJ\\1e5dN\\J\\1b5dN_J]1`5cN`J]1`5cN`J^1_5aNbJ_1S1^N_24^L_1P1aN`20`L_1n0dN`2NbL^1?cNoN5o3IdL`1;VOQ3XOeLb15\\OQ4e0jK_OV4a0gKBZ4>bKF^49`KIa47\\KKd4R21O001O00001SOXKmMh4P2^KmMc4o1aKPNb4k1aKTN`4i1cKVN^4h1dKWN]4f1fKZN[4b1gK^NZ48kJ>m0ZOZ43oJ=k0_OT5;nJEV53nJMX5GnJ9f60O10O010O01O1L3O2M2001O1O2M4LTS?"}, "category_name": "instances"}]}