{"images": [{"id": 0, "file_name": "images/31c4086606.jpg", "width": 275, "height": 183}], "annotations": [{"id": 0, "image_id": 0, "category_id": 0, "bbox": [185.0, 151.0, 34.0, 32.0], "area": 1088.0, "iscrowd": 0, "segmentation": {"size": [183, 275], "counts": "fVQ14d51N2N1O2O1N1O2O0O2O0O100O010O100O10O10O101O0000O2N2N2N2N2N1O2N2N2Mdj9"}, "category_name": "instances"}, {"id": 1, "image_id": 0, "category_id": 0, "bbox": [212.0, 142.0, 45.0, 16.0], "area": 720.0, "iscrowd": 0, "segmentation": {"size": [183, 275], "counts": "SQV12e50O2L3N3N101N2O001O0O10000000000000000000000000000001O001O000000001N10001O000O2O1O1O1N3MWR3"}, "category_name": "instances"}]}