{"images": [{"id": 0, "file_name": "images/322f17ca6d.jpg", "width": 500, "height": 500}], "annotations": [{"id": 0, "image_id": 0, "category_id": 0, "bbox": [302.0, 245.0, 196.0, 255.0], "area": 49980.0, "iscrowd": 0, "segmentation": {"size": [500, 500], "counts": "lfc47Y?9I8I5K3L4N2M3N1O1N3N2N1O2oBaNh;a1QDkNi;W1QDROj;o0SDUOj;m0RDYOk;h0QD]Om;d0mCBR<Q2O1O00N2O002L3N2N2K5@^ChMh<W2;00100O1O1O1O100O1O1O101N100O1O2O0Od0\\O6K3L2N3N1N100O2O0O100O010O1000000O01O1O1O10O01O1N2O1O0O2N2F9N2001O2N1O2N[OTDdMj;\\2XDcMg;^2ZDbMd;^2`D_M_;b2bD^M\\;c2hDZMV;i2hDVMX;o2hDlLX;[3=006J2O1N1O2O0O1O100O1O100O010O10O0100O0001O1aL]Dj2e;SM^DY24`Mc;3]DY2j<00YNnBj0R=TOQCk0Q=POQCU1l<hNVC[1i<`NYCd1d<XN_Cl1T=4Km0SO:F4L3M3M2N1O2M2O1O0O2O1N2O1N2O0O1O101O0O01O001O001O1O1O001O1O1O1iM_EYOb:g0dERO]:o0eEmN[:V1dEhN]:Z1bEdN_:]1dE^N]:d1dEXN^:h1dETN]:l1eEQN\\:Q2c12N1O2O2M1O1O01O01OO2O1O1N1O2N3L3M2N3N3K4K6K4M4G9\\Ocb0"}, "category_name": "instances"}, {"id": 1, "image_id": 0, "category_id": 0, "bbox": [10.0, 85.0, 364.0, 270.0], "area": 98280.0, "iscrowd": 0, "segmentation": {"size": [500, 500], "counts": "gS5=S?7K4K6K4L3N3L3N3M2N2M3N2N2N2N2N2N1O1O1O1O1O001O010O0001O10O0010O010O00001O0010O01O010O010O01O10O010O010O010O0100O010O100O010O10O010O10O100O0100O010O10O0_EUN[7k1bHZN\\7e1cH^N\\7b1bH`N]7`1`HeN_7[1_HgNa7X1]HkNb7V1ZHnNf7R1XHPOh7o0UHUOj7l0RHWOo7i0jG^OV8a0dGE]8;]GJc87bFc0_9\\OXFm0i9SOSFP1m9PORFQ1o9Y21O1O001O1N2O0O2O1N2N101N2M3N1N3L4N2M2N3N2M3N2M3M2M4N2L4N2L4N1N3M3K5M3L3N3M3N2N2M3N2N1ODhM`CV2`<oM]Co1b<WNZCh1f<b00001iCWMc;i2]D[M_;f2`D\\M^;e2bD\\M\\;d2eD^MY;b2fD`MEF[;j2QEbMBE\\;i2PEeMCC[;i2PEnMo:S2hDSM0m0W;Z3O100O1O1O0]OhKlEX4R:lKkEU4T:mKjES4V:oKiEQ4W:oKhER4X:oKdET4[:b010O0010O10O010O01O0010O01O001O1O001O1O001O1O0O2O1O1N2N2N2M3N2M3N2N2N2N2N2N2N2N3M2N2O10001OSF`Lf7`3VHfLh7Z3WHiLg7W3WHlLi7S3VHoLi7Q3UHRMj7n2THWMj7h2oGaMo7_2jGiMU8W2hGmMX8R2bGUN]8k1^GZNb8f1[G]Nf8b1XG`Nh8`1TGdNm8[1RGfNn8Z1PGhNQ9W1nFjNR9V1lFlNU9S1jFnNV9R1iFnNY9Q1gFoNY9Q1fFoN[9Q1dFoN^9P1bFPO^9o0bFQO`9n0_FROc9m0]FROd9n0[FROg9m0YFSOg9m0XFSOj9l0VFSOk9l0UFTOl9l0SFTOo9k0QFUOP:j0oEVOR:j0mEVOU:i0kEVOV:j0iEVOX:j0hEUOZ:j0eEVO\\:P3001O1O1O1O1O1O0O2N2N1N3M3M3M3L4L3M4M3L4N2O0O2O1YOWDbMj;]2WDbMj;_2TDaMm;R31O0O2N2O1O1O1O1O1O1N2O1O1O1O1O1O1N2O1O1N2O1N2O2M2N2O011N1O100O100O1O100O1O100O1O101N1O1O100O1O1O2O0O1O1O100O1O1O2O0O1O2N1O1O1O2O0O1O1O1O2N1O2N1O2N1O2N1N3N1N3N1N3M3N2M3M4IY]m1"}, "category_name": "instances"}]}