{"images": [{"id": 0, "file_name": "images/37aaf8c8d7.jpg", "width": 183, "height": 275}], "annotations": [{"id": 0, "image_id": 0, "category_id": 0, "bbox": [55.0, 87.0, 95.0, 188.0], "area": 17860.0, "iscrowd": 0, "segmentation": {"size": [275, 183], "counts": "Zm>5^81N3M2O1O00000O1OO11O00000000001N100O2GBZH`0h1Cj3f0nKKh37SL7eNmNN4d4h0gLi0T3YOiLm0T3ROhLW1S3iNiL_1S3aNjLe1S3\\NkLh1Q3YNlLm1P3TNlLR2R3mMnLV2P3kMnLY2m2jMQM[2j2fMVM]2e2fMXM`2c2cM[M_2c2bM[M`2e2`MZMa2e2`MZMa2e2`MZMa2e2`MZMa2d2bMYM`2e2h100O1000000001O009G2N2N2N001O001O1O1O1O1O001eMdLdM1W1\\3a0YMTN^OY1Z34eL]Nh03]OZ1V34kM_NRO[1U30`LaNQ2Z1a11iNJX12nNK]1nNQLc0k2=a1POiNn0_4O004L1O2N1O1O2N0^OQH`0Q802N1O1O2N1O2N1O1O2N1O1NSc8"}, "category_name": "instances"}]}