{"images": [{"id": 0, "file_name": "images/37d5f8a585.jpg", "width": 236, "height": 213}], "annotations": [{"id": 0, "image_id": 0, "category_id": 0, "bbox": [149.0, 91.0, 42.0, 53.0], "area": 2226.0, "iscrowd": 0, "segmentation": {"size": [213, 236], "counts": "hSo02_68J6K3M1O2N2N2N1O2M3ZOTO_Kn0a4SO]Kn0d4SOYKn0g4TOVKm0l4SOQKn0P5;2N2N2N3M4K2O00O1N1N30mNeJMOl0]5\\OdJ`0]5_OgJ=X5^ObJ37>V5_OfJO7`0S5AfJO:=Q5DeJN<<n4HXK3l4J`JOg01k40aJOW62iINW62gIN[68NO2MbX9"}, "category_name": "instances"}, {"id": 1, "image_id": 0, "category_id": 0, "bbox": [42.0, 112.0, 83.0, 50.0], "area": 4150.0, "iscrowd": 0, "segmentation": {"size": [213, 236], "counts": "Uk81a65N3M101N011oIM]53`J0_51^J1c5O[J2e5>10M3O010002M2O_JUOZ5h0eJZO]5d0bJ]O`5a0_JAb5<_JDc5:\\JGe58YJJh5a00001O0000O1N1O20O1O2O2N2M2O1N2O1N3N1O000O10001O00O100000O1000000O1L42N8H1O1O0O2O001O0000001O1O1N1O2M3N1O2O2M3N0O3L4Ibnf0"}, "category_name": "instances"}]}