{"images": [{"id": 0, "file_name": "images/38c201e062.jpg", "width": 310, "height": 162}], "annotations": [{"id": 0, "image_id": 0, "category_id": 0, "bbox": [47.0, 9.0, 156.0, 130.0], "area": 20280.0, "iscrowd": 0, "segmentation": {"size": [162, 310], "counts": "e`72o41XK1]4ObK6Y4KfK6Z4JfK6Y4KgK5Y4KgK5X4LgK5Y4KfK6Y4KfK6Z4810O10000O100O2jKYOo3g0QLYOo3g0PLZOo3g0PL[Oo3e0PL\\Oo3l000O100O1O10O0010OO1O2M2OULTOc3l0]LWOa3f0^L^Oa3c0]L_Ob3b0[LBd3>\\LBc3o0O1O1O100O100O2N100O1O100O100O1O100O100O1O100O10O01_MSNm1m1RNUNl1m1QNUNo1_2O2O0O2O0O1000YOVNVNi1k1YNSNg1m1YNTNf1l1[NSNd1n1\\NRNd1n1\\NSNc1m1]NTNa1m1_NSNa1m1_NSNa1m1`NRN`1n1`NRN_1n1bNRN^1n1bNSN]1m1cNSN]1m1dNRN[1o1eNQN[1n1fNRNZ1n1gNQNY1o1hNPNk01dNo1b0oMf09eNg1h0mMc0e2k02N2O1O2N1O1O1O1O101N1O10001N101OFWN\\Mh1d2YN[Mg1d2ZN\\Mf1d2[N\\Md1c2]N]Mc1c2^N]Ma1b2`N^M`1b2`N_M`1_2bNaM]1_2cNaM]1c0[Nm0:_N\\1c0[Nl0:bNZ1a0^Nl08dNZ1?^Nl0:dNX1`0^Nl0:dNY1?]Nl0;eNY1>\\Nm0<dNX1?]Nk0<fNX1>\\Nk0=gNY1<ZNm0=gNZ1;YNn0=gN\\1:WNm0>iN]18UNn0?jN^17RNo0a0hNa16oMP1a0jNb14mMQ1b0kNb14lMP1b0lNc13kMP1c0lNd13jMo0c0nNd13iMm0f0mNc15hMl0Y3TOgLj0Z3VOgLh0[3WOfLg0\\3YOdLd0^3\\OdLa0^3^OcL?`3AaL:b3FbL2c3Mj0O1O1N\\l`0"}, "category_name": "instances"}, {"id": 1, "image_id": 0, "category_id": 0, "bbox": [255.0, 16.0, 55.0, 31.0], "area": 1705.0, "iscrowd": 0, "segmentation": {"size": [162, 310], "counts": "j[X11P53N1IN\\K2c41[K0c49O0O2O1N101O001N10001O1O001O0000001O001O001O0000001O00001O00001O00000000000000O1000001O00000000O100@"}, "category_name": "instances"}]}