{"images": [{"id": 0, "file_name": "images/3b5456320f.jpg", "width": 259, "height": 194}], "annotations": [{"id": 0, "image_id": 0, "category_id": 0, "bbox": [0.0, 1.0, 259.0, 192.0], "area": 49728.0, "iscrowd": 0, "segmentation": {"size": [194, 259], "counts": "1Y1i4001O1O1O1O1O01SO]K;a4EaK;\\4EfK;Y4EhK>T4BmK>S4AnKd0e3POVL;6f0_3RO\\L76h0Z3SOaL47j0R3UOgL18j0n2WOjL17i0k2XOnLO8j0f2YORMM9k0a2ZOVMK:k0]2\\OYMI<k0X2]O\\MH=l0S2^O`ME`0l0m1AcMCa0l0j1AfMBb0n0d1BjMA1C8[1j1@oMAc0n0[1BSN_Od0P1V1@XN@c0Q1R1^O]NBb0P1n0^OaN@d0S1h0\\OfNAd0R1d0]OiNAd0S1?]OnN@d0T1<[OQOAd0T19ZOTOCJE;]1e0ZOXODHE<]1b0ZO[ODFF?\\1=ZO_OCGF>]1EkNI?>CFF`0\\1@oNJ<a0BEHa0[1^OPOI;e0A@HE1P1[1\\OROG:h0@@Hj0\\1VOSOF9k0@^OIm0Z1PO2f0kN\\OMl0V1QO1j0kNVOOR1U1lN0m0mNPOHN6\\1U1fN1Q1XO:g0dN0T1XO9g0bN1W1VO:g0`N1Y1gNfN;d1X2J]MdN0h1a2D`MbN1l1\\2h1N1O2M2N2N3N1N2O1000RLQNh3l1XLXNLL20b3l1`LXNLL0000e3i1cLYNc3g1ULWNU4k11N2N1000001O0000000000000O1O100000O2O1O1O0fL^NS2d1hM`NX2a1dMbN\\2_1aMcN^2_1`MbN`2_1]McNc2e1RM^Nm2\\200O100O100O100O100O1O100O1O01O0N2N3N1O101N10001O0010O01O001O00010O01O1N2M3O2N8H3N6`M_LR2j3O001O00000000000O100O10000O10000O10000001O000[NWNQOj1n0XNPOh1P1ZNnNg1P1ZNPOf1P1ZNPOg1o0YNQOh1m0YNSOg1m0XNTOi1k0WNUOi1j0WNWOj1g0WNYOj1f0VNZOj1e0WN[Oj1e0UN[Ol1c0UN]Ol1c0SNnNE@X2a1RN@o1?QNAo1?PNnNGFZ2]1mMnNI_Oa2b1fMZO\\2f0dMYO]2g0cMWO_2j0_MVOb2j0^MTOd2l0[MTOf2m0WMTOk2k0TMVOl2o11O100O2N1N2O2N101N2N2O0O2N2O0DbLSN`3g1fLWN[3g1gLYNY3f1hLZNY3d1iL[NW3e1iL\\NV3d1jL]NV3b1jL^NV3b1kL_NT3`1lLbNR3^1nLcNQ3\\1QMdNo2[1RMfNl2Z1TMgNl2W1VMkNg2U1[MkNc2U1]MoN`2P1bMXOT2h0oMVOQ2i0RNTOo1j0SNUOm1k0SNUOn1k0RNTOo1k0RNTOo1k0RNTOn1l0SNSOn1m0SNQOn1n0SNQOn1n0VNlNm1S1b1O1O1O101N1O2O0O2N100BRKFo49QKGQ57oJJR55lJLW50kJOW5=1O1O1N100O2O1N10QL"}, "category_name": "instances"}]}