{"images": [{"id": 0, "file_name": "images/3bdf0986c4.jpg", "width": 224, "height": 224}], "annotations": [{"id": 0, "image_id": 0, "category_id": 0, "bbox": [45.0, 65.0, 142.0, 92.0], "area": 13064.0, "iscrowd": 0, "segmentation": {"size": [224, 224], "counts": "Uo96d69H7L4L3M4M1N3N1N2]OmNXKS1g4nNXKT1f4mNYKU1e4lNZKV1d4kN\\KV1c4kN\\KU1d4kN\\Kb0W5^OhJ?\\5@fJ>[5BeJ=\\5CdJ<^5DbJ;^5EcJ8_5I`J6a5K_J4a5M_J2b5N^J1c50\\JOe51[JNf52ZJNf52ZJOe51[J0d50\\J2b5N_J2`5NaJ2^5NbJ4\\5MdJ4Z5LfJ6Y5IgJ9W5GiJ<T5DlJ>R5BoJ>P5BPK`0n4@RKa0m4_OUK`0j4@WK`0g4AZK?d4B]K>a4C`K<_4EcK:[4FgK:W4GkK9S4GoK8o3HUL7i3I[L4c3MaL0^32`LO_37[LJc3>VLBj3f0nKZOR4P1dKQO[4m1N0O1O010O01O1lMcKd1]4[NeKc1[4^NfK`1[4_NgK>M2]4@hK;K5^4_OiK:H8_4^OlKY1T4gNmKW1T4hNjK[1V4eNcKa1]4a0100O1O1O1PO\\KCV4SOULX1HCR4WOWLS1JEn3XO\\Lm0GLm3XO\\Lj0GOm3WO`Lc0C9m3UOiL0_Om0j3ROWMQ1i2oNSMT1n2mNmLV1T3kNfLY1[3iN_Lg0XORO0>Z4NULe0@QO0<[43nKU1T41dKoN]4m0fKSO\\4g0fK[O\\4>gKC\\48fKH]44dKM`4LbK5c4AaK`0`5OON110O2N2N2M3L4M300010O010O1O0100O1O10O01O001N2O10O010000O10000O101N1O10RP8"}, "category_name": "instances"}]}