{"images": [{"id": 0, "file_name": "images/3cc3579c05.jpg", "width": 259, "height": 194}], "annotations": [{"id": 0, "image_id": 0, "category_id": 0, "bbox": [59.0, 12.0, 107.0, 176.0], "area": 18832.0, "iscrowd": 0, "segmentation": {"size": [194, 259], "counts": "mY;9b58K4M3N2L110O10O1M30000O10000O2O001O0O2O1N2O010O10O10000O100O10O01`MB]O>a0E^O;b0F]O:bNIh00d0]2ZNhMe1[3N200N100N3N3K5M2M3N2M3N2M3N1OG810110M3M3N2O101N1O1O1000000O10001O000000002O1NcKTOd3l0[LVOe3j0YLXOh3f0WL]Oh3c0VLAh3>XLDf3=YLGe38ZLMb35[LOb32\\L2a3N^L6^3L`L8]3GcL;a1UOCa0kN<[14mNBG:Q1a0VOUOI;n0c0WOTOJ:o0a0WOUOJ<Q1<TOYOJ<X15lN@M;Y12iNEM;[1MhNHM=Z1JhNKN;Y1JhNMN<W1GkNNM=V1ElNm1P1TNoNo1n0i1I6I7F^`a0"}, "category_name": "instances"}]}