{"images": [{"id": 0, "file_name": "images/3cdd0f656c.jpg", "width": 500, "height": 500}], "annotations": [{"id": 0, "image_id": 0, "category_id": 0, "bbox": [5.0, 133.0, 482.0, 361.0], "area": 174002.0, "iscrowd": 0, "segmentation": {"size": [500, 500], "counts": "Ym252LZ?4f@LY?5g@KW?3m@MR?543OLZo00iPO1e@KT?=N1O00Io@IU?362N3f@IT??L1N0110N0N31M4O0N1O0110GSAE2Ok>2TA5S?Mm@50Gk>7UA5j>;N1O1O10M3BVAOm>3SANj>>0O1O02OO1O10O2O00O11N2OO10O2O1O100O1N2NO2M^AUOb>l022O10M02TCSOo:n0RESOl:k0VEVOj:8]CONGk13g:i0[EVOf:j0ZEVOf:i0YE[Oe:d0\\E\\Oc:e0\\E\\Oc:c0_E^O^:c0bE^O\\:d0dE\\OY:f0gE[OY:e0fE\\O[:b0fE^OZ:a0fE@Y:a0fE_OX:c0iE]OV:`0mCSOm1=U:?mCUOQ2;R:d0mE]OS:c0mE\\OT:d0kE]OT:b0mE_OR:b0mE^OS:b0mE^OT:=nCVOo1=R:>QFCo9=PFCP:;nCWOQ2>Q:;SFEl9=RFCn9>RFAo9>QFBo9<SFEl9<TFCl9>SFBn9=RFCm9?SFAl9`0TF@k9`0UF@l9?UFAj9?VFAj9`0UFAj9?WF@i9`0WFAi9?VFBi9?VFAj9?VFBj9>UFCj9>UFBk9>UFCj9=UFDk9;VFFj9:UFGi9;VFEk9;TFFk9:TFHl97TFIm98QFIn97RFGP:9PFGP::oEGP::nEHQ:8nEJR:5mEMR:3mEOR:1mE1S:NlEDaNEa;h0nECbNCb;j0kEDcNB`;l0iEEhN^O`;l0cELmNXO_;m0_EOSORO_;P1\\EOUOTO\\;m0^E0VOTO[;m0\\E2ZOjNK0];U1\\E2EhNn:W1\\E2^OgNKO\\;X1YE5\\OcNK34M[;W1ZE7\\OdNL02N[;W1ZE7^OeNLNa;U1SE;@gN\\;o0RE;CgNY;n0RE=FdNY;o0oD=IbNGJa;X1mD>KbNX;o0mD>LeNV;m0kD?1dNT;l0jD`03^NC0a;R1gD?7fNQ;l0fD?:eNn:m0gD>`0[N]O2Z;U1iD>=ZNA1O2Y;U1iD?>fNi:k0gDa0`0dNj:h0gDd0a0ZN^O3Y;o0hDc0c0YN^O4W;Q1eDc0h0cNa:b2dESMTO5Y;m0iDb0P1[NmN3Z;Q1hDa0R1`NU:h2kEYMT:e2oEZMQ:e2RFZMm9e2TF[Mk9e2WF[Mi9c2VFYMeN3U;h0mDk0[1ZNeN0S;e2YF]Mj9c2UFbMh9]2XFdMg9[2[F]MaN5S;]2ZF_MbN7T;Z2ZFiMf9V2\\FjMc99mDW1a1`Na9U2_FlMa9T2_FlMa9S2aFmM^9Q2eFoMZ9o1iFPNW9P2jFoMW9P2jFPNU9P2lFoMS9R2mFoMR9Q2lFRNS9m1oFgMTN8m:Q2PGfMUN8j:R2PGiMTN5l:R2PGjMTN3l:R2RGkMRN2k:U2SGiMRN1j:W2TGPNk8P2UGPNk8P2SGeMUN:f:R2VGRNh8o1XGQNh8n1YGSNf8m1]GdMPN8b:U2_GcMoM8a:U2^GQNb8o1oFfMiN:W:Q2PGgMkNJF5`:Z2nFjMkNGG5_:Z2mFmMjNGI3^:Z2oFnMjNEI1^:\\2PGnMkNCH2\\:]2oFQNmN@H1\\:^2nFSNnN]OI1Z:`2nFTNoN\\OG1[:_2nFUNQO[OF0Z:b2mFTNkNYO37R:^2mFUNmNXO17T:^2gFYNTOQO44Q:e2dFXNm9l1lEXN]OmN_:T3cEXNOdN8Mi9l4oEXK3LQ:l4PFUKO0n9m4PFVKN1Q:j4QF^Kl9d4VFQKR:Q5oEmJo9R5kEQK4MP:S5mEoJ10O0l9R5]FlJG1k9T5_FkJF1i9V5`FjJG3d9S5fFkJE3d9S5`FiJ2Od9X5[FjJj9W5VFkJOLc9Z5^FjJNMc9Y5aFhJNNL1_9Z5hFfJM0L00O[9[5lFhJK6W9S5oFgJJ6V9S5RGgJHNNO10V9\\5TGgJGNZ9\\5oFQKM1U8m4PHRKG:S8e4WHPKBDOl0S8_4_HPK_Of0n7Z4eHXLW7g3nHXLo6g3VIWLh6f3[I]La6c3`I_L^6a3aIbL]6]3dIeLZ6Z3gIhLW6W3jIjLU6V3jIlLU6T3jIoLS6Q3nIPMQ6P3nIRMQ6m2PJTMo5k2QJXMm5h2SJYMk5h2UJXMk5g2UJ\\Mi5d2WJ]Mh5b2WJaMh5_2WJcMh5]2WJjLTOjNa5CSKi49jLXOgNY5KRKf4:iL]OeNV51mJe4:iLD`NT55kJf48gLI^NS5;cJg40cJ3P25\\NT5o7eJSH5OU5m7iJoHV5P7mJoHR5Q7oJoHP5P7SKnHn4Q7TKnHk4R7VKnHj4P7YKnHg4R7[KmHe4R7]KmHc4Q7`KmH`4S7bKlH^4S7dKkH\\4T7hKiHY4V7iKhHX4V7kKgHV4X7oKdHR4[7SL^Ho3b7R2O1N2O1N3M2N2N2N2M3M3L5L3J6J6K6K5jNjFnJ2O01N3Y9o4hFmJ100Od9c5ZF_J2M^9Q6dFmIV9S4fFQN[9i1TGmMl8o1]GmMa8S2aGlM`8R2cGkM^8V2bGhM_8Y2`GUM\\OXOV9c3_GRM\\O[OU9e3^GQMYOYOKN]9h3`GPMSOUO25N0[9f3eGlLUOZOLO05Z9f3gGjLSO[O06U9f3hGhLoN\\O1001N6Y9e3iGlLSOYOK5Z9g3iGiLVO[OU9m3eGkLROXOY9n3eGmLmNZOZ9i3kGjLlN\\O1LT9o3PHdLoN\\O30m8P4RHcLnN^O12m8m3UHVMj7l2UHSMk7m2WH`LiNKQ9e3VH`LgNL0CP9Q4ZHSMf7l2[H_LeNM1Fn8n3^H\\LeNG8Nf8o3^HZLcNJ8Og8l3_H[LaNK4LL2P9l3`HYLbNK4LL3P9m3\\HYLdNK0NZ9n3RHXLdNMN6U9d3ZHYLaN<V9Y3[HYL_N?V9W3^HiL^N_OS9f3`HkL\\N@U9d3^HTMa7m2`HRM`7n2`H_L[N8U9Y3aHRM^7n2cHQM\\7Q3cHnL^7R3dHkL]7U3cHkL]7U3dHjL\\7V3dHhL^7Y3bHeL_7[3bHdL^7\\3bHdL]7]3dHaL]7_3cH_L]NCh8n3kH^L`7b3aHZLb7f3`HWLa7i3_HVLb7j3^HVLb7j3_HTLb7l3S20gFRLl6n3]200000000000_FTLZ7k3gHVLX7j3hHVLX7j3hHVLX7j3iHSLY7m3W2O1000000000[FTLb7k3_HVL`7j3`HVL`7j3U20000000000O10000O10000O1000000O2O000O10000O100O2O0O10VF_La7a3Y200O10aF`Lj6_3WIaLi6_3f2ObFbLi6]3kHdLoM0V9[3SIjLl6V3SIkLm6U3TIiLm6V3UIfL]M0_9X3j200O`FhLf6X3ZIiLf6V3l2O101N1ORFnL\\7Q3eHPM[7n2eHSM[7m2eHSMgMNY9n2RISMfMNY9n2QITMaMNN2_9j2SIWM`MMM3a9h2QIYMaMLM2b9h2PI[M\\7b2eH_M[7`2fH`M[7_2UH\\MWN6HJe9e2[H[MWN6HMf9_2]H_MRN7KKf9_2]H`MQN6JMi9Z2^HdMjM:0Ei9\\2_HaMgMb02@i9[2bHPNbMF4Mi9\\2bHQNaMEU:W2\\HTN_MEU:V2]HiM_M51MT:S2]HkM^M42NS:R2^HUN\\MKW:n1^HWN^MHT:o1aHoMYM1O24MV:m1fHVN`7i1aHWN`7f1cHXN_7g1X3N2M4L3N3L3L5J5M9CRU6"}, "category_name": "instances"}]}