{"images": [{"id": 0, "file_name": "images/3efb4f3151.jpg", "width": 270, "height": 186}], "annotations": [{"id": 0, "image_id": 0, "category_id": 0, "bbox": [14.0, 21.0, 245.0, 153.0], "area": 37485.0, "iscrowd": 0, "segmentation": {"size": [186, 270], "counts": "fc2?X55J5[KZOQ4k0nKVOo3l0QLUOk3n0ULROh3>mKO;De36YL63Ca35`L9ND`3NhL=ID^3NkL`0FB^3KPMc0ACZ4=fKB[4>dKC\\4=dKC\\4>cKA^4?aKB_4?_KBa4>_KAa4`0_K@`4a0_K_OP4S1oKnNZ3h1gLXNV3k1iLUNU3n1kLRNS3o1mLQNS3P2lLQNQ3R2oLmMQ3S2oLmMo2V2QMiMn2X2RMiMm2[1QMmN0J3Mk2X1XMPOKK1Nj2V1\\MQOJJ1Ni2T1_MTOGK0Mi2S1bMVODK1Lg22ZM`0?4@ZOg21gNe0bNZOg21gNf0bNYOe21jNf0aNYOe21jNf0aNYOd21lNf0aNXOc22lNg0`NXOc20hM89`0\\OXOc20fM<9<^OXOb20fM?99_OYOa2NgMb088^OYOc2MfMe075@YOc2LfMh06=S2lNfMj05:U2kNeMQ115Z2jNdMT1027hNd11VNV1N16hNE0o10YNW1M15oNc1IZNY1MO4ROd1FZNj20dMd1A\\Ne0M\\12`Nd1_O\\Ne00[10bNc1^O\\Nd03\\1NcNb1\\O]Ne04\\1MeNe1O_N\\1LfNc1NbN\\1KgN`1NfN\\1IXNN1b1:hN]1HXNN2`19kN]1GXN01]19mN^1FXN11Z19PO^1EXN20X1;PO^1FWN4OT1<SO^1DXN6NR1;TO`1DWN7MP1<VO`1CWN9Ll0=XOa1CVN;Jj0?WOb1ETN;Jh0`0YOb1CTN>Ie0a0ZOc1CSN>Ie0a0ZOc1CSN>Ie0`0ZOe1CRN?Hd0a0ZOe1CRN?Hc0b0ZOe1DQN?Ib0`0\\O\\1@ZN21`0Ib0`0\\Og1BPN`0Ia0`0]Og1CmMMJb02a0`0]Oh1BoM`0Ia0`0]Oh1BoM`0Ia0?]Oj1BnMa0H`0`0]Oj1CjMMKc01?`0_Oj1BmM`0H`0a0]Ok1BmMa0G`0a0]Ok1ClMa0G?b0]Ok1DkMd1OYN2?T2DkMd1OYN2>U2EiMe10XN1?V2DhMf11WN1?W2BgMi10WN2>X2AfMj10WN2>b2Z1\\MXN2>Y2AeMi10YN0>\\2_OcMl10WN1>b2\\1\\MWN2=b2\\1\\MWN2=]2@^Mm13VN2=]2b1`MRN2<^2b1`MRN2<^2b1`MRN1<a2b1]MSN1;b2m1]MSNc2n1[MSNf2`20000000O2O00000000000000000000000O11O0000001N1000000O10^O[MoMe2f1\\MQN0:b2e1_MPN0;a2d1`MQNO;a2d1`MPN1;^2e1bMPNO<_2d1bMoM1<]2A`Mo12TN1<\\2A`MP24SN1;[2AcMo11UN1;Z2BeMm10UN2<X2CcMN0m13VN2<W2EbMn15QN2<V2FdMl14RN2=U2EeMl15QN1>T2FfMk15QN1>T2FfMk15QN2=S2GeMl16PN2=S2FfMm16oM1?R2EgMm1a0^Nh1j1YNUNh1BeMU2c0ZNh1@fMV2a0ZNi1@fM1OR2b0]Ng1BiMS2a0ZN\\1AYN2IT2b0ZNf1AhMV2a0YNg1AhMV2b0YNd1CiMO0O1n1b0aNd1CiMN100n1c0`Nd1ChMO100o1b0`Nd1AjM0000f00?c0ZOa1BTNe0H`0b0YOb1BlMO0O1g0O`0c0YO`1BmMO000f00a0b0XOa1BmMO000e01c0a0WO`1BnMO4e0Mc0b0WO^1BPNNO01e00f0a0UO_1BoMO000d01g0a0TO^1BPN0OO2c00h0b0TO\\1BQNO0O2d0Oi0b0RO\\1DUNMMd00j0a0QO]1DPNN101b00m0a0nN]1MQN72o0`0lN]1FPNN101a01o0a0kN\\1GUNNLa02c0MVOd00[1IQNL21Oa03c0LWOd0Nb0FA4YOL21O42K8U1FXOd0K?JC2^OLL4`0Q1@YOe0G>NC1A0KNMN7U1KZOd0E=0D2_OLJN263P1MZOe0B;3E2^OJL0054P1NZOh1FlN0GNHS1L[Of1GnNNGLHV1MYOe1HoNN^OIM1O23U11YOb1HPOOZOG12O0031U13XOa1IQO0\\OFO0O22X12XO`1HRO0@ELa12SO^1HTOl1^O]N]1GUOl1^O_Nf0[OF;6k1_O_Nc0\\OH:6k1_O`N`0]OJ96k1@`N>\\OL:6j1@aN<\\ON96j1AbN7\\O385j1AXO9POL_OLY2OXO8QOM^OLY20VO8SOL^OKZ21UO7TOM]OKZ21UO6VOL\\OMY21UO5WOL\\ONX22fMb0a0C4L]OMY2R1QNTO:L]OMY2U1nMQO<M^OMX2k1ZNYN]OMY2i1ZNZN^OMY2h1XN\\N_OLY2f1YN^N^OL[2c1UNdNAI[2b1SNfNBH[2`1SNiNBH\\2^1QNkNCG]2[1PNoNDF]2Y1oMROCF_2a0_MG?2DE`2>_MJ>3DEe22_M495CFZ33TM8CDZ3MYM?^ODY3KZMa0^ODW4;kKDY3KTMa0CEY3KRM`0FEX3LPM?IDY3OjL=NDY31eL;3DY32bL95E[33]L89E[36WL5>E^3i0bLXO`3e0aLZOa3d0`L\\Oa3b0^L_Of3<[LCi3:VLGP42QLNl400OO0ll1"}, "category_name": "instances"}]}