{"images": [{"id": 0, "file_name": "images/3f0ec0dec9.jpg", "width": 194, "height": 259}], "annotations": [{"id": 0, "image_id": 0, "category_id": 0, "bbox": [11.0, 59.0, 116.0, 158.0], "area": 18328.0, "iscrowd": 0, "segmentation": {"size": [259, 194], "counts": "ln24m72O1BMkH4T7LlH4T7MjH4V7LjH5U7KkH5U7LiH4X7MfH4Z7:0001O000O100000000O10O10O2N1O1O2N1O2N2N101N2N2O0O2O1O001N2O1O100O1O1O1O100mIbN`5U2K5K6JQOnJTOl4l0UKXOf4h0[KBY4`0fKjNH2`4U1fKkNMM\\4Y1dKoN3CX4n1gKSNOLZ4m1mKVNCE19^4j1TLeNk3X1\\LeNc3Y1bLeN]3[1gLbNX3_1kL^NT3b1PM[No2e1UMXNj2i1XMUNf2l1]MRNb2m1bMQN]2o1j10O2@?N30O1000000O2O1N2N2N1`NeJ8]5CVKKn40f1N1O100O2O0O2O2N1N2O00001O0000001O00001O0000001O0000001O001OQl`0"}, "category_name": "instances"}]}