{"images": [{"id": 0, "file_name": "images/43cb6ae6cc.jpg", "width": 254, "height": 198}], "annotations": [{"id": 0, "image_id": 0, "category_id": 0, "bbox": [73.0, 11.0, 107.0, 182.0], "area": 19474.0, "iscrowd": 0, "segmentation": {"size": [198, 254], "counts": "`X>710^5c0L3M2N1M3L5J6M6K3M1L6L3O1L5K3N2N2M4M2[ObM^Mc2]2eMZMCOk2d2XOSNaNj1^1\\NaNa1_1TNPNI?S2_1UNSNI=Q2^1XNTNJ=l1_1[NUNJ;j1_1]NVNJ;h1^1_NXNJ9T1J^Ni1e0UNI8l0W2\\O`MJ8e0[2B_MH6c0\\2G]MG7`0]2J]ME6?]2M]ME6=]2O^MC6<[23_M@6=Z25`M^O6<X2:bMXO7=V2=cMVO6=W2>dMSO5`0V2>gMnN5c0T2a0jMfN3j0S2`0_N@a1b0]N_Oc1a0\\N_Od1c0ZN]Og1c0XN]Oi1d0VN\\Oi1g0UNXOl1i0RNXOm1k0oMVOQ2m0kMUOT2P1fMQOX2`2N2O1UNlLb0W3]OmL>T3AoLDWO50Ol37YMAW3>Y10O1\\JAa5?_JA`5f0LNeJ[O[5f0dJ[O[5a0jJ^OV5j0OL400004KN33LN33MN22NO200O001OeJWOY5l01M5M2L3N1N2O1N4HQU2MZS<"}, "category_name": "instances"}]}