{"images": [{"id": 0, "file_name": "images/47ed301ea1.jpg", "width": 259, "height": 194}], "annotations": [{"id": 0, "image_id": 0, "category_id": 0, "bbox": [33.0, 34.0, 119.0, 147.0], "area": 17493.0, "iscrowd": 0, "segmentation": {"size": [194, 259], "counts": "R]6=Y5=I8C;M4L3N3M5J2O0001M3I7I7A`00O1O1O100O1O2N102[KkNIO]4W1kKkNT4W1iKmNU4S1jKoNT4R1kKnNU4S1jKnNV4Q1jKoNV4R1jKnNU4R1kKnNV4Q1jKPOU4P1jKQOV4P1iKQOV4n0jKSOW4m0iKROW4]1aNZNaNf1_1\\N_Nd1a1_N]N`1d1aNZN_1f1bNYN^1h1cNWN\\1i1eNVN\\1j1eNTNZ1m1gNSNY1l1iNSNV1m1kNRNV1m1kNSNT1m1nNRNQ1o1oNPNQ1P2QOkMR1U2oNfMU1[2lN`MW1`2U11O010O1O1O1O1O1N2O11O0001O00001O0O101O0N3N1N3N1O3M2N3N4K6J7J4L4O05KO2M3L=Db0]O<D3N0O010O1O0100O00010O00010O00001O01O0000000O2O00^Td0"}, "category_name": "instances"}, {"id": 1, "image_id": 0, "category_id": 0, "bbox": [118.0, 9.0, 115.0, 118.0], "area": 13570.0, "iscrowd": 0, "segmentation": {"size": [194, 259], "counts": "n[f03n52N3N1N2O1O1N1O2O0O101N2O001N2O1N4M7I4L3M5K2N2N2N3\\L[Ne2i1UMYNk2j1PMXNP3k1kLXNT3[21O0O2O05K3N1N10000010O100O2N3M2N1O101N002N010RO_LWOc3h0_LWO`3h0aLWO`3h0aLXO_3g0`L[O_3f0aLYO`3f0SMgNn2X1TMfNm2Z1m0O200N101O000010OO2O001O1O001N10001N10001O001O0O110O0O110O00001O00001O00010O1O00010O1O001O00001O1O001O2N1N3MTk4"}, "category_name": "instances"}]}