{"images": [{"id": 0, "file_name": "images/48a6f790d5.jpg", "width": 300, "height": 168}], "annotations": [{"id": 0, "image_id": 0, "category_id": 0, "bbox": [37.0, 56.0, 80.0, 95.0], "area": 7600.0, "iscrowd": 0, "segmentation": {"size": [168, 300], "counts": "jT6385j3^1_O5K7Ib0_O0O100O100O10O010000001O0100O2N10O00100O002N2O4K=C2N1O1O101N1O0DfLjN[3U1fLjNZ3V1gLiNY3W1hLhNX3X1iLgNX3X1hLhNX3X1iLgNW3Y1kLeNU3[1lLdNT3\\1lLdNT3\\1mLcNS3]1<01O001O0O100000000O10O10O10[LhNZ3X1aLnN^3R1bLnN^3S1_LPO`3\\11BcLnN^3R1^LhN35_3S1cLlN_3S1bLiNa3W1]LkNd3T1[LkNg3X14L4O2N1N3L4L5I_mm0"}, "category_name": "instances"}, {"id": 1, "image_id": 0, "category_id": 0, "bbox": [0.0, 106.0, 34.0, 55.0], "area": 1870.0, "iscrowd": 0, "segmentation": {"size": [168, 300], "counts": "Z3f1b3010O000001O0O1000001O0000001O001N101O1O00100O001O1O1O2N1O1O2M3N6XOn`[1"}, "category_name": "instances"}, {"id": 2, "image_id": 0, "category_id": 0, "bbox": [0.0, 83.0, 37.0, 44.0], "area": 1628.0, "iscrowd": 0, "segmentation": {"size": [168, 300], "counts": "n2<l400001O0000001O000000001O0000001N101N2N1O2O1N1O2O1N2N2O1N2O2N1N3N2NN1CXLUOo3e0bR[1"}, "category_name": "instances"}, {"id": 3, "image_id": 0, "category_id": 0, "bbox": [11.0, 15.0, 56.0, 74.0], "area": 4144.0, "iscrowd": 0, "segmentation": {"size": [168, 300], "counts": "_j16P57J:F9G5K5K4M2N3jL`N]2d1]M`Nb2b1XMbNh2n1100O100O1O1O2O00001N2O1N1M4J6E;M3N2N2O1N2O2M2O2M2O1N2O1O001O001O010O00010O0000001L3GWK1R5M2NjUV1"}, "category_name": "instances"}, {"id": 4, "image_id": 0, "category_id": 0, "bbox": [64.0, 47.0, 48.0, 48.0], "area": 2304.0, "iscrowd": 0, "segmentation": {"size": [168, 300], "counts": "ia:5Q55K4M3L8I8I4K3N2N1N10001O000001O00001O0010O01O101O0O2N1O1O1O1N3M4L3O0O1O1O1O10O01O100O3M1N1L4Nbhn0"}, "category_name": "instances"}, {"id": 5, "image_id": 0, "category_id": 0, "bbox": [83.0, 35.0, 37.0, 58.0], "area": 2146.0, "iscrowd": 0, "segmentation": {"size": [168, 300], "counts": "Se=4R53N2O0O2N2O1O1O1N3N002M2O4L3M1O2N1N2O1O001O1O1O002]LhNR3Z1kLhNT3]1fLaN]3a15N2M2N3M3G:JgKWO^4b0:Jb_m0"}, "category_name": "instances"}, {"id": 6, "image_id": 0, "category_id": 0, "bbox": [119.0, 48.0, 36.0, 85.0], "area": 3060.0, "iscrowd": 0, "segmentation": {"size": [168, 300], "counts": "Vdc0>h45K3O1aNZOYNg0d1DSN=k1MlM5R2OjM2T23hMOV2:^MJa2_1O2O0O100000001O000000O101N101N200M3N3kNRMA[3;iL@_39cLDb38aLEc4M3M4LUfg0"}, "category_name": "instances"}, {"id": 7, "image_id": 0, "category_id": 0, "bbox": [119.0, 77.0, 89.0, 85.0], "area": 7565.0, "iscrowd": 0, "segmentation": {"size": [168, 300], "counts": "hec01W51O00000000000O1O1O1000000000000000000000000O010000000O100jN?eLAX3Y1M2O2N2N1O2O0N1OK43O2M4M2O1N200O1O2O0O2O0O4M3L2O1O1O1O1O0000E`MnM`2o1dMPN\\2o1eMQN[2n1gMQNY2n1hMSNX2k1iMUNW2j1jMVNW2h1jMXNV2g1kMYNV2`0]M<>TOV2=`M<;VOW2<`M<:XOW29cM;8\\OV28dM97_OW25fM66EV20PO0T30000O1000001O00O11O0O10Sn>"}, "category_name": "instances"}, {"id": 8, "image_id": 0, "category_id": 0, "bbox": [149.0, 58.0, 34.0, 42.0], "area": 1428.0, "iscrowd": 0, "segmentation": {"size": [168, 300], "counts": "Uah02S53N3M3@`0K5M3N00O1O1M3O2N1N3O001O1O100O100O100O101O001O1N2O1O1O2M2I[Tc0"}, "category_name": "instances"}, {"id": 9, "image_id": 0, "category_id": 0, "bbox": [140.0, 32.0, 36.0, 33.0], "area": 1188.0, "iscrowd": 0, "segmentation": {"size": [168, 300], "counts": "]Pg02U52M3M3M2O2N2N2N2N3N6J1O1O1N10O1O1O1O1O1O100O2N1O1O2O0O2N1O2K5M2N3N2N1OjYd0"}, "category_name": "instances"}, {"id": 10, "image_id": 0, "category_id": 0, "bbox": [170.0, 38.0, 30.0, 46.0], "area": 1380.0, "iscrowd": 0, "segmentation": {"size": [168, 300], "counts": "Rnk06o44N1N3N1O2N101N2O1N3N1O2iKVOk3l0QLWOo3R1O00001O1O00100O0010\\OSL[O;4`3>kL]OV3a0k0M2N3Ke[`0"}, "category_name": "instances"}, {"id": 11, "image_id": 0, "category_id": 0, "bbox": [237.0, 42.0, 48.0, 73.0], "area": 3504.0, "iscrowd": 0, "segmentation": {"size": [168, 300], "counts": "fnV1220c4O]K0O:0FX4P1M3M2N001N2O2N1O100O1000O11O000000000000010O01O3N0O2O3kNSLh0W40O2O000000>B0O000100O2N7I:F6J3M4K3M_[2"}, "category_name": "instances"}, {"id": 12, "image_id": 0, "category_id": 0, "bbox": [279.0, 53.0, 21.0, 89.0], "area": 1869.0, "iscrowd": 0, "segmentation": {"size": [168, 300], "counts": "hj]1:l4?A8gLQOTO1\\2S1]NlNWO1[2X1ZNhNYO0^2[1UNfN\\O0^2_1QNbN@0_2`1mMbNDN^2c1iMbNIK]2Z2bMgM]2Y2bMhM^2X2cMfM]2[2cMeM]2[2dMcM]2\\2cMfM]2Y2cMgM]2Y2dMfM\\2Z2dMeM^2Z2aMgM_2Y2aMgM_2Z2`MfMi0"}, "category_name": "instances"}, {"id": 13, "image_id": 0, "category_id": 0, "bbox": [230.0, 0.0, 70.0, 68.0], "area": 4760.0, "iscrowd": 0, "segmentation": {"size": [168, 300], "counts": "hhU13g4d0G8J4K3N2N1ON1M40O1O101O00O101O00N3O1O0100000000000000000000001O1O4L2N3M3M3M7I1O1O1O00000000N2M3N2M3O1O100O100O100O1O1000000000000001O0000"}, "category_name": "instances"}, {"id": 14, "image_id": 0, "category_id": 0, "bbox": [197.0, 59.0, 78.0, 90.0], "area": 7020.0, "iscrowd": 0, "segmentation": {"size": [168, 300], "counts": "S\\P132861l3ERL0K22N10M<T4EoKT1h3lNYL8M7OC0Nk31VLX1f36\\MaN^1^1cMaNd01XO3`2[1aMfN?3@K`2j1aMSNO?0B10]20bMW112]2gNdMU1O4^2fNdM0MR119^2eNbMV103`2hNaMk0NVO1]1^2cNaMO1h00WO55Jo0`2mNaMO0;O11D3\\1]2eNbM;1LLI270i0a2RO]M95DK41M170i0b2QO\\Ma00A2L080HN00j0g2XOYM03=MC56MHN00g0k2ZOUM04OL;2E58KJNe0k2^OXM4MH0O061O0K20M00f0o2\\ORMNO90H3<5CH30;R37TMCKH61K8V32iLK52KH70J0N012[36eLN525KE3_30bL23LOMOa0b3^O\\L0003027Kb0f3_O^Lj0e3SOZLn0k361N00000001O0000000O1000O10000000O10O100000000O10000000000010O1O1O0010O00100O011BVLZOk3d0VL]Oj3?ZLAf39_LGe3MdL2Z4O001OTo3"}, "category_name": "instances"}]}