{"images": [{"id": 0, "file_name": "images/497cc8adee.jpg", "width": 274, "height": 184}], "annotations": [{"id": 0, "image_id": 0, "category_id": 0, "bbox": [2.0, 19.0, 266.0, 93.0], "area": 24738.0, "iscrowd": 0, "segmentation": {"size": [184, 274], "counts": "^>1^5`0F5M1N2NN1N3O1N3M201001O001O10O0001O010O00001O0010O0000000000010O1O001O001O0NYKJR44mK5m3IRL?i3@TLg0h3YOWLl0f3TOXLo0g3QOXLR1e30\\LoNc3o0bLPO[3P1hLoNW3o0lLQOS3n0QMoNo2P1i03L6M3M4M5K5K3M3M3N1N3N001N2OROiL\\OV3d0lL[OS3e0PMYOo2g0UMVOj2k0YMROf2n0fMfNZ2Z1gMfNX2[1iMdNV2\\1kMdNT2]1lMcNS2^1lMbNU2`1iM`NW2b1hM\\NZ2c1fM]N\\2a1dM^Nd2\\1[McNf2_1XM`Nh2a1XM^Nh2d1e0100O1O_OPL[Oo3e0SLZOl3f0ULZOj3f0WLYOd3l0^LSO^3P1cLPOZ3S1gLlNW3U1kLkNS3U1SMfNk2\\1VMbNj2^1WMbNg2_1ZMaNe2`1[M_Nd2b1]M^Nb2b1_M^N_2c1bM]N]2d1cM[N]2e1eMZNZ2f1k02O001O0O2O001O001O00001O001O1O1N101O000000000000000000VO_L]Oa3]10O100[O_LSOa3a11@]LkNc3d11O1I70001NnL\\NR2d1lM^NS2c1kM_NU2a1iMaNW2_1hMbNX2^1gMbN[2]1dMdN\\2\\1cMdN^2]1`MdN`2\\1_MdNb2\\1\\MeNd2\\1[MdNf2\\1YMdNh2\\1WMeNi2[1VMeNk2[1TMeNl2\\1SMdNn2]1PMcNP3^1oLcNR3\\1nLcNU3[1jLfNW3Y1hLgNY3k12O0O1O1O1O2O0OiLmMk2S2SMPNl2o1TMRNl2n1RMTNo2k1PMVNP3j1oLWNQ3i1nLWNT3V2000O1aNhL>Y3AgL>Z3AgL?Y3AgL>[3@fL`0Z3_OgL`0[3^OfLb0[3\\OeLe0[3ZOfLf0[3XOfLg0\\3WOeLi0\\3SOfLm0^3mNeLS1o310O0100O10O0100O1O0010O01O10O01O0010O010O010O010O1O1O100O1O10001N100010O010O1OAfKBY4=jKBT4>QL_On3a0SL@k3`0VLBf3?[LAd3>l0000001O00001N101O000`0@00N2O100O2L3M3N5J9H6Iio0"}, "category_name": "instances"}]}