{"images": [{"id": 0, "file_name": "images/2019-02-21_06-36-31to2019-02-21_06-36-39_1-0036_jpg.rf.3369c4bcbe33def35dce092220a89b75.jpg", "width": 1280, "height": 740}], "annotations": [{"id": 0, "image_id": 0, "category_id": 86, "bbox": [532, 596, 88, 107], "area": 2954.0, "segmentation": {"size": [740, 1280], "counts": "\\WS<4of02N2O001O0000001O0O2O00001O1O0010O010O01O10O01O0eZOHkc08R\\O4dc0LZ\\O6fc0KW\\O8ic0GV\\O:kc0ES\\O<nc0EP\\O<Qd0Cm[O=Ud0Di[O6^d0K_[O4ed0LY[O3id0MV[O2ld0OR[O1Pe0OnZO0Te01iZO0Ye00cZO2^e0O^ZO3de0e0100O2O1N100O01L3N2O1O1O3N3M3M3L4Mh0XO3M2M3N1O1N2OhMW\\OW1hc0fN]\\OZ1ac0dNc\\OZ1\\c0fNg\\OIKc0]c0Ck\\OFOa0Wc0Ho\\OCMa0Uc0KP^O1Rb0NQ^OLTb01P^OJTb03Q^OGSb05a2JoTR?"}, "iscrowd": 0, "category_name": "starfish", "score": 0.9188909530639648}, {"id": 1, "image_id": 0, "category_id": 77, "bbox": [752, 563, 42.5, 35.5], "area": 1036.0, "segmentation": {"size": [740, 1280], "counts": "[^Qa06lf05K3M3N2N1eYO^OTf0c0kYO]OTf0d0lYO\\OSf0e0mYOZOSf0h033M100O1O1000O0100000O100O100001O1O01O1O1O1O1O1O0O2O001N2N2M3L5LbVm:"}, "iscrowd": 0, "category_name": "crab", "score": 0.7923303246498108}, {"id": 2, "image_id": 0, "category_id": 77, "bbox": [857, 618, 62.5, 59], "area": 2473.0, "segmentation": {"size": [740, 1280], "counts": "Q]]c02Qg01B4cYONoe01PZO>le0IPZO9le0a0N2N201N1O2O0O101N100O2N1100O1O2M3N1OO1O1O2N1O1O3M2M3N2O0001O1N101O00001N2O00000N2N3H700O2N1DZZOYOhe07ZZOF50ce08k0N2N3Mn]V8"}, "iscrowd": 0, "category_name": "crab", "score": 0.7445682883262634}]}