{"images": [{"id": 0, "file_name": "images/2019-02-26_00-44-33to2019-02-26_00-44-47_1-0109_jpg.rf.06674d59c3a58c84ebeca77ed6697161.jpg", "width": 1280, "height": 740}], "annotations": [{"id": 0, "image_id": 0, "category_id": 84, "bbox": [513, 104, 41.5, 35.5], "area": 602.0, "segmentation": {"size": [740, 1280], "counts": "`Yd;2Pg04M2N1O100O100O1O100O1O1O100O100O10000O100O10O01O100O1O01O001O0O2O2N1O1N2O2NXa\\`0"}, "iscrowd": 0, "category_name": "shrimp", "score": 0.9090794324874878}, {"id": 1, "image_id": 0, "category_id": 86, "bbox": [495, 566, 34.5, 90.5], "area": 1809.0, "segmentation": {"size": [740, 1280], "counts": "hgW;8V1MWd0g1J2N2N3M3K3N3M2N2J6L5M200O1001O002N4aNf[OL_d0Jm[OOie0K2M3N1O1O2M2O1N3M4Jlin`0"}, "iscrowd": 0, "category_name": "starfish", "score": 0.8985908031463623}, {"id": 2, "image_id": 0, "category_id": 86, "bbox": [336, 616, 65.5, 56], "area": 2116.0, "segmentation": {"size": [740, 1280], "counts": "^fb7=cf05N2O01N<Dfg0M]XO4^ONlYO5oe0NPZO3me00RZO0me01SZOOme01RZO0oe0OoYO3Qf0MnYO3Tf0LkYO4Wf0KiYO4Xf0LhYO4Wf0c0J00000O1O1NKTZOUOje0m044N2N4M1O0011O2N0O1O01O01O002NIoN\\ZOQ1be0QO\\ZOP1de0PO[ZOQ1ee08O00000000O1O1N101000O2OO100QOZZO`0fe0^O]ZOa0de0\\O_ZOb0be0]O_ZO?ee0@\\ZO<ie0AZZO=Wf0O3M8H_Tic0"}, "iscrowd": 0, "category_name": "starfish", "score": 0.7697654962539673}]}