{"images": [{"id": 0, "file_name": "images/2019-02-20_19-40-26to2019-02-20_19-40-35_1-0083_jpg.rf.a7af0e8dcab10dacc852365ae48f9fb9.jpg", "width": 1280, "height": 740}], "annotations": [{"id": 0, "image_id": 0, "category_id": 85, "bbox": [195, 494, 49.5, 78], "area": 1041.0, "segmentation": {"size": [740, 1280], "counts": "dY`44of03N2N2N2O1N2O011N2O1N101N2N1O2O0O2N101O0O2O1N2N10O001N2O1O1N1O2O1N2N2O1N4L3M1N100O10000O100O1O1O2M^`Xg0"}, "iscrowd": 0, "category_name": "small_fish", "score": 0.8911231756210327}]}