{"images": [{"id": 0, "file_name": "images/2019-02-21_06-52-16to2019-02-21_06-52-34_1-0055_jpg.rf.8e29ad5f82ad2c5ded3dad984c65698e.jpg", "width": 1280, "height": 740}], "annotations": [{"id": 0, "image_id": 0, "category_id": 86, "bbox": [575, 629, 58.5, 63], "area": 1675.0, "segmentation": {"size": [740, 1280], "counts": "diS=4of04L2O1O1N1UOHjZO9Ue0IhZO8Xe0IfZO8Ze0KcZO6\\e0MaZO3_e0N`ZO2ae0N^ZO2be00[ZO1fe00WZO1ie0e0010O00000001O001N100O1O0O10O100O10O11O00001O00010O10O0100O1O1SOZZO9ie0E_ZOKle02Vke>"}, "iscrowd": 0, "category_name": "starfish", "score": 0.8990183472633362}]}