{"images": [{"id": 0, "file_name": "images/2019-02-21_06-50-24to2019-02-21_06-50-40_1-0137_jpg.rf.788eb774ca6c522fca2505422e32ed6f.jpg", "width": 1280, "height": 740}], "annotations": [{"id": 0, "image_id": 0, "category_id": 86, "bbox": [576, 633, 56, 79.5], "area": 1983.0, "segmentation": {"size": [740, 1280], "counts": "[hS=<W1FWd0>e[ODYd0>e[OC[d0>c[OC]d0>b[OA_d0a0_[O_Obd0`0][OAfd0=Y[OBkd0<S[OEod0;nZOETe0;jZOFWe0:gZOGYe0:bZOI`e07]ZOKde06YZOKge06VZOLke0f01O0101N1O2N001O1O001N2N3M7H4L3N3N1N2O0O2OO001D<L4N2N2M4M5dN`ZOk0Wf0BSXg>"}, "iscrowd": 0, "category_name": "starfish", "score": 0.8879072666168213}]}