{"images": [{"id": 0, "file_name": "images/2019-02-21_06-55-09to2019-02-21_06-55-16_1-0005_jpg.rf.44800250d40228b6e6ec62c408de270c.jpg", "width": 1280, "height": 740}], "annotations": [{"id": 0, "image_id": 0, "category_id": 85, "bbox": [0, 479, 45, 17], "area": 433.0, "segmentation": {"size": [740, 1280], "counts": "g[36mf02O001N1000000O1000000O1000001O000000001O0000000001N100000000O2O00000O100O2N_^mk0"}, "iscrowd": 0, "category_name": "small_fish", "score": 0.9113417863845825}, {"id": 1, "image_id": 0, "category_id": 86, "bbox": [556, 633, 78.5, 93], "area": 2175.0, "segmentation": {"size": [740, 1280], "counts": "Ync<2Pg03M3N1N2O1O0O2O0O2M200000001O001N2O1N2O2M2O2NHoYO@ne0?VZOAhe0?ZZO@de0a0^ZO_O`e0a0bZO^OYd00X\\Oc0C_Onc01\\\\Oa0J\\Oic03V\\Og04UOfc04R\\Oi0;SOcc03n[Ol0b0PO`c05j[Ol0g0POmc0P1T\\OPOlc0o0V\\OQOjc0m0X\\OQOic0n0W1O10O2M4M4K4L4L4K5M3L4M5J3M2O2M2OWNe[Ok0Zd0QOn[Ol0Rd0POT\\Om0mc0oNY\\On0hc0oN\\\\O<ROMle0OYZOOie0OZZOMie00ZZOKke02f0Mkjj>"}, "iscrowd": 0, "category_name": "starfish", "score": 0.8434033989906311}, {"id": 2, "image_id": 0, "category_id": 77, "bbox": [743, 653, 53.5, 41], "area": 1599.0, "segmentation": {"size": [740, 1280], "counts": "oUm`08kf0:G?A2N000O2O0O10100O010O00000O100O00100O2O1N1O1000O1N2O101O0010O01O001N2N2O1N2SOQZOb0Qf0\\OSZO`0^f0J4Lmoo:"}, "iscrowd": 0, "category_name": "crab", "score": 0.7446194887161255}]}