{"images": [{"id": 0, "file_name": "images/2019-03-06_22-03-36to2019-03-06_22-04-08_1-0073_jpg.rf.78dc817342d96600b7892b02d83afdfa.jpg", "width": 1280, "height": 740}], "annotations": [{"id": 0, "image_id": 0, "category_id": 77, "bbox": [918, 501, 40, 45], "area": 894.0, "segmentation": {"size": [740, 1280], "counts": "^_fd02Qg0100S^1NjaN7M2N2O001FGgYO9Qf01lYO0Rf0b0N1010O1000001O0000O100N2O13L101O00001O00001O1FkYOCWf06PZOGTf02Q\\Z7"}, "iscrowd": 0, "category_name": "crab", "score": 0.8365403413772583}, {"id": 1, "image_id": 0, "category_id": 77, "bbox": [739, 551, 48, 37], "area": 1661.0, "segmentation": {"size": [740, 1280], "counts": "WZg`0f0[f05L3M2M4K4N2O10001O0O1000O100O2O000000001O00000O1000000O2O001N1000O01O010O1O1O001L4M4M4ZOWVU;"}, "iscrowd": 0, "category_name": "crab", "score": 0.8428314924240112}, {"id": 2, "image_id": 0, "category_id": 77, "bbox": [559, 684, 62.5, 42.5], "area": 1324.0, "segmentation": {"size": [740, 1280], "counts": "f]j<8kf03M3M3M2M5K4M2N2N2N2N11O01O01O01O1O0000001O10O0103MKWZOnNie0P1YZOoNie0o0WZOROie0l0XZOTOie0k0WZOUOie0k0VZOWOje0i0TZOXOme0o01O1O1O1FQZO]OPf0`0TZO]OQf0<`0K4LgVT?"}, "iscrowd": 0, "category_name": "crab", "score": 0.867781400680542}, {"id": 3, "image_id": 0, "category_id": 77, "bbox": [547, 474, 46.5, 34.5], "area": 388.0, "segmentation": {"size": [740, 1280], "counts": "k[_<5of001Noc30Q\\L3M1O10000000000YYOL]f07_YOL\\f0KeYOb0Xf0600001O5K006I6J4Lal20XSMN[YO7]f0b0I02HgYO@`f08;K3Maf`?"}, "iscrowd": 0, "category_name": "crab", "score": 0.6549137830734253}]}