{"images": [{"id": 0, "file_name": "images/2019-03-06_22-46-20to2019-03-06_22-46-32_1-0046_jpg.rf.eafa2bce44e9fb00b03716e5b7be941a.jpg", "width": 1280, "height": 740}], "annotations": [{"id": 0, "image_id": 0, "category_id": 85, "bbox": [2, 347, 64, 52], "area": 1842.0, "segmentation": {"size": [740, 1280], "counts": "Yi1U1me07J2O00000001O0O2O00001N101N10000O10000O100O1O100O1O010O1O1O001O1O1O010O100O010O010O10O0100O1O100O2N2N2N2N2L4M4LbPbk0"}, "iscrowd": 0, "category_name": "small_fish", "score": 0.9551132917404175}, {"id": 1, "image_id": 0, "category_id": 85, "bbox": [453, 562, 29.5, 22], "area": 359.0, "segmentation": {"size": [740, 1280], "counts": "jdX:4nf03K5M2O10001O000000O1000001O000010O01O0O2O001O001O001N2Oc\\oa0"}, "iscrowd": 0, "category_name": "small_fish", "score": 0.8788466453552246}, {"id": 2, "image_id": 0, "category_id": 85, "bbox": [727, 719, 52, 16.5], "area": 816.0, "segmentation": {"size": [740, 1280], "counts": "Ym[`07jf04M2O10001N100000000000000O100000000000000O1000000000000001O0000000000000000000O2O001O1O1O1O1O1O001O0O2O00001N1OblW;"}, "iscrowd": 0, "category_name": "small_fish", "score": 0.8659929037094116}, {"id": 3, "image_id": 0, "category_id": 85, "bbox": [704, 610, 37.5, 33], "area": 622.0, "segmentation": {"size": [740, 1280], "counts": "_in?9jf04M3M3M2N2N1O0000O1000000000000001O1O100O01O001O1N3L5L4LcWY<"}, "iscrowd": 0, "category_name": "small_fish", "score": 0.8628345131874084}]}