{"images": [{"id": 0, "file_name": "images/2019-03-06_22-03-36to2019-03-06_22-04-08_1-0092_jpg.rf.cdbc2f0fdc8ba0fe772d094b15f13ed3.jpg", "width": 1280, "height": 740}], "annotations": [{"id": 0, "image_id": 0, "category_id": 77, "bbox": [918, 502, 40, 45], "area": 445.0, "segmentation": {"size": [740, 1280], "counts": "ThRe02Pg09F4J6K5N1O010O01000O0100O100O1O1N2K6J6HoR[7"}, "iscrowd": 0, "category_name": "crab", "score": 0.8161656856536865}, {"id": 1, "image_id": 0, "category_id": 77, "bbox": [732, 550, 48, 37], "area": 1377.0, "segmentation": {"size": [740, 1280], "counts": "^ob`0290\\f04_YO2[f0d0H2O1O1O0O1O1O1O1O1N200000000000000O10000O010001O00000000001O1N3UOQZO=\\f0N101N1O1O2N1O3N3L2Me_Y;"}, "iscrowd": 0, "category_name": "crab", "score": 0.8245171904563904}, {"id": 2, "image_id": 0, "category_id": 77, "bbox": [559, 684, 62.5, 42.5], "area": 1666.0, "segmentation": {"size": [740, 1280], "counts": "aoh<5nf04L3N1M3N2N3M2O0N2K5O10001O1O1O001O1N2O001O010O1O100O3N00000000O100N2O1O1O1O001O3L4APZODSf07PZOHgf0O0000001O000OYO0g0:F2eYODke0<UZOFae0c0^ZO^O`e0d0_ZO^O^e0c0cZO]O]e0c0cZO]O^e0a0dZO]O^e0?f0M9Gd_f>"}, "iscrowd": 0, "category_name": "crab", "score": 0.8239688873291016}, {"id": 3, "image_id": 0, "category_id": 77, "bbox": [563, 474, 46.5, 34.5], "area": 450.0, "segmentation": {"size": [740, 1280], "counts": "bSm<62Nef0:0O7H4LUn7;[QH7N2N1O1001O1O1O1003NN2N1O1O001O0O2O0O2N1O1O4HYoR?"}, "iscrowd": 0, "category_name": "crab", "score": 0.7335480451583862}]}