{"images": [{"id": 0, "file_name": "images/2019-03-06_22-12-29to2019-03-06_22-12-37_1-0043_jpg.rf.b3dac81117797a0c14af99d4c8dec72d.jpg", "width": 1280, "height": 740}], "annotations": [{"id": 0, "image_id": 0, "category_id": 77, "bbox": [751, 570, 44, 38.5], "area": 980.0, "segmentation": {"size": [740, 1280], "counts": "]\\l`07if08L7H4M2N1O2O0O1O1O1O00001O0000O100O1O2N100O1O2N100O100O1O101N1O2O1N3M2F_YON]bV;"}, "iscrowd": 0, "category_name": "crab", "score": 0.8720885515213013}, {"id": 1, "image_id": 0, "category_id": 77, "bbox": [711, 570, 36, 39.5], "area": 1307.0, "segmentation": {"size": [740, 1280], "counts": "YWP`02bf05`YO4]f0<M3F:M2N1O2O000000O1O2O000O10O100000O100O1O01000O100O1N2O101O2N2N2N2O1N1JbYOE]f0:eYOE]f08<In]n;"}, "iscrowd": 0, "category_name": "crab", "score": 0.8316694498062134}, {"id": 2, "image_id": 0, "category_id": 77, "bbox": [908, 557, 68, 44], "area": 1458.0, "segmentation": {"size": [740, 1280], "counts": "Pmbd03mf09J1O2N1M3O12M3M1N2O1O00M5L3O2N101N3N1N2O1O0000000O10000000001O2N1O1O1O00000000O10000O2N100O100001O0001N2N3K4I6N\\mP7"}, "iscrowd": 0, "category_name": "crab", "score": 0.6172885894775391}]}