{"images": [{"id": 0, "file_name": "images/2019-02-21_06-52-16to2019-02-21_06-52-34_1-0050_jpg.rf.4cc106549b9650d3209604bdb1b17b1d.jpg", "width": 1280, "height": 740}], "annotations": [{"id": 0, "image_id": 0, "category_id": 86, "bbox": [575, 629, 58.5, 63], "area": 1530.0, "segmentation": {"size": [740, 1280], "counts": "eiS=2Pg06L1N200O0100OVOGiZO9Te0LiZO5We0OeZO2Ye01dZO0\\e01bZO0_e00_ZO1ae00]ZO1ce00[ZO1ee00ZZO0fe01WZO1je0d001O00001O0O100O1O1OO010O10000O1000010O00010O0O2O1N2N2YOSZO4Pf0JTZO1oe0Mf0Mdje>"}, "iscrowd": 0, "category_name": "starfish", "score": 0.8994884490966797}]}