{"images": [{"id": 0, "file_name": "images/2019-03-19_19-30-33to2019-03-19_19-30-45_1-0055_jpg.rf.a2988de66ecf883fd1725db3ed999321.jpg", "width": 1280, "height": 740}], "annotations": [{"id": 0, "image_id": 0, "category_id": 86, "bbox": [739, 564, 124, 163], "area": 11749.0, "segmentation": {"size": [740, 1280], "counts": "^Th`03Pg03M2O10O01N2N2M3N2N6J3N3]ZO[Oad0T1kZOSOSe0a1SN]NU^Og1ba0cNR]O^OQ1R2fa0lNX^OU1ea0nN[^OR1ba0PO^^OP1^a0TOc^Ol0Za0VOf^Oj0Za0WOe^Oi0Za0ZOc^Og0]a0ZOa^Og0_a0\\O]^Oe0ca0_OT^Of0la0\\OQ^Oe0Pb0]Ol]Od0Tb0^Oi]Oc0Xb0T2000000O10000000000O10]On]OTLRb0k3P^OTLPb0k3T^ORLla0m3V^ORLja0m3X^ORLha0o3h]ORL7OPb0[4m]OeKRb0g400N2N2000000001O2N1O1O2N1O00O1000O01O100O1O10000O1O10O10001O4L2\\Kc]OQ4:mKZb0d3\\]OcL<H[b0a3^]OaLUc0]3=^N[\\O\\Oic0=[\\OChc07\\\\OHgc03[\\OMhc0M\\\\O3ec0I]\\O7dc0E`\\O:ac0^Of\\Ob0Zc0\\Oi\\Oc0Xc0[Oj\\Od0Wc0VOn\\Oi0Vc0oNo\\OQ1cd0O001N10001O000O101O001O1O0010OO2N2I:Doga9"}, "iscrowd": 0, "category_name": "starfish", "score": 0.8826403617858887}, {"id": 1, "image_id": 0, "category_id": 78, "bbox": [0, 590, 100, 119], "area": 8455.0, "segmentation": {"size": [740, 1280], "counts": "Xh2h2Xd0:I3M2O00000001O000O10001O000000O2O00000000001O0000001O00001O000O100000001O00000000000000000O1000000000001O00O10000000000000001O00001N101O1N2M3I8H8WOh0N2O0O2N1O2M2M4L4L3N2O2M2O2M3L4M4L5K4L^Yfj0"}, "iscrowd": 0, "category_name": "fish", "score": 0.9506059885025024}]}