{"images": [{"id": 0, "file_name": "images/2019-03-06_22-01-00to2019-03-06_22-01-09_1-0024_jpg.rf.7cc099a0b9debc4918ea8d769439fc20.jpg", "width": 1280, "height": 740}], "annotations": [{"id": 0, "image_id": 0, "category_id": 77, "bbox": [887, 561, 57.5, 24.5], "area": 897.0, "segmentation": {"size": [740, 1280], "counts": "UWmc07mf00O2O0O100O2M2O100O1O100O010O10O11O0O1000001OO010000000000000O1000001O000O1000000O1000001N1O1O0I]YONdf018000000001O0UYONdf0:O00000003L\\ob7"}, "iscrowd": 0, "category_name": "crab", "score": 0.8715196847915649}, {"id": 1, "image_id": 0, "category_id": 77, "bbox": [1051, 681, 50.5, 55], "area": 1842.0, "segmentation": {"size": [740, 1280], "counts": "Pmhg01P10Qe02nZOOQe0:eZOG[e0:[ZOGI1ke0:YZO0ge01VZO1ie01TZO11@ee0h0\\ZODde09^ZOGde05]ZOLce04\\ZOLde05ZZOLee0j0N2O1O1O100O1O1O2O00000O11O8H3M1O0O10O1O1N2N2O1O10000O1001N1G[ZOSOfe0;bZOBOMbe09P1N3M20O01O_no3"}, "iscrowd": 0, "category_name": "crab", "score": 0.6983219385147095}, {"id": 2, "image_id": 0, "category_id": 77, "bbox": [840, 415, 45.5, 46.5], "area": 1424.0, "segmentation": {"size": [740, 1280], "counts": "ZUPc05mf06XYOH[f0g0I7J4K3N2N1O001O0000000O10O1010O000000000O100000000001N9H3M5K1OIXOSZOg0le0ZOUZO2L;ne0DVZOO0:le0F`ZO8Yf0KocP9"}, "iscrowd": 0, "category_name": "crab", "score": 0.8859758377075195}, {"id": 3, "image_id": 0, "category_id": 77, "bbox": [218, 669, 48, 41], "area": 1063.0, "segmentation": {"size": [740, 1280], "counts": "baR58hf06L3N3N1G9L5L3N2O000O2O000000O1000004L2M101O000O101O0O10001N1O5ChYOElYSg0"}, "iscrowd": 0, "category_name": "crab", "score": 0.821697473526001}]}