{"images": [{"id": 0, "file_name": "images/2019-02-20_19-40-26to2019-02-20_19-40-35_1-0020_jpg.rf.70de91551f16e08adf038284704f6dd3.jpg", "width": 1280, "height": 740}], "annotations": [{"id": 0, "image_id": 0, "category_id": 85, "bbox": [15, 122, 49.5, 30], "area": 705.0, "segmentation": {"size": [740, 1280], "counts": "]f;4nf05L3M101N1O100O100O00100O00100O010O010O010O10O10O010000O100O101O000O101O0O101N101N2O001N2O0OQ[_k0"}, "iscrowd": 0, "category_name": "small_fish", "score": 0.9256184101104736}]}