{"images": [{"id": 0, "file_name": "images/2019-03-06_22-03-36to2019-03-06_22-04-08_1-0437_jpg.rf.6c60c15c3e31f8b0c7ecd46d2730596d.jpg", "width": 1280, "height": 740}], "annotations": [{"id": 0, "image_id": 0, "category_id": 77, "bbox": [932, 522, 42.5, 45], "area": 1093.0, "segmentation": {"size": [740, 1280], "counts": "oVTe05lf09ROFeZO<Ze0D[ZON1>de0EXZO059ce0GWZO363de07_ZOEae0;bZOB^e0?cZO^O^e0c0a01OBbYO8\\f0HdYO:Yf0GgYO;Wf0?J2N000010O00001O000000001O0000O1001O005K2NkYOWOQf0h0lYO[OVf02ZZON\\Pn6"}, "iscrowd": 0, "category_name": "crab", "score": 0.8479306697845459}, {"id": 1, "image_id": 0, "category_id": 77, "bbox": [588, 661, 42.5, 42.5], "area": 1107.0, "segmentation": {"size": [740, 1280], "counts": "VQ[=;hf04DDiYO?Sf0DlYO=me0`0O1O1001O2N4VOmYO;Tf0CoYOOM4Uf0LoYONM5Tf0NnYO:Qf0HlYO;Qf0=O1O1O10O001O001O1N2O100O10O100O1O11O1000112DhYOBgVg>"}, "iscrowd": 0, "category_name": "crab", "score": 0.7873711585998535}]}