{"images": [{"id": 0, "file_name": "images/2019-02-26_00-44-33to2019-02-26_00-44-47_1-0062_jpg.rf.671aa416fdb9b7babfc9cfd6056d6f65.jpg", "width": 1280, "height": 740}], "annotations": [{"id": 0, "image_id": 0, "category_id": 84, "bbox": [260, 99, 80, 30], "area": 1143.0, "segmentation": {"size": [740, 1280], "counts": "VUn59if03N101O00000001O00001O0O2O000010O00000000001O0000001O00001O00001O00001O0000001O00001O001O001O001O001O001O001N01O100O011O0O2O001O001O0O10000O2O0O1O2N2MVmWe0"}, "iscrowd": 0, "category_name": "shrimp", "score": 0.91513991355896}, {"id": 1, "image_id": 0, "category_id": 86, "bbox": [495, 566, 34.5, 90.5], "area": 1809.0, "segmentation": {"size": [740, 1280], "counts": "cgW;>U1LPd0a0_[OF^d0a1L5L3M4M1N3N100O200O1000001O0100O1jNd[OB_d08l[OAXd0@_[O4d07ad0Ae[O>ae000O1O2N1O2M2N4Kkin`0"}, "iscrowd": 0, "category_name": "starfish", "score": 0.8985363245010376}, {"id": 2, "image_id": 0, "category_id": 86, "bbox": [336, 616, 65.5, 56], "area": 1579.0, "segmentation": {"size": [740, 1280], "counts": "k]c75df0<N13M4K3M\\YONZf0NhYO4df000000O001@KoYO5Pf0MlYO6Sf0LjYO5Vf0MhYO4Xf0MfYO4Zf0;O101gYOXOTf0m0N100O10O000]OPZO3Qf0MoYO3Rf0?100O0001O2O0O0010O002O1N2N010O01O01OO10O1O10O01O1O1O100O101N101N1N2M3M3N3Ljkic0"}, "iscrowd": 0, "category_name": "starfish", "score": 0.721604585647583}]}