{"images": [{"id": 0, "file_name": "images/2019-02-21_06-55-09to2019-02-21_06-55-16_1-0061_jpg.rf.7d189cd1e5f794d0375dace8ad33a208.jpg", "width": 1280, "height": 740}], "annotations": [{"id": 0, "image_id": 0, "category_id": 85, "bbox": [35, 488, 36, 19], "area": 384.0, "segmentation": {"size": [740, 1280], "counts": "R`j06mf02N2O0O2O000O100000000O100000O100000O100000O1000000O100O2N101M4LndZk0"}, "iscrowd": 0, "category_name": "small_fish", "score": 0.9086736440658569}, {"id": 1, "image_id": 0, "category_id": 85, "bbox": [7, 400, 58.5, 18], "area": 438.0, "segmentation": {"size": [740, 1280], "counts": "Pd71Qg06K101N2O0O10001O0O100000000001O00000000000000001N10000O1000000O101O000O10001O0O3LjPgk0"}, "iscrowd": 0, "category_name": "small_fish", "score": 0.8866415619850159}, {"id": 2, "image_id": 0, "category_id": 86, "bbox": [556, 633, 78.5, 93], "area": 2200.0, "segmentation": {"size": [740, 1280], "counts": "Ugi<1Rg01O1M0O4N2O1N3N2K5M3M3N2N2N2M3N2N_OWZOKee06^ZOI_e08cZOIYe08iZOHjd0c0Y[O]Odd0c0_[O\\O_d0d0c[O\\Ohc0FS\\On08[Occ0KR\\Oi0>[O`c0KQ\\Ok0`0YOPd0g0S\\OWOlc0j0U\\OUOjc0k0X\\OTOgc0m0Z\\OROdc0P1V14L4M3M3M4K6K6J2M2N2N2O100O1OTNi[Om0Wd0POn[On0Rd0oNT\\On0lc0oNY\\Oo0fc0oN_\\Oo0bc0oNa\\On0ld0]OVZOHne04g0Hmak>"}, "iscrowd": 0, "category_name": "starfish", "score": 0.8967673182487488}, {"id": 3, "image_id": 0, "category_id": 77, "bbox": [743, 653, 53.5, 41], "area": 1813.0, "segmentation": {"size": [740, 1280], "counts": "bkh`04of03N7H8C8M2N101O1O1N100O2M2O1101N2N1O01O000O10O01O1O1O1O1N2O10O100O1O101N101O0O2O010O001O1QOUZOc0le0\\OVZOb0je0]OXZOb0ie0]OXZOa0ie0_OXZO?je0_OXZO?Yf0Ilan:"}, "iscrowd": 0, "category_name": "crab", "score": 0.7790662050247192}, {"id": 4, "image_id": 0, "category_id": 85, "bbox": [7, 577, 37.5, 20.5], "area": 351.0, "segmentation": {"size": [740, 1280], "counts": "hg2:ff05L4N100O10O1N101O1O2N1000001O001O002N1O1O001O1O2MP_Wl0"}, "iscrowd": 0, "category_name": "small_fish", "score": 0.8220900297164917}]}