{"images": [{"id": 0, "file_name": "images/2019-02-22_22-19-45to2019-02-22_22-19-53_1-0004_jpg.rf.7d27c5d9ec953e121229d90a60806c12.jpg", "width": 1280, "height": 740}], "annotations": [{"id": 0, "image_id": 0, "category_id": 78, "bbox": [616, 188, 61.5, 133], "area": 6054.0, "segmentation": {"size": [740, 1280], "counts": "ilk=5nf04TYO6Wf0=O0O2n[OYOca0j0f]OQORO;Rc0l0g]OmNRO9Tc0o0h]OlNnN8Xc0n0h]OBXb0d0U]O]NGQ1Sc0h0m\\OGSc0;f\\OKYc0P20100001OO100O000O10Ej\\OhLVc0W3k\\OhLUc0Y3l\\OfLTc0Z3k\\OgLUc0Z3j\\OfLVc0Q3i\\OoL1OWc0Q3j\\OoLO0Wc0Q3k\\OlL11Sc0V3U]OiLib0Y3`02O001O3M2f\\O]Lob0c3Q]O^Lnb00l\\O_35aLob0On\\O_33aLVc0^38100O001O0O10000`\\O`L\\c0`3c\\ObL\\c0^3d\\ObL\\c0^3d\\ObL\\c0^3d\\ObL]c0c2d\\OPN0]O\\c0b2f\\OPNO]O[c0a2j\\OPN]c0m1g\\OPNZc0n1j\\OPNXc0Gc\\O;FM;FLNa04QRg="}, "iscrowd": 0, "category_name": "fish", "score": 0.6624714136123657}, {"id": 1, "image_id": 0, "category_id": 86, "bbox": [553, 689, 101.5, 49.5], "area": 3463.0, "segmentation": {"size": [740, 1280], "counts": "TRa<2Qg02N2O0O1O1N2O1O2N1O1O1O1_OGVZO:je0JPZO8Pf0>000000001O001O1N2O1O1O1O0000O2O0O100O1O1O1O1O2O0O010O100O10000O100000000O10000O2O0N2O1N20000O01000000010O0001N2O1O1O1O2N101N1O0O10O10000001O1O001O1O001O001O00O1000000001O001N10001O1O1N4M4C`YOMRUm="}, "iscrowd": 0, "category_name": "starfish", "score": 0.8789675235748291}, {"id": 2, "image_id": 0, "category_id": 86, "bbox": [1068, 293, 69.5, 44], "area": 1712.0, "segmentation": {"size": [740, 1280], "counts": "kabh04lf0=E9G6L1N2N10000O10001O00001O00001O000000001O00000000O100000000001OO101N101N1O1O101N1O1O1O2L4_OfYO2_f0K`0LRZV3"}, "iscrowd": 0, "category_name": "starfish", "score": 0.8325927257537842}, {"id": 3, "image_id": 0, "category_id": 77, "bbox": [715, 447, 48, 26], "area": 591.0, "segmentation": {"size": [740, 1280], "counts": "YhX`05of01O1O0001O2M11N7I5K3N1O1O01N1O100O1000000000000000001O00001O0000010O001O1O2N1N101O1N3Nj]d;"}, "iscrowd": 0, "category_name": "crab", "score": 0.7932424545288086}]}