{"images": [{"id": 0, "file_name": "images/2019-03-06_22-16-56to2019-03-06_22-17-10_1-0047_jpg.rf.13fc5b282eba0cfaba66df2b465f375d.jpg", "width": 1280, "height": 740}], "annotations": [{"id": 0, "image_id": 0, "category_id": 85, "bbox": [0, 482, 41, 212], "area": 3974.0, "segmentation": {"size": [740, 1280], "counts": "V?l4Xb0009l]OoJca0n5[O8H2N10O101N1O2O1N1O2N3N1N3M4K;fJi_OS3^`0aLZAl1db0ZO6K3L4K7HnaYl0"}, "iscrowd": 0, "category_name": "small_fish", "score": 0.909067690372467}, {"id": 1, "image_id": 0, "category_id": 77, "bbox": [870, 611, 44, 55], "area": 2023.0, "segmentation": {"size": [740, 1280], "counts": "_cdc04jf09XYONle0GXZOn0ee0UOWZOm0ie07O0O1O1010000010O0001N2N2N3M2N2O0O101O0O0100O100O100N3N1O1000001O000M4N2N3EVZOUOne0?c0JkcX8"}, "iscrowd": 0, "category_name": "crab", "score": 0.7084330320358276}, {"id": 2, "image_id": 0, "category_id": 77, "bbox": [767, 676, 77.5, 55], "area": 1282.0, "segmentation": {"size": [740, 1280], "counts": "h_aa06hf060F\\YO4lf0O0O00000O2O0OXY43bfK9J7H4J5N2N101O0jZOPOXd0Q1f[OQOYd0P1f[OPOZd0R1d[OnN]d0R1c[OmN^d0S1a[OlNad0S1i0O010O010O0010O0100O1O1O001N10^ZOSOnd0k0S[OUOmd0k0S[OUOmd0j0h0O000O2O1O1N2O7HQZOF[e04fZOL[e02cmP:"}, "iscrowd": 0, "category_name": "crab", "score": 0.7599024772644043}, {"id": 3, "image_id": 0, "category_id": 77, "bbox": [641, 551, 45.5, 34.5], "area": 794.0, "segmentation": {"size": [740, 1280], "counts": "gjd>3Pg09G3M2O1N1O2N1O1O1000000O2O00000000000000000O10O1000001N3N5K100O2O1O1N1O3L5KPo[="}, "iscrowd": 0, "category_name": "crab", "score": 0.8645151257514954}]}