{"images": [{"id": 0, "file_name": "images/2019-02-22_22-31-28to2019-02-22_22-31-38_1-0073_jpg.rf.de8af43d34937ecdf92d2a8f1ceb206b.jpg", "width": 1280, "height": 740}], "annotations": [{"id": 0, "image_id": 0, "category_id": 86, "bbox": [552, 702, 86.5, 37], "area": 2599.0, "segmentation": {"size": [740, 1280], "counts": "`Wc<2Qg0100SO5aZOK^e0:]ZOGbe0<\\ZOEce0<[ZOEee0b0TZO^Ole0c0SZO]Ole0d0TZO\\Ome0d0RZO\\One0e0PZO\\OPf0l01O001O001O010O1O1O1O1O1O010O00000O0101O0O1O100O100O100O10000O1000000O100000000O100000000O100O1N2O1000O10001O010O001O1O1O1O1O1O001N1N2N3K5L5M3M2N4K[d[>"}, "iscrowd": 0, "category_name": "starfish", "score": 0.7878023982048035}, {"id": 1, "image_id": 0, "category_id": 77, "bbox": [624, 406, 72, 50.5], "area": 1905.0, "segmentation": {"size": [740, 1280], "counts": "b`U>:ef0?C6K4M2N2O1N101O000000000000O100N2O1O1O1O100O1O1O100O100O1O10000O1000000O100O1000000O10001O000O100000000000001O001O1N3N1O2N1N3N1N5KoQW="}, "iscrowd": 0, "category_name": "crab", "score": 0.9021887183189392}, {"id": 2, "image_id": 0, "category_id": 77, "bbox": [820, 501, 61.5, 45], "area": 2169.0, "segmentation": {"size": [740, 1280], "counts": "m`bb05nf03NOFOcYO0]f02aYOMaf0;O3N3M4L2kYOWOke0T1M1O1N2O2N10O0N3K4O2N1000000001N2O1O1N100001O00000001O0O100000000001O000O2O0O1O2N1000001O0O10000NPZOROne0l0TZOUOke0k0UZOVOme0f0TZOYOSf0?bnl8"}, "iscrowd": 0, "category_name": "crab", "score": 0.7906790971755981}, {"id": 3, "image_id": 0, "category_id": 77, "bbox": [846, 581, 44, 39.5], "area": 1138.0, "segmentation": {"size": [740, 1280], "counts": "]YXc05_f02iYO0Uf03iYOMWf0a0O0O100O1OEkYOIUf07lYOHTf07mYOIRf09lYOHSf0:kYOGUf0c00101O111N000O000000O100000mYOTOne0R1O0000000000O1K5O2N1N3N3K8EoRg8"}, "iscrowd": 0, "category_name": "crab", "score": 0.7918481826782227}]}