{"images": [{"id": 0, "file_name": "images/2019-03-19_11-42-13to2019-03-19_11-42-21_1-0102_jpg.rf.66fd9237914fae4dd7cbd3221645a600.jpg", "width": 1280, "height": 740}], "annotations": [{"id": 0, "image_id": 0, "category_id": 77, "bbox": [888, 569, 65.5, 44], "area": 1265.0, "segmentation": {"size": [740, 1280], "counts": "biXd04of011OIN]YO0cf0181O010O3OOM3N2M3M4M>B7I3NOO2O1O1O01000O010000O1O1O1O1O1N2FTZOYOoe0e0900O1000000O10000O100O2N1M5AYj`7"}, "iscrowd": 0, "category_name": "crab", "score": 0.881950855255127}]}