{"images": [{"id": 0, "file_name": "images/2019-02-21_06-36-31to2019-02-21_06-36-39_1-0020_jpg.rf.2f1f236c7a7481ac651f9ef42245beca.jpg", "width": 1280, "height": 740}], "annotations": [{"id": 0, "image_id": 0, "category_id": 86, "bbox": [532, 596, 88, 107], "area": 2983.0, "segmentation": {"size": [740, 1280], "counts": "[WS<5nf02O1O00001O000O2O001O0O20O01O010O010O010O1O010O001eZOFjc0:Q\\O3hc0LV\\O7ic0JT\\O9lc0FS\\O:nc0Go[O;Qd0En[O;Td0Ei[O;Yd0Fe[O7`d0I][O7ed0IZ[O5id0LU[O3nd0MP[O2Re0OkZO2We0MfZO5[e0MaZO4ae0f0100O2O1N1O1OO2M2O1O002N2N3N3M3M5Jj0WO2N1N3N1N2O1OjMU\\OV1ic0eN^\\OZ1ac0eNb\\OZ1]c0dNg\\OKBj0fc0[Ok\\OFHi0]c0@j]O:Wb0En]O3Vb0Lo]OLVb01n]OKUb02P^OISb03b2LmTR?"}, "iscrowd": 0, "category_name": "starfish", "score": 0.927940845489502}, {"id": 1, "image_id": 0, "category_id": 77, "bbox": [755, 569, 37.5, 38.5], "area": 958.0, "segmentation": {"size": [740, 1280], "counts": "ZPPa03of04L4M2N3M5L2M1O2M2O1N2M3N2O1000000O101O00O2O0O2N1O2O0O2N1O2N101N1F<D^YO0[]T;"}, "iscrowd": 0, "category_name": "crab", "score": 0.8840789794921875}, {"id": 2, "image_id": 0, "category_id": 77, "bbox": [857, 618, 62.5, 59], "area": 2209.0, "segmentation": {"size": [740, 1280], "counts": "`a_c02<2Tf0h0G2N2N3M2O0N3M2O2N1O10001O001O0010O001OO100O01001N2O4L1O00000001O000000000O10000O2@eZOmNde0P1;L4L3M3K4N4M2N2N2O2N0O2O]oT8"}, "iscrowd": 0, "category_name": "crab", "score": 0.7823576927185059}]}