{"images": [{"id": 0, "file_name": "images/2019-03-19_15-42-11to2019-03-19_15-42-25_1-0078_jpg.rf.a950aaf82e4aac4010e26a2ef37e8a18.jpg", "width": 1280, "height": 740}], "annotations": [{"id": 0, "image_id": 0, "category_id": 85, "bbox": [991, 178, 78.5, 39.5], "area": 1157.0, "segmentation": {"size": [740, 1280], "counts": "oh]f07kf03N2O1N2O00001O000010O01O01O01O001O00001O000000001O000000001O0001O0001O0000001O00001O000001O00010O001N2O001O001O1O1O1N2O1N1O1O2NcWP5"}, "iscrowd": 0, "category_name": "small_fish", "score": 0.896628737449646}, {"id": 1, "image_id": 0, "category_id": 85, "bbox": [23, 715, 21.5, 23.5], "area": 338.0, "segmentation": {"size": [740, 1280], "counts": "ihb0<df04N2O2O000O10000000000000O101O0O3CbYONdmmk0"}, "iscrowd": 0, "category_name": "small_fish", "score": 0.8602468967437744}, {"id": 2, "image_id": 0, "category_id": 86, "bbox": [728, 667, 89.5, 71.5], "area": 4745.0, "segmentation": {"size": [740, 1280], "counts": "TYX`02?3me01nYO3je0HPZO922ke0IQZO711ne0HQZOg0oe0WOUZOg0le0XOUZOg0Uf0OFYOWZOg0he0[OVZOf0ie0;N3N1O1O1O1O1O1O10000000000O10000O100O1O1O1O10000000000000000000000O100N2M3O1O01001O000000O101O01N100O1O100001O1O001O00001O001O001O0O101O001N10I_NlZO`1Se0bNlZO]1Te0dNlZO\\1Ue0cNkZO\\1Ve0dNjZOV1\\e0iNeZOV1]e0iNcZOW1]e0iNcZOV1^e0jNbZOU1`e0jN_ZOV1be0jN^ZOU1ie0L5L3K7L5L3L4KR_\\:"}, "iscrowd": 0, "category_name": "starfish", "score": 0.8147026300430298}]}