{"images": [{"id": 0, "file_name": "images/2019-03-25_23-17-56to2019-03-25_23-18-04_1-0095_jpg.rf.6ab95d9476c26bcf4069eeea6c9f5f80.jpg", "width": 1280, "height": 740}], "annotations": [{"id": 0, "image_id": 0, "category_id": 86, "bbox": [789, 523, 61.5, 49.5], "area": 2079.0, "segmentation": {"size": [740, 1280], "counts": "g_Pb01Sg00en72cPH1UZO3ge00WZO2ee02SZO6M@ie0[1E9M1O2O001O0O101O00O01000O100O1O10001N2O001O00000001O0010O1O101N00001N1ZOdZOC^e06kZO^Oae05gRd9"}, "iscrowd": 0, "category_name": "starfish", "score": 0.7834962010383606}, {"id": 1, "image_id": 0, "category_id": 77, "bbox": [719, 362, 45.5, 41], "area": 1266.0, "segmentation": {"size": [740, 1280], "counts": "[]Y`06mf03F8L5M2O2N1O2N1O1O1O10O001O0100O10O10O10000001O000O10010O001O1O0O2O1O1N01M2M4N11O2N:F3KeRc;"}, "iscrowd": 0, "category_name": "crab", "score": 0.8344288468360901}, {"id": 2, "image_id": 0, "category_id": 77, "bbox": [505, 421, 46.5, 41], "area": 1256.0, "segmentation": {"size": [740, 1280], "counts": "dj^;8jf04A=O2M2O100O10O0001O00100O1O001N1010O010O100O1O1O100O10001O0O11O000001N101N3M4M4K4L3M4LTe]`0"}, "iscrowd": 0, "category_name": "crab", "score": 0.8098806142807007}, {"id": 3, "image_id": 0, "category_id": 77, "bbox": [639, 397, 37.5, 27.5], "area": 614.0, "segmentation": {"size": [740, 1280], "counts": "ol^>3nf04N2M3N2N1N3N1O10000O10000O1000O10001O1O001O001O0O1000000O100O101N101O1N2N3L[ma="}, "iscrowd": 0, "category_name": "crab", "score": 0.7593221664428711}, {"id": 4, "image_id": 0, "category_id": 77, "bbox": [846, 544, 28, 31.5], "area": 665.0, "segmentation": {"size": [740, 1280], "counts": "[iVc033b0Sf0:N1O2N1000000O1000000000001O0010N9G<BkgW9"}, "iscrowd": 0, "category_name": "crab", "score": 0.8257846236228943}]}