{"images": [{"id": 0, "file_name": "images/2019-03-20_11-52-23to2019-03-20_11-52-31_1-0001_jpg.rf.48b2a4b164200b3aafe59a28dbdc4d09.jpg", "width": 1280, "height": 740}], "annotations": [{"id": 0, "image_id": 0, "category_id": 86, "bbox": [601, 204, 90.5, 94.5], "area": 4323.0, "segmentation": {"size": [740, 1280], "counts": "l`b=9jf05K5K4L6K3L4M2N1O00001O0O0cZOnNjd0R1Q[OXOjd0h0T[OLZd04d[O0Yd01f[O1Yd00f[OO[d01c[O1]d0Y12O11N5L2N2N1O1O1N101O1O000O2O00\\OR\\ORNnc0b21N2O2M4M3QOl[OgNWd0V1k[OhNYd0U1h[OiN]d0S1c[OkNbd0R1_[OlNdd0S1^[OiNfd0W1d0O1O1O1N10001N10O01O1ZOZZOLfe03]ZOLbe04`ZOJae04bZOJ^e07aZOI_e07bZOI]e07dZOH]e07cZOI]e07cZOI]e07cZOJ\\e06dZOJ\\e07cZOI]e07cZOI]e07cZOI^e06bZOJ^e05cZOK^e04cZOL]e03dZOL]e03dZOK^e04j0O2N2N1N\\^^="}, "iscrowd": 0, "category_name": "starfish", "score": 0.8712108135223389}]}