{"images": [{"id": 0, "file_name": "images/2019-02-26_00-44-33to2019-02-26_00-44-47_1-0147_jpg.rf.f175cb01fe0d1c08b14978eb48a6b6ed.jpg", "width": 1280, "height": 740}], "annotations": [{"id": 0, "image_id": 0, "category_id": 84, "bbox": [639, 168, 64, 60.5], "area": 968.0, "segmentation": {"size": [740, 1280], "counts": "Pne>3of03N1O1O1O1O001O1O001O001O0O2O001O001O1O1O10O01O1O00001O001O1O001O00001O000O1000O2N1O2N1O101N1N3N2N2O1O1N3KiRP="}, "iscrowd": 0, "category_name": "shrimp", "score": 0.9086414575576782}, {"id": 1, "image_id": 0, "category_id": 86, "bbox": [495, 566, 34.5, 90.5], "area": 1667.0, "segmentation": {"size": [740, 1280], "counts": "WiW;:cf08fN0W[O9ed0MQ[O:md0P1N2N2M2M3N2N2N2N1O2N101O11O1O1O4`Nj[OJ]d0EQ\\O7`e0N1O2N1O1O2M2N2N3Mlin`0"}, "iscrowd": 0, "category_name": "starfish", "score": 0.9128628969192505}, {"id": 2, "image_id": 0, "category_id": 86, "bbox": [336, 616, 65.5, 56], "area": 2791.0, "segmentation": {"size": [740, 1280], "counts": "lna72Qg0U1SYOoN_e0\\1N2O1O01O01O0000000O101O000000000000001O000001O0O2O1O1dN`ZOR1ae080001O010ObNcZOU1]e0iNfZO2Jn0Qf0O1O00O010O0010001N2O6J00M3M3O1L4N201O000XOkYOa0\\f000O100O1O1N2N200O3M6IaTic0"}, "iscrowd": 0, "category_name": "starfish", "score": 0.786567211151123}]}