{"images": [{"id": 0, "file_name": "images/2019-03-06_22-11-06to2019-03-06_22-11-17_1-0155_jpg.rf.d284830aaaa46e70a2810340ef769442.jpg", "width": 1280, "height": 740}], "annotations": [{"id": 0, "image_id": 0, "category_id": 77, "bbox": [853, 500, 53.5, 29], "area": 777.0, "segmentation": {"size": [740, 1280], "counts": "j[Zc09jf06K3L2O1N2O2N0001N1K6N1O10000O1000000000O10000000001O00000000000000000000000N11N101N2O1O1O1O2O0O2O1Nmh]8"}, "iscrowd": 0, "category_name": "crab", "score": 0.7359215021133423}, {"id": 1, "image_id": 0, "category_id": 77, "bbox": [980, 447, 30.5, 34.5], "area": 898.0, "segmentation": {"size": [740, 1280], "counts": "ReTf08kf05CGeYO<Yf08000001O0O100N2M4L3O10000O11O001N2O001O0O101O0O101M3K5M4M6JR`P6"}, "iscrowd": 0, "category_name": "crab", "score": 0.8048266768455505}, {"id": 2, "image_id": 0, "category_id": 77, "bbox": [977, 667, 38.5, 39.5], "area": 790.0, "segmentation": {"size": [740, 1280], "counts": "UoQf08jf04M3N2N1O1O2N3M1O2M2O3M2OO00000000000O1M3N2O100O1O100O2N1O1O3LmlS6"}, "iscrowd": 0, "category_name": "crab", "score": 0.8999979496002197}, {"id": 3, "image_id": 0, "category_id": 77, "bbox": [1064, 688, 42.5, 42.5], "area": 1526.0, "segmentation": {"size": [740, 1280], "counts": "cUPh03Qg01N100O1_O3kYOMRf0e0K4N2K5O1O100O100000001O00000000O10O10000O10001O0000O10000000O10O01001C]ZOVOge00]ZO14Me^n3"}, "iscrowd": 0, "category_name": "crab", "score": 0.7794103622436523}, {"id": 4, "image_id": 0, "category_id": 77, "bbox": [555, 436, 38.5, 34.5], "area": 872.0, "segmentation": {"size": [740, 1280], "counts": "nZ_<8if05M3M4M2M1000N2O001O100O100000000001aYOBVf0>hYOEWf0;iYOFVf09kYOGUf09lYOFSf0;mYOESf0;mYOESf0;mYOESf0;mYOESf0;lYOFTf0e000010O0O101N1L4M4K6I^_a?"}, "iscrowd": 0, "category_name": "crab", "score": 0.8331992030143738}, {"id": 5, "image_id": 0, "category_id": 77, "bbox": [492, 692, 42.5, 38.5], "area": 1306.0, "segmentation": {"size": [740, 1280], "counts": "XfU;6kf05J6M4M1000O01O0O1N2O1000000N2FUOWZOo0ge08O1O1000000000000O101O0000000001O1O1O0@XZODie0FWZO>4Ime04VZOJke04VZOLme0NWZOOj[j`0"}, "iscrowd": 0, "category_name": "crab", "score": 0.799028754234314}]}