{"images": [{"id": 0, "file_name": "images/2019-02-21_06-52-52to2019-02-21_06-53-01_1-0076_jpg.rf.144b49c17c8c1006f58dc9e7c4d46e17.jpg", "width": 1280, "height": 740}], "annotations": [{"id": 0, "image_id": 0, "category_id": 86, "bbox": [580, 628, 54.5, 61.5], "area": 1468.0, "segmentation": {"size": [740, 1280], "counts": "XeV=4of03kYOMTe06iZOMUe04iZONVe03iZONVe04hZOLYe04eZOM[e04dZOM[e04bZON^e05]ZOMde0i0001O001O0010O0000O0100N1M3N2O1O01001O01O01O0010O1O001nNaZO>`e0_OdZO?^e0]OfZO<iSj>"}, "iscrowd": 0, "category_name": "starfish", "score": 0.8935233354568481}, {"id": 1, "image_id": 0, "category_id": 77, "bbox": [645, 613, 57.5, 63], "area": 1263.0, "segmentation": {"size": [740, 1280], "counts": "fni>e0Sf0=N1101N1O10O2N2N1N2O001O000O100000O1O1O1O1O1N2O1O1O100O1O1O1O1N2O1N3N1O2N2LnQ5E`nJ1O0^do<"}, "iscrowd": 0, "category_name": "crab", "score": 0.8633818030357361}, {"id": 2, "image_id": 0, "category_id": 85, "bbox": [711, 706, 60, 20.5], "area": 1016.0, "segmentation": {"size": [740, 1280], "counts": "n^Z`08jf03N1O1N2O1O2N1O1O101N10O100GcYOK]f05cYOJ^f0?O001O00000000000000000000000000000000O10O2N1O1000O1GhYOEZf09:N3N2N1013L2N00N4L_W\\;"}, "iscrowd": 0, "category_name": "small_fish", "score": 0.7713291645050049}]}