{"images": [{"id": 0, "file_name": "images/2019-03-06_22-12-29to2019-03-06_22-12-37_1-0109_jpg.rf.a3c0326cf949958c4dd042f00103cf21.jpg", "width": 1280, "height": 740}], "annotations": [{"id": 0, "image_id": 0, "category_id": 77, "bbox": [752, 576, 40, 35.5], "area": 862.0, "segmentation": {"size": [740, 1280], "counts": "kjm`0;df07N4L3M100O101N1O010O010O01O0000O01O1O1O1O1O1O1O2N1O100O10O1N3M2O10GfYOG\\f08dYOG_f05m]T;"}, "iscrowd": 0, "category_name": "crab", "score": 0.7374238967895508}, {"id": 1, "image_id": 0, "category_id": 77, "bbox": [652, 560, 37.5, 38.5], "area": 1001.0, "segmentation": {"size": [740, 1280], "counts": "h^h>4nf07J4J8H4N2N1O2N100O1O1O0O2O1O010000O100O101N1N2M3N1O110O1O1O2N1M4M4L7JUaZ="}, "iscrowd": 0, "category_name": "crab", "score": 0.8347662687301636}, {"id": 2, "image_id": 0, "category_id": 77, "bbox": [912, 557, 65.5, 45], "area": 1356.0, "segmentation": {"size": [740, 1280], "counts": "]Red02Pg04F9N1011A`YO5if0N2N2N11N1N3M2L4O2O001O1M2K6M2O1O2N1PZOTOhe0l0XZOTOhe0m07001O001O000O1001O01O1O1O0000O2O0N201O001O001O000O10001O1N9I6I2NYYOJaf04aYOJbf02Wbl6"}, "iscrowd": 0, "category_name": "crab", "score": 0.7689590454101562}]}