{"images": [{"id": 0, "file_name": "images/2019-02-21_06-52-52to2019-02-21_06-53-01_1-0070_jpg.rf.a23145c30f6356e28238bbc6029b56ce.jpg", "width": 1280, "height": 740}], "annotations": [{"id": 0, "image_id": 0, "category_id": 86, "bbox": [580, 628, 54.5, 61.5], "area": 1750.0, "segmentation": {"size": [740, 1280], "counts": "UeV=8k0KRe08jZOMSe04jZOOUe03^ZO8be0f0O001O01O0000001O10O000000000O0O2O1O000O1O100001O000010O0001O001O100N3M3lN\\ZO`0Zf0H7J^Xg>"}, "iscrowd": 0, "category_name": "starfish", "score": 0.8965221047401428}, {"id": 1, "image_id": 0, "category_id": 77, "bbox": [644, 611, 57.5, 63], "area": 1198.0, "segmentation": {"size": [740, 1280], "counts": "gWi>57MZf0c0K4N1O2O0O2O006J1O0O101O000O1000000000O1M3O010O1N2O1O1O1N200O002M2N2N3N1O2N8FakV="}, "iscrowd": 0, "category_name": "crab", "score": 0.8747087121009827}, {"id": 2, "image_id": 0, "category_id": 85, "bbox": [740, 698, 57.5, 20.5], "area": 892.0, "segmentation": {"size": [740, 1280], "counts": "[Ye`02Qg01L4M3O1O100001O00000001N10001N100O101N100001O0001O000010O0001O010O001O000O2O00000000000001N2O001O001O0O2N2L4JnWo:"}, "iscrowd": 0, "category_name": "small_fish", "score": 0.7890012264251709}]}