{"images": [{"id": 0, "file_name": "images/2019-03-06_22-11-06to2019-03-06_22-11-17_1-0041_jpg.rf.1d1213b2ac3ea06894144019fb05fed9.jpg", "width": 1280, "height": 740}], "annotations": [{"id": 0, "image_id": 0, "category_id": 77, "bbox": [925, 514, 65.5, 29], "area": 971.0, "segmentation": {"size": [740, 1280], "counts": "[_Se03mf06L3N101O0O2O0O10010O0000000000000O101O00000000000000001O00000000000O101O000000000000000001O0O2O0N3N2M2N3O1N3MhQa6"}, "iscrowd": 0, "category_name": "crab", "score": 0.8782845735549927}, {"id": 1, "image_id": 0, "category_id": 77, "bbox": [992, 540, 50.5, 39.5], "area": 1883.0, "segmentation": {"size": [740, 1280], "counts": "RaZf09[f0JoYO=le0EnYOb0ne0=M2O2OO01O10O000O2O0O100000000000O100O1N1010O100O2N1000O10001O01O2M2O1O0000001O00000O101M2M4L3L41O000000O1G4J:4NNRTW5"}, "iscrowd": 0, "category_name": "crab", "score": 0.7991839051246643}, {"id": 2, "image_id": 0, "category_id": 77, "bbox": [984, 676, 52, 46.5], "area": 1049.0, "segmentation": {"size": [740, 1280], "counts": "PnYf0<gf05K3M2N2N1O1O0001O0010O2O00000O2O001O001O01000O1O10O001O010O1O1O1O102M3L2N3M8GdTf5"}, "iscrowd": 0, "category_name": "crab", "score": 0.88829505443573}, {"id": 3, "image_id": 0, "category_id": 77, "bbox": [1064, 685, 48, 42.5], "area": 1767.0, "segmentation": {"size": [740, 1280], "counts": "hhSh0<ef08I3K5L4G8O1N2N2N200001O1O2N000000O100O100N2N2N2O1001O001O0000O1O1O100003L3N2SOjZOGYe00R[OKkXl3"}, "iscrowd": 0, "category_name": "crab", "score": 0.8137531876564026}, {"id": 4, "image_id": 0, "category_id": 77, "bbox": [516, 463, 38.5, 34.5], "area": 826.0, "segmentation": {"size": [740, 1280], "counts": "oRf;7lf01U^1JQbN0O1G0\\YO3bf09N2N2N2O1N1N2N3N10000000001N100O1000001N10000000N2O2N6J`0AcU\\`0"}, "iscrowd": 0, "category_name": "crab", "score": 0.8363924026489258}]}