{"images": [{"id": 0, "file_name": "images/2019-03-21_03-27-02to2019-03-21_03-27-17_1-0185_jpg.rf.9fd700123b6587d5bb0cdaae6d551786.jpg", "width": 1280, "height": 740}], "annotations": [{"id": 0, "image_id": 0, "category_id": 77, "bbox": [598, 621, 104, 86.5], "area": 6877.0, "segmentation": {"size": [740, 1280], "counts": "\\Wb=1Qg05L4L3N2N2N1N4M2N2M4M4L7H3N0O2N2N3Mc0]O3M2N1O2M2N3N1O3M2N100O2N3N1N2O0000001N101T\\OmLec0S3Z\\OnLfc0R3Z\\OoLec0Q3[\\OoLec0Q3[\\OoLec0o2_\\OnLbc0Q39K5O12M6K001V\\OlLbc0T3^\\OlLbc0T38O01OFR\\O^Mnc0b2R\\O^Moc0k22N2N4Lm[OVMQd0e2o[O[MRd0d2n[O[MSd0d28M2J501OO2O2N100O010000000001O001mM^[Ob1cd0[N`[Od1bd0YN_[Og1cd0UN`[Oj1nd0O010N2O1M3N2_OgZOSO]e0i0a0_Oa0M3M6KodT="}, "iscrowd": 0, "category_name": "crab", "score": 0.7933003902435303}, {"id": 1, "image_id": 0, "category_id": 78, "bbox": [504, 592, 62.5, 63], "area": 4126.0, "segmentation": {"size": [740, 1280], "counts": "_iW;2Pg03ZNNmZO:e0J\\d00kZO94B98fd0OkZO93D68ld0`101O00001O001O0000001O0000010O00001O00000010O0010O010O1O001O10O00001O1O0O1O1O101O00000O2L3N2O2O000O2O0O1O2M3N1O2O100O100O001O00001N2O2oNSZOf0Zf0ISho?"}, "iscrowd": 0, "category_name": "fish", "score": 0.8210783004760742}]}