{"images": [{"id": 0, "file_name": "images/2019-03-19_11-42-56to2019-03-19_11-43-14_1-0052_jpg.rf.f480dbc375d6e9e415d1699718f1ee34.jpg", "width": 1280, "height": 740}], "annotations": [{"id": 0, "image_id": 0, "category_id": 77, "bbox": [887, 555, 70.5, 52], "area": 2197.0, "segmentation": {"size": [740, 1280], "counts": "[PSd01Qg04M2O1N2O1N2YOGaZO:\\e0IcZO;Ye0GeZO<Xe0EgZO<Ye0DgZO;Ze0FdZO:]e0EcZO;^e0E^ZO>de0`01O1mNSZOl0Qf02O101N2O1O1O1O000O1010O000000000000000O1000O100O1000O100O1O1O1000O010O0KjN_ZOU1oe0I2N001O00^OWOiZOh0Xe0ZOfZOe0Ze0^OdZOa0^e0\\OeZOb0Qf0L7F9I]bY7"}, "iscrowd": 0, "category_name": "crab", "score": 0.8113400936126709}]}