{"images": [{"id": 0, "file_name": "images/2019-03-19_11-42-56to2019-03-19_11-43-14_1-0055_jpg.rf.231557875122e14b400f55e55dcec841.jpg", "width": 1280, "height": 740}], "annotations": [{"id": 0, "image_id": 0, "category_id": 77, "bbox": [887, 555, 70.5, 52], "area": 2078.0, "segmentation": {"size": [740, 1280], "counts": "UYRd07lf02O1N2N2O1N6K3L2[OZOjZOf0Ue0\\OjZOc0Xe0[OiZOe0ae0YOXZOf0ge0\\OXZOd0ge0]OYZOc0fe0_OWZOb0je0<00O01001O1O100O2N1O0000O1001O00000000O10000000000O010000000O2N1O2N100000001O2N2N2M9H1O1N3M7FkU]7"}, "iscrowd": 0, "category_name": "crab", "score": 0.8039065003395081}]}