{"images": [{"id": 0, "file_name": "images/2019-03-25_23-17-56to2019-03-25_23-18-04_1-0092_jpg.rf.813ef425692263f715d31291f10f6418.jpg", "width": 1280, "height": 740}], "annotations": [{"id": 0, "image_id": 0, "category_id": 86, "bbox": [789, 523, 61.5, 49.5], "area": 2119.0, "segmentation": {"size": [740, 1280], "counts": "mbma06mf02O4J4L32A`YO4jf0M3L^Q52nWJNVf02iYO1Sf03jYO0H1Qf04TZO6ie0LUZO:ee0d0K5N2N10001O000O101O00O100000001O001N101O001O00000O2O00000O2O01O0001O001N1N4BWZO[Ome09_ZOD\\gd9"}, "iscrowd": 0, "category_name": "starfish", "score": 0.7536835670471191}, {"id": 1, "image_id": 0, "category_id": 77, "bbox": [719, 362, 45.5, 41], "area": 1259.0, "segmentation": {"size": [740, 1280], "counts": "]]Y`01Pg06EM]YO6^f0:N3N1O1O2N1O1O100O100O010O100O100000O10000000000000001O1O1O001O0O2OO1M2L50O101N6I7GgRc;"}, "iscrowd": 0, "category_name": "crab", "score": 0.8467287421226501}, {"id": 2, "image_id": 0, "category_id": 77, "bbox": [505, 421, 46.5, 41], "area": 1312.0, "segmentation": {"size": [740, 1280], "counts": "[a_;1=6Pf02hYO1Vf02fYO1Wf0`0N1O10O0001O010O1O001O1O001O00010000O1O100O10000O1000000000001O0O2O1O1N2O2N3L2O1N2O2M6Ii_[`0"}, "iscrowd": 0, "category_name": "crab", "score": 0.848982572555542}, {"id": 3, "image_id": 0, "category_id": 77, "bbox": [643, 396, 37.5, 27.5], "area": 613.0, "segmentation": {"size": [740, 1280], "counts": "S[`>7lf02M3N1O2M2O10000O100000000000000000O10001O00001O000000001O0000001O000O2O1M3N4Jog_="}, "iscrowd": 0, "category_name": "crab", "score": 0.7848432064056396}, {"id": 4, "image_id": 0, "category_id": 77, "bbox": [846, 544, 28, 31.5], "area": 520.0, "segmentation": {"size": [740, 1280], "counts": "fiVc0145bf0:M2O1M2O1O1O101N2M2M3O1001POPZOj0Vf0O1O1N7J100O1O001E_YO0cf0M]TT9"}, "iscrowd": 0, "category_name": "crab", "score": 0.8001867532730103}]}