{"images": [{"id": 0, "file_name": "images/2019-02-21_06-36-31to2019-02-21_06-36-39_1-0029_jpg.rf.45e212db5a5292a42361462afb422a1a.jpg", "width": 1280, "height": 740}], "annotations": [{"id": 0, "image_id": 0, "category_id": 86, "bbox": [532, 596, 88, 107], "area": 2968.0, "segmentation": {"size": [740, 1280], "counts": "[WS<5nf02O1O00001O00001O001O0O20O01O001O010O00100O001O0eZOGlc09Q\\O2fc0NX\\O6gc0JW\\O7ic0IU\\O9lc0GQ\\O;oc0EP\\O;Rd0Ek[O=Ud0Cj[O:Zd0Gc[O6cd0J[[O4hd0MV[O2ld0NS[O1Pe0OnZO1Se00jZO1Xe0OdZO3]e0N_ZO4ce0e01O2O0O2O0O10O0M3N2O1O1O2O3M2N4K6Ki0WO2N2M2O1O2M2OgMX\\OX1gc0dN_\\O[1`c0dNc\\ONBf0kc0[Oe\\OJMc0\\c0Cj\\OG0a0Vc0Gn\\OEO`0Tc0JQ]OCM=Vc0OP^OJVb03n]OIUb04o]OISb03b2KnTR?"}, "iscrowd": 0, "category_name": "starfish", "score": 0.9255691170692444}, {"id": 1, "image_id": 0, "category_id": 77, "bbox": [755, 566, 37.5, 38.5], "area": 1103.0, "segmentation": {"size": [740, 1280], "counts": "ZPPa03of04M2M3L9H4L3N1O2O0O1O1N2O00100O2O000000000001N2N2M3N2O001O000O00100O101N2N4M;BiRP;"}, "iscrowd": 0, "category_name": "crab", "score": 0.7965126037597656}, {"id": 2, "image_id": 0, "category_id": 77, "bbox": [857, 618, 62.5, 59], "area": 2730.0, "segmentation": {"size": [740, 1280], "counts": "dS^c0<3HUf0i0J7J5L3O1O100O2N2O0O1O2O0O1N2N2010N8I3M1O1OO1O1N3M2N2M4N101O1O0001O1N101N101O001O1O0O1O1O1O1O1N2N2N2O2@]ZO\\Oee0`0`ZO]Obe0`0d0N1N3NeoT8"}, "iscrowd": 0, "category_name": "crab", "score": 0.7314332723617554}]}