{"images": [{"id": 0, "file_name": "images/2019-02-21_06-56-08to2019-02-21_06-56-28_1-0001_jpg.rf.480fe8e1c5e449f46bd2ab7bb6b94099.jpg", "width": 1280, "height": 740}], "annotations": [{"id": 0, "image_id": 0, "category_id": 86, "bbox": [531, 654, 94.5, 79.5], "area": 2921.0, "segmentation": {"size": [740, 1280], "counts": "hl^<1if02\\YO1bf02ZYO1ef0701O0O1O2M2N2O1C=O1000000O100N2N2N2O1O1O100N200O1000000000000O10000000000O2O000000000O10O10O1O01GcZOjN]e0U1hZOgNXe0X1;O01O001OB\\ZO]Ode0c0^ZO\\O`e0f0bZOVO_e0j0=1O2N1O2N1O00^OYZOHhe07YZOGie07ZZOFhe08ZZODje0:a0O2M3N2Mf`f>"}, "iscrowd": 0, "category_name": "starfish", "score": 0.7086143493652344}, {"id": 1, "image_id": 0, "category_id": 77, "bbox": [778, 610, 44, 34.5], "area": 746.0, "segmentation": {"size": [740, 1280], "counts": "U^fa07kf05M3L5L1O1O1O0O10000000001O000O100000000000O10000000001O001O3L7Ibf^:"}, "iscrowd": 0, "category_name": "crab", "score": 0.9010462164878845}]}