{"images": [{"id": 0, "file_name": "images/2019-03-19_15-42-11to2019-03-19_15-42-25_1-0155_jpg.rf.79ec7c9af9583c81aca6a854874965de.jpg", "width": 1280, "height": 740}], "annotations": [{"id": 0, "image_id": 0, "category_id": 85, "bbox": [772, 582, 65.5, 23.5], "area": 681.0, "segmentation": {"size": [740, 1280], "counts": "SV_a03nf04M3N2O00001O01O00000001O00010O000010O0001O000001O01O0000000001O00001O0000001O000000000000001O000000000000001O1N2O1M]US:"}, "iscrowd": 0, "category_name": "small_fish", "score": 0.8076080083847046}, {"id": 1, "image_id": 0, "category_id": 85, "bbox": [411, 452, 38.5, 49.5], "area": 1255.0, "segmentation": {"size": [740, 1280], "counts": "Zj]91cf0c0F9K5K5M2N2O1O0O10001O0000001O00000000000000O101O0O101N3K8mNVZO2k_ib0"}, "iscrowd": 0, "category_name": "small_fish", "score": 0.9117625951766968}, {"id": 2, "image_id": 0, "category_id": 85, "bbox": [548, 499, 46.5, 63], "area": 908.0, "segmentation": {"size": [740, 1280], "counts": "de^<8kf05L4L3M1O2N1O1O100O2O1O1O1000O3M2N1O10O0001N101O0O2O1O1O1O0000001O00001N10000101N01O2M3M2O1N2M^b[?"}, "iscrowd": 0, "category_name": "small_fish", "score": 0.85832279920578}, {"id": 3, "image_id": 0, "category_id": 86, "bbox": [728, 667, 89.5, 71.5], "area": 4158.0, "segmentation": {"size": [740, 1280], "counts": "_d\\`02Rg01N1O1N3RO8\\ZOJbe0:ZZOHee0m0N1O100O2O000O1000000O10000O10000O100O100O100000000000000000000O010O100O1000000O100000001O00000ObNhZOR1Xe0mNjZOR1Ve0nNkZOQ1Ue0oNkZOQ1Ue0oNjZOR1We0nNfZOT1Ze0;1O5K1O1O1O0OO2M3O1000O01000O10I_NkZO`1Ue0bNjZO\\1Xe0dNhZOX1\\e0hNdZOW1^e0hNbZOX1^e0hNbZOW1_e0iNaZOW1^e0jNbZOU1_e0lN`ZOT1`e0lN_ZOT1ce0kN]ZOU1de0iN^ZOT1ke0K7B>J\\m]:"}, "iscrowd": 0, "category_name": "starfish", "score": 0.7804193496704102}]}