{"images": [{"id": 0, "file_name": "images/2019-03-19_11-42-13to2019-03-19_11-42-21_1-0022_jpg.rf.97c28132ecaf470a0eaf7ee619faac9f.jpg", "width": 1280, "height": 740}], "annotations": [{"id": 0, "image_id": 0, "category_id": 77, "bbox": [885, 569, 65.5, 48], "area": 2104.0, "segmentation": {"size": [740, 1280], "counts": "nSPd01`f0g0J8gYOVOle0S1N1O0O2O00010O001O000000000000001O00100O01000O01O1O00001O1N101O001N100O001O100O100CRZODne0<RZOCPf0;RZODne0;SZODne0;SZODne0;TZODme09VZOEke0:a0N3N1O10GIcYO7]f0IdYO5gf0LmWb7"}, "iscrowd": 0, "category_name": "crab", "score": 0.8143705725669861}]}