{"images": [{"id": 0, "file_name": "images/2019-03-06_22-01-00to2019-03-06_22-01-09_1-0058_jpg.rf.b61d9500375543ebde0d0b06e123a080.jpg", "width": 1280, "height": 740}], "annotations": [{"id": 0, "image_id": 0, "category_id": 77, "bbox": [848, 559, 42.5, 22], "area": 685.0, "segmentation": {"size": [740, 1280], "counts": "cdTc08jf07K1O0O100000001O00000000000000000000001O00000000000000000001O000000000O2O1NbUl8"}, "iscrowd": 0, "category_name": "crab", "score": 0.926037609577179}, {"id": 1, "image_id": 0, "category_id": 77, "bbox": [1053, 678, 50.5, 55], "area": 1754.0, "segmentation": {"size": [740, 1280], "counts": "]Yeg04nf03OO1M3000O3N4K3M3M5M2O6H10TOQZOa0Yf0010mYO^Obe0b0]ZO@be0`0^ZO@be0`0\\ZOBde0P1O1O0O1O2O00000000000001O01O000000O100000O1LSO_ZO?Ze0FhZO:We0ElZO:Se0GmZO9Re0GoZO9Qe0GoZO9Qe0GoZO9Qe0GoZO8Re0HnZO8Re0HnZOOFF]e0?iZOJMD[e0c0fZOIce0KZZO104ge0H^ZO2K4[f0GjYONbVo3"}, "iscrowd": 0, "category_name": "crab", "score": 0.775272786617279}, {"id": 2, "image_id": 0, "category_id": 77, "bbox": [844, 423, 45.5, 49.5], "area": 2309.0, "segmentation": {"size": [740, 1280], "counts": "X[Rc0f0oe0^OXZOk0`e0ZO[ZOj0de0<N2O1O1N101O00001O001O000000000O101O1O1O10O0O2M4M3M0O100O101O100101N1001N0O2N101N2N4H8Ea0Cing8"}, "iscrowd": 0, "category_name": "crab", "score": 0.8904434442520142}, {"id": 3, "image_id": 0, "category_id": 77, "bbox": [228, 666, 48, 41], "area": 1750.0, "segmentation": {"size": [740, 1280], "counts": "hoS52Qg06I3B?K4M3N3M3N1O1N2O01O00000000000001O0O11O00001O00000000001O0O100O1O100O10O10000001O001]ORZONcf0O1F:NRcef0"}, "iscrowd": 0, "category_name": "crab", "score": 0.8241822123527527}]}