{"images": [{"id": 0, "file_name": "images/2019-03-19_13-33-15to2019-03-19_13-33-25_1-0037_jpg.rf.5a9b54e347c102e1883d9b29d54e245b.jpg", "width": 1280, "height": 740}], "annotations": [{"id": 0, "image_id": 0, "category_id": 77, "bbox": [793, 626, 42.5, 48], "area": 1837.0, "segmentation": {"size": [740, 1280], "counts": "ocha0:hf04L6L3L3N2N2N2M4M2M4M3M1O1O010O0O0100O01O100O101O000001O1O2N1O01O1N2N1012L3M4L5K7I2N2O2M3M8G_\\R:"}, "iscrowd": 0, "category_name": "crab", "score": 0.7442833781242371}]}