{"images": [{"id": 0, "file_name": "images/2019-02-21_06-50-54to2019-02-21_06-51-01_1-0099_jpg.rf.98e6bf85f18ab79343b22ddb1d41e6dd.jpg", "width": 1280, "height": 740}], "annotations": [{"id": 0, "image_id": 0, "category_id": 86, "bbox": [575, 631, 60, 85], "area": 2002.0, "segmentation": {"size": [740, 1280], "counts": "]hn<3Pg03M2N2FKcYO6Yf0NfYO3Xf0NhYO3Vf0NkYO1Uf0OlYO1Rf00WZOGie09a00O0100O01O1O1BCUZO>ee0JWZO7he0MTZO3me0b0O0100001O1O1O1O001O0O2O1N3M8I3K4M3G8N1O101N10O1O1L4I6J7N2O1M3fNhZOd0\\e0[OkZO;Ye0DR[OOdVg>"}, "iscrowd": 0, "category_name": "starfish", "score": 0.8311289548873901}]}