{"images": [{"id": 0, "file_name": "images/2019-03-06_22-11-06to2019-03-06_22-11-17_1-0023_jpg.rf.33c35b908889201c49ecc4856499b4dd.jpg", "width": 1280, "height": 740}], "annotations": [{"id": 0, "image_id": 0, "category_id": 77, "bbox": [955, 532, 70.5, 27.5], "area": 690.0, "segmentation": {"size": [740, 1280], "counts": "^Sde02Rg000O1000XYO3Xf0NfYO5Yf0LcYO7]f08O010000O100O10O01O1O1O1000000000001O00000O10000000000001O0000000O1000001O001O00O10001N10001N102N2M2MXon5"}, "iscrowd": 0, "category_name": "crab", "score": 0.7639995813369751}, {"id": 1, "image_id": 0, "category_id": 77, "bbox": [984, 558, 57.5, 45], "area": 1565.0, "segmentation": {"size": [740, 1280], "counts": "U\\Xf02of09_OLeYO8Vf0>L3PZOROae0^1M3M2O1N10OeZO\\NXe0c1hZO_NWe0a1kZO]NVe0a1700O1O2O0000001dN]ZOV1be0iN_ZOW1ae0iN_ZOW1be0gN`ZOX1`e0hN`ZOX1fe00001N2M8E6N2N1001O001O1O01N2N4K8G_ae5"}, "iscrowd": 0, "category_name": "crab", "score": 0.796665370464325}, {"id": 2, "image_id": 0, "category_id": 77, "bbox": [984, 676, 52, 46.5], "area": 1508.0, "segmentation": {"size": [740, 1280], "counts": "ScUf04Pg03L2O2N1N5L7I9G1O0O2O0000000O01000000001O01O00000001O002N1O1O1O0000O2L3O10001O00VZOQO`e0n0aZORO_e0m0`0K6K1N3BbYO2_f0KhYONi\\e5"}, "iscrowd": 0, "category_name": "crab", "score": 0.8697987794876099}, {"id": 3, "image_id": 0, "category_id": 77, "bbox": [1063, 692, 48, 42.5], "area": 1746.0, "segmentation": {"size": [740, 1280], "counts": "`^og02Qg02N1000000O1N3D;M3I8N1O100O1O1O100001O000000O1O100O1O1N2N2O100O1000000001O0000001O00000O10001O001O1AUZOCme07[ZOEcf0O1N2Nfie3"}, "iscrowd": 0, "category_name": "crab", "score": 0.8197858333587646}, {"id": 4, "image_id": 0, "category_id": 77, "bbox": [513, 464, 38.5, 34.5], "area": 1040.0, "segmentation": {"size": [740, 1280], "counts": "_mc;6mf03_ONjYO7Rf0?0O3M2N000001N1O1O1N2O1O1O100O1O0100O010000O001O1O02O2N1O0O2O0N201_OoYOJUf02ld]`0"}, "iscrowd": 0, "category_name": "crab", "score": 0.8169703483581543}]}