{"images": [{"id": 0, "file_name": "images/2019-02-21_06-55-09to2019-02-21_06-55-16_1-0071_jpg.rf.4738857c3b7c7e27c5b9298f5ae1feee.jpg", "width": 1280, "height": 740}], "annotations": [{"id": 0, "image_id": 0, "category_id": 85, "bbox": [73, 510, 41.5, 18], "area": 473.0, "segmentation": {"size": [740, 1280], "counts": "boe12Pg04L3N100O1O1O101N10O01000000O100O100000O0100000O100O1O1O101N1O101N101N1O2MQb[j0"}, "iscrowd": 0, "category_name": "small_fish", "score": 0.8659493923187256}, {"id": 1, "image_id": 0, "category_id": 85, "bbox": [39, 426, 61.5, 20.5], "area": 671.0, "segmentation": {"size": [740, 1280], "counts": "VUk06mf03M101O001O000O2O00001O000000000000000000000000000000O1000000O10000O10000O10000O10000O10O0100O1O010O100000001O000O3LbVgj0"}, "iscrowd": 0, "category_name": "small_fish", "score": 0.8647683262825012}, {"id": 2, "image_id": 0, "category_id": 85, "bbox": [11, 421, 30.5, 15], "area": 203.0, "segmentation": {"size": [740, 1280], "counts": "Ra:2Pg05M1O1O001O01O00010O001O01O0001O000001O01O001O2Kg\\Pl0"}, "iscrowd": 0, "category_name": "small_fish", "score": 0.868306040763855}, {"id": 3, "image_id": 0, "category_id": 85, "bbox": [5, 536, 41.5, 53.5], "area": 2082.0, "segmentation": {"size": [740, 1280], "counts": "Wg23ne0_1C3N1N11O001O1^NdZOZ1ce0O10O1N2O1O1000001O0000000O10O10001O001O01M2O101O0OoNcZO=]e0CcZO=]e0d01N2O1N3N1YOgZOBZe0:j0M4G^iik0"}, "iscrowd": 0, "category_name": "small_fish", "score": 0.8251538872718811}, {"id": 4, "image_id": 0, "category_id": 86, "bbox": [556, 633, 78.5, 93], "area": 2286.0, "segmentation": {"size": [740, 1280], "counts": "hjf<3nf03N2O0O2K5O0001O001OO2N3L4L4N1N4M1O2N2N2N3L^O]ZOI`e07bZOI\\e06gZOKTe07nZOIQd0@Y\\Oo0H@nc0BW\\Oo0N^Oic0EV\\On04\\Oec0FV\\On08[Obc0EV\\OP1;YOPd0g0R\\OXOnc0h0R\\OXOmc0h0U\\OWOjc0i0X\\OVOgc0k0Z\\OTOdc0P1Z\\OPOdc0V1Y\\OgNgc0^1V\\OaNjc0c1T\\O\\Nkc0i1d05L3L2O2M2N2O1O1OVNg[Ok0Xd0ROn[Ol0Rd0QOR\\On0mc0ROU\\Om0kc0POY\\Oo0gc0oN]\\Oo0cc0oNb\\Om0bc0nNc\\O8VOJmem>"}, "iscrowd": 0, "category_name": "starfish", "score": 0.8387809991836548}, {"id": 5, "image_id": 0, "category_id": 77, "bbox": [743, 653, 53.5, 41], "area": 1500.0, "segmentation": {"size": [740, 1280], "counts": "Vmm`01564One0i0M2O001O0O1O2O2O00O0001O000000O10O100O1O1O1O1O01O1O1O10000O101O0O2O2N2N<D1O001N2O0O3MlXo:"}, "iscrowd": 0, "category_name": "crab", "score": 0.8201589584350586}, {"id": 6, "image_id": 0, "category_id": 85, "bbox": [0, 627, 25, 21], "area": 277.0, "segmentation": {"size": [740, 1280], "counts": "TR24nf0:F3M2O1O10O2N2N3M101N10000000000O101O2NXh[l0"}, "iscrowd": 0, "category_name": "small_fish", "score": 0.7821751236915588}, {"id": 7, "image_id": 0, "category_id": 85, "bbox": [24, 584, 40, 24.5], "area": 277.0, "segmentation": {"size": [740, 1280], "counts": "`db05nf03N1O10O0001O00001O01O01O01O010O0010O01O001O100O010O001O001O2MTWck0"}, "iscrowd": 0, "category_name": "small_fish", "score": 0.8544434309005737}]}