{"images": [{"id": 0, "file_name": "images/2019-03-19_14-02-47to2019-03-19_14-03-00_1-0058_jpg.rf.d2440873acb0f84846c87b9a6e97597b.jpg", "width": 1280, "height": 740}], "annotations": [{"id": 0, "image_id": 0, "category_id": 78, "bbox": [695, 650, 198.5, 89], "area": 4279.0, "segmentation": {"size": [740, 1280], "counts": "cQ`a05nf02N1N2N2O2N1O1O1O1O1O1N2N2N2N2N2O1M3M3M3O100O1O100O100O1O100O100O1O10000O10000O10O1000O10000O100O10000O100O100O100O100000O010000O10O01O1O00100O100OKkZO]NTe0d1lZO\\NSe0k1OFQ[OaNod0]1T[ObNld0^1T[ObNkd0^1V[ObNjd0\\1Y[OcNgd0\\1Z[OdNfd0[1[[OeNdd0\\1][OcNcd0\\1^[OdNbd0[1`[OcNad0\\1`[OdN_d0[1f0M3M2L5I7N3M3O1N4M6H6IbgT9"}, "iscrowd": 0, "category_name": "fish", "score": 0.883165717124939}]}