{"images": [{"id": 0, "file_name": "images/2019-02-21_06-50-24to2019-02-21_06-50-40_1-0197_jpg.rf.ab0557a18eaa681920d9ad15a59835f0.jpg", "width": 1280, "height": 740}], "annotations": [{"id": 0, "image_id": 0, "category_id": 86, "bbox": [576, 629, 56, 82], "area": 1886.0, "segmentation": {"size": [740, 1280], "counts": "\\hS==U1EYd0>e[ODYd0?d[OB\\d0?c[OA]d0`0a[O@ad0`0][OAdd0?Z[OBid0<U[ODnd0;Q[OEQe0:nZOFSe0:lZOFUe0:iZOFXe0;gZOEZe0<cZOE^e0<YZOKhe05UZOMke0e02001N1O100O1O001O001O1N3M7I3M3L5L2N2N2O0O10O2@`0K:H5L3K8H8DXog>"}, "iscrowd": 0, "category_name": "starfish", "score": 0.8764886260032654}]}