{"images": [{"id": 0, "file_name": "images/2019-03-19_15-42-11to2019-03-19_15-42-25_1-0152_jpg.rf.6d696c2c7ee9a1f68c05746ee3abcf1d.jpg", "width": 1280, "height": 740}], "annotations": [{"id": 0, "image_id": 0, "category_id": 85, "bbox": [789, 579, 49.5, 26], "area": 957.0, "segmentation": {"size": [740, 1280], "counts": "bYia08kf03M2O1N10001O010O001O001O0000000000000O100O100O2N1O2O001O10000O0100O1O001O001O0O1O1O2N1O2N3N1N2O1N3Kljn9"}, "iscrowd": 0, "category_name": "small_fish", "score": 0.6475497484207153}, {"id": 1, "image_id": 0, "category_id": 85, "bbox": [451, 285, 41.5, 44], "area": 1147.0, "segmentation": {"size": [740, 1280], "counts": "_SY:<ef05L3L4M3M3N1O2M2O1O100O2O0O1O1O1O1O1000O100000000O10001N4jNTZOm0Tf0L4H7J6FkZka0"}, "iscrowd": 0, "category_name": "small_fish", "score": 0.8029698133468628}, {"id": 2, "image_id": 0, "category_id": 85, "bbox": [536, 492, 44, 61.5], "area": 712.0, "segmentation": {"size": [740, 1280], "counts": "\\lX<9jf05L3L3O1N2O001O1O1O1O0101N1O2N2N0001OO100O1O2N1O11O001O000001O000O2O1N2M3N_ch?"}, "iscrowd": 0, "category_name": "small_fish", "score": 0.8628347516059875}, {"id": 3, "image_id": 0, "category_id": 86, "bbox": [728, 667, 89.5, 71.5], "area": 4403.0, "segmentation": {"size": [740, 1280], "counts": "hR^`01Rg02M2UO5[ZONae09YZOIee0;UZOIie0k0N1O1O101N1000O1000O10000O100O10000O2O0O1000000O0101O000000O10000O1O100N2N200000000O101O0KXNmZOi1Se040000000000001O1O2N1O001O00001N2O1O1O1NJ^NlZOb1Se0`NlZO`1Se0aNmZO_1Se0aNmZO^1Te0bNlZO^1Te0bNlZOX1MgNXe02jZOV1\\e0jNdZOU1]e0kNcZOU1]e0kNcZOT1^e0mN`ZOT1`e0lN`ZOS1ae080O2M:D8A>H^m]:"}, "iscrowd": 0, "category_name": "starfish", "score": 0.8078892230987549}]}