{"images": [{"id": 0, "file_name": "images/2019-03-06_22-01-00to2019-03-06_22-01-09_1-0049_jpg.rf.3a8c8ebc605d318c1ecc890e5dde2e11.jpg", "width": 1280, "height": 740}], "annotations": [{"id": 0, "image_id": 0, "category_id": 77, "bbox": [855, 559, 49.5, 27.5], "area": 846.0, "segmentation": {"size": [740, 1280], "counts": "c]Zc0:hf04M101O1O00001O001O001O00001O0000000000000000001O000000O10000O1O1O100O1O1O100O1O101N1O0010000O2N\\U_8"}, "iscrowd": 0, "category_name": "crab", "score": 0.8967694044113159}, {"id": 1, "image_id": 0, "category_id": 77, "bbox": [1051, 678, 50.5, 55], "area": 1629.0, "segmentation": {"size": [740, 1280], "counts": "]Yeg04of02NO2N200O11O9[YOGne09PZOIKOke09XZO3he0MVZO4ke0KUZOLL0Rf00SZONN1OJle04YZONN<ge0EfZO;Ye0EgZO<Ye0D[ZON0?ee01UZO1ke0c0100000O101N100001O1O10O01O000000DkNiZOU1Ve0mNiZOS1Ve0oNhZOQ1Ye0oNeZO9N8]e0@bZO865Xe0CbZO865Xe0D`ZO795We02jZONVe00kZO1Ue0OkZO1Ue0NhZO6Xe0JiZO5Xe0\\OhZO11b0ee0\\O\\ZOd0Rf001OB]O[ZOb0ee0@ZZO`0ee0CYZO3KKle04YZONNLke04SXo3"}, "iscrowd": 0, "category_name": "crab", "score": 0.7532711029052734}, {"id": 2, "image_id": 0, "category_id": 77, "bbox": [843, 423, 45.5, 49.5], "area": 1566.0, "segmentation": {"size": [740, 1280], "counts": "aiSc0<gf04M7H^OiYO:ie0DYZO23:ae0GYZOO7<]e00bZO0^e00bZO1]e0O\\ZO8ee0b010001O2N2N2N001OO100O100001N2O0000O0N3J6N20000001O3M3M00O1O0100O2C?Lb0\\Oheh8"}, "iscrowd": 0, "category_name": "crab", "score": 0.7659655809402466}, {"id": 3, "image_id": 0, "category_id": 77, "bbox": [223, 669, 48, 41], "area": 1695.0, "segmentation": {"size": [740, 1280], "counts": "`aR52Pg0d0\\O4M2H7M3N2O1N2N20000O010001O0000001hNXZOQ1ie051O2N1O010O001O00000O100O1O100O10O100O1000000000WOUZO9le0DZZO8`f0I3LThgf0"}, "iscrowd": 0, "category_name": "crab", "score": 0.8331999778747559}]}