{"images": [{"id": 0, "file_name": "images/2019-02-22_23-27-24to2019-02-22_23-27-39_1-0214_jpg.rf.cdc22ad78c76d4cdc4db5abf2b7da1fd.jpg", "width": 1280, "height": 740}], "annotations": [{"id": 0, "image_id": 0, "category_id": 86, "bbox": [553, 688, 89.5, 49.5], "area": 2594.0, "segmentation": {"size": [740, 1280], "counts": "]Pi<5lf05YOKYZO7ee0MUZO8je0a000O100001N10001O1O100O1O1O000001N100O100O1O10O0100O100O10000O1000000O100000001N100000000000O0100N2O1O10000001O1O001O2N1O1O10OO2O001N1O2M3O1O2FjYOAYf09<N1O2NTVZ>"}, "iscrowd": 0, "category_name": "starfish", "score": 0.857109546661377}, {"id": 1, "image_id": 0, "category_id": 86, "bbox": [714, 273, 64, 50.5], "area": 2378.0, "segmentation": {"size": [740, 1280], "counts": "i_[`0;ff04M4cYO^ORf0d0mYO_OPf0c0nYO^Ohe0l0WZOUOge0U1O2OO10O10H[ZOPOfe0o0]ZOoNbe0R1^ZOnNbe0R1^ZOmNde0S1[ZOlNfe0Y1000001N2O1O1N102N2N1O0000O10000O1000000O100O1O1O1O2F_ZOoNae0P1aZOnN`e0S1^ZOoNae0S1[ZOoNde0Y101O000000O1G_ZOoNae0n0=G8_Oa0O3LfcW;"}, "iscrowd": 0, "category_name": "starfish", "score": 0.8183037042617798}]}