{"images": [{"id": 0, "file_name": "images/2019-03-06_22-01-44to2019-03-06_22-01-52_1-0066_jpg.rf.62dcb4903c231c54cf7e5db7c6cb30af.jpg", "width": 1280, "height": 740}], "annotations": [{"id": 0, "image_id": 0, "category_id": 78, "bbox": [772, 537, 88, 48], "area": 1659.0, "segmentation": {"size": [740, 1280], "counts": "n_ca05lf06L2N2M4M2O0O2O0000000O10001O0000000000000EZOXZOg0ge0YOYZOg0ge0YOYZOg0ge0YOYZOg0ge0YOYZOh0fe0XOZZOh0fe0XOZZOh0fe0XOZZOi0ee0WO[ZOi0ee0WOZZOj0fe0VOZZOj0fe0VOZZOj0fe0VOZZOj0fe0VOZZOj0ge0TOZZOk0oe010O10GWOXZOh0ge0ZOXZOe0he0]OWZOc0ie0]OXZOb0he0^OWZOb0ie0_OVZOb0je0^OVZOb0je0]OWZOb0je0^OVZOb0ke0]OUZOc0le0\\OTZOc0oe0ZORZOf0Wf0O1N6KL31N2H8000000000^YOIWf07iYOIWf07hYOKXf04iYOKWf05iYOKWf06hYOJXf06gYOKZf04fYOL[f03eYOM\\f02cYOOaf0N]YO3jf003K_Yc9"}, "iscrowd": 0, "category_name": "fish", "score": 0.8451653718948364}]}