{"images": [{"id": 0, "file_name": "images/2019-03-19_11-42-56to2019-03-19_11-43-14_1-0019_jpg.rf.d134c9dd656e8fe4fd865bff95fa8d99.jpg", "width": 1280, "height": 740}], "annotations": [{"id": 0, "image_id": 0, "category_id": 77, "bbox": [887, 555, 70.5, 52], "area": 2307.0, "segmentation": {"size": [740, 1280], "counts": "]kPd02df0OhYO4Tf01hYO1Wf0OiYO1Wf0NjYO3Tf0NlYO2Tf0OkYO1Tf04fYONZf0>O1ZO[OmZOe0Re0]OlZOc0Ue0^OjZOb0Ve0_O^ZOI7h0[e0EbZO<^e0DbZO<_e0D^ZO>be0b0001O3M1O2N1O01O00001O000O101O01O00000000000O100000O1O1O1O10O100O0O200O10001O00O0O2NoNXZOe0ke0[O]ZO>ce0CdZO5\\e0LeZO3[e0LfZO3[e0MeZO2\\e0NdZOO_e00dZOL^e02\\R[7"}, "iscrowd": 0, "category_name": "crab", "score": 0.8089174032211304}]}