{"images": [{"id": 0, "file_name": "images/2019-03-21_03-26-50to2019-03-21_03-27-04_1-0046_jpg.rf.73a8da42ec4452d5aa6bed70d685a575.jpg", "width": 1280, "height": 740}], "annotations": [{"id": 0, "image_id": 0, "category_id": 77, "bbox": [786, 640, 112, 96], "area": 5401.0, "segmentation": {"size": [740, 1280], "counts": "[cka01Qg06L4L1O02O1N1O1O001O000000001O0000O010O1M3N2gMN`]O2_b06`]OD`b0e0X]O[Ogb0o0o\\OQOQc0Q1m\\OoNSc0T1j\\OlNVc0U1i\\OkNWc0V1h\\OjNYc0U1g\\OlNXc0U1g\\OkNZc0U1e\\OkN[c0V1e\\OhN\\c0Z1b\\OfN^c0\\1`\\OdN`c0]1_\\OcNac0_1]\\OaNcc0c1X\\O^Nhc0i1b[OXN70Vd0V2b[OlM^d0]200000000O100O101N1000000000O1001O0000000001O001O001O00001O002N3M9G2N1O1O1O1O3ZNnZOT1Xe0dNjZO\\1_e0000001OO100000000000000001O001O1O4L6lNoYOi0\\f0J6J4L5J2O2MnZc8"}, "iscrowd": 0, "category_name": "crab", "score": 0.8103528022766113}]}