{"images": [{"id": 0, "file_name": "images/2019-02-21_06-52-16to2019-02-21_06-52-34_1-0059_jpg.rf.a346336493cbe5257b286ec9a88c73f0.jpg", "width": 1280, "height": 740}], "annotations": [{"id": 0, "image_id": 0, "category_id": 86, "bbox": [575, 629, 58.5, 63], "area": 1632.0, "segmentation": {"size": [740, 1280], "counts": "diS=4of04L2O1N2O0VOIeZO:Ye0IdZO8\\e0IbZO8^e0K_ZO6`e0L^ZO4be0N\\ZO2de01XZO0he0f0001O01O01O00001O01N100O100O0O0100O1000000000001O001O001O1O001XOSZO6Qf0FXZO0le0Oe0N4Kcje>"}, "iscrowd": 0, "category_name": "starfish", "score": 0.8942956924438477}]}