{"images": [{"id": 0, "file_name": "images/2019-03-06_22-46-20to2019-03-06_22-46-32_1-0007_jpg.rf.12d876fb269f03496d50c4bc82d5e6b6.jpg", "width": 1280, "height": 740}], "annotations": [{"id": 0, "image_id": 0, "category_id": 85, "bbox": [441, 519, 37.5, 24.5], "area": 310.0, "segmentation": {"size": [740, 1280], "counts": "WjR:5nf04M1N101O0000001O00010O1O010O10O001O001O1O0O1O1O1O1N3MVnUb0"}, "iscrowd": 0, "category_name": "small_fish", "score": 0.866104781627655}, {"id": 1, "image_id": 0, "category_id": 85, "bbox": [785, 695, 49.5, 19], "area": 678.0, "segmentation": {"size": [740, 1280], "counts": "Ufha0<gf02O0O01O010O1001O00000O1000001O0000001O000000O100000000O10000001O00001O0001O00001O1N2M3N3MQRS:"}, "iscrowd": 0, "category_name": "small_fish", "score": 0.7847524881362915}, {"id": 2, "image_id": 0, "category_id": 85, "bbox": [712, 618, 28, 34.5], "area": 660.0, "segmentation": {"size": [740, 1280], "counts": "QfQ`0`0cf04M4L1O1O001O0010001N100O11N1O1O1O010O10001O3L3L4L9EhhW<"}, "iscrowd": 0, "category_name": "small_fish", "score": 0.8258729577064514}]}