{"images": [{"id": 0, "file_name": "images/2019-03-06_22-01-00to2019-03-06_22-01-09_1-0020_jpg.rf.f011a2e82e40c21ae276a55fac85db07.jpg", "width": 1280, "height": 740}], "annotations": [{"id": 0, "image_id": 0, "category_id": 77, "bbox": [893, 561, 57.5, 26], "area": 966.0, "segmentation": {"size": [740, 1280], "counts": "fQXd06mf06K2N2N1O2N001O001O0000000000O100001O00000000000O1000000001O00000000000000000000000000000O1O1IaYOHaf04:JVj`7"}, "iscrowd": 0, "category_name": "crab", "score": 0.9133306741714478}, {"id": 1, "image_id": 0, "category_id": 77, "bbox": [1051, 681, 50.5, 55], "area": 2044.0, "segmentation": {"size": [740, 1280], "counts": "Pmhg01P11Pe02dZOOB0je08[ZOLHMle0;VZO3fe0g0O3O7LM2N4K01O0O0O2L4N2N210O0000000O1O1O1001O3M9G1OO1N2M300O10000000000001O001N3[ObZO@`e08hZOEZe04mZOJPiR4"}, "iscrowd": 0, "category_name": "crab", "score": 0.7199755907058716}, {"id": 2, "image_id": 0, "category_id": 77, "bbox": [840, 415, 45.5, 46.5], "area": 1214.0, "segmentation": {"size": [740, 1280], "counts": "llPc03df0i0C5K2O1N101O1O1O1O00000O10000000000O100000000000O2O1O2PO[ZO<df0BY^10faN2N3M20O100N2O2N2O`gm8"}, "iscrowd": 0, "category_name": "crab", "score": 0.893722653388977}, {"id": 3, "image_id": 0, "category_id": 77, "bbox": [218, 669, 48, 41], "area": 1091.0, "segmentation": {"size": [740, 1280], "counts": "aXS5;hf02N2M3G:L5K6K2N10000O10000000000000O101jNWZOo0ie0oNZZOP1me000O10001N10000O2O2EkYOBlYSg0"}, "iscrowd": 0, "category_name": "crab", "score": 0.8374987244606018}]}