{"images": [{"id": 0, "file_name": "images/2019-02-20_19-19-23to2019-02-20_19-19-40_1-0211_jpg.rf.f9064e6207c1b39f33790be25c2542a8.jpg", "width": 1280, "height": 740}], "annotations": [{"id": 0, "image_id": 0, "category_id": 78, "bbox": [0, 586, 101, 141], "area": 8793.0, "segmentation": {"size": [740, 1280], "counts": "Ph2Z28QNmc0c3PO3M5L3M01M2N2O2NV]OPLbb0Q480O2O0000001U]OmKcb0S4\\]OoKcb0R4\\]OnKdb0R4\\]OnKdb0R4\\]OnKcb0S4]]OmKcb0S4^]OkKbb0V46000O2O0Y]OgKcb0Y4\\]OiKcb0W4\\]OjKdb0V4]]OhKdb0X44000001O00X]OhKdb0X4[]OjKdb0V4[]OlKdb0T4\\]OlKdb0T4]]OkKcb0T4^]OlKbb0T4_]OjKcb0T4^]OlKbb0T4_]OkKab0U4^]OlKcb0S4]]OnKbb0Q4^]OPLdb0n3\\]ORLfb0k3[]OULib0f3X]OZLlb0b3T]O^LSc0Z3n\\OfL]c0o2d\\OPM]c0n2d\\ORM\\c0n2c\\OSM]c0m2c\\OSM]c0m2c\\OSM]c0l2c\\OUM]c0k2d\\OTM\\c0j2f\\OVMZc0i2h\\OVMXc0i2j\\OUMWc0j2b0N2O2L3K5F`\\OmMdb0]1`\\ObNW12Xb0Z1T^OfNoa0U1S^OjNQb0P1R^OPOWb09X^OFSYUk0"}, "iscrowd": 0, "category_name": "fish", "score": 0.9241641759872437}]}