{"images": [{"id": 0, "file_name": "images/2019-03-07_08-57-30to2019-03-07_08-57-40_1-0101_jpg.rf.b7ff20351154bed1005de8a4bf309b81.jpg", "width": 1280, "height": 740}], "annotations": [{"id": 0, "image_id": 0, "category_id": 86, "bbox": [729, 669, 37.5, 45], "area": 618.0, "segmentation": {"size": [740, 1280], "counts": "Rad`06nf03M3M2O5J3N1O2N1O2N2N2M1OO0100OO0N2O2N1O101GkYODVf0:mYOESf08QZOGoe04VZOLme0NVZO2_f0NlVd;"}, "iscrowd": 0, "category_name": "starfish", "score": 0.8426392078399658}, {"id": 1, "image_id": 0, "category_id": 86, "bbox": [284, 683, 97.5, 56], "area": 3338.0, "segmentation": {"size": [740, 1280], "counts": "Pi[62Qg03N0O101N10000O1O1O100O1O1O2N100N2M3O1O1O1O100O100O1000000BWO`ZOj0_e0ZO^ZOf0be0\\O[ZOe0ee0\\OZZOd0ee0>00O100O100O100000O0100000000001O0000O1000000O1O1O100O10000O10PObZO:^e0EdZO:]e0EcZO;_e0E_ZO;de0a01O1O0000000POZZOb0fe0]O[ZOc0de0^O\\ZOb0de0@ZZO`0ee0A[ZO?de0a0N20QO^ZO<be0C`ZO<ae0BaZO=_e0CaZO=`e0[O[ZOO6f0`e0WOiZOi0ie000010O00O1O1O1N2K5N2O1O1O1M3L4O1O101NYmSd0"}, "iscrowd": 0, "category_name": "starfish", "score": 0.7349474430084229}, {"id": 2, "image_id": 0, "category_id": 77, "bbox": [746, 714, 64, 24.5], "area": 1109.0, "segmentation": {"size": [740, 1280], "counts": "Zfn`03of0<E2O1N1O100O2N1O100000000001O001O0000O100000000002N000000O1O1001O001O00000000000000001O1N4M6J0000000000000000001O001O1N2Mf_a:"}, "iscrowd": 0, "category_name": "crab", "score": 0.7429094314575195}, {"id": 3, "image_id": 0, "category_id": 78, "bbox": [164, 610, 193.5, 129], "area": 12516.0, "segmentation": {"size": [740, 1280], "counts": "oX_32Pg02A4eYONQf0g0M3012L6K4L6J100O1O00VOFdZO0B:je0FcZO2B8ke0EdZO3A8ke0EeZO3_O8`f06[O_OfZOb0We0BgZO?We0ChZO>Ue0EiZO=Te0GiZO;Ve0FjZO:We0EhZO<ce0YO[ZOi0fe0VOWZOm0je0ROTZOP1ke05O1N2O1O2M2O1N2O1O1O100I`NiZOa1Ve07O1O100001O1O1O1OOYNjZOb1Ve0]NlZOb1Te0^NmZOa1Qe0aNoZO_1od0fNlZO\\1Se0;O1N2O1O1O1O100O10000000000001O000000000000O1SOUNY\\OS2cc0i0M3K5M3O1O1O100O1OfMg\\Ok0Xc0VOh\\Oj0Vc0XOj\\Oh0Tc0ZOl\\Of0Rc0\\On\\Od0Qc0]Oo\\Oc0Pc0^OP]Ob0Pc0^OP]Ob0Pc0jNQ]O^OOh1ob0jNT]OSOO0NS2ob0jNT]OSOO0MS2Qc0kNQ]OTONZ2Qc0`100001O8H1N2O1gLe\\OKOa2\\c0ZMg\\O0O436JJOg1^c0UNo\\O3L5Jj1[c0nMo\\O3K7Ii1]c0nMn\\O2K8Jh1\\c0PNm\\O1M_2Vc0`Mm\\O1M_2Uc0`Mo\\O1L_2Uc0`MP]O0J8Ki1Zc0PNR]ONH9Nh1Wc0QNU]OME73k1Rc0RNV]OMB4:m1lb0TNW]O>ES1N_NTc02U]O_2F`MSc03U]O^2I_MRc03U]O]2J`MPc03V]O[2MbMnb02U]O\\2N`Mob02S]O`2O[Mcc0f2=0O1000I7M2N3O1N2M3O1O10001O000KU[OQNkd0m1Y[OPNhd0o17O100O2N1M4L7I5L3N1N2N2N2O1O1O0100O1O1M2O011O010O1000O01O1N2N10100O10O0O2N2O001O00O10@ZZOCge0;\\ZOCee0<]ZOAee0?`0O2M2K6L4JX_od0"}, "iscrowd": 0, "category_name": "fish", "score": 0.667057991027832}]}