{"images": [{"id": 0, "file_name": "images/2019-02-26_00-44-33to2019-02-26_00-44-47_1-0049_jpg.rf.c7da0b4a615b5a1f627016edfb107329.jpg", "width": 1280, "height": 740}], "annotations": [{"id": 0, "image_id": 0, "category_id": 84, "bbox": [221, 34, 70.5, 39.5], "area": 1038.0, "segmentation": {"size": [740, 1280], "counts": "ZmQ52of07K2N2O0O2O00001O0100O1O2OO01O1O010O01O001O00100O001O1O010O1O00100O1O10O01O2OO01O10O01OO100O2O0O1000001O00001O001O001O1O001N2O1M3Mn[[f0"}, "iscrowd": 0, "category_name": "shrimp", "score": 0.9197123050689697}, {"id": 1, "image_id": 0, "category_id": 86, "bbox": [495, 566, 34.5, 90.5], "area": 1826.0, "segmentation": {"size": [740, 1280], "counts": "WiW;8Ze0=Y[OOcd0\\1M2N2M3M3M1N3O1I7L4O0010000001O2N3M4bNg[OI^d0Nl[OLZd0Jm[O4\\d0_Oi[O?_e0O1O2N1N2N3N2Llin`0"}, "iscrowd": 0, "category_name": "starfish", "score": 0.8843414783477783}, {"id": 2, "image_id": 0, "category_id": 86, "bbox": [336, 616, 65.5, 56], "area": 1889.0, "segmentation": {"size": [740, 1280], "counts": "hfb72bf0c0L1002N<C4L<3A4DGgYO<Uf0FjYO;Tf0HhYO;Vf0;N2O0O2O0O2N100O2N100000O010XOUZO6ke0JVZO6je0JVZO5le0JTZO6Pf0GoYO8de0AfZO6D:fe0@fZOj0je01O1O001O000O101O1O1O1N2O1N2O00O1O1O1O1O001N1UORZOa0me0@UZO?je0_OYZO`0he0^OZZOb0ge0[O[ZOd0Sf0N2J6N2O2O1Nlbjc0"}, "iscrowd": 0, "category_name": "starfish", "score": 0.7420393228530884}]}