{"images": [{"id": 0, "file_name": "images/2019-03-06_22-04-39to2019-03-06_22-04-49_1-0038_jpg.rf.453b8db7e70fe043825636eea7c0b3b0.jpg", "width": 1280, "height": 740}], "annotations": [{"id": 0, "image_id": 0, "category_id": 77, "bbox": [1056, 288, 68, 56], "area": 2635.0, "segmentation": {"size": [740, 1280], "counts": "bfjg08kf02N2O0O1N2I7J6K6M2N2O3M3N2N3M2O6I20N0N3O0O2JaZOeN_e0`12O1O1O000fN^ZOQ1be0nN^ZOS1be0kN_ZOV1ge0010O1O1O1O001N2O000O2O0O100O100001N2O2N2N1fNZZOS1me0O000O1O101N1O2N2O1Nb0_O3M3M1O00oSa3"}, "iscrowd": 0, "category_name": "crab", "score": 0.758800208568573}, {"id": 1, "image_id": 0, "category_id": 77, "bbox": [972, 459, 72, 49.5], "area": 1461.0, "segmentation": {"size": [740, 1280], "counts": "ZSVf02Rg001Ol03hN<ZOEWZOb0he0=O2O1N2O1OO00O1M4J50100001N11O0O100002N4L1O1O2M2N8H3L3M3N2O000O10O11O1N4K9GeRg5"}, "iscrowd": 0, "category_name": "crab", "score": 0.7629760503768921}, {"id": 2, "image_id": 0, "category_id": 77, "bbox": [892, 648, 62.5, 66], "area": 2610.0, "segmentation": {"size": [740, 1280], "counts": "kTXd04of09F4E6nYO[Oie0e0XZO^Ofe0b0ZZO_Ode0b0[ZO@JMce0d0bZOG]e0R1^ZObN[e0d1O0011O00O2O0O000OYNkZO`1Ve0_NmZO^1Se0cNnZO[1Re0fNnZOZ1Re0fNnZOZ1Se0fNkZO\\1Te0eNjZO]1Ue0:O00000O1O0101O1O0O2N1O2N3M3L4M2OO001O1N2001O2O0O1O1O1N2N5UOPZO9jf0@\\[\\7"}, "iscrowd": 0, "category_name": "crab", "score": 0.6804162263870239}, {"id": 3, "image_id": 0, "category_id": 77, "bbox": [935, 712, 44.5, 28], "area": 1159.0, "segmentation": {"size": [740, 1280], "counts": "ZWRe05mf03N1M4N10000000001O0O1M3O1O1O1O100O100O100O100O10000001O000000000O1000O100O100001O1O1O1O001O00000O101O0O3M[hc6"}, "iscrowd": 0, "category_name": "crab", "score": 0.8138366937637329}]}