{"images": [{"id": 0, "file_name": "images/2019-03-06_22-11-06to2019-03-06_22-11-17_1-0134_jpg.rf.0aa97a5e08f5d031a5e9b9f9f609c6a7.jpg", "width": 1280, "height": 740}], "annotations": [{"id": 0, "image_id": 0, "category_id": 77, "bbox": [876, 504, 56, 23.5], "area": 676.0, "segmentation": {"size": [740, 1280], "counts": "T\\gc02Pg04N2M3N2N1O001O00000000000000000000000000O10000000000000O10O1000000000O10000O010000O1O1O10001O1O1N3MbhP8"}, "iscrowd": 0, "category_name": "crab", "score": 0.8788136839866638}, {"id": 1, "image_id": 0, "category_id": 77, "bbox": [989, 462, 30.5, 34.5], "area": 1083.0, "segmentation": {"size": [740, 1280], "counts": "dZ]f02=7ne01fYO5Xf0<N2M4M20000O10001O1O1O1O10O00001O001O000O010000000O2M2O2QOSZO2L9jni5"}, "iscrowd": 0, "category_name": "crab", "score": 0.875663161277771}, {"id": 2, "image_id": 0, "category_id": 77, "bbox": [983, 672, 40, 39.5], "area": 1090.0, "segmentation": {"size": [740, 1280], "counts": "ScUf01Qg05M2N2N2M2O2K7J5L2N2N1O2O0O1000001O00001O00O1O1O2L3N3N1O1L4@eYO5]f0KdYO4\\f0:O3N1O001OO100O1O1M5ET[h5"}, "iscrowd": 0, "category_name": "crab", "score": 0.895642876625061}, {"id": 3, "image_id": 0, "category_id": 77, "bbox": [1064, 688, 42.5, 42.5], "area": 1664.0, "segmentation": {"size": [740, 1280], "counts": "cUPh03Pg0101N1YO:oYOGle0k0M3O2O0O100000000O100001O00000000000000000000000000000000000000O1O010GmN`ZOT1`e0lN`ZOR1je0O2M3RORZOc0Pf0ZOUZOb0Zf0_Odlj3"}, "iscrowd": 0, "category_name": "crab", "score": 0.8044933080673218}, {"id": 4, "image_id": 0, "category_id": 77, "bbox": [548, 444, 38.5, 34.5], "area": 1154.0, "segmentation": {"size": [740, 1280], "counts": "][_<:`f0=J4M4M3M2O10O1O001O000O10000001O1N100O1000O100O0100000O011N1N3N2N3D=Iadc?"}, "iscrowd": 0, "category_name": "crab", "score": 0.8570952415466309}, {"id": 5, "image_id": 0, "category_id": 77, "bbox": [496, 696, 42.5, 38.5], "area": 1190.0, "segmentation": {"size": [740, 1280], "counts": "okW;3of03L4M2O2O0K5N2O1O1O1O1G9N2N2O1O11O1O000000001O000000O10000002nNTZOh0Tf001O0000001O000O2]OiYO7df0M4MhQf`0"}, "iscrowd": 0, "category_name": "crab", "score": 0.7854088544845581}]}