{"images": [{"id": 0, "file_name": "images/2019-02-20_19-43-37to2019-02-20_19-43-46_1-0121_jpg.rf.358a19a3c8351cfe28d535798e72f0c0.jpg", "width": 1280, "height": 740}], "annotations": [{"id": 0, "image_id": 0, "category_id": 78, "bbox": [585, 670, 33.5, 68.5], "area": 1593.0, "segmentation": {"size": [740, 1280], "counts": "jXU=3Qg02O0O1COfYO1Uf04iYONRf0f0M2N3N2N2M2O1O1O2N3M1O1O1O00001O001N1O1003M5K2N1O001O00001O1O2N3L5BnYOAWf09mYODUf08?Kgdh>"}, "iscrowd": 0, "category_name": "fish", "score": 0.8510285019874573}, {"id": 1, "image_id": 0, "category_id": 77, "bbox": [897, 356, 34.5, 20.5], "area": 591.0, "segmentation": {"size": [740, 1280], "counts": "]kWd05nf03N1O1O0O2O000000000000000JG`YO:\\f09N2O10001O00000000O1000001O0O2O2M6HhYm7"}, "iscrowd": 0, "category_name": "crab", "score": 0.8358948230743408}]}