{"images": [{"id": 0, "file_name": "images/2019-03-19_11-42-13to2019-03-19_11-42-21_1-0019_jpg.rf.a5f2accc362c523654d5cef6259f73f3.jpg", "width": 1280, "height": 740}], "annotations": [{"id": 0, "image_id": 0, "category_id": 77, "bbox": [885, 569, 65.5, 48], "area": 1528.0, "segmentation": {"size": [740, 1280], "counts": "i\\oc0a0af06K3M2N1000000000001O000000000000O0101O001O1O001O001N100000000O10000000O1_OSZOKme05TZOJke06VZOIke07VZOEme0:VZO_Ooe0a0:0000000fYO@Pf0`0oYOCoe0<RZODne0<RZOCPf0<QZOBQf0<=O1N2Make7"}, "iscrowd": 0, "category_name": "crab", "score": 0.8555889129638672}]}