{"images": [{"id": 0, "file_name": "images/2019-02-22_23-28-21to2019-02-22_23-28-34_1-0039_jpg.rf.dcfbbc9a295a1fb66e42323ed7679f4e.jpg", "width": 1280, "height": 740}], "annotations": [{"id": 0, "image_id": 0, "category_id": 86, "bbox": [557, 690, 97.5, 48], "area": 3036.0, "segmentation": {"size": [740, 1280], "counts": "RYh<=df05@>N3O00000000000001O0O2O1O00100O0000000000O100O100O100O100O10000O100000000O1000000000000000000O100000000O1O1N2O1001O001O1O1O1O1O1O1O1O000O101O001O1O2N001O001O1O1O2N1O001O001O1O1O1O2M3N3M1N3Mbcn="}, "iscrowd": 0, "category_name": "starfish", "score": 0.8988498449325562}, {"id": 1, "image_id": 0, "category_id": 86, "bbox": [714, 276, 64, 48], "area": 1949.0, "segmentation": {"size": [740, 1280], "counts": "ioT`03if0<I4M3N1O100O101O0000000O1000000000000000O10000001O0001O01O6J4L3DjNdZOX1Ze0hNfZOY1Ye0hNfZOX1Ze0hNfZOY1Ye0gNgZOY1Xe0hNhZOX1Xe0iNgZOW1Ye0iNgZOW1Xe0jNhZOU1Ye0lNfZOT1Ze0mNdZOT1\\e091O1FcZOkN_e0Q1<N2N2M3YOlYO=Vf0AmYO=Sf0BoYO<Qf0EoYO;Qf0EPZO:Pf0FPZO:Pf0FPZO:Pf0FPZO9Qf0GoYO9Qf0GoYO8Rf0HnYO8Rf0HoYO6Sf0InYO5Tf0I`RY;"}, "iscrowd": 0, "category_name": "starfish", "score": 0.7942782044410706}]}