{"images": [{"id": 0, "file_name": "images/2019-03-06_22-16-56to2019-03-06_22-17-10_1-0174_jpg.rf.e5c74dbecb8f9a964fbce5f5551badcc.jpg", "width": 1280, "height": 740}], "annotations": [{"id": 0, "image_id": 0, "category_id": 85, "bbox": [768, 449, 32, 105.5], "area": 1037.0, "segmentation": {"size": [740, 1280], "counts": "Z^[a0h0Zf09H5K3N1N2O1O1O1O3M3N1O1O2N3M2O1`0_O7H4L2M4K5L2M7DR^o:"}, "iscrowd": 0, "category_name": "small_fish", "score": 0.9107800722122192}, {"id": 1, "image_id": 0, "category_id": 77, "bbox": [874, 617, 40, 45], "area": 1087.0, "segmentation": {"size": [740, 1280], "counts": "``gc05of01N101O000000000GJcYO7\\f09AHPZO:oe0>N102O0N3K4O2O1O0001O1O1O1N2N2N1M3N2N200O1O101N2N3J?AXZY8"}, "iscrowd": 0, "category_name": "crab", "score": 0.718940019607544}, {"id": 2, "image_id": 0, "category_id": 77, "bbox": [796, 663, 70.5, 48], "area": 1212.0, "segmentation": {"size": [740, 1280], "counts": "dSWb07mf020O00120MM3M3N1O2N3N1N10001N10001O0O1000001O001O0000001O0O101O000O100000000000O1N2O1O1O2O0O1O101N2N3N1O2M3MZT^9"}, "iscrowd": 0, "category_name": "crab", "score": 0.8793305158615112}, {"id": 3, "image_id": 0, "category_id": 77, "bbox": [736, 584, 40, 30], "area": 986.0, "segmentation": {"size": [740, 1280], "counts": "mUe`07hf08K3O2N1O0O2N1L5N2O0O10O100O10O100O10O10000O1000001O0O2N1O1O1O1O1N2O2N1O2O1N4K^mZ;"}, "iscrowd": 0, "category_name": "crab", "score": 0.7986820340156555}, {"id": 4, "image_id": 0, "category_id": 77, "bbox": [571, 481, 46.5, 33], "area": 948.0, "segmentation": {"size": [740, 1280], "counts": "Ubn<1Qg05L9F4M2N7J000000000000000O01000O100000001O000000O1O2N10000O100O1KfYO@[f0>gYO@Zf0`06N2O2M3Mm`Q?"}, "iscrowd": 0, "category_name": "crab", "score": 0.7965306043624878}, {"id": 5, "image_id": 0, "category_id": 77, "bbox": [939, 698, 48, 41], "area": 1337.0, "segmentation": {"size": [740, 1280], "counts": "[PXe04of02[O0TZO1ie03TZONje05UZOKke07SZOIme0:oYOFQf0=lYODTf0g0O000000000O1O1O1O1001O001O001O001O00001O00001O0000001O000000O1N2M3O17H6K?A1N3MfYb6"}, "iscrowd": 0, "category_name": "crab", "score": 0.8182820081710815}]}