{"images": [{"id": 0, "file_name": "images/2019-02-21_06-50-54to2019-02-21_06-51-01_1-0084_jpg.rf.51aceaadacfbab9cfd662efa6328d683.jpg", "width": 1280, "height": 740}], "annotations": [{"id": 0, "image_id": 0, "category_id": 86, "bbox": [575, 631, 60, 85], "area": 2805.0, "segmentation": {"size": [740, 1280], "counts": "eVP=6lf03N2UO8WZOJee0=WZOCPe0J^[OU1_d0ROU[OV1id0c0010HU[OUNld0`1T[OaN4Mid0a1T[O_N51gd0^1a[OaNbd0\\1^[OcNdd0\\1Q[OdN[e0[1eZOfNZe0Z1eZOgN[e0Y1eZOhN[e0W1eZOiN[e0W1fZOgN[e0X1gZOfN[e0Y1][OiNjc0W1U\\OjNjc0V1V\\OjNkc0U1g[OhNjd0Y1T[OSOad0m0][OVObd0j0^[OVObd0k0][OUOcd0n0\\[OPOdd0Q1`[OiNad0W1a[OgN_d0\\1^[OdNbd0a1Z[O^Nfd0f1V[OYNjd0j1U[OUNed0N[[On1jd08N101N101OO1N1O2L4L4M3I7M3eNgZOg0Qf0Hb0\\Of`f>"}, "iscrowd": 0, "category_name": "starfish", "score": 0.8477100729942322}, {"id": 1, "image_id": 0, "category_id": 85, "bbox": [731, 163, 16, 20.5], "area": 193.0, "segmentation": {"size": [740, 1280], "counts": "nka`09hf04M3N1O2O00O10001N1O3L6IagQ<"}, "iscrowd": 0, "category_name": "small_fish", "score": 0.9053817987442017}, {"id": 2, "image_id": 0, "category_id": 78, "bbox": [0, 222, 16, 45], "area": 556.0, "segmentation": {"size": [740, 1280], "counts": "k6d1`e000OO_NfZO[1Ze0fNhZOX1Xe0hNhZOX1Xe0hNhZOg0KD^e0EgZOg0KD^e0EhZOf0JE^e0EhZOf0JCae0EhZOg0FASf0=<M2M4CSnal0"}, "iscrowd": 0, "category_name": "fish", "score": 0.5671226978302002}]}