{"images": [{"id": 0, "file_name": "images/2019-03-06_22-03-36to2019-03-06_22-04-08_1-0485_jpg.rf.e4f2a084e8026d3ec7122acc6b0efc65.jpg", "width": 1280, "height": 740}], "annotations": [{"id": 0, "image_id": 0, "category_id": 77, "bbox": [951, 538, 42.5, 45], "area": 1263.0, "segmentation": {"size": [740, 1280], "counts": "jQ_e0=ff03M2_YOCYf0e0OO10O10O0L4O2O1M2011O3M2N1O1O3L4M2N5K1O1O0000IVZOUOje0j0VZOVOje0k0UZOUOke0R1O1000O2O001O002lNRZOn0Rf0O2O1N2N8Gak^6"}, "iscrowd": 0, "category_name": "crab", "score": 0.7939389944076538}, {"id": 1, "image_id": 0, "category_id": 77, "bbox": [588, 669, 42.5, 42.5], "area": 1196.0, "segmentation": {"size": [740, 1280], "counts": "XcY=4nf04M6@=J4O1O1O1N2000O2O1O1N2O01N1O2N2N11O1O000O2O0N2M4M3O0OO3K4N3N6J2O01N2UOUZO8Qf0^O_ZO8Xf0N3Kfhe>"}, "iscrowd": 0, "category_name": "crab", "score": 0.7862926125526428}]}