{"images": [{"id": 0, "file_name": "images/2019-02-21_06-50-54to2019-02-21_06-51-01_1-0100_jpg.rf.561e3b67decb4031d5f8aeb5ae3c9e5f.jpg", "width": 1280, "height": 740}], "annotations": [{"id": 0, "image_id": 0, "category_id": 86, "bbox": [575, 631, 60, 85], "area": 1825.0, "segmentation": {"size": [740, 1280], "counts": "jRS=2Qg02N1O1fNLc[O5ee01O0010O01O1O1O1[OJ[ZO7de0MYZO3ge05oYOMQf0c000O101O1O1N2O1O001O001N2O5K5J3M4F8N2N100O2OO1O1L4E:M4O1N2fNbZOl0`e0ROfZOe0_e0ZOiZO<[e0AR[OOeVg>"}, "iscrowd": 0, "category_name": "starfish", "score": 0.861882209777832}]}