{"images": [{"id": 0, "file_name": "images/2019-03-19_13-33-15to2019-03-19_13-33-25_1-0011_jpg.rf.57441971c9a12244a155baaa950bdd5b.jpg", "width": 1280, "height": 740}], "annotations": [{"id": 0, "image_id": 0, "category_id": 77, "bbox": [795, 636, 45.5, 52], "area": 1625.0, "segmentation": {"size": [740, 1280], "counts": "Yola0<ff04O1O001N7I8G0O101O1O1N2O1O2WZOkNae0]1NHaZOnN^e0R1cZOmNVe0LjZOW11mNUe0MiZOV12mNTe0Z1lZOfNUe0Z1jZOeNXe0LgZOZ11jN]e0V1bZOjN^e0V1aZOjN`e0]1001O000000001O0O2O1N3G:Eb0E4K3O1O001O10WYOM`f01aYOOn^o9"}, "iscrowd": 0, "category_name": "crab", "score": 0.75999915599823}]}