{"images": [{"id": 0, "file_name": "images/2019-02-26_00-44-33to2019-02-26_00-44-47_1-0001_jpg.rf.dea67b72a44bf2c788a1afbc13ebbef3.jpg", "width": 1280, "height": 740}], "annotations": [{"id": 0, "image_id": 0, "category_id": 86, "bbox": [495, 566, 34.5, 90.5], "area": 1681.0, "segmentation": {"size": [740, 1280], "counts": "fgW;>R1LVd0?Q[O2md0T1N2N1N3I5M3N2N1O11O110001O0010O2O2kNb[O^Odd09d[OBmd0F^[O7ie00O100O00O2N1N2O2Kmin`0"}, "iscrowd": 0, "category_name": "starfish", "score": 0.8889732360839844}, {"id": 1, "image_id": 0, "category_id": 86, "bbox": [336, 616, 65.5, 56], "area": 2028.0, "segmentation": {"size": [740, 1280], "counts": "oam72Pg04N001N010N2_YOITf08kYOIge0O[ZO<IHie00\\ZOb0ce0AZZO`0de0C[ZO>_e0I^ZO8ae0g0OO100LbZOeN[e0m0bZO\\O3IZe0k0eZOZO1KZe0a100000000001O1O1O02N1N101N100000O1O1O100O1O011N101kN_ZO61Hbe0MbZO9OGae0McZO:NGae0MbZO;0Ene0:SZOEme0;>01O1O7I2MVfgc0"}, "iscrowd": 0, "category_name": "starfish", "score": 0.7152456641197205}]}