{"images": [{"id": 0, "file_name": "images/2019-03-06_22-16-56to2019-03-06_22-17-10_1-0119_jpg.rf.5088e15b3f432f5b32ab7a0366b58b49.jpg", "width": 1280, "height": 740}], "annotations": [{"id": 0, "image_id": 0, "category_id": 85, "bbox": [536, 515, 62.5, 142.5], "area": 2332.0, "segmentation": {"size": [740, 1280], "counts": "QoS<4jf0:G6J6K4L4M2L4M3M1000N12N2N3M2N1M4\\Od0N2001N1O0N3O20O0001OO1000O101M4N1N2M4\\OR[OnNRe0m0e0M3N2O1O2N2M3M4J6DP_f?"}, "iscrowd": 0, "category_name": "small_fish", "score": 0.9240347743034363}, {"id": 1, "image_id": 0, "category_id": 77, "bbox": [880, 629, 38.5, 45], "area": 1215.0, "segmentation": {"size": [740, 1280], "counts": "b^oc0>df07B@mYOc0Pf0:N2O0O1O101O001O00001O01O0001O001O000000000000O101N101I6J8FlfU8"}, "iscrowd": 0, "category_name": "crab", "score": 0.7665460109710693}, {"id": 2, "image_id": 0, "category_id": 77, "bbox": [785, 673, 86.5, 53.5], "area": 3498.0, "segmentation": {"size": [740, 1280], "counts": "S`Sb03Qg01OO2Okg01TXO1ANiYO4Uf0OhYO2Wf0?O2M3M3M7I4L6I5M1N2O1fZO\\NQe0m1O001O000O1001O0000001O001O001O0000000001O0000O0100000001O000001O000O2O001N101O001O1N2O2nNhZO4Ye0JiZO5Ye0IhZO5Ze0IhZOOHEae0:kZOK_e05i0N2N3LXgT9"}, "iscrowd": 0, "category_name": "crab", "score": 0.8284645080566406}, {"id": 3, "image_id": 0, "category_id": 77, "bbox": [682, 571, 44, 31.5], "area": 1106.0, "segmentation": {"size": [740, 1280], "counts": "e]]?>af06K4N2O1O1O1O1O1O100O100O01O1O101O0O2O00000O10O0100O101N100O100O1O1O1O1O101O001O002M2M4M2N2Ogc]<"}, "iscrowd": 0, "category_name": "crab", "score": 0.8650490045547485}]}