{"images": [{"id": 0, "file_name": "images/G000103_R-avi-3501_png.rf.d4ac7e5c02ec42a0c0a93c2b5b4fe7ff.jpg", "width": 1280, "height": 740}], "annotations": [{"id": 0, "image_id": 0, "category_id": 33, "bbox": [39, 328, 54.5, 32.5], "area": 1087.0, "segmentation": {"size": [740, 1280], "counts": "hik01Qg03M3M2N3M2O1N2O2N1O2N1O101O000O10000O1000000000000000000000O100000000O2O000O2O000O2O0O2O0O2N1O2N1O2M101O1O2Nj^ij0"}, "iscrowd": 0, "category_name": "Fish", "score": 0.9478602409362793}, {"id": 1, "image_id": 0, "category_id": 33, "bbox": [97, 374, 48, 29], "area": 880.0, "segmentation": {"size": [740, 1280], "counts": "]VW26kf04N2M2O2N1O1N2O101N1O100O1000000O100000000000000001N1000001O001N101O1O0O2O1N2O0O2N2M_gfi0"}, "iscrowd": 0, "category_name": "Fish", "score": 0.9201293587684631}, {"id": 2, "image_id": 0, "category_id": 33, "bbox": [107, 346, 26.5, 29], "area": 470.0, "segmentation": {"size": [740, 1280], "counts": "XYa29gf06L2O2M2O2N1000000O1001O000000001O1N2O2M3M6GoRki0"}, "iscrowd": 0, "category_name": "Fish", "score": 0.9219115972518921}, {"id": 3, "image_id": 0, "category_id": 33, "bbox": [118, 315, 38.5, 28], "area": 728.0, "segmentation": {"size": [740, 1280], "counts": "aVi24mf05L3O001O1O2O1N1O001O0O2O001O000O2O0001O000000001O001O001O001O001O1O2N1O1N1O2M3KXUVi0"}, "iscrowd": 0, "category_name": "Fish", "score": 0.8828302025794983}, {"id": 4, "image_id": 0, "category_id": 33, "bbox": [139, 295, 36.5, 25], "area": 593.0, "segmentation": {"size": [740, 1280], "counts": "UmV35mf04N1N2O1O1O2M3N1O001O1O00001O0000000000000001O001O1O1N2O2M2N3N3K`Wnh0"}, "iscrowd": 0, "category_name": "Fish", "score": 0.9171720743179321}, {"id": 5, "image_id": 0, "category_id": 33, "bbox": [167, 344, 52.5, 35], "area": 973.0, "segmentation": {"size": [740, 1280], "counts": "Tao32of04N2O1N2O1O2N2M2N2O1N101N2O001N101O001O001O00001O0001O00001O001O001O1O1N3N1N3N2M4M2N1N4Mlmlg0"}, "iscrowd": 0, "category_name": "Fish", "score": 0.9007676839828491}, {"id": 6, "image_id": 0, "category_id": 33, "bbox": [224, 357, 54, 35], "area": 1192.0, "segmentation": {"size": [740, 1280], "counts": "UTU53Pg03M3M3M3M2N2N1O2N1O2N100O2N10000O10O10000001O000000O100000000000000000001O001O001N2O2N1N2O2M3L3N2N4K^Pcf0"}, "iscrowd": 0, "category_name": "Fish", "score": 0.8919331431388855}, {"id": 7, "image_id": 0, "category_id": 33, "bbox": [283, 355, 36, 28], "area": 718.0, "segmentation": {"size": [740, 1280], "counts": "nb]66lf04M101N1N3N2N101N2N101O1N101O00001O00010O0001O001O0O2O2N1N2M4M3L3N3LdSfe0"}, "iscrowd": 0, "category_name": "Fish", "score": 0.9365149140357971}, {"id": 8, "image_id": 0, "category_id": 33, "bbox": [240, 336, 24.5, 27.5], "area": 347.0, "segmentation": {"size": [740, 1280], "counts": "^e`5:hf02N3M2O1O1O100O010001O00001O1O100O3M2N3LlTmf0"}, "iscrowd": 0, "category_name": "Fish", "score": 0.944576621055603}, {"id": 9, "image_id": 0, "category_id": 33, "bbox": [288, 302, 37, 41], "area": 711.0, "segmentation": {"size": [740, 1280], "counts": "^cb69if03L5M2M2O2N2N1O2N100O2O00O10000000001O0O2O0O2O0O2N1O3L5KU^ee0"}, "iscrowd": 0, "category_name": "Fish", "score": 0.9525704383850098}, {"id": 10, "image_id": 0, "category_id": 33, "bbox": [333, 325, 49, 31.5], "area": 872.0, "segmentation": {"size": [740, 1280], "counts": "afa73nf04M2N3N1O2N1O2N1O2N100O2O001O000O101O00000000000001O0O100O2N2O0O2O0O2O0O2N101N2O001O1N2N1O2N10ccXd0"}, "iscrowd": 0, "category_name": "Fish", "score": 0.9251407980918884}, {"id": 11, "image_id": 0, "category_id": 33, "bbox": [354, 344, 33, 25.5], "area": 427.0, "segmentation": {"size": [740, 1280], "counts": "T`T83of04M2O0O2O1N101N2O0O2O1N100000001OO10001N2O1N2O1N2O1O0O2O2MSjRd0"}, "iscrowd": 0, "category_name": "Fish", "score": 0.896467387676239}, {"id": 12, "image_id": 0, "category_id": 33, "bbox": [396, 369, 27, 18.5], "area": 355.0, "segmentation": {"size": [740, 1280], "counts": "jfP91Pg05L3M3N100O2O000O2O0000000000000001O1O001N2O1O2N2N2NihXc0"}, "iscrowd": 0, "category_name": "Fish", "score": 0.9093354344367981}, {"id": 13, "image_id": 0, "category_id": 33, "bbox": [421, 339, 38.5, 24.5], "area": 614.0, "segmentation": {"size": [740, 1280], "counts": "oPb96mf02N1O2N100O2N100O2O0O100O2O000O10001O00000000000001O0O101O1N101N2N3N2M3K_W`b0"}, "iscrowd": 0, "category_name": "Fish", "score": 0.923897385597229}, {"id": 14, "image_id": 0, "category_id": 33, "bbox": [457, 361, 47.5, 27], "area": 854.0, "segmentation": {"size": [740, 1280], "counts": "PdZ:4mf03L4O2N1O1O100O1O1O100O100O100O100O10O010000000000000000000000001O00001O1O001N3N1O1N2N2N2MbTaa0"}, "iscrowd": 0, "category_name": "Fish", "score": 0.9459178447723389}, {"id": 15, "image_id": 0, "category_id": 33, "bbox": [451, 315, 33.5, 23], "area": 449.0, "segmentation": {"size": [740, 1280], "counts": "\\iT:1Rg05K101N2N1O2N1O1O2N010O100O100000000000O10000O101O0O2N2O0O3MoiQb0"}, "iscrowd": 0, "category_name": "Fish", "score": 0.9039868116378784}, {"id": 16, "image_id": 0, "category_id": 33, "bbox": [514, 341, 25.5, 21], "area": 409.0, "segmentation": {"size": [740, 1280], "counts": "Uic;6mf02O1N2N2N1O2O0O2O0O2O0O2O0001O0010O01O1N2O1O2M5IfTg`0"}, "iscrowd": 0, "category_name": "Fish", "score": 0.9057937860488892}, {"id": 17, "image_id": 0, "category_id": 33, "bbox": [534, 328, 34.5, 27], "area": 557.0, "segmentation": {"size": [740, 1280], "counts": "]nR<6nf01N2O2N1N3N1O1N101O0O10001O000O100000000000000001N10001N3M3M8F^mR`0"}, "iscrowd": 0, "category_name": "Fish", "score": 0.8931454420089722}, {"id": 18, "image_id": 0, "category_id": 33, "bbox": [560, 311, 31.5, 25.5], "area": 504.0, "segmentation": {"size": [740, 1280], "counts": "\\ge<1Qg04M2N2N2N1O2N100O2N100O10000O1000000000000000O2O000O2O001N2N2N4Kf]_?"}, "iscrowd": 0, "category_name": "Fish", "score": 0.9212081432342529}, {"id": 19, "image_id": 0, "category_id": 33, "bbox": [760, 357, 49.5, 38.5], "area": 1085.0, "segmentation": {"size": [740, 1280], "counts": "]mYa01Qg05L2M4L3N2N3M2N2O1N101O1N2O001N101O1O001O0010O00010O00001O1N101O1O2N1N3N1N4L3M4L3M6Jkoc:"}, "iscrowd": 0, "category_name": "Fish", "score": 0.9471783638000488}, {"id": 20, "image_id": 0, "category_id": 33, "bbox": [787, 317, 55.5, 38.5], "area": 1415.0, "segmentation": {"size": [740, 1280], "counts": "fUfa01Rg01O2N10000O100O10000O1O2O0O1O2N1O2N1O2N1O1O1O2O0O1O100O1000000O10000O1O10O01O100O01O010O00100O1O10O01O1O1O100O100O101N101O0O2O1O1O1N2O1N3N1N3Mkib9"}, "iscrowd": 0, "category_name": "Fish", "score": 0.876404881477356}, {"id": 21, "image_id": 0, "category_id": 33, "bbox": [823, 312, 36.5, 25.5], "area": 588.0, "segmentation": {"size": [740, 1280], "counts": "jZbb05of01N2O2M3M2O1N3N1O1N2O0000001OO10000000001O0O101O0O2O1O1N2O2M2O1N3MhRb9"}, "iscrowd": 0, "category_name": "Fish", "score": 0.8613092303276062}, {"id": 22, "image_id": 0, "category_id": 33, "bbox": [846, 409, 71.5, 41], "area": 1187.0, "segmentation": {"size": [740, 1280], "counts": "nnUc02Qg03M1O1O1N2O1O0O2N110O100O01000O01O01O010O1O100O1O001O010O100O100O10O0100O010O1000O01000O10O01000000O10O10O100O100O101N100O100O2O0O2O1N1O2N2NQhS8"}, "iscrowd": 0, "category_name": "Fish", "score": 0.8647953271865845}, {"id": 23, "image_id": 0, "category_id": 33, "bbox": [897, 332, 31.5, 27], "area": 603.0, "segmentation": {"size": [740, 1280], "counts": "SYYd06lf04M2O1N101N1N3N1O2N1O1O100O10000O100000O101N1O1O2O1N2N3L4L]Qn7"}, "iscrowd": 0, "category_name": "Fish", "score": 0.9236549139022827}, {"id": 24, "image_id": 0, "category_id": 33, "bbox": [924, 316, 34, 22.5], "area": 459.0, "segmentation": {"size": [740, 1280], "counts": "n_md05mf04N1N2N2O1N101N101N100000000O100001O0O101O1N2O1O1N2O1N3M4LVjY7"}, "iscrowd": 0, "category_name": "Fish", "score": 0.9204791784286499}, {"id": 25, "image_id": 0, "category_id": 33, "bbox": [900, 362, 58.5, 27], "area": 776.0, "segmentation": {"size": [740, 1280], "counts": "Za`d07jf04N1O10OO2M201O01000O100O1O2O00000O11O2N10O01O00000O1000000000O10O011O1O0O100O101N100O100O2O0O2O1MgZX7"}, "iscrowd": 0, "category_name": "Fish", "score": 0.8671888113021851}, {"id": 26, "image_id": 0, "category_id": 33, "bbox": [918, 342, 69, 39], "area": 1671.0, "segmentation": {"size": [740, 1280], "counts": "eoad02nf05M2O1N1O2N2O1O1O1O1O1O2O0O100O100O2O0O1O100O10O0100O100O1000O0100O010O010O010O10O10O0100O1O1N1O2O100O1O100O100O10000O101N100O100O2O000O2O0O2O0O2O2Mljd6"}, "iscrowd": 0, "category_name": "Fish", "score": 0.9482173323631287}, {"id": 27, "image_id": 0, "category_id": 33, "bbox": [137, 323, 36.5, 24], "area": 829.0, "segmentation": {"size": [740, 1280], "counts": "^am23lf08K4M2O001N2O001O001O0O10001O000001O00001O001O0000000000000000O010001N1O101N1O3N1M4LY\\Pi0"}, "iscrowd": 0, "category_name": "Fish", "score": 0.8704522848129272}, {"id": 28, "image_id": 0, "category_id": 33, "bbox": [164, 329, 40, 17], "area": 399.0, "segmentation": {"size": [740, 1280], "counts": "c`o35lf05L3N2O1N2O0O10O1000000O100O101O00001N10001O001O1O1N2O3Lh`Xh0"}, "iscrowd": 0, "category_name": "Fish", "score": 0.8919574022293091}, {"id": 29, "image_id": 0, "category_id": 33, "bbox": [204, 367, 35.5, 31.5], "area": 530.0, "segmentation": {"size": [740, 1280], "counts": "cWe45mf04M3L3N2O0O2O00001O00000000001O000001O0000001N3N1O1O1O1O1N3N1N3LTm_g0"}, "iscrowd": 0, "category_name": "Fish", "score": 0.8955999612808228}, {"id": 30, "image_id": 0, "category_id": 33, "bbox": [346, 361, 26.5, 23.5], "area": 305.0, "segmentation": {"size": [740, 1280], "counts": "oUP89hf03N2N2O1N2O1O10000001O0O2O1O0O2O2JSj_d0"}, "iscrowd": 0, "category_name": "Fish", "score": 0.8954416513442993}, {"id": 31, "image_id": 0, "category_id": 33, "bbox": [571, 351, 37.5, 29.5], "area": 564.0, "segmentation": {"size": [740, 1280], "counts": "Vlo<7lf02N1O2N1O2N1O1O100O1O1O1O100000000000O1000001N100O2O0O2O0O2N1O3M4LfaT?"}, "iscrowd": 0, "category_name": "Fish", "score": 0.8295352458953857}, {"id": 32, "image_id": 0, "category_id": 33, "bbox": [585, 338, 37.5, 18], "area": 530.0, "segmentation": {"size": [740, 1280], "counts": "ZXY=7jf03N2N3N1O2O000O2O0000000001O0001O01O01OO2O1N1O2O0O2O0O2O1O00001O001O2JXgi>"}, "iscrowd": 0, "category_name": "Fish", "score": 0.857782244682312}, {"id": 33, "image_id": 0, "category_id": 33, "bbox": [1030, 309, 25.5, 20], "area": 357.0, "segmentation": {"size": [740, 1280], "counts": "kdXg05mf03N2M201N1O2N101O0000000000000000O100O1O2N2N3L3MVYR5"}, "iscrowd": 0, "category_name": "Fish", "score": 0.9109447002410889}]}