{"images": [{"id": 0, "file_name": "images/15a6-kirmaiu900053011_jpg.rf.e73a1d4a65a353b2eb07abc5f085b3ae.jpg", "width": 416, "height": 416}], "annotations": [{"id": 0, "image_id": 0, "bbox": [46.0, 41.0, 75.0, 93.0], "segmentation": {"size": [416, 416], "counts": "[[b0g0V<6L3M3N2N1M3IlN`DU1^;hNgDX1T;hNPEY1[;1O1O1O001O1O1N101O1N2O0O2O001N101I6N3N1O2O0O2O00001O1O0O200O001O1O00001O00000001O00001O1N2N2C=H8N2O2N3M1N2O1O1N2PO_D>d;\\O`Dd0o;N2N1O2M3MVoh3"}, "iscrowd": 0, "area": 4039.0, "category_name": "Mask", "score": 0.9541770219802856}, {"id": 1, "image_id": 0, "bbox": [43.0, 5.0, 35.0, 26.0], "segmentation": {"size": [416, 416], "counts": "le`02m<1O1O1O001JL_C5`<6O100O1O100O01O10O0100O1O10O10O0001O1O010O1001L3O2N2N2N2NgfY4"}, "iscrowd": 0, "area": 416.0, "category_name": "glove", "score": 0.9342257976531982}, {"id": 2, "image_id": 0, "bbox": [335.0, 17.0, 75.0, 67.0], "segmentation": {"size": [416, 416], "counts": "Z[W41l<6J4M3M2N2O2M1O2O1O1N1O2O0O100O1O1O10ONROUDn0i;42JTDUOn;k04O01000O01O010XDVOZ;j0dD\\OW;d0iD@T;`0kDBS;>mDDQ;=nDYOK3V;d0nDZO0OP;g0PE[O1Mo:h0PE[O2Lm:i0QE\\O2Ll:h0QE]O4Jk:h0QE^O5Ji:i0QE\\O8Kf:j0QE[O:Ke:i0QE[O<Lc:i0PE[O=Mb:h0REZO=Na:h0QEZO?M`:j0QEXO?O`:h0QEZO>Na:i0QEYO=Ob:g0QE[O=Mc:R1]EnNd:R1[EoNe:P1\\EoNe:Q1PEjN55l:W1REiNo:W1QEhNP;X1oDiNQ;W1nDiNS;W1lDiNU;W1kDiNV;V1iDjNX;V1fDkN\\;\\10O2N3M2O1N2A[D_Oh;=\\DAf;<^D@e;=bd3"}, "iscrowd": 0, "area": 2688.0, "category_name": "Mask", "score": 0.8907670974731445}, {"id": 3, "image_id": 0, "bbox": [10.0, 274.0, 143.0, 124.0], "segmentation": {"size": [416, 416], "counts": "_V53Y;NYF4e9OXF3f9OXF2g9OYF1g90WF1i9OWF1i90VF0i91VF0k90oDHP18Q:1mDJP15S:8kEHV:9iEGX:8hEHX:9fEH[:8dEH\\:9cEG^:9`EGb:9]EGc:9]EGd:9[EGe::YEGh:9WEGi:9WEFk::SEGm::REFn::REFo::PEFP;;nDFS;9mDFT;;kDEV;;hDFX;:hDFX;;gDDZ;<eDE[;<dDD\\;<dDD\\;=bDD^;<bDC_;>`DB`;>_DCa;>^DBb;m010lDkN]:U1bElN^:T1bEmN]:S1bEnN^:Q1cEPO\\:P1dEPO\\:P1dEPO\\:o0dERO\\:n0dERO\\:n0dERO\\:n0cESO^:l0bETO^:m0aETO^:m0`ETO`:l0`ETOa:k0_EUOa:l0^ETOc:k0\\EVOd:j0\\EVOe:i0[EWOe:j0ZEVOg:i0YEWOh:h0XEXOi:g0VEYOk:h0TEXOm:g0SEYOn:f0REZOP;e0oD[OR;d0nD\\OS;c0mD]OT;b0lD^OT;c0jD^OW;a0iD_OY;?gDAZ;?eDA[;`0cDA^;P11O1N2O0O2O100001N3N1O2N1O>B2N1N2O00O1N2O1O1O1N2O1O1O1O1O001O00100O1O1O1N3N1O3M1O1O1N2O001O1N2O1O1N2O1N4K5L5J6I`m\\3"}, "iscrowd": 0, "area": 5881.0, "category_name": "glove", "score": 0.9113321304321289}, {"id": 4, "image_id": 0, "bbox": [0.0, 137.0, 159.0, 125.0], "segmentation": {"size": [416, 416], "counts": "`5Z2e:010000O1O1O1K5O1O1O1O1O1O1O100O1O10O0100O0010O010O2O0O2N100O10N11O100O10O0100O100O1ON3O1IPE[NR;e150O000100O010O010O01O01000O010O01O10O010O01O001N1011O0O100O101N10000O10kNjD`0U;AkD?U;AkD?U;@lD`0S;AlD`0T;_OmDa0S;^OnDb0Q;_OoDa0Q;_OoDa0Q;^OPEb0o:_OQEa0o:_OPEb0o:^OREb0n:]OSEb0n:^OREb0m:^OTEb0l:^OSEc0m:]OSEc0l:]OUEc0k:\\OVEd0j:\\OVEd0j:[OWEe0i:ZOWEf0j:ZOVEf0j:ZOVEf0j:YOWEg0i:XOXEh0h:XOWEi0i:VOXEj0h:VOXEj0h:UOXEl0h:SOYEm0g:SOYEm0g:ROYEn0h:QOYEo0g:QOYEo0g:POYEQ1g:oNYEQ1g:nNZER1f:mNZET1f:lNZET1f:kN[ET1f:lNYEU1g:jNZEV1f:iNZEX1W;0O@^DDb;<^DCc;<^DDa;=_DCa;=_DCa;<`DD_;=aDC_;=aDB`;=aDC_;=aDC^;>bDB^;>bDA_;>bDB^;>bDB_;N\\D45M`;O[D36N`;M[D55N`;L\\D65Ld;HYD<3Lj;3WDLj;4WDKi;5XDIj;5a000O2O1M4Lk^Y3"}, "iscrowd": 0, "area": 8075.0, "category_name": "glove", "score": 0.9371746778488159}, {"id": 5, "image_id": 0, "bbox": [323.0, 183.0, 86.0, 132.0], "segmentation": {"size": [416, 416], "counts": "YSS46g<5L3M2N2M2N000^Od0M4M4M2N2O000O02O00O0100O00100O001O001O001O1O001N1100jDhNe:X1]EhNa:Y1dEhNT:Z1lEjNo9V1UFjNg9V1aFbNRO4V:Y1nFfNP9Z1`FcNM0_O4l9W1kFhNONS9W1UGhNI2P9S1hGkNkN2\\9Q1YHoNf7o0V21O3N6I9H3L5K6I5K3N2N1O0000kNbEH_:8U10O01O10O0100O01000O0100001O0000001O001O1O0O3N2M4M3]ORDMQ<OSDNgV2"}, "iscrowd": 0, "area": 3900.0, "category_name": "glove", "score": 0.8986985087394714}, {"id": 6, "image_id": 0, "bbox": [206.0, 173.0, 95.0, 237.0], "segmentation": {"size": [416, 416], "counts": "[Yd2;c<5mEGY7=`HH]7<_HG`7<[HFd7=XHEh7>THCm7>oGDQ8=mGDT8>hGBZ8?cGB^8>`GBb8?\\GAe8`0XG@k7^OjGS18@l7BjGn09@k7FkGk07@l7JkGg07_Om7MkGe06]Oo70jGd06\\OP83hGa06\\OS86fG=6]OS8=bG78\\OU8d0]G2<ZOQ8_2nGaMo7d2oG[MP8h2nGXMR8j2mGVMR8k2mGUMT8l2jGTMV8o2fGSM[8h32O3O2N001OO1J6B>K6K4L4M2N5L7J5K2O11N4L5K8G7TK\\Hm3[86J00O2M3N2L4M4J5L4K5K5L3L3O5J3M6K2M2N6J3N2M3`MeEX2c:M4L3N3M3L3M3M4M2N1N2O2N1O2M4K6J7GR]^1"}, "iscrowd": 0, "area": 9955.0, "category_name": "glove", "score": 0.9615746736526489}]}