{"images": [{"id": 0, "file_name": "images/15a6-kirmaiu900053011_jpg.rf.694b77caa6986ae1304e755bbb96f798.jpg", "width": 416, "height": 416}], "annotations": [{"id": 0, "image_id": 0, "bbox": [38.0, 0.0, 70.0, 128.0], "segmentation": {"size": [416, 416], "counts": "^Sa0:a<7J5N2N2M3]DXOk:j0oD]On:f0iDBU;V1N2O1O3M4K3M3F:[Oe0N1O1O1O001O1O000000001O01O1O1O1O1O1O1O1O1O0O2N2N2M2GPF`MS:]2:N101N2O1N2OZFgMf8W2S1NVFkMl8T2SGlMo8R2PGoMS9o1lFQNV9n1gFQN^9n1_FUNb9j1k0O1OVEZN[:f1`EUNL3j:g1WEWNQ;d19N3M2M4K6HdXl3"}, "iscrowd": 0, "area": 5238.0, "category_name": "Mask", "score": 0.9546298980712891}, {"id": 1, "image_id": 0, "bbox": [79.0, 142.0, 32.0, 27.0], "segmentation": {"size": [416, 416], "counts": "XRQ11l<4M2O1JJ`C8`<H_C:c<000O100O1O001O1O1O1O010O1O1N110O000100O1O1GeCK]<4701O1M3Nbaj3"}, "iscrowd": 0, "area": 459.0, "category_name": "glove", "score": 0.9199775457382202}, {"id": 2, "image_id": 0, "bbox": [145.0, 0.0, 91.0, 169.0], "segmentation": {"size": [416, 416], "counts": "ZZk1o4m74M3M4O000000000000000002N1O1O2N2N2N3M1O2N2N1O2M3N2N1O00004L1OKhKcGW4]8jKcGU4Z8iKdG22NNT4\\8lKdG19P4e8N100O1O1N20YOWLXHf3h7ZLZHd3f7]LYHc3i7\\LXHb3j7\\LXHa3f8N2N1O1N3M2N3L4M2M3N2N2M3N1N3N2N2N2N2N2N2N2N1O1O1O001O1O2N2M3M3N3K6K5J7H<Ao^[2"}, "iscrowd": 0, "area": 9674.0, "category_name": "glove", "score": 0.9679739475250244}, {"id": 3, "image_id": 0, "bbox": [269.0, 0.0, 146.0, 80.0], "segmentation": {"size": [416, 416], "counts": "iT^38f<5K3N2M3M2O1N2N2N1O1O1O000O1WOVO^Ei0b:k01O12N001O0000000000O1O1O1O1O1N2O1O1O1O1O1O1O1O1N2O1O1O1N2O1N2O1N2O1N2O1N2N2N2O1N2N2O1O11O2N3M2N3M2N3M3M2N4L3M3M3M3M3M3M3M3M2001N3N2M4K5L4K3M6J5K5J7I6J6HU\\2NocM2O1O2N2N2N1O1O1O1O000000000000O100N2N2M3M3N[n6OkdH0_<0dC8[<KcCO010MY<3mCOLOn;0fD1Y;0gD0`:"}, "iscrowd": 0, "area": 3931.0, "category_name": "glove", "score": 0.9701164364814758}, {"id": 4, "image_id": 0, "bbox": [14.0, 196.0, 57.0, 76.0], "segmentation": {"size": [416, 416], "counts": "ao971MZ<c0Fc0A7K5K3N2O1N100O01O1O0O1O2N101O1O1O1O1N2O00100N3N3M4L3M2N2M4M2M4M2N4L5K4NO1N2N101O01N3LfZ\\4"}, "iscrowd": 0, "area": 1734.0, "category_name": "Mask", "score": 0.9543704986572266}, {"id": 5, "image_id": 0, "bbox": [204.0, 291.0, 86.0, 124.0], "segmentation": {"size": [416, 416], "counts": "aUa25j<=C3M3N3\\EVOj8n0TGSOk8P1RGPOn8S1nFnNR9NdES1X1QOV9o0eFTO\\9o0]FUOc9o0WFSOR9EZF0<V18WOc8DhF10;8i07hNB`0W9>hFSO1^16WOR9\\OhF1Oc01j04VOZ9[OdFd0Nl02VOc9ZO\\F?Mo1m9b01^MRFP2n9a01O0000000000001O1O3M2N1O1O3M1O1O2N1O1O00O1K500O1K5JXMSFi2k97M3M3O1M3N2O1O1NVNcF5\\9h1O1O1O100OTMkF8Ob0W9oNQG=Id0W9iNUGb0Ee0Y9_NXGl0@e0P:\\OPFd0o9]OQFc0n9]OUFa0i9_OZF`0f9_O[Fa0d9QOQFK<S1b9QOTFK;T1`9QOWFJ9U1_9POZFJ8V1]9oN]FI9W1Z9nN`FI8X1W9nNcFI7Y1V9lNaGS1_8kNcGU1^8hNdGX1R:ROcD9];FjD4V;KmD3S;MnD2R;NmD3S;MmD3T;LmD3S;NlD2U;LmD3T;KmD4R<Fdib1"}, "iscrowd": 0, "area": 6846.0, "category_name": "glove", "score": 0.903386116027832}, {"id": 6, "image_id": 0, "bbox": [284.0, 232.0, 88.0, 161.0], "segmentation": {"size": [416, 416], "counts": "jSf38e<5K6J5L5K4K5L5K9G8G8H4M2N2M3O2MLdEiMY:X2jEhMQ:[2QFeMk9]2WFcMe9_2\\FcM`9]2cFcMZ9^2iFaMU9_2mFbMP9]2RGdMl8\\2WGcMg8]2ZGdMd8\\2]GeMa8a2ZG_Me8j2SGmLF8U9\\2mFlM8Fj8]2UGkMNIk8[2]GkMHGj8^2aGnM^OFP9\\2fGSNY8l1mGoMT8P2QHjMP8U2^100O100O100O2N100O1O001N10O100L3N3N2OO2iMgEf1Z:ZNkE]1Z:bNkEl0c:TO^ENC:W;HXEM\\;3eDMZ;3gDMX;3iDMW;2iDOV;1kDOT;1mDOS;1mDNS;2mDOS;0nD0R;0mD0T;0kD0V;1gD1Z;1aD0a;1YD2i;`03N3L4L5I^Qb0"}, "iscrowd": 0, "area": 4789.0, "category_name": "Mask", "score": 0.9546316862106323}, {"id": 7, "image_id": 0, "bbox": [159.0, 170.0, 131.0, 91.0], "segmentation": {"size": [416, 416], "counts": "RTX2h0T<7K5K3M3M2N2NK5101N2N2O1N2N2M3M3N101O1O1N2O1O1O1O1O1O100000O11O00000000000O100O1O1O1O010O100O10O10000O100O100O101N1O101N1O2O0O2N1O2N2N101N2N1O001aNfDW1[;hNiDT1W;mNoDl0R;TOVEc0k:\\OZE?f:A^E;c:E^E9b:G_E8a:I^E6c:J]E3SOIb;3[E2i:OUE2k:NVE1k:OTE0n:ORE1n:0QE0P;0oD0R;0mD0T;0kD1U;OjD1X;OeD2\\;NbD3`;N\\D2f;0SD3P<=3L4K7Cclg1"}, "iscrowd": 0, "area": 5017.0, "category_name": "Mask", "score": 0.9478693008422852}]}