{"images": [{"id": 0, "file_name": "images/fwioeahgiragher_jpg.rf.21f2e21e5626af3f4e17a002ae5a6523.jpg", "width": 416, "height": 416}], "annotations": [{"id": 0, "image_id": 0, "bbox": [71.0, 65.0, 100.0, 131.0], "segmentation": {"size": [416, 416], "counts": "f[m08\\;MWEi0d:_OSEg0i:^OQEg0m:k0J4L3N1O2M2O1O1O1O1O100O010001O1O2M4M4L8H<C4MO1O001N2O0O2O1N2N101N2N2N2N1N3N2O1O1N101O1O00001O0O101O0ORNTFj0l9TOWFl0g9TOZFl0f9TOZFm0d9SO]Fm0c9SO^Fl0b9SO_Fm0`9TO`Fm0_9SOaFm0_9RObFm0_9SObFk0_9TObFk0`9SOaFl0`9TOaFk0`9SOaFl0a9QObFm0j:O0O10O2N1O2N2O0O2O1O1N110O001O10O1PO`DD0e0b;BbDGNf0U<01N3M4L3KkoT3"}, "iscrowd": 0, "area": 5568.0, "category_name": "glove", "score": 0.9641452431678772}, {"id": 1, "image_id": 0, "bbox": [148.0, 66.0, 96.0, 131.0], "segmentation": {"size": [416, 416], "counts": "nQo17g<5K5M2N2M3QEZOa9h0\\FXOVO3k9h0lFVOXO2l9j0iFVOZO3k9h0jF\\OSOLT:i0gFHY99eFG\\9:cFF]9;aFEa9:^FGb9:]FFc9;[FEf9<XFEh9<WFCk9<TFEl9<RFDP:<oEDQ:<nEDS:=lEBV:>hEBS9[OcGS1YOBR9@dGn0YOAR9FbGi0[OAR9L`Gc0\\OAT9O^G`0^OAS92^G<^OBT95\\G;\\OAX96[GS1e8QOYGm0h8VOUGi0k8^OnFc0R9e12N3M;E7J3L3M2N00O1N2N2N2O1N10100O10TNTFd0l9[OVFd0j9[OYFc0g9mNSFKi0e0U9[OVFOi0d0Q9UO\\F7g0a0^9_OeF?Z9AiF>V9BmF;R9EQG8o8IRG5o8KSG2m8NUG0l80VGMj83XGKh86YGHh87ZGHe88]GFd8:]GDc8<P21O1O00010O0100O00010O1O101N1O1O2O1N1N4MmgS2"}, "iscrowd": 0, "area": 5118.0, "category_name": "glove", "score": 0.937211275100708}, {"id": 2, "image_id": 0, "bbox": [252.0, 0.0, 39.0, 248.0], "segmentation": {"size": [416, 416], "counts": "fnV35U7S2oIm1[4`3L2N00000000000000000000000000000000O103\\OeJ]I\\5b6eJXI0H^5m6cJVIOM10`5R6`JnI20O1L140NO10`5Q1UKPO\\O0N_31_L81H060O0^5?oKe2]NlLe00\\O071LNe54XLd2MXMW6c2X2Hb0`NcTe1"}, "iscrowd": 0, "area": 6635.0, "category_name": "Mask", "score": 0.9481146335601807}, {"id": 3, "image_id": 0, "bbox": [47.0, 325.0, 70.0, 78.0], "segmentation": {"size": [416, 416], "counts": "Vkc04l01n:1oD2o:OPE2o:OPE2o:OPE2P;NoD3P;NoD2Q;OnD2Q;1kD0V;3gDMX;6eDJ\\;8aDI^;:_DFb;:\\DHc;k0gDeNl:[1QEkNm:U1QEmNn:S1REnNn:R1QEoNn:Q1QEPOo:Q1PEPOP;o0PEQOP;o0PEROP;n0nDSOR;m0nDSOR;]11N2O001O001O001O14K2O0O10000000O001N2O1N2O10O01O0O2O0O101O0O1N3O001O1N1O2N2M3N3L<E4L6J5JYgh3"}, "iscrowd": 0, "area": 3144.0, "category_name": "glove", "score": 0.9687532782554626}, {"id": 4, "image_id": 0, "bbox": [311.0, 335.0, 39.0, 54.0], "segmentation": {"size": [416, 416], "counts": "Wmo32^<a0N2N101O001O001O1O010KXOoCi0P<40WOSD?m;_OYD=4BR;0kD>1ES;NjD>0GW;LgD>LK];FhDP1Z;nNfDQ1[;POdDP1f;O1N2N3L3M4M4M7J2N2N3Lbek0"}, "iscrowd": 0, "area": 794.0, "category_name": "glove", "score": 0.9223717451095581}, {"id": 5, "image_id": 0, "bbox": [350.0, 353.0, 56.0, 52.0], "segmentation": {"size": [416, 416], "counts": "ha^45i<4ZCI^<`0L101N101N101K5N2N2O1O1N2O001O001O000000001O00001O000O20O000O2M2N2BVD\\OO2o;b0:O100O100O1O100O010O1000000O2O1O2Mc`4"}, "iscrowd": 0, "area": 1501.0, "category_name": "glove", "score": 0.9561439752578735}, {"id": 6, "image_id": 0, "bbox": [321.0, 293.0, 38.0, 44.0], "segmentation": {"size": [416, 416], "counts": "lgT41m<5K201N2O1O1N3N1O2M2N2L4L3N3O00N2O6J6J2O0O2O1N1O2N1N3N2NU_h0"}, "iscrowd": 0, "area": 483.0, "category_name": "glove", "score": 0.8846701383590698}]}