{"images": [{"id": 0, "file_name": "images/gettyimages-1269830808-612x612_jpg.rf.a188c5bce1241fe285ff153fd58521e2.jpg", "width": 416, "height": 416}], "annotations": [{"id": 0, "image_id": 0, "bbox": [76.0, 117.0, 52.0, 85.0], "segmentation": {"size": [416, 416], "counts": "gdn06k<00OOLXC2h<NXC3g<310O01O1O1O00XN9VFHf9g0RE_O?K[:X1fEgNV:\\1jEdNU:^1fEfNY:Z1hEfNX:Z1iEeNW:[1iEeNW:[1cEkN]:U1\\E`N1<c:S1]ETOb:e11O0XNeEk0]:kNlET1P;0O1O1O1OCbDZO\\;f0fDZOY;f0hDZOV;g0kDYOS;h0nDXOQ;h0PEXOn:4mD26Im:4oD25Jk:3QE35Ji:3RE27Kg:1TE36Le:1UE37Ke:0UE57Kd:NVE87Ie:JVE<7IS;6oDHQ;8QEEP;;k0O1O001N3M5J]Qd3"}, "iscrowd": 0, "area": 1851.0, "category_name": "glove", "score": 0.8984119892120361}, {"id": 1, "image_id": 0, "bbox": [250.0, 99.0, 77.0, 64.0], "segmentation": {"size": [416, 416], "counts": "hXU3<`<8J4L3N2N2N2N2N2O1N2N2M201N2O1O00000O01N2E;000O010000O10O10O1000000O1000000O100000000O100010O010O010O1O010O00100O0100O10O01001O^O[DHh;2[DNf;2XD0g;1WD2g;LZD4h;MUD5j;0oC2P<KTD5l;MPD5P<>0O1O2EPDAS<=PD@Q<?;M6IfiR1"}, "iscrowd": 0, "area": 2578.0, "category_name": "Mask", "score": 0.8593145608901978}, {"id": 2, "image_id": 0, "bbox": [315.0, 77.0, 70.0, 177.0], "segmentation": {"size": [416, 416], "counts": "doP49d<4K5M2L4N1ZN]OnFe0S9]OiFd0Y9]OcFc0`9_OZFc0g9_OTFb0o9_OmEb0W:]OeEc0`:\\O\\Ed0g:]OUEc0n:^OnDb0U;_OgDa0\\;?3L4N2N21K4QE[Om8Y1kFROo8b2K4N1N2N2N3M3M4L4LTOaG^MZ8f2jGVMQ8n2RHPMj7R3[HjLd7h2oHTMo6g2aIlLb6l2k102O2N3M4M3M3M3M2N3L4K5L4M2N3L3N2N2N2N2O2J5M3M3N3L5K5J8HU_<"}, "iscrowd": 0, "area": 4519.0, "category_name": "glove", "score": 0.9590679407119751}, {"id": 3, "image_id": 0, "bbox": [68.0, 306.0, 80.0, 82.0], "segmentation": {"size": [416, 416], "counts": "Zil04h<4M4L3N2N2ECQD?m;;N3N1O100000000001O001O1O0O2OO1O1O1N2O1N2O1O1N2O1O1O0O2O1N2O1O1N2N101O10hNnDb0R;[OREd0n:YOVEf0k:VOXEj0];2O1N3N=C6I4M1N3N1OfNXE=h:B[E=c:C`E;a:CaE=^:BcE=^:BdE8b:F_E@C;X;4VEAD7Y;6TECD6Z;4REGE5Y;1UEHC7[;KUENA7T<ImC7S<HmC9P<IQD6o;ISD7l;JTD5\\<O100O1OSn\\3"}, "iscrowd": 0, "area": 2865.0, "category_name": "glove", "score": 0.930385947227478}, {"id": 4, "image_id": 0, "bbox": [165.0, 341.0, 78.0, 73.0], "segmentation": {"size": [416, 416], "counts": "V^U25j<3M2O1O1O001N2O001O0O2O0O2M3L3N3M3N1O2M3N1O2N1O2N100O1O1O0O01O01O1M3010O2O010O010HeDiN\\;U1hDjNX;S1<O0L4O1O00000000001AQDLo;b0000^OSD2n;0PD0o;`0000_OQD3n;MTD1m;OSD0m;0TD0l;OSD2m;ORD1o;MSD2n;NRD1P<MQD2P<MQD1R<MPD1S<LoC1VgV2"}, "iscrowd": 0, "area": 2229.0, "category_name": "glove", "score": 0.940243661403656}, {"id": 5, "image_id": 0, "bbox": [244.0, 265.0, 69.0, 112.0], "segmentation": {"size": [416, 416], "counts": "]iS312Y2_:j0[O<D1O000O10M30aFbL\\9^3cFdL\\9\\3eFbL\\9^33K5O1N`FlLX9m2cFTMh9l2XFRMk9k261O1PFSMk9j2XFVMh9T3M2NO1000000002N1O1O1O0O2O000_FdL^9o2bFXM0Hb9o2^FXMf9Q3\\FiL_9V36HZFRMO0h9U3\\FjLM4Z9o2lFTMU9h2nFXMQ9i2QGTMP9k2QGTMQ9g2kFWMH6]9a2lFcMT9Y1dF\\O6]OX9V1bF[O8^OW9V1eFXO5@X9X1cFWO6@X9Y1bFWOMWO44INe9\\1[FeN8>OAL4g9b1VFiN7@I007n9]1SFjN8MW:DaEQ11]O8Na:i0eETOb:7nDMb0L`:4REM=F@8T;6kDKc0H]O1_;NaD;0Ic0NT;NZD160f<OD0iC150m;OSD1Wc1Ol_W1"}, "iscrowd": 0, "area": 5988.0, "category_name": "glove", "score": 0.8734760284423828}, {"id": 6, "image_id": 0, "bbox": [337.0, 265.0, 78.0, 99.0], "segmentation": {"size": [416, 416], "counts": "[^^4`0_<4M2N2N1O2N1O1O1O001O1O1O1O001O001O1O1O1O1O001O1O1O1O1O001O1O2N1O10O11OO2ON2L4O1N2O1O1O1O001O1O1O1O001O1O001OZNXEU1g:hN^EW1a:eNeE[1Y:bNmE\\1m:O2N2N1N2O1O1N]F"}, "iscrowd": 0, "area": 2993.0, "category_name": "glove", "score": 0.9566922187805176}]}