{"images": [{"id": 0, "file_name": "images/gloves_in_the_ocean60_jpg.rf.07f2ce85ee3c34549dcc343cd81aa1be.jpg", "width": 416, "height": 416}], "annotations": [{"id": 0, "image_id": 0, "bbox": [55.0, 0.0, 67.0, 52.0], "segmentation": {"size": [416, 416], "counts": "XXk04i<2O1O1O1N2N2L4H9M2O1O2M3O3N1O00000000001O1O000000O10000O1000000000000000000O1O1J6N2M3I7G9M3MSfj3"}, "iscrowd": 0, "area": 1376.0, "category_name": "Mask", "score": 0.949142336845398}, {"id": 1, "image_id": 0, "bbox": [0.0, 45.0, 98.0, 131.0], "segmentation": {"size": [416, 416], "counts": "l3Y1g;01N101O1O001N3N1O2N1O0O2OO100O001O10O01O010O10O10O01O10O01O1O00100O00H8J6L5K4L4H8N2N2N2N2K5B=01001O001O01000001O001O100O11O1O2N3M3M2iNbEG_:7bEI_:5bEK`:1bEO_:ObE1_:MaE4`:JaE6`:GcE8^:EcE<^:BcE>]:@eE`0[:_OfEa0[:]OfEc0Z:[OiEd0W:[OjEe0V:ZOjEf0W:YOjEg0W:VOkEj0V:SOlEl0U;01O0O100O1O2N1O1O1N3N1N3M2N3M6HZ]o3"}, "iscrowd": 0, "area": 4894.0, "category_name": "glove", "score": 0.9739328622817993}, {"id": 2, "image_id": 0, "bbox": [324.0, 34.0, 85.0, 114.0], "segmentation": {"size": [416, 416], "counts": "`fS44j<6K2N2O2N2OAbC;\\<6O1ON2O2NbCB2OW<<<G[C0e<70I\\C0k<N10J7H9kC_Oc;R1K5J6J6L4L3N3N3N1N3N2N3M4M3L3M100YF\\MR9b2bF_ML8`9W2dFQN]9n1bFSNa9i1XF^Nk9Z24XMSFU2[:001N2N2OYOmEcNQ90XG^1GcNn8c2oFWMNHR9R3PGVMNHR9S3oFZMQ9[30HoF`LR9_3nF`LT9e31I8O1O11OO>@l0TO1OO2O0I8N3N10000001O001O1N2O1kNcEE_:6gEG[:2lEKX:KQF2S:IRF3R:HRF6_;LhT3"}, "iscrowd": 0, "area": 5396.0, "category_name": "glove", "score": 0.8478859066963196}, {"id": 3, "image_id": 0, "bbox": [174.0, 24.0, 125.0, 147.0], "segmentation": {"size": [416, 416], "counts": "ohX27a<>B<ZFVOj6S1oHQOj6W1RIkNj6Z1RIiNk6\\1QIfNl6^1QIcNn6_1PIcNn6`1oHaNQ7`1mHaNS7`1kHaNT7a1jH`NV7b1gH_NY7b1eH_N[7b1cH_N^7WOcGQ2m0hNT8P1hGROZ8m0dGSO^8m0`GTOc8j0[GVOi8h0UGYOk8h0SGXOl8j0SGVOk8n0SGROj8S1TGnNi8V1UGjNj8Y1TGgNl8[1SGdNm8^1QGbNo88kFM3LR98lFL0LS99oFn0P9SOSGk0k8WOVGg0i8ZOZGc0f8]O]G`0d8_O`G=a8BbG;_8CgG8Z8GjG5W8IkG6V8HlG7U8GmG8T8FnG9T8FmG8T8GmG8T8HlG7V8GkG8V8GkG8V8FlG9S8EQH:o7CUH<l7AXH=i7BXH=i7BXH>h7AYH?g7@ZH`0g7^O[He0b7YO_Hj0_7SOcHn0^7mNeHU1b94L3N0O1O0000O101O0O1O1O100O1O1O1O2N100O1O2O0O2O0O101N100O2O0O101O0O100O10000O101O0O1000000O2O00O10O100O101O1N3M3MWj_1"}, "iscrowd": 0, "area": 6586.0, "category_name": "glove", "score": 0.9785038232803345}, {"id": 4, "image_id": 0, "bbox": [302.0, 132.0, 86.0, 50.0], "segmentation": {"size": [416, 416], "counts": "XPj31n<200O1O100O1\\C;k;FSDc0f;^OXDb0h;;10O01O001O0010O00010O0000000001O00000001O000001N10001O00001O0O2O001O001O1O0O2O00O1N1O2N2NZOTD;j;FYD9e;G]D9a;GbD8\\;IfD6Y;HkD7U;HnD7Q;GRE8n:GTE8l:HTE8l:HTE8l:HTE8m:GSE:l:GSE9m:HRE8o:GQE9P;HnD7S;JlD6U;IkD7U;JjD6W;LfD4[;KiD1Y;NgD1Z;0dD0^;0aDO`;1RDJ85h;4YDKh;5WDKk;4TDLm;5QDKR<7iCIZ<<3N3L4Lli:"}, "iscrowd": 0, "area": 2172.0, "category_name": "Mask", "score": 0.9074215292930603}, {"id": 5, "image_id": 0, "bbox": [8.0, 241.0, 138.0, 92.0], "segmentation": {"size": [416, 416], "counts": "\\[44k<1O2O000\\CMOOT<6kC4T<LjC7U<IkC8S<;0001O0O010O10000O010O010KSOWDm0i;SOWDl0j;TOVDl0i;UOTDn0l;3O11oNTDk0m;UOSDk0j;7000O10O1000O10O1000O01O100O10O0100O01000O100O010ZDkN`;]1N1N2O1O2M2O0O100O10000O010O0100O010O1O1O10O01O1O10O01O1O1O1O1O001N2N1O2O0O10001O010O01F9O20O010O1O100O1O1O100O101N100O101N101N2O1N2N2O1N2N2O1N3N1N2O1O1N2O1N3N2M4Lc]]3"}, "iscrowd": 0, "area": 5309.0, "category_name": "glove", "score": 0.932903528213501}, {"id": 6, "image_id": 0, "bbox": [217.0, 244.0, 129.0, 111.0], "segmentation": {"size": [416, 416], "counts": "dXi2>Y<<F8K6I5M@kD\\OP;?[E@b::gEEW:7PFIm96WFIh95[FKd94^FLa93aFM]93eFL[94fFLY93hFNW92jFMV93kFMS93nFMR93oFMo84QGMn83RGMm84TGLj85VGKj85WGKg85ZGKf86bEEb15m8>oFBQ9b0kF_OU9d0gF\\OZ9g0bFYO_9j0]FVOd9l0YFTOh9n0VFQOk9Q1RFoNP:Q1nEoNT:R1iEnNX:U1eEjN]:W1`EiNa:Y1\\EgNe:Z1YEgNg:Z1WEfNj:[1UEdNl:^1QEcNP;]1mDdNT;c11O1000000000001N100O100O2O0O101N1O101N101N1O2N101N2N2O0O2N2O1N2N2O1O2N101O01O00001O00000000000010O01O1N3N1O1O001O2N1O1N4M2N100O0001O0O2O1O2M3M2O1N1O2M3N2M3M3M4Jj`l0"}, "iscrowd": 0, "area": 4374.0, "category_name": "Mask", "score": 0.9246444702148438}]}