{"images": [{"id": 0, "file_name": "images/gloves_in_the_ocean72_jpg.rf.99104eeb1a89c01c17e672dead542281.jpg", "width": 416, "height": 416}], "annotations": [{"id": 0, "image_id": 0, "bbox": [32.0, 61.0, 174.0, 91.0], "segmentation": {"size": [416, 416], "counts": "im?6i<2O1N2O0O10001N1000000000000lCFb;:\\DJb;6]DLb;4^DLb;4]DNb;2]DOc;1]DOc;1]D0b;O^D2b;N^D2b;N^D2Q;FRE8M2o:JRE4N4n:JSE2O4n:KQE213m:MQE014n:MPEO24n:MPEO25m:MPEN35m:MPEN35m:MPEN26n:MoDM36n:MoDM37m:LPEM37m:LPEM37m:MoDL47n:LnDM47n:LnDM38o:KnDM39n:JoDM39o:InDN39o:InDN39o:InDO28P;JmDN39o:InDO28P;InDO28Q;HmD117R;HmD117R;;mDFR;T100000000000000001O000000000O10001O000000000O101O000000000000O1N2N2O1O1000O10O01O1O1O1O101N1O100O2O000O2O00001N10001O0O10001O00000O2O00001O001N101O010O1O001O100O100O1KUDSOl;k0501O1OPDVOj;i0WDXOi;g0WDYOi;g0XDXOh;h0XDXOh;h0YDXOg;g0910O001O01O002OO4K1O1N3O0O2C_C015a<K\\Xg2"}, "iscrowd": 0, "area": 6871.0, "category_name": "glove", "score": 0.9342342019081116}, {"id": 1, "image_id": 0, "bbox": [159.0, 78.0, 60.0, 88.0], "segmentation": {"size": [416, 416], "counts": "[gR24i<4N2M2QEFW9;gFHW99gFHY9:dFG\\9:cFF]9;aFF`9;^FFa9;\\FGd9:[FFf9;UFIj98nEOR:2kE1U:JXEA?a0@@i:?YE_O<`0FBe:?YE@973I\\:?ZE@579IW:a0[E_O485N[:;]E_O1R1_:@`E^O0S1`:_OaE]OMW1`:]OcE\\OKY1a:]OcEg0]:YOcEg0]:ZOaEg0_:YO`Eh0_:n0O000O100O10000O1000000O01000000000000000001O1N4eMXFX1j:L5GZm_2"}, "iscrowd": 0, "area": 3191.0, "category_name": "Mask", "score": 0.909643292427063}, {"id": 2, "image_id": 0, "bbox": [26.0, 170.0, 175.0, 119.0], "segmentation": {"size": [416, 416], "counts": "YP<5T10]:2iDL<4h:1hD0>1h:0gD3`0Mi:`0WE@g:b0XE^Oh:b0XE_Og:a0YE_Og:b0XE^Oh:b0XE_Og:a0YE_Og:b0XE^Oh:b0XE^Oi:a0VEAi:`0VE@k:`0TE@l:a0SE_On:a0QE_OP;`0PE@Q;`0nDAQ;?oDAR;?mDAT;>lDBT;>lDBU;=jDDV;=iDDV;<jDDV;<iDEX;:hDFX;:gDGY;:fDFZ;:eDG\\;8dDH\\;8dDH\\;9cDG];9bDH^;n00O00001O1O1O1O1O1O1O001O00001O00001O00001O1O001O1O1O1N2O2N001N1000O100O1O010O10O010O01000O10O10O10O0100O010O100O1O010O10O0I7K6K4N3L3L4J7M2O1N2O1O2M1M5BiMmE\\2R:91O001O0010O01000000001O001O00100O100001N2O2N2N2M2jNbEG_:7bEI_:5bEJ_:5aEL`:2aEN`:ObE1_:MaE4`:JaE5a:I`E7`:GbE9^:EdE:]:EcE<]:CdE=\\:BeE>[:@gE`0Y:_OgEa0Z:^OgEb0Y:]OhEc0X:\\OiEc0X:\\OhEe0X:YOjEg0V:XOkEg0V:WOlEi0U:TOmEk0U;0O0100O1O1O100O1O1O1O0O2O1O1N2O2M2N3M3L_Pc2"}, "iscrowd": 0, "area": 8378.0, "category_name": "glove", "score": 0.9731650352478027}, {"id": 3, "image_id": 0, "bbox": [314.0, 29.0, 100.0, 232.0], "segmentation": {"size": [416, 416], "counts": "cho3a0X<>[DROe:l1H3L4M3L4K5K5ZOaMfFd2V9e0M3M3M4K4N1M4N2M3L4N2N1N3M3M3N2N2M3M3N2M3N2N2M3N2O1M3N2N2M3N2O1M4N1N2N2N2N2N2N2N2O1N2N2O1N2O1N2O1O1N2O1O100O100O100001O0@a0N1102bI^I01O0T6_6lIeI0LV6k6NN2N3\\OgI[J[6j5eIgI11O1^6T6bIjI42]6[62N4L4K3N5K3M4L4L4L4L8H7I4L4L5YObGaLe8P3WGhLd9k1b1VNjD70<[Q1"}, "iscrowd": 0, "area": 16921.0, "category_name": "Mask", "score": 0.9501038193702698}, {"id": 4, "image_id": 0, "bbox": [166.0, 307.0, 94.0, 108.0], "segmentation": {"size": [416, 416], "counts": "biQ2163]<0bC1]<OdC1[<M`CO54Z<MiC3W<MgCOL2\\<0lC1S<OnC0Q<NTD0l;0TD0^i00PC0o\\42obK2L3N3L4M3M2N3M3N1O2N2N2M2O2N1O2N2O1N2N1O2N1N3N2M2N2N2N2N4L5TEkM010N^:T2;1O1O1O2N100001O100O1O100O10O0100O2O1N2O1N2O0O2O0O2O0O102M2O0O1O100O001DhDnNY;l0mDTOR;h0SEWOn:d0WE[Oi:a0m0M3M3M3Lecn1"}, "iscrowd": 0, "area": 3786.0, "category_name": "Mask", "score": 0.9328351020812988}, {"id": 5, "image_id": 0, "bbox": [261.0, 290.0, 101.0, 88.0], "segmentation": {"size": [416, 416], "counts": "VT[3<6EL2a0NP;P1_D\\O^;S1O10N20eDbNT;^1lDbNT;R1gDoN41];U1aDkN_;V1_DjNb;n0dDPO`;o0aDQO_;P1`DQO_;o0aDRO^;n0bDRO^;n0aDTO^;l0cDRO^;n0bDPO`;P1`DQO_;o0aDQO_;o0aDPO`;P1`DPO`;o0aDQO_;j0>OVDWO_;i0gDWOS;>]DF1NT<<lCC3OR<>jCD3O8O^;b0WD^O1190F31M^;a0aD_O004OM4O40I31R;`0nD_O1OM4O81HS;=PE@0OMj0R;GXE_OFn0n:C\\E@Hk0k:FUE_O11Nk0k:LUE=i:n0O1O1O@[EgNb:m0_EfNL397[:[1fEeNY:Z1iEfNW:9^E@20N<<KV:2_EF001c0:EU:Z1iEhNV:X1jEiNU:W1kEiNU:R2O00001O00000O10000000O2O0O100O1O100N200O1O1O1N2O1O1N2O1N2O1N2O1N2N2N2M3N2N2M3L4M3K5G:FTSh0"}, "iscrowd": 0, "area": 5071.0, "category_name": "Mask", "score": 0.8247941136360168}]}