{"images": [{"id": 0, "file_name": "images/gloves_in_the_ocean72_jpg.rf.fcb7ffc9d9238c97fd7d90587bb7393c.jpg", "width": 416, "height": 416}], "annotations": [{"id": 0, "image_id": 0, "bbox": [25.0, 99.0, 132.0, 65.0], "segmentation": {"size": [416, 416], "counts": "[Z<6i<2O0O101O000000000CHRD8m;KQD5n;MQD3o;NPD2o;OQD1o;0PD1o;OQD1n;1QDOo;1QDOo;1QDO1Kb;6]DO0Mb;5]DN0Ob;3^DN0Ob;3^DNO0b;3_DMO0b;4^DMN0d;3^D:b;F^D:a;G_D9a;G_D9a;G_D9a;H^D8b;H^D7c;I]D7b;J]D7c;c000000O1000000000000000000O10000000000000000O101O00000001O1O1O1O1O01O1O001O1O001O001N101O000O101O0O1000000O2O000O10000O100O100O1O100O1O1O1O101N2O0O1000I^OPDa0Q<@mCa0T<42O001N2O0O2N1O2O0O002LSmY3"}, "iscrowd": 0, "area": 3890.0, "category_name": "glove", "score": 0.9385026097297668}, {"id": 1, "image_id": 0, "bbox": [121.0, 88.0, 46.0, 63.0], "segmentation": {"size": [416, 416], "counts": "Pmb14l<2M2iNIcE8[:LbE5^:KaE6_:J`E7`:J]E8b:J\\E6e:JZE7e:OTE3k:2PENQ;3mDMHAU;d0PEMT;6jDKT;7jDXOM=Y;<iDVOO?W;a0iD@V;`0jD_OW;b0hD_OV;V1000000O10001O00KkD`NU;_1kDaNU;_1kDaNU;_1nD^NR;c1mD]NS;i10O0000000O1[OmD\\OU;?l0J4I9@VXT3"}, "iscrowd": 0, "area": 1793.0, "category_name": "Mask", "score": 0.8728140592575073}, {"id": 2, "image_id": 0, "bbox": [19.0, 0.0, 134.0, 85.0], "segmentation": {"size": [416, 416], "counts": "Xn84j0OT;3aDMG2f;2aD3DLj;0cD<[;EdD<\\;DdD<\\;DdD<\\;DcD=\\;EcD;];EcD;];EbD<^;DbD;_;E`D<_;E`D;a;E_D:b;F]D;c;E]D:d;F[D;e;FZD9g;GYD9f;HZD8f;IYD6h;JXD6h;JWD7i;JVD6j;JVD6j;?1000000O10OO2O1O1O1000000O10000O101N100O1O1O1O2N10000000010O01O1O010O01O0001O01O0010O01O1O001003L4L4M3M3L6K2N1N2O1O2N6J7IO10O0100O0000O100O1O100O001OO2O0N2N3lNnD8S;ImD5T;KmD3U;MkD1V;OkD0U;0lDNU;2mDKU;5kDJU;6mDHS;8nDFT;9nDER;<nDDQ;<PECP;=QEBP;>PEAP;?QE@P;?QE@o:`0SE^On:b0g001O1O1O00100O1O2N1O1O2N2N1O3LkbW3"}, "iscrowd": 0, "area": 4600.0, "category_name": "glove", "score": 0.9690132141113281}, {"id": 3, "image_id": 0, "bbox": [228.0, 3.0, 125.0, 123.0], "segmentation": {"size": [416, 416], "counts": "ggn21m<3N2M3N1O2M2O2M3N2M2O2M4M2N2N2M2O2J6J6O0O_NeD`1Y;401O00001O00000N2O1O1O1O1O1M3N2O1N3N1O1O1O1O1O1O1O1N2N2OUNiEo0U:QOnEn0Q:QOQFo0m9QOTFP1k9oNWFQ1h9mNZFT1e9kN\\FV1c9iN_FX1_9gNbFZ1^9dNdF\\1]9aNdFb1Z9\\NgFg1X9UNjFn1R:3N1N2N1N3N1NTNcEY1\\:eNgE[1X:dNjE\\1T:eNlEd0L@W:KoEc0MAR:MQFb0O@n9NUFa0O@j90WFa0O_Oh91ZF?0_Oe91\\F`01^Ob92]Fa02[Ob93]Fa04ZO^95^Fb05YO\\93`Fd07UO\\94^Fg0a:XO`Eg0b:VO_Ej0c:RO_En0Y;00O101O000000001O00001O000000001O0O2O1O001O1O2M2O2N2N3M2M4Lhhj0"}, "iscrowd": 0, "area": 5913.0, "category_name": "Mask", "score": 0.96085524559021}, {"id": 4, "image_id": 0, "bbox": [377.0, 0.0, 37.0, 117.0], "segmentation": {"size": [416, 416], "counts": "Uei44f<9\\ODYDd0b;c0K1O01O1O000000O101N10000O1O100O100O1O2O0O1O100O2O000O3N0O2N1O1O2N1O2RN"}, "iscrowd": 0, "area": 1703.0, "category_name": "Mask", "score": 0.9686119556427002}, {"id": 5, "image_id": 0, "bbox": [94.0, 208.0, 70.0, 156.0], "segmentation": {"size": [416, 416], "counts": "nPV11P=3N2UD1_:O_DLk09e:0XE1i:0TE2l:NRE3P;LoD4S;KkD7V;HiD7i9HPG0VO8g92lFH[O5g9;kF^O^O7f9?jF[O^O6g9d0iFUO^O8h9h0hFPO[Og0a9;SGh0V8ZOgGi0W8YOgGg0Y8\\ObGe0`8\\OZGf0i8\\OPGf0R9c13M3L5E:ROn0InNZNUGc1i8dNTGZ1l8nNkFS1U9SOdFn0\\9\\11O1N5L2M3M3N3L3M2N3M2N3M4L4L3M4M1N00O1O1O2N1O100O1001O1O1O4ZNVEm0P;gNZEV1];J4M6I9H8GQlV3"}, "iscrowd": 0, "area": 4795.0, "category_name": "glove", "score": 0.936524510383606}, {"id": 6, "image_id": 0, "bbox": [10.0, 281.0, 70.0, 133.0], "segmentation": {"size": [416, 416], "counts": "RP67j;4hD2R;2lD1P;1oD2n:0PE2n:OSE1l:0SE1l:OUE1j:0VEOj:1VE0j:OXE0g:1YENi:0XEOi:1XEMi:2ZELe:4[EMe:2ZE1e:NXE7g:ImDc0S;f000O1O1M2K7K5K5K5L8H2N101009H2O0003MO0O0O2M3M3M4L3L5L4K8I4K6cN_DR1k;L1N2O2N1O1O2M2O2N0O3L3MahY4"}, "iscrowd": 0, "area": 3361.0, "category_name": "glove", "score": 0.9573183655738831}, {"id": 7, "image_id": 0, "bbox": [367.0, 207.0, 48.0, 55.0], "segmentation": {"size": [416, 416], "counts": "QTf43k<3N3N3L3M2O1N2N1O2N2N2O1O1N2O1N2M3O2M2N3N1O1O1O1O1O001O001N110N101O00001O001O01O00O1001OO100`I"}, "iscrowd": 0, "area": 1876.0, "category_name": "Mask", "score": 0.9718692302703857}]}