{"images": [{"id": 0, "file_name": "images/gloves_in_the_ocean37_jpg.rf.799dd80bf2424a6026fe90dc2115ce4e.jpg", "width": 416, "height": 416}], "annotations": [{"id": 0, "image_id": 0, "bbox": [40.0, 36.0, 90.0, 122.0], "segmentation": {"size": [416, 416], "counts": "XUa04j<4M2N1O100RDJQ;7mDLQ;5mDNP;4oDNo:2PE0o:1PE0P;OPE2o:NQE2o:OPE2o:NQE2o:OPE2o:NQE3n:NQE2n:ORE1n:0QE1n:0QE0o:0QE1n:0QE0o:0QE0o:3nDN]:ZOoEk0AK^:AlE_1S:fNjEY1V:kNfEV1Y:mNcET1^:f0001O00100O1O101N2N1000O1O3M2N2O4nEfMU9\\2fFiMY9X2dFjM[9W2aFmM_9i2001N1O2N1N3K4M4N20000ROWFeNi9T1^FlNh99mFG\\9_OUG`0f:01O00000000001N100000001N100O2O0O3K[Sf3"}, "iscrowd": 0, "area": 4368.0, "category_name": "glove", "score": 0.937304675579071}, {"id": 1, "image_id": 0, "bbox": [80.0, 186.0, 72.0, 99.0], "segmentation": {"size": [416, 416], "counts": "l\\R12k<4L3O1O1O1N2SODTE>j:GQE;o:GmD;R;GlD:T;HiD9V;IgD9X;HfD:Y;HcD;\\;e0O001O2N1N2N2N2O1N2O1O1O1N2O1N101OO1O1O2M2N2O2O001OO1N2M2I7100O2O1N2O2O0O2N2M3N3N2M3N3M2G:K5K4M3M4M2M3N3L4KocZ3"}, "iscrowd": 0, "area": 3288.0, "category_name": "glove", "score": 0.9296234250068665}, {"id": 2, "image_id": 0, "bbox": [248.0, 64.0, 71.0, 156.0], "segmentation": {"size": [416, 416], "counts": "\\eU3c0Z<8H9H8H5L3L2O2M3N1N4M7I:G4L3M2M1O2O1N2L6K3M3I6O1O1O1O13bLgFo2[9kLcF01W3a9RM^FGOj2i9WMhF_2V:lM_EV1X;OO01O0N201N101N1O100O1O2M3M4L3N200L3KiC^OZ<>7L\\e1GoZN1O1O0O100O10ON3BHnC=Y<03MiiV1"}, "iscrowd": 0, "area": 3561.0, "category_name": "Mask", "score": 0.924789547920227}, {"id": 3, "image_id": 0, "bbox": [174.0, 302.0, 93.0, 112.0], "segmentation": {"size": [416, 416], "counts": "g^Y24l<7H5L4L2N3L3N2QDSO11^;T1_DPO^;P1`DUO\\;Y1O001O000000O100O2L3M31O00002O0O2N2N3M1O3M2N2N1O1O2N1O2N2N3NO0000001O000]OYEmNh:P1]EmNc:S1aEiN_:V1eEgN[:Y1iEcNW:^1e02N1E<A?J6L4M3N2NhNSF_Ok9`0YF^Of9a0]F_Ob9?aF@_9?dF^O]9>hF@[99kFE\\95fFHn9DTF:n9DUF9k9GXF6i9JYF3h9MZF0f90_FKa96aFG_99e10O0100O001O2N1N3Mhol1"}, "iscrowd": 0, "area": 4225.0, "category_name": "glove", "score": 0.9480236768722534}, {"id": 4, "image_id": 0, "bbox": [285.0, 286.0, 86.0, 90.0], "segmentation": {"size": [416, 416], "counts": "^fe37f<4N2M2O1O100O1O2N1O100O100O10O0;F3N2M2N1N2O2N1O2N1O2N1O1O1O10O02N2N2N2N2O3REmMg:X2OO1O000O2N6K1N3L3N4L2M3N2O101O000\\O]DYO2<b;6eDJ[;3hDNW;0kD0V;NjD3W;LiD4W;MhD3X;NfD3Z;NeD2Z;OfD2Y;NgD2Y;OfD1Z;OfD0[;0dD1[;0eD0[;0eD0[;0eDO];0cD0];0cDO^;0cDO_;0aDNa;0aDOb;N_DOe;MSVc0"}, "iscrowd": 0, "area": 3097.0, "category_name": "glove", "score": 0.9558266401290894}]}