{"images": [{"id": 0, "file_name": "images/jiwejgij_jpg.rf.ab3156835c53abb52eb19693d4099203.jpg", "width": 416, "height": 416}], "annotations": [{"id": 0, "image_id": 0, "bbox": [56.0, 53.0, 117.0, 117.0], "segmentation": {"size": [416, 416], "counts": "Xce0:a<;J4L3MXOWD<Z<M2N1OiNHdE7Z:LfE3Y:MiE3U:MlE3S:MnE3Q:MQF2n9NSF2l9NUF2j9OVF1j9NWF1i90VF1j9NWF2h9OXF1h9OXF0i9OXF1g90YF0g90YF0g91WFOj91VFOj91VFOj91UFOm91RFOn91RFOn92QFNP:1oE0Q:1nEOS:0mE0S:0nEOS:1lE0S:0mE0S:0nE0Q:0PF4k9LUF5j9KUF6k9JUF5l92lENU:2kENU:NoE1R:NnE3S:KnE4_;1O010O1O10O01O10OlNCeE>o9DVENc00\\O>Z<0dNBWF=h9DXF<i9DlDOX1=l9FUF9k9HUF7k9IUF8k9FQFNnN<R;FUF:j9FVF:k9EVF;i9EWF;i9GUF9Z;0cNDTF<l9DTF=W;010cNEnDOo0<T:DmD0o0=Z:BgE=_;0O000eNCnD0P1=Q:DkDO10S1>P:BPE0Q1=U:CkE>\\;O0001O01O01O01OfNCQF=R:CkE=];O00eNDRF<n9ERF:m9GSF8m9ISF7n9HRF8n9HSF7m9ISF7l9JTF6l9KSF5m9JTF6l9KSF4n9IUF7k9IUF7k9IUF7j9JVF6j9KUF5k9KUF5i9MWF2j9NVF2j9NVF2j9MlDLX17l9LXF3a`R3"}, "iscrowd": 0, "area": 1786.0, "category_name": "Mask", "score": 0.7871084809303284}, {"id": 1, "image_id": 0, "bbox": [0.0, 0.0, 85.0, 186.0], "segmentation": {"size": [416, 416], "counts": "0j5V71O000000bNmHoLS7_400000000000000000000000eMlHjNT7a30_MlHVOT7g0lHjL1_2S7[3000TMnHJR76mHKS7Q3000`KUIk2k6\\MmHe2S7d1000gKlHf2T7ZMmHe2S7d10fKlHh2T7XMlHh2T7b1000iKlH`N0m3T7cMlH`N0m3T7fLlH\\4T7`KRI^4n6aKTI9HY3T7]LVI9GY3S7]LXI;DV3U7^LZI:A]O1c3T7cL^Ic0^Oj2T7bLaI]4_6aKdI?WO_O6Y3o6hLgI>TOA74Ih2U7TMjI>RO@c0m2a6SMnI`0mN_OQ1a2T6^MQJd0Mn1R6]MTJb0H]OoNe2c8mM]HV2e7gM]HW2e7gM\\HX2e7iM_HQ2c7QN\\Hl1h7QNWHo1k7oMUHQ2m7mMSHS2m7mMnFGS1\\2P8PNoGn1T8oMjFHS1OmNU2W9WNmGi1S8WNmGi1T8UNnGi1U8TNlGl1d902L3N10001N102O0O2N00001O0O4\\NdD]1c;jN]DJ<5EKe;NZD<96Z;^O]D<:6Z;DnD:S;EnD0_;L_mS4"}, "iscrowd": 0, "area": 12136.0, "category_name": "glove", "score": 0.8848791122436523}, {"id": 2, "image_id": 0, "bbox": [194.0, 39.0, 60.0, 56.0], "segmentation": {"size": [416, 416], "counts": "i^^26h<4L4L4M2N3M2N2N2N2O1N2O0O2O0O2O0O1010O000010O0100O0100O10O10O100O100O010O100O1O10O01000O0O2N2H7N2O2M3N1O1N3N2N1O2N2N1N3NQhQ2"}, "iscrowd": 0, "area": 1950.0, "category_name": "Mask", "score": 0.9648817777633667}, {"id": 3, "image_id": 0, "bbox": [92.0, 249.0, 22.0, 36.0], "segmentation": {"size": [416, 416], "counts": "WQV19e<3M3M2K7M2O1O0101O0O2O0000O10O1O1O1N2N2M4L5Jeci3"}, "iscrowd": 0, "area": 470.0, "category_name": "Mask", "score": 0.9315387606620789}, {"id": 4, "image_id": 0, "bbox": [349.0, 290.0, 37.0, 57.0], "segmentation": {"size": [416, 416], "counts": "T`^41n<3M3M3M3M3M3L4M2M4M3M2O2M2N1N1O0O2O1001O00O10001O01O1O2N2N2M4M3M3L5I6Ibl;"}, "iscrowd": 0, "area": 1105.0, "category_name": "Mask", "score": 0.957732081413269}, {"id": 5, "image_id": 0, "bbox": [265.0, 216.0, 45.0, 60.0], "segmentation": {"size": [416, 416], "counts": "Tm]36g<9J2N2N100O2O1O0001000O001O1O1N101N2O0O1O100O1O01O0O2K4N3M2O2N1O2M3M3M4MXQ\\1"}, "iscrowd": 0, "area": 835.0, "category_name": "Mask", "score": 0.9518206119537354}]}