{"images": [{"id": 0, "file_name": "images/mask_in_the_ocean_8_jpg.rf.47c331f883b0e759b1de2b8f0633cfb1.jpg", "width": 416, "height": 416}], "annotations": [{"id": 0, "image_id": 0, "bbox": [16.0, 51.0, 173.0, 111.0], "segmentation": {"size": [416, 416], "counts": "hh75j<5M3OO10000N20N10O100O0O2O0O0010O00001OO1001FNdC2Z<>L4M2M3N2M4M6Jd0[O5L1N2O0O2O000O101O001N2O1O1O001N2O001N2O1N100O1O101O001O0O101O001O10O01N10001O000000000O100000000000000000000000O10000000000O100000000O1000001O0O10001O0O2O1N2N2L6H;gMUEd02\\ON50L1Ol;1SD31Ljc12lhN5N2O01L[CMe<8dDIm97SFJl96TFHn98lENT:1jE2V:NfEHSO;W;NeE5[:L]EO]OOV;1XE5CJU;3UE4FDNOW;9SE5ICNMW;;RE5IBZ;9lD3GA42Z;:fDDLh0b;DdD6b;J^D4c;MZD1k;0TDJNI0OP<=RDDN31LS<d0mC\\OW<c0iC]OY<b05ObC_O\\<?cCB_<:7L2O1O000O100000O010O00O10O2O0O2OO1M`[m2"}, "iscrowd": 0, "area": 8642.0, "category_name": "Mask", "score": 0.922817587852478}, {"id": 1, "image_id": 0, "bbox": [246.0, 24.0, 124.0, 135.0], "segmentation": {"size": [416, 416], "counts": "oRX3?c0FT;d0aDA[;e0^D_O`;b0`D_O];S1O2N1O5K2N1O1O100001O0O3N1OO1O1O100O1O10000O010O100O10O010000O10O0100O10000O01000O1000000O10O1000O1000O010000O0100O10O010000O1000O0100O10000O10\\OYNoEf1P:aNlEG1X1Q:ROjFb0U9ZOUG`0j8^O]G0aNOR:N`G1P9NQG2P9MPG3Q9MnF2S9NmF2T9NkF2V9NhF2Z9NdF3]9MaF4`9L^F5c9L[F3h9LVF5k9KSF5o9KoE6R:JlE6V:KfE6\\:JcE6^:J_E7d:HZE7i:ITE8n:HoD8T;IhD8[;GbD:`;G\\D9h;=2N3K5L5L8Fbkc0"}, "iscrowd": 0, "area": 5680.0, "category_name": "Mask", "score": 0.9169002771377563}, {"id": 2, "image_id": 0, "bbox": [298.0, 282.0, 114.0, 98.0], "segmentation": {"size": [416, 416], "counts": "\\[i37g<5L2N3M2O2N1O1O1O2O0O10O100O_O]OfDc0Y;AcD`0\\;BcD>\\;EbD:^;I`D7_;e00001O0000001O00000000000000000000000jDhNd:k1O1O1O001O001O001O001O1O001O1O1O001O1O1O1O1O1O1O1O1O1O1O1O001O1O1O001O001O01O8H9H:E1OO1N2M3K4O2MWOaEWO\\:i0kEROS:o0RFnNl9R1YFiNf9X1_FdNa9\\1cF_N^9a1Q1N101N2N2O1N2M3N2M3N3L4M4K5HVi3"}, "iscrowd": 0, "area": 6227.0, "category_name": "glove", "score": 0.977520227432251}, {"id": 3, "image_id": 0, "bbox": [333.0, 281.0, 58.0, 18.0], "segmentation": {"size": [416, 416], "counts": "jPi4;e<6J:F1OO1O1L4N2L4N2M3N2M3N2NXl9"}, "iscrowd": 0, "area": 240.0, "category_name": "glove", "score": 0.8638416528701782}, {"id": 4, "image_id": 0, "bbox": [229.0, 325.0, 70.0, 83.0], "segmentation": {"size": [416, 416], "counts": "QXR34f<;G8I8J5Ja0_O3N3M4M1O1O00fNREc0m:VO[Ei0g:PO`En0Y;10O010O010O0101N10O1O01O00KZDPOf;o0^DoNb;P1^DQOa;e0\\D]O6N^;d0]D^O22`;?_D]O44\\;?`D\\O64Z;`0`D]O62Z;a0`D]O71Y;6`DN0K70[;5`DOMNP<2UDOI1R<OXDNF3R<OZDKE7P<N^D2b;N^D2c;M]D3c;M^D2b;N^D2b;N^D2b;N_D1a;O_D1a;O`D0a;OaDMb;1TWa1"}, "iscrowd": 0, "area": 1741.0, "category_name": "Mask", "score": 0.9237659573554993}]}