{"images": [{"id": 0, "file_name": "images/mask_in_the_ocean7_jpg.rf.c849608aba0e6d434781eaa47eaa545e.jpg", "width": 416, "height": 416}], "annotations": [{"id": 0, "image_id": 0, "bbox": [108.0, 49.0, 32.0, 33.0], "segmentation": {"size": [416, 416], "counts": "nm[16i<2N2N2M2N3L3O2N20O10O010000O100O0100O01O000O2O1N2N2O1M3N3Lok`3"}, "iscrowd": 0, "area": 531.0, "category_name": "Mask", "score": 0.9542440176010132}, {"id": 1, "image_id": 0, "bbox": [243.0, 12.0, 171.0, 79.0], "segmentation": {"size": [416, 416], "counts": "ehT33l<2N1O2O1O0O2O1O001O0010O0001O001O001QDCZ;<eDE[;<cDE^;:bDF^;;`DFa;9^DHc;8\\DHd;8[DIf;7YDIh;6XDJh;6WDKj;5UDLk;3TDNl;3SDMn;2RDNn;3QDMP<2PDOP<2nCNR<3mCMT<?1O010O1OBYOcDh0[;ZOeDe0[;\\OeDc0[;]OeDc0Z;_OfDa0Y;_OhD`0X;AhD>X;CgD>X;BiD=W;DhD<X;DhD=W;DhD=W;CiD>W;BhD>X;BhD?W;AiD?W;BhD>X;BgD`0Y;_OgDa0Y;@fDa0Y;_OhD`0Y;_OgDa0Y;@fDa0Y;_OfDb0[;^OdDc0[;]OeDc0[;]OeDc0\\;]OcDd0\\;\\OcDe0^;ZObDf0^;ZOaDh0_;<01O01O1O010O001O1O001O10O01O1O1O00010O00001O00001O000010O1O101N2O1N102M0010O10O01O1O000000001O0000001O0O101O0O2O000O2O0O100O1O1O2O1N2N101N2N101N1O1O101N1O2O0O1O2O0O100O1O101N100O100O2N2NS;"}, "iscrowd": 0, "area": 5121.0, "category_name": "glove", "score": 0.9730830192565918}, {"id": 2, "image_id": 0, "bbox": [153.0, 110.0, 203.0, 80.0], "segmentation": {"size": [416, 416], "counts": "aSo15i<201O00001O000_OHZD8d;LZD4f;LZD5d;M[D3e;NZD2e;O[D1e;0ZD1e;O[D1e;O[D1e;0ZD1e;O\\D0d;0\\D0d;1[D0d;0\\D0d;0\\D0d;1[DOe;1\\DOd;1[DOe;1[DOe;1[DOe;1[D0d;1\\DNd;2\\DNd;2\\DOc;2\\DNe;1[DOe;1[D0d;1[DOe;1[D0d;0]D0b;0^D0b;1]DOd;0\\D1c;O]D1c;O]D1c;0\\D0d;0\\D0e;0[DOe;1[D0d;0\\D0d;0\\D0d;1[DOf;0ZD1e;O[D1e;O[D1e;0YD1g;OXD3g;c01O00`DnNR;R1mDPOR;Q1lDQOS;o0lDROU;m0jDTOV;m0iDTOV;l0iDUOW;Z110O000001O000001O01O0000001O00000000G]NVEb1j:^NVEb1T;000001N1000000010O0O100O101O0L^NiDc1W;3O110@YNeEg1Z:\\NdEd1[:_NcEa1]:`NbE`1^:aNaE`1^:aNaE_1_:aN`E`1`:aN^E`1b:bN\\E^1d:?01O01O001O00001O1O010O1O1O1O2N2N1O1O001O0000000000000`NSEm0m:ROVEl0j:TOWEk0i:UOYEh0h:XO[Ed0f:\\OeE8\\:HgE3[:MhEOY:1nEDV:<W1000000000000000000000001O00000000000O1000000000000000000000001O000O10001O000O2O1O1Mllk0"}, "iscrowd": 0, "area": 7094.0, "category_name": "glove", "score": 0.9474304914474487}, {"id": 3, "image_id": 0, "bbox": [61.0, 192.0, 91.0, 222.0], "segmentation": {"size": [416, 416], "counts": "Wji05h<5M2O2oCDB2_;<mDDA2OL^;`0QE@E6`0KR:`0QFFZOH:8X:<^E^O002c03IY::SF_OI:R:8hFJU98kEALG8d0o9o0nETOP:YOkEh00G5;h9n0XFSOQ9RO[Gn1@UOg9:jFH]8kNQG0009d1M]NLY1l8fNQG51NOf13Jn8^NTGP2LAn8`NUGf3h8;O1OlKWG`22lNg8i2O1O1O2N1O1O1O1O2N1N2O1OZMeGh0Z8P2O1O1O1O1OQLkGT3T8m0O2NfKoGf3P8f0O001OVKUH_4k7<O01oJUHl4j76O1jInJ]4R5bKoJ\\4T5aKmJ_4X5ZKjJf4_5kJgJU5b600000bIoIm5Q6a000O10000001OO1000000001O0oJoIS3Q6lLPJT3P6jLoIY3Q6gLoIY3Q6aLRJVO2\\3l5h20oIQJ@OD0[5P6aKUJWO0MK[5P6bK_Ja4a5aKZJQOE_5Q6aKYJPOF_5Q6bKQJg4P6T10N8mITJ]OB45HK>0o01TO;_OE072K:2LTkZ3"}, "iscrowd": 0, "area": 13998.0, "category_name": "glove", "score": 0.9107915759086609}, {"id": 4, "image_id": 0, "bbox": [170.0, 192.0, 174.0, 199.0], "segmentation": {"size": [416, 416], "counts": "SiU22l<4M2O0O2O1O0O101O00001O001O000mCDb;=\\DEc;<RD0m;d0M1O1000[O_DIb;5`DKb;2_DNg;LYD5e;K\\D5d;J\\D8c;G^D:`;G`D9`;FaD;];EcD>Z;CfD=Z;BgD>X;BiD>W;BhD?W;AjD?V;@kD`0T;@mD`0R;AnD>R;BnD?R;@oD`0P;@QE?o:BPE?o:APE`0Q;@mDb0S;^OjDe0U;[OjDf0W;ZOgDh0X;YOeDi0\\;VOcDl0];TOaDm0`;SO]DP1c;600O1N2O1O1O1N2O1N2N101N2N2N2N2N2O0O2M3O1N2N2N2N2N1O2O1N2O1N2O0O2N2N2N2O0O2O1N2N101N2O1O100O11O00001O0000O1O0O2oMeL[J]3b5mLSJW3l5PMkIS3S6SMeIQ3Z6YMQIS3n6YNiHe0W7b2OaJjHg10^1U7kLYIT1LgNEO0P3U7VM]Io0KR2h6oL`Ij0[OoN>X3g6mLkIKQO:g02YO_2T7ZMiIKVO1L10Nh00\\O8Nb2T7[MhIKVO1L01Og00\\O1L42e2S7[MTJM@OZO8Ma2V7[MSJM@OZO6Oc2S7\\MTJL@OZO5Od2T7\\MUJK]O1ZO4Od2V7[MPKMkM4Nd2X7[MoJLlM3Oe2W7\\MnJLlM4Nd2X7\\MoJKlMo2V7VMmJMkMm2Y7VMlJNjMk2[7VMlJNjMj2\\7YMiJLmMOMg2^7^MhJKnM0Me2^7`MQK`2P5aMnJ_2T5`MlJ_2U5bMiJ]2Y5cMfJ]2\\5bMdJ]2]5dMaJ\\2a5eM\\J[2f5dMZJ[2g5fMXJY2j5hMSJX2o5hMPJV2R6jMmIV2U6jMiIV2Y6jMfIT2]6lMaIT2a6mM\\IS2f6lMZIR2i6nMVIP2m6PNQIP2Q7QNlHn1W7TNaHGfNS2m8UN\\HHgNQ2P9YNVHGiNm1U9]NRHCjNm1X9_NRH]1R8iNgGT1^8POWGR1n8nN_Fa1e9CZFWOi9e0]FUOg9h0]FTOf9i0_FROg9f0aFSOh9b0d1E`]m0"}, "iscrowd": 0, "area": 12115.0, "category_name": "Mask", "score": 0.8594787120819092}]}