{"images": [{"id": 0, "file_name": "images/mask_in_the_ocean72_jpg.rf.7b93934811f60a68680f7284ebd353db.jpg", "width": 416, "height": 416}], "annotations": [{"id": 0, "image_id": 0, "bbox": [35.0, 1.0, 177.0, 229.0], "segmentation": {"size": [416, 416], "counts": "mi>1n<4VC1b0KR;2ZD>>BW;O]D>V<BiCa0U<_OkCb0^;]OcD1;0Cb0_;_ObDO51Kf0<XOb:2PE60L2j0NUO2OT:OjE0Y1h0TOWOh96UGb0d5XO^L>mM<d5VOWJ8k07UNA780d0FTO70Y7=_JDRN9OG:9Lg01oNX70aH;j1c0YN^O0j00lN_77VJg0[N]O0j0OlN_75VJ7\\OAPO0Nn07SO[76SJ;E=lNQOg50eK72=VO_OTOM8P1NQO^78XI0@<4[OK5HR11jN_79WI1A:IILD37OV1l5aNSK1YO0G32M523MF:8>J8Nb0k5^N\\K0lN1N21Nk0OUO25k1JET7^NSI31Mo0n0jNUO041KMN2b1g5_N^KOQO31M10`0Q1VORO241NN^1h5^N^KOQO3Z1U1`NPO0MO_1g5]N[KOlN17OJ2b1P1]NYO0J3LMi1i5WN[K4oN26NOL>i3S5WL\\K3lNLO10472IJ1O01O0b0j3X5UL]K2lNOO80Ln0R1POQO3ONd1h5VNRKO_O1J0M90Ln0Q1SOoN30Le1g5WNPKNYO040L0O140Mc09\\O7X1AnN3n1d5mMZK5mNe02VO?OCf1N>g5mMZKR1oNnN?OBo3f5RLYKOnN50f01UOO11O`0P4Y5PLQK0YO7Ng01RO=Q4W6PL\\I1OO0m01RO=\\1ARO0c1h5PNRK0VOOO1121m0OPO>^1APO0d1i5oMRK0UO:0g00nN?R4W6bMaI]NOQ4d5nKQK>UOC1P15PONR4f5mKQK>UOC16Oa07XOMS4V6mKjI1O8N2OH1d0<g0EhNNS2i5hMeJOE2O8O607;h0FS1f5_MfJOC4O713OC0g00XO41N_10R1g5^MdJj1D]N3KNY1OiNO^2X6oNhIaN83KNOW10^1g5XMdJ2C210O01i07WOL0LW12]1d6XM^I100L33NN20N81L]1KZ1`7VMdH2M110O04NKX4`7gKdH1M3O0107U4`5hKSLd0]Nd3_5iKoJN_O060I1O0N?0D6[1KW1e5]MmKO]N70K0O6W4`5hKnKN_N2L14N0O3[4T8kKeGV13^1e5WMhLb1bMY1f5UMhLb4X3^KhLb4k50]M^KhLb4X3^KeJ0b1OSN`4e5aKfJ1GOR1OkN280I^4e5bKdJNM0f00WO69[4Y5aKdJNd00_O6IKM`4c5aKeJOEO0031MO0040L4<2HMM_4e5`KmJO12E5KKL`4g5^KlJ0:OVO72KLa4e5_KSKONO]O072Fa4e5_KTKNM0\\O190Dc4f5^KdJN00=0_O160Cc4h5^KbLOfMd4h5]KbLf4^3ZKcLe4^3ZKcLe4]3ZKRL2cNd4[5[K_JOI0g00C0F004=b4[5[KbJO<1J3FLMg4e5ZK]JOe01IOD1Kh4e5XK\\L0nMi4g5VK\\L0mMj4m7VKSHk4g5UK_Lk4`3VK]Lm4d3RK\\Lm4e3SK[Lm4e3SKQK0=n4a4RK\\Lm4d5UK[Hk4e5TKUL0VNl4e5TKTL1UNm4h5QKSK0WO0d02ZOm4h5QKSL2TNo4h5oJTLV5Q5jJiIW5R5iJZK3mNMb0W5V5jJiJOJ0H3MM11=V5Z5jJUKOWO;3HIT5h5jJjJ2DMK0O=5P5c5dJfJOC46MI0130LO140LZ5h5fJfJ0D28MJ09\\5Z5fJiJND10O00>[5V5gJiJNA32Md0Z5P5hJoJO\\O0d0Z5R5fJTKOTO000405]5^5dJnK\\5R4dJnK\\5R4dJUKOVO2M1:[5^5cJbJOJ2LO5<KC3c5e5_J[JOO107O8OT5h5]J`JOK7Nb0Oc4h5eJ]JN34Lf0Ld4g5fJdJLG0N13>ME0N0]5g5eJaJLH50L4=ND4[5a5hJ^J8N03CO\\5b5mJZJh0;\\4Z5SLbJn3^5`KZJWO0l5f5SK[Jm4e5RK]Jm4c5RK]JROMg5f5WK]JoNM00i5g5YK]JmNMk5f5\\1001O0000O011O00000000000000000000000000000000000000000000O10000000000000000000000[M[JoMe51ZJbM2NLT4h5XNhJcM@U4h5XN^JdM00JT4h5XN_JdMNW4c5TN\\JfMLO5W4c5UN[JeMMO5W4c5UN[JeMMO50KT4h5WN\\JfMLN52Kl20WM0i0h5h0[JZN0<2EKO61JT30hMi5f0bJiNJEKO9`3GRMi5Q1`JkNKD1X4d5WMaJnNJB2Y2JDi5\\OhJVOAB51In15WOKZOi5a0YJPO0N101`00A5NGm19UNI>ND101MNa0i55XJ\\O>OC01?1_OL27NI`11dNO03L21O0N5NJa02_ON1;j54RKBVO11OL<4G5j10UNHO23ML<OF4O7k5I\\KLkN21?OC4LIh13XN72H00>0DN205T7EoH2O0Ob01]O003_1OaNLOb00_O1O019OK0O0a0Y7\\OjH1Oa00]O015OI]1V1dNkN31N75G3`7HcHON<6D2]1j1bNPN8R8JoG52U1P1dNkN001g0O\\O7io^2"}, "iscrowd": 0, "area": 32008.0, "category_name": "glove", "score": 0.8468024730682373}, {"id": 1, "image_id": 0, "bbox": [293.0, 52.0, 112.0, 147.0], "segmentation": {"size": [416, 416], "counts": "Pgd35i<7I=D5J=E0O2I7iD`Nk:a1QEdNk:_1VE\\N0Md:m1\\EVN0M21X:i1dEZN107M^:]1c0bNkD_1R;9SEYNJ0^:O_Ei10ZN30M14LR:U2kEWN1EQ:l2K^ORFQNQ:l1oElM2M2Oo9`2nEcM1On9g2PF[Mj9P3N5L00@aFXMM1e9h2ZF[MON3N^9]3O1O001OO2O1O1O0001O10N11O2N000O10M3M31\\FiL^9^3O0O01O1N100O1L4O10O10000000O11O01L3000O1O1_FkLLNS9[3nFPMo8o2SGQMm8k2ZGlLGOo8U3YGiLG022n8V3[GhLG3NNj8X3YGgL10O3MOi8W3YGjL0NO9g8n2\\GjLN0N8h8h2YGnLb03]O0h8o2ZGnL`03]O0j8P3VGQMa04Z8j2UGQM=MF2n8P3oFQM<NG1n8P3oFPM=0EOP9V3VGkLT9T3fFkL12Y9R3mFmLT9S3=1OO200O0N2O100O002OO3NO02O0O02OO20N103M2N;D2N3M5K4L2mMUEl1P;jNXE3j:YOmD8j02a:KcEMWR5"}, "iscrowd": 0, "area": 11016.0, "category_name": "Mask", "score": 0.880726158618927}, {"id": 2, "image_id": 0, "bbox": [224.0, 188.0, 88.0, 43.0], "segmentation": {"size": [416, 416], "counts": "jck2>a<100001O0010O000000000O10000O10000O1O1O1O100O100O1O100O10000O10000O1O1N2N2O1O100O1O10000O10000001O0000000000000000000000O11O0000000000000000O11O2O001N1O2N1O0O101N100O0O3H704K6HZWY1"}, "iscrowd": 0, "area": 2332.0, "category_name": "glove", "score": 0.9181756973266602}, {"id": 3, "image_id": 0, "bbox": [2.0, 315.0, 166.0, 67.0], "segmentation": {"size": [416, 416], "counts": "iU34l<0O2O00001O00000BKQD5n;MQD4n;MQD3o;MQD3n;OQD1o;OQD1o;0PD1o;OQD1o;OQD1o;0PD1o;ORD0n;0RD0n;1QDOo;1QD0n;1QDOo;1QDOo;1RDNn;3QDNo;1QDOo;1QDOo;2PDOo;1QDOo;1RDNn;2RDOm;2RDNn;2RDNo;1QD0n;0RD0n;1QDOo;1RDOm;1SDOm;1SDOn;1QDOo;1QD0n;0RD0n;0RD0n;0RD0n;1PD1P<NoC3Q<>0001O0UDVOa;i0^DYOa;g0_DYOa;h0]DYOc;g0]DYOd;g0[DZOd;g0[DYOe;g0[DYOf;f0ZDZOf;P1000000001O0000001O000000001O0000001O0001O000O1000001O0_OmNTET1l:mNSES1l:oNQES1o:oNnDS1Q;nNnDR1R;oNmDQ1S;>00001O00010O001O001O1O1O1O100O1O1O1O00000000000kNdDf0\\;YOgDe0Y;[OiDc0W;]OlD?U;ASE5o:KUEOm:1XEHj:8o0000000000000000001O000000000000000000000000000000001N100000001O0O2O2M_]T3"}, "iscrowd": 0, "area": 4595.0, "category_name": "glove", "score": 0.9511112570762634}, {"id": 4, "image_id": 0, "bbox": [80.0, 243.0, 141.0, 61.0], "segmentation": {"size": [416, 416], "counts": "iUS12m<3M2O0O2O001O001O001O001O010O0jCEg;<WDFi;:VDFj;:UDGl;8SDIm;8RDHo;7PDJP<6PDJQ<6mCKT<4lCMT<3jCNV<2jCNV<>1O10O01O001OF_OVDa0i;@VD`0i;AXD>h;BYD>f;DYD;g;EYD;g;FYD9g;GZD9e;HZD8f;HZD9e;HZD9e;G[D9e;HYD:f;FZD:g;EYD;g;EYD<f;EYD;h;DWD>h;BYD=g;DWD=j;=O0001O01O01O010O00100O001O1O001O00100O001O0000001O00001O000010mCTOP<Q1N1N101N0010O1O1O1O00001O0000000O10001O0O2O0O10000O100O1O2N2\\OhC>^<N100O100O1O1O010O100O100O1O10001N1O2NXa^2"}, "iscrowd": 0, "area": 3399.0, "category_name": "glove", "score": 0.9403297305107117}, {"id": 5, "image_id": 0, "bbox": [224.0, 232.0, 75.0, 183.0], "segmentation": {"size": [416, 416], "counts": "cXk292V25cMJ01O_9a3L3L2QO`LhGJb0g3f7\\LhGM00`0i3h7XL_Hi3\\8O0001O00010O01O001000O100O0010O010O01O001O010O001O001O0O]NcGgN\\8V1iGhNW8U1nGiNP8V1UHiNj7V1XHiNi7T1ZHlNe7R1^HlNd7S1]HlNd7Q1_HnNb7P1_HPOb7n0`HQOa7m0`HTO`7i0cHVO^7h0dHWO]7h0cHYO]7e0eHZO\\7d0eH]O[7a0fH_O[7?gH@Z7>gHB`76aHK_73cHL^72dHM]70eH1[7MgH2[7JhH5[7FgH:P:O1O101N1O1O2O1N2N3Lc]`1"}, "iscrowd": 0, "area": 6389.0, "category_name": "glove", "score": 0.89180588722229}, {"id": 6, "image_id": 0, "bbox": [260.0, 232.0, 154.0, 182.0], "segmentation": {"size": [416, 416], "counts": "Q[Z3523R<e0?UO_C0O01Og<0C1iC0M30Od<N^C0gh0<WWOC?2`;1hDMf[21ejN1Xb10QXMNU:1Y1`0B24^OTZ10]cNOiH2S:O3Omg00QXO1OOTP25foM9H4aC_OY<k0H6K4L5K7`D_NS;h1O4L2N4L2N4L3M4K4M3M2N3M3M5K1O3M3M2N4L3M2N3M3M3M2N3M3M2N3M2N2N3N1N2N3M2N1O2N3M2N3M3M001O3M003M001O0000000000000000000O1001N10O11O0000000000001O1O2N1O3L2O3M2N2N3M2M3N2N2N2N1O4K101OLfKdG1LT4`8kKeG0KT4h8lKXGT4h8lKXGS4k8OkNnK_I3lNg3e7WL[I0oN40d3g7XLZHOm01RO40d3h7WLYH1m0ORO50c3h7]LXHLP1j3i6]LXIa3^O"}, "iscrowd": 0, "area": 14931.0, "category_name": "Mask", "score": 0.7367310523986816}]}