{"images": [{"id": 0, "file_name": "images/mask_in_the_ocean6_jpg.rf.bd6d980b77f95fbaa9efcce53ce6a33c.jpg", "width": 416, "height": 416}], "annotations": [{"id": 0, "image_id": 0, "bbox": [49.0, 92.0, 60.0, 72.0], "segmentation": {"size": [416, 416], "counts": "Rkd05h<6K4SOFoD<o:HnD:o:HoD:P;GoD:P;GoD;o:FoD<P;EoD=o:DPE>n:CPE?o:AQE`0o:@PEb0n:_OREa0m:_OTE`0m:_OSEb0l:_OTEa0l:^OUEa0k:_OVE`0k:@UE?l:BSE=m:FQE9P;InD6S;MjD1X;k0001O00100O00100O0010O01O1O000O101O00001O1O2M4M1N2N3M3M5K3M4L4L4Jfbl3"}, "iscrowd": 0, "area": 2428.0, "category_name": "Mask", "score": 0.9173325300216675}, {"id": 1, "image_id": 0, "bbox": [259.0, 96.0, 155.0, 80.0], "segmentation": {"size": [416, 416], "counts": "WbX35j<2O0O2N100O1O100O100O100O10000O1[OCgD<Y;EfD<Z;EdD;];FbD:^;G`D9a;G_D8b;I\\D8e;G[D8e;JZD5g;KXD6h;JXD5i;LUD4l;LTD4k;MTD3m;MSD3m;MRD3o;MPD3P<OnC1S<OmC1S<=1O010OWDWO];h0cDZO\\;f0cD\\O[;d0fD\\OZ;c0fD^OZ;a0fD@Y;`0hD@X;`0gDBW;>jDBV;>iDCV;=kDBV;>iDCV;>jDBU;?jDBV;>jDBU;`0iD@X;`0hD@W;a0iD_OW;`0iDAV;`0jD_OW;a0hD@W;b0hD^OX;b0hD^OX;b0gD^OY;c0gD]OY;c0gD\\OZ;e0dD\\O[;e0eD[O[;e0eDZO\\;g0cDYO\\;i0bDWO_;U1O0100O1O10O0100O1O00100O1O1O10O010000O10000O10000O10O0O2N101N2N1N3O00010000O1O1000000O1000001N100O101O000O2O0O2O001O001O1O1O001N2L4NnCYOn;e0SD\\Ol;d0UDZOm;d09O001O1N2O001O1N101O1O0O2O1O001O1O1N10QL"}, "iscrowd": 0, "area": 4954.0, "category_name": "glove", "score": 0.9498820304870605}, {"id": 2, "image_id": 0, "bbox": [167.0, 0.0, 182.0, 80.0], "segmentation": {"size": [416, 416], "counts": "YlS27i<000O100000000O1hCJf;6YDLf;4YDNf;2ZDNe;3ZDOe;1[DOe;1[DOd;2[DOe;1[DOe;1[DOd;2[DOe;0\\D0d;0\\D0d;0[D1d;0\\D0d;0\\D0d;0[D1d;O]D1c;O\\D1e;O[D1e;O[D1d;0[D1e;O[D1e;OZD2e;N\\D2d;N\\D2c;O]D0d;0\\D0c;0]D1c;O]D1c;O]D1b;0]D1c;O]D1c;O]D0c;0^D0b;0]D1c;O]D1c;O]D1b;O^D2b;N^D1c;O]D1c;O]D1b;1\\D0d;1[DNf;2YDOg;2XDNg;f0CkNoDU1o:nNPEQ1Q;POnDP1Q;SOlDn0S;SOmDm0S;TOlDk0U;VOiDk0V;WOhDj0X;?0O1000000O0100000O100000QE\\Nb:d1\\E]Ne:b1\\E^Ne:a1[E^Nf:b1ZE^Nf:b1YE_Nf:a1[E^Ng:a1<0000O1000000000iD`Nm:a1SE_Nm:a19001gD_NP;b1PE^NP;d1mD\\NT;d1lD\\NT;g1001NjDZN<1[:g1cE]N[:c1dE^N\\:a1dE`N[:b1cE`N\\:`1cEaN]:_1bEbN^:_1`EbN`:^1_EcNa:^1]EbNc:n1000O100O100O010O1O1O1O1O1N2N2O1O010000000000000]OTEROl:l0WESOj:k0WEUOi:i0YEWOh:e0[E[Og:9cEG_:3eEM]:MgE2d;00000000000000000000000001O00000000000000000O10000000001O00000000000O101O000O100O2N[[j0"}, "iscrowd": 0, "area": 6787.0, "category_name": "glove", "score": 0.9295214414596558}, {"id": 3, "image_id": 0, "bbox": [0.0, 191.0, 137.0, 154.0], "segmentation": {"size": [416, 416], "counts": "[61h<2[C2k3Me43`G1f0K74h0L\\N2_83`KN`45]KKc4M^G7j3IYL2_8N^G8o3Hd40]G9c<H^C7l3Hf41_G9b3G\\L3b8=kJLT5FcG6X34U5FdG5W3HeL:`8L`G4Z33V57kJGU5;PK]OQ5e0d3EjCM4Fk;=SDK1Il;4TDNO:n;CQD044L95Da;5ZD1O54Gj0Mi9o0[EUOl0Li95YEe01YOf;T1000nN\\Dg0e;ZOYDi0e;<M1O1bDcNW;^1gDcNe0OV10f6b1TH`Nl08o6L`GMO1Oh01UO0O=4a0LC;o7]1bGYN54g0KD:n7_1bGYN15k0ID:n7KaG\\11aN0O00_1;o6J_G\\13`N0O00a19m6K`G]12_N10O0g12h61dGLM3NP18POG0a:2aEO0O0S11TO^:3`EG0T11RO_:LaEM00Od1_:^NdEMNe1O\\N_::bEZ1O\\N_:0mEc1D\\N`:NoEf1@]Na:1dEL0j1]:ZNdELNk1]:UNnEm1Q:SNaE0;m1GTNW:2RFk1ETNY:NUFn1P:TNnEn1P:TNhEMNQ2X:nMSFT2l9lMPF1FV2X:iMiE05`2m9`MVF`2j9`MZF\\2f9gMSF^2l9_MoE04d2k9\\MYFe2e9[M[Fg2I[Md9NcFm2j9KSFfMY9^2cFhMl8\\O[Gg3m86J3EPLbGR4d82O1G:M5M]KfG_4X8aKhG`4X8aKgG`4Y821O0O2N2O1O1O1O10O0100000000000000000000000000000000O10001O002M2N2N3L3M3M3N2M3M3N2M4L3M3L5L4M5L6I9G=C6H;F7I7I7HcYb3"}, "iscrowd": 0, "area": 11704.0, "category_name": "Mask", "score": 0.9170057773590088}, {"id": 4, "image_id": 0, "bbox": [304.0, 193.0, 111.0, 194.0], "segmentation": {"size": [416, 416], "counts": "lYi31iW52QUK3oDKW96hFJl00f56hIJ81Q62hGNj13;MT60hG0M0h16=JP60mG20NNO50[1:d0HQ6NlG4O33KZ1<d0CU6b0kGB56JF1OO1<?^1AYN0Q8k0mGXO60IM04;<G@a12^N1OOh7NXHS1S1B@]O80VO7d7n0_I^OXO\\OGNN0k00XO3M0d7W1]I\\OTO[OM28O9O^O9c7P1]I\\OTO\\OL1NM84;M_O2O1d7W1ZIZOZO\\O94V8V1VH[O[O[O8:Q8Q1\\HZO[O[O20E>;COO^7X1UI]OKNO]Ok6ObHY1i0iNSO`0d0J\\ONf0Ik6McHY1MgNi0g0G4IUOO3W7NcH\\1e0^OXOVO<=GKb0Ik60`H]1g0fNYO03=5^OJ92JL2d0Lm60_H`1f0lN[O51b0a0oN_ONY70eH`1f0cNZOe02WOOT1b0oN_OMZ71dH`1m0cNTOL070I51J00002072JNM01c01m6c1UI\\N]O>7HGK071NOId03]OMZ7f1TIYNBg075H\\O0Id07g6e1fHcN0M6GJc00AOJd00l6m2gHWMIP1c0mNm6i2eHfN9_NE2]7d2hH[MH60f01WOc0Nk6d2hH]MI43JO9NH0030a00k6d2gH^MJ32KO>OC20;MF2\\7c2fHZML_11eNU1Mf5b2YIbMKV1OeN14S1LmN1l6b2TI^M4h1R1XNf5b2TI^M4h1o0WNlN2m6]2UIaMO063Im00RO2012Q1LlN3l6\\2VIaMO061Kn0NTO20O4Q1InN3l6\\2VIaMN1170_1o0YNPO3l6=TIj3o0kKm5k4oIUKQ6a4XI`Ke00R6l4`InJM1H5l6h4VISK53JL39h6d4TISK11630MI5l6b4TIXK`04AL31L5l6W3VIgMNlNc03_OM29h6_4`IXKK1I040L003k6g4]IVKO0JO31MO01l6W2SIRN0M073e0NoN704NJ1K0l6W2SIRN0J76LIMf00[O0N7N71MOb6X2SISN0I66Md0MVO0N6ONOM13OW7e2eHoN0\\N;054n6Z4eHcK>OA7Z7^4lH[KL3M5Z7\\2fHSO1[N3173P7T2dHmM3b0M22WO3084o6]2fHUOOZN2NM2=4o6^2eHmN0aN31`02i6Q4oHmK80j6S4bHmKo02^6P4dHSLi0Mc6l1dH[N0D0^14gNh0M`6n1dH`N1DNU10gN136M=3j6m1bHbN1IOd00RO001O53>Nl6P4dHPLb8P475dHkKc5T4e1O[GlK`8l3\\GVL60W1Nh5d3kHbL;KY8c3]G\\L02;NX8i3aG[LM1NK_8i3fG[LNONM^8j3UHWLi7g3fGXLn8e3UG[La10a5a3iHaLj15YNIj6a3TI`L3O_16aNJj6a3RI_L20N1b1O^N16Oh6b3QI^LY9e30MgF_LY9e3iF^Ln8c3QGlLm0E\\6_3fHiLQ1AQO1Y7Q4fHmKf8n3900LPG[Lm8e3TGcLP1DSOO10M3OM0021101Om5i3PJeLNCa00@1207OH27OI110m5f3QJfLOE>2EL=NK030c5h3QJfLc0B]O2e7f3[HZLO11Og00n6e3\\H[LM30Ni0No6f3YHiLd0F?KoN1V6c3iImLN_O`06DKLO0031M23d0l5n2RJlLO@d00AO5OI130Ja0P6U3QJjL0Ai12WN0O1P6Z3TJcLM?R1@F2YOO01NNo5\\3WJeLK>P2@TN0U6P3jIPM0130J?P2@`N"}, "iscrowd": 0, "area": 13123.0, "category_name": "Mask", "score": 0.8398228287696838}]}