{"images": [{"id": 0, "file_name": "images/mask_in_the_ocean34_jpg.rf.a23e17fe4b0af4fca7f997510ada25e6.jpg", "width": 416, "height": 416}], "annotations": [{"id": 0, "image_id": 0, "bbox": [157.0, 60.0, 62.0, 118.0], "segmentation": {"size": [416, 416], "counts": "XQo13l<2N1O2N2O2M4Mn0QO4M3M2N2M3N2N2N2M3N1O1O2N7[EeMV:i2J1O1O:F3M1N3N1O2N0O2O00O1001O00000O10000000O1O1L4J5M4G9O100000001O00101N?B2M=Cn0QO6IQZ`2"}, "iscrowd": 0, "area": 5187.0, "category_name": "glove", "score": 0.9651976823806763}, {"id": 1, "image_id": 0, "bbox": [88.0, 127.0, 68.0, 85.0], "segmentation": {"size": [416, 416], "counts": "lZV19f<5J5L3M3M2N3N1N2O2M2O1N2O1N2O1N101O1N10001O001N10001N10001N1O100O2N2N3N4K4M2M2O1O00000001O1N1O4M8lMnDi1W;WOjDCY;5oDGT;7nDEV;8mDEX;6kDFZ;5jm[3"}, "iscrowd": 0, "area": 2734.0, "category_name": "Mask", "score": 0.9521397352218628}, {"id": 2, "image_id": 0, "bbox": [397.0, 12.0, 18.0, 56.0], "segmentation": {"size": [416, 416], "counts": "lgS5455Y<<K5M3L3M4M1N3N1N2O001O0ZO"}, "iscrowd": 0, "area": 449.0, "category_name": "Mask", "score": 0.9454968571662903}, {"id": 3, "image_id": 0, "bbox": [299.0, 93.0, 31.0, 78.0], "segmentation": {"size": [416, 416], "counts": "dPl3c0j;g0L3M3M3M3M211002M4MON1N1O1N1ON2LAgD@V;>SE]Oo:=ZE^Oh:;S1EiQT1"}, "iscrowd": 0, "area": 934.0, "category_name": "glove", "score": 0.9390338659286499}, {"id": 4, "image_id": 0, "bbox": [269.0, 115.0, 26.0, 41.0], "segmentation": {"size": [416, 416], "counts": "mV^3;c<2010O02N102M3M2O1N3M1OEQDEo;;<O0010001N3N1O1M2N2MfPa1"}, "iscrowd": 0, "area": 381.0, "category_name": "glove", "score": 0.9513528347015381}, {"id": 5, "image_id": 0, "bbox": [321.0, 54.0, 94.0, 164.0], "segmentation": {"size": [416, 416], "counts": "UXZ4c0V<k0fNh1iN=G3M2N100O2N10O02OO100000O1000000O100M4M2O1O100N2O2N1O1O1O100O1N2O1O1O1O1N2O1O101N100O100000000O10000000000000000O100000000000O1000002N1O1O2N2M4MgM"}, "iscrowd": 0, "area": 10619.0, "category_name": "Mask", "score": 0.9827486276626587}, {"id": 6, "image_id": 0, "bbox": [270.0, 132.0, 48.0, 86.0], "segmentation": {"size": [416, 416], "counts": "[e^3:e<4M1O01N3N10N6J5J4L4L4M2M5K5K5L3L3N1O0O2N2N200O1N1N2N2O2OZNZES1f:d0O01O2N4L3K7J;ZNcDk0Q<FW`Z1"}, "iscrowd": 0, "area": 1798.0, "category_name": "Mask", "score": 0.9169647693634033}, {"id": 7, "image_id": 0, "bbox": [90.0, 227.0, 85.0, 173.0], "segmentation": {"size": [416, 416], "counts": "d]V13k<6AHfCg0P<;J?A7H9H:G5K4K?B9G5L2M2M4M7I5K7Je0ZO?A7bHYJT7j5000NlHXJT7h52LjH]JW7c5jH\\JV7d53M3^KcHa3]7_LcHa3]7P12\\KaHc3a7]L_Hc3a7cK_Hf00j3^7k0bHdJ^71bHZ54dJM0X7g0gHV40TKV7OoH_5`7H5PKYH[4P8bKQHY4]8M4O2M2JWGRLl8l3UGRLm8i0RGWO1o2Q9gMSGY2o8bMVGAFg2V9dM]GC]O^20cMZ99`GQ2f8iM_Gn1QORNf:M\\El1OWN2Lc:l1[EXNo:a1RE`No:_1PEbNP;^1PEaNS;]1QE_No:c1oD]NS;a1mD_NT;`17O10bDaNZ;\\18N1O2M2N3N2M3M5J5K8GPcS3"}, "iscrowd": 0, "area": 8074.0, "category_name": "Mask", "score": 0.9263800978660583}, {"id": 8, "image_id": 0, "bbox": [341.0, 296.0, 66.0, 49.0], "segmentation": {"size": [416, 416], "counts": "Y_\\46j<1N1O2N1N3L3M3L4N2M3N2N3M2O1O2N2N101N2O00001O000001O0000000O2O001N2O0O2O1N101O1O1O1N2O100O201CmCHT<5mCKW<0jC0Z<LfC4\\<KcC5]<KcC4^<MaC3_<MaC2a<M^C4b<50O1O2N1O4JfZ3"}, "iscrowd": 0, "area": 1759.0, "category_name": "Mask", "score": 0.9329575300216675}, {"id": 9, "image_id": 0, "bbox": [285.0, 347.0, 98.0, 54.0], "segmentation": {"size": [416, 416], "counts": "nad3>[<7J7J5K5K5N2O1O1O1O1001O1O2N1O01O0001O0000000000001O000000000001O0000000O1000000001O01O0001N101O001O010O001O001O001O1O001O10O01O1O2N1\\OPD6Q<<0WOoCc0W<02N3L2OKHgC3S<2SDIk;9XDCi;=`0AbC6e<OELdC1O4]<:00000000000O101O1O00001O2N2N4KUQ="}, "iscrowd": 0, "area": 3285.0, "category_name": "glove", "score": 0.9308105707168579}]}