{"images": [{"id": 0, "file_name": "images/mask_in_the_ocean9_jpg.rf.8a9d99d37d843de2327aa796f3256291.jpg", "width": 416, "height": 416}], "annotations": [{"id": 0, "image_id": 0, "bbox": [41.0, 53.0, 96.0, 91.0], "segmentation": {"size": [416, 416], "counts": "WPb07h<1N3M2M2N3M3M2O3L3N2M3N2N2M3O2M2N2O1N2O2M2O100O1O2O0O1O100O10000O10000O100O100O100O100O100O100O100O01N1O2M201N101N10000001N101O1O1O010JQN[En1f:]NZEW1g:hN[EV1g:hN[EV1g:iNZEU1h:iNZET1i:kNXES1j:mNVEQ1l:nNTEQ1n:oNREo0o:ROPEm0R;SOnDl0S;SOmDl0T;TOlDk0V;UOjDi0X;WOgDh0Z;YOeDf0];ZOcDd0_;]O_Db0c;_O[D?h;BVD=m;66I8Ejea3"}, "iscrowd": 0, "area": 4499.0, "category_name": "Mask", "score": 0.9579324126243591}, {"id": 1, "image_id": 0, "bbox": [17.0, 0.0, 102.0, 46.0], "segmentation": {"size": [416, 416], "counts": "em62l<4M1O2N100O1O1O1O1O100O001O10O01O1O010O010O010O010O0010O10000OoCG];8bDK];5bDM];2bD0^;0aD2^;N`D4`;K`D6`;J_D7a;I^D7c;JZD8f;a0000O100O1O1O1O1O1O100O1O100O1O1O1OVD[O[;d0dD@Z;`0dDB\\;>bDE];o000000000000O10000O100O1O1O1O1N2N2N2M8D:J3M30000O101O000000001O0000001O000O2O1Nddh3"}, "iscrowd": 0, "area": 2485.0, "category_name": "glove", "score": 0.9690406322479248}, {"id": 2, "image_id": 0, "bbox": [228.0, 0.0, 174.0, 144.0], "segmentation": {"size": [416, 416], "counts": "TRm21[12hNW1m88iGb0h7JfG=Y8DaGa0_8P20WMbGP1^8i1000000000000000000000000000000000000000000000000000000000000000000000000000000000000000000000O100001O00O100O1O11O001O00O100001O00O100O1M_GgKa8W4`GjK`8U4_GnK`8o3bGSL]8j3bGZL^8e3bG\\L^8a3eG_L[8_3dGdL\\8Z3dGhL\\8Y3aGiL_8Q3aGUM_8j2aGWM_8g2cGYM]8e2bG^M^8_2cGcM]8]2bGdM^8X2aGmM_8Q2aGQN_8n1bGRN^8k1aGYN_8e1bG\\N^8b1cG_N]8R3000WNaGQO_8h2000PNaG_O_8a200000gM`G2`8IaG;_8D`G>`8@bG`0^8Q20ZM`Gl0`8RObGn0^8j1000SMaGY1_8d1000iLbGjNOn2_8WNgGi1Y8UNhGl1X8UNhGi1Y8SN_GQO8m2X8WNgGi1Y8XNgGg1Y8mM`G@8a2X8^NfGb1Z8`NeG_1[8`NgG_1Y8cNfG\\1Z8eNfGZ1Z8fNfG[1Y8fNgGY1Y8iNeGW1[8jMbG94m1Z8jMbG94m1Z8kMcG64a1JQN_8:bG45m1Y8PNbG34m1Z8PNbG43l1]8PN`G23n1]8QN`G03o1]8ZM`Gd0034n1`8QN\\GN5b1KTN_8HcGc0NO6o1X8`MaGd01M6o1X8fMcG8N46`1KUN^8OdG8N25o1Y8hMdG6N36n1X8kMaGE3R12=KQO2H^87cGNM46a1JWN`87cGLM56m1Z8TN`Ga05SOKJ0Q2`8eNbG82TO5a1HeN_8`0`G\\O1a0d0m0[OfN`8`0bG4b0d0^OhN^8`0dG2?VO]OU13lN61X8h0aG02UOM72JNj1_8QOfGJJ[O001<0^1_8ROhGTO:1B:Mk01lN32\\8i0fGTO90E:Ml0NlN14`8i0`GSO3M00N22:NQ1OkN_8m0eGWOKD3=Oi0NmN3MO1_8T1aG^OOK1n00lN^8f1`GaN1Z1_8g0aGlN4hN\\8\\2`GYNOA2G4NJ2a8n1`G^N0o02cNM5a8k1`G]N18N[O52M0>OQ89`GJOZ11nN11k9c1UF\\N077]OL0<1P8:_GX12iN04NAS1O`74_Hc0POD23g9HeFJD1O2Md03[OM439h9HPGKVOe02ZON528j9C]G1gN1?1HL00g91[G2gN0?0HNP:1PG:VOFK0LNl90]G4cNLg00V<0^M2PGOhNOe00ZO0T:1f2001^D0gN1c0N_O1R:0UG1eN1`0LC201d<M\\C2S:0UGNJ2P92UGMjNO=0J1j9"}, "iscrowd": 0, "area": 23771.0, "category_name": "Mask", "score": 0.9051535129547119}, {"id": 3, "image_id": 0, "bbox": [0.0, 144.0, 203.0, 269.0], "segmentation": {"size": [416, 416], "counts": "mU1=^<9G7K5L3M4L3M3L3N3M2O1N2N2N2N2O1N1O2N1O2O0eMUNaIk1_6XN^Ii1`6[N^Ie1a6]N]Ic1c6`NZIa1e6aNYI`1f6cNXI\\1h6fNWIZ1h6hNVIX1j6jNUIU1k6nNRIR1o6oNoHR1o6QOPIn0o6VOnHj0R7YOlHg0R7\\OlHe0S7_OiHa0U7EhH;V7HhH9T7LjH5S70jH0U73jHLU78iHHT7<kHCR7c0lH\\OS7g0kHZOP7]3L3M4I6N2N3M200100O1O101N2O1O101N100O200O010001O10O021nI`I^5\\7E=D3M1O3M3M2N3L4M?@6J8I7H4L<E9F?A01N100O101N1O101N100O1000000O10O010O10000O1000000O101N101N010O01M2N3M2M3M3N2N3M2O1O1O2N1O1O1O1O2O0O1O1O100O1O1O1N1M4M3N2N2O10`N`F@_9`0bF_O_9a0bF^O^9a0cF_O\\9b0dF^O\\9a0fF^OZ9b0fF]OZ9c0gF]OX9d0iF[OW9e0jFZOU9f0mFXOT9h0mFWOS9h0oFWOP9j0QGUOo8k0RGTOm8l0TGTOk8m0VGQOj8o0WGQOg8Q1YGoNf8Q1[GnNe8S1[GmNc8T1^GkNb8V1^GjNa8U1aGkN]8V1dGiN[8U1iGkNV8T1mGkNR8U1oGjNQ8V1PHjNo7W1RHgNo7X1RHhNn7X1SHfNn7Y1SHgNm7X1THgNm7Y1SHgNm7W1UHhNl72oF:U1Em7OoF;T1Fo7NoF9S1HQ8MnF9P1IU8MPG4l0NW8KVGMf05Z8HkH3W:GXof2"}, "iscrowd": 0, "area": 20379.0, "category_name": "glove", "score": 0.929318368434906}, {"id": 4, "image_id": 0, "bbox": [228.0, 223.0, 156.0, 154.0], "segmentation": {"size": [416, 416], "counts": "WXm2c07@L5`0c0f9n1N1O000YFWMW9j2aFWMM1a9i2\\FXM06c9b2^FWMO8c9a2aF_M_9a2aF_M_9c2_F]Ma9a2aFYML0c9f2cFVMK0O4c9g2bFUML7a9d2bFVML7b9d2aF_M`9`2`F`M`9a2_F`M`9`2aFVMN3b9g2`FTMN8a9e2_FTMO8b9d2_F`Ma9_2_FaMa9_2_FaMa9_2`F`M`9a2_F_Ma9a2_F_Ma9a2_F`M`9`2_FaMa9o21O0B_F]Ma9c2_F]Ma9c2_F^M`9b2`F^M`9b2`F_M_9b2`F^Ma9`2aF_M_9a2aF`M^9`2bF`M^9a2aF_M_9a2aF`M^9`2bFaM^9^2bFcM]9]2fF^M\\9c2cF^M\\9c2cF^M\\9b2dF_M\\9`2dFaM[9_2eFaM[9_2eF`M\\9`2dF`M\\9`2dF`M]9`2bFbM\\9^2dFbM\\9^2dFbM\\9^2dFbM]9]2cFSM0=]9`2fFaMY9`2fFaMY9`2fFaMZ9^2fFbMZ9^2fFcMY9]2gFcMY9]2gFbM[9]2eFcM[9]2eFdMZ9]2eFdMZ9\\2fFdM[9[2eFdM\\9\\2eFcM[9]2eFSMN>]9_2eFSMN>^9^2dFTMN>^9^2fFeMW9\\2hFeMX9Z2hFfMX9Z2hFaMODY9k2hFbMMD[9j2hFbMMD\\9j2fF_MNK[9g2fF^M0JZ9h2fF^M0JZ9h2fF[MO1\\9d2dFfM\\9P3O011N1O1OPMjF`0a0kN@k0U9JjF9R1IS8JiFB2b0\\10h7LjFB3:g14[70mFA25o1OmMOT9;oFDe20\\69SGF`23]60[GKX26T7MkH1V7OjH0W70iH0W70hH0Y70gH0Y7OgH1Z70eHO\\71cH0]70bH0_70`H0a70_HOb71\\H0d71\\HOd71[HOf71YHOh71VHOl71SHOn71QHOP81oGOR81mGOT82iGOX81gGN[83cGM^83aGM`85\\GLf83YGMh82XGNi83UGMl83SGLP94nFLT93kFMV94gFM[92dFN^92`FNa93]FMe93YFMh94VFLl94RFLo96nEJT:5kEKW:5gEKZ:7cEH`:7^EJd:6ZEIi:7UEIm:8oDIS;7kDIW;8fDG\\;9bDHa;7]DIe;:TDGo;c03M2N3L5LRR="}, "iscrowd": 0, "area": 11040.0, "category_name": "Mask", "score": 0.841552734375}]}