{"images": [{"id": 0, "file_name": "images/mask_in_the_ocean9_jpg.rf.354592a6be8aeec639eddcee6734d5af.jpg", "width": 416, "height": 416}], "annotations": [{"id": 0, "image_id": 0, "bbox": [137.0, 30.0, 98.0, 109.0], "segmentation": {"size": [416, 416], "counts": "cmh12h<<H7I7I5M3M4L3M3M3N2M2O2N3L2O101N2O1O1O2N1OVOTE_Ol:>UEBl:Z117JM<C100O1O001O1O1O00SO`N[F_1_9jN^FV1[9SOdFl0X9YOhFf0V9^OiFa0U9CiF=V9FiF9V9UO[FM?m0U9mNgF72l0V9nNhF81i0W9lNkFFBe0:i0X9jN^FIa0d0Ig0Y9lN]FIa0f0Hd0Z9mN]FIc0f0Ec0[9nN]FIf0e0Ac0\\9oN]FIh0e0^Ob0]9TOWG9[Ob0^9TO[G8VOd0_9TO\\G8UOc0`9TO\\G9TOb0`9UO^G8ROb0a9VO^G7QOb0b9WO]G7QOa0c9XO]G6oNb0d9XO^G6mNb0f9ZOZGZ1g8fNWFDP1e1k8gNUGY1l8iNRGV1o8jNPGV1R9hNnFX1T9fNaFe1`9]N\\Fd1f9[NYFe1h9\\NVFd1k9\\NTFd1m9[NSFe1o9YNRFf1o9\\NnEd1S:]NkEc1V:\\NjEd1W:`NdE`1]:`NbE`1_:_NaEa1a:>1O2N2O1\\N\\Eh0f:UO`Ef0c:VOcEe0`:TOgEi0];J`k[2"}, "iscrowd": 0, "area": 5735.0, "category_name": "Mask", "score": 0.9006848335266113}, {"id": 1, "image_id": 0, "bbox": [236.0, 0.0, 178.0, 125.0], "segmentation": {"size": [416, 416], "counts": "VgP33k<4N2M2O1N2O00000O100000000O1000000000000O2O0000000O1000000O100000000O10000O2O0000000O2O00000O101O000O101O0O100O10001N100O100O100O100O100O10000O101O000000000000000101N3M2NlETOT8l0kGVOU8i0jGXOW8g0hG[OY8c0gG^OZ8`0eGA\\8?bGB_8=aGD^8<aGE_8;`GF`8:`GF`8:_GG`8:^GHa89^GGb8:\\GHd88ZGIf88WGJj87TGIl88SGJk87UGIk87UGIj88UGJj86VGJi87WGIh88WGIi87WGIh88WGIi87VGJi87VGJj86UGKj86UGLi86TGLl86QGKn88oFIQ99mFGR9;lFFT9<iFDW9>hFBW9`0gF@Z9a0eF^O[9d0cF\\O^9e0aFZO`9g0_FXOa9j0^FUOb9I]F205d9H]F5L2h9I^FX1b9hN^FX1a9hNaFW1_9iNbFU1^9kNcFU1]9kNcFS1^9mNdFQ1]9oNcFo0^9QOdFl0^9TOcFh0`9WOaFg0`9YOaFf0_9[ObFd0^9[OcFf0\\9YOfFh0X9XOhFi0V9WOlFi0S9WOnFi0Q9VOQGj0m8WOSGn0h8QOZGR1XOXNR9e0hGZ1X8eNiG\\1U8eNlGZ1T8eNnGZ1R8fNoGY1Q8fNQHY1o7fNRHY1o7gNRHX1n7gNSHY1m7gNTHX1l7gNVHW1k7hNWHW1j7gNXHW1i7iNXHV1h7iNZHU1h7iN[HS1g7mNZHP1i7nNZHo0h7oNZHn0i7POZHk0j7RO[Hh0S:H8H`T1"}, "iscrowd": 0, "area": 8470.0, "category_name": "glove", "score": 0.9888371229171753}, {"id": 2, "image_id": 0, "bbox": [117.0, 210.0, 99.0, 152.0], "segmentation": {"size": [416, 416], "counts": "`d`11iP42SRLNR77UHLWN:]9OoG3aN0]94`G:ROB]9W2cFiM\\9Y2dFfMZ9^2cFbM]9`2aFaM^9Q3N2O1O001N2O1O001N101OO11O1N2O2N1O001O1O001O1O000000100O1O1O1O1O1O100O1O100O1O1O1O00100O10O0O2K5K5L5J5N2L4M3M4L3N3L5M2M4L3N1O1O1O0O20O0100O2TOfEXN26O3Y:[1ZFdNg99iE7MXOO2?3o9;hE5LF0GO10L^:`0iE4II2DO2b:;gE4EI0F000022d:9fER1\\:mNhEn0Z:POhEHBo0i:VOlEi0V;M3O2Ka0]Oan^2"}, "iscrowd": 0, "area": 9836.0, "category_name": "Mask", "score": 0.9161218404769897}, {"id": 3, "image_id": 0, "bbox": [280.0, 176.0, 86.0, 221.0], "segmentation": {"size": [416, 416], "counts": "kZb3:b<6L4K5M2N2O1O1O1O100O010000O2O1N2N3M2N4MeD@Z:;]E2c:JXE=h:CSEa0k:@PEf0o:[OlDj0Q;nNjDb1T;^NPE`1o:^NSEc1k:^NREg1k:;L3N1N2N3L4M2M3N2M3M4M2M3M6J3N2N3Mc0\\O8H6K4L3M4L4L101O00O120ZKTHR4o7iKVHT4n7dKWH[4X8O2O2M4K4M2M5M1N2N4L5J9F6J7I3L4N4K=@<E7K5J4Hb]d0"}, "iscrowd": 0, "area": 6997.0, "category_name": "Mask", "score": 0.9542932510375977}]}