{"images": [{"id": 0, "file_name": "images/mask_in_the_ocean72_jpg.rf.7ee8bc644a54d9231a2c4d057a8db340.jpg", "width": 416, "height": 416}], "annotations": [{"id": 0, "image_id": 0, "bbox": [27.0, 1.0, 134.0, 158.0], "segmentation": {"size": [416, 416], "counts": "gi;3l<3N1O001O0010O01O1^DKW:5hENV:3hE0V:1hE1X:OgE3X:LhE5X:KaEG[O`0S;JfE7Z:IfE6Z:KdE7]:IaE9]:HbE8_:G`E;`:E_E<a:D_E;b:F\\E;d:E[E<e:DZE<f:EYE<Z:^OZE6;<]:VO^E?4;j:EUE<k:DTE<m:ERE;n:DRE<h9UOkF1XO>5;h9VOjF3YO=3;Q;FnD:j9UOUGb0PO9k9UOUGc0oN9U;FjD;U;FjD;k9ROmF:VO;09m9RO[Gf1P:OdN[NZGi1e8WN_Ge1n91bN[NUFOX1g1b8\\NhFMA5NK030d1i9YNRG1[O0Kf1h9ZNQG2YO0Me1g9\\NYFM`03_OM33Nd1h9YN]G0kNh1g9ZNXGNPO10i1f9ZNdFKK3LW2e9hMZFO9O51Hn1`9SNfFN=n1l8TN[FN91I0?P2T9QN[FNh0\\2m8eMRG^2m8eMnF_2Q9aMmFa2T9[MmFh2R9XMlFj2T9VMjFm2b92O2CoLhFS3W9mLgFU3Y9kLgFV3X9kLfFV3Z9iLeFY3_93N1M30001N1O101O000000001O1O1O1O1ORMkFT2R9lMnFU2Q9jMPGZ2l8gMSGa2e8PM]GENh3b8bLaGFMk3_8XLaG3271Q3MbLZ81gG32W4Q8eKmGO0131M20m3R8PLQH10N020m3U8SLjG0O2Nn3X8SLhG60g3X8^LmG_3S8aLlG`3T8g01\\KgG71i3Y8nKgG3OV4Y8;0cKhGR4Z8gKeGO50MU4W8lKhGO31NU4e8cLZGb2f8ZMZG\\O0Z3e8[M[G[O0Z3^8eLfGf00e2`8ZMbGf2^8YMcGg2\\8ZMeGe2Z8^MdGb2\\8YM]G@8V3[8ZM]G@8V3Z8XM^GF7R3[8WM_GH6P3[8XM_GI6n2Z8[M_GG0H8R3Y8ZMaGF000N5S3Z8WMcGHN1NO4S3]8TMaGFO3082k2_8QMbGJO=O>O\\1b8kMdGNL>N<2\\1U9YNiF82^1R9kMkF`0000_O122T2i8kMZG0K207062B1NLS2U9mMmF3O1O01000O01O3MMR2_9QNaFOQ1P2`8oMeGQ2e9nNVENS9TOnF6NHR1Q2`7oMaG1Nm0NTOk0o1a8PNfF11NP1Q2k9eN`E0ebT3"}, "iscrowd": 0, "area": 12076.0, "category_name": "glove", "score": 0.8899044990539551}, {"id": 1, "image_id": 0, "bbox": [187.0, 18.0, 181.0, 141.0], "segmentation": {"size": [416, 416], "counts": "oV]28g<4_CKP<c0000O10O1000000O10000O1O2O0O1O1O2O0O101O001O000O2O0100O10O0010O01O0O101O000000001O010O010O10O10O10O01000000O1000001N10000O10O2O00000O1O100O2N100O2N100O1O10O0100O010O010O100O10O100O100O1002NO1O2]DlNT;i1H4LSNTEj1h:VNYEk1g:VNVEl1h:TNXEn1f:UNWEm1g:9NfM[E21R2b:lM]E22S2_:kM_E]2_:cMaE_2]:aMcE60S2]:mMcET2\\:lMdEV2Z:iMhEX2V:iMiEX2V:hMjEX2W:9O0001O1O00001O0O2O1O0^OeE^N\\:?bE55XO[:b0aE5P;KoD6Q;IQE5o:LQE4o:KRE5n:KRE4n:LSE4m:KTE5l:IWE6h:IZE6g:IZE7e:G_E7a:HaE8^:EgE:W:FkE9U:FnE8Q:HQF8n9HTF6l9IVF6j9JXF4h9K[F3d9M^F1c9O_FNb92`FKa95aFH`98c1100000000O0100000000000O10000000O101N2O2M6KX]c0"}, "iscrowd": 0, "area": 7478.0, "category_name": "glove", "score": 0.9406993389129639}, {"id": 2, "image_id": 0, "bbox": [30.0, 197.0, 42.0, 170.0], "segmentation": {"size": [416, 416], "counts": "a\\<a0[<8J5L3M2O1O1000O101O1m0SOd0]O3NO5J4MO0N2N2N1O1O1N2hFfMh7[2QHlMn7U2kGQNU8o1eGUN]8l1eG[MB<l8Z2gGdM\\8]2bGaMa8_2[G`Mj8`2RGaMR9_2jF^M_9`2]F^Ml9f27J7J5K6H8B=A`0F:F;FYeZ4"}, "iscrowd": 0, "area": 3027.0, "category_name": "Mask", "score": 0.9357813596725464}, {"id": 3, "image_id": 0, "bbox": [76.0, 265.0, 38.0, 142.0], "segmentation": {"size": [416, 416], "counts": "mom06e0R1T:SOjEn0V:SOgEo0X:QOiEo0W:QOhEP1X:QOdER1c8hNcH6hNT1d8kN`H0dNE40K`1m8oN]GI;3[OI1_1m8oNWGH=:^O^O2[1m8WOQGI`01@G0K4]1l8F]G]OCD7Y1j8FZGDLf0m8CXG@DD1L4\\1U8POoGDIo0:GLf0Q8?RHkN1ZOEV1X8e0QHmN;7e7i0QHQOd0[OWOMKO_8g1jGSOi9j0WFWOk9d0WF\\Om9d0hEaN0P1[:`17I5L>YNjDi0^;oNcDo0`;61O0UO^D;a;BeD;Z;FhD9X;DlD:T;BRE=l:EVE8j:GZE5i:H[E4h:KYE1ji20QZf3"}, "iscrowd": 0, "area": 2506.0, "category_name": "glove", "score": 0.7428329586982727}, {"id": 4, "image_id": 0, "bbox": [82.0, 162.0, 52.0, 69.0], "segmentation": {"size": [416, 416], "counts": "R_Q14k<3N2N2N1O2O2MBaC?\\<@eC00b0U<8N2M3N2N2N1O2N2N2N1O1O1O1O2N1O1O001O001O000000000000000000000000001O01O3M3M3M5K2O3L4KV\\b3"}, "iscrowd": 0, "area": 2102.0, "category_name": "Mask", "score": 0.9512099027633667}, {"id": 5, "image_id": 0, "bbox": [170.0, 161.0, 244.0, 202.0], "segmentation": {"size": [416, 416], "counts": "bWU22l<6UC60Ch12`8W1\\15K2cD`NW;a1QE`NI002OMN110OO12n9a1VF]NL4Oi0m9k0TF@j9`0VFXN0V1h9c0[FXNLR1h9i0]FWOc9j0]FTN39H1g9b1Y11O100UFRNc8o1]GQNc8j1YFXNT1Nc8n1X10O10OZFRN\\8n1aGQNkN3d9k1cGUN]8k1[110O2O00O1000O1O100000SFUNlNOf9l1_GTNjN1g9k1^GUNkN0g9k1ZGZNoNJg01V8k1TH\\NEJW8j1SH]NFIW8j1SH^NENR8c1ZH_ND1[OFa8j1`H_NDJ[O4a8c1aH]ND7]OAX8k1gIeNPNA31l7i1QJbN]NDa7j1RJaNa6_1`IXNmM0f8h1]IUNQN1c8j1\\200000000000000000000000000000000000000000cGUNe5k1[JUNe5k1h2001O001nFTNTNO02OOW8l1fIUNSNO02OOW8l1dIVNYN2JNY8j1g21O00000cGQNi5P2VJQNi5o1WJQNi5o1WJPNj5Q2UJoMl5P2b20[FPNZ8P2fGPNZ8Q2Z1001YEoM]:Q2gEnMV:R2gERNX:o1eETN8Ii01oNO^8S2_GXN9El01b7a2d11O001TF]MY9c2`F]MHO14e9a2`FhM]9Y2bFhM^9Y2bF]ML1c9c2`FZMO2c9c2]F]MO1c9c2eF^MZ9b2cFbM\\9_2dFaMZ9`2fF^M\\9c2eFZM\\9f2cF[M]9f2bF[M]9e2dF[M[9f2dFZM\\9f2cF[M]9f2cFUMa9l2^FRM0O^9P3`FSM1N^9o2fFPMI2a9n2fFSM[9n2dFSM[9n2dFRM\\9n2dFRM\\9o2cFQM]9o2eFoL[9R3eFlL\\9T3dFlL\\9U371O001O001O001O001O001O001O001O1O00001O1O0cHmLm4T3PKQMn4n2QKUMm4l2QKVMn4j2PKYMo4h2PKXMP5h2oJiLYN3i6T3mJiLZN4h6S3nJZMR5g2mJXMT5h2lJXMU5h2jJXMV5h2jJVMX5k2fJTM]5k2cJSM_5n2`JPMb5P3]JlLi5T3VJhLn5X3RJgLo5Z3oIeLS6\\3iIgLX6X3gIiLY6X3dIjL]6U3_IfLPOKa7`3]IeLTOJ`7`3XIhLZOH^7a3SIgLCH[7`3PIiLFGZ7a3mHgLLHX7a3iHdL4KS7a3gHaL<Mn6c3cH`L`0Mm6d3aH^Lc0Om6b3^H_Lg0Ok6c3]H]Lj0Oj6c3\\H\\Ll01i6c3YH\\Ln03h6a3XH\\LR13g6d3YI]Lh6a3YI`Lf6_3[I`Lg6_3XIbLi6\\3WIdLj6]3SIeLn6Z3PIhLQ7X3mHhLU7X3iHiLW7W3iHiLX7W3eHjL]7U3aHmL`7S3^HmLd7S3ZHlLh7U3VHjLm7U3RHkLP8U3nGkLT8T3jGnLW8R3gGnL[8R3dGnL\\8S3aGnLa8h31N2O0O2N2O1N2O1N2O0O3N0O2O2M1O3M2N3M2N3M3M3M3La0@>A7J6I6K7H9G;E7HRa0"}, "iscrowd": 0, "area": 23090.0, "category_name": "Mask", "score": 0.874302864074707}]}