{"images": [{"id": 0, "file_name": "images/mask_in_the_ocean_change23_jpg.rf.7153388ff0f6c1aed59a4923f329f6a6.jpg", "width": 416, "height": 416}], "annotations": [{"id": 0, "image_id": 0, "bbox": [100.0, 96.0, 89.0, 52.0], "segmentation": {"size": [416, 416], "counts": "enY18h<1N2O1O0O2N2N101O1N200N1O2O1O001O2M2O2N5J2O1O0O01000O0100O1O010O1O01000O010O100O0010O0100O010O10O010O10O10O10000O1000O100000001N101O0O2O0O2O0O100O2N101N2N2N1N3N2O1N2N2N3MaSl2"}, "iscrowd": 0, "area": 2521.0, "category_name": "Mask", "score": 0.9617838859558105}, {"id": 1, "image_id": 0, "bbox": [334.0, 90.0, 75.0, 134.0], "segmentation": {"size": [416, 416], "counts": "jcX42l<>D2bDi0o8YOiFn0V9SOgFP1Y9POdFS1[9nNbFT1_9mN^FT1c9lNZFY1d9gNYF^1e9R1L010N01O0M3G900O10000O1O2O0O100O2N100N3N1O1O2O001N2N101O1N101N001O1O001O1O0O2O1O1O101M2O2N1N4L3N3M2N3M201O0\\OWD1j;MYD0j;LYD3[<N2M[[4"}, "iscrowd": 0, "area": 4591.0, "category_name": "glove", "score": 0.9577046036720276}, {"id": 2, "image_id": 0, "bbox": [353.0, 158.0, 62.0, 77.0], "segmentation": {"size": [416, 416], "counts": "Rj^41c<`0J4M1N3N1O1N2O1N2N2O1N2O1N2O1M3N2O2N1M3O1O1N2O1O1O1O1O1O1O1000000001O1O1O1O5K2N1OO2O0O10O01O1O1O100O1O1O100O1O100O100O1O10000O1gJ"}, "iscrowd": 0, "area": 3293.0, "category_name": "glove", "score": 0.8373219966888428}, {"id": 3, "image_id": 0, "bbox": [276.0, 187.0, 54.0, 48.0], "segmentation": {"size": [416, 416], "counts": "Zeg31Z<f0J5L4L4N2N2N2N2O1O1O1O100000_ObD@^;?dD@\\;?eDA\\;=fDB[;<gDC[;9gDG[;6fDJ];1fDN];MeD3U<O001O1O1O2N1O2NfZT1"}, "iscrowd": 0, "area": 937.0, "category_name": "Mask", "score": 0.886489987373352}, {"id": 4, "image_id": 0, "bbox": [149.0, 247.0, 62.0, 148.0], "segmentation": {"size": [416, 416], "counts": "]SR2f0U<?PDmNW;e1G7G:I6L6L4M4L5K5K6_FmLj8a3oFWLR9m302mFUL1Lj8P48K7CfFcLm9P311L2N2bNiMfGb2Z8U1M2oGYKg7g4YHXKg7i49NlGZKP8g4oGXKS8g44M7Gm0UOe0ZOL5I8M2010O100O2N1N3`N]F@g94dFI`9HoF0Y9FQG5V9ARG9Q;H]nb2"}, "iscrowd": 0, "area": 4987.0, "category_name": "glove", "score": 0.929142415523529}, {"id": 5, "image_id": 0, "bbox": [39.0, 236.0, 91.0, 179.0], "segmentation": {"size": [416, 416], "counts": "`ga0P1e;b0[GgNl4h1kJ[NQ5m1hJVNT5R2fJPNX5U2cJmM\\5V2`JlM_5X2\\JjMc5Y2ZJhMf5Z2VJhMj5[2QJgMP6YOjHb2R1WNn6`1nHbNU7]1gHeN]7Y1_HiNd7V1XHlNg7V1WHkNa7_1[HcN`7c1]H_N_7f1_HYNb7j1ZHVNg7;mGK9Ki7:SHJ0Li7>[HT1c7nNaHm0_7TOdHi0\\7WOjHb0W7]OoH=S7@WI7k6FZI7h6C^I9e6D^I;d6C]I;e6D\\I:g6DZI;h6CZI:g6B^I<a6@fI>[6^OjI`0X6^OkI`0V6^OlIb0U6[OmIe0T6XOoIm0m5oNUJT1k5dN[J_1a89G2O0O00O1O2N1O1O1O1N3M2O1O2N1N3N2N101N2N1O2N101N1O100O1O100O2O0O100O100O1O102M4K9Fejc3"}, "iscrowd": 0, "area": 6208.0, "category_name": "glove", "score": 0.9694627523422241}, {"id": 6, "image_id": 0, "bbox": [132.0, 375.0, 64.0, 39.0], "segmentation": {"size": [416, 416], "counts": "lbe12n<1O1jC3X;NdD6Z;L^D:c;GXD<i;GRD:o;;1O001O1O1O001O001O00000000001O00001O001O1O1O001O1O1O1O1OO1N2M3M3LEoCOn;c0K5M30000001O00001O1O1O2N1O1O2L4M3L4N2ObC_O]<c0N^OnC6a<MU\\i2"}, "iscrowd": 0, "area": 1648.0, "category_name": "Mask", "score": 0.916634202003479}, {"id": 7, "image_id": 0, "bbox": [262.0, 243.0, 90.0, 97.0], "segmentation": {"size": [416, 416], "counts": "YT[3:a<8I6I6M3L4M3O1N3M2N1O2M3M3N1O101O0O2O1O0O2O001N1O2N1O1O1O2N1O1O2N100O2O0O1O2O1N2O0O2O001N100O10aMmEQ2S:nMoEQ2P:oMSFo1m9QNUFm1k9RNYFJ0`1g9eNoFW1Q9hNSGU1m8jNVGT1j8lNWGS1j8kNYGT1Z:O1O1O1O1O00100O001O1O1O100O3M2N001O10O01O1O1N3N1O2M2O2N1N2N4Ldei0"}, "iscrowd": 0, "area": 4448.0, "category_name": "Mask", "score": 0.9243223667144775}]}