{"images": [{"id": 0, "file_name": "images/photo_4_jpg.rf.1cc4c02241be353c5cbbd6328f05e55a.jpg", "width": 416, "height": 416}], "annotations": [{"id": 0, "image_id": 0, "bbox": [33.0, 18.0, 48.0, 123.0], "segmentation": {"size": [416, 416], "counts": "Q^=9[1Ni97QFMm96PFLn96oELQ:6lEKT:6hENW:2cE5[:N\\E9d:IUE=j:m0[OUNTFk1j9ZNTFf1k9]NQFd1n9_NPFa1P:i00O1O1O1O2O0O2N00L4M201O10O101N3N3L2O002M3N2O1N2N4L2N1O3M6H6I8F9Ba0]OSPX4"}, "iscrowd": 0, "area": 3433.0, "category_name": "glove", "score": 0.9565320014953613}, {"id": 1, "image_id": 0, "bbox": [211.0, 0.0, 85.0, 154.0], "segmentation": {"size": [416, 416], "counts": "cUd23YV1Oi23cSOL^C7^<J`C:]<6_O@UD22c0a;d0HgNeD]1S;<OJO2REZNh:l1@TNfEd2Q:9oESMf9S3O12K33L4J6aFeLQ9j3oFULf8Q4YGoKf8j3\\GVLj8j3600001oFULj8l3UGVLk8o3VGoKe8P4YGPLO1g8P4]GoKc8Q46001VGnKd8Q4\\GPLd8P46O1M300000000O1O1M3N2O1N2O1O1N2lNiF]NY9^1oF]NS9`1UGZNl8b1ZGZNh8c1]GZNd8a1`1M3L4O1O1O1O1N2O1O1O1N2O1O1N2N2N2N2M3M3L7FTVc1"}, "iscrowd": 0, "area": 6299.0, "category_name": "Mask", "score": 0.8355861902236938}, {"id": 2, "image_id": 0, "bbox": [68.0, 290.0, 57.0, 83.0], "segmentation": {"size": [416, 416], "counts": "nnk01V<2^D0a;2[DOf;3WDNi;3UDNk;3TDMl;4RDMo;2QDMP<4nCL?Ok:5eDL;6n:NfDL;:m:KfDL;<c:<[EG\\:`0dEA\\:?bEC^:>_EDa:>[ECg:Y12O2M5Ka0_O5J3OaDVOi:j0UEZOj:g0RE\\On:e0nD^OR;W10O2M3N2N2N2N101O1M3N2M3N2N200001O0O2O1O0000O2N1N2D<M4K4MZZf3"}, "iscrowd": 0, "area": 2182.0, "category_name": "glove", "score": 0.9335490465164185}, {"id": 3, "image_id": 0, "bbox": [0.0, 262.0, 56.0, 75.0], "segmentation": {"size": [416, 416], "counts": "gS15=Mm;6oCOm;4QDNl;4SDNk;2UDNk;3SDOl;1TD0k;0VDOj;1UD0k;0UD0k;1TDOl;2TDLm;5RDKm;d0O100O1000002M3N2M3I7O1O00O1N0N11O11O102N1O2M3N2M3N2M3L4M3K5N2N101N2O1N2O2M4LTib4"}, "iscrowd": 0, "area": 1627.0, "category_name": "glove", "score": 0.9467850923538208}, {"id": 4, "image_id": 0, "bbox": [329.0, 302.0, 72.0, 77.0], "segmentation": {"size": [416, 416], "counts": "aQX42n<1N101N1L5L3@`0N3N1O1O1N3N1O1O2N1O1N2O1O100O1O100BbNREM4b1f:iNXEX1f:b000OUNYE_1g:=0000000001O000000000001O3M4L6J2N00O100000000000000O01O0H9N3G9E:E>FTP7"}, "iscrowd": 0, "area": 3160.0, "category_name": "glove", "score": 0.9493755102157593}, {"id": 5, "image_id": 0, "bbox": [268.0, 286.0, 62.0, 50.0], "segmentation": {"size": [416, 416], "counts": "ji^34i<4M3M3N2N1O2N1O101N1O100O2O0O101N2O1O0O2O001O0O101O001O000O101O000O1O2M2N2N201N0100O10000O2N1O2K4N3VOWD8m;FVD7l;HVD5l;IVD6l;GVD7\\<L\\^S1"}, "iscrowd": 0, "area": 1765.0, "category_name": "Mask", "score": 0.9551888108253479}]}