{"images": [{"id": 0, "file_name": "images/sbjdflnkvam-_jpg.rf.cfd236afe25e20f3e43d02fef5584382.jpg", "width": 416, "height": 416}], "annotations": [{"id": 0, "image_id": 0, "bbox": [9.0, 61.0, 232.0, 94.0], "segmentation": {"size": [416, 416], "counts": "db65i<4M2N2N2N10FfCOX<1jCOT<1nCNR<2nCOP<1RDNn;1SDOl;1VDOi;1WDOh;1YDOg;1ZDOd;1]DOc;1]DOc;0^D0a;1_DOa;1_DO`;1aDO_;1aDO_;0bD0];1cDO];0dD0\\;0dD0\\;OeD1Z;0fD0Z;0eD1[;OeD0\\;OeD1Z;0fD0Z;0fD0Z;0fD0Z;0fD0Y;0gD1Y;OgD1Y;OgD0Z;0fD0Z;0fD0Z;0fD0Z;0fD0Z;0fD0Y;1gDOY;1gDOY;0hD0X;0hD0X;0hD0X;0hD0X;0hD0X;0hD0X;0hD0X;0hDOY;1gD0X;0hD0X;0gD1Y;OgD1Y;OgD1Y;OgD1Y;OgD1Y;OhD0X;0hD0W;1iDOW;0jD0V;0jD0V;0jD0V;0jD0V;0jD0V;0jD0V;0jD0V;0jD0V;0jD0V;0kDOU;1kDOV;0jD1U;0jD0V;0jD0V;0jD0V;0kD0T;1kDOU;1kDOU;4hDLY;4fDLZ;6dDJ\\;7dDH\\;9cDH\\;9cDG^;9aDG_;9aDHBMh;<fDKZ;5eDK[;6dDK[;6dDJ\\;6dDK[;6dDJ\\;7bDJ^;7aDJ^;7`DJ`;7^DJb;7\\DKc;6\\DJd;i0O101O00001O000O101O00001O00001O00001O00001O0000001O0001O01O01O00`EcN]9^1aFdN_9[1`FhN^9X1bFiN]9X1aFiN`9V1`FjN`9V1`FjN`9V1_FkNa9V1^FjNb9V1^FjNc9U1]FkNc9V1\\FiNe9W1[FiNe9W1[FgNg9Y1YFfNh9[1VFdNl9\\1TFcNn9\\1QFdNP:]1nEcNS:]1kEeNU:[1jEfNV:Z1hEhNY:X1eEiN[:W1cEkN]:U1bEeNLKc:`1_EeNOKb:a1^EaN4M^:c1\\E`N7M^:h1dEXN\\:h1dEXN\\:g1eEYN[:f1fE[NZ:c1gE]NY:c1gE]NY:b1gE_NZ:`1eEaN[:_1eE`N]:_1bEbN^:^1aEcN_:]1aEcN`:\\1_EdNb:]1]EcNd:\\1[EdNf:]1XEdNh:]1VEcNl:]1REdNn:f12O0O2O001N10001O0O2O001O0O2O001N2O0O2N2O1N2N4M9F4L4L4L5K5KVR]2"}, "iscrowd": 0, "area": 7051.0, "category_name": "Mask", "score": 0.9039813876152039}, {"id": 1, "image_id": 0, "bbox": [292.0, 52.0, 58.0, 170.0], "segmentation": {"size": [416, 416], "counts": "QTg3a0Y<c0Am0TOi0XO>Bh0XO3N00O000001O0O1BTLcGQ4S8c0J5O2O1O100O100001N10000000001N101O1N3N3M2N2N`0@4L3L3N6WLQGU3`9M3L2O1O3L5L3L4M4K4M4KT1mN8G8H2N2N2N3Mjoh0"}, "iscrowd": 0, "area": 7018.0, "category_name": "glove", "score": 0.9622628688812256}, {"id": 2, "image_id": 0, "bbox": [357.0, 11.0, 57.0, 115.0], "segmentation": {"size": [416, 416], "counts": "Uma4:b;KXE>`:H[E`0\\:E`E`0[:DaEa0[:CZEg0d:m0Lc0^O4VFoL^9S3^FQM`9X301N11O0O2O1N4L7I5K4K2N3N1N3N101O0O2L3O2O010N2N1O2O1N1O2N3N1N2N3M3N1N3M3M3N2M3L5K6K7Hha1"}, "iscrowd": 0, "area": 3634.0, "category_name": "Mask", "score": 0.9534977674484253}, {"id": 3, "image_id": 0, "bbox": [152.0, 338.0, 67.0, 49.0], "segmentation": {"size": [416, 416], "counts": "[Zo17h<2N3\\OH\\D9b;I\\D8c;J\\D7c;J\\D7c;I]D8b;I]D8b;I\\D8d;H\\D9c;H\\D9c;G]D:b;G]D:c;E]D<b;D^D<b;E]D<b;D_D;b;D^D=a;C`D<`;D`D<a;D_D<`;E_D;a;I[D7f;`0101O0O101O0010O0001O010O001O00000010O01O0O100000001O002N1O2M2O1N2O1N3N1O1N2N3M2N^X_2"}, "iscrowd": 0, "area": 1955.0, "category_name": "Mask", "score": 0.9515950679779053}, {"id": 4, "image_id": 0, "bbox": [287.0, 275.0, 44.0, 140.0], "segmentation": {"size": [416, 416], "counts": "Vld3j3V901O2N1O1O2N2M3L3L5M2O1O2NWFPMc9P3YFSMh9R32L3^OUFiMP:U2VFeMm9W2`0N2N2M4M3L3O1M4M1O3N1N2O1O1O0O3M3M4J6J8FUjS1"}, "iscrowd": 0, "area": 3087.0, "category_name": "glove", "score": 0.9579399824142456}]}