{"images": [{"id": 0, "file_name": "images/uwg_g-266__fliph_jpg.rf.3d9ff6be7ecf27dbeb26b7152a29dc43.jpg", "width": 416, "height": 416}], "annotations": [{"id": 0, "image_id": 0, "bbox": [232.0, 85.0, 108.0, 277.0], "segmentation": {"size": [416, 416], "counts": "]Zk244N\\<`0bCA3Nl;j0QDXOk;Q1VDmNc;\\1\\DeNX;g1hDXNk:U2VEkM[:^2cEcMo9k2QFVMh9P3XFoL;0o8Q3TGPMEOn8T3ZGlLE:0F4O_8n2]GZM0I1O0k0^8U2cGPM90Fl0[8T2UHPMBj0V8V2[HPM@i0R8[2fHbMV7c2jHgLTO10?n7n2cHbLC1L00b0l7l2fHaLB4L?i7n2dH_LM4F?g7T3aH[L1OGe0e7S3cH[L3a0X7W3kHTLL1H=_7_3nHTLKOJ<\\7]3`HZL?NKOJ<Z7]3lIWLiN6Y7e3SJ[Ll5g3aISL_O0H6V7k3hHoKW17o5o3RJPLm5R4SJlKl5j3kHVL3LY11h5o3lHSLf8P4ZGPLS1NQOO30g6V4RInKR1MROO31c6_4gJbKV5`4jJ_KU5\\4ZIgKX8\\4hGbKY8_4hG`KU8c4jG_KY1O\\5j4dJVKmNNU6m4fISK`12e4o4d13N1cIkJn4Y5PKiJm4Z5RKgJlNOg5_5ZKaJQOOc5b5]K^JPO0a5a5kK^JT4d5b12WJ\\JU4e5kK\\JR4f5QLWJm3l5a12O1O1aJPJm3Q6SLQJg3S6ZLlIf3U6ZLjI`3\\6`LdI^3^6bLbIY3c6dL`Ig2U7XMlHa1MnMa7`0bH`11iMb7g0]H_12YMLOP8Z1oGdNOj2c8bN^G`1d8^N]Ga1f8\\N[Gc1h8ZNWGf1k8RNUGVO1g2l8RNUGUONj2n8mM[GR2i8[MlF:0B8j2U9]MmFg2W9UMgFm2Y9SMdFMLP3m9000000000_OQMnFOEQ3]9PMnFR3`9001N100JkL`FV3S9jLUG0GX3`9hL_FY3c91N3L301K4O1O1IYLTGh31XL^22\\3NRJo3f2ZLV3f3dLcLV3^OYJQ4R2SM]3R3^L[M[3e2lJjKa1R2\\NPN3OU4Y4\\MmNe1_1TN\\Oo0m0lNEd0>UO;6HDh0N\\OGhJ_O`68nN9o6AbC9`<EbC;a<O2LQUm0"}, "iscrowd": 0, "area": 22623.0, "category_name": "gbottle", "score": 0.875082790851593}]}