{"images": [{"id": 0, "file_name": "images/uwg_g-1311_jpg.rf.e020ad9e6898cf473a628c3f4285894d.jpg", "width": 416, "height": 416}], "annotations": [{"id": 0, "image_id": 0, "bbox": [130.0, 190.0, 101.0, 140.0], "segmentation": {"size": [416, 416], "counts": "ijc1>\\<7K5L3N3L4L3M4M2N2N3L3M4M2O1N2N2N2O1O1O1O1O1O100O1O101N10000O100000000O1001O0000001O000000010O0i0WO5K=D1N0010O00001O1O1O00100O1O1O1O2N002N1O1O2N1O2N3L3N2M4L4L3N4J4M5J7H8I6Ja0YOc0@[\\a2"}, "iscrowd": 0, "area": 6953.0, "category_name": "tire", "score": 0.9430627822875977}, {"id": 1, "image_id": 0, "bbox": [199.0, 151.0, 124.0, 166.0], "segmentation": {"size": [416, 416], "counts": "feb23j<9G6K4L5K6K3L4L6J7J5J6L<B5`E`MW:i2J4L4L5L3N1O2N1O2N2N3M2O1O1N101N2N1O2O0O3M2O0O2O1O001O00000O10001O000000000O1001O00000000001O00000O100000000000000O10000O100O2O0O100O3N3L2O2M6\\LgF`06h1`9TN`Fk1b9SN_Fm1e9nM]FGEW2Q:oM[FS2e9jM^F7Ac1R:TN^FOJa0Fh0S;jNmD62P1Q;iNmD90l00iNW;<iDk00iNT;0lDf10ZNg:U2YElMe:T2\\ElMe:9ZEJ1]10`Ne:0^E05?Hc0];POcD01b04[OK4j;LUD=a0Cn:1bD05=`;D\\D:33g;BXD248n;EUD8b0Hj:5YEMe:1]ENd:0^EOo93oDO40P1Nm93oDN_1OX`Y1"}, "iscrowd": 0, "area": 11018.0, "category_name": "tire", "score": 0.9180184602737427}, {"id": 2, "image_id": 0, "bbox": [165.0, 100.0, 69.0, 107.0], "segmentation": {"size": [416, 416], "counts": "cnQ2d0W<f0ZO<E5M2M3N3M2N2O2M2O1O1O1O2N100O2N1O1O2O0O2O1O001N2O1O00100O10O01O10N10001O1N1O2M2N3M3M3M3N2N2N3M2M5K5Jd0XOb0\\O\\f`2"}, "iscrowd": 0, "area": 4251.0, "category_name": "tire", "score": 0.9520062208175659}, {"id": 3, "image_id": 0, "bbox": [106.0, 148.0, 59.0, 87.0], "segmentation": {"size": [416, 416], "counts": "n_^1`0[<9G9H7K5\\DcN];d1K6K2M2O3M2M2O2N2NO1O2N1O1O2N2N1O2M2O2N2O1N101N2N2O1O1N2O1O2O0O100O2N2O001N2N2O2M4Ll]W3"}, "iscrowd": 0, "area": 2410.0, "category_name": "tire", "score": 0.9133446216583252}, {"id": 4, "image_id": 0, "bbox": [321.0, 122.0, 80.0, 142.0], "segmentation": {"size": [416, 416], "counts": "VnP481Kb<d0D3L6L1N3UDQOa;Y1N3M2N2N2hD[NS;j1oDVN02N10NX:Q2gE_NV:Y2jEVMn9l1UFkNQ:T1QFWNLO030MT:l1nEjNP:Y1mEiNR:S2N4L12NO1O2N1O2N1O100O1O2N1O1O2N1O101O1O1O1N2O1O1O2N1O2N1O001O2N5L2L3O2M1O0001O0O1010O1OO101O0010O01O0O3O0M5M110M3N2M2O3L2H8H9B>D=D?PNmD:0G4Nfl5"}, "iscrowd": 0, "area": 9081.0, "category_name": "tire", "score": 0.91660475730896}, {"id": 5, "image_id": 0, "bbox": [226.0, 105.0, 67.0, 78.0], "segmentation": {"size": [416, 416], "counts": "oTm25j<2M3N2M3N2O2M2O2N1N2O1O00O100O11N101O1O1O2N2N2O3L2N1O10O00001O001O010O1O1O1O1O001O001O2N2N1O1O1N2O1O1O1O2M3N2M4L]ed1"}, "iscrowd": 0, "area": 1635.0, "category_name": "tire", "score": 0.9338103532791138}]}