{"images": [{"id": 0, "file_name": "images/uwg_g-763__flipv_jpg.rf.60b61cbbd83c64d908e6fafc0b64c2e9.jpg", "width": 416, "height": 416}], "annotations": [{"id": 0, "image_id": 0, "bbox": [149.0, 19.0, 131.0, 230.0], "segmentation": {"size": [416, 416], "counts": "W`m1`0[<8H5H9K4M3L5K4N2M4M2M4M2N3M3M2N3L3N2N2N3L3N3M2M4K4N3M2O2M2N2N2N3M2N3N1N3M2N2N3M2O1M3N2O1N2N2N2N2O1N2O1N3N1O1O1N2N3M2N3N2N2M3N3N2M4L3N3M6I5M2M5M011NO000O2N3N7H7I`0oIcH2381^4T8N00001O00001O1O1O1O1O1O010O1N101O1O0O2N2M3N2M2O2O2L3N2O2M2M3N2N2N2O2M2N2N2N2N2N3M2M3L5J7I6I9F8K7H9_O`le1"}, "iscrowd": 0, "area": 16767.0, "category_name": "pbag", "score": 0.9688788652420044}]}