{"images": [{"id": 0, "file_name": "images/uwg_g-1208__fliph_jpg.rf.bc53959d12dc093b865ae7d6840fee61.jpg", "width": 416, "height": 416}], "annotations": [{"id": 0, "image_id": 0, "bbox": [26.0, 178.0, 91.0, 144.0], "segmentation": {"size": [416, 416], "counts": "RU7e0U<9G:G8K3L4M4L2N3L3N3M2N2N2N2N2O2M2O1O1O1O1000jNmE_OR:;lEfN6m0m9=nEeN9k0i9?oEfN8k0h9b0mEeN:i0i9h0nE^N4i0m9k0nE_N2f0o9l0oE^N2f0n9l0QF^N0g0o9k0QF\\N2i0l9m0QF\\N0h0n9m0RF[N0h0n9m0RFXN4j0i9i0aFVO_98RF_O>:`96SF@0_O7n0e94SF@0@6m0g9l0UFWOj91UFB3<h90WFRON0117k0c92YFoNO2N08n0b9NUFRO3100O14Q1e9KUFRO32N1003Q1g9JUFUO0000102R1g9JUFUO1O00102R1g9JVFQO33NN201S1g9K[FSO:R1[9ITFTO8O:T1Z9ITFTO1O31<T1]9KTFPO310O1Z1g9GUFoN319W1_9ITFQO30:T1`90UFlN<S1^9MTFoNe0T1X9M[FnN6T1`91VFmN8R1c9NRFnN328R1c94RFkN9Q1f9<XFCj9=TFDd:DVEXO20NS1];SOhDm0];oNcDP1g;OKoN\\DQ1X;oNjD0O0MS1[;mNREQ1^;O_OROSEn0_;000@ROoDn0R;ROlDP1S;QOlDo0g:POQEe1P;60OE:101O1O1O2N1NZOQN`Fm1[:N2N2L3M5M1O3M1N3M4K4L4N3J9F]^h3"}, "iscrowd": 0, "area": 6621.0, "category_name": "tire", "score": 0.8508220911026001}, {"id": 1, "image_id": 0, "bbox": [151.0, 193.0, 124.0, 222.0], "segmentation": {"size": [416, 416], "counts": "ePn1Y1b;<E;E<E7H:G7I9G5K6K4L3L7J2O2M4L4M3L4L7J3M4L1N2O2M2O1dHbJU7_5kHaJS7a5kHeJo6]5PIeJn6\\5QIfJl6i5M3N3M2N3M2N3L4M1O]OkI]JT6X6O1OCnInIR6P6PJPJo5Q6RJnIm5S6TJlIk5V6TJjIk5f600OFSJcIl5i600O100O10000O1000000000000001O000000001O001O001O1O1O1O001O1O2N1O1O1O1O1O1O2N002N1O2N1O2N2N2N2N3M2L4L4L4K5L3L4M4L5oJQHi4U8K5L4L7G`0_O;G?@a0ZOg0mMkDV1MkNS\\k1"}, "iscrowd": 0, "area": 21842.0, "category_name": "tire", "score": 0.9524867534637451}, {"id": 2, "image_id": 0, "bbox": [267.0, 200.0, 117.0, 193.0], "segmentation": {"size": [416, 416], "counts": "_^[37f<8J8H5K3N3L6J8I6I9H6J6J5K4L6J<C7J5K5K4L5K5K7I4L3M4L4L6J2N3M103L4M3M4M2N2M2ON2O12MM4N13NO1N20dH]JZ7`5fHaJ\\7S5gHmJa7R5^HnJd7U55E<J4J8G8I7I9G>C5L;Ec0UOl0ROXkS1"}, "iscrowd": 0, "area": 7876.0, "category_name": "tire", "score": 0.8369268178939819}, {"id": 3, "image_id": 0, "bbox": [74.0, 325.0, 82.0, 90.0], "segmentation": {"size": [416, 416], "counts": "lWm04f<6I7K5M3K5J6L4M3M3M3N2N2G9N200I7O1O1N2N2N2M3N2N2N2N2O1O1O1O100O10000O1000000001O001O001O001O1O1O1O1O001O1O00001O1O001O1O1O2N1O1O2N1O2N2N3M2N2N3M3M5K4L3M7I4L5I8CnkZ3"}, "iscrowd": 0, "area": 5763.0, "category_name": "tire", "score": 0.9444826245307922}]}