{"images": [{"id": 0, "file_name": "images/uwg_g-704_jpg.rf.0749b199f183c3ed63c3bca2467a3b16.jpg", "width": 416, "height": 416}], "annotations": [{"id": 0, "image_id": 0, "bbox": [81.0, 15.0, 229.0, 400.0], "segmentation": {"size": [416, 416], "counts": "mfR11U<`0mCJ0G];4cDT1R;e0I6J7[EeM[:c2M9H2J7UFkLb9]3M3N9dFXLP9S4I7]OfKPHOIU52nJS70nHMMm51UJ`63cI[6MaIU2d0m0@PMc6k1RJ[1WOgLR7a1jIa1SORM3MS7T1mIm1POoL1OW7l0kIW2j6WM_Ii2\\8O17WFnLV9`3NBkFoLR9HlFT3=mLj8b2kFbMN4f9\\2[F`MO4>Gg8n2kF[M9GI2NOP9n2PGZM285@]8o2]GXM1:OMX8c2hGVM29NI0HW8P3kGPMOO6:KMOJU8k2jGUM9ON:KEM62LT8R3SHmLO:JOOHT8T3kGoL1M5n0n7b2nG^LOQ1S8\\2mGdL4Q1n7[2oGdL2R1o7Z2oGdL2OM>O2S8d2RHlL0033H32:R8b2iHSMUO;R8c2lGmL11:OI3N0N>V8d2jGlL:3G01a0T8_2YHoLCO1c0S8]2jGnLg01]O0N>U8d2lH\\MT7e2iGPM3L<1A00`0W8c2iGPM2M64Hc0V8\\2kGSM7<J_OO8o7j2PHUM5HL`00CO6P8j2PHQM1L93F616o7j2RHgL:1E=OLP8o2RHhL63I91Mm7i2QHPM2N63IMO733k7b2SHUM1O0O91G0O110O82Eg7m2XHUM10c00\\O010N92Eg7h2VH[M2000c0O^OO01O72Ge7n2YHTM2Nc01J8BGf7n2YHTM_17bNGf7o2WHTMm0ME9[7f2UHSM2OV11gN13Md7o2[HRM01Q1OoN010O0e7U2YHmM00161H01Q1OoN0100Oc7W2ZHjM0OO3252IO1^9T2eFmML0ONP:V2UFiMJ208n9n1ZFWNe9i1UFjM010O100Ob9X2]FjMO01O100O10Z9X2eFiMO01O1O0100Y9S2\\1001OEYEYNm:Z1SEfN002Oj:X1TEfN91J0h:W1j0J5001O00000000100O1O1N2O1O1O1O1N2O1O1O1O1O1O1O1O1O1O100O1N2O1O1O1O1N2O1O1O1O1O1N2N2O1O1O1M3O1N2O1M3O1O1O1N2O1O1O1O1O1N2O101N1O1O1O2M101O2M101N2O1N2N3M2O1O1N2N3M2N2N3M2N1N3O1N2N2N2O2N0O3ZMXKPMj4o2^KbJIQ2m4Z3`KbLd4^2mJ`Lg08XOPO20Y5X4gJ^LZ1XOhNOm5[4QJ^Lj0ZOUONO7W6Q4jIgKOj00VOj04VO6W6m3iIiK2m0i0VOVO5Y6n3iIjL=Hi5^3gIoL5MS6Q3hImK1U15KS6R3hIWM3IS6]4jIgKV6a5002_IhIS6e6N1O107H7H3]JiHY5Y7fJhHY5`7N3F9WOQH^LT8]3lGoK3221U8T2gGlN1SOOMP9R2VGaN>ZO_8P2k1M1O3L3M3N2O1O1O001O2L201K^DjNd;n0<M4L4L3M5L\\W\\1"}, "iscrowd": 0, "area": 57552.0, "category_name": "pbag", "score": 0.9457162618637085}]}