{"images": [{"id": 0, "file_name": "images/uwg_g-1231__fliph_jpg.rf.359dc59b7061607dc0e0434472a2de88.jpg", "width": 416, "height": 416}], "annotations": [{"id": 0, "image_id": 0, "bbox": [156.0, 44.0, 105.0, 143.0], "segmentation": {"size": [416, 416], "counts": "`Sm12g<2[C0a<9L5iN_OkEg0]9YOfE021I40Ki0k0_9UOhE54KM1O`0><CUOT:NkE;0a03UO0m0NTOV:Y1jEgN1m0NSOX:2hEL41LV2X:lMPFMIW2S:e0N\\MPFKOV2U:kMnEL0W2R:mMoELLZ2V:iMPFY2o9fMRFZ2n9gMoE\\2m9aMnE61[2Q:920100O00O3L02OO2N2J6M4N0ON3100O1O100OO2O02O00003L20O00001L_FfLb9Y34N200O001N2O2N9H6I2N1O001O002O05_E_MX:`244MSNhER1W:kNmES1U:iNmEX1S:fNnE[1S:`NRF_1o9]NSFb1g:O1O0003N11N0M2O2O01N2O000M2O11N10001O0O2O2N3L5M3L7G3N3N2N10OYOlCd0Z<K4N5J2IZC000cPP2"}, "iscrowd": 0, "area": 7942.0, "category_name": "tire", "score": 0.7463927268981934}, {"id": 1, "image_id": 0, "bbox": [26.0, 131.0, 88.0, 98.0], "segmentation": {"size": [416, 416], "counts": "\\Qb08d<?A:H3M3N3M1O2N4K4M2N3M2N2N2O1N2N2O0O100O2O0O10O100000000O1O1O1O1O100O1O2O0O011N1O2N1O2K5M3N200D`DQO1Mb;l0bDSOg;e0TD^OW<8^kQ4"}, "iscrowd": 0, "area": 2942.0, "category_name": "tire", "score": 0.9134994149208069}, {"id": 2, "image_id": 0, "bbox": [36.0, 242.0, 59.0, 52.0], "segmentation": {"size": [416, 416], "counts": "_f?7e<=D5L5L3L3M4L2O103L2N2K5O0O1O1N2O1O2N100O100000O101OO1000O100O1N20O0100O1O2M2O0O2O1L4N2M4L4N3K7I4L4]OfC:eoT4"}, "iscrowd": 0, "area": 2497.0, "category_name": "tire", "score": 0.8698438405990601}, {"id": 3, "image_id": 0, "bbox": [331.0, 192.0, 84.0, 93.0], "segmentation": {"size": [416, 416], "counts": "dU[43j<=C7J8H4L3O2M1O2KfNaD\\1^;4N2N2O1O1O1O1N2N2N3M101N2O1N10001O001O00001O000O1001O00O1000000001O0O101O002M102M2O1N101N2O1N2N2M2O2N2N2M3N2M3M3L4L7H;E[\\1"}, "iscrowd": 0, "area": 3952.0, "category_name": "tire", "score": 0.9298139810562134}, {"id": 4, "image_id": 0, "bbox": [308.0, 165.0, 60.0, 96.0], "segmentation": {"size": [416, 416], "counts": "mXk31f<?G6I6M3M3N2M2O101N100O2fDfNj:`1oDiNi:h1OO1003M1O2N2M2O1O1O1O1O1OO100000001O0O1100O01M2O1O2I[EQNe:P2YERNf:k1ZEYNe:f1]EYNc:e1aEWNa:h1aEVN`:i1=N1O1O2N1O2M2O1000000O2N1O1hN_D`0O^O32c;1YD`01\\OP<4oC>X<^OkC2O5bP2ImoM0mQb0"}, "iscrowd": 0, "area": 3634.0, "category_name": "tire", "score": 0.8121027946472168}, {"id": 5, "image_id": 0, "bbox": [14.0, 299.0, 60.0, 96.0], "segmentation": {"size": [416, 416], "counts": "`^61230NO000Y<j0D7C`0QOl0IeMfE^2V:9K4IRMXFm2OSMh9P34102N00000000O11OoLVFl2k9TMTFl2l9TMTFl2k9UMUFj2l950000001O00000O11O10N3N10OO2O01nESMo9l24O000O2N01001O1N3N2K4K331K2M7G9YOPEPO[;e0e0G9BPQ[4"}, "iscrowd": 0, "area": 4839.0, "category_name": "tire", "score": 0.8478980660438538}]}