{"images": [{"id": 0, "file_name": "images/uwg_g-1059__fliph_jpg.rf.187a631e770bbc806208146e4103bf3d.jpg", "width": 416, "height": 416}], "annotations": [{"id": 0, "image_id": 0, "bbox": [84.0, 96.0, 167.0, 295.0], "segmentation": {"size": [416, 416], "counts": "cTk01h<0]C3`<8FJhC8V<JhC7V<HlC9S<FoCK02N0R<5oCJ03MOR<7nC7o;_ORDm0k;TOTDo0k;QOVDn0n;@SDC03n;:RDC02]9NnH?dMB02OKZ94QI2eMh0V9WOaGLb0OlN6Mi0R9VO`GK\\O2X11kN4Nh0S9VOcGLb0OlN6Mi0e8JfI0iMXO^8g0mGYOY1h0[NZO^8e0kG\\OR1NfNg0O[OS8NnGg00XOM5`0J]O100>OF31V1l7kNUHe00YOK5b00GMIO2V1l7kNUHe00XOM5?3GIL2OU1f7hN`H1I3M<<D7582YOD93C1i7O_HOK3188H76DE:<2E_O4e7OaHOIf0;]O65EE:b0L@D3f70_Hk00\\OLD;=<4EBB4e7NaHl0N\\ONE3a0c0OFMT7G`Hn0O]OOB3MMd05\\O4i05FT7e2lHPMD<=0S7d2lHnLE1N10N?1@8a7k2`HjL74KON6?7Q7j2eHkLM<;OQ7P3bHfL2<:NQ7R4mHPLP7Q52N000001O0001hLeHfMNQ3_7VOgHj0X7VOgHk0Y7VOfHj0Z7TMcHQ5]7oJcHQ5]7oJcHQ5]7oJgHm4Y7SKgHm4Y7SKdHKNR5_7RKcHQ5]7oJcHQ5\\7PKeHJMS5_7<01O00000O11O0001O00000003M3MO2O01OO2JdJeH]5X760101L30000O1N201N1N3O0O101O000N3LiI\\IX6d6hI\\IX6g6O2N00O1O100001O10N100O0100000001O1O1O0lIVIR6P7L01O000O4NNQOoIQKQ6ROoIk51RKS6m4mISKS6m4mISKP6SOoIk50mJ0[OP6l5QJmJo5S5RJmJm5i4SJ]J4j0i5f4VJ`J1j0j5e4UJbJ0i0k5d4VJfKh5W4]JiKc5W4]JiKb5]4WJeKj5Z4UJgK`4gNfLb5jNgKk5Z4TJgKk5Y4UJlKf5T4ZJlKe5m3YJjJ2Y1e5g3cJlJH]1e5a3iJQKC^1d5a3\\JPK72H^1e5`3ZJTK40M]1f5^3YJWK2NM_1g5X3ZJUK36Nc1d5Q3TKhLl4l2\\JdK1Ok0^1f4P3^JaK30j0_1d4Q3_J`K30f00XOX1MkNd5\\4gJaK?1XOV10kNb5\\4dKnLiNgNb5\\4eKcKiNU10lNb5]4`JaK10l0U1TOjN`5_4_JbK01m0T1SOkN0O\\5^4eJcKO01Og0W1UOmN2M[5^4gJbK00l0V1POmNb5[4lKnLU3cNZL_4a0nLU3cNZL_4a0gLfNjN^43ZL]4_O`Ke06RO96Ca42RL]4WO_K30l07oNf0h4WOSL]4WO_KV1V1iNmNa41YL]4<_KlN]1McN_45[L]4;_KnN`1Z4dN]L]4WO^KQ1h1BXNR35TMa44UMFVNCOU35^Ma43WMEVNDNV33^Mb4M[KYOP22oM21220NV33^Mb4M\\MMPNBOV34]Mb4L\\MOoMA0X34ZMa4LYK]OV21jM<4GOX1O?5lNb4FbMEfM11NN134NX10=7kNe4^OTKMZ22gMO0OO02d35QMf4[OdM0aM13OM5N0O60;2\\ONc18PO[7[O`H13O74D51<0\\O100N0X15^OZ7]O_H10L02<3G203U1IlNa050Z7\\O_H2d00@42LT1NkN1I>:4Y7]O^H3R1NY1;QN5Q74\\IBZOKl17_N5R75ZICWOJM2R24bN6Q7D_H1R10TO0j11bN:h8HcI5e9O1O4KPK0lH5\\OJ^<3_CM20nTQ2"}, "iscrowd": 0, "area": 29858.0, "category_name": "pbottle", "score": 0.8249887824058533}]}