{"images": [{"id": 0, "file_name": "images/uwg_g-1074__flipv_jpg.rf.e36036c0c96ee446c5cca77749bee01c.jpg", "width": 416, "height": 416}], "annotations": [{"id": 0, "image_id": 0, "bbox": [127.0, 157.0, 118.0, 258.0], "segmentation": {"size": [416, 416], "counts": "dhb12m<1JN^C2ON]<2cC2M0]<0dC3OK]<1dC10LO1e<O_C0M0j<21001OMUC2f<O[COO2m<Na<2dVO3OLQ<2nCg0i;;K5M3M300O1N2POaNXFf1g9^NfEL7i1Q:fNjE\\1P:m0K5J6hN^MiGk2Q8U1G9I7O1N2K5M3K5G9N2N2N2_OlIRJX6T6iIdIX6V6iIhI^6X65000000O1001N]O]IoJc4[OcK01i6IZI0a0T4AkKb02S6NZI1>V4<lKe6W4mHgKH8\\6I^I08OG[4?dKH:[6I^I4OI32NZ4i0dKVO50Kd63\\I>1k32eKc01S6e0WIe34dK_7R590[HnJ\\7R5aHRKZ7Q5gHnJ]7P5aHQK`7W50@`HWKN4b7]4^H_K7NL2a7\\4kHcKFO^7W4TIjKT7S4oHlKS71UH3M^3P9_LSG3MW3V9hLkF\\3_9XObFiMa9V2?[MQFb2Q:5L51J6KiE`MQ:f2QFXMP:f2RFZMn9f2600MhE]MX:c2300O02ON3O0O2LaEeM_:[2300O2N6J2N1N2O2UNoDe1V;O2O0O100O100O2M3aNbDX1d;K4O2O2ROUD?N]O[<=8M3HU=6kBIZC000dXU2"}, "iscrowd": 0, "area": 11703.0, "category_name": "pbottle", "score": 0.8736779689788818}]}