{"images": [{"id": 0, "file_name": "images/uwg_g-29__fliph_jpg.rf.1de1aa01638a9fc972a897338cceecdc.jpg", "width": 416, "height": 416}], "annotations": [{"id": 0, "image_id": 0, "bbox": [124.0, 58.0, 203.0, 241.0], "segmentation": {"size": [416, 416], "counts": "nn`166LV;OhEc0XO@G3d0J[O210m82QG40L;6F::_OF7OH1N:1E8X9HbG1ZOb08]Od05SOK[:1hE0L0R1NVO3FNb8ObG:NINN010N;0H26d0H]O31>MH9g7W1oG`N40M2:a0F_O40=NH;d7Y1kHmND_OJO310<GD^7`2bH[N7XOHN00630<J@Y7OiHY43nKKJ1`0O@]76PIIEl20]MOI58K7O@\\76WI2]OW21jM0G6m0ISOV73jH4=ICl21^MOG6o0o6m2nHZLNJ5o0P6RO\\JR4CQLML4o0f5oNUJ034=R4EPLKL5o0g6c3SIgLU7fNXIX5_6hJVI41M2X5g6QKVIKOT5k6QKUIV5n5_J[J1GO<P6a5QJYJ665CV5W6aJlIOM23:OFNV5W6iJlI6M72AN00Y5U6kJkIK0l02d4Q6gKoIX4n5aJRJW10X4m5bJRJW1OY4U6eKlIY4W6eJkI:MB36NY5W6dJiIM0]6V6gImIX6Q6jIQJ_4N`KLR1W6mNQJa4L`KLQ1X6nNPJT6R6hIPJX6[60100O1NNlI]IQ6a6SJ^Im5_6<O010MbIdI[61eIY6^6hIfIR6LkI^63fIX6V6lIfIT6\\6jIdIV6\\6iIeIP60PJ]6LeIQ61SJi5NeJm5DUJg5N`JOD[6m5eI_JOF[6`600000000002]IcI`6\\62000^IdI`6\\6`IdI`6\\6`IdI`6[63cK]I]27eKI0X6a1hIcN8V41gKn5e1RJd2MjKR6[1iIdN8W4LlKT6W1iIeN8W4InKV6=gI42ZO8X4HmKW6IgIb0060\\O:a4m5\\KlI3M^10U3W6YKmI3NV6V6gIlI3NO0X1OZ3Y6]KiI25W1JX3X6aKhI06V1KY3U6kKiIS10S31]KU6:iIK0k51QJ\\63cI01M0k51TJ\\68dIJOi5a6]J`IKNh5a6`J_Id5c6<0[J^Il4b6^J]I110O000:3Fc02i3b6`K]I001O000:2Hc0Og30dKc6O`I2NO82GQ5i6PKVI10M9X5[6gJ\\IO1;OG9W5Z6^KfI6G[3f6^L]IZO13Md01^3e6bL[IZO20Od00`3b6dL]IXO20Nf00]3d6eL\\IXO21Lf01]3e6dL[IZO2j0MW3g6kL\\IT4d6fKYI[O3o4d6fK[IWO30K=1M1h3f6gLdICEN1g3g6hLaIWOG;0O2d3h6kL^IXOH:0O1d3j6kL]IYOG91O1d3j6kL]IFGL0d3m6jLUIXO2l4k6jKRI[O3j4l6kKQI[O3i4m6lKPI[O3h4n6mKPIZO4e4l6YLQIi3o6XLoHj3P7S11YJnHZ51`JR7e57ZKfHc3[7Q1M31O3NN10O2OO2N21N000N2O1OcHaJY7d51NfH]JZ73gH[5Y7eJfHX50fJ[71gHW5]7jJbHV5]78bH`JY7e51]JgH[5Y7fJfHZ5n6bJVI2Lc5o6\\JTI1Mc5o6[JUIf5L\\JT7c5mH]JS7c5mH]JS70mH3OU50hJT70lH`50`JU7OkH`52_JT71kH4Oc00g31cKT7c5kH]JU7b5kH_JY7b5000O2O2KcHdJZ7`52ON_JfHb5\\700NdH`J\\7a501100O0000O2O1M1\\J\\JPOOV4g5jL]J\\NM>OT41aK3N_5c1]JPO0T43YKa5m6^JSI20`5m6fJRIZ5n6<0YJRIW5S7iJoHU5Q7kJoHV50aJk63SI22Z5P7jJPIV5m6aJQI;0U5o0aJQO0j5n5VJQJj08ZOJ15K0193Jf3b5VLTJj08YOOMn00ZO_1AbN2O21N31LO31NNP1j5AVJC7NU1NRO^1AgN1M036KL1Oo0g5CWJA7N1Mk02\\O]1AVO6^OL0Nm0j5L]JTOJ070N2c01A>I;N]OO12Q1NeNm5e0SJ@d0KB2c02A<J<LI2f0m5ZORJ^Oj1NeN;DW19]ND=OOQ6DoI>1D10a25_MIOW13mNh0L^O3i5<nIBj23\\MR1NnNS1Ok4;mLDYMT1LnNf0M_O2h5<PJC2Nl2W1VMlNR1Ok4=oIC2NW21VNQ1MPOi00l4<YM1eL1>@i02k4<[Mh0jLlN<0]O13MN5Q66^MEbLV1MmN=c0CAR63RN<QLZO>:FIk56VN7VMBe47ZNOUMI]NOQ69;HH79HH87JdINQ67<LbIMR67<KG5b60000O2NVeQ1"}, "iscrowd": 0, "area": 41084.0, "category_name": "net", "score": 0.7648459672927856}]}