{"images": [{"id": 0, "file_name": "images/uwg_g-675__flipv_jpg.rf.65f66bc8b34a5b3522b38b3a01499bdd.jpg", "width": 416, "height": 416}], "annotations": [{"id": 0, "image_id": 0, "bbox": [81.0, 63.0, 103.0, 96.0], "segmentation": {"size": [416, 416], "counts": "niQ1e0V<8J5I7M2N3M3M2O2M2N2O1N2N2O001N2N2O1N2N101O1O0O2O001O001O1N101O1N2O001O001O1O2O1N100O001O000000000000O100000000O101O0O2O0O1O2N1O2O0O2O0O2N1O3N1O2N1N2O0O1O2N101N101N2N3M4LO1O0N3N12O0O2mNiD<X;BkD<X;^OmD?m;M3M2N2M3Mean2"}, "iscrowd": 0, "area": 6758.0, "category_name": "pbag", "score": 0.9493914842605591}]}