{"images": [{"id": 0, "file_name": "images/uwg_g-485_jpg.rf.ff1e12ec580bcc3ff347e2af3b9f0d40.jpg", "width": 416, "height": 416}], "annotations": [{"id": 0, "image_id": 0, "bbox": [132.0, 5.0, 153.0, 350.0], "segmentation": {"size": [416, 416], "counts": "`ff11^<c0H7K5K5I6G:G9H7E<G9J6K4M4L3M4K4L3NJ6O2O1O1O0O2N2O1N2O1M4E9N3102M5J7K3L3M3N3L3M3N3L3L4M3M3L5L3L4M3M4L3L4M2M5L3L4N2M3M3M3M4L3M2N3M3M2mJmIW3V6aLUJY3m5aL]JY3e5bLjJS3X5hLSKo2o4mLXKn2l4kLZKR3i4iL[KU3k4dLXK[3W7N2M3O1N2O0O2O1N2N1O2O0O1O1O001O010O1O1O100000O2M4M4L4K4L5L5K4L4L4L3N4L3M6J5I5J5J7K4K6K5J5K6J5K6K4K6J6K5J6J6I6J7K5K5K4L5J7J5I7K5J7I6I7I8I7H7F:H8F:A?C>CjSe1"}, "iscrowd": 0, "area": 27819.0, "category_name": "pbag", "score": 0.9883261919021606}]}