{"images": [{"id": 0, "file_name": "images/uwg_g-197_jpg.rf.486c479b5d87e83032f7363bcee48932.jpg", "width": 416, "height": 416}], "annotations": [{"id": 0, "image_id": 0, "bbox": [185.0, 197.0, 115.0, 218.0], "segmentation": {"size": [416, 416], "counts": "jRY21n<20OVj0OWUO2VDND1;6Y9IiG2bNN110OO485P;NiDIM1O01:21n;a0SOVOcEk0]:VOaEk0S:QO\\E3M4:MEl0Z:SOgE010No1T8nM\\H3A1Oh3n7ULTH140KZ4i7iKXHL81GW4g7oKYHJ1c4b7e0N2N2M3O10000O1H^JoHe5j6]JTIj5k66MnIYI03O1d5`6gJ[Ia5b6`0O1O1O1000000001O00001O1O2N2N2N4L1O3M1O2N1O2N2N2N2N3M1O1O3M2N1O1O1O2N1O1O1O2N2N1O1O2N001O001O00O100O1OBlGhK^8W44203L1NO12dGcKU8\\4mGbKS8_462N1N2kG[KM0m7g4SH`KOMf7Q3[HeNOZNe7o2eHaNF`Nb7R3hH^NF`N`7Q3nHlLD]1NfN`7m2bHoL<0E^1MfN_7m2nHPMEi1[7o0fHYM<1Bg1Z7l0mH[M90B2Ma1Y7m0iHaMW1a1e5^NRI22^22`MU1b1d5eNSIW2c1TOY5T1jJlNU5j0XKTOg4e0bKZO]4e0eK[OY4e0jKdN`MYOV7e1lHcNa2GjM2P7X1VIjNS:j0ZFROj9f0VE[OR<8i0FSa`1"}, "iscrowd": 0, "area": 16843.0, "category_name": "net", "score": 0.8599469661712646}]}