{"images": [{"id": 0, "file_name": "images/uwg_g-356__fliph_jpeg_jpg.rf.50d840caef6225fe0f8d347f4e46e9f2.jpg", "width": 416, "height": 416}], "annotations": [{"id": 0, "image_id": 0, "bbox": [177.0, 128.0, 52.0, 183.0], "segmentation": {"size": [416, 416], "counts": "]bX233O\\9?`Gm1f7n1]GeKQ8i4nGXKP8m4N2NOTHRKl7n422O1N10001O1O1O01O0O1000001O0O101O000O100N20010O0M300O2N100\\ORHTLQ8e3h0O101N101O001N3N2M5jLUGm1[m\\2"}, "iscrowd": 0, "area": 7177.0, "category_name": "cellphone", "score": 0.9208287000656128}]}