{"images": [{"id": 0, "file_name": "images/uwg_g-1189__fliph_jpg.rf.91e0b35d8a194f59b1e387dae985b753.jpg", "width": 416, "height": 416}], "annotations": [{"id": 0, "image_id": 0, "bbox": [178.0, 168.0, 196.0, 140.0], "segmentation": {"size": [416, 416], "counts": "\\nX21a<5`C6[<?H3L3M2O3ZDUOR;m0kDXOR;h0nDZOo:[10ESE`NR;`1nD`NOOn:`1ZEaNe:_1ZEcNe:]1[EdNd:\\1\\EdNd:\\1]EbNd:]1]EcNb:]1_EcNc:W1PEiN=1DOj:U1VEkN<6^:T1bEmN^:m0hEkN_O1j:T1mEkNS:U1mEkNS:U1mEkNS:U1lEmNS:S1mEoNQ:Q1oEnNS:W1hEfNZ:Z1fEeNZ:\\1fEeNf90hEO=[15fNf94gEK;[18gNe9OiEO=[15gNd93WFV1`:jN`EV1b:eNbEZ1^:fNbEZ1W:jNWEM1O>Z1]:gNTE0c0X1R;1SOgNXE0f0^1Q:aNPF^1R:dNlE[1V:eNgE[1Y:eNhEa1B]NY:0VFd1_O^N`:2hEj1k9RNnE86f1l9RNSF41m1g9QNoEN742Q2a9VNZFI5Q2a9VNWFE127T2a9XNXFC7U2a9SNXFG232T2d9QNXFI214S2c9RNWFJ303T2d9QNUFM3N4U2c9PNVFM>S2\\9PNWFL=T2]9oMXFK31OT2f9PNaFLJS2e9PNbFMIS2e9nMTFN?0HT2e9nM`FOFO6S2d9oM`FO0S2_9nMaFO0S2_9nMUFNi0T2R9nMUFOh0S2S9nMUFOh0S2S9nMUFOh0S2S9nMUFNi0T2R9PNnFP2R9nMUFNi0U2Q9mMVFNj0T2P9nMVFNj0T2P9nMVFNj0U2o8mMSGT2l8lMTGT2l8lMTGU2k8kMUGV2j8jMXGT2h8lMYGS2g8mMZGR2f8nM[GQ2e8oMfFN8R2R9PN\\GP2d8PN\\GP2d8PN\\GP2d8PNZFNQ1Q2e8QNZFNR1Q2c8QN[FN:0<Q2o8QN[FN:0=P2o8QNZF0R1P2c8SN]Go1a8QN_Go1a8nM]F0R1R2a8mM^F1Q1R2d8mM]GS2c8nM\\GR2d8nM\\GQ2e8oM[GQ2e8oM[GP2k9O10BPNlEo1^9RNVFOb00Jn1_9SNUFOb00Jn1_9SNUF0o0m1m8UNSGk1n8TNRGm1n8RN_F04n1\\9SNSGn1k8SNUGo1j8PNUGR2j8nMUGT2k8kMTGW2l8hMSGZ2i90KfMcE[2e9eMoF_2Q9aMoF`2j9N00O1000O2O000O100O1OLfMdEZ2\\:fMeEX2a:10O3N1O0001O0100O2N01O0001O0000000000O01O100O100O101O0O100O100O100N200O100O1O1N2N2N4M2L3M4K5C<L7JZld0"}, "iscrowd": 0, "area": 11701.0, "category_name": "tire", "score": 0.9223310947418213}]}