{"images": [{"id": 0, "file_name": "images/uwg_g-1312__fliph_jpg.rf.1d04c7a88ad3e4f83b069bca9c66db88.jpg", "width": 416, "height": 416}], "annotations": [{"id": 0, "image_id": 0, "bbox": [124.0, 105.0, 75.0, 178.0], "segmentation": {"size": [416, 416], "counts": "`\\a191Ia95\\HLfNh0d8[O\\HL^N31O1M20MY1NgNd:9\\EK2M2c1_8`NdH0QO=JAOg1]8]NdGK20g04VOf2Z8[MhGNMOf0M[OV3W8_MjG]O10O^3T8X10VLjGWO0N3V3o7VNoGi1P8d10_OPHmKT8R4=N201VM[GZ1e8^12N3O0M4N20O01O100001N103LN30O101O1N2O0O10O1N2O10000O1O1M3N2M3L4K5L4L5L4M2N3M2N3M2N3M2O2N1O2N2N2N1O2N2N3M3L5L4L4L3O1M3M3N5J8D^Vg2"}, "iscrowd": 0, "area": 8305.0, "category_name": "tire", "score": 0.8886767625808716}, {"id": 1, "image_id": 0, "bbox": [179.0, 156.0, 109.0, 141.0], "segmentation": {"size": [416, 416], "counts": "W[W21U<1]D?S;I\\DJ3f0X;YOgD]1a:aNnE1_Oe1a:\\NlEj1e:03ZNlD:1<S;ZOlD;0<P;Q1L3O2L4N101K4N4M2M3O1N2N1O2I6J7N1O2M3N1O2N2O0O2O1N101N2O0O2O1N1O1N3N101O00ON3M3N2O1O1O2O0O100O100O100000000O10001OO11N0100O2N100O1O1N2O1O2M3N1O2N2N101N104K4M1O1N3N1N1O2O1N2N2N1O2M2O2M4M5J<XM`EY2P;gMaE0@o0i\\g1"}, "iscrowd": 0, "area": 11959.0, "category_name": "tire", "score": 0.9168853759765625}, {"id": 2, "image_id": 0, "bbox": [1.0, 239.0, 120.0, 107.0], "segmentation": {"size": [416, 416], "counts": "k9;b<306KCfC3Y<MhC3V<OiC2V<LmC2T<N>3`CHS<;jCGM3o;6QD5l;`0O2N2BPOiDS1S;QOjDR1T;=N3M3M3N2L4K30O11000O1N11O010O10N20O10O0100O1O100O10000O10000000O001000O10000O010000001O0000O1001OO100O11O00000000O1O2OZOgMfFY2Y9gMgFY2Y9gMgFZ2X9fMhFZ2o9O20O0]EhM^:Y2aEgMg9OnF^2R9cMmF\\2T9cMmF\\2e9fMgEZ2k9d001000O1O100O1N201N1O1O1O1O2N2N1O2O1N3K4N2N2M4M3L5K6K8H<D007VOkC<`<K4Kgag3"}, "iscrowd": 0, "area": 8156.0, "category_name": "tire", "score": 0.8927304744720459}, {"id": 3, "image_id": 0, "bbox": [142.0, 322.0, 177.0, 93.0], "segmentation": {"size": [416, 416], "counts": "Y\\f11l<7H7L101O0O10001O002VD\\OT;e0jD_O1M^:f0QEYO4107N5m:<TEYO26O2k:`0REZO37L0o:?QE[O2e0m:1TEVOOi0m:1TEVOO33;j:c0QEVO09o:^10000000mNRE4n:o00000000000O100000000000000000000000000000000000000000000000000000000000000000000O1001O000000000000000cNREh0n:XOREh0n:XOREh0m:f0IoM_EQ2h:000000000CPNaE06o1Y:RNjEn1W:QNiEo1V:QNkEo1U:QNkEo1U:PNlEP2T:RN`EO7o1Y:UNgEk1Z:PNjEP2b:1EoM`E03Q2a:oM_EQ2\\:TNdEl1[:UNeEk1[:TNfEl1Z:RNhEn1X:RNhEn1Y:oMiEQ2c:0ATNjEl1U:UNfEJ0Q2^:PNhEP2d:0APNnEP2b:O00000000AQNlEP2T:PNlEP2c:OAPNnEP2R:PNnEP2a:cNREh0n:XOREh0^:gNnEa0Dh0_:fNmEb0Dh0_:fNmEb0Eg0_:fNaE07d0If0m:YOUEe0k:\\OTEd0l:^OREb0n:^OSEa0m:_OSEa0m:i00iNSE;m:ETE:l:FUE9k:GVE8j:HWE7j:KRE6n:MRE0n:NQETO2m0m:OQETO3l0m:1SEOm:1SEOm:1TENm:R10[NPEZ1Q;aNUEc0LO\\;6cDE_;8cDG_;D]D8?OU;5mDIT;8i0CcC000`<MaC21Na<a0L@aC3O0ni0MoB0P=OgUa1"}, "iscrowd": 0, "area": 9048.0, "category_name": "tire", "score": 0.8982951641082764}, {"id": 4, "image_id": 0, "bbox": [305.0, 213.0, 110.0, 158.0], "segmentation": {"size": [416, 416], "counts": "hgk3[1`;a0B7I5K5L4L4L4K4M3M2N2N1O2N1O2O1N2N2O0O2N2N2O2M3M2O1O2M2O1O1O1N2O1O001O001O10O00O20O01O00000010O01O001O00001O001O01O1O3N0O1O1O0jKYGS4\\8lKfG07S4a81001O2^LTGl2l8TMUGk2k8VMTGj2m8d0O1GoKcGQ4]8PLbGP4^8PLbGP4^8PLbGP4_8PLaGo3i8O1O00001SLPGh3o8YLQGg3n8PMQG[2o8eMRGY2o8gMQGY2o8gMPGZ2V9oLjF=1c2V9nLnF;Lg2V9nLjF039Mh2Q9oLRG223JL1P3k8PMVG02123Nl2m8PMSGO80FT3h9O100O100O3N0O2O1N2N101N2O2N1N2O00bG"}, "iscrowd": 0, "area": 13194.0, "category_name": "tire", "score": 0.9378670454025269}, {"id": 5, "image_id": 0, "bbox": [12.0, 198.0, 98.0, 60.0], "segmentation": {"size": [416, 416], "counts": "al32m<5K9@9L3N2O2M101O1O00010N10001O10O01O1N1O200M3O001O0001000O1O10000O11O1O0000O1O2OO1O0O20O1aDaN];_102000_NdD_1[;aNfD_1X;bNgD_1Y;bNfD^1Z;bNgD\\1Z;dNfD[1[;dNgD[1Y;eNgDOM\\1Z;eNiD^1V;cNgDN0_1Y;cNiD\\1X;dNhD\\1X;dNhD]1W;cNhD]1Y;1gD`NZ;a1eD`NZ;`1fD`N[;^1fDaN[;_14O01`DaN];_1cDaN^;]1cDcN\\;^1302N10O0^DdNa;[1_DeNa;[13O001OO1000010O0000000000001O01N1\\OeDAS`n3"}, "iscrowd": 0, "area": 4145.0, "category_name": "tire", "score": 0.8370968103408813}]}