{"images": [{"id": 0, "file_name": "images/uwg_g-746_jpg.rf.64ac22d838f12f11283ce516b80ace2e.jpg", "width": 416, "height": 416}], "annotations": [{"id": 0, "image_id": 0, "bbox": [163.0, 104.0, 102.0, 197.0], "segmentation": {"size": [416, 416], "counts": "gWS2`0X<?E8G;D?D:F8mNhMRG]2i8gMSG_2g8eMUG^2i8dMTG_2j8eMQG^2l8m0L4L4K6K3O2N2N2O1N3N1O0O3L3M3M3M3N1O1O2N1O1O1O001O1N2O1O1O000100O100O100O10001O010O010O001O10000O100O2N010O1O100O100O1O2N100O1N3N1L4M4M2O2M3M3M3M3M4J5J7K6I7I8H7I7J7mNQFgNW:T1oEbN\\:V1S1D3L6J8D`gl1"}, "iscrowd": 0, "area": 14817.0, "category_name": "pbag", "score": 0.9825351238250732}]}