{"images": [{"id": 0, "file_name": "images/uwg_g-652_jpg.rf.d08be96a6796d0553a5b35aa3a8ad5f4.jpg", "width": 416, "height": 416}], "annotations": [{"id": 0, "image_id": 0, "bbox": [94.0, 17.0, 136.0, 272.0], "segmentation": {"size": [416, 416], "counts": "SfV1213U<l0D7J5L4L3N3N2N2M5K4L3M5L2M4L4M2_G]Ma6g2XIeM`6]2^IdM`6_2_IRMfN8j7i2]I`Ma6b2]I_Mb6c2nIkLR6X3XIfLA1W7Y3WIhL@0X7Z3VIgLCNW7^3SIdL]ONM1b7`3PIdL^OL01`7c3oH^LDMM2`7f3kH[Lm7k3lGVL?Kj6T4cHPLW8S4gGmKY8T4fGlKZ8U4dGlKi0KZO2T7W4kHjKZ8V4fGkKY8V4fGjKY8V4hGjKW8W4hGjK9M_7[4VHiK82Z7Y4`HdK71X7]4aHaK;NFNX7f4fH_K;MGOV7f4hH^K;L5O[6h4VI\\Kl7d4TH\\Kn0Ni5g4XI\\K7LI1?0Y6h4XIZKl7g4SHYK<NQ7i4cHZK5NL01M91^6j4YIXK5NL0Y7j4hHUK51I0Z7k4eHWK50K01M31N2d6i4[IVK;Oo6k4fHVKj7j4VHVKj7k4VHTKj7l45001O1O1O1O001SIoJi5Q5PJRKWOO2Na6R5VJmJW6T5j01O1gHWKCD`6W5jI[KX6h5SJeIH1A1P5Z6eKeIG8e4T6_12`IaI\\6a64L2O3L6K0O1O1O0011N10O3M3M1O3N020N2O2K3N3M2N2N2O2L2O2M3N1O2M3N2N1O3M2N2N2N1N3M3M3N1N2O1CWGaLi8T3h0I7K5I7M4K5L3M6I4M3cNlDi0Z;nNTEh0d;N6FhC_O_<6ZP[2"}, "iscrowd": 0, "area": 18640.0, "category_name": "pbag", "score": 0.9173550605773926}]}