{"images": [{"id": 0, "file_name": "images/uwg_g-374_jpg.rf.cfc59ec9b188f59f5900c773db0e12a9.jpg", "width": 416, "height": 416}], "annotations": [{"id": 0, "image_id": 0, "bbox": [219.0, 76.0, 69.0, 210.0], "segmentation": {"size": [416, 416], "counts": "g[f2;_<9I5G9L4I6I8L3KZNmDj1n:6J7^Oa0J7I6H9J5J7J5I8J5J7F9J7J5J7I7J5K6L3N3N1O2O001O10O0010O010OO2O0N3L4J6J5L5I6J7I6L5L3L5L4L3O2M2O2M2O2N2M2K6I6J7I7I6I8H7K6K5G8K6I6K6G8J8J7Foeb1"}, "iscrowd": 0, "area": 10002.0, "category_name": "cellphone", "score": 0.9602930545806885}, {"id": 1, "image_id": 0, "bbox": [140.0, 66.0, 65.0, 200.0], "segmentation": {"size": [416, 416], "counts": "^fe16j<3M2N4L6J9G6J6J;E9F9H:YETNe9k2H5K6K5K7I3L3N3L8I6J001N2O000O10000O100O101O1O1N7J8_H[JV7n5J1O1N10000O10000O10000O100000O100O100O101N4TJnHb5P8TO<G8aK\\GU4o8G:SLkF2LU3U:\\Of0\\O9E<DP1jNR[f2"}, "iscrowd": 0, "area": 9822.0, "category_name": "cellphone", "score": 0.9154825210571289}]}