{"images": [{"id": 0, "file_name": "images/uwg_g-61__flipv_jpg.rf.21494cb58e4f1f3a4ad8758e9c8274cf.jpg", "width": 416, "height": 416}], "annotations": [{"id": 0, "image_id": 0, "bbox": [21.0, 7.0, 380.0, 408.0], "segmentation": {"size": [416, 416], "counts": "Pc21h<;E9G:XNSOfE2e02AT1d2gNVM032W51fJOV1NiN<?a1X2aN[MB21k43QK0T1a0lNc1d2\\N^M_Oj41TKM1O01S1m2e1SMZM10Nn4;oJOm0f2k1QM[M3M11Kg4m0ZKTO5OI44n2U2SMlMi0\\47`KkN134o2R2SMiMK31Mf0b4YO_KU1NoN3R3S2RMnMLLa0>^OT20^MO40i00SOe4R2fKnMa01VO04Y2JiM7OKj0j4U1[KRNk0OlNm21VNn4S1RKlM0Og0MYO\\4P5kLPKE1VOR17mN_20\\NQ5mNnJQ14nNO<NF6Nn00kN1031<8X11XOj4YOnJ>OZO30O30Me10XN>`0l0@iN>0B=1AV50RK50Ja0OQ14UN1l04\\O0c0KUOM00040NW9OkF0`1NA4mN0010No5NVMOPO1oM09OC50L00120O^;OeD095EJ21i;0aD5CJ0001\\<6dCI30Z<71IgC7X<JdC:NF0010O01Oi;0WD219X<JiC4X<LhC4X<GeC`0\\<201O]OeC`0_<O0000000000MAdC`0^<0001O000000000000001OO1]OAXD10O0?[<0000000DAWD?h;DoCc0Q<\\OPDd0P<\\OQDc0k;\\OSD03d0j;\\OVDONe0W<0I]OPDd0P<]OoCc0R<ZOPDf0V<O2\\OeC?\\<@dC`0^<01O0000000000O1N@dC`0^<0002N1O1OMEeC7[<IeC7\\<HeC2K1h<NYC1g<OYC1f<O\\C0j<5KO3M1O10000O100001O1OO1OQfc20P[^M0PoM00000000001O0WCOc<0Wj00PVO001OOQQ26RbMK7OJ40LQ<5SDKL0O110O01O00n;3QDM;0I1MO00n;5j0O1L41OO10o00bN1mCOc;0_D1o;OQD1FOS<1kCOO132NM81a;OS1000jC0\\;0j000000000000000000ZF0\\60dI0\\60Z31YFO]61\\FOU31kLOa94cIO]65_IKa66^IGRM0`97V3003M002[FDb6?[IAUM10O00V9>fIBTM1\\9=S31O1O1`FB\\6>]I_O]M1L01OV9d0VI\\OgM100L01OV9a0fI@SM0Z9c0aI\\OUM1Z9g0]IXOYM1Z9j0ZIUO\\M11OV9m0TISOiM4MMO0S9n0nHSOQN111NL01R9n0\\IROaM013R9k0]IQO`M104S9m0ZIQOdM1R9Q1WInNgM4o8Q1WIkNiM;j8k0[I[Oe6e0TIhNUN;MKj8Q1]IkNiM9l8l0oHjN]N1H8m8Q1jHfN]NNMa0l8o0eHcNbNMMb0O^Oj8b1VG`NZ19gN:h8S1XGXNh01YO3NP10lNg8f1^HZNmNS1h8nNVG_1a1cN`Nb0l8\\OSGb1W1Bc7lNVGh1o0^Ok7jNVGj10XNh0MZOS1h8R1WGlM91GY1OeNg8Z2[GhM0b1N\\N50X8"}, "iscrowd": 0, "area": 162145.0, "category_name": "net", "score": 0.8956303596496582}]}