{"images": [{"id": 0, "file_name": "images/uwg_g-585_jpg.rf.7087e57ae3c0825b8bde110ffc26c0ad.jpg", "width": 416, "height": 416}], "annotations": [{"id": 0, "image_id": 0, "bbox": [120.0, 10.0, 170.0, 405.0], "segmentation": {"size": [416, 416], "counts": "\\Ra126OM9a:P4mM5I7J6C=I7M3O1001OO1N200I\\JQIe5i5ZJUJ4b0R6\\5lImJ2TOO0a5i5]J[J003k0^5g4^JZJ30124NW6e5mI`JHL[6d5nI_JFONN300O00c5e5fJ_JGM[6g5jI]JLKZ6c6cI_I0d00[OT5X6lJmI0L2h0Q5_5nJjI<MF1L32NS5j5kJ]J3Jf0:VODQ5k5PKXJOO4Ok01QO5P5d5YKUJLOQ12mNOl4a6TK`IO01N7`0HBf4V8\\OjGZLc6DbJ0lNR40ZLV6CPJ21NH260L01b4n5[KQJ1511OH28NH0>^4i5bKlI732OHJ0O0:NF_4a6iKdIHK<7DK0028NF_4P6bKmJ0UO1U1\\4b4cK[J0i06BK2N_O_4h5iKUK1@J1a4X5]K\\J2m06ROG845`4W5_K[J1m0a0SOB=]4Y5gKPKh0\\OoN6`4\\6fL]IkN1e4`6bL^If3`6^10SK`IbN1b4Q6]K]Jd0C^OO61F23M[4Q6dKWJ_14n2e5gKoI[1=Q3o5bLYJa3P1aKh2m0bKnN0Y5d1UK^NBf31ZLd6d1TJ[NXOZ30gL2Ne00l4h1YKb1TOhLd6a1[I_Nn0W3m5[NTI^NU1Q3XOmLM2e5b1QJ]N]1:eNR2:lMDKo5`1hK]NYNO7Y25PNi5^1kK6PN]N3G35R6b1gK5RNVN001O34T6a1oKYNiMn1k6HbK:Z4DnK]NZMl1b6F_L1c3D_ImN`11HV1]5nNYI`0Q2XO^O>`ND10O0l60TI01d0W2XO]O9\\NJ10P71nH01a0V4^OY3Q1oJlNjM1d8h0UGZOOOn15WNJJ121d7O\\Ih0POXO1Nn17SNMLL23j8g0VGXO1Nn16SN1OKi8h0VGYO0Nn15TN1OKh7NTIj0SOXOT24oM0NLi8i0UGVOW24mM00Lg8o0YIWOoMN1Mb8R1_ISOmMN3M`8o0dIVOiMN3Mb8OXGl01SOV26lM0MJ32d8n0[GPOV25mM2MKd8n0gISOkMOI000e8l0hISOmM1G4[8MdG>OK7Dn12VN0H6l7IYH4H<1Ha2GQN5d7LkG3O=0HZ3Hl41jG20=0N1Cl23Q5KSH:24MLOH`;0`DN9>KFd;LdD3D4m;J\\D1J8o;FXD1J8b<O[CHc30Z5:fJFZ52SG0f3NW52SG30K0000Z30n40ZH1^O?0CS3MU50ZH0^O40LO28Nn20l53QGO5Nn20l53QGO5NL0i23W6NPG1NNV30j56RG10Ik21Q6g0PGXO230Na22V6OXGg0P3ZOg5?[GAn2OQM0a8f0^G_O0N0NZ2NhM0g8g0YG]OM7[2Eb6j0YGWOJ8^2GV6S1`G]OV2BY6S1_G\\OX1_OB2g7[1_GgN0LW22Z6\\1_GfNOMU2Nb6\\1]GPO4Eb03XON0O7O]8Y1cGSOl00lNEo8[1YGnNNFc01UO6Y9[1jFjNQ1GQOMU9_1fFbN42L0X1OX8_1gF_NN0P11lN1^9`1aFaN1000R10mNO6NP9U2UGoMJL49LGl8h1oF[N12`0NGNL9P9U2XGbMM0IOO4ONS9k2PGTM43J0ONQ9n1oFTN0O3M8062A10Nm8P2QGRN2O1N72IO69h8U2PGdM26Ma0m8l1WGnMM\\OO:k8`2UGWM1b01]ON8l8R3TGQM0Ml8S3VGnLOMj8k2VGQM1011N003g8Z3ZGiLNKi8^3WGiL0Id8T41O11M2ON3ON21O1O01kIhKa3W4bLjKZ3V4f22M2\\JfKd2\\4m2203YO^KdH2Gi4`7VKhH2GS5S7oJSIKKi5e0XJ\\O18;GGo1L13VNi6MTIO9NK0a0n1\\OYNOo00XO1EONT70lH13OO]5X7aJjH3L_21aM7?IS1\\7]NeHR2OoM1O1O69HJ2_1a7M^HiN7IIO>:@I4_1a7E\\HiN`1a0bNo0f7bNWHk0h1D[Nn0n7`N\\H<IFLOl0O\\Oa0Kn0]7fNUI7^ONK03HO1OO81H6f0e0m6ROXI9\\O0IO3IO10O71H6e0J[O?NAg7NUI8]OJH111P1MQO8i0NY7JkH2FOe06@Km:2S1M]L;SGDH1^20\\NN[7>RHCI1i;0VDOPmc1"}, "iscrowd": 0, "area": 43871.0, "category_name": "pbag", "score": 0.7668204307556152}]}