{"images": [{"id": 0, "file_name": "images/uwg_g-509__flipv_jpg.rf.747c28aee7715b739fc584a7bd16f539.jpg", "width": 416, "height": 416}], "annotations": [{"id": 0, "image_id": 0, "bbox": [165.0, 145.0, 121.0, 175.0], "segmentation": {"size": [416, 416], "counts": "nZU25f<9oNP1iNjNZF^1^9X1J6H6I7J5K5O1N2O1N1N2M2O20O00002N1O1O2O0O1O10001N2O0O2O1O0O2O0O2O1NDbLUGa3i8<O001O0100O10001N10000O10N101O001O0010O001O01OYLSG]3m8cLSG\\3j8>010O01O1O1O100N101O]M`Gg0a8XObGf0^8YOdGf0\\8XOgGf0[8XOfGh0Z8WOgGi0]8POgGn0]8jNiGU1`8XNkGg1g9O3N1O1N3N2M3N2M2O1N2O1N1O2O0O2O1N10001O1O1O1O2N1O1O1O4L3M4K8I5K4K`ad1"}, "iscrowd": 0, "area": 11406.0, "category_name": "pbag", "score": 0.9354550838470459}]}