{"images": [{"id": 0, "file_name": "images/uwg_g-201__flipv_jpg.rf.09d1a663b3b0f784e3da555d4695fbe5.jpg", "width": 416, "height": 416}], "annotations": [{"id": 0, "image_id": 0, "bbox": [110.0, 34.0, 254.0, 311.0], "segmentation": {"size": [416, 416], "counts": "hVQ18b<7N2N100O2O3L3N001N2O1SNVOaGk0d6[OSI06e0d6@SIO6b0QOXOj6:kI17=RO[Ok69iI27;RO]Om68hI28:PO^Oo68gI299nN_OQ78fI298oN_OP7:fI19o0P6SOeI09n0P6UOeI08m0Q6UOeI07n0R6UOeIO6n0S6VOdIO6P1R6SOeIO7P1R6TOdIN8o0T6UObIL:P1S6VO`IL;o0U6YO[IJ?m0\\3gMgNV3lMTOZ3iMjNS3kMUOX3lMkNQ3jMUOZ3lMjNP3kMUO[3kM]LBY2d3fMROf3gMZLE[2X6[1SJZLE[2X6Z1TJ[LEX2Y6X1eIaLd0U2i5U1`JiNa5V1aJWMPOo0_6k1`JhNa5W1_JiNa5U1aJkN`5P1jJVMhNU1_6c1lJPMQOW1U6g1^KTNf4l1YKTNh4l1`JQMXOV1g5POSJi2n0QMXOV1g5UOnIc2i1UNY4ZOkIc2Q2lMU4f2lKcLkM60I\\6_3iKoLmM@Y6b3gK]LnM40=V6W3gK\\LTNN1a0Q6S3nK\\LQNO1=T6X3lKZLVN1I000U6f3o20O0VIXL^4h3_K\\LiMLO041W6g3nK\\LhMN20X6e3PL[LoMNQ6h3k20O100O1]I_Lg3`3[LYL]M0Z6g3k21N01O11ON10100O0010O100O1100O000000O1O21N0010O1OZLlF`3o8<N200O1N2O1O003N0O1N10hK]GT4b8jKbGU4]8lKbGT4^8kKbGS40lK\\81dGT4NmK]8OeGS41lK[80dGT4g800M3LOSLWGj3k8WLTGj3l8WLSGh3T9O0O104M0OO4DXLWGj3P92N1N111OO01O0O1000000000001N101O0O2O1O2N1N3N2N1M3N2O1O1N2O0O[KkGa4U8_KkGb4T8^KlGc4S8]KnGc4R8[KnGg4Q8YKPHg4o7YKQHh4m7602O0O002M3N103M4K2N1N101O10O0001O1N2O1O1O1O1O1OVNnHgMR7T4N2OVNSIcMk6\\2WIcMi6]2[I`Mb6a2_IaM_6_2bIaM]6`2bIaM\\6`2eI`MY6a2gIjKFb1b6e2kI\\MR6f2lIeKEf1]6g2mI\\MQ6g2lI[MS6e2kI^MU6a2kIeKKe1Y6g2kI`MT6`2hI`K1R2U6_2jI_K2R2Q6a2mI]K2S2P6c2nI^MR6b2nI_MQ6RNoIV40hK0j1P6UNTJX4LjMo5PNSJW4NjMn5PNSJV4OhK0K1n1l5WNVJc6i5]IWJo1M_2l5aKWJP2M31iMO22N12Mf1\\6\\NdIc10`03jM60Hg1]6XNeI002NY1Ol04iM9h1Q6YNdIO03NX11l0c0AV5[NaJNE0101`1Nf0d0BT5[NcJ4FZ1Oo00`M000l1h5WNcJ1EM0U49aM_5\\NkJM]O31k3>eMY5]NYKQ1SOc18[MEd1f5`NlJMFQ1Kb19TOZ5\\NkJM^OO6S1Mb1:TOY5WNZJ4;MF62m0Nb16ZMMk15XNm4l0lJ5Oa14[MK14X2R5bNPK8L^1e0_M[O002Nf1i5XNYJ17l0HVO1\\2o0cMoNf1n5XN[Jm0ITO1^2MbMm0l1^4SNPK0E49i0ITO0_2ObMj0j1o4YN_Jh0Ih1O^Me0M\\Ok1f5UNXJ69g0Ih1O^M7MO1I214O[1]5`NdJ<5BKm0Oj1Q1[MPON0b1j5^NdJf0A]O1e2W1iNV5SOiIR2U1iNS5TOeIT2[1gNn4bNcIc03V2]1bNn4eNcIb02W2Q1WMQO0N[1S5gNZKO1O_Oc02X2Q1UMRO0M[1S5jN\\KK20]O;0H1i2f1TM[Nm0S5YOZLLiNk2c1oMX3]OgLd21oMW3@eLb24mMX3CXLCjNo2g1jMV3FXLAjNP3h1iMV3GVKDb0KZOT3_1lLaNk0m4F_Lc23nL_Nh0o4H^Ld23lL`Nh0o4J\\Lb25lL`Nh0n4MYLb28hLbNi0l4OWLc2:eLcNj0k4OULe26bLjN00j0j41VKUO1O<e3U1gL^NFMO01m4j0QLi2f0gL_NFN2k4j0QLg2g0gL_NEN4j4j0lKQO[Oh3a1dL`NEN4i4m0kKnN]Oi3`1eL^NLh4n0bKiNJ0Lj3`1QMV3j0]K\\NMk3_1mLU3b0`KdN10O1Ll3`1hLV3i0nKa2i0hLW3h0`KaN71EP4Z1gLY3i0^KbN2N1T4T1dLSOWOi3j1lKYN2U4T1cLjNVO45l3X6TLcIe0Q1ZOVOk3Z6RL`Ih0P1[OWOj3_6\\LYIJZ1MQOk3_6XLYKd3T7L6aLcFL000]2b:JLiMeEX2U:iMjE2NU2k:H8H7H7H7K[OnNaEo0a:PObEl0e;C\\fc0"}, "iscrowd": 0, "area": 65086.0, "category_name": "net", "score": 0.9089187383651733}]}