{"images": [{"id": 0, "file_name": "images/uwg_g-1290_jpg.rf.fb17673a8680294bfa6856bba982f369.jpg", "width": 416, "height": 416}], "annotations": [{"id": 0, "image_id": 0, "bbox": [33.0, 238.0, 130.0, 177.0], "segmentation": {"size": [416, 416], "counts": "mS83m<000O1O100O1O1O1O10000O100O100O1O100ON`CF^<:5O1O6K1OJOZC4Tc3K[cM4eiNL01=OC1\\;2aDN91IO70JO\\f01\\F1iEN_M1O2c9ObHNkMR1X9oNmH0jMZ1Q9eNnH3oMc1S;:WEUNm7LnIm1ZNRNg72nIn1nMPN71l71kINQNX26iMn7OnG0i12TNW22gM01R80oGOg1`2VNeMU8LmG1[10eNl2R8RMnG0e1m2a6SM_Im2[6WMnGL[11hN1Mm2S8VMXILgNS3R8lLlG2`1R3c6RMVILhNS3S8PMUIU3\\8OO1JgLdFZ3\\9fLcF[3\\95O1001OK`LhFb3W9400O1003MO1N200N2N21O1ON23M2N00003M002N4L3M1O003M002N1O001O2N00001O2N00001O00002N3M1O3mMgEY1Y:fNiEY1X:`NgEF3h1W:^NRFb1b8VN[H7UOa1m9_NTF`1l9^NWFa1i9^NXFb1h9^NZF`1g9\\N]Fc1a:O1O1OSOaNZF^1e9cN\\F\\1b9gN^FX1f:O6J4L6JdMUO_F0o1h0Q:02N3M3M1O4D^CORWY3"}, "iscrowd": 0, "area": 8650.0, "category_name": "tire", "score": 0.6933675408363342}, {"id": 1, "image_id": 0, "bbox": [98.0, 193.0, 172.0, 204.0], "segmentation": {"size": [416, 416], "counts": "kVW11nV10QVO0TD3\\;0cCNO0031NQ<0PD3NL00031OOMZ;0iD09:DF112103W;LgD286LIe0OR:1TE375NH;OF3c:OWE25MK65Ie05l96[EI02Q14nN1m9>UF\\O4Jb0n0Q9MXF\\O4LMN>Q1V9d0bFZNKU1b9V2N1N2N2M201ORNeF8Z9HgF8W9i1010oMiF7W9IlF5T9l10O100O1001N102N0`GWLg7j3VHZLi7e3TH_Ll7`3nGgLQ8Z3nGhLQ8W3oGiLR8W3mGjLR8V3nGkLR8T3nGYLHb0Z8T3hG[L1OMc0Z8h1fGnN0kN2b0W8d1iGgMOY10]OW8c1oGgNIRO4e0S8d1iGeM2m00VO1f0T8n2kGSMV8i1iGmM0B4P1Q8b1jGlM1B0X1R8^1nG`M2Z1o7U1PH^MNd1P8P1QH[Ol7n2O2M2O003L101N0010N1M^HhJb7Z52O[HgJc7]5NK6N1O2N3N1O002N001O0101PHQKl7o42O2O1O001O02OO001O000010O010O01O0012lGTKn7o41O001L301O0010O00OmGYKP8f45102NO1O0LkG\\KW8c44O04L2NO1O1LiG^KX8b4301NeG`KX8`4gGbKX8^4hGbKY8\\4iGbKY8]46O0010_GdK\\8\\450O01O1N1N26JO2O0M3O2000O000000POYGgMh8W2YGhMi8V32N_GPLU8o3lGPLT8Q4>O1N4N01mFUL50`8j3\\GVL3Oc8j3[GVL2Of8b2WGbN2mNm8^2UGbNS9\\1SG^NIUOP9\\2YG\\NGZOONl8Y2^HiMeN0n8R2aHlMdN0l8Q2l1M5KnDXNS;d18L4N5K3M3I9J5WOiCOO`0X<AiCO3;U<KkCJ01W<4?03LP[g1"}, "iscrowd": 0, "area": 22816.0, "category_name": "tire", "score": 0.8460797667503357}, {"id": 2, "image_id": 0, "bbox": [219.0, 161.0, 170.0, 220.0], "segmentation": {"size": [416, 416], "counts": "a_c22m<2O0N3WCKb<<MNaCG]<?J6J7M2M3N3N2N4L1`DcN[;c1N1N2O2M2O1O4L00101N2O1O1N2O1N2O1O2N1O2N1O001O4L4L3M1O101N1O100O003M00100O00100O001O010O10O000SO[F`Ne9]1^FbNb9^1^FcNb9\\1]FfNb9Z1^FgNb9X1\\FkNc9Z20QO\\F`Nd9_1]FbNc9]1]FcNc9]21hN]FQNNl0d9\\2O3N2M100O2O1N2O000O100000001N10000O10000000O0101O002M3N1O1O0O10O100O100N2O1N10nFULP9n30O1O1O010O11OO100O11O00O1000O1000O2O0O10010KjF\\LW9c3iF]L<OH49Ld7_3SHbLMO72J1<Nd7]3RHfL472Ii7W3RHjL2=KANMT8Y3RHlL1=KBT8S3RHmLO>X8b2lGQMJ7NE]8R3kGRMI>O]OY8V3jGQMMe0W8T2oGVMMf0S8U2lGPMK56f0U8S2jGRMK55h0W8i1fGYM60H65h0X8h1iGZMN81f0Y8i1eG[MO82d0\\8g1cG^MN73c0_8e1aGnM1<_8[2`GfMb8Y2]GgMd8Y2[GgMg8W2YGiMi8U2XGPMMf0m8X2[GVMK6k8c2[GVMJ7m8a2YGTMG12:Q9_2PGPNQ9o1oFPNT9n1lFSNU9k1kF\\M36LLY9`2UGaMBN\\9^2SGcMB0\\9[2RGeMBMMOb9^2nFgM]9T2cFmMBKN0h9U2\\FkM55IKN0j9T2YFmM4NU:R2gESN1KZ:Q2dETNd:j1\\EUNa0M`9V1nERO1K20?Na9R1nEoNO011276Ik9n0oEnNO2021`0LAU:k0]FPO_O131Md0V:3iEXOn0j0[9HhE]OQ1k0Y9FjFAlNd0[:IcFAVO3Kc0b:]O_ENP1OTO3Kc0[<^OeC06MV<2fCO]<NbC1O22O4Nn;<mCG[<9eCG21P<NmC10O31N2X<KoC;Q<EoC<P<EnC2K4W<JoC1K4f<0@KUD5k;6jCJV<LoCOJ6W<JiC1O213[<2dCNi<LUY3"}, "iscrowd": 0, "area": 18609.0, "category_name": "tire", "score": 0.9412192106246948}, {"id": 3, "image_id": 0, "bbox": [163.0, 76.0, 93.0, 122.0], "segmentation": {"size": [416, 416], "counts": "XgP29`<8K51N:]O\\C7f<000MI]C0O5d<L\\CO05i<10N11O00001O0J7G9J5M4M2iDSOZ:o0eESOY:o0eEROV:U1gEkNY:V1eElNY:W1`EPO\\:k1O3L2O1O1O1O3L201O103L0oESMo9o200O101O0O3NO100O100O2I6N3L3L4N3N1N2O1O1N2O1O1O0O2O1O2M2O010O002O1O0O100O101O1O1O001O2N1O2M2O1O1O1O2N1O2N2O1N4K6K;D_XQ2"}, "iscrowd": 0, "area": 5380.0, "category_name": "tire", "score": 0.8877803683280945}]}