{"images": [{"id": 0, "file_name": "images/uwg_g-1174_jpeg_jpg.rf.df1f8a71bff2f069c93f1f03fcf7ae2e.jpg", "width": 416, "height": 416}], "annotations": [{"id": 0, "image_id": 0, "bbox": [186.0, 7.0, 230.0, 339.0], "segmentation": {"size": [416, 416], "counts": "d]\\25g<g0ZO8H6]DiNU;f1I:E:F7I<D8G7L5J:jFTLh8X4H5J8J4N2N4L4L5K2N2N2N2N2N1O1O2N2N2N1O1O2N1O2N2N1O2N2N1O1O2N2N6J8H3M1O1O1O20O002OOO01O1O001O001O001O1O1O2N1M3N2N101N2O2N2N1O1OUHnJh7U51O3JTHSKl7l4THTKm7k4SHUKo7i4QHWKS8e4mG\\KS8c4mG_KS8_4mG`KW8c40100O2N2N201N0N2N4M2N2N201M2NOaHcJ^7\\5aHgJ^7_5OD;F:6KO0001O5`HlJn6X5gHlJZ7\\51O20O0001N2O1N1001N100O1000O10O1000O1O002O0O1O1N2O00002N10IjJbHU5a7kJ]HV5f7000O1M4JhJbHX5]7hJcHZ5[761N0OfHaJW7`5gHdJZ7b5N3L2I8I31K43M01O11VImI20^6o5`IPJ021Oo6_5PI`J0210o6V5TIgJM60MP7R5YIWKj6g4VIRKFOT7l4[IZKd6e4]I\\KJG[6l4hISKC:R7c4\\ISKB8S7U4nHkKb0G_O20NQ7k4dI^KY6]4mIfKDDh5`4lJaKC2`5^4fJ_KVO2c03]5^4jJ`KTOOf0NYO0S6d4lKdKP4]4nKdKQ4`4kKaKT4b4iK`KV4b4jJRK4>Q5c4hJPK6<R5g4cKUK`4l4cKPK]4Q5_KSK`4o4_KPKa4R5^KkJe4V5TJfJm04P5a5nI[J?0E9o5_5UJYJI?T6[5lITJ0g0T6Q6100000000O2O000000001O001O010O1O1O100O1O101N1O1O2N1O101N1O2O2M1O01OcL"}, "iscrowd": 0, "area": 49818.0, "category_name": "tire", "score": 0.9542413353919983}, {"id": 1, "image_id": 0, "bbox": [1.0, 2.0, 192.0, 406.0], "segmentation": {"size": [416, 416], "counts": "_3T9Q1nFg1`9lM`FT2`9mM_FR2b9e0100O1000000ZM\\Fo1e9e0100O10000O10000O1QMXFe2i9[MWFe2i9[MWF2OI031R2j9PNVF2OX2k9fMVF2OX2k9QNUFn1l9gMUF2OW2l9gMUF20NOo1m9lMSF2150HO31R2l9QNTF5OH1Q2m9SNRF:0c1n9k01O1XMPF51l1P:oMoE42l1P:PNnE51IOk1S:WNmE51H1j1R:mNlES1U:k01O1_MiEY2W:gMiE51H0g1W:\\NiE40I0f1X:]NgE60G1e1Y:k0100^MeE^2\\:gMdE52_1[:\\NdE41HOb1]:bNcE41H0`1]:dNaEP2`:71O1jM^En1b:RN_E40[1b:aN^E40I0[1c:hN]E40I0Z1b:^O^Eb0X:BgEe0\\:XOeEf0]:gNbE63CNY1W:fNjE:N43B0X1V:hNgEi00XO3O0V1X:_OeEC3INU1V:DiE_O2R1S:MlE3U:fNjES125U:hNiER135S:LkEmN20NP1W:8kEhNOn0U:=iEJV:8kEEW:4jEiN2Q1U:KgE\\O2I11Mi0X:3hETO101O11Mi0X:3hETO101O10Mj0Y:>iEhN1n0U:e1J\\MQFP1MZO0F000131N0O;W:d0iEVO0H50L041N00:S:i0jESOn04V9k0lEQOb0IB1O9Q:m0lEPOb0IA3M8T:m0lEQOd08`9R1\\F]NBa0l9ASF]1OdN2N2000N?l9n0RFeN01`0MB2O6m9V1RFjN3G20O1N2O4n9e1RFVN20O1N112n9h1QFUN2O07NMl9Q2UFlM0>j9V1UF]N001O0c0j9R1UF\\N001O0b0j9T1UFZN110O0`0i9^1WFRN1c0j9b1VF[Nk9]20O1RORFSN070Nm9j1SFQN010N14m9m1RFoM20OO21m9Q2RFlM210000l9T2XFlML0R:V2QFkMK0S:V2kEkM2O01P:W2nEiM2O00o9Z2oEhM0O2NP:[2nEfM\\:\\2dEdM[:a2NN30000100N2N2O100O1O1N2O1O100O100O100N20000N200O100M3N2N2N2N2O1O100N2N2N2O1O1O1N2O1N2M3N2J6M3K5N2M300O100M3GVKYHm4f7UKYHk4g7UKXHl4f7QKYH31l4a7=L4N2N2O1O2N5L5G9H:F6J8cNQI]K2i0P7\\1mHGi0fN_6Y1VI[NCMMb0[1IT6AaHe1h0[N\\O1Lg0e1[O\\6OcH7f0<U;Dnfm2"}, "iscrowd": 0, "area": 56528.0, "category_name": "tire", "score": 0.9578018188476562}]}