{"images": [{"id": 0, "file_name": "images/uwg_g-371__flipv_jpg.rf.208fe12c5855c74e6e0c5bf3629fb518.jpg", "width": 416, "height": 416}], "annotations": [{"id": 0, "image_id": 0, "bbox": [197.0, 109.0, 59.0, 147.0], "segmentation": {"size": [416, 416], "counts": "Pb^26b<>K0I_OXD6d;HoC4=5f;JYD0D26K=0Ao0m9TOUFNK;ON8U1[9aNaF81`2a9[M[FR3b9nL^FR3]9TMbFl2^9TMbFl2`9oL`FL20NR3m8n00101O0000000000OWGoKe8Q4[GoKe8R4YGoKh8P4YGoKh8o3501O000001O00001OO1000000O100O1000000000000000000O101O00001PMmFP2W9mMiFS2U9oMkFQ2T9PNlFo1Y9mMhFQ2Z9\\MdFO26O_2]9YMmFOJh2R:XMRF4Io1m:J6SN]E0A2N10100OLl[P2"}, "iscrowd": 0, "area": 7154.0, "category_name": "cellphone", "score": 0.8789693117141724}]}