{"images": [{"id": 0, "file_name": "images/uwg_g-1071_jpg.rf.c43060432d0344ca155b707d50c187d6.jpg", "width": 416, "height": 416}], "annotations": [{"id": 0, "image_id": 0, "bbox": [117.0, 161.0, 188.0, 98.0], "segmentation": {"size": [416, 416], "counts": "mm`131O16Y<JfCc0V<6N1O001oCTOk;R1O2N4K101O000LgN`D[1_;4O10N2O2NO101O1O011O0O0O2O1O01OdD^NZ;e1O1O1N3L3N2M201N1O3I7N001N3N001O1O0010_MfEZ2Z:eMhE0MW2\\:gMlEX2Y:iM`EY2]:60aMcE\\2\\:cMgE[2c:L10N1GiMfEONX2[:hMmEW2^:]NYEm0f:SO[Em0f:RO[Em0h:fNWE11Y1f:ROYEo0f:f0000SNYEa1h:]N[ENM[1i:fN[Ea1e:=O1O11O000oMXEj1h:SNXEO002i1]:VNiEU2V:oMgEQ2W:lMdE34Q2]:mMdER2\\:nMdER2\\:nMdER2]:lMdET2S:lMnE0OT2S:lMVFT2j9oMSFQ2m9mMjE3OS2W:jMjE3OS2W:iMkE4N2Ni1Y:TNjEOOU2W:lMPF0Im1W:SNQFNJ1Ng1W:ZNXFOAg1W:YNkE051If1`:XNgE1Jg1`:WNdER2R:nMkE0N[2W:eMoE[2Z:hM^ET2Y:jMhE`2\\:00fMdEP2[:;M3001O000fMfEn1Y:=00O101O00O10000000O10000O1000001N011N1O100O100O011O00000000O1000001O00010O0000O11O00001O000000001O0000000001O0000O100000001O001O1O0O2O1N3L3J7nN_U^1"}, "iscrowd": 0, "area": 13613.0, "category_name": "pbottle", "score": 0.926154613494873}]}