{"images": [{"id": 0, "file_name": "images/uwg_g-1012__fliph_jpg.rf.f2e27e4250f28aabf049cbfe28b71fa9.jpg", "width": 416, "height": 416}], "annotations": [{"id": 0, "image_id": 0, "bbox": [38.0, 178.0, 188.0, 111.0], "segmentation": {"size": [416, 416], "counts": "We==2Gj;M_Dg0o9ZOhF0XO5Hg0W:UOkEN80H22b1g9\\N]F9J60W1g9]N]Fj0Il0j9Z111O005WFjL_9[300OK6J[FnL1Ob90]FV30kLc9O]FX3d9hL\\FS30QMb9X311OG8001M002[FiL`9\\30L5N01O1O011N1N102N1O001001O1O1002`FaLZ9c30O2N1L300000M030001O001N1N20[FiLa9X3]FjLb9[3002NOK]FlLa9W333N1_FcL]9Z3bFgL00`9O`F[3c90NM_FlL_9[300004L2N0OO2LgL`FZ3`9fL`FZ3a9eL_F\\3b9O_FeL_9[330M210O02O000eL^FW3c9iL]FW3c93O1O11ON20N22N10O01N2OO2N3OOO1O1O20O00000O2O02gL]FQ3c9oL\\FM0S3e9nL\\FOOS3_9nLbF22P3\\9UMaFm2`994dL^FQ3c9oL^Fo2^9VM`Fl2`9nL`F20P3`9nL`F20P3`99100lL^Fj2b9oL^F40m2e9RM\\Fn2d9RM\\Fn2d971OLhL`FX3`9hL`FW3a9jL]FW3c9hL^FX3e90O2O00O1N201mLXFl2h9TMXFm2g9SMZFm2g9QM[Fl2g9SMZFl2f9TMZFm2e9SM[Fm2e9SM[Fn2d9RM\\Fn2k901MQFTMo9j25O10O3L20O1N2EmEeMU:[2kEeMV:Z2jEhMQ:f21N1O0N111ROlEVN1b0R:^1kESN0<U:g1kEYNU:CmE_2S:`MoE_2P:dMmEOO>0V1U:YNQF0Ka00U1b:jN^EU1e:eN_E\\1b:[NeEf1\\:XNdEh1\\:XNeEc1_:]NaE\\1EgNY;Y1HdN[EY1\\:gNYE0M5b0n0c:nN[ES1h:lNXER1\\;H8BmCG[<3EMoCM40j<10Ofd12fRZ2"}, "iscrowd": 0, "area": 18552.0, "category_name": "pbottle", "score": 0.7657897472381592}]}