{"images": [{"id": 0, "file_name": "images/uwg_g-469__flipv_png_jpg.rf.81e2e33b862bed402e036612d073bf45.jpg", "width": 416, "height": 416}], "annotations": [{"id": 0, "image_id": 0, "bbox": [237.0, 161.0, 70.0, 203.0], "segmentation": {"size": [416, 416], "counts": "UoR3a0]<6J3O122K1oCUO3Ob;e0ZDD2Hc;e1\\D[NP;R2WOlMlE13W2n7hM\\JU2X5ZNYHB2OQ28RNJMX1e7]OYHYOS23lMO60MY1b7D]JV1mMmM`7T1cHkN02N71F90I2O^2[7CbHSN6KLh2[7DfHb0Y7GfH[M5_1JYO]7m1QI]MB22g01KY7P2fHYM72H23h0OJX7P3dHYM3HX7Q4fHPLZ7l4O<C5MkLVI3i6S3O1O1O1O1O1O000O100001O1O1O002N1O100O1O002N3M3M4L7ZJeHY5[8VO>Bh0oK^FT3T:kLnEb2X:06`M`E<OW1`;Gd0\\O:D^U]1"}, "iscrowd": 0, "area": 8679.0, "category_name": "cellphone", "score": 0.8835487961769104}]}