{"images": [{"id": 0, "file_name": "images/uwg_g-386__fliph_jpg.rf.251e356295807c3d9c2976732a31b795.jpg", "width": 416, "height": 416}], "annotations": [{"id": 0, "image_id": 0, "bbox": [238.0, 64.0, 87.0, 247.0], "segmentation": {"size": [416, 416], "counts": "mbQ3f0W<>D7Ij0VO`0@=D=BR1oNg0XO=D9G<C5L2N1N2O1O1O0O2O000O101N1000000O10001O0O10000O10001N10000O2O000O2O00001N101O000O10000O1000000O1000000000000000001O0001O1O1O2N3Mg0YOa0^Og0ZO`1ZKUGV2P:J4KV1hMfD?WlU1"}, "iscrowd": 0, "area": 16654.0, "category_name": "cellphone", "score": 0.9821202754974365}, {"id": 1, "image_id": 0, "bbox": [118.0, 121.0, 32.0, 54.0], "segmentation": {"size": [416, 416], "counts": "\\e_15d<;I4N3L3N4L4M3L3M2O1O0O10001N10001O0001O0O2O0N3M2O2N3M2N3M3K6FP[\\3"}, "iscrowd": 0, "area": 1143.0, "category_name": "misc", "score": 0.9411532282829285}]}