{"images": [{"id": 0, "file_name": "images/uwg_g-1267_jpg.rf.b018ab2429074c752cc8f61e130abd33.jpg", "width": 416, "height": 416}], "annotations": [{"id": 0, "image_id": 0, "bbox": [68.0, 54.0, 107.0, 131.0], "segmentation": {"size": [416, 416], "counts": "hRj0R11POe;^1G6J7J3M5K5G8H8L5L3M2N3N1N2N2N2^FdL^9_303N0O2M101O3M1O2N3L1O201N001O0O2O1O001O00000O2O00001O10OO101O01O0010O0O1001O1O0001O0N22N1OO11OO1N2002N0O1000N2000O101O1NOO3M3L4GTGXLR9b39]LeF]3_902N2N3K6L4M2M3N102M2N3L4M2M3N3M2M4M3N1L8gNmD9X;IdD5`;ClD5X;EQE1\\\\S3"}, "iscrowd": 0, "area": 12300.0, "category_name": "tire", "score": 0.8926214575767517}, {"id": 1, "image_id": 0, "bbox": [142.0, 248.0, 141.0, 167.0], "segmentation": {"size": [416, 416], "counts": "Y`a1123c<9NN2G\\C4b<<_CJi;FVDR1e;mN\\D004Oj0d;=O3JbNcD`1[;5N0M303TO\\NPFj1P:VNoEl1R:QNiELMW2R:d0J7LoLWFQ3c9nL]FY3b94J5N3M2@\\LZG21c3e8`0N100AgKWHZ4h7hKVHX4e7fKSH45W4h7eKRH51NNW4S8lKmG\\4S8cKmG]4\\8`KeGY4[8gKdGZ4[87J_KlGa4R8`KmGb4R87002NO1CVKbHl4[7UKaHP5^7PKaHQ5_7oJaHQ5_7oJbHP5_7oJ`HR5`7nJ`H1Lm4d7RK`HR5_7PK_HQ5b7mJ_HS5a7mJaH0Kn4m7QKSHo4d7RKbHOJo4c7SKbHOKn4`7QKaH[5_73MdJcH[5\\7eJfHZ5Z7fJfHZ5[7eJeH[5_71000000000000000000O10000O1003MK5F_JoHg5U7[JjH`5V7_JlH`5T7aJjH`5V7_JkHa5V7^JjHb5Q7^JnHh5T711O0\\JjHN2Z5T7gJkHO1Z5U7eJjH30X5V7dJlHb5Y70000000K`JiHa5W741O1OO11O00O100O11O00000000O1003M2N001O00002N1OO13M00N22N2N00001fJ[HU5h701O6I6L5J6J;E100O2O2M2N3M2N103L5`LdFT3o9jLnEg2Y:M1N3N1N1O3N1N3M2M5QNSEc1\\;I2O0O3H9G609SOgC1OO50XQd1"}, "iscrowd": 0, "area": 23272.0, "category_name": "tire", "score": 0.883722722530365}, {"id": 2, "image_id": 0, "bbox": [290.0, 186.0, 125.0, 131.0], "segmentation": {"size": [416, 416], "counts": "]oa3a0\\<5N2M2N3M4L4L4L6F8K6K2N3M2O1N2N2O1N2O1O2M2N2J5KZMoEh2S:101O1K5N2O1O00000O2O0O100000001O0O010000001O0000000\\FgLb9X330001O0O10000000000O1000000O11BkLoFU3Q9lLnFS3S9mLnFR3R9nLnFQ3S9PMlFn2V9QMkFn2V9RMjFl2X9]M_F`2d9`M\\F^2f9bM[F[2f9fMYFY2h9hMXFV2T:`MmE^2[:M4M3N1O1O101N100O2O0O2O000O10001O\\OTNTFl1l9UNSFk1o9SNRFl1a:1^OSNoEm1b:0ATNjEl1V:UNjEj1V:TNmEk1e:O_OVNlEj1U:UNlEj1U:VNkEi1T:XNlEh1T:XNmEg1T:XNlEh1T:XNlEi1e:01OBYNcEg1m9XNoE2K19d1g9ZNRFOi0f1U9[NoE3l0a1U9\\NoE3l0b1U9ZNoE3m0c1W9]NjFc1S9aNlF_1Z:01O1oNhD9X;DmD:R;EoD<Q;BPE?f:VOWE84FFi0\\;^OSEa0e:XOVE26f0W:YOYE93<O2o:ZOUEML50KO43d0n:ZOZEON0Jg0Q4"}, "iscrowd": 0, "area": 10413.0, "category_name": "tire", "score": 0.9048750400543213}]}