{"images": [{"id": 0, "file_name": "images/uwg_g-472_jpg.rf.5a36d8acb46ea148afa9bee75f43c8c3.jpg", "width": 416, "height": 416}], "annotations": [{"id": 0, "image_id": 0, "bbox": [189.0, 139.0, 80.0, 179.0], "segmentation": {"size": [416, 416], "counts": "ma^2d0Y<f0\\O=Cb0^Oa0_Od0\\Oa0@bLRG\\3[8fLdGf3P8i0LaKTHl3i7TLXHm3g7RLYHP4f7PLZHP4f7f0O0O100000000000000O10[OcHgK]7W4gHfKZ7X4jHfKV7X4nHfKR7Y4PIeKQ7Y4k0O2N2M3N200O0O2N2O1N2N2N2O1N1O2O1N2N2N2O1N2O1N2N3N1N2N2N3N1N2N3N2M4L4L4Mf0YOein1"}, "iscrowd": 0, "area": 8386.0, "category_name": "cellphone", "score": 0.9646469354629517}, {"id": 1, "image_id": 0, "bbox": [218.0, 169.0, 121.0, 167.0], "segmentation": {"size": [416, 416], "counts": "VXi2:c<5L3N3L2N3N2M3N2M2N3M3N1N3M3N2M2N3M3N1NTOQELm:2\\EJ`:6dEHZ:9iEFT:;oEDo9=SFAl9?VFAg9a0\\F]Oa9e0aFZO\\9h0eFXOY9i0hFWOU9l0lFROR9P1oFPOo8R1QGmNm8V1SGjNj8Y1VGfNh8]1XGbNg8`1ZG^Nd8f1ZGYNe8j1[GTNe8n1T13M3N2M4L3M3M3N2M4L3N2M3M3N1N2O1N3M3M3M3M2O1N1oFULn8j3TGVLj8j351O010OO200O2N100O2O1N2N2N3M2O1O2N2N1N3K5M4M2N3L2O3M1N3M3M3M3M3N2N2N2M3M3M3N2M3M3N2M3N2M3N2M3M3M3M3N2M5J`lo0"}, "iscrowd": 0, "area": 8397.0, "category_name": "cellphone", "score": 0.9686006307601929}, {"id": 2, "image_id": 0, "bbox": [234.0, 113.0, 80.0, 205.0], "segmentation": {"size": [416, 416], "counts": "WXi28f<4K5M2N2L4M3N2M2N3N1O2L4M2O2M3M3M2O2N1MVOREIl:5[EGd:8aEF\\:;gECW:>mE_OQ:c0RFUOUO0g:k0VFZOh9h0\\FSOoNLb:S1_FPOc9Q1`FlN^9V1U12M2N3M3M3N2M3N2M3M3N3M2iMoMSHN]OO1Oc0Y2l93N2^MbMUH0d00B2f0^2[8bMaGc2]8]MaGf2o6XMdI2\\Oh2o6VMfI1ZOk2`8TM]GQ3a8oL^GS3a8mL]GU3c8kL[GX3c8iL\\GX3b8jL]GW3e8gLXG\\3b8fLaG\\3P8fLgG45V3R94M2M2O2O01N10O10O1lMQG7o81jFNW9m11N2NO21N101N2N2N2O2N1N4M1M4L5lMmEXO401^1j8bNVH;a0D[N?o8BXH1hN1f10[N9\\:KfEJX1OhNa0\\:BaEN0000[10eNa0a:@_EO4OW1d0W9]OWG0XN8g<K2NUVY1"}, "iscrowd": 0, "area": 6725.0, "category_name": "cellphone", "score": 0.6514667272567749}, {"id": 3, "image_id": 0, "bbox": [66.0, 216.0, 96.0, 90.0], "segmentation": {"size": [416, 416], "counts": "Z^k04j<4J5N1M5L3O001O1O1O1O1O1O100O3PDSOh;V1L2O0O10000O1O010N2O0O2O1N101O1N2O010O001O1O0010O10O10O010O1O001O000O2N1O2O1N1O2O1O100O1O10001N3M6K1N1O1O001O001M4G\\k4A]bK0nB3_oX3"}, "iscrowd": 0, "area": 3050.0, "category_name": "electronics", "score": 0.8811442255973816}, {"id": 4, "image_id": 0, "bbox": [100.0, 144.0, 75.0, 145.0], "segmentation": {"size": [416, 416], "counts": "id[14i<8I5L3M4L4L3M3N2M2N3M3M3M3N1N2N3M2O0O1aFWNg7j1XHVNg7k1VHXNj7i1UHWNk7i1YHSNg7n1XHRNi7n1VHRN_N0X9P2ZHPNf7Q2YHoMh7R2XGoM6OXO1[9Q2WGnM90a8R2c1OOO2N2M3M4K4M3M2O2M4M2N2WOXD6k;C^D8X<M6KlVZ3"}, "iscrowd": 0, "area": 2175.0, "category_name": "electronics", "score": 0.901427686214447}, {"id": 5, "image_id": 0, "bbox": [141.0, 59.0, 75.0, 85.0], "segmentation": {"size": [416, 416], "counts": "goj1b1Y;9D9O00000O1001O0000000000000000000000000000O1O001O1N2O1O100O0010O10O010O10000O0100000000O1000001O00001N101N1O2N2M2O2N2N2N2M4M2N3L4M3L5J6J6G^Ua2"}, "iscrowd": 0, "area": 4704.0, "category_name": "electronics", "score": 0.9144792556762695}]}