{"images": [{"id": 0, "file_name": "images/uwg_g-778__flipv_jpg.rf.89bd51396adde6eec2f874e254ad4cce.jpg", "width": 416, "height": 416}], "annotations": [{"id": 0, "image_id": 0, "bbox": [149.0, 179.0, 182.0, 169.0], "segmentation": {"size": [416, 416], "counts": "[cm11b<0cC:3KO001`05U9GVFj11SOc9X1[FjNd9Y2:ZMZF_OJ7NF1\\1S9dNdGd0B]OIOM92R1R9fNaGm0[OVO1g1n8WNRGOb0S3\\8UM`Gl2_8XMVGCNY3m8mLQGJ>W3`9^NRFDo8hNeGW3S8hL^G3LM?X3T8nL_G29P3Y8oL\\G7OB1[3d8m05hKaG0J00W3T9iLTGU3h8mLkF04N1V3e8jL_G6GK032R3h8jLZG1Ma0Od2j8kLVG00m3U9XLkFZ3e9IVOgLVG3231V3f8fLVG21e3i8_LWGa3i8:10O1000O10EmKaG14R4[8QLeGn3\\8nK`G14Q4X8PLnGo3S8RLdGN3P4W8]LdGc3Y8d000002M2OM`KfG`4Z82N]KiGc4W83O010O10000mGZKl7e480iGZK01P8n4N1O00000000O1O2O0EoGaK2MR8^4<01N1O4M1O0O2O100O1OVGmKg8o3XGTLk8j3WGWLi8h3VGULO0l8i3VGYLk8f3UG[Ll8d3UGYLn8f3RG[Ln8k32I6O10fF[LX9d33LeFaL\\9b30M3FdFlL^9T3bFlL_9S3`FnLa9Q3^FUM]9W31N3C`FTMd9j2]FSMf9l2ZFTMf9l2YFUMNNg9l2ZFZMg9e2YF[Mh9d2YFZMk9c2VFZMMNn9g2UF]Ml9b2TF\\MP:b2ZF]M^9b2\\F]ML2j9`2TFkMm9b22@PFmMQ:R2RFeMNOS:[2nElMR:d2MAoEmMS:R2oElMR:T2nElMQ:U2oEiMR:X2nEhMP:f2nEUMk9m2UFSMk9m2UFQMm9P3100000XFSM\\9m2dFUM[9l2dFTM\\9X3000O0100O1001O010N3O0O2N1O2N2N2N8H2N7JO1O01N01O1UO_MXG0YOZ2\\:40100N2WO_MkFi2U9WMlFg2i9N7I2N5K6J2M3N3L3K4M4G9E:I9A^_S1"}, "iscrowd": 0, "area": 19579.0, "category_name": "pbag", "score": 0.8828310370445251}]}