{"images": [{"id": 0, "file_name": "images/uwg_g-149__fliph_jpg.rf.a37a44fd65c22c2dbb2c96097a54e852.jpg", "width": 416, "height": 416}], "annotations": [{"id": 0, "image_id": 0, "bbox": [267.0, 41.0, 147.0, 371.0], "segmentation": {"size": [416, 416], "counts": "jg]3P1l;5O0bImNY1`0^I_OU<a0kC_Ok;0SDn0a5SOl0j0TOVOk0n0mNQOgJ3W6R1mNVOX1`0oNWO]1OZI1]<OaC3O28JU51W10\\I`02HU5G]11\\IP1j;4YIkNa1U1\\IkNn;0VD1MO00220OQ<OPD10OO2O0k;OVD0O9N5h;B[D1Mm0e;RO[DV1d;4]DeNd;3[Dn01oNe;1iDb0A^Oe;2^DM20Mg0V4ZOQ32jHNOm0U4ROT34fHM0S1[;c0mEYNiN3b9g1^GhNWOAU1MV6?\\Hh0m0_OYO_OJKc0f0^OZO=0d6m1eIoN[O]O?a0IZOf6l1eI\\O\\OeN8R1IROm6h520O3N2M3L4N3N0M5K6O0gIYIW40_M0ZNl6U4TI^MZ7_NfHf30nMd7j1\\HYNd7]3\\HjJg7R58LSHQKk7m4THTKP8`1QHd1NlL[8j0[HU2`:hN000L400001O1O001O00001O1O0000000O100O1MVNPEj1S;01O0O2N1O1O1O10000O1O100O1O1O1O1O1O1O1O1O1O100O1O10000O1O100001O0000O1000000001VDkNg;W1000M3000000000000000000001O001O1O2N00000000000000O1O1O1O1O1O100"}, "iscrowd": 0, "area": 40694.0, "category_name": "net", "score": 0.9094812870025635}]}