{"images": [{"id": 0, "file_name": "images/uwg_g-173_jpg.rf.035a1e123bd9458fcd4a1d66f6c9da58.jpg", "width": 416, "height": 416}], "annotations": [{"id": 0, "image_id": 0, "bbox": [0.0, 17.0, 176.0, 399.0], "segmentation": {"size": [416, 416], "counts": "0_;4cD0100O01N21M3Okf7OoeH1OOQ=0PC1SC0m<0J0XC5e<5NK_CM_<3aCN^<2bCO]<LaC160mj2NkaM1O0R]k00RdUO2jnN2XIKa05^OMa03@Loc02iB103bHIk18TNHl19SNHo18nMIW24fMLY28dMHQKOW7=bMEVKOZ79`MHVKOY7;`MFWKM[7>]MCeKOc6c0cM]OjK2a6OQI`0c4@gK4d6k0[MQOjK=g6g0\\MlNlK>V6EjI\\1R4aNkKb04]Ok5n1TNSNPL>S6c1iMPNTL6NIOOm50WJZ2f3VNWLBk4OnK5VOX2h3XNS1[OnKh2m2mMQ2V2lMjMY1^OUKO9o2X3dMX1Z3bNfL`1X3`NcLdLBk4P4]NcLa1b3\\N_La1c3_N]L`1e3_N^L]1e3_KbKo2d0e1P4ZNnKdM@\\3f4RLWKi2e0gM]O_3j4iNjKgM\\O`3k4TLSK_2g0lMZOa3n4SLQK`2h0^MYO\\4U5SNeKmMWO`3W5`NaKPN[O]3b5VNTK[N[OHKa3m5VNnJZNUO05NMa3m5UNnJYNVO19_3d5WNeKf1\\4ZNdKd1`4fLjIa1f1i1d4VNZKk1g4UNZKj1g4UN[Kg1g4YN\\Kd1c4]N_K`1c4_N^K`1e4]NZKc1i4[NXKc1l4ZNVKc1m4[NXK3mMCOYOT7P1SKMSN^OGA^7S1kJE[N@R7i0`J1jMoN20O`0`7<eJb0jMUO`77kJ?lMRO^7;kJ1_M[O2M9;]7:mJF^MG0N>:]76iJDbN0h6:iJAbN1n68QKi0o4SO^KNXL=f<AQgm2"}, "iscrowd": 0, "area": 64555.0, "category_name": "net", "score": 0.9531511068344116}]}