{"images": [{"id": 0, "file_name": "images/uwg_g-1285_jpg.rf.8178663c28881732e0a550b766840047.jpg", "width": 416, "height": 416}], "annotations": [{"id": 0, "image_id": 0, "bbox": [224.0, 159.0, 97.0, 83.0], "segmentation": {"size": [416, 416], "counts": "foi224Oi;0TD^1h:bNZEX2Y:8eE`M[:c2O54XMeE[2g:IO200O1IlM_EV2Z:gMhE`2d:G2OO20jMYEQ2[:mMoE2FQ2V:e0000N2O100000000O010O1000001N3MN300M^MgEc2X:3002M100001N1K[MlEi2V:0000WMjEe2Z:0000M2O001000000001OO1O2O0000OO2O11O01O1O5J3M1MNRNWEo1j:PNVEo1n:100OL40H9N02N5L3M1NO2J8NO2O6I8I1LfD_NU;i11O4L3]NcD40R1h;L4mNUDg01ZOb;V1\\DjNa;Y1_DgN00oUW1"}, "iscrowd": 0, "area": 7334.0, "category_name": "misc", "score": 0.743353009223938}]}