{"images": [{"id": 0, "file_name": "images/uwg_g-171_jpg.rf.073b96fe382f5bc08279d808cd95d5f3.jpg", "width": 416, "height": 416}], "annotations": [{"id": 0, "image_id": 0, "bbox": [0.0, 132.0, 257.0, 218.0], "segmentation": {"size": [416, 416], "counts": "V4g62ZI41e0:l3\\6ZKZI4Ob00\\O=V4DRLi6FVI2061K10`0U4_OQLj6KUI;0G`0R4@RLk6JUIc0`0m3[6\\KUI<0H12?Q4BoKl6g0aI[3DjKn6j0_I\\3CjKo6h0_I^3BjKP7f0^Ia3BhKR70kHc0`0f3CgKR7OlHc0`0g3BiKP7NmH`0c0i3@jKn6g0ZIa3HhKo6b0nH\\O:[4IfKS7=mHB7[4IeKV7c0nHe32hKP73iH71R46eKQ7NkH:0S4KbK51U72gH=4R4K`K[71fHa00o3O]K\\72gHOO:3V4Z7aKdH7MK5]4[7aKcH7NJ1a4\\7`KeH4OK0b4Z7`KhH2NK1e4Z7oKdHR4]7mKcHR4^7]KbH:OX4`7h0JcJhH^5Y7aJgH0N11O01O40f4\\7UKfH]5[7cJeH]5a7kJ^Hh4b7UK^Hm4b7TK]Hm4j71O2I63L11L3IfJhHZ5X7gJfHZ5a7O0000O2N2L3J]JlH00f5m6[JRI01O0f5m6[JRI01O0f5m6[JRI03f5n6ZJPIg5Q7YJoHg5Q7YJnHg5S730O11M2L5InI[IU6d65M2O100O1O1O2O1N100O1N101N3N1N2O100O1HSI]Jm6c5SIYJO0o6d5UI\\Jn6a5:01L201N2eJ`HV5`7jJ`HU5b7jJ]HV5e720O1O3N10OO1000001O0N3QKQHj4S8O2O002L4N1nKfG\\3[8aLgGELb30[L`8>aGFOa30[Ld81^GT4g8^LWGm2i8RMYGl2h8cL]GOM10[3g8eL\\G02[3c8fLUGN03100X3k8eLgGZ3P90BgLnFO1Y3`8hLYHV3b7jLcG1j0NTOS3`8oLaG0k0T3d7lLaG0k0S3e7kL_G3n00QOj2e8SM[G3P10POi2f8YMZHNPOg2h8\\MWHMROa2l8`M]GL;3[O_2P9`M\\GN8g2d9H7J5J\\EmMj:R2VEnM10h94oFOYOi1OTN11g93oF0YOh14UNS:OUF4Dh1m:41TNREf1m:^NSE_1n:9O1BoMmE4Ef1l:701YOnMPF065De1m:6XOPNcFn1^9RNaF5YOb1P;62SNnDi1S;WNnDh1b:XNkE0Ch1X:XNkE43NLj1U:TNlE43NLj1U:UNjE45LNi1T:VNkE52LNg1X:XNeE0064KLOOh1\\:eNiEC0g1X:YNgE1L1=e1\\9]N[FL>0Lf1\\9aNVFKQ1d1f9[NgEe1Y:\\N_ENNg1c:\\NeEb1P:[NnE4GL7d1^9^NkF1LMC20N4g1`9[NeFOL37LD24NLb00`0U1oNX71dGN0021326MD24NL4074?f9WOZG3lNL11Oa00_O0h0T:XOPFO`05\\OL000Y12gNm93QFO2N;OG5LK4b0L_O0=0CS:1oE31Kb04A1Jm0R:POPF2OL:0F2521OM;LF14Q:JoE80I223N2ON4KM1M24LMS:1nE80I2NN0522ONNJ4100L34LMS:1RFOOOM0a00_O162N3L?R:\\ORF3L2>JA2a0N_O32a0R:]OPF=;BA2c00]ON1a0O@T:OYF080\\O0c0g0j9ZOkE0K06OG0d05\\O9\\:EcE11O1O8NG0d00[O23<NBe:1^E09O80[Ok0c:VOaE27M:n0c9TOkE4NO6KJ0d00[Ol0b:UOoEO@0d00[Ok0W;UOjD0a00B=MF00d:NkEOA0g0c0XOAe:MkEOA0k08UOLO02LS:0kF0TO4`0OA0L5h:H_E0I040c02]O<d:B_E0I040c0g0[:YOnD0089IIb0O]OO1R;OnD0089IIb01_Oo:NTE1JO`01_O0009OK3o:NRE1LN`07MMe:MSE0;9MJe:LhE0UO6`0Nk9LgE20=5A=4ML@0^:i0dEXOa03\\OMa0Om9e0aF_OROLQ;4nD0140Hj04VOLb;9UE2h:MTEH@7MI\\;7dDJc0O@7LNl:NUE108b0g0_OoNT:h0]FYO]OS1S:DaFYO]Oj00WOT:f0^FYO^Od00CT:`0]FZO_Ob01DS:;kE^Ob01_O=OA32M0U:f0]FYO@b01_OM1U:5kE2c0G@M04N42KN1ONQ:g0aF[OAL03O51JO10No9h0`F\\OGNJ51J0O01m9g0`F\\OINI60H13M0o9e0aF\\OINI60H19l9?aFZOK0G51I09m9JPF017c0EF3H1NM5ON;NFi99XF2a0DG3H00M9:EIi97WF4;BE14O53I0=7AHj98XF2:G20D0=7AHj93VFM3:OG312LM3NN?O_O80Ik9:UFL1L;11OEN?O@7OJl92UF0112L04ML02>1C1b03Y9IWF160J8MH?2B3`00[9MSF1a04_OK?0C1b01Y9OSF11K:<8E@1c00[92oE10K:<:D^:?VEFIMf0N[:=nDD82JNf0O01`90lEOL2=OGO33IN23NO9<m9DlE34JN01023IM33N08<l9FkE26J?OA2MO:;i9GlE34J_12`N0S:0jE44Ji10Z8<lEFT<:lCFU<9kCGNO`12h8:eEC221Oa11h89iEG[<3cCLk<O00N6NN1NoXS2"}, "iscrowd": 0, "area": 31855.0, "category_name": "net", "score": 0.7108118534088135}]}