{"images": [{"id": 0, "file_name": "images/uwg_g-1193__flipv_jpg.rf.893f3ba193cf75b289445030ceaab746.jpg", "width": 416, "height": 416}], "annotations": [{"id": 0, "image_id": 0, "bbox": [105.0, 77.0, 96.0, 136.0], "segmentation": {"size": [416, 416], "counts": "c]\\18[<a0J=C5G8I7M4K6K2M4K5K5L7J3M2N2N1N3L4L3O2N2OUNhFOW9MWGGk85_GCc8;cG@^8>fG@Y8?kG_OS8a0QH]On7c0TH\\Ol7c0VH[Oj7d0ZHZOf7e0\\HXOf7g0]HWOc7h0^HTOf7k0X200O000001O1001O00001O001O00001O000001O001O11N2O000001O1N1O1O100O3N1N200O6aDkNg:f1001O100O002N1O3M2N3M2N2N1O4K5L2M6J9DeVg2"}, "iscrowd": 0, "area": 4891.0, "category_name": "tire", "score": 0.8967261910438538}, {"id": 1, "image_id": 0, "bbox": [88.0, 229.0, 56.0, 67.0], "segmentation": {"size": [416, 416], "counts": "nkX1e0X<5K6I6L3N3M2O0O2O1O0O2N2O1N10001O0000000001O001O001O1O1N2N2O1N2N2N3L5K4J7K5JPY`3"}, "iscrowd": 0, "area": 1772.0, "category_name": "tire", "score": 0.9418963193893433}, {"id": 2, "image_id": 0, "bbox": [35.0, 254.0, 73.0, 86.0], "segmentation": {"size": [416, 416], "counts": "jZ?3l<6K6F:G:H1DmNeDY1[;iNcDW1\\;7J6E;M3O2K4000000O1O1O2O0O10000O1M30O0100000000001O0000001O001O0`MbE^2]:31O2N1O0O2O00O11O0O4L2N10N20O3M2M2M5L3M6K3K6mNZD214i;MYDF1:j;J`DNCNR<2\\DME1P<6UD4n;ESD:[<F_C2h<0Xjl3"}, "iscrowd": 0, "area": 4423.0, "category_name": "tire", "score": 0.8933132886886597}, {"id": 3, "image_id": 0, "bbox": [251.0, 67.0, 59.0, 82.0], "segmentation": {"size": [416, 416], "counts": "XYW32g<b0A9G7L4L2M3M4L3M3M3N2N2N2O1N101N2O001O001O00000001O000000O100000O10000O2N101N2N2N3M4L3M3M4dN_DR1i;M4L3L4M3J8EQV\\1"}, "iscrowd": 0, "area": 2935.0, "category_name": "tire", "score": 0.9319466352462769}, {"id": 4, "image_id": 0, "bbox": [287.0, 15.0, 63.0, 75.0], "segmentation": {"size": [416, 416], "counts": "hlg38b<>C8K3L5L5K4M2M3N2N2N2N2N2N2N2O0O2O001O0000000000000000000000O100O100O1O1O1O2N2N2N2M4M3L3N2L6K6]OTDHP<2Ujl0"}, "iscrowd": 0, "area": 2788.0, "category_name": "tire", "score": 0.9601207971572876}, {"id": 5, "image_id": 0, "bbox": [252.0, 179.0, 60.0, 72.0], "segmentation": {"size": [416, 416], "counts": "XnT3`1^;4N1O0000000000O2O0000000N101O01O002O00001O0O2L30O0101N1O10O11N11O00000O100O1O1O2N1O1O1O2O1N3M2N2N2N3N2M2N7H6FcY]1"}, "iscrowd": 0, "area": 2842.0, "category_name": "tire", "score": 0.8885209560394287}, {"id": 6, "image_id": 0, "bbox": [346.0, 236.0, 56.0, 72.0], "segmentation": {"size": [416, 416], "counts": "k]^43j<5M?A3N0LXOoCi0o;6N7I2O5L0O000O10001N2O3M0010O010N20O00101N2hDXNU;j10OkDYNR;j1100N1J7O1I7J5O2N2004LO2Ke0XObCHf<1[CNg<0ZC0e<8N1XQ7"}, "iscrowd": 0, "area": 1962.0, "category_name": "tire", "score": 0.8312530517578125}]}