{"images": [{"id": 0, "file_name": "images/uwg_g-1222_jpg.rf.74d44066ddea652da7bb5cdc31409f15.jpg", "width": 416, "height": 416}], "annotations": [{"id": 0, "image_id": 0, "bbox": [122.0, 53.0, 103.0, 259.0], "segmentation": {"size": [416, 416], "counts": "WWa1=^<l0YO?@6Kc0]Od0\\O:F5]OaLTGO0f3f8bLYGR4P8i0G8YHdJ\\7U6ZO6J5L5J8I3M3L6K1N101O0O2OO1001N10O10O11O0001O0O1001O01O0000000000000000O2O001O001O001O00001O100O1O1O1O2N1O2N1O1O1O4L3M1O1O1O1O2N3M<D7I3M2N2M3N1O4L9hJ[Hc4e8\\O4Lh0XO8G8I:E`0A;E5K4K7If0VOP\\_2"}, "iscrowd": 0, "area": 19146.0, "category_name": "tire", "score": 0.9355189204216003}, {"id": 1, "image_id": 0, "bbox": [206.0, 26.0, 131.0, 298.0], "segmentation": {"size": [416, 416], "counts": "^Ya212j0i;f0B7J2N3N3L2N4M9F?aESMo9W3H?ZF\\LQ9]4]O9aG\\K1Ll7Y5H>A9I6I4L5K7I`0@5K6J2cJ_HW5g7kJkH\\4n7cK^GX4l8I2N4L3MNWLnF4Od00P2W9[MjF>0B0d2V9\\MkF=0BOe2P9V1005QMjFj1R9YMnFn01h1Q9UNnFXO1c2P9\\NoFe1R9T11O1ON200000000O10000010O0000O200O001N1^OoKTHS4\\82O2M1O2N1N3M3O0O2N2N3N24K03J5L5K5KkJYHU5b7:J4M2N2N2N3M43LJ7ClIbI^6U6;K5FQIYJV7j56MMGhHaJ`7W5_HjJP8h48L4iNdGcM_8Z2bGfMd8S2dGlLH98Id8k2`GYMT9\\2aF_MY:Q2fEnM40d:]1`EcN^;0]Da0L_Oa<7VR\\1"}, "iscrowd": 0, "area": 23405.0, "category_name": "tire", "score": 0.884467363357544}]}