{"images": [{"id": 0, "file_name": "images/uwg_g-410__flipv_jpg.rf.6703c3ca5e3ab89ea1843f605d920439.jpg", "width": 416, "height": 416}], "annotations": [{"id": 0, "image_id": 0, "bbox": [137.0, 44.0, 131.0, 302.0], "segmentation": {"size": [416, 416], "counts": "dcj14c0<W9HjG]1nNXO_OUOk7:bIW3KUMY4EiK`3YO_Mg4SOmKl5jNjI0La4a0aLX6\\3jI^L[6a3fIZL_6e3aIZLa6e3`IYL[O[OU7[4aIVLd6j3]IQLh6n3XIhKZON12`7V4U1O001O0000N2O011O10O1O00N2000N2O101O000000001O2N1O001O00010O01O00O10001O01O0001O000000O10O100001O000O01O1001GQL_Go3`8RL`Gn3_8TL`Gk3b8TL^Gl3d8QL^Gn3a8TL]Gm3a8UL_Gl3`8TL`Gl3`8TL`Gl3`8TL]GL0P4e8RL^Gn3b8RL]G6O\\3c8`L\\Gn3d8RL\\Gn3d87010O2WLZGT3d8e0iLhKSK0B0U2Z4W3dKoJ;j1R4S3hKlJ=n1m3U3hKkJ?m1i3W3bKjJ201N>P2n3k2aKXK1O1O1Oe0k1YOUN_4j4aKWK[1i1Z3m2oLjLX3U3jL[Lf3c3_LmKl3R4YLhKj3W4ZL_Km3`4Z2M201N2M2M4K5CUG\\LU9\\3<@?L4O1EiEhMT1LR8Q2WGoMQ:Z1V1M3O1N2MVDoNk;o05N101OnCTOP<e0900MgC_O001OS<==F:1UC3a<LaC0ljj1"}, "iscrowd": 0, "area": 27927.0, "category_name": "metal", "score": 0.9383108019828796}]}