{"images": [{"id": 0, "file_name": "images/uwg_g-213_jpg.rf.22d5a4b01c4f58d22c975aea81d981da.jpg", "width": 416, "height": 416}], "annotations": [{"id": 0, "image_id": 0, "bbox": [107.0, 107.0, 303.0, 257.0], "segmentation": {"size": [416, 416], "counts": "[_X18n;ITD0c0:W;JUDM;OE>j;LVDH0N1d0o:A]EKC\\1h:SOZEW1_:h0M3O2M2N2N2N101M2O2O1N1N3O1O0N2O2O0O1N3N1O2M2N3J5cNYL\\Hm4_7PK_HZ5_7gJaHY5Y7fJhH3OX5W7gJiH10X5W7gJiH10Y5V7fJjH10Z5Z7fJgHZ5X7fJhH0NU5[7jJgH1OU5Y7jJhH10U5]7kJcHU5^7jJbHW5c71O3M010O2M102N2NO100O1000O101O0L\\JlHd5T7\\JlHe5S7[JnHd5W71O1O001O2N2N1O2N2N001O001O010O1O001O00001O01O002N1O1O1O01O000003M3M001O2N2N1O0010OO2O5LO0002N1O1O2NBhJTIX5k6iJUIW5k6iJVIV5j6jJYIS5g6mJYIS5g6mJ[IQ5e6PK[IP5d6PK\\IP5d6oJ]IQ5Z7nJSHo4P8O2NQHTKj7l45O110N1001N1DUK]HP5m7M3MQOXKZIOJi4k6YK[INJi4l6WK[IOJj4j6ZKSIML1OMO22h4R7[KQINK82HNb4V7]KPI0L5OJO32`4T7]KQI;JE0O6b4o6_KQI;:S4R6bKmI0F>3DH\\4U7bKoH?4CH\\4^6aKVJ1_O?<o3o5bKUJ0@?<o3o5bKUJ0@>=P4n5aKUJ2@=>ADV4Y6jKlI0J30<=AB1LT4_6kKlI1I11>=@BY4Z6iKkINK5O=0^O80I1Oo3^6RLnI1AM3b00_O00=o3Q6QLZJ>MB\\On3]6QLmI0Ld02\\OK0No3k6TLSIOMd0:BMg3V7eLfH\\O1:LG3o3V7PLjHi0OE1b3U7RLkHW12e2T7TLkHf0LF5ELe3W7ZLPIc0IH3GMd3T7^LRI;K_OO<4H0`3P7bLRI;NK0G3_3m6`LlH14>K_O2=3F4^3l6aLnH30P1OmN8_3k6aLnH33o0JmN;`3j6aLoHOL08OJ53:KA209a3`7aLUH3390F8]3`7hLWH61E8\\3b7`LTH3OM3?OK2X3g7eL[H7LM1V3j6`LnI7\\O`0JYO2`3h7gL\\H?KZO1`3j7eLZH1J61DN00`3P8eLTHON;1h2Y8PMfGM0;1h2Y8QMeGLO>2e2X8nMgGU2f7eLiHT1DV2W8hMjGX2T8[1NnKiG[3[8eLeG_3V8bLjG^3n7oKWHe4KZKV8g420FZKWHh4h7XKYHg4g7YKYHg4e7[KZHi4`7ZK_Hi4d7QK^Hn4[7SKbH10n4]7SKbHO0P5^7oJcH12m4[7RKbH6Nj4_7UMcHn0_7lLaHo12V1`7hNaH\\1\\7bNfH^1Z7aNcHd1\\7\\NcHe1[7aLbHi13g1[7ZNeHg1]7VNbHl1\\7aLeH\\1OT2_6\\LjI0I6LN7Y1JY2S7^LmHO7S5n6RKRIU1H[2U7aLlHZ1OY2R7\\LoHK0Y5Q7eJnH41L1\\5OcJa00f52jIR67PJHMX51[K0^OS66PJHL[5O[K0\\O6Ng53SJM1031MY50[K0\\OU61SJ]5HSKO@0OV61SJ7Gl40eK5YOf5O[J:Jh41bKf6[OYI40o41RK41[1Il32eJi5m6WJSI`5OgJm6HTI_51iJP7X5nHiJ8H]6l5bITJZ6N`Im5k6UJUIk5j6VJVIk5i6VJVIj5i6705JK3PO\\IWKO2`6Q6N1OcIcIV6^6hIdIZ6Z6fIeI\\6Y66N3mJZIi3k0QKo4V1VJi30RK41;OZ5V1XJk31QKX6U1gIh3OPK23Y6T1gIh32RKX6X1dId3^6UKdIW6e6N01FhIcI140M30o5d6oI^INM91[5d6^J^INMo5g5QJaJ0K20Z6NeIV60lIV6MmI1M]6U6bInI1M]6`61O0hIeIILm5]6b0D9QJWIU61jI]6[6cIdI_60bIV6f6mIYIn53QJ[61aIR60nIZ6NhI_6NcI8M`53YJf63XIS5OXK3Bg62WIf51XJe6R6YIPJa6NaIX6e6NI]ObIiJOI^6^5dI\\J>3o5`5cI]J82G1^6`5cI]J83F0_6a5bI\\J8;V6X5bI]J8;W6W5nI_JAO14a6N_IY5b7PK]Hc4d7WK\\HL210U2O7d7bM\\H5OS23iMN]2j7cMVHW22hMO^2e0bM`63jH40`17f0i7oMoGS4e7aK`H1N:MU4V8eKlGZ4>aKV73\\H\\4=bKX71ZHm1Oa00aM:10NQ72iHi1Nd09aME1;OP72iHi1Nd0<aM\\7d4WH]K30l7b4QH_K2O1Of7c4WH_K101Oh7m4WHRKm7b4QHeK1JT81lGf10d00hMZ8X4eGjKm7L\\HW4HiK11Y8_1fGaNOZ21eM11Y8a4O\\KgGh1OR1[8YMfGW11iNO1OR21SNZ8KfGV10jNO10P22oMNNh7OZHc45]Kc71WHb47]Kh7b4RH]K21k7R5KEVH]K0NX81lG0NM11O1O02N62G20P22lMj80_HOfN\\21dMn81[H[2fNdMP91ZHZ2k7eMVH?dNZ1V9WNXHY2dNhMj:1VE1O1OV1R;gNREO02N1Ok0[2"}, "iscrowd": 0, "area": 52739.0, "category_name": "net", "score": 0.8574085235595703}]}