{"images": [{"id": 0, "file_name": "images/uwg_g-595_jpg.rf.bd217e260d3d20af7c2b30adcc0cc9f3.jpg", "width": 416, "height": 416}], "annotations": [{"id": 0, "image_id": 0, "bbox": [251.0, 119.0, 119.0, 190.0], "segmentation": {"size": [416, 416], "counts": "k]W32j<>C5L4L4K4N2N3M2M3N2ROhNPF\\1h9YOgEj0U:S1Ld0]O3M4L4L3K5F9L4N3N1O1O101N1O1N2O1O1M3K5M3H8M3K5N2O10O101N1O2N1O1O1N2O1N2O1N2O1N2O1O1O1O100O1O2N3M3M3M2N3M3M4L3M3M3M4L3M4L4L2M2O0000001O000O2O001O0jMYFT1h9fNZFWO0P2h9dNWF\\O21LP2l9_N`Fc1a9XNTFE=Q2a9dNRF^O09OU1Q:TOoE_O1j1R:YNnEIO53NNk1S:YNlE10I030h1W:gNiEA1e1X:_NiEONL2e1X:`NgE60Y1[:i02N3lM`EGO00g1c:bN^EJO01[1e:QOZES1i:mNWEP1m:oNSEn0Q;>3N3M4K4I7H8I9FgZc0"}, "iscrowd": 0, "area": 12920.0, "category_name": "pbag", "score": 0.9285423755645752}]}