{"images": [{"id": 0, "file_name": "images/uwg_g-207__fliph_jpg.rf.a28cb2ef8d2bc1fccda6471364b1453f.jpg", "width": 416, "height": 416}], "annotations": [{"id": 0, "image_id": 0, "bbox": [47.0, 31.0, 270.0, 329.0], "segmentation": {"size": [416, 416], "counts": "gc=1i<2ZCNX<1fCO2024LNU<<lCFON40h0NYO0O0Z:n0eEUOh0OWO2N0Y:m0iEVOe0K[O83GZ83lHZ1UOcNC101M16LX8:fHc1nNVNO100O1015JQ8=iHj1QOTN052AR8a0eHg1WOlM0O0=1@S8c0bHm1ZOZNT8JlG\\Oa0^3c7ZM\\Hf2c7\\MZHe2g7^MUHd2j7`MPHc2n7X10000OXOPHbLn7_3SHaLl7Z4fN[KXJf4c5`K\\Ja4b5bK[J`4c5bK\\J`4a5cK]J`4`0fJh3l0gKa4>dJk3k0eKg4<aJk3j0dKm4<[Jo3i0dKo4:YJQ4k0aKn4>[Jk3S7SLSIg3n6XLVId3k6ZLUIg3m6WLTIFZOl3d7\\LTID[Oo3a7]LTID[Oo3d7TLnH1^OL0o3e7SLjH6Eg3b7QLlH7Cf3Y8VLjGMEk3b8WLlGh3e8[LmF_3Q9\\LoF50_3j8\\LZGn3e8SL[G0M30_3h8^L[G0N10a3h8]LYG2O1O1OY3o8fLSGOO2O00S3o8kLTGOO3NY3n8gLRGL0132NY3m8mLUGJNY3n8fLUGNO2O>OY2o8XMTGO01O1M91^2V9WMSG2G9O^2c9YM_F8N_2^9WMeF2NT3\\9kLfFZ3`901fL\\F:1_2a9XM^F91_2a9XM^F91_2b9WM]F:1_2a9b0001O0N1N4M2ZMVFT2m9kMUFE0U2P:TNPFG01NN0k1U:XNlE02M010g1V:ZNiEO2OO01g1V:[NhEO2O0O0g1Y:ZNfE08OIg1`:YNmEg1g:N10O100001OoN[NgFe1Q9\\NUFOj0f1X9ZNhFf1W9[NiFe1W9\\NhFe1W9[NiFe1W9[NiFe1V9[NjFf1V9ZNjFe1W9[NiFc1U9[NmE4n0a1T9bNlF]1U9]NmE3n0_1U9_NQFNd00[Oc1S:]NhF0UOb1T;^NmD`1Y;0XOaNQF^1P:bNeEOH2M^1a:`NbE20O8OH]1^:eN_E210?X1Q:fN_E210?W1R:gN^E2103L6Z1Z:gN\\E40O3M7Y1Z:gN\\E40O3M7X1[:hN[E31O3N6X1\\:mN\\EL>W1Y:kNmET1W:iNhEX1W:iNeENAX1k:jNWEN10N1OV1m:jNUEO01O0NV1o:iN\\E0F\\1m:eNaEZ1[:eNgE0@[1i:eNYE071FZ1j:gNWE08OFZ1l:gNVE08\\1b:dNVE08[1b:fNcEZ1_:dNbE[1_:eNaEZ1_:gN\\ENH[1h:eNWE29NG[1j:eNUE34MO0N[1i:fNWE19NF[1j:gNXEO7^1b:bNXEO7]1\\:cN\\E20O8\\1Z:eN^E00O010\\1b:dN^E00O010\\1b:eN]EO1O01O]1b:lN\\EH3OO^1a:kN]EH4NN_1b:jN\\EI4NM`1d:gN]EK0OO`1c:fN^EKOj1_:ZNcEKMl1c:VN`ENMl1e:TN^E0Mk1f:UN]E0Ml1e:TN]E1Nk1e:TN\\ER2e:mMZET2f:31O000iMYEP21RNf:o1[EQNd:Q2ZEoMg:W2N8[EaMY:[2hEdM\\:[25RO`E\\O_:YO_ES17CZ:YO_EY13_O^:e1M20O0O001FaEnM1O^:X2cEgM\\:Z2dEfM[:V2cEkM3N[:W2bEjMd:Y2NN_EiMa:W2_EjM_:]2bEbMX:^2hEaMY:_231O100eE_MW:b2gE`M:O`9f2]F^Ma9^2ZF]M64`9`2dF_M\\9b2ZF[M63_9c2[FZM63_9c2ZF\\M60`9l2ZFWMf9Q31N1LXFRMg9R2XF`N1_O1Ng9S2XF_N0@1Mg9k2XFXMl9n1SFgN2[Oj9m1WFfNO\\Oj9n1UFPNOg01\\O1Ne9k2ZFXM0Nf9i2ZFYM1Le9l2ZFWMk9P3VFnLe9Q3[FoLe9g2ZF^M2Lc9g2ZF^M1Md9n2\\FRMd9k1[FRO1SOd9T31DZF^Mf9l23O0O0kNWFTOj9l0VFSOj9Q201OOM4O1M3oFfLh70hG37[3c8mLVGX3;\\LD2X8R4SHQLk7Q4SHRLk7o3THXL=LU6n3]IXL71Z6h3^IYL54F_OZ6U4jIZLL\\OOU1Z6_5N10O01O1O1O1O1O1O10000O0O2O1N101N2O0O2O1N2O1N2N1O0010000D=J7N1N2WKlGe4Z8L2O1O2J6\\O]G\\LN8f8]3ZG\\L06g8G[Ga31aLN2n8W3[GfLg80QGY3]9gLcFU3a9jL`FT3b9N6N4M2M2M4M2OO]MhEb2^:aMcEV2e:M3M3N3L5K3L9]NaDV1h;K5L3L6K5K6JbPT1"}, "iscrowd": 0, "area": 77908.0, "category_name": "net", "score": 0.8541510105133057}]}