{"images": [{"id": 0, "file_name": "images/uwg_g-29_jpg.rf.319dbeeed4fcd8bee20999d6a35ce31e.jpg", "width": 416, "height": 416}], "annotations": [{"id": 0, "image_id": 0, "bbox": [116.0, 62.0, 216.0, 254.0], "segmentation": {"size": [416, 416], "counts": "bXW11nV11PVO3SC70FT<2lCe0Q<5O1J5SOnNTE80KO]1U:`NWF`2EbM^9McF8OK2^20bMOOd8f3ZGXL3<]8^3aGVL2<\\8c3cG]LP5DYNR4iLnK22h42WNX4kLeK21l43TN]4oL`Kl41]LO:a4_N^Ki46\\KJ?0[O<W1n3gNgK8Oa4=[KC>OA1O=U1R4QOaKa4<SNR4TMaK62_4?VNP4[MaK_4`0eL@Me4nN[K`4?SL@ZO`0S1V4QO[K_4`0^K_O<l0JSO9i4EXK_4b0[K@2N0Q13RO7i4JTK^4c0]K^O?NA3O9<D5i4EYK[4d0`K[OS1OOj4nNVKN4a4i0bLWOmNL;13V5S4iK`KPO01a01@75LJ]5c4SK\\KK:4LR5K\\Ja4U8_KkG`4[8000oI_Kc3`4_2000cGaK\\8\\4jIcKQ4\\4Z20N21O01N0101O1O00000000000O1010O1_HdK[6\\4fIdK[6[4U100O1001O00O10GfKlGZ4S8gKmGY4]8000000000FhKkGY4U8gKlGY4S8gKnGX4R8hKoGW4Q8iKPHV4P8jKkGNOY4T8kKjGN1Y4o7eKRHh4T8`KkGS4U8hKjGO1Z4n7dKSH4NN0[4T8gKlGOOZ4U8mKkGY4o7<1RKTHONc4Y8iMeGKX8`2OO11O3M0000LlG]KS8b4nG^KR8h402N00N3O001O1O15K`KPHn0Nb1S8`MnGn0Oc1S8_MnGn0Od1R8^MoGn3R8RLnGn3Q8?KVKWHg0L[3T8cLmGY30SLX8?iG\\3V8VLjG>0[3W8WLhG?1Z3:UL_72VH?1X3Y8YLfG`00T3OZL\\82eG`0Ob01_1[8^MeGa0Ob00`14]MP81mG\\44bKo7c4lG^K11m7NUHc4M^K02n7MTHe4W8002N00JiGbKT8MnGf4R8ZKnGd4S8^KlGa4h7]K[H3M0O`4R8]KPH3N_4X8`KhG_4X85K[KoGe4Q841WKnGd4R8\\KnGe4Q8[KnGe4S8303NM3M210000KZKoGj4n7VKRHj4n7VKRHd4T8\\KlGd4U8[KkGf4T8ZKlGf4S8[KmGe42ZKk72SHe41YKl73RHc4o7ZKSH3N^41`Kn70SHe4O[Kn70SH2N_40`Ko7NRH4Ob4P89N10001N6KKYHPKg7V5O1[HgJ_7Y56J51O3M003M1OO14L2NO11O3MM3N21O2N6J3M00NlHXJT7j501O0101MIYJSI0Oe50ZJU7f531O0000002N0O1KVJTIj5Q7NMXJRIh5m6ZJQIg5o66040KL4O0kIoI\\5T6bJlI]5V6QJlI0N41j5^6PJ`I^6b6N0O2N1VJ[IA3b5c6lJaIS5^6oJ]IT5d6^J]I7OZ5m6eJSIZ5o6bJZIX5d6jJ[Ib4FkKo6C[Ib4FkKP7B]IT5c6iJQI281HK0P5n6RKSI1c0l4[6RKmIl4[7SKRH5Gk3OPLP9R3XGYMHGS95nF`28dMHES97lFY21dM1L1a0Q9ClFL1_21cM1e0R:0lE^OOa02\\O1O0?Q;@mD3O:1C218OI6b;OXELTcP1"}, "iscrowd": 0, "area": 55160.0, "category_name": "net", "score": 0.8085181713104248}]}