{"images": [{"id": 0, "file_name": "images/uwg_g-1013_jpg.rf.9e47608339a46d900a50e9f3ec7a057c.jpg", "width": 416, "height": 416}], "annotations": [{"id": 0, "image_id": 0, "bbox": [169.0, 155.0, 89.0, 96.0], "segmentation": {"size": [416, 416], "counts": "TgY222OT^20QiN0hUO1XO2\\DNb;;oCD23k;b0TD^Oe;e0=0GXOTD11i0m;VOTDn0d;WOZDk0d;<LO1100N3N3N2M2L3O4M2N1O1O1O2N002N1N3N2N1O001O001O001O000000000000O0100000ROdEYO[:g0gEXOX:OeEM44V:NgEN36T:LiEYON=2C10Oj0U:MlEXOM44N60Gj0U:LmEXOM5b0K@l0T:LlEYON5f0f0_9LmEAc0d0`9KmEAc0c0a9MoE\\Oa0f0`9MPFXOe0i0^9NkF0V9DjEJR1?[9]OWG`0h:HTPR2"}, "iscrowd": 0, "area": 3706.0, "category_name": "pbottle", "score": 0.6717857122421265}]}