{"images": [{"id": 0, "file_name": "images/uwg_g-174__flipv_jpg.rf.f87b7378907995112334321f9049f9fb.jpg", "width": 416, "height": 416}], "annotations": [{"id": 0, "image_id": 0, "bbox": [106.0, 47.0, 254.0, 290.0], "segmentation": {"size": [416, 416], "counts": "liP13h<6K5N1O2M4N1O1N2O1O1N2O0TNVOaGl0\\8YOaGg0g6XOSI53e0h6YORI54b0j6[OoH65`0i6_OnH47=j6AmH48<j6BkH4::j6EiH3;:j6FiH1;:k6GhH1;:l6GfH2;9n6FeH3;9o6FdH3:8R7FbH4:8S7F`H5;5T7H_H5;4V7I]H3<5W7I[H4<4Y7KWH2`03R4aN^KOk2n2eMbNo3jN[Ne2eMaNn3mN[Nc2fMaNn3mN\\Nb2fMaNm3nN\\Nb2gM`Nl3oN]Nb2eM`Nm3oN]Nb2fM_Nl3QO\\Nb2gM]Nk3SO^Nb2dM\\Nm3SO^Nb2eM[Nl3UO]Nb2fMYNm3VO\\Nb2fMXNm3WO\\Nb2fMXNn3WO[Nc2dMWNQ4VOZN`4f1aKYN_4d1dJoKm0]2^4g1cKXN^4g1dKXN\\4g1eKYN[4g1gKWNY4i1hKUNY4k1hKTNW4n1jKoMW4R2iKmMW4R2jKmMW4R2kKmMU4S2lKkMT4V2mKiMS4W2mKhMS4Y2oKeMQ4[2oKdMQ4]2oKcMQ4]2PLbMo3_2RL_Mn3b2RL]Mn3d2SLZMn3f2ULTMm3m2TLQMm3o2TLnLm3S3WL\\LWN_Oe5V4ULZLWN\\Og5Z4SLXLXN]Od5\\4VLoKW4P4nKkKR4V4oKgKS4X4RLcKn3^4Y21O1O00010O01ON3O01O01O1M]KhGc4Y82O1O100N3M200O2N2JPKZHR5c7oJ\\HT5\\7kJeH2OT5a7kJ`HV5^7jJbHW5Z7iJcH01Z5_7eJcH[5`70KeJdH\\5a7O1OO11O4K1oJWH00e4e7WK]H3O1Oe4j7YKXH00`4OaKj7NWH10X4NmK1Kh71XH10V40kKQ8KQH1OZ4OfKOOY80jGY4NgK00Y80hGZ4OfK00^8[4aGeKa82_GW4a8iK_GT4e8kK[GR4k81O1O100O2M11O00000O1000000001O1O1O001N3KcKcG^4\\8bKdG`4Z8`KfGb4Y8]KgGe4V8\\KjGe4U8[KlGe4W81O0LYKoGh4T81N1NVKnGk4Q8UKoGl4Q8101O20N01O1O1O1O1O2N1O2N:F1O001O001O001O001O1O1LWJoHj5P7VJoHl5o64IPJ\\IQ6c6oI\\IS6c6nI[IT6c66JeIcI_6[6aIdIe41TMY6o2fISMY6m2hISMW6m2iITMR6TNnIi6P650RIoIj41UMR6m4LTIQJn6m55N0O2O1OmH[Jl6d5UIZJm6e5PN[JTMe5k2[JVMd5k2[JVMd5T5OiM]JQMd5V50dM\\J[Mc5e2]J\\Mc5P5010dM]JZMb5f2^JZMb5S5OcM_JQK070I0j1b5W3^JYK0a1a5b5OdM`JPK021k1_5P3`JQK202001Mh1_5X3bJoJ2010Li1_5X3bJoJ90F00g1_5Z3aJoJ`0g1o4Z3aJoJ00:0Fh1_5[3aJmJ:0Fi1^5S3]KjLa4W3_KjL_4U3lJTK=j1e4Q3iKmLV4R3jKoLU4Q3QKVKL261Fg1V5R3QLfLQ4Z3YLVLl3V1cJ:c1^Ni3l3YLTK[Nl0]5P4]LgKh3\\4QLRK_Nb0`5\\4VLdKj3\\4]LRKn3n4RLRKm3o4TLPKl3Q5Q2001N2O0O2N1O101N3M1O1O2N2N1N3N3M2iJVJT3m5jLTJT3P6iLSJT3n5lLSJR3o5hLWJU3k5gLYJW3k5dLXJ[3j5cLXJ[3i5eLWJU3o5iLRJU3R6iLoIh2ZOWLS7`0lH^OT1g3Z6PMfHYOf0d3g6`L`Hc01YOc0c3o6^L^H`0m0Q3g6^L\\H=NDQ1]3l6oLSHDS1_1TO0Q8eN]IK\\Na0g0f0f7mNgJo0[5TOeJg0_5WOcJe0`5WOYG0\\3a0^5Co321J30VC0d<0[C2j<ONNWC0i<23N40L11Ofm>"}, "iscrowd": 0, "area": 59437.0, "category_name": "net", "score": 0.9166049957275391}]}