{"images": [{"id": 0, "file_name": "images/uwg_g-345__flipv_jpeg_jpg.rf.f4e8d381081e9f61c515680cc1408dbb.jpg", "width": 416, "height": 416}], "annotations": [{"id": 0, "image_id": 0, "bbox": [235.0, 146.0, 72.0, 225.0], "segmentation": {"size": [416, 416], "counts": "amP3151c<0\\C191FM60Y;0cD1O191c;MUD1O084EKf;0^D2N10O1N1?T:A`F0\\O2O0O1O1O01M0f0R:[OVFO02Hn1m9SNXF6KP2e0hM]ONi83YGg2`0YM\\OOj8N^Ga0IA0101N_1j0^NQ8OfG3@01O1O02N1O]1e0bNU8NfG2A01O0100On14QNM3e8N[GN0127NJO00m2n7PMUH2Nb02ENX3g7bLXHe06\\OIO2^3a7bM^HnN32M010O01O0m2_7nMaHUO01O0100O1N8P3T7UNaHnN110O1O1O7R3P7aNfH_N110N2O0X3Q7nNmH[11_Lj6Q6O2OIYIUJf6l5ZITJf6l5ZITJf6m5XIUJf6S601OO1O11O1O6J005K1O1O00001O003M100O01O0O3N010O2N1O3M3M3M4L8Hn0RO;Ec0]KZGa0J_2g9PM]Fm2l903LX1gN:E?YOaU]1"}, "iscrowd": 0, "area": 10383.0, "category_name": "cellphone", "score": 0.8919038772583008}]}