{"images": [{"id": 0, "file_name": "images/uwg_g-1200_jpg.rf.793f3ba6bf23667440e4b99b26e03185.jpg", "width": 416, "height": 416}], "annotations": [{"id": 0, "image_id": 0, "bbox": [222.0, 205.0, 82.0, 90.0], "segmentation": {"size": [416, 416], "counts": "iln21b00jh00fVO0<9_;o0J2M4M2N1O1N3N2N1O2GYNUEh1g::O2N2N2M2O2N101N2N1O2M3N1N201N1O1M4O0O1000000O100000000000O10001N3N2M2N2N2N3M5L2M4lM^Ec1P;O1N200O100N3M2N2N200M5L>C3DYe]1"}, "iscrowd": 0, "area": 5080.0, "category_name": "tire", "score": 0.9042559266090393}, {"id": 1, "image_id": 0, "bbox": [185.0, 298.0, 95.0, 106.0], "segmentation": {"size": [416, 416], "counts": "_S]2e0X<8J5K4L4L2N3M2N3M2N3N1N3M2N1O2M3M2N3N2M3M2M4N2M3M3M2N3O000O100000000000000000000000000000000001O1O010O001O1O2N001O1O1O1O0O2O001N1O2O1N2M3N2M3N2N3L4L4M2M5J4M4J6F`0Dbbj1"}, "iscrowd": 0, "area": 6365.0, "category_name": "tire", "score": 0.9494025707244873}, {"id": 2, "image_id": 0, "bbox": [263.0, 339.0, 136.0, 77.0], "segmentation": {"size": [416, 416], "counts": "YjZ35k<NfCNh;4WDNc;k0K4L4L4L4J6M3M3O1BXNdEh1\\:YNZEN003i1c:YNZE10L1j1e:XN[E40d1e:XN[EOO03i1c:XNdEh1k:O0000O10000DVN\\E1Oi1e:VNYE42f1d:WNZE31g1d:`NZE`1f:`NZE`1e:UN[E:1`1g:VNYE42f1R;OO11OAXNgEg1X:[NgEe1Y:ZNhEf1X:YNhEh1X:XNhEh1X:XNhEh1X:YNgEg1Z:XNfEh1i:000000000O1001OO1000000000000000000\\OWNbE0:i1T:WNaE1;h1T:WNaE1;h1Y:VNhEj1X:VNhEj1X:VNhEj1X:WNgEi1Y:WNgEi1h:000AVNhEj1g:000000000N2001OLVNSEi1l:XNTEh1l:XNTEh1m:WNSEi1n:VNREj1m:WNSEi1m:WNSEi1l:XNTEh1R;000001O1OO1O10000KZNREd1n:XNXEf1h:[NWEe1h:]NREN0g1n:800O100001O001O00001O1O2N1O001O1O1O003YNfDb1^;N005K6J1O2nNUDk0k;TOWDk0P<UOnCf0V<03M9G7I2NST8"}, "iscrowd": 0, "area": 7370.0, "category_name": "tire", "score": 0.8820134401321411}, {"id": 3, "image_id": 0, "bbox": [322.0, 259.0, 93.0, 79.0], "segmentation": {"size": [416, 416], "counts": "[fT4160N9o;e0Mh0XO3N1N2O2N1N2O1O1O1O1O001O00001O010O00001O001O1O001O1O1O1O001O1O0O2O1O1O0B]MVF02f2l9[MRFg2h9=N100O1O10O101N101N0O2O1O3M1O1O0O10:E3M2N3N0N3O1N2N2N3M2N3N2M3M3M3M3M5K2N5K2O2L4M4J:GWT2"}, "iscrowd": 0, "area": 5998.0, "category_name": "tire", "score": 0.9200950860977173}, {"id": 4, "image_id": 0, "bbox": [359.0, 184.0, 56.0, 72.0], "segmentation": {"size": [416, 416], "counts": "Woh4>Z<;EYOTDk0d;=L4N2N2M3N1O2N2N2N101O001O001O001O00001O000000001O01O0000001O00001O000000iI"}, "iscrowd": 0, "area": 2350.0, "category_name": "tire", "score": 0.9254411458969116}, {"id": 5, "image_id": 0, "bbox": [320.0, 10.0, 95.0, 85.0], "segmentation": {"size": [416, 416], "counts": "j[Y46j<12NO1VCLg<90M21M01O103MN2jNM_E1\\::P16J4M3M2M3N2N3M2O1N2O1O1N2O001O1O001O0O2O1O001O1N10001O00001O000000000000000001O00001O000O101O0O2N101N1O2N2N2N2M3M4M3K4M5K5J5Io;"}, "iscrowd": 0, "area": 3041.0, "category_name": "tire", "score": 0.885178804397583}, {"id": 6, "image_id": 0, "bbox": [319.0, 88.0, 57.0, 40.0], "segmentation": {"size": [416, 416], "counts": "RhU47g<6J;F3M1O1O2N100O1000000O101O000O10000O10000000000000000000O2O00000O101O0O2N2N2N4M4K4K4M3Jla`0"}, "iscrowd": 0, "area": 1398.0, "category_name": "tire", "score": 0.9124473929405212}, {"id": 7, "image_id": 0, "bbox": [366.0, 83.0, 49.0, 57.0], "segmentation": {"size": [416, 416], "counts": "hYk46c<<I8I4J5L4M2M3M3M201N2N3N1N1O2N1O2OJoD]NP;d1PE]No:c1QE]Nn:b1TE]Nm:c1TE[Nm:e1SE[Nl:f1TEZNk:g1UEYNk:h1SEYNm:f1UEYNk:a1[E^Nf:b1ZE^Nf:b1ZE^Ne:b1\\E]Ne:d1ZE\\Nf:d1ZE\\No7"}, "iscrowd": 0, "area": 1720.0, "category_name": "tire", "score": 0.7662944793701172}, {"id": 8, "image_id": 0, "bbox": [125.0, 225.0, 98.0, 94.0], "segmentation": {"size": [416, 416], "counts": "^ag11o<0K1YCOg<140I8ZCGa<>M2N2N2L4M3L5L3N2N3M3L3M4I7K4L5N2N101O1O1O001CiMoEY2o9jMnEX2m9cMoE45]2g9`MSF46]2f9gMYFX2h9hMXFX2h9hMWFY2i9gMWFY2j9gMRFG1b2o9dMTF\\2n9aMTF^2m9`MTFa2U:O0101O0000001O0O1001O00001O0O1O2N101N101O1M3O1M3N2M3N2N2M3L5M2M3M3M3M6H9A`0Bg\\a2"}, "iscrowd": 0, "area": 4791.0, "category_name": "tire", "score": 0.914425790309906}, {"id": 9, "image_id": 0, "bbox": [56.0, 302.0, 73.0, 96.0], "segmentation": {"size": [416, 416], "counts": "S[j0;c<6K2M4M2M4M6I5K7J5J4M3L6J9WEhMZ:a2N1N2O1O00101N2M2O1M2O2N2N3N1N2O1N1O2M4M2N2N2O1O1O002O0000O100O100N2O1O1O1O1O101N1O100O100O1O100O1M3dM[FE2@N31Lk:7enc3"}, "iscrowd": 0, "area": 6046.0, "category_name": "tire", "score": 0.9242671728134155}, {"id": 10, "image_id": 0, "bbox": [1.0, 152.0, 75.0, 88.0], "segmentation": {"size": [416, 416], "counts": "Y5V2i:1N200001ON200O100O10000O2O0O100O100O10000000O1001N100000O1001O00000001O00000000001N100O10001N1O101N1N3O001N2O1O2M101N2N2N2M4Ln0_N[]^4"}, "iscrowd": 0, "area": 4812.0, "category_name": "tire", "score": 0.9340891242027283}, {"id": 11, "image_id": 0, "bbox": [41.0, 86.0, 54.0, 77.0], "segmentation": {"size": [416, 416], "counts": "X\\`06g<a0]O7J5L3L4L5L3N2N3N1O2N1O1N3N1O3N001O1O1000O1O1O000O2O000O2O0O3M3M3M3N3L4M2M2N8G200O101N1O8H6I6IbfT4"}, "iscrowd": 0, "area": 2399.0, "category_name": "tire", "score": 0.85044264793396}, {"id": 12, "image_id": 0, "bbox": [1.0, 66.0, 48.0, 103.0], "segmentation": {"size": [416, 416], "counts": "n2R2o:N1O2O0O4ML4N22L10O2NSNQEl1P;2O1000O01O010N2O10O0ON41N10O010O00100ONVEoMk:Q211O01O00100O1O2L3N2O2L3M4K4N3H8L4N2M3M3M3M4L4K\\Ub4"}, "iscrowd": 0, "area": 3156.0, "category_name": "tire", "score": 0.9075095653533936}, {"id": 13, "image_id": 0, "bbox": [54.0, 160.0, 69.0, 79.0], "segmentation": {"size": [416, 416], "counts": "UXl01\\<j0F3K5O2nNmNRFW1k9TOiEn0W:ZO]Ek0b:k0N100O10000O011O0001O001O1O010O1O00001O1O001O0AZEcNg:[1^EbNe:W1`EhN`:U1dEjN]:T1dElN\\:Q1hEnNY:l0REPOh04V:k0nETOS:i0PFUOQ:g0V1O1N2M3N2N3K4M3Oalh3"}, "iscrowd": 0, "area": 2609.0, "category_name": "tire", "score": 0.8865697383880615}, {"id": 14, "image_id": 0, "bbox": [1.0, 255.0, 49.0, 94.0], "segmentation": {"size": [416, 416], "counts": "i8P2P;0O1O100O1O101O0O10O01O2O000O10000O010000000000O10000O100O2O0O101M3O1NNTNREk1R;O2M5XNkD3M>04g<^OlPh4"}, "iscrowd": 0, "area": 2733.0, "category_name": "tire", "score": 0.8522654175758362}, {"id": 15, "image_id": 0, "bbox": [2.0, 354.0, 69.0, 62.0], "segmentation": {"size": [416, 416], "counts": "`;`1];3O10000O10000O10000000000O100O1000000O1O11O0000000000000000000000O10000O100000000001O1O1O001O001O1O001O001O001O1O001O1O2N1O2N2K7I8H:Cno\\4"}, "iscrowd": 0, "area": 3574.0, "category_name": "tire", "score": 0.9336920976638794}, {"id": 16, "image_id": 0, "bbox": [122.0, 296.0, 45.0, 115.0], "segmentation": {"size": [416, 416], "counts": "Y[d1`0V;0oDJ3i0R:e1M4L2O1N2O001RFPMj9T3O00O10000O100O100O100O101N1N3@`0M3M3M3N2M3N1D=N2N2O002L4K:ARkT3"}, "iscrowd": 0, "area": 3027.0, "category_name": "net", "score": 0.9204119443893433}, {"id": 17, "image_id": 0, "bbox": [199.0, 169.0, 48.0, 70.0], "segmentation": {"size": [416, 416], "counts": "lb\\23l<2N1O1O2O0O2O3L100dCCU<=61N4eC_OS<b0kC@T<f0O100O1O1_O@bDa0^;`03M4L2N1O2N0000000000O1O1O100O1N2N2O1VOiNWEO=Z1\\:QO^EP1b:SOYEo0g:e0001O3M3M3M2N4L:F=B4M001N2M]eU2"}, "iscrowd": 0, "area": 1964.0, "category_name": "net", "score": 0.7700099349021912}]}