{"images": [{"id": 0, "file_name": "images/uwg_g-68_jpg.rf.5ca1534efcbb418333627dc103ea35a0.jpg", "width": 416, "height": 416}], "annotations": [{"id": 0, "image_id": 0, "bbox": [69.0, 50.0, 305.0, 334.0], "segmentation": {"size": [416, 416], "counts": "hVc0210g<9J4N4K4N1O0jCYOS<k0N3N3J4eHlNaK31Lm61RIS1l3IQ3SOSIU1e3OS3:aL0^31ZL9c3HYL=_3J\\L;b3GYLd0\\3@QJSN\\2f2]3\\O_Lh0`3YO[Lm0b3UOWLR1f3QOULU1DcLg2\\2_MU1I`Lf2]2XM\\1S4gNgKa1T4dNcKd1Z4_N]Kj1a4YNXKm1e4TNWKS2e4nMWKV2h4S3M2O0[KgG\\11gNOl2\\8bMeG61[OONOl2\\8eMgG4O]O2f2\\8gMdGILM0K023O1g2]8fMcG1NC000g2OWM`87gGJH<1G0M2a2MaMY9MhF4O03N0ONa22_M[90fF00O44HM0f10]N1N2Oe:a1XE^N80h:d1:1hD[N20k:e1SE[N20k:d1TE\\N10k:d1;00O1LeDaN];^13M3000^DeN_;[1aDeN_;^100000M`DfN`;Z1aDeN_;^10000000000000001OO1000000001OO100O11O00000000O10000001`DbNa01IOP:^1U100O1001O0000O100O100001ZEdNf9\\1o00000O1OVEgN[ON_:\\1TFgN\\ON`:\\1SFfN]OO_:\\1aEcN?OW:^1YEdN`0NW:]1ZEdN?0W:]1h00\\EbNf9^1_EdNe00k9[1P1O1N20\\DfNb;]1O8H1O00001O001O00000000001O7I7I1O0[EiMa:\\2OO1O11O1O0000000ZOdMhF]2@bMb91nF]2_OcMc90nF^2_OaMd90mF_2_OaMY:c200[O]MmFc2R9^MnFc2Q9]MoFc2Q9]MoFc2g90000001O1ZOZMPGe2f9O10000003M00O\\OZMPGg2d91O001N1\\OVMRGj2m8WMSGj2l8VMTGj2m8UMSGk2b90O2YOSMWGm2h8TMXGl2c8SMlF2a0l2f8TMYGn2h8PMYGP3[91O0O2@nLQGR3n8nLQGV3[910O03L2O2O0N2N3N2N1MZLjFg3W91K5N2O2M2M3O00oKXGk3f8RLZGS4b87N201N11O0lKbGf3^8>O2O1K^KiGc4[8O0cKdGO2o3Z8XLfGh3Y8`00001O11N3NL_KgGc4W87L6I14L3NO0NUKoGk4P84O00O4M01OUKnGh4R8302NN2O2VKPHb4W80O0O3L3O02WKnGb4R8^KnGb4X8O10N4H55WKiGa4\\8OKaKhG`4X8402iGYKQ8Q5NL01O2N1O4IkJ[HW5c7iJ]HY5a7gJ_H[5_7dJbH]5]7cJcH^5_74L1O00010O005K1O1kHVJQ7m5JSJZIk5g6UJYIl5f6TJZIl5m6003M2N1O2N1O1O1O1O2N101N4L2N2dI]IW6g6lIXIm5o60OPJSI00j5S7WJlHf5[7L3M4LO1O11dJ`HV5a7hJaHW5a7jJ\\HV5g7000DjJhH\\5X7dJhH\\5_7cJaHW5a7jJ\\HV5e7iJ\\HU5k7kJUHa00i3i7k0BnJeHR5OPKo7LSH4OM3Q4LRLh8j3XGVLj8e3VGWL03P9`3UG\\LL0R9e0nFR2OYM80k8d3oF`LT9MmF1O1O1O^10cN0c00[O21U:LnE0O1O2M1018MIf0OZO31P;OoD15?JFOIP<1RD01O11NN\\j="}, "iscrowd": 0, "area": 93057.0, "category_name": "net", "score": 0.9271023869514465}]}