{"images": [{"id": 0, "file_name": "images/uwg_g-13__flipv_jpg.rf.0e59a9b75e8e33edb05884c00621a589.jpg", "width": 416, "height": 416}], "annotations": [{"id": 0, "image_id": 0, "bbox": [65.0, 2.0, 315.0, 404.0], "segmentation": {"size": [416, 416], "counts": "\\Pc061Oc<`0G3mC_O`;Q106J1J7M3N2L3N2O2K3J7O1N2J7L3N3B>H8H7B>M4I6I6GZKRHd4OcKj7m4O0I7M4XLbJM`5LgJJc54bJcLCQ3l5YNUJfNO00i1>VNEm2l5iMUKl0mN`N3N:4C0OT2o5\\N\\K:eN@1D11j0Q2T5\\NcK9_NANF4002i0o1U5[NcLLbMIJ7OH`02Eh1T6_N]LMbM<4DI`1U6ZNfI6g2OeM:0GI]1^6_NUL2bMLI<9JIZ1`6cNWLMZM0K219;KIV1_6jNcLJkL:<KGT1d6kNdLNbLNd05BQ1h6mNcLMRMd1]6^NVM_1W7SOdD6\\;GhD5c:]OlE=C4c:]O\\EO76DMOM9b0\\;B\\DO?7Y;IWD1XZ4LfRL0oc11l[NOYC1g<OYC1_i0OjVO0V<0iC1c<000DOhC2d<OQ=OoB100O11OBO?0ZW10j[N1[<O`01ZCO]<1cCOc<1VC1f<N[C1O1f<N[C1O2e<N[C6d<8BAPD`0o;AQD?X<00000000000O1O1000000001OO10000O1N]OgCc0Y<]OgCc0\\<O0^OdC`0[<3J]OnCd0[<L1OO11O0000O1A@UD6M:T<AkC12>S<FlC:n;@RD007O9U<FlC:n;@TD7N9m;`000[OQOYEo0f:RO[EN^O301O<W;C_EO\\O1O=R;IaEJ\\O11<Q;M_EL@7P;0^EIB7k:ATEc0=ED7j:;aE\\OE9i:7XE]O8MF12>g:8YE^O51J9f:;ZE]O4OL9f:h0]EiNL21=d:j0bEiNJ=c:l0bEgNK=b:G_El04nNL?\\:LdEh03lNO?Y:NeEk0OiN1?S:5mEc04XOj9f1WFYNe9m1XFTNg9n1YFQNf9S2WFmMh9f2M3OF[F[Md9e2]F[Mb9R3OF^FXMa9b2_FeM`9g1`FnN^9T1bFZN1A1NN1Z9Z2fFUN2A8MQ9P3hFTMNL22W9o2gF_MX9b2hFSMO4X9]3O1O1O^OkF[MT9f2mFYMS9^1lFYO2XOQ9`1mFXO2XOP9j2PGVMP9^1nF]O1VOP9]1ZGFe8<ZGDf8<ZGQOG@l8b1]GoMJa0O_O0>i8e1]GmMLZ1f8k0]GlMLY1f8Q1YG]NNNi8g1WG[N0\\OO;j8o1VGZN2[ON<i8o1XGdM5;LFN<h8o1YGdM;6FJO=g8U2dG^N[8c1\\GZMOX1e8^1\\GfNd8[1[GeNd8\\1[G^MOo0f8d1ZGZM3R1c8j1\\GVNd8j1\\GVNd8i1^GVNb8m1ZGTNf8S30000000000001O00000000000000000000000000000000002N001O0000000000001O00O10000001O0iNWGWNi8i1VGXNj8o20000001O00O20N10000000O10dNVGbNj8V1aGgMO=_8n1aGeM0=_8n1aGdM1>_8m1`GeM1>_8m1SHSNm7n1RHRNo7P2oG^MVO=j8W2THhMk7Y2SHiMn7U2THjMm7U2SHkMl7V2THjMk7Z2SHeMm7^2[GVM=<X8^2PHbMP8`2oG_Mo7d2PH\\Mo7e2RHZMl7h2THXMh7Q3RHPMl7R3THnLk7S3dGcL`05k7`3UH_Lk7a3UH_Lj7b3VH^Li7f3THZLk7h3fGUL3ON5X8g3hGVL0O01OMX8o3hGTL1O10NNW8V4kGkK15Q8Q4oGjKONO4R8U4oGjKN0172F00^7`4aHbK1h0U7g3jHaK1m0o6c3oHbK0l0P7j3oHXLP7m4N3N3K2O2N1O2N2N4L1N3N2M3N3M3M2N5K2N101WNmHXLIU1Z7b2ZIZL_Od0X7k2jITMV6i2RJRMP6j2SJTMP6o1jHkMZ16m5d1VKXNl44_HB09L;P3Dg9KQRb0"}, "iscrowd": 0, "area": 96558.0, "category_name": "net", "score": 0.9665432572364807}]}