{"images": [{"id": 0, "file_name": "images/uwg_g-201_jpg.rf.b7b342a90dc370b662c8b2af9cba3ac2.jpg", "width": 416, "height": 416}], "annotations": [{"id": 0, "image_id": 0, "bbox": [125.0, 70.0, 242.0, 295.0], "segmentation": {"size": [416, 416], "counts": "d_]12g<1\\C8V<FkCb0_:B^ENm01UOO02N?_:H]FITOO2f0\\:C^FHTOO2f0\\:C^FGUO010O108]:0dEFc03[OO1O0108\\:2dEE?b0A_OO9[:?gE2NVO09X:d1hESN09\\4D]1P2WJSN09X:\\1jEYN02O8[5E\\Oo0YKBOA2O10O:l3E]L0b00k3i1ZKXN0109l3D]L2a00l3h1ZKYNO019W5I^O`1YK^N21NO29T4DjL6g3_1YK^N21NO29l3DVL2O0f04n3_1YK^N20O019l3DVL3NOg05XOI01[4k1gKVNOa0l3_OTL10Og0=b3^1gKUN0a0l3ARLO103M?b0e3[1jKVNO`0Z3]OVM0C;c0N[OL\\16o0c1dMUN01O9Q3CTM38OI9a0N[OKNMk03YONN:Y2k1eMmM09X3ChL2<2H8b0M\\ONOJa0OA50=W2f1fMlM18S4NdLL;LoN31=W2k1hMoMS4FmK1e03:OPO12<W2k1hMoMR4GnKO2N70I7m0NPO12=V2j1iMoMR43UL0g0GQO01>j1]O^Nl2g2UMnM?UO2k0LSO4h1BYNK1m2m2UMnM>VO3i0MTO3k0^OM4XONOk2P3SMoM>VO4h0NSO3k0]ON4XOo2R4WMlKG6OJ?n07UO[ON7l0G4T3l2nLUL?3@K?m08[OBJFe029R3g2UMYL933i0<TOZO0Gd03\\OLc0OBV3e3oLWLW1k07FgNIZ3f2_L^MMD5NW1k0nNTOm0a0U3`2fKdMa171]O^NH]4j3aKULa15`N>d1^O]N110[4l3\\McL7AUN3U3KYMm3[1XLQN0d6b3]IYLQ21nM033`6m2dIRMLO1Nj12RNO73`5LRKQ3^ORMLO1Nk11QNO92^5ORKP3ZOWMNK3Mk10RN090^51QKP3WOPM0=V2EPN1`5NSKm2XORM2;T2FoM1^6k2^IRM23M0Z2MlM2^6n2WLPM\\M1]6o2bLTMX2LeJ1d0k2XOWM[3MT20eJ1d0j2ZOWMd2NhM1C0^5OaKj2SOWM40M0P20nM510^6d2lIVMo11gM31NNN_6j2[LVMWM0M240NN_6j2`LZMSMNM0]5NbKj2T2WMPM1NO\\5OaKk2U2VMQMON1[5OaKl2_OWMENW21oM0T5NcKk2\\OUMD33Mi10aN2L0V6h2QJVMR21hM1U6h2dLYMVMOT5NcKj2Q2[MXMMn4NmJ0l0j2Q2VMoL2:0m4NmJ07000Kj2m2YMWMNm4OmJ0l0j2T2XMPMN01X50dKg2V2ZMTMOS5OcKg2W2[MmLN00Z50bKf2V2^MmLM[5OhKe2Q2_MmLLY51iKd2R2^M[2NaJOl0e2Z2[MQM1Q50dKd2g2[Mf11cKc2X8\\MhGe2W8[MiGe2g2\\Mf1OgJ01060Ke2P9\\MnF00O62Jd2l8[MRG21N0071Jd2k8cMSGI1O8OKe2j8cMRGJ1O2ON12f2j8ZMSG1100O10M33d2j8YMTG20O10O71`2k8XMTG20O01O:O\\2n8YMRG21O10N;0[2n8XMTG20O10O012Od2l8YMTG12N02N02O0g2k8XMTG110N20O2OLO2i2l8WMUG101O10O2N1i2i8WMTG30OO20O3M0j2j8VMTG3Og0Oo1W3YMb2OZJ1N20O2O1f2l2[MQM0o5MSJ30N9e2e2]MPM0i5MZJ1N21N1O1g2l2\\MPM0h5OXJ1012M1O1e2l2`MoL2`5JbJ9NJ2N9c2e2aMPM0a5KaJ?NK3[2P3\\MPM0`5O^Jm0OSO0d2R9\\MPG?1A8b2m8fMiFK2M1O1b2P9^MlF0O81K3N0O0b2Q9lMlFF2M1f2Q9oMnF[O1e2m8[MoFg01[O0M0f2P9[MPGf02ZO1e2m8[MQG108NI;1E[2R9eMnFM1:OH5MO4L[2R9iMnF30H5MNg2n8nMPG]O7g2i8RNRGR2n8nMRGR2n8nMVGn1j8lMoF_O73IY2P9UNQG_O3LLl2l8lMTG\\O5i2g8QNXGQ2d8QMXGo01QOOP3h8QNYGR2e8oM[GRO003^2a8aN[GRO1NOd2c8eN_G`1]8UMaG30R11g1]8c1O2OkKdGf00k1[8_MfGf0Ok1Z8`MhGd3V8\\LnGd3P8[LnGCNQ4T8\\LnGCNS4Q8[LQHBMV4o7SLRHI10MT4o7TLTHG0Y4k7kKSHM2O11LT4m7oKVHL002OLU4k7oKZHMM10X4h7jK[HMM10X4g7nKXHJ101W4e7PLXHJ2O0X4e7PLZHH10OY4e7jK\\HL0001OY4b7lK`HJ6OIZ4`7oKaHHO01ON[4]7SLdHCO110NX4Z7YLhH^ON22\\4X7TLgH_OO12\\4W7mKjHEO1N12[4W7oKoHFH02[4W7oKnHGIO1[4Y7oKmHGIO1Z4Y7RLgHDO0002Y4W7TLgHD0OO13X4W7TLhHCO0O21W4Y7ULgHI0I1Y4W7gKhH90N0JOY4W7gKkH8OFO40^4V7QLkHE2W4R7oKlHC162W4Q7VLlHD2W4Q7WLlHB3W4P7^LVIb3h6dKoHh06d3j6gLRIZ3m6nKRIC002OO0Oa4m6nKSIB002OO0Oa4l6oKTIA1O10Og4i6jKWI^O9OI1Le4h6^KYINO82F`0i4V6lKYI]O2NN0200l4b6oK^IWO0O0l4`6PL_IUO10Ol4_6PLaITO01Ol4_6PLbISO01Nm4^6WKdI;O^O92Fn4^6XKbIc04Z4Y6nKcIPO1T5Z6eKhIUO10MV5Y6fKiITO01NU5X6gKiIUO0Y5V6cKRJROFX5V6oJjI>;f4i5eKRJ`4n5`KTJ^4k5PKoI02AN_5Q6PKnI12T5o5gJnIH2<5R5I_Jn52VJ1NO2;4U5e5aJTJM03001=4S5f5dJUJL001=0BNa5l5cJWJK0035KM3MN:Ok4j5RKYJIO135KM2NO90H0l4i5YKXJI1116LL2OM92G0l4h5YKlJK]O01ON80I1k4g5UKWJ0f0OD0G9NI2k4g5UKXJOe01ZO12d5g5ZJZJOe0OB2G3ON1o4j5QKXJNe0OB2H01O010h4h5YKXJNd01A2HO3N010i4f5YKTKN[O2HO2O101j4c5XKWKM[O2H0001O9d4X5ZK^J4m0NXO:JM9_4S5YKdJ40Om0OYO2JO1OO1:c4R5ZKeJ9m0F\\O100I0<b4l4_KgJ80FN21O?070Oa4d4aKhJ7O11E81>ONc4b4fKiJNOM1L01O0n1b4Z3fKkJKON33h1_4Z3eKlJJ0O24LOj0LKc4b4\\KhJ80L2<ODd1`4e3^LgJQOe1a4e3cL[L]3e3bL\\L^3f3`KmJ;a1W4b3]KlJ>`1W4f3XKkJ2F:h1^4[62N1nMVKmKl4S61N2N101O0O2M3N2N102N1N102J5mM]JfLf5W3^JeLd5Y3_JeLd5W3cJcL^5\\3cJ_L]OgNS6h4bJ^Lc5a3^J^Lb5b3`J[Lb5d3^JXLXORO]6e4[J[Lf5d3ZJ[Li5c3WJYLP6n2XIjLi02^6h2RIoLa06e6d2nHSM>6g6AaHQ38XM`06n6@WHo2:\\Ma04R7^2bHZM<5W7[1]HgN8C7:Y7W1aJhNb5S1aJjNd5Q1_JnNd5n0^JROc5l0^JTOe5c0aJWOiL3n88`JEbL3l<Nki0OWW10^S="}, "iscrowd": 0, "area": 59655.0, "category_name": "net", "score": 0.798973798751831}]}