{"images": [{"id": 0, "file_name": "images/uwg_g-780__flipv_jpg.rf.a4505095ff14b94c75564d89c8b8c114.jpg", "width": 416, "height": 416}], "annotations": [{"id": 0, "image_id": 0, "bbox": [99.0, 47.0, 178.0, 347.0], "segmentation": {"size": [416, 416], "counts": "Z^Z1>\\<9I6K5L4ZF^Oh6f0hH0o64bHa0U7@aHo0X7`2M2M2N2N2O1N2N2M4M4M2N2I[JnHg5P77N101GPJ^IR6Y6nIeI12T6d61N4L2_OcISJ13^6a4aI]L1mN13`6a4_I_L0mN41^6W62VN\\ITMg6k2YIUMj6g2WIZMk6b2VI_Mk6_2VI`Mj6a2TI`Mm6`2RI_Mo6X4100WNRIZMMfNQ7n3UIYMMhNm6o3WIXMKkNn6n3UIXMNiNl6S4RIVM2fNl6U4QITM4gNk6l3RISL4Y1OhNj6k3bIYMEkNi6l3_IRLD7Og06ROh6P4^IZLDe0U7T3kHnK5\\1LfNl6Q4SImK5b1h6a2SImK5b1h6`2\\InLHWO3Ih6S4]IfLGZO206Mc6U4]IjLKTOR7R4SIjLKTOQ7S4RIkLMSOP7S4RIhL2ROl6X4QIhKN8OM=Ie6[4mHeK300102j7\\4UHaKk00[O0i6`4^I`KN?CBl6_4[ImKJ<j6h3\\IhLc6[3[IeLd6]3[I^KMN201a0d6T4\\I\\KNO9a0\\6X4ZIYK0N40Ma0e6_4jI]K_OBf6Q5lI]KW6c4kI[KT6g4oIWKo5b4ZIYKf06n5m3^IaLc0Bo5a3]IXL6e0=Bo5b3^IWL>?4GP6c3_ITL`0a03Gl5e3aIRL80Lc0>Gl5d3bIQLc03[O<d0Kk5f3ZJSLWO=c0Kk5d3\\JTLVO=e0Hi5c3cIWLn0<IJd5c3iJbLFIa5e3iJbLHF_5i3iJZLnNK[7n3fIQLd6l3XHXLR1Le6m3ZHVLZ5NQNo3R2RLlMP4S2RLkMn3U2SLjMo3kLlKU56oMl3jLnK30S57oMl3kLmKY59jMk3nLlKV5;kMj3oLlKS5<lMn3o1WLoMk3k1[LRNc3UMhKc4k0WN^3VMgKa4m0WN^3XMeK^4Q1WN\\3]M`K[4W1UN_3h1eLVN]3_1nL^NT3`1oLVNWNnMP5g3oLSN[3j1iLnM^3P2fLkM]3T2gL`MeMnNk5`0XJANf2_2SNb3EVJW2]2kMc3@iI96\\2e2^Mc3MbI87[2[9^M^F56^2]9^M\\F28_2^9^M[F27Z2j9eMWFX2m9fMSFY2W:30O0100O2O0N3O0O1M5M1N2L3L5010O001O1M201O1O0N3N2O1O1M4O0O2M3M6I:G4J6L2N5K3M3Ib0QOjC7fdm1"}, "iscrowd": 0, "area": 28194.0, "category_name": "pbag", "score": 0.9422343373298645}]}