{"images": [{"id": 0, "file_name": "images/uwg_g-1338_jpg.rf.a9f3774f92f4c610757ac4f21ce114db.jpg", "width": 416, "height": 416}], "annotations": [{"id": 0, "image_id": 0, "bbox": [276.0, 236.0, 52.0, 59.0], "segmentation": {"size": [416, 416], "counts": "R\\`3>_<6K4M3L4M2N2N2N101N2N101N101O0O101O0000000000O101O0O2O1O0O2O1O1N2O1N2N3L4M3M1O2N1N3N1O4KlZV1"}, "iscrowd": 0, "area": 1581.0, "category_name": "tire", "score": 0.9388893842697144}, {"id": 1, "image_id": 0, "bbox": [324.0, 166.0, 42.0, 35.0], "segmentation": {"size": [416, 416], "counts": "eUR47d<8L2N2N2N2N2O1N2O0O2O001O001O001O1O0000000000001O0001O000O2O001N1O2O1N101N2N3M2N2M4L\\[e0"}, "iscrowd": 0, "area": 1181.0, "category_name": "tire", "score": 0.9162452220916748}, {"id": 2, "image_id": 0, "bbox": [199.0, 133.0, 49.0, 41.0], "segmentation": {"size": [416, 416], "counts": "ncb26d<8L4K4N1O2N1O2N1O100O1O10000O10O10O100000O100O100O2O0O101N2N2O1N3M2N3M3L][W2"}, "iscrowd": 0, "area": 965.0, "category_name": "tire", "score": 0.9429112672805786}, {"id": 3, "image_id": 0, "bbox": [152.0, 115.0, 52.0, 52.0], "segmentation": {"size": [416, 416], "counts": "h`o16b<;J4M4L3N2N2N2N1O2N1O1O1O2O0000001O000000000000000000000000O1000001N2O1O1N2N2O2M2O2M2N3L3M3K6Icoe2"}, "iscrowd": 0, "area": 1660.0, "category_name": "tire", "score": 0.9443508386611938}, {"id": 4, "image_id": 0, "bbox": [41.0, 218.0, 39.0, 45.0], "segmentation": {"size": [416, 416], "counts": "^l`0434W<a0L2M3N2N2N1O2N100O101N1000000000000000O100O2O0O2O0O2O1N2N2N3N1N2M2O2M4L4L4KeXX4"}, "iscrowd": 0, "area": 1238.0, "category_name": "tire", "score": 0.945732831954956}, {"id": 5, "image_id": 0, "bbox": [48.0, 81.0, 46.0, 49.0], "segmentation": {"size": [416, 416], "counts": "oPf0:b<9I5L3M3M2N2O1N2O1O001N101O000001O000000001O001N2O0O1N3N1O1M4O7G7I5JkgT4"}, "iscrowd": 0, "area": 1131.0, "category_name": "tire", "score": 0.8988609910011292}]}