{"images": [{"id": 0, "file_name": "images/uwg_g-595__flipv_jpg.rf.7011618f9f89d1db80fe96977648a65e.jpg", "width": 416, "height": 416}], "annotations": [{"id": 0, "image_id": 0, "bbox": [249.0, 105.0, 121.0, 188.0], "segmentation": {"size": [416, 416], "counts": "jZW3>`<5K4L4M4L3L3M3N2N2N2O2PEjNQ:Z1bEVOX:l1[ObMaFa2[9cMbF`2Y9g0L4N2M5L:F3L3N1O1N2O1O001O2N1O2N2N6J3M7I3M4L3M1O01O0O2O1O1O1N3N2N1O2N2N2N1O1O1O001O1O1O1O1N2M3M3M3M3M3M3M2O2L4M3L4M3M3M3M4N100O10001O0O1O101N100O2N1O1O2N1N3N1O2M3N1O1O2M3N3L3N3L4L3M2N3M2L8I8G8H9GUYc0"}, "iscrowd": 0, "area": 13097.0, "category_name": "pbag", "score": 0.9804203510284424}]}