{"images": [{"id": 0, "file_name": "images/uwg_g-373__flipv_jpg.rf.843e8ea31f17abd367fc18e6d21b1b43.jpg", "width": 416, "height": 416}], "annotations": [{"id": 0, "image_id": 0, "bbox": [240.0, 111.0, 75.0, 208.0], "segmentation": {"size": [416, 416], "counts": "PTT34k<9H6J7H:F8H8H;F6H:F8H9F;E=B;E=B8H5L5K3G:H8L4M3O001O1O001O10O010O1O00010O00100O1O2N101N3M6J9G9H=B8H:F9H<C9G9H?@;E7J8G>B7I7I9F^V[1"}, "iscrowd": 0, "area": 8137.0, "category_name": "cellphone", "score": 0.966712236404419}, {"id": 1, "image_id": 0, "bbox": [205.0, 126.0, 57.0, 203.0], "segmentation": {"size": [416, 416], "counts": "Wmc234X1=PO@Gc9`3mMo1J5M3M2O1O3M010O2OO1O11O1O00000001O001O5SJoHa5`7G8gJTHP5V8H1O8H0aKbG12U4\\8jKiGU4b8mKWGm3i841000N2FnKbGU4g8N2N2N8H8H5K8H:E7J6I9I7H6J8H5K5K9F;E9G]en1"}, "iscrowd": 0, "area": 7492.0, "category_name": "cellphone", "score": 0.8451650738716125}, {"id": 2, "image_id": 0, "bbox": [169.0, 121.0, 70.0, 203.0], "segmentation": {"size": [416, 416], "counts": "^[U2:b<6H7K5I7K4L4K6I6H8J7J5M3K6I6K6I6G:K4N2J7J5M3L5I6LaNfGaNU8W3I8J5M4I6L4MiLiHl0Q7YOnHh0Q7e2O0O2M2M4O001O0O10O100O1O1N110O10000O101O001N3Na0_O8H7I6J6I:G7I6J7I8H6I7J:F7I6I7J8H8H7I6J9F8I7F_gR2"}, "iscrowd": 0, "area": 10340.0, "category_name": "cellphone", "score": 0.9187041521072388}]}