{"images": [{"id": 0, "file_name": "images/uwg_g-1219_jpg.rf.78e0374effc2c9e94e506a77d2858075.jpg", "width": 416, "height": 416}], "annotations": [{"id": 0, "image_id": 0, "bbox": [57.0, 111.0, 49.0, 70.0], "segmentation": {"size": [416, 416], "counts": "ikd021Og<:J7ZOEUDf0i;:M4J5L4L5M2M201N2O001O0001O1O1O010O001O00001N100000001N10001N100O2N101N2N2N101M4M2M3N3M2M4M3L4L5Kfcn3"}, "iscrowd": 0, "area": 2590.0, "category_name": "tire", "score": 0.9117294549942017}, {"id": 1, "image_id": 0, "bbox": [24.0, 206.0, 72.0, 99.0], "segmentation": {"size": [416, 416], "counts": "hP:51M000=0Cm;Q1]OSOjDT1S;>L5N1L4N3O01OO1KlM^ET2\\:lMdE10S2[:mMcE21R2[:kMfE3OR2c:kM]EU2c:kM]EU2Z:nMeE1OR2Z:>N2M300000000O0100000000000O01000000O1O1O100O1O100O1O1O1N11O10O1O1O2O1NL4001dMaEV2`:42M5L000N4L5L5I7I>C5K;E5K6HZUR4"}, "iscrowd": 0, "area": 5177.0, "category_name": "tire", "score": 0.9156292676925659}, {"id": 2, "image_id": 0, "bbox": [224.0, 227.0, 65.0, 88.0], "segmentation": {"size": [416, 416], "counts": "PSn2a0Y<;G7J5L3M3M4M3M3N2M2O1O1O1O1O1O1O001O001O001O001O0001O001O001O0O2N2O1O0O2O1O1O0O2O1O1N2O1N2N3M3M3M3L5K6I7Gind1"}, "iscrowd": 0, "area": 2984.0, "category_name": "tire", "score": 0.9367070198059082}, {"id": 3, "image_id": 0, "bbox": [183.0, 263.0, 69.0, 91.0], "segmentation": {"size": [416, 416], "counts": "U__23Z1b0d9_OPFR1i9oNlEN_O\\1b:fNmEd1P:\\NmEh1R:YNdEK1P2Z:[NbEi1^:<11O0O001O1O100O1O001O010O1O001O001O00001O0000000001O4L7H4M2N2M2O2M3N2M3M3M2N3L3N2N3M2M4L6H<DWaS2"}, "iscrowd": 0, "area": 3866.0, "category_name": "tire", "score": 0.9313089847564697}, {"id": 4, "image_id": 0, "bbox": [245.0, 120.0, 48.0, 70.0], "segmentation": {"size": [416, 416], "counts": "g^R3>]<7L5J5L4M2N3M2N2O1N2N1O1O100O1O101O001N101O001O01O01O0010O10OO101O001O001N2M3M3N4K3N3M2N3L8VOhC>bjc1"}, "iscrowd": 0, "area": 2174.0, "category_name": "tire", "score": 0.9182603359222412}, {"id": 5, "image_id": 0, "bbox": [254.0, 45.0, 49.0, 49.0], "segmentation": {"size": [416, 416], "counts": "jQX3219Z<FhCb0V<5N1O2OYOnCa0Q<^OoCe0P<ZOPDg0o;510O2O1N21N0000O0O2JnN[DS1i;0N30O1O1O00001O1O4L1OJ5100POTDk0S<N1N6JM^OjCa0W<40\\OhC`0_<M5L0G[C4l<L]^_1"}, "iscrowd": 0, "area": 1205.0, "category_name": "tire", "score": 0.8128665089607239}, {"id": 6, "image_id": 0, "bbox": [45.0, 36.0, 93.0, 104.0], "segmentation": {"size": [416, 416], "counts": "^ba03k<;GC_C9b;I^EN[O0R;4aEL\\O2Q;:kDONE01O1h:_1WE_N21O2b:d1[E[N30O2a:i1_EUN01b:e1]EXN:1Z:h1hEWNY:i1>010O3lDUNo:k130O1N2O1N2O3N1O0O1O3M101N1O100O1O100000001O0000000O2O001O1O001O0010O010O2N001O2N3M2N5K1OFjMlET2S:PNgELNS2k:M2O000O4KO20KnDZNW;0lD_1W;aNkD]1T;eNkD]1[;O00Cb0MJ9K2N1N4_NeD1M3Oj0_;`0I79G1O1hN]DS1i;N2NJ71hNZD51e0l;UO^Dd0P<AeC6_<FeC6e<K3OVXa3"}, "iscrowd": 0, "area": 5721.0, "category_name": "tire", "score": 0.8142160177230835}]}