{"images": [{"id": 0, "file_name": "images/uwg_g-227_jpg.rf.427a0d53a0531312e71d2b8018b68b58.jpg", "width": 416, "height": 416}], "annotations": [{"id": 0, "image_id": 0, "bbox": [3.0, 2.0, 412.0, 413.0], "segmentation": {"size": [416, 416], "counts": "1^<a0aaY2@QVhN0oXnN0^C0T<0>2SCN21`<5]CKe<80O100O1O1O10000000000O1000000000000O11O00O100O1O10000O100000Pj00PVO0PQ20oY70PeF1M3O1N2O2N2M3M2N4L2M3O1N2M3L4N2L4L4O2N1O1O1OHeDmNX;_1L3O1N3N1LSNUET1g0mNQ:Z1YEeN9OK4]:o1aEQNX:k0fE[O7NJH:4h9Q1nEmN0N:1:4Y9Z1SFdNO1O02M1074c9P2ZFlM35a9o1VFlM300006e9b1YFYNO0g05o8d1\\FVNj07g8e1`FSNj07e8i1^FRN3N61J0N8_9n1aFkM43LNO8k7O[IW2kNcMN127h7EVH8S1[2oN`MN11:e7B]H4MLm0i2UOZMO00<l7CnHk2[OSMM1O>k7BkHf2ZO\\M5NK00?g7DXHK?1Bh2N]M0M1j0h7SOWH30Nc0R3@YMM7a7]OdH0L1O0c0S3@oLO10>_7_ObH85GLX3OlLNO2`0]7_OcHNM21O60LT3NlL23ON1a0^7]OfH0:^2@RN1Ae0b0i6^OdH1ON2f2KkM1A5NK22O0c0\\7]OfH0N_3NbL5:J:X7ZO\\Io27RMUOO223c0R7[OPI21n2IRM12OO70JO2e0R7ZOlH6OP4OmK2e0S7WOSI2HS40lK1OO13h0W7c3gHhKON3h0Q7g3lHhLR7d4GXJWI`40`K1l0c6n3\\IVK1m0_6i3`IZK001o0Y6j3hIRKO13O0S1m5X4oIiJ0W1j5j5CkNcJUJ0S1V5o4jJnI0T1P5S5PKiI1S1e4^5ZK[I003W1f2iNZN^7nNaH3W1R2QOkMH09OJ014L3X9g0hFVO1h0j0VOXOOM8n7JZIa0ZOO_O@l0OVOON0OOl71THO14X1<C@XO3e9NcG>FDX:9fEL\\8ImF1V16EK`:MaE2i8"}, "iscrowd": 0, "area": 162616.0, "category_name": "net", "score": 0.9810749292373657}]}