{"images": [{"id": 0, "file_name": "images/uwg_g-1275__fliph_jpg.rf.ab945e417da650046e8183939470b69a.jpg", "width": 416, "height": 416}], "annotations": [{"id": 0, "image_id": 0, "bbox": [127.0, 224.0, 63.0, 67.0], "segmentation": {"size": [416, 416], "counts": "ekc12[<j0F6J5K5K5K4N3M2M3N2N2O0N2O2N1O1O10000O10O0100000O1000O0100O10O01O10O01O1O1O1O1O2M2O1O2N1M5M2L4L5M;iNPDg0_jP3"}, "iscrowd": 0, "area": 3100.0, "category_name": "tire", "score": 0.8638664484024048}, {"id": 1, "image_id": 0, "bbox": [262.0, 218.0, 52.0, 63.0], "segmentation": {"size": [416, 416], "counts": "S^Y33g<7O1iCGe;Q1I2M4M2L3O1O2N2N2N2N1O001O000000001O00000000O100000003M1N5L7I3L3N2M4M1VOnCc0Z<N3L;Am^^1"}, "iscrowd": 0, "area": 1845.0, "category_name": "tire", "score": 0.8949056267738342}, {"id": 2, "image_id": 0, "bbox": [199.0, 254.0, 70.0, 99.0], "segmentation": {"size": [416, 416], "counts": "bei2i0S<7K3M4K5M2N3M2N3M2N2O2M2XOSN[Fm1[:2M3O0O1O1O100O2O00O010000N21O00001O1O00MjM\\EV2h:N1OMnMYER2k:01NMPNWEP2n:SNSEd1o:ZNREe1o:[NQEd1P;\\NPEb1Y;N1OJ_NoD`1Z;M3N3L5K6J5I9Eaoh1"}, "iscrowd": 0, "area": 3181.0, "category_name": "tire", "score": 0.9056515097618103}, {"id": 3, "image_id": 0, "bbox": [171.0, 275.0, 56.0, 70.0], "segmentation": {"size": [416, 416], "counts": "o`R2142U<i0G7J5M3L5L3M3M2N2O1O1N101O001N10001N10000O10001O0O10000000O10001O000O100O1O2O0O1O2N101N1O2M3N1N3M4K4M5L3L4J=B^g_2"}, "iscrowd": 0, "area": 3113.0, "category_name": "tire", "score": 0.8683902025222778}, {"id": 4, "image_id": 0, "bbox": [267.0, 344.0, 54.0, 70.0], "segmentation": {"size": [416, 416], "counts": "n[X32f<j0\\O7G9J3L4M1N2N2O1N2O1O1O1O100O100O100O100O1O100O100O100000000001O1O1O001O001O00001O000000001O1O001O3M3M2N4L2N2N5\\Od0]OaeX1"}, "iscrowd": 0, "area": 3449.0, "category_name": "tire", "score": 0.9456325769424438}, {"id": 5, "image_id": 0, "bbox": [274.0, 275.0, 52.0, 63.0], "segmentation": {"size": [416, 416], "counts": "XP`35>8_;h0L3N3M3M2N2N2O1N2O0O2N10001O010O00000001O001O1O0O2O1N2O1O1N2N3M2M3N4L3L7I4L3M3L\\ZX1"}, "iscrowd": 0, "area": 1923.0, "category_name": "tire", "score": 0.905337929725647}]}