{"images": [{"id": 0, "file_name": "images/uwg_g-1104__flipv_jpg.rf.e94fef049d457312bb155db55a4f57db.jpg", "width": 416, "height": 416}], "annotations": [{"id": 0, "image_id": 0, "bbox": [4.0, 53.0, 310.0, 193.0], "segmentation": {"size": [416, 416], "counts": "fV42n<OP`23f_M<[NA`Fa0_9@_Fa0a9^O^Fh0j:5J4eNoNmE02S1o9oNnEN1V1P:lNoEN1W1o9kNPFONY1n8fN]G3ZOO=ONZ1g8gNhG1VOO<0NZ1i8dNhG1ROO32<0N[1P:eNSFOM[1Q:gNQFM0[1n9iNRFMN[1Q:gNQFNOZ1Q:gNPFN1Z1o9gNQFO0Z1b:fN^EZ1S;1]LgN^KY1X4eNcH2U3Y1c4gN]KV1`4jNSH1]3T1a4kNRH1m2M`MV1b7lNQH2\\3Q1c4oNPH12KU3U1j4ZOVKc0n4POlG89FJ1^2a0_MJ\\8:dG^OO0[2=mMCW8o0kI^OPNBU8S1aGkNT10I`0R8n0UGaN0005L5k08S8S1RG_N2?N^Og0a0W8P2RGbMd0=[8X2VGXM6`0c8[2SGWM:>c8a2\\G`Md8a2\\G^Me8a2\\G^Mc8c2]G^Mb8b2^G^M`8d2`G\\M`8d2`G\\M`8d2`G\\M_8f2`GZM`8_2VGTM;=_8_2WGSM:>_8e2bGZM^8f2bGZM_8e2aG\\M]8f2bGZM^8f2bGYM_8f2bG[M]8e2cG[M]8f2cGjLE;h8j2dGkLD;h8j2dGkLD;h8k2cGjLE;h8j2dGkLD;h8j2cGlLE:g8k2eGiLF;e8m2kGhL^O7g8o2lGjL]O7f8P3eGkLE2O3g8Q3dGjLE<g8c2ZGRM;?[8_2ZGRM;6EMg8j2YGSM;OD231e8k2YGSM;5GMe8j2ZGTM:5FNf8i2ZGTM8a0^8[2ZGTM8a0^8[2ZGTM8b0^8[2XGSM:c0^8^2bGbM_8]2`GdM`8W2WGUM:c0_8X2WGUM:d0^8V2YGVM9d0^8W2XGUM:c0_8X2WGTM;d0^8W2XGUM:d0^8X2WGTM;d0\\8^2dGcM[8]2eGcMZ8^2fGbMY8_2gG`MY8a2gG_MY8a2gG_MX8b2hG_MW8a2iG_MW8]2^GnL;e0V8^2_GmL;e0U8c2kG]MT8d2kG\\MV8d2jG\\MV8d2jG]MU8c2kG]MU8_2aGjL;g0S8c2nG[MS8e2mGZMS8d2aGhL;e0T8f2lGZMS8g2mGZMR8f2nGZMQ8g2oGYMP8h2QHWMo7i2QHWMo7i2QHWMo7i2QHXMn7h2RHXMo7d2eGfL<f0P8f2PHZMP8f2PHZMQ8e2oG[MR8d2nG\\MR8YObGX3>^MR8b2nG^MS8a2mG_MU8`2jG\\M[8c2fG[M]8`2fG^M_OBk8P3VGPM<g0Y8X2jGhMV8X2jGTMB=e8^2hGWMA>f8Z2iGXMA?e8X2kGYM@`0d8X2jGPNV8P2jGQNU8n1lGSNS8n1lGSNS8m1`GSM9R1U8l1nGTNR8l1nGUNQ8k1PHTNP8l1PHTNP8l1PHTNo7m1PHUNo7k1QHUNo7k1QHUNm7m1SHSNk7o1UHRNj7m1WHSNh7o1WHRNf7P2ZHQNf7n1ZHRNe7o1[HQNc7Q2]HPNb7P2^HPNc7o1]HQNc7o1]HRNb7o1]HQNd7m1\\HUNc7k1\\HVNd7j1[HXNd7g1]HYNd7f1\\HZNd7g1[HZNd7e1]H[Nd7d1\\H\\Nd7e1]HYNd7f1[H\\Nd7c1]H]Nc7d1\\H\\Nd7d1\\H\\Nd7c1]H^Nb7c1]H]Nc7c1]HVMEl0n7m1^H^Nc7a1]H_Nd7a1\\H^Nf7`1SHRMN_1o7^1THSMM_1l7a1^H^Nb7b1]H_Nc7bNQHk2;dNd7`1]H_Nc7iNQH]2<jNc7eNRHK0f27ZMJ`1l7jNRH\\2<kNa7iNSH\\2<kNa7iNSH\\2<jNc7iNQH]2<jNc7iNRH\\2=jN`7jNTH[24^MN]1k7iNSH\\22`MO\\1n7fNPH_24\\MNa1o7cNoG`2:lNh7dNnG`2;lN]7_N^H5J`2;lN]7`N]H4M^29gMEj0g7nN^H3M^28hMEj0h7mN^H0JN3d29iMDe0h7PO]H00c28gMCf0h7oN_H0Ob27jMCe0i7nN^H10a26jMDf0Q8nNWH0H^2=mMCh0P8nNZH]23mMCh0P8nNYH^24lMCh0j7oNVH2OO3\\2:nMCf0l7nNUH2O04\\29nMCf0Q8nNSHO0_29nMCf0X8mNmG]2=kM_Ok0g7mNnH\\2NhM_Oo0e7mNoH[2NfM@R1^8V1nGVO[7eNTHL`0X20XO\\7fNeHP20ZO[7dNiHP2M[OV7bNXH4g0k1M_OT7bNXH4g0W1YOUOe0n0S7bNXH4h0MYO11d00YO30O9b0V1Q7nNnHC_O1O8OIe1]1P6nN[HCm00U1`1c5gNZHIZ3`1\\4gNgKY1Y4gNjHJY2_1n4fNiHKY2_1o4eNeK1bLR1i7WOgHCI1G6g1LZNS1i7iNVH0010N10T3`1e4hNVHH10T3`1e4nNSIBUO4NNi14XNQ1i7TOVHER11ROOf1`1P6aNVH40KU11oNOf1`1Q6jNUHF81H31L22O:h1T1T6fN]H5GG0:h1T1V6aNbH3^OL4005l1Z1R6bNnGO?8BJ141Kg1^1X6aNoG0><DJ0Kg1^1l6jN[GG35l1Z1f6kN`GJk1[1Q6aNRH06<LHj1[1e6lNbGIk1Y1c6cN[G97Kk15oMh0c8PO\\G96Ki14TNh0d8XObGJf16TNg0e8YO`GKg15TNg0e8]OZGJN2b1V1Y7hNZGOMJO5a1Z1m9O2eNaDR1a;lN`DT1`;lN`DT1`;mN_DS1a;8M1001O00000N2eN^DX1b;hN_Dm0N[Oc;HjDk0S9WOPIg0P7ZO`FN00^2c0k6MVI1i65jFZOU2`0l6AmFe04YOS2>k6a0\\I\\Of6;mF]Od22a6`0oF[Ob22`6c0nF[Om;\\1QDfNX;Z1hDfN4Nk:Y1c0MoDjN^:T1dElN\\:S1eEmN[:U1g0AXD\\OO79IR;d0eDHi;7XDHi;7WDDOKl;?UDE0Ll;>TDLl;g0TDlNg;S14L<VOkCM`<Ne\\]1"}, "iscrowd": 0, "area": 28639.0, "category_name": "pbottle", "score": 0.8391736745834351}]}