{"images": [{"id": 0, "file_name": "images/uwg_g-1253__fliph_jpg.rf.0611282167f7420d6a8bc4f5a8622fe1.jpg", "width": 416, "height": 416}], "annotations": [{"id": 0, "image_id": 0, "bbox": [9.0, 202.0, 99.0, 116.0], "segmentation": {"size": [416, 416], "counts": "c8R12POg;Z1I6JOgD`NV;^1hDcN30R;b1mDaNP;`1RE^Nl:b1PE\\NW;d1jD\\NU;e1kD[NS;g1mDYNR;h1nDXN:0Z:j1[EVN;0X:n1<OQESNn:k1REUN10l:n1TERNk:o1UEQNj:S2eEmMh9T2XFlMg9U2YFkMf9Q2jERN`0Me9Q2lERN?Md9R2mEQNd:P2\\EoMe:V2O1O2N100O1O10N1N3O010M\\EjMd:Y2O2O2_EbM[:_2eEaM[:_2eEaMZ:]2fEcM00Z:]2fEcM00Y:d200ONhE^MX:_260O1fE`MT:c2300MeEaM1OW:`26MbEdM^:_201bE_MZ:d20MfE`MZ:]2fEcM1OY:]27001_EcM]:`2000McEcM]:]2cEcM]:\\2dEdM\\:\\2dEdM\\:]2cEcM]:`200dE_MY:a2gE_MY:^2fEcM]:Z2cEeM11\\:Z2fEfMZ:`203NLeEaM1OW:]2hEdM1OZ:]2eEdM^:\\2bEdM4OU:b2hE^MX:f2gEZMV:e23MhE^MY:^2gEbM00Y:_2fEdM[:`210dE]MY:e21M2O2O001N2N1O2M3O1N2M3N2N2M3M3N2N3L3N3L4L4J7J6IlPj3"}, "iscrowd": 0, "area": 8279.0, "category_name": "tire", "score": 0.7256186604499817}, {"id": 1, "image_id": 0, "bbox": [61.0, 324.0, 77.0, 91.0], "segmentation": {"size": [416, 416], "counts": "ied0;_<g0\\O9G6K4L2N2M3N2O1N2O1O1O1O1O1N2O1O1O1O100O1O1O100O1O100O100O10000O100000000000000000000000000001O0000001O000000001O00001O1O1O2N1O1O1N3L3L4N2L5K4M4J6K`0]OfQe3"}, "iscrowd": 0, "area": 5543.0, "category_name": "tire", "score": 0.8598604798316956}, {"id": 2, "image_id": 0, "bbox": [132.0, 327.0, 104.0, 88.0], "segmentation": {"size": [416, 416], "counts": "`ce1:`<8MOfC@W<a0hC@S<k0K3L4M3O1O1M3N2M3O1M3M3M3N2N2O1N2O1N2O1N200O1N2O1O1N200O1O1O100O1O100O100O100O1O100O10000000000O10000000000000000000000001O0000001O001O001O1O1O1O1O1O2N1O1O1O1O1O1O1O2N1O2N1O2N1O1O3M2N3M4L4I9C>CW\\Z2"}, "iscrowd": 0, "area": 7170.0, "category_name": "tire", "score": 0.9335669279098511}, {"id": 3, "image_id": 0, "bbox": [107.0, 279.0, 67.0, 67.0], "segmentation": {"size": [416, 416], "counts": "b\\]1`0\\<8I5J6K4L4K5M3N2N2N2N2O1N101N101N2N100O10001O0O100000O10000000000000000000000O1N2N2N2O1O101O0O1O2N1O2O0O2N2M2O2N3M2N2N2M3M4L3K7IQWQ3"}, "iscrowd": 0, "area": 3593.0, "category_name": "tire", "score": 0.9192187190055847}, {"id": 4, "image_id": 0, "bbox": [181.0, 282.0, 76.0, 86.0], "segmentation": {"size": [416, 416], "counts": "bk[2=a<4L3N2M2N3N1O2O0O1O101N1O101N2N100O2O1N2O1O1O1N2O1O1N2O002N100O2N00102M1O2N3N001N3N1N2OO1O1O001O1N101O1N2N3_NQEl0T;jNSES1];01O0O201M3N4L4K4L5IjYR2"}, "iscrowd": 0, "area": 3083.0, "category_name": "tire", "score": 0.9343119859695435}, {"id": 5, "image_id": 0, "bbox": [285.0, 326.0, 65.0, 83.0], "segmentation": {"size": [416, 416], "counts": "YXa3:`<h0ZO7L3M2O2N2N2N2O04M0O0O25`D]Nn:0VEb1L]Nn:l1SESNn:3VEc1j:]NWEb1L[Nh:5[Ea1KZNl:2\\Eb1H`N1Ld:3dE^1HbN1Md:m1<[NPEX10aNZ;]1eDdN2NV;e113fDXNY;c1gD^NY;`1QO_NQF0F3?\\1[:aNiEj0\\OFj:BlEf0ZOIi:AmE[1V:dNgE\\1^OdNe:1nEX1\\OjNe:N[EO31MN14Og04XOM13Mb:0ZE0000W14iN00k:0XE?I63[O1Ol:4TEV1MgNO0010N1001e:3ZEM0o13PN^:6_E\\10jN3E]:i1`EWN430L]:i1hEZNKM^:h1d01kDWN61M1]:i1fEXNKO`:l1^EYN1Kb:Q2aEnM`:l1?0O1O1O2QEoMk:R22N1O20OO2N1O1O2N2N2N2N2N3L3M3KZDlNg;o09K4K5H9HYQj0"}, "iscrowd": 0, "area": 3874.0, "category_name": "tire", "score": 0.8484618663787842}, {"id": 6, "image_id": 0, "bbox": [154.0, 235.0, 72.0, 77.0], "segmentation": {"size": [416, 416], "counts": "YPn14i<4L4L4L3N3M2N2O1O1N3O0O2N2N2O1O1N2O1O2N1O1N3N2N2N2OO0O10000O2O00000001O01NhD_NT;`1jD`NY;_1fDaN[;_1eDaN\\;^14O1O001M3O1N2O1N1O3M2M4M2N2M1O5AbCNbjc2"}, "iscrowd": 0, "area": 2202.0, "category_name": "tire", "score": 0.908939003944397}, {"id": 7, "image_id": 0, "bbox": [31.0, 91.0, 55.0, 83.0], "segmentation": {"size": [416, 416], "counts": "\\a=8e<7I4N2M2O1O2N1O1O3N0O2N100O2O1N2N100O10000O100000O1O1O100000O1000O1O1O1O1O2M2O2M2O2N1N3N3M2M5K5IQbW4"}, "iscrowd": 0, "area": 1530.0, "category_name": "tire", "score": 0.9147860407829285}, {"id": 8, "image_id": 0, "bbox": [70.0, 138.0, 72.0, 111.0], "segmentation": {"size": [416, 416], "counts": "Sik03j<3N2\\CJ]<=N2O1O3M2ZDAh:a0SEMb:4[E2`:0^E4_:LaE6]:KbE7\\:KaE9\\:_O_EA4R1\\:VOhEFMU1Y:WObE@1O036X1V:_OlEd0Q:POhED008\\1P:QOfEJ:V1o9_OjEe0U:oNhEC0M2d1U:iNlEE4c1o9SOoEn0P:gNkEJ5_1P:eNoEDL0005h1o9TOnEUOOc1S:YOlETO1c1S:lNlEE2KN02e1Q:kN[F@Cf1Q:jN\\F@Cg1Q:gN]FBBg1Q:jNZF_OEh1Q:ROoEWO0h1P:nNTFYOLi1Q:lNTF[OKj1Q:jNTF\\OKk1Q:gNUF^OJk1S:]N[FHBl1S:cNSFAKk1U:aNiEC50No1[:QNRFo1g9XNkEI:P2i9]NUFd1d:O1001OO1O010O1O1O1O1N3OO10N3N1N3M4L3N2L5L3CSD[O04P<=m0_OR=4WVOK]<0^C0j<030d__3"}, "iscrowd": 0, "area": 4099.0, "category_name": "tire", "score": 0.8470865488052368}, {"id": 9, "image_id": 0, "bbox": [113.0, 150.0, 60.0, 62.0], "segmentation": {"size": [416, 416], "counts": "Wl^1?_<4A?L3M3N3M2N2O1N2O1O1N2O001N1002N0001O01O00001O000000001O1O1N2O001N2O1O1N1O2O1N101N101N2N2M3N2M4KoiU3"}, "iscrowd": 0, "area": 2220.0, "category_name": "tire", "score": 0.8950857520103455}]}