{"images": [{"id": 0, "file_name": "images/uwg_g-688_jpg.rf.9ac269ce2f3d22e50ab04259d435900e.jpg", "width": 416, "height": 416}], "annotations": [{"id": 0, "image_id": 0, "bbox": [145.0, 31.0, 113.0, 264.0], "segmentation": {"size": [416, 416], "counts": "fjk129=\\;U1^Om0XO9A?C:I7I6K6H8L3M;dGYK4Lb7Y5ZHmJ[7^5NHgHkJY7^5OKhHcJX7^5iHaJW7\\5lHdJS7]5mHcJ0Nm6_5SIkJk6U5RInJm6c5RIQJk6o5UIQJk6R610O1O00001N0100M3N2O1O100000001O0100:F4L2M2O000O101N2OO101N`0@5K2N4L3N2M2N2O0O2O1N101N101N1000O010O1O010O010O0010O01O1O1O1O1O1N2O001O1N3M3cN]IYLd6b3gIWL\\6a3nIYLU6c3oI[LU6]3QJcLP6X3UJbLR6W3SJdLS6W3P2I6KVHmLRN0l7j2\\2E;@?G:E=^Oe0XOdC1`jP2"}, "iscrowd": 0, "area": 18983.0, "category_name": "pbag", "score": 0.959761381149292}]}