{"images": [{"id": 0, "file_name": "images/uwg_g-1272_jpg.rf.4734e11ba1d64df6f79b537373dc4bf8.jpg", "width": 416, "height": 416}], "annotations": [{"id": 0, "image_id": 0, "bbox": [19.0, 170.0, 122.0, 185.0], "segmentation": {"size": [416, 416], "counts": "Rl<120O2m<OhV1OTiN6M2MHdC1[<3cCMY<9dCHc;R1\\DnN_;]1Fa0D6K6J4M2N2N3N1O2kEXMo9S3I2M3N2N2N3N2M3M5L2M3M3N2M2O1N2N3M2N2N4M1N2O2M2O1N1O102QHPKi7j4XHWK10e7i4[HWK10c7j4[HVK21b7i4\\HVK21a7o4_HoJd7P5\\HQKc7j4[HVK2Oc7k4\\HVK2Nc7k4[HVK3Ob7k4[HVKl7j4UHVKj7j4UHWKk7j4THVKl7i4UHVKl7j4UHUKk7k4THVKl7j4THVKn7h4SHWKm7j4QHWKP8g4QHYKo7g46OkGZKR8e4mG[KT8i1lGm00\\MS8]1YH[1h7`N`H[1b7bNaHX1ZObMU8T1bHZ1YObMU8T1bH[1XOaMY8P1`Hd1c7UNaH@UOk1[8cNaHYO@1Bj1^8jNeGYOf01Ll1j7hNeG[Oe00Mm1i7iN`HZOGm1j7gN`H\\OFm1m7_NaHJPONLM2l1d8YNhGJ2=CGMM280V1f8dNZH0nN25NLO075Q1c8lN]HLiNO52MO068Q1_8gNWG4\\1LiN:LN:P1]8iNYG2c1M`N1O6:P1FiNV9`0gFh0?Mn8f0SGYOKlNe8j1cGWOk8i0VGVOGPOg8?QGBN3O=3Dd0i0CSOg8;ZGEI:7Ed0g0[OYOa82WG<9BM0H4_1a0jN\\OR8V1lGlNK60J01P1`0XO]OP8W1lGlNKMO52MO1S1?l7:XGWOONL0O1T1`0U8^OeF;;Eh1OnM=h9CoH5ZMLkf0;cE15HSY`3"}, "iscrowd": 0, "area": 11089.0, "category_name": "tire", "score": 0.758049726486206}, {"id": 1, "image_id": 0, "bbox": [287.0, 96.0, 109.0, 153.0], "segmentation": {"size": [416, 416], "counts": "heb3`0Z<9J4L5XDoNZ;U153L4O1N2O1[EaNZO0X:`1R10O100O1000001O01OXG^NR6c1iIcNcMI`8c1jIlNU6T1gIPOX6Q1fIPOZ6Q1dIPO]6P1aIRO_6o0\\ITOe6m0WIWOg6k0UIXOk6i0RIXOn6j0oHVOT7i0kHXOV7g0]GWNX1S1\\7P1YHSOi7W1jGjNW8V1hGjNY8U1eGmN^8Q1`GPOa8o0^GSOb8m0[GUOf8m0SGXOm8]2100O1O01O001O1O02PLSGN2f3l8ZLSG01f3j8bLTG_3i8=001OO11N1O1O2N3N1OMULQGk3T9M2ON20YLmFa3Z9^LeF]3T9bLoF1N\\3`9O3fL\\FQ3b9oL]FU3c9kL^FT3b9lL_FR3b9mLaF1Kl2S:L2N1OUOYMPG02e2P9[MnF04b2\\9^MdFa2\\9`MeF^2]9aMdF]2P:O2M2N3M2O1O3M3M2L8lNmDOY;]O_D7i0JWO1[Q`0"}, "iscrowd": 0, "area": 8581.0, "category_name": "tire", "score": 0.9111959934234619}]}