{"images": [{"id": 0, "file_name": "images/uwg_g-266__flipv_jpg.rf.6441537485752216c191b492525e44a2.jpg", "width": 416, "height": 416}], "annotations": [{"id": 0, "image_id": 0, "bbox": [67.0, 57.0, 122.0, 277.0], "segmentation": {"size": [416, 416], "counts": "fUP112142MOW<U1\\Og0]DSNn3Oe2c2nL^MbMOX4l2nMVMiMOX4W3eJcMn1ZOSNK\\6b4nJlKdNEZ6c4oJgKhNEW6NhIj4f0VK[O4Og0T6S6K2O001O00000LoHXJR7k0nHn31XKP7j0PIm3V7RLjHm3W7SLiHm3W7SLiHn3V7RLjHn3W7m00O1000000O0NgH^JY7b511L5K4EZJ[Ih5e6YJZIf5h69O10O10N2O100M3O1N2O1L4N2N2N2O1O1N2O1O1O1O2M2N3M4L8H3M2N2N2N3M1N3N2N2M2O3M2M3N2M3N2N3M3L4N2M2N3N2M2M3N2O2M2MKoL`FP3c9oL]Fo2l9M2N2VMnEd2Z:K@_MgF_2Z9eMVFN2O02NR2P;lMQEa1Z;N012J5J^DmNS;NoDe1V;]NiDX10fNY;0hDc02_Og;d0\\D[Oe;?g0BK1aC<l;DUDi0S<VOmC2O6X<IiC11L^<:m`j2"}, "iscrowd": 0, "area": 17317.0, "category_name": "gbottle", "score": 0.8994178771972656}]}