{"images": [{"id": 0, "file_name": "images/uwg_g-426__fliph_jpg.rf.3bcadd115985f1274a267f7b65692968.jpg", "width": 416, "height": 416}], "annotations": [{"id": 0, "image_id": 0, "bbox": [153.0, 178.0, 80.0, 190.0], "segmentation": {"size": [416, 416], "counts": "mVQ26i<6J8H4M5J6J3M5K6J6K6I5K8I4K5K7I6K6I5K5K5K4M6I6J6J7]GkKo7e4M101N2N2N2N1O1O0011O0O4L3M6K5J5K4M6I6K1M7J5K5K4L6K4K4L5K5K5L5J5K4L3N4K4K5M4]NaD\\1f;K3N4K2N4L3M3M5ISQZ2"}, "iscrowd": 0, "area": 7084.0, "category_name": "cellphone", "score": 0.9358211755752563}]}