{"images": [{"id": 0, "file_name": "images/uwg_g-545_jpeg_jpg.rf.b942add40a1ecf8d7e5d81f4226b374b.jpg", "width": 416, "height": 416}], "annotations": [{"id": 0, "image_id": 0, "bbox": [188.0, 84.0, 95.0, 195.0], "segmentation": {"size": [416, 416], "counts": "gT^2T1e;>D:F;F:G9H9G4K7J9F9I4L5J6K4L4L3M1O2N2N2M4M2M4M3L3N2N1O1N3N1O100O1000000000000001O00001N2O003K4M4M2M4L3M5J6J5K5L3M3N2M2O3L4M5E<I7K5I5K4O0K5M3O1L6H6M4M2M2\\Od0L3M3N2O1N6J1O3K5M3N2N2NQXf1"}, "iscrowd": 0, "area": 11043.0, "category_name": "pbag", "score": 0.9457235336303711}]}