{"images": [{"id": 0, "file_name": "images/uwg_g-1133__flipv_jpeg_jpg.rf.4790cbb81dbad2f6a377ae62e8d3d938.jpg", "width": 416, "height": 416}], "annotations": [{"id": 0, "image_id": 0, "bbox": [131.0, 59.0, 177.0, 300.0], "segmentation": {"size": [416, 416], "counts": "Sbk1<2EV<i0YD^Oi0ImN0^9T1]FDP1YOoN011`9Q2fGnMY8T2fGkMZ8X2dGiMT81iFY2S1eMT8`2Q15M4mFXMm7k2oGUMo7R3^GnLO0a8U3`GkLN0`8X3j03I6O3M1N2N2N1O4L1O010O2O0O1N3OO0001O001O1O1N2O1O1O1N3N1N3O1N2M2N2N2N2M3N3L3K5L4M3L5I6O1K5H9K4M2MMmI_IT6b6lI^IS6h6nIWIk5f6SJ\\I2Ni5h6UJZI2Nh5j6UJWI4Of5Q7WJoHf5V7N3K5L3NLfJfHY5\\7hJdHS5i7L2OO0L5gNmJQJOB0N150JT5_6PKPJKD5OU5]6lJbJJPOQ5Y6PKjI0O0S10jNh4[6YKhI00OS1j4U5YKgIN0OT1k4S5ZKiIJO3m0P5Z5aK_J\\OZOU5W6UKhIH03k0n4_5UKXK_4i4aKPKHjNf4V6cKoJHiNf4X6cKlJKjNc4Y6cKlJd4U5]KkJb4W5]KlJGiNc4X8NQN^KgI12N]1b4j4aKfIO2N_1b4f4^KiI73IU11mN`4S6PLoJAjNb4W6lKPKAjNb4\\8LVNbKRK]4i4bKcI3_1M_N_4c6dKlJb4Q5bKmJ_4a4\\KYJ>S1U4W5`KnJ`4R5]KQKc4o4`KnJa4Q5_KnJb4R5^KlJe4S5\\KiJh4V5XKaJOQOk4^6QKeJ4lNl4e7UK[Hm4\\6RKdJW5[5iJdJY5[5gJVJLJ`5o5iJQJMI]5P6mJTJa5`4oI_Lb0oNKLV5\\4`JeKNQ1d0oNc5Y4mIeKN3Lg0X7_3ZI]Lj6`3\\IkK\\O0O1\\7R4]1N1N1N3N2N2N20O5LJ7M3J5\\OdF[Me9]2c0M4L3M2N2O2M2N2N3M2M4M3N2N3L7H=kNTD;\\b^1"}, "iscrowd": 0, "area": 26160.0, "category_name": "pbottle", "score": 0.9052074551582336}]}