{"images": [{"id": 0, "file_name": "images/uwg_g-678__fliph_jpg.rf.93e16a789512ccded9163149b4ded54f.jpg", "width": 416, "height": 416}], "annotations": [{"id": 0, "image_id": 0, "bbox": [189.0, 202.0, 72.0, 143.0], "segmentation": {"size": [416, 416], "counts": "^X^2=c<4K2M3VOEgDa0T:\\OYF_1f9n00100O1O10O0101N100O2N1O1O101N100000000000000O1000002O2N0000O100O100O2O0O1O1O001N4M2N1N3N3L3M4L4L4L8H5K8G5L2N1N100O2M3N5AoCFZko1"}, "iscrowd": 0, "area": 5192.0, "category_name": "pbag", "score": 0.9695389866828918}]}