{"images": [{"id": 0, "file_name": "images/uwg_g-196__fliph_jpg.rf.54d806a437ed91b361397e355529c9c7.jpg", "width": 416, "height": 416}], "annotations": [{"id": 0, "image_id": 0, "bbox": [137.0, 145.0, 94.0, 228.0], "segmentation": {"size": [416, 416], "counts": "aWd1272J0\\<0fC:`<N02O1`CC50m;`0oC_O0n0U:ROWF1IOMm1f9VNWF:OG2U2n8gMSG1;X3_8i0M3J5DhKiG3OV4P8gKRHf4k7:0\\KXHo3g7RLWHP4f7h0L4N1I8O]JfH`5X7_JiHb5V75O3J5M1N3OPJUIl5j6TJWIl5g68N2N3N1O001O1O101N1O4M7I0O2oIQIm5R7N2O0001PIUJj6j5601KkH\\JV7d5jH\\JV7h5mHWJn6h5QIYJT7b5lH_JS7a5nH^JR7c5mH^JR7b5nH^JQ7c5oH]JQ7d542N1O3L3N100CQJhIo5V6?N3N3L3M4M1L6K4N100O2O2M4H5L5L3E<M4L4M2L3O1N4K4M4L4J6J7H<\\Od0^O>K1O3L5N3]NhDU1f;G8UOlCb0]<M12NO9CS`X2"}, "iscrowd": 0, "area": 17405.0, "category_name": "net", "score": 0.8813161253929138}, {"id": 1, "image_id": 0, "bbox": [289.0, 254.0, 91.0, 160.0], "segmentation": {"size": [416, 416], "counts": "c[e38X<j0E<B6K9H7G3N2N2O1N2N2L4L4K5M3M3J6K5L4M3N2N2M3N2_OTLiGQ4T8?3M00JbKgGa4\\8000N2O1O100O1M3O1O1O1N2O1O1O1O1O10000O1000000001O001O00001O00001O001O001O1O1O001O1O1O4L1O2N5K3M4L9G6J6J5K1O?Aa0]O:C;F`0@a0ROgC6e<FWe>"}, "iscrowd": 0, "area": 11425.0, "category_name": "net", "score": 0.9579933881759644}]}