{"images": [{"id": 0, "file_name": "images/uwg_g-1200__flipv_jpg.rf.07007bf564dad788c78faa9d6fc25e57.jpg", "width": 416, "height": 416}], "annotations": [{"id": 0, "image_id": 0, "bbox": [181.0, 19.0, 98.0, 90.0], "segmentation": {"size": [416, 416], "counts": "U^\\23b<f0A6K4L4M4K4N2N2N2N1N4M1O2M3N2O1N2N3M3N2M4L2N2O2M3N2M2O1O0O2O00000000000000000000000O1000000000000000O1000000N2O100O1O2N1O1O1O2N101N2N2N1O3M2N3M2M3M4M3L4L4M3M5K5J9D=ZO[^j1"}, "iscrowd": 0, "area": 6367.0, "category_name": "tire", "score": 0.9444683194160461}, {"id": 1, "image_id": 0, "bbox": [220.0, 102.0, 85.0, 98.0], "segmentation": {"size": [416, 416], "counts": "mkg25h<6bCOg;1YD0HI01`;9`DC0m0];d0O001O2N4L1O2N00O11O00000000L4O11O4MOO10O1000O2M2O3N2M3M1O3M2N2N2O1N2N1O2O1N2O1O001O1O00001N100010O00000O100O101O0O101O0LlE[MV:d23O2M3M2O2O1iM`EL0i1R;N2N2N2M2O3M2N4J6H7H8GgCFgh_1"}, "iscrowd": 0, "area": 5688.0, "category_name": "tire", "score": 0.8972169756889343}, {"id": 2, "image_id": 0, "bbox": [261.0, 6.0, 123.0, 68.0], "segmentation": {"size": [416, 416], "counts": "Qe[361=V<_OmCb0R<]OoCg0l;=I4M3M4L3M002N3M1O1O1OIPE]NQ;b171O00O11eD`NT;f10000000000000N2I7003M000000001O001O001O1O001O1O1O1O002N001O001O1OO1002N1O1O001O1XElMb:Y201OJ_ElMb:S2_ElMb:U2\\EmMc:R26O10000M30000N200M3O10000O10000O10000O1O1N2N20gD^NT;c1jD`NT;f10JlD^NV;a1kD^NV;]1jDdNZ;\\1eDfNZ;f1J1O006J000000O100O10000N2O1O100O100O1O1N2I7O1L4K5M3L4M3L5N2CZh9"}, "iscrowd": 0, "area": 7071.0, "category_name": "tire", "score": 0.8364440202713013}, {"id": 3, "image_id": 0, "bbox": [321.0, 79.0, 90.0, 72.0], "segmentation": {"size": [416, 416], "counts": "X[U4>`<4K6L2O1N101O000O11OO100O1O100O1O100N3N2N2O0O1O100\\DfN`;_1O3bD^NW;c1hD^NX;g1M1O2N3L4NO02O3M000O10O10O1000000O11O00O2O00000000001KfMbE[2]:eMcEZ2^:fMbEZ2b:O2M2O010O2O1N1O2N2N1O2M3L4I7N1M4L4L4K6K6IZU3"}, "iscrowd": 0, "area": 4232.0, "category_name": "tire", "score": 0.8832429647445679}, {"id": 4, "image_id": 0, "bbox": [364.0, 156.0, 52.0, 54.0], "segmentation": {"size": [416, 416], "counts": "cRf41n<2N003M2N2N4K6J4M3M2N3N3L5K4L2O1N3M2O001N100O100O10000O10000O01000000O10000O1O1001OO02O00O2OTK"}, "iscrowd": 0, "area": 2042.0, "category_name": "tire", "score": 0.925115704536438}, {"id": 5, "image_id": 0, "bbox": [382.0, 265.0, 33.0, 59.0], "segmentation": {"size": [416, 416], "counts": "kkk4a0T<?I5L4M2N2O0O101N4L2N2N1O101N2N2N2O0000001O0O101M2OlMXER2h:nMYEQ2g:oMYEP2g:RNXEn1g:60mMXEn1i:QNXEn1m2"}, "iscrowd": 0, "area": 1871.0, "category_name": "tire", "score": 0.9248523712158203}, {"id": 6, "image_id": 0, "bbox": [324.0, 287.0, 54.0, 53.0], "segmentation": {"size": [416, 416], "counts": "knU42h<9J4M3J6M4L3M3N101O000O2O1O000O2O00000000000001O000O2O001O001N2O1O1N2O1O1N2O1M3M3K6Hdba0"}, "iscrowd": 0, "area": 1368.0, "category_name": "tire", "score": 0.9178469181060791}, {"id": 7, "image_id": 0, "bbox": [334.0, 336.0, 77.0, 70.0], "segmentation": {"size": [416, 416], "counts": "c[_4<_<8J6K4M3M4L2N3L5L2N2O0N201N1O4L1nDUNn:l1QEUNn:l12100O3N5J2O0O10000O1000O11O000000O100001O00O10000O20O1O0001N1O1011OO001O1O1M310N2N001O1O0NoD"}, "iscrowd": 0, "area": 4034.0, "category_name": "tire", "score": 0.8707113862037659}, {"id": 8, "image_id": 0, "bbox": [27.0, 251.0, 73.0, 59.0], "segmentation": {"size": [416, 416], "counts": "TX=25O02[<2aC010\\<`0M1NGhCMW<>01O0O3N2N1N3N6J5J2O1O2M2O001N101O000O11OO100000O10001OO01O2N100O1O1`NbD^1a;O1M3N2N2M4D9EjCF_<97F^C0LOZWX4"}, "iscrowd": 0, "area": 2006.0, "category_name": "tire", "score": 0.8111476898193359}, {"id": 9, "image_id": 0, "bbox": [1.0, 175.0, 62.0, 90.0], "segmentation": {"size": [416, 416], "counts": "S6h1W;2N100001OO2K400O1L4O2N1O2OQN[Ec1e:]N\\Eb1c:_N\\Ec1c:]N]Ec1c:]N_Eb1]:aNbE`1\\:bNdE^1]:aNdE^1]:aNcE`1\\:`NbEb1_:]NbEb1^:YNaEJ3l1Z:]NcEF2n1[:ZNlEd1T:UNfEO7l1T:TNfEO6m1T:TNRFl1a:0[OVNmENLk1V:XNkELJ34i1W:WNWFi1i9WNWFi1i9XNVFh1j9VNXFj1h9UNYFk1f9YNWFf1j9ZNWFe1i9ZNXFf1h9^NTFb1m9]NSFb1n9XNfEO>h1l9_NSFa1m9_NTF_1n9_NTF`1n9\\N_EOc0d1o9]N^EOd0c1h:N2OO02O1N2N2N3M1O1O4L2NAXOhDg0U<@Si^4"}, "iscrowd": 0, "area": 3918.0, "category_name": "tire", "score": 0.9286463260650635}, {"id": 10, "image_id": 0, "bbox": [44.0, 163.0, 72.0, 83.0], "segmentation": {"size": [416, 416], "counts": "ihi0599H3S;g1DO1O101O0O13MM3N14M2O1N1O1NO3L4NXEmMc:U2301006I3NO1O1D_EXNb:g1`ESNOOa:n1`ESNN0b:n1_EWNa:i1_EWNb:h1^EXNb:i1]EWNd:h1\\EWNf:i1YEVNh:Q2001O000XN[EU1f:iN]EU1c:jNcEP1_:mNeEQ1[:oNgEo0Y:POkEKYOi00YOm:3nEg0T:XOnE<SOC0No:3QF8SOEM0o:3TF5nNJONQ;2SF4lN1]<83M2M4M5HhWi3"}, "iscrowd": 0, "area": 3200.0, "category_name": "tire", "score": 0.7802114486694336}, {"id": 11, "image_id": 0, "bbox": [1.0, 62.0, 52.0, 106.0], "segmentation": {"size": [416, 416], "counts": "P2P2P;00000REQNj:Q2UEPNj:S20O2MTEPNl:R2000001O0000011N00001O1N1001O100QNWEe1_;DYO`NYES2P;oMoDg1W;YNkD`1Z;^NeD_1[;aNeD`1];2N1[O^NYE2<`1_:_NaEa1`:]NaEd1m:1O1O0F;O10QNSEj1Q;13L0]NmDY1S;aNlD310OW1V;hNnDNM?1CO?U;_OSE?IB11N8b;3PELQ;NUE0n;O101N3LXmb4"}, "iscrowd": 0, "area": 3056.0, "category_name": "tire", "score": 0.7108871936798096}, {"id": 12, "image_id": 0, "bbox": [67.0, 6.0, 65.0, 115.0], "segmentation": {"size": [416, 416], "counts": "R]j02Z15hNNS;2mE>o9EoE=P:DQEFe0n0W:BbEc0]:R1N1O2N2N1O2N1O2N2N2N2N1O1O001O00002N5K3M2N3M3M1O1O2N2N1O1O1O1OO12N1O1O0000000000000000001OO2O00000000001O001O001O1N2`MXHEm73R3\\OZhc3"}, "iscrowd": 0, "area": 6408.0, "category_name": "tire", "score": 0.9365391731262207}, {"id": 13, "image_id": 0, "bbox": [131.0, 100.0, 88.0, 85.0], "segmentation": {"size": [416, 416], "counts": "kPk14j<5M5J4L4H8L5J5L5K6J5K5K4L4M3M4L3L4M1O2M2O1J6L3O2O00000000O100O1M3N2O1M3O101O0O101O0O2O001N1O2O1N1O2N1O2N2O1N1O3M2N2N3M3M2M3N3L4M4L6H9G8Dnma2"}, "iscrowd": 0, "area": 4702.0, "category_name": "tire", "score": 0.9287844896316528}, {"id": 14, "image_id": 0, "bbox": [127.0, 8.0, 40.0, 101.0], "segmentation": {"size": [416, 416], "counts": "ZQd1[1b;g0ZO8I2M3M2N2I7J6M300N2O11O0O2O001O00000O2N2M3N5K4L;E3N001N4M1O3M2N3M6J2M6J6mNZD8m^U3"}, "iscrowd": 0, "area": 3037.0, "category_name": "net", "score": 0.912712812423706}, {"id": 15, "image_id": 0, "bbox": [187.0, 178.0, 59.0, 75.0], "segmentation": {"size": [416, 416], "counts": "QU\\24k<3N2N001O1O1OO1000000000000001O00001O0dCOi;e0OO10000O0LSDVOn;i050000O1000O10001O001O1O1O1O1O2_DVOh:k0UEWOj:`10O0O010O0N3N2M3ZOh0M02002M2N4BfCKfeU2"}, "iscrowd": 0, "area": 1503.0, "category_name": "net", "score": 0.8662827014923096}]}