{"images": [{"id": 0, "file_name": "images/uwg_g-742_jpg.rf.8ba36ff7aeffc53ab44299988efe48ae.jpg", "width": 416, "height": 416}], "annotations": [{"id": 0, "image_id": 0, "bbox": [109.0, 81.0, 235.0, 84.0], "segmentation": {"size": [416, 416], "counts": "ZX_12n<0O1O2O0O2O0O101N100O2O0O2N101N101N100O2O000O2O0O100O2O0OCPDLP<4mCE06R<6mCE16Q<5oCC18o;e000OCPDMo;3TDJk;8WDEi;;UD^OM7m;<UD^ON7l;`0TD@k;;UDA05j;9ZD_OL8i;>[DBd;?[DAd;a0[D_Oe;b0ZD_Od;b0\\D^Od;b0\\D^Oc;;\\DA23b;<]D]O57\\;b0eD]O[;b0gD]OX;`0_D[O86X;`0hDYOI7_;`0hDYOIO05^;c0jDYOK4[;c0jDYOK4Z;d0jDYOL3Y;e0SE[Om:d0TE\\Ol:d0UE[Oj:?]EAb:<eDBi02a:=cEC\\:=eECX:>jEAV:>mEAS:>U111001O2M200O1O01000OM400O01O10KgCAZ<>hCBX<=iCCV<<8O1OjCEh;<XDDh;<mCD72k;:nCD25MLR<8YDHG0P<5aDK_;5`DL`;4ZDLF0P<4_DM`;4\\DOe;1VDIJ7Q<OZD0f;0YD1g;OYD1g;0XD0h;0WD1i;0VD0j;0WDOi;1WDOi;1WDOh;2XDNi;1WDOi;1WDOi;1XDNh;2XDNh;2XDNh;3VD0h;0XD0h;OZD0f;1ZDOe;1[DOe;0\\D0d;1[DOe;1[DOe;1[DOe;1ZD0f;0ZD0f;0ZD0f;0ZDOg;1YDOg;1YDKFNQ<7YDKFNQ<7XDLGNP<6ZDJHNo;8YDJm;5SDJn;6QDLn;4RDLn;4RDLIMP<7WDLHOP<5XDLIMP<7WDLIMP<7WDLIMP<7WDLIMP<7WDLIMP<7WDLn;4RDLn;4RDLMMh;7[DLI1l;3YDNJ1l;1ZDNJ1l;1YDOK1k;0YD0L1j;O]DMJ3j;O[DOJ3k;NZD1J1l;NXD>h;BXD>h;BXD>h;BXD?g;A[D<g;CYD>f;BZD>f;BZD>f;BXD`0h;>NROVDK0h0k;\\OVDKOi0k;\\OUDL0h0k;\\OXDd0h;\\OXDd0h;_OUDK0b0j;@YDNMb0j;@ZDMLc0j;@ZDMLc0j;@ZDd0f;\\OZDe0f;ZOYDg0g;YOYDg0g;YOYDg0g;YOYDg0g;YOYDf0h;[OWDe0i;[OWDe0i;\\OVDd0j;\\OVDd0j;\\OVDc0k;^OTDa0m;_OSDa0m;_OTDIOc0P<CQDJOc0P<CQD?o;ASD<n;DSD;m;EPDJOb0Q<DPD>Q<AoC>R<80O100O1KkC^OV<`060000M4N1O1O1000000O1O2O0O10010N1O101O000O2OQin0"}, "iscrowd": 0, "area": 4852.0, "category_name": "pbag", "score": 0.8094221353530884}]}