{"images": [{"id": 0, "file_name": "images/uwg_g-1197_jpg.rf.36fb516da644cd017fb2fc4463449a33.jpg", "width": 416, "height": 416}], "annotations": [{"id": 0, "image_id": 0, "bbox": [163.0, 247.0, 238.0, 169.0], "segmentation": {"size": [416, 416], "counts": "[_R21o<3gCM_O1k03i9<`E@L4MLc0<Q:7cE]OH>1C3d0^:h1O1Ic0B2O2N2N00004L6G8H6K5M1N1N3N1M4M2O100010O0O10O1O2OO0O201N101O1O0F`GnKf8o38O0N202N1O1N10kFXLR9h3mFZLQ9k301O1O000000001O01O01O2O0O21M2OO001O1O1O0000O1O100NSGRLk8Q41001O0J70O000000000hK^GP4e8oK[GQ4e8oK[GQ4e8oKYGU4e84O0000000O100000001O00001O0001O00010O01O01O21bGnKh7R4THeKO8l7U4SHeK05m7f41110KQKVHU5a7PK^HP5i7000LkJ]HU5g703M00001O1O001O00001O00O12N00000000L40000000oJTHn4l7RKTHn4l7RKTHn4o7000000000001O1O1O1O1O1O1O1O000000001O1O1O1O0000001O4K6K4MH70000O1MdKaG]4b8O1O000000O11O00O1002NKfKbG\\4]8eKbG\\4^8dKcG[4\\85O11O001O1O00M3O100O1N2M31O3M1O0lKgGa3Q8oKTH?MFMd3R8WLTH?6X3e7ZLUH1J9<\\3f7\\LQHe0NQ3Q8ZLQHON]4T8aKoG0N:Oh3^8XLcGg3]8XLdGK2LMb3]8gLdGJ8^3e7aLZH:F02V3n7aLUHa4k7^KWHa4j7^KSHOM9Oo3W8oKPH;Mm2T8eLVH9HP3l7cLRH092D;6o2j7lLZHP4e7PL\\HP4e7iKPHO?W4W8bLYGc2g8\\M\\Gb2i8UM[GCKR3e8S1\\OjKmG0=W4g7hK]HW4c7iK]HW4b7jK^HV4\\8kKUG2O`3R9`LoF_3Q8_L]H0B8OZ3R8^L]H0B8OZ3R8^L]H0B2N01`3R8^L]H0B71Z3P8^L^H0B1N230MW3S9fLRG1M1N0010O0^2g8mMZGV3`8\\L`GX4f8jKYG80Z3m8dLUG[3a8_LdG1H00a3]9^LgFNO3N1Od2^9XMmF1H1O10O01OQ2"}, "iscrowd": 0, "area": 35065.0, "category_name": "tire", "score": 0.8720005750656128}, {"id": 1, "image_id": 0, "bbox": [180.0, 153.0, 135.0, 64.0], "segmentation": {"size": [416, 416], "counts": "m_X21n<2O010A8cCJ\\<=000IdCJ]<NdC002c<L^C4g<00O2N\\OOmC4LM21n;OPDh0o;5O10KRDWOo;h0RDXOn;h0RDYOm;6QDI40OO11l;4ZDK01f;4fDLZ;6QDJ38LJn;<RD0n;a01N2\\ORDJN00LP<9SDJNN<0Y;`0[D@2O41_;e0]D[On;c0SD^Ol;`0UDDk;g04MO002M3N00O10O10001O000O001OOTDROh;P123O0N2O2O0O10O100O1000ZDiN00`;W1`DiN1O`;W17N2M3O2M4M4L3O4J01cCAW<l0H2N1O4L1O01O2O00O010O1O01O00001O001O1O1O0001\\OPOjDO7R1m:QOiDO9P1n:QOiDO9o0n:XOREf0o:WOgDK;l0R;UOfDN9j0S;WOTEf0d;M3O10O1O010\\O^OjDa0V;AhDa0W;^OjDc0S;_OmDf0GUOk:9^Ek0b:TO^El0a:UO_Ek0`:VO`Ej0`:VOaEi0f:PO]E?_OA1NU;0^E=Q;CQE;o:ESE9m:GPE=o:CQE<j;N0101O1N2000N21N2cCAW<>jCBW<=iCCW<8hCG`<0_C4j<N2O001NmcW1"}, "iscrowd": 0, "area": 3790.0, "category_name": "tire", "score": 0.7349305748939514}, {"id": 2, "image_id": 0, "bbox": [244.0, 24.0, 36.0, 131.0], "segmentation": {"size": [416, 416], "counts": "XXS32e<`0A;K3M3N2O0^NnNUGS1j8oNgF2VOR1R:lNgFOTOO2V1T:kNeFOWO00V1m8jNRH1KOVOO2V1k8kNTHOI0WO00V1U:kNcFOXO00V1R9jNgGOTO5h0MZOO1OMS1U9RObGa0XO\\O81KN5P1m8^OkFL1n0?Dh8Z1YGdNk8Y1WGcNh8_1ZGWNP9g1SGmMYOOU:j1kE\\N_:W2O13bM_EV2h:nMWE61X1c:h0oEfMa92oE1NO2]1MaNc00b91nE10N1^1b0bNX9Y2g0PN\\E20S1f:jNZE21Q1g:[OYEe0g:ZOZE]OOR1P;lNoEd0^;]OaC9Wbg1"}, "iscrowd": 0, "area": 2032.0, "category_name": "tire", "score": 0.6460241675376892}, {"id": 3, "image_id": 0, "bbox": [5.0, 84.0, 78.0, 86.0], "segmentation": {"size": [416, 416], "counts": "^3n0R<1L3J6M3O1G8O2N2O1O102N6I4M[OXESOg:e0XEEg:;YEFe:;[EF`:>`EC_:`1N3N_MeE]2[:cMeE_2Y::J101NTMoEj2S:00100001N010O1O1O010O001O1O2N1O1O1O000O20N01O010N3H7N2O1O002OO3N1O001M200O11O000O4L4M1N1O1N2O1M3L4B>O1N201N1O2N2O0O4K7EiaU4"}, "iscrowd": 0, "area": 5875.0, "category_name": "tire", "score": 0.8320791125297546}, {"id": 4, "image_id": 0, "bbox": [73.0, 150.0, 30.0, 46.0], "segmentation": {"size": [416, 416], "counts": "\\XP17f<:F5I7M3N1N2O1O1N101O0000O101O0O2N2N2N2N3M2M4Kkon3"}, "iscrowd": 0, "area": 740.0, "category_name": "tire", "score": 0.948634147644043}, {"id": 5, "image_id": 0, "bbox": [115.0, 180.0, 32.0, 46.0], "segmentation": {"size": [416, 416], "counts": "mga1k0Q<7K4M2O0O2O001N1O010O10O100O1N3N2N3L3M4TOXD7TS_3"}, "iscrowd": 0, "area": 805.0, "category_name": "tire", "score": 0.9140204191207886}, {"id": 6, "image_id": 0, "bbox": [153.0, 171.0, 37.0, 57.0], "segmentation": {"size": [416, 416], "counts": "^gl1;o;i0F9M1O2O0O1000O100O1N2OM30O2O1N2N3M5L2N2O1N0O1L5J33O1000001O000001O100N2O1O1O2N3K]Wk2"}, "iscrowd": 0, "area": 1342.0, "category_name": "tire", "score": 0.9008225202560425}, {"id": 7, "image_id": 0, "bbox": [386.0, 14.0, 28.0, 128.0], "segmentation": {"size": [416, 416], "counts": "]`l421012b<9_CD[<d0M0gC]OU<j0jCVOP<i0QDYOR;5^Ec0_OXOd9N_F1<0L>E@>P1o8DdF^O271<9:j83iFYO0a09YOGb0U9j1SG`MHj0S9g1VG\\Ni8c0QG\\O30KTOo8e2UG[Ni8h1SGXNi8oNWGm3m84N102N00O1O010000000MUGPLl8o3300M300"}, "iscrowd": 0, "area": 3085.0, "category_name": "tire", "score": 0.7799946069717407}, {"id": 8, "image_id": 0, "bbox": [351.0, 118.0, 40.0, 131.0], "segmentation": {"size": [416, 416], "counts": "ica4<c07f:2RE4j:1QE2l:T1L3M3N1L5N1N2N2O1WOaMaFNN14a2V9oMdFC4^2T9ZNkFf1S9]NmFb1S9`NlF_1T9bNlF]1T9eNjF[1W9eNiFZ1X9gNgFW1[9QNgF7Oc1^9VNcF7Oc1^9UNdFGM<2f1_9SNfFHL>0c1b9QOaFl0c9PO`Fn0d9lNaFP1b9mNaFQ1e9[NjE5k0\\1e:L2N2N4L3M3GSDXOQ<d09_OjCKM2k<NZ`7"}, "iscrowd": 0, "area": 2888.0, "category_name": "tire", "score": 0.8377631902694702}]}