{"images": [{"id": 0, "file_name": "images/uwg_g-217_jpg.rf.88b1be8b42063cf2698fea4bd9d39f9e.jpg", "width": 416, "height": 416}], "annotations": [{"id": 0, "image_id": 0, "bbox": [57.0, 127.0, 355.0, 183.0], "segmentation": {"size": [416, 416], "counts": "jRd03c5Od14ZNLe16kIIi:2T1OTD0h:1WENB3a:0cG0[M3OLc92iGL]O2[Od0g8]O_GMM86HM3G3;3Fj0g8POjG4LIH5I2<3Dj0j8lNhG9NGF3MMO0O00090F52P1[9TOoFLD90J8II]1Z9QOjFb03POI]13cNo8Z1mFmN0H91G]15eNn7MeHl1ZOVN0_13bN9Ne7OnG02m1NVN0^18_N60l7m1hG[OS9iNPGOLn1N]OW9eNlFh33YLU1OT6i3gHYLL6_1IY5e3`IiL=BO1]O0\\50hJN012g33XLF;[1IeNO]5N^Kk3@^LP1GeN3`6h3QJVLP11o4j3QJVL<M\\O2G1T6NkI03m3?VLh04i41PJ_3MZLb022L14]5:mI]30WLd002OK8Z5HVJb4a0`K4NL8\\5X1RJ`1`0UM4M@N69a5[4eJaK4O]ON2N0:d5]4gJXKB6d0<^OJb5V5hJ_JH?L1c5P5]J_J;4GON20O06g5FZJ`5>cK\\5mNUJe00o3a0eKAd0g5EWJm3g0iK]Oc0c5IYJj3h0lKXOb0h5W4QKULn4l3SKmJVOQ1g5S4TKlJVOP1f5ROYJl4k0WLQ5oNTJO0`40`Kb0V1V5n3fJhJC[1f5n3gJULY5m3cJUL\\5l3cJULZ5n3gJdJGX1d5Q4bJgJMW1c5Z3YJQL4@2`0KLY5_OoJj5K_KU5hNkJOMm52\\Ko4iNPK1N10_51]J14O;1DO=R5BmJf51[J61J;1D0:S5EkJf51ZJ82G=0C19OCT50YKa5KVKH1S5XOZK`5GbJLf001Q5XO[K`5HbJL_1P5`N]KY5EfJ20N?0CNf0o4ZO^KX52SKEDMf0n4[O\\KZ54fJB44LLd0n4\\O\\KZ54oJGFLe0o4ZOZK\\53PKFD7`0d4B[K[5ObJJ=0D9`0c4B[K]5F`J51Mb05]OLa0n4@RK02`50`JNa04_OK`0m4BSK02_50^J0c08Mc4CSK02_50^J04L:;2U5R5iJ`JH>27]5k4iJ`JI>16\\5n4cJ]J11O?50Y5S5`JgJ0N12O7_5`5aJUJ4g0Z5U5bJoI:k0S5[5lJfJS5\\5gJgINn0n4QO\\KZ6HfIOo0W5QOhJ[60fI2m0o4ROSK0K\\61fI1l0o4SOSKW6MlI0M2m0m4UOSKi5M]J2KOM2m0m4TOUKc52]JK00Y1P5eNSKc54^JK0NZ1W5X4PK^J0Z1h4fNSKf52ZJ3Y1h4hNSKf51YJ4Y1f4kNSKd53XJ4Z1f4eNRK02k5OXJ7OHR1X5mNhJl5>VKj4nNgJn5>TKj4i4hJYJ>n0e4mNPKk5OXJ0N21L30i0R5SOPKk51VJOO28Le0R5TOnJl52UJOM4Y1n4gNnJW6;lIDk0S5SOmJV6<lIDk0S5SOmJV6<lIEj0R5SOnJV6<mICl0R5QOoJV6<mICl0Q5SOoJT6=nICj0R5ROoJV6<nJe4lNoJW6:nJg4U5YKkJf4U5[KkJe4S5oJhI<U1d4T5_KkJa4W5]KiJc4X5[KhIEk0Q5\\5TKgIM1Ol0P5^5RKeIO2Nk0o4a5RKlJm4V5RKjJm4Q5ZKnJg4P5TKVKm4_NRKW60RJ4GKP1R5W5PKQJ7f0h4Z5QKQJ6e0g4\\5SKiIN26j0i4Z5TKiI112k0i4[5TKiI23Ni0i4ROTK[61YJO\\O2h0i4YOVKY60ZJ34g4YOVKY61YJ34f4ZOVKY61UJOA5g0e4ZOVKY61iIN4<?e4b5RKkIN3;a0c4c5SKPJ<=^4YOUKg69YIHh0n4n5YK[IJf0m4i5QKcI?b0]4[OTK`62aI>0@?m4@SK_63bI>O_O`0m4@SKZ68fI:0_O?o4EoJb53`Jn0JQO?P5DnJc53`JR19m3DnJc53`JR18m3FnJb53^JT19l3`5oJVJV1:k3_5PKWJU1;j3\\5SKXJl0OTO?l4U5XK]Je05TO9o4U5XK]Je06TO7o4W5PK\\J20j07TO7l4@TKl53TJd01YO:OI16o4^5PKZJn0OTO?OJo4]5RKYJl02TO>OJo4Y5QL^JPO6OJ3d0m4n4VK^Ja0;YOD3f0n4l4UK_Ja0=\\O7n4n4UK_J`00[O54>l4n4UK_J`00\\O43=K]OP5c5WK_J?O]O34b0h4m4RL^JRO43a0i4f4QKjJV1OQOLJ=OBQ5[5oJkJP1JTO52MK>o4l4PKjJP1JTO52MK>o4l4PKjJV1MjNM71J?m4n4RKhJV1MROOJ=l4o4RKiJU1KTO1H=n4l4QKjJ^1JdNg0m4e4QKjJ6Kn01lNg0l4WOTKe55\\Ji0OVOm0S3SO[N1^Ne54[Jj00UOl0T3TOZN0_Nf53YJl01TOl0T3TOZN0_Ne54ZJQ1m0R2TO]Nc5I^JdNf0V3XO^Nd5I\\JdNh0U3XO^Nd5H^JdNf0V3XO_Nc5G_JcNg0W3WO_Nb5aN_Jm01lNg0W3WO^Nc5I_JcNf0V3XO_Na5IbJaNe0W3XO`N`5HbJaN22N09U3EaN`5XNbJY17iNI09o4Y5XLcJhNJO218V3E\\N0_Ne5W1aJlN;S4_OYLi5i0]JkN;f4@UKf5Z1`JiN:T3_OhM0C0@e5X1WKn1TOgM0H2YOY51gJY10fNf0Y4XOXL0C2LY51gJ2NR1k0T2UOfM0B0B3MX51hJ1NR1j0o1UOPM2X1NiN0N4Nc5n0YJUO2Mf0R3XORM0X10hN0N4Nc5S1UKo1TO`N0fN4HX50dJ16R1LnNe0Q3YOkN3SNW59gJl00lNf0Q3YOkN3SNV5:hJk0OmNg0P3YORM0d12XNU5<kJg0NQOf0n2ZORM0d12XNS5>lJf00oNe0o2ZORM0X10mN3GR5>lJf0OPOe0o2[OQM0X10hN1NX5=hJe0OPOe0o2[O_N0gN3GQ5?mJk0e0h3\\OoJQ5=PK`0M\\O1G`0P5BPKQ5<nJa0N\\O1I?n4CPKP5>nJ?O\\O2H>P3@kN3SNo4n1PKSN?Q3_OjN4TNn4n1PKSN>Q5CnJo4n1QKRN=S5BmJT51jJ31\\1d0c3]OmJX52hJ^1c0c3]OmJX52hJ^1c0c3]OmJU50iJg1e0[3^OnJT5i1^KX3_OoJS5i1^KX3_OoJU5g1\\KZ3_OoJ\\5a1aJ`N`0Q5@oJ[5OeJa10bN>P5BnJZ50fJ`10bN2N7l4FTK4OV5l1iJUN7l4FTK4OV5m1gJVN8m4W5mLaJVN3MOP5]5nL`JUN9m4W5mL`JWN8m4X5QKaJf1O\\N8m4\\5nLeJP3[5QMeJf2GbKa5j1hJn2Y5kLmJW1AjNc5MmJY1@jNe5KkJ[1@RM0b1b5ZN^Jh1`0Z1@RM0a1d55^JXN6W3H\\Nc56^JYN6V4IYLd5X1]JYNOL4m4c5nLZJYN5g4c5PMXJXN6g4c5QMVJYN3MNi4OVKg5k1[J]3e5cL\\J]3c5cL\\Jk2OiKf5\\1\\J^NMQ45oKe5a1YJYNNN2X4OiK03j5d1WJZNM02W4OhK12k5e1VJYNO00]40dKk5h1TJXN1O0^4NfKj5f1WJXN0O0g4f5SMYJXN0O1b41[K10]5e1cJ]NM11M3d4N\\K11\\5d1dJ\\NN26b4K[K11\\5d1dJ\\NM21L001f40\\K00_5b1aJeN6]4J\\K00`5b1^JfN8\\4J]KOOa5n1bJPNMg41ZK10a5n1_JRNNf41ZK11b5Y1[JUO2\\40UK11b5k1]Jo20UK11c5j1\\JWNNd42ZK10d5l1ZJTN1g4OYK20d5Q2ZJf20YK20c5R2[Jd2P6XMoIRN2g4n5WMPJRN3f4NYKl5n1SJRN011f41YKk5h1SJ[N2i40TKk5h1SJ[N2j4OSKl5m1UJi2O]KP6k1PJ`21eKW6k1gI`22eK0OQ6j1nIXNOU42jK0OP6R2nIU23hK10n5^6QJbI02m5^6RJaI01k5MTJg6O^I2Nf5l6ZJSIf5n6ZJRIf5m6[JSIe5m6[JRIe5o6[JQI^5OdJc6MaION2Of5^6dJbIF0h5_6_JaII1h5^6^JaIJ1i5c6WJ\\I0Ol5j6TJVIl5j65L43EYIWJj6MTIg51\\Jj6NUIf51\\Jj6NUIf51\\Jo6c5QI\\J1Mk6h5SI[J2M`60hIl5HUJl6k5RIVJn6j5RIVJ[6NVJl5_OVJg10\\3i5oJVJe11\\NNj4l5TKUJl6Q6OO2QJRIj5m6WJSIh5n652M1O1O100OdJWJ]3OPKi5d1YJn2NjKj5X1XJ`3h5`LXJ`3j5iJWJ_1Oh3Q6WLoIi3Q6WLoIcNOQ5R6g111IUIUJl6S6MJXIUJ5MZ6l5aIVJ7NY6k5_IYJ7K^6Q69O1JRIXJg6o5ZIPJN1d62]Ih5OUJ02k6i5VIXJd6M[Im51UJf6n5[IQJf6i5XIXJ2Ne6W6O1O0000I]IPJd6P660O11O0O1O2K5UJlHg5R77nHSJk6V6NlIXIk5k6SJVIf5NZJo60SIe5W7N1OE>3K7I02N001O1N20WJlHd5Y70O010O0I]JoHe5Q7[JPId5Q7ZJRId5o6[JQIe5o6[JQIe5U7\\JhH`5Q7aJoHe5e6YJ]IT6k6L3L8H1]JgH[5^7dJeH1Om4`3"}, "iscrowd": 0, "area": 72662.0, "category_name": "net", "score": 0.8201310038566589}]}