{"images": [{"id": 0, "file_name": "images/uwg_g-132__fliph_jpg.rf.0366c452916a18969d0f56e9edeb8c9a.jpg", "width": 416, "height": 416}], "annotations": [{"id": 0, "image_id": 0, "bbox": [14.0, 7.0, 401.0, 408.0], "segmentation": {"size": [416, 416], "counts": "le1:e<1\\CGa<2`C1OO_<OcC8\\<HdC9`7F`H0b41]K9`7MSM7^2AVI0H=b44bKD]60dI=\\40_KJP1DZ47iJ>_48c1XORJMJe0]4;bLoNP32aL;Eb0T46PLjNG070H>1FO01MO0092FP2e1oMCX4c2gKVLU1U2POPOR4m2XLmKAe20[M2W1T4c72M1aNgKVJY2eN@h85VGRN;0Fa1i8<QH]On7a0YH[Og7c0iHnNX7Q1iHoNU7Q1lHnNV7o0nHnNU7o0mHoNU7o0lHPOW7m0nHfN]7W1Y2NhFiNh6S1d2O3NcFQOj6l0VITOn6h0SIWOQ7d0PI[OU7a0f2O1O3MTFDV7:h201O001O1ORFIS77l2O2NoELW73k201O1O1O0000Pj00PVO000000000000000000000000000000000000000000000Pj00PVO00001\\COW<0jC0V<0=001SCO30M010[<1dCO0031L0]<0cC00;\\<EdC>[<CfCNO1040M[<0fCNO108[<IeCO0<Y<FgCN0?V<CjC?X<@hC215Z<HfC206Z<HfC201ON\\<OdC314[<IdC305\\<HdC=]<CcC<^<DcCOO9_<HbC9_<G`C:`<3bCBO0X<4gC33JMOY<<kCEW<;7O1F]C31Lc<7]CJb<3^CLO3b<NeC3Y<MgC1[<O_C110`<N`C20Oa<O^C31Mb<73O1N2LSaf20RQdM0lRE4VNMh:OPG6XNLg:NPG6[NJf:0_E3I1O71F6OJ253T1MhN1O10Mm8OYGm0L^OOK3KM3g0j0l7SO_Gh10ZNL2;KH2NV1^8iNdGj0NVO9OG1O13N20K11O01O073I^1[8_NfGl0OVO9NG0013N23LNOO115k1R8UNhGR16YO3FH02O3m1LTNn7T1VHnNJ3>JB00O8W2d7oNYHoNK4;NMW2]7hN_H^ONK3\\1KUN1a0b73^H]OO0031L:1IOM0013O`0j1_OnNY7_OeHL1MY11_Oc0VO?3JU7TOhH3010M3NR12mNOb0h1@TOS7AiHDZ1OiN0a0h1@VOQ7[OlHGO1W2R1jM^O3a0m6FoHXO13OLa04_OM084G5i1LXOm64^ISO@23G5h1IXN0m0OSO0002j6NVI31L:1f13SNL:1B0>9CJOZ1d6cN\\I31M6OJ1S1OG5XOK114OH1>Q2U6oM]I91O2Ge02ZO01O66G0042EO`00T1OgN0I_67hIKJKj0OUO95M10KK30>0Di1JYNf67bI0c0>[OBKIc0MBi1NWNb6>]I2c0<ZOH6f1JgM00i60WI732NG`00I300K=7A4ND]1k6dNQI370JM3O<4AM30d0<XODZ1T1fNmN0Ng04Z5MoI31N12OM2087GJ10d0?ZO@1010>OF]1>iNZ5KQJ73LNM2089EI10f0h0[OVOi0[1JmNW5HTJ65O?<J_OIf0JYOP1[1FnNT52XJL2I9a0CB60Oh0i0b0ROcN`0<Y5;kJI]OC50Oh0i0a0SOdN?c0R5^O]J29M;4]OLO50N2Mg06XO40FT10lNT1g0Dg4YOaJ29M;4]OLO50N2Mg06WO51ET10lNS1h0Gd4WOcJ37N;3_O71D?2Cg0n0WOnNU11kNc0n0f4SOfJ38L<4\\O8f0E@b0M^On0OoNU10mNd0m0d4ROhJ38M;a02@A`0JDP1U1CGc4YOjJKa0=NICd0h0;XOeN;V1g4kNlJ3n00RO8`0E@30O0n0f0POZOZ1d0M\\4iNQKOm00SO040L1OOe04[OM1<O80C0K2a1b0FZ4gNSK1n01RO7a0`3@YLNN1]1m4cNSKOP14oN6b0g3^OPL0`1l4`N[L<[OE^O`11bNOM2b1<N]4`NUK0Q1`0]O_1FINWN00Nb1k4gNPL:B]1GNLHj4"}, "iscrowd": 0, "area": 158881.0, "category_name": "net", "score": 0.9736335277557373}]}