{"images": [{"id": 0, "file_name": "images/uwg_g-1105__fliph_jpg.rf.89c18e0f8be1400515ac84f42d58abf5.jpg", "width": 416, "height": 416}], "annotations": [{"id": 0, "image_id": 0, "bbox": [160.0, 165.0, 256.0, 183.0], "segmentation": {"size": [416, 416], "counts": "PfQ21ah01cWO0^<OaC3O03M70J0O070J0O0c:0ZE4000O8OJO011N010O00c:0ZE;OI8OJ9OD23ON2Oc:^2IbM`EP20TN0M1O00a:2_E12O0O00100O70n:2hD1101N00100O70m::hDJ10O02N017OI010g:[1\\EeNJ31N:On9]1hEbN0a04DQ:V2mEjMS:W2lEjMT:V2kEjMV:`20000O100^OZMkFe2T9]MkFd2P9XMdF4<e2BWMY93hF1=h2j8XMhF0>i2h8XMjFO>i2g8_MZG`2a8eM`GZ2`8eM`G]2_8cMaG]2^8eMaG\\2^8bMSG@?n2]8eMbG^2X8fMiGZ2V8fMjGZ2V8fMiG[2W8eMiG\\2V8dMjG\\2V8dMjG\\2V8dMjG]2U8cMkG]2T8dMlG\\2U8cMkG]2U8UM^G2=i2U8cMkG]2U8cMkG]2P8lLeGg0;]2o7nLdGf0=\\2P8mLbGh0>[2U8cMkG]2U8mL`G2N8=i2V8mL^G`0<c2P8lLdGa0OC=P3n7bMfG^O<P3m7cMgG]O<P3m7PMeG=3B;Q3U8[M`GC=Q3S8\\M`GD<P3o7mLeG?0D=o2h7nLjGg00\\O>o2h7nLjGg0O]O?n2h7nLjGg0O]O>P3h7lLlG2N>2C=o2R8ZM^GF30?o2f1oLP4`0kIC>n2f1PMg3OTJ21=OE>n2g1PMe36VJ8OD>o2f1SMe32WJLOO21N1?o2e1QMg33VJK0N32N1<Q3d1nLm3OQJO0Of02JS3a1nLo3OPJN10e02JS3a1mLP40oIO0Of02ZON>U3b1mLR40oI1OO;OH4:P3`1QMT4LoI20N<NG5:P3`1PMU4MnI20M1O91H4;P3^1nL[4OjI2`0MB3<P3^1nL[40iI1a0NA3<P3^1nL[40iI1a0MB58Q3b1jLZ49kII72G0=Q3i7aMlGDOGO16R3o7cMlGL5b2n7bMmGH0B5S3n7dMnGBOF204S3m7QMnGON82OOF204S3m7nLlG10?2IOF205R3l7XNnGfN6R3k7YNnGgN6P3l7YNnGgNON4S3P8VNoGgN5R3l7WNoGgN5R3l7SMlG40>3YO5R3l7WNoGgNN04R3n7YNoGfNN04Q3P8YNlGjN3o2P8VNnGkN2o2P8WMnG`01WONO001R3S8QMlG02f00XONO1O0S3S8mLlG2022f00XONO4R3Q8WMkG`04VOM12S3R8SNnGjNM03S3S8aMjGK2AN02U3S8RMlG12JN15LK12S3T8lLjG14140I28LJS3V8mLkG61KN35LKS3k8nLUG2<P3_8nLUG2<P3h0nL\\61_H13M2S3P1nL]6O_H3<P3f8nL\\GR3d8mL]GV3`8mL]GT3b8kLPG09o2g8PMPG2007o2V8nLeG1O010N2006P3c8nLYG0N20N9P3g8QMPG2OM8OHP3Q9RMPG2OM:P3a8PMWG002ON4U3e8mLWGO010N3W3a8hL\\G30O01O21S3]8hLeG1N20O010N3V3[8iLdG1N11O10OO31KOOn21RM_80jG10010Hm2NRM_80jG01011Gm2`8SM`GO10e01ZOn2_8QMbG1O0=OC0N10P3g8PM[G0=0B3Ol2T9RMmF0NN1110N00P3U9QMmF60HO1O00l2W9SMmF0L52KO1Oo2]9WMhFJMm2g8TMfG6FIMm2g8TMaG0G70G011m2h8SMYGOOa0O_O010n2i8kM_GVOGl2l8mM_GS2a8mM`GR2`8oM_GQ2a8oMUGVO004k2f8PNVGVOO03k2h8oMVGUO013j2f8PNXGUO6f2I[Mi87XG80@O12f2OZMg8k0YGTOO12f2k8YNSGQO1h2k8XNSGPO1h2m8XNRGPO1h2l8UNSGTO0j2n8QNSGUO0i2m8RNRGVO0i2n8VNRGoN2f2l8[NRGoN2f2l8^NSGc1m8ZNRGoN3e2k8WNRGVO7a2h8YNQGVO7]2IbMo8k0QGVO0M5d2j8ZNRGSOO05b2j8_NQGoN4c2k8^NQGoN5b2k8UNPGZO2ONO6^2LcMn8g0PGZO10ON6^2LcMn8g0PGZO107\\2JcMn83PG>1_O1O7^2GbM10n85QG=1_O10NO6a2J_Mo85QGO081E01ON6c2j8`MQG1070F10NO6^2JbM10o83RG0O80F1O7]2KcMl83QG1070E206]2KcMl83QG1070F1O7]2m8mMkF01G0O6^2n8lMkF10F01ON4_2MaMR9:nF01GO1ON5^2Q9lMkFO2G006Y2HhMU9e0mFZO006Y2GiMV9e0lFYO017X2GiMV9f0kFYO1O7]2m8_NkFUO0O5]2P9_NjFWO0M6^2P9YNkFZO1O8\\2n8ZNiFZO207\\2n8ZNiFZO>\\2j8eMhF`00_O=]2k8cMiF3O<0A9]2JcMd20a30hI4O<0B9\\2IcMQ9OnFf00[O8b2m8PNoF]O4a2G_MV9c0oF]O4a2G_MV9c0oF]O4c2m8PNnF^O2f2o8lMoF^O2f2P9mMlF^O2f2S9ZMiF;5C0k2T9`MmFEOV2K]NY9HUGj1B_NX9@hF1;k2l8RMkF19j0Fk0O`NW9IkF29k0EU1[9oMQGl0Dj01[N0O[9NQGn0Di07[Nb9l0WFi0U:WOkEh0Z:j0UFbM[9]2YFbM45IJc9a2\\FcM1L46OJ]90`F]20cM0010092I^9X2iFfMG92J]9X2iFfMG8OH40\\9Y2oFZNP9f1PGgMAb0]9g1dFfM;f0Q9d1SG[Nb8[OXGi1I\\NMOa00_O01L0010P90XGi1I\\NMOa0NAOOO[90nFi1I\\NMOk0LYO1Q9OUGi1GWNO50Lm0:TOEn80[Gi1FbNl01TOEo8OZGY2a0SNWODZ9c1gF^N0OO4Q12oNJ^9a1lFcNh00`8]1eF_NH5S1K_70`Hc1QO]NN10O00g91mFOEc1HbNOK31`90QGOEc1HbNOKO20O\\:0mEb1IbN2K\\:1jE`1JcN0L\\:1jE`1JcNb:LeEa1HdNc:KeEb1EbN0M0:Y:EQFY2FkMS:LWFY2GjM_:k0aEFO]O001OO20O1Oe:k0ZEUO7?LB1Oi:m0[EAKC1Oi:e1VE\\NNO00k:f1WE[NM31Mg:e1YEdNOG0Of:Y1ZEgN182IN2l:U1XEmN6Kb:W1YEkNKNY;X1kDkNKMY;e1hD\\NO70Hh:g1XEdN0Fg:f1YEdN1Ge:`1[E^N37h:U1TEeN1O76c:W1UEeN;0FNj:c1YE^NM5j:^1VEnNd:R1\\EnNd:g1M4OZO`E\\N04f:^1]E\\Nd3"}, "iscrowd": 0, "area": 26294.0, "category_name": "pbottle", "score": 0.8251246213912964}]}