{"images": [{"id": 0, "file_name": "images/uwg_g-280__fliph_jpg.rf.89e3632960205a7b00fed034c3940aca.jpg", "width": 416, "height": 416}], "annotations": [{"id": 0, "image_id": 0, "bbox": [178.0, 20.0, 56.0, 326.0], "segmentation": {"size": [416, 416], "counts": "^ZY2[1V6[OVNa1X1oNRNc1b1eNPNn1d1[NlMX2j1VN^M_2W2hMWMk2`2WMZLY4[3hK`Li4S3i2I3M2N1O10O002O1N3M7I;E;fFkL8[O\\7X5N2M9G6J5J5L3M8H4K4M4L4L3L5L3M3L5L3L7J3M4K4L7J4K5L7I8G>Ck0TOc0]Oa0^Of0[OTdY2"}, "iscrowd": 0, "area": 11090.0, "category_name": "gbottle", "score": 0.9765030741691589}]}