{"images": [{"id": 0, "file_name": "images/uwg_g-150_png_jpg.rf.65999bb3fa36654e090959a5927da1a1.jpg", "width": 416, "height": 416}], "annotations": [{"id": 0, "image_id": 0, "bbox": [102.0, 1.0, 237.0, 412.0], "segmentation": {"size": [416, 416], "counts": "kRW1:g07e:MeDC?m0`:FXEe0KiN_:b2G7I5L5K4K6J4L5gFZLQ9i3oFZLk8Q4eIkKe3[4TLeKhM2Q6^4VLbKe3i4ULWKi3o4PLoJVN2h5T5oKjJYN1g5Z5h14WJaJn3b5PL^Jm3f5[NeJnN`5P1fJhN]5W1cJfNb5X1^JfNd5Z1\\JdNg5[1YJdNk5Z1TJcNQ6[1oIbNV6\\1jIcNW6]1iIaN[6^1QJRNS6m1WJhLjNf0R7a2VJgLhNf0U7b2WJdLdNg0Y7e2YJeL_N<Z7n2^JnLe5R3[JmLf5S3ZIeLWO40K;1K7\\7I^HU3`0mLDNLT1f7P2WIkLTO0301d0a7a2gIkLdN00=i7e2cInLdN00=k7c2aIcM`6]2^IdMc6[2WIRMkNf0P8V2bHSML0C1Of0P8V2[IgMh6V2XIiMj6V2VIkMi6V2VHZM`0`0[7U2UH]M8K^Of0V8Q2TH_MGJ6OJm0V8j1SH_MHK5OIm0X8j1RH]MJL4c0IFW8^2RH]MJL4d0HEX8`2jGWMO006;i0k7l1iGbM<b0k7\\2jGfL5o0Q8[2jGhL3m0S8k1jGUM00070I003P1S8j1QHWMHO20O00001Oo0W8j1QHWMLOM0000S1U8i1kGTM31O0NO003>MBO=V8_2jGUM40L:34M0V8]2QHUMI:0h0n7mNYHo1JTN0N1:8FF:0F0o0_7@kHl0KhNV1LeN113OM0013O00<n6=mIWOBOd1NPN3OM070>T6ZOmI_1h3bNXL3Oo0_5nNeJ\\10dN0Ok32QLN11OR1X4mNlK18h1HWN\\4`1A`NSL1O6Mh1S2SNoM0U2OiM_1[3iNgLi2N[M1F10O0h00^O9f1ETNO0001O01O70I0O`0S30oLb2OZM1G0N10T1;j0DPN:7FH10404P3O^MHB11O92F21L01210OOY11fN03N11N0O]1:b0Q1l0\\OSMC3:N_OO]11_N0000;0E4O0k0LVO04?U2AmM0J1Ob0g2h0\\MZOMZ1`0VN@1e0g0U2SOVM`0f2k3[MfK8OH91I1O02Mn00oNj2=JP4]MdK40N9NI1NO[1o2jNCg3]MbL1C30N6OK3MN\\1f5_OXJT10]O3dN0210N6NM2L0[1e5SOYJ[30YL3704MF0Y1f5U3ZJkK2\\11XNf5R5XJfL2XNf5k4XJXK0e1n5Z3RJ_L1_No5e67OiI\\IT6c6mI]IS6R4kI\\N2bMS6d6lI\\IT6c65N3`McIWNb6S41H]IQJ0Kc6[62N2EZIRJ01OOi6l5[ITJk6c5QIaJ4Lm6j55NkHXJ00Q7k5RIVJm6e5SI[JP7b5:HbHfJ8OP7V5hHkJ1O70Q7U5hHkJ000140T7U5gHPK5JX7Z5iHiJV7_3dH\\M0VO2L24LM4O_7\\3_H\\MN\\O0N0N80k7k2mGWM4O2c0J]O0012^4MCa2nKcM1M31;5AJ1O010O00k10XN100U6^2gIdM2M31>3^OL0010O000=1Bg04YOLO1h06XO[10j2Z2fKhM9N91L1DOLX21jM^1ObNO[4P2dKPNe1Q3_ORMlN5_4_1^M\\1_NmLGo0`4b0[Mc1SNkL50KV1f48UMj1TNhL6Y1c46mLl1bN\\MIYO013OM2l4Y1hLQ2cNbMLROM2o4V1eLS2dNeMGQO21Q5m0nJTOd1X3^NeLM10n04QOO0S5P1aL[2\\NeLMn01SOb5m0_JROa1[3bNbMg52fK\\2dNeLN100O0R6m0lIRO^1]3ROcL<0c4k0aJUO00Z1^34cLU49\\JK0N2M]1]3eNcL10O00100;O[54WJO1Oa1[3aNdLO10O01O2ONV6OiI32O`1V3fNhLLO0002O0O0Y62eI03MY1X3lNgL30I2O0O06Ni5:PJJZ1T3nNiLJ00101N1O11K02S6<lIC:O40MZ3MlMJlNU6>jIA3O83DN1O000Z36mMJlNW6c0iI\\Oi0V3_OiLJ3M0075EK111Y6OhI?NCi0T3AiLJ101N2N0;NV6N_I<0Hh0R3CjLI100O3M0<MZ6>\\IC107U31iLI10O0;6G`6`0VIB001L0X39hLJ1L00c04]OM1l6m0SIY2:hLFZ1Q7@PI^29hLIl0O[OR7=mH\\O0X39hLJ4L0100L:0E3^7:dHi2?mL@100=LC2c76\\Ho2a0jLB101<MB2f7]3iHbLDO01=O@2j7Z3dHXME\\O10L2n7W3]H]MHZOO002n7U3dHiL_O0a00_7W3c10lGiL`6V3f10O01O001O00001O000000001O0001dGnLh6R3c101O001O0002N000001O00010O1O001O01O01O_GPMR7Q3^101O^GPMT7P3_1O010O001O1O01O0001O001O010O010O1O001O1O01RGVMe7i2ZHXMf7h2VH\\Mk7c2SH_Mn7`2oGcMR8]2kGeMV8Z2hGhMX8Y2dGjM]8U2]GZMBe0Q9Q2ZGTNg8k1WGWNj8h1TGZNm8f1QG[No8k21O1O1O001O00N2K5J6C=N2RNQLhJR4T5VLZJYO\\Oi4W6XLPJT4W4ZKdLV6Y3UJPL^6k3g1Cc0]Oa0RMlF`0oNXO_<2Phl0"}, "iscrowd": 0, "area": 64510.0, "category_name": "net", "score": 0.9287049770355225}]}