{"images": [{"id": 0, "file_name": "images/uwg_g-1287__fliph_jpg.rf.ee6bcdb42186975518e0c6e49c337d2e.jpg", "width": 416, "height": 416}], "annotations": [{"id": 0, "image_id": 0, "bbox": [240.0, 143.0, 76.0, 124.0], "segmentation": {"size": [416, 416], "counts": "Z`R37f<4N3K5L4L3L5I5M7J9H3L3M2N2N3M3M2O1N2O100OO110000O10O100000000O2O000O100000000O100MWEoMi:Q2XEnMh:R2WEoMi:U2O001O1O0001O001O001N3M3M3M4K7I5K6I8HWm\\1"}, "iscrowd": 0, "area": 3837.0, "category_name": "tire", "score": 0.9361210465431213}, {"id": 1, "image_id": 0, "bbox": [122.0, 317.0, 106.0, 98.0], "segmentation": {"size": [416, 416], "counts": "^Z`1b0T<:M3M3M3M3N2N2N2N2M3N2N2M3O1N2O1O1N2O1O1N2N2O1N2O1N2O1O1O1O1O1O100O1O1O1O100O1O1O1O10000O10000000000000000O100001O000000000000000000001O001O1O1O1O1O1O1O2N2YNfEd0Z:WOaE\\O:Z1W:XO`E@5Y1\\:gN_EM36MM4Z1j:gNSEO3Z1j:eNQEi1o:VNSEc1O_Nn:OQE_11_N20n:2oDR11VO0FU;V1mDWOT;>jD[O73Q;LiD:5A35[;MW101O0O_X13db_2"}, "iscrowd": 0, "area": 6690.0, "category_name": "tire", "score": 0.9393816590309143}]}