{"images": [{"id": 0, "file_name": "images/uwg_g-407_jpg.rf.fff7585400e7b67340a73aeb200fa2ed.jpg", "width": 416, "height": 416}], "annotations": [{"id": 0, "image_id": 0, "bbox": [274.0, 113.0, 77.0, 79.0], "segmentation": {"size": [416, 416], "counts": "nRa39c<6G8I7J6L3J7L3M4M201N101N100000001O0001O01O001O01O00010O01O1O01O010O01O010O01O100O00O2O0O2O0000010O00010O00O2O000O2O0O1O2L3M3L4K6L3M4L3M3L4L5L5J7Jjki0"}, "iscrowd": 0, "area": 3868.0, "category_name": "electronics", "score": 0.9593650102615356}, {"id": 1, "image_id": 0, "bbox": [157.0, 109.0, 121.0, 176.0], "segmentation": {"size": [416, 416], "counts": "Wlm1m0R<=SDgN07n:g1nDVN062FX:o2HM9lMeE[O21N61I1O10O02N[:1dE9NI0O3ON20O1O010O010N^:0aE:OI100<0DO02N00i:1WEO8OK<LF10S:OVF1S10dNOa:0hE16N93WOMc:1\\E0e0O^O;LG0N1022N2h:MWE6i0IYO0`00A3f:NWE6f1LdNMS:1cEOP12QONc05]OKO11O00\\:1cE21Mf12R99nFEWO4h88eF93\\OD2j01j8NZFO212N3d07]OE0h04m8KRG`0K@56o8J^F0N04c0;]O46R9JdF0Lb0R1E]9OXEJ41T17NIY80XH8AGU82XH8l:2hDEj9;oEHoNM[9OVH>^OMo95oENo93nE0a8@oGa0@0a8_OPG0=d0O0c8\\OPG1<f0NOe8ZOlGk0ZONj8VOlGo0WOMY9TOQGS1@NV:`1N1N3M4L3N2M2N3N3L3M3M3N2M3M3M2O1N2N2N1O2N2N10000O1001O0N3N2N1O4L5L2N2M4L2O3L3M2N3N1M4M2N2N2N3N1N2L4O1N2N1O2N1O2N10000O1OO10O01O20O2N1O2N2N1O2O1N3M2O1N3N1M4N1N3N1N3M3L4M2O3L3M3L5K6H_`g1"}, "iscrowd": 0, "area": 8891.0, "category_name": "cellphone", "score": 0.9271532297134399}, {"id": 2, "image_id": 0, "bbox": [147.0, 111.0, 62.0, 177.0], "segmentation": {"size": [416, 416], "counts": "U_m1l0o;h0YOT1nNh0YO8HO2O0N3M3O001O1O1N2N2N2N2N2O0O2N2O1N1O2O1N2N2N2O1N2O1N2N1O2N2O1N1O2N2O1N2N2O1N2N2N2N2O1N2N3N2M3M3M5K;Fa0\\Ob[d2"}, "iscrowd": 0, "area": 4458.0, "category_name": "cellphone", "score": 0.9506498575210571}]}