{"images": [{"id": 0, "file_name": "images/uwg_g-1053__flipv_jpg.rf.027ae0a74be549894fa1d6283b4c4f9f.jpg", "width": 416, "height": 416}], "annotations": [{"id": 0, "image_id": 0, "bbox": [187.0, 28.0, 154.0, 237.0], "segmentation": {"size": [416, 416], "counts": "bnW2249Z<:jC@MLM0a11bN3LLP30UM0U6W1gIjN<0F50J>1C;_2F`MN11U6[1gIeN:b05AA;T1C50iN01Oo5OoI01_18TOO^OJe0P1^OTOMf01UO01OW6i0TJZO91CMH1O=l0AVO1P1NQO2N010V6g0VJ[OINIO64MLN2O10=j0BWOO1Oj0OWO3M02Mi53VJ0Og08VOK525NMML0P12mN80I4L5S1KmNNS6NQJX1LkN221KN;2LNR12gN>4_O9o0KS5KnI]11fNO;2R11^N=d0C]O1N<8a5S1PJI1`0O`N3S1MlN>5_5R1bJ@Ao0`0XNA?0B2N<4@Nm5:SJ>c0_O^Ok00MOoNh00[O20O10b01\\O0k5V1fJ_1KYMH2K1100O1O=3@N[2NU1X1SMa1H[MG0N000011N5M18T2IT1W1UMf1\\OUM0R15lNM0O8Z2HT1W1UMB\\Og22fLN2[2IS1V1VMS2\\OeM1CZ2^OU1V1TMl1D]MIC10OMOd0n5c0fJl1D]MIC10Oc0T2ZOb1W1lLm1E\\MHE0h0T2UOb1U1nLl1E[NGgNn1LUN1c3U1nLl1EZNHiNl1KVN1c3U1nLn1\\OnL1\\1OgNm1KVN1c3V1lLR2AiMNSO10k5R1eJR2GhLI1O69IN1e5W1aJX2DbLN=8JHIl5W1`JY2E`LOb03DNJk5Y1[JZ2K\\LOc01@3NLMg5]1]Je3OVKc5U1^Jf3NUKd5U1^Ja2KUL<>h5n0lIh2>RLDHQ6j5UJTJI<1F1NZ30ROn5cMfJO]Oa30mNm5bMjJb3YOlNh6T1XIlNi6bMWI^3OPOQ7FPIoNO[1R7dMnHl11TO0\\1Q7cMoHl11hNNE1T2k6bMVIS20bNOD0U2l6bMSIT22bNNC1U2l6aMTIU21nNO\\1S7CmHQO1[1S7ClHRO1[1T7AlHTO0[1S7\\OlHYN1P10[1S7\\OlHYN1P10[1R7]OmHXN1P10\\1R7BmHmNOUO2\\2S7a0lHSM1\\2S7a0lHSM10NW2U7FkHnN1UO1\\2T7@jHoN2TO0]2T7@jHoN2TO0]2T7@jHoN1UO1\\2U7_OjHUO1\\1U7_OjHUO1\\1U7XOjH\\N1j0NWO2ONW2V7^OjH\\N2i0NWO2Z2U7@kHbNN12n1S7@mHaNN12n1T7_OlHUO0\\1U7eMiHd11\\O0[1V7dMjHd11\\O0PONW2W7iMjHd11\\O0[1V7eMiHd11\\O0\\1U7dMiHe12[O0\\1T7_OlHUO0\\1o6DQIQOO[1P7_OoHUN2Q1O[1P7cMPI2O>0<1UO1P10\\1o6dMoHe11[N10Ok00a1P7^OPIVN10Ok00a1P7^OPIVN10Ok0Ob1R7aMoHm11UNOk00a1V7eMiHc12]NNj01a1Q7bMoHm11h1P7U22O0000101N0O2O1O1O004L001O00001OO1KbJhH^5X7bJfH`5[721O1_JcH]5`7000IcJkH]5T7eJhHN0]5X78O2LXJmHh5X7OO0KZJnHh5Q7400O100N21O001OKRJWIo5m60O1001OL4CnIkIS6T6nIfIOOT6b6mI]IS6c6mI^I1Nl5d6SJ]I2Ok5b6=^OeI\\J^6c5dI[J]6d5dI\\J\\6c5bIaJ]6_5cITJ07^6e5lISJW6m5>O1LoHYJQ7l5YIVJV6j5eIeJK^OS6m5RJcJS6]5mI`JV6`4eI`K0N=GS6j4cIXKOM06?IP6l4kIUKF6>JQ6U5aI[K4MT6h4hIZK5OR6c4mI\\K3DG6[6m0eIW1OnN`0fN71k5T1_ICOi01CU8OkGD04OVO1`0Ob0V87kGl0OmN3oNk7W1VHNMJOL2YOOJ83R7MeH1306c0Kc0MI1K1[O3JN2f8U1WGI1K2YOW9R1gFPOO:1C0h0e9H\\F_ON2?7FFNa0L^OQ:<VGHYOM@:V:GlE77G?2ZON93G5\\:1kEHd0O[O0I230MO_:7iEHo00iN1k:7k1M5L[=O^mk0"}, "iscrowd": 0, "area": 33275.0, "category_name": "pbottle", "score": 0.7687479257583618}]}