{"images": [{"id": 0, "file_name": "images/uwg_g-1282__fliph_jpg.rf.90af1c76af67d2c14f44f3f20393a4d8.jpg", "width": 416, "height": 416}], "annotations": [{"id": 0, "image_id": 0, "bbox": [131.0, 2.0, 92.0, 381.0], "segmentation": {"size": [416, 416], "counts": "Qdc12d<;O1OI`CKa<6aCI\\<:dCF81e;1PD70I3O10k;2SD90HN01Li;=WD9g;@[DKO3N71Hf;3bDLI70Je;9[DHN80KS;LWEZ1h:hNUE0IS1Q;f0O2N2N2N4L2N2RNdMTI^2h6dMkGOF0Q1^2\\7dMZI]2c6cM_I_2\\6dMdI]2Y6eMgI]2T6eMSHGd1g2T6eMVHF8NQ1j2[6dM^HB70P1l2X6`M^Ja2`5`M`Jc2Z5`MfJb2U5aMRI\\O`1V3X5QMSI54Ea1Z3o4PM\\I23Ea1]3h4PMcINe0Cb0b3Q5UMhIYOi04VOMT1f3k4VMQJTO00e03\\OMS1k3`4]MkJQOi0JhNe3_5dMeJVOT1^OlNO0e3S5nMkJQOg1P3U3mNmLV1l2]MZKlN;n0ETOf1U4\\2PMnKiN;o0DSOi1Z4o1PMXLeN9OGo00SOj1[4f1[MdLZOMPO2Nc1^4^1cKlLV31jLm1]4f0bK`Mb3Q2k0=eK_Ma3W2j06SLbMG4a0>g0^ObNV2\\4HaLSNXO0e00UO9d1F]NX2[4UNgKl0W2hNfM5e1J\\NY2\\4jMkLNlN0Y4^2R61M3ZK`M\\JOT1NRO3I8T2\\2`3[M]JOU10PO3I8R2_2b5VM_H0R2k2m71JSMXFo2c9:NlL\\Fm2P9oLTG0L1130Q3k8lLVG6MZ3j8nLVGR3g8g0M7I3M5L3M3K4M5L4K4L5J4K4TOYJWJZ6Z5P1E8H7H<E8F?_O=[OcFRMo9o1Q1\\NoD7_<Dhd`2"}, "iscrowd": 0, "area": 14856.0, "category_name": "tire", "score": 0.8066743612289429}]}