{"images": [{"id": 0, "file_name": "images/uwg_g-718__flipv_jpg.rf.cb7e78e6aaf25b76e9e6f851050596b6.jpg", "width": 416, "height": 416}], "annotations": [{"id": 0, "image_id": 0, "bbox": [1.0, 135.0, 242.0, 132.0], "segmentation": {"size": [416, 416], "counts": "j6121`;3_DM10O3e0N[OO[;OfDd0O@1M96P;IgD1Og0<@j:IkDm02SO3OJ5j:LWEOO2021j0OVO48d:D\\E0M1O00T17TOJ2e:m0aEQOI5X:BiE0000[15_OR:VOiE001OZ16_OQ:WOjEO0^15lNJ3X:DhEb14WOT:WOiEa1O^N1k0e:UOZE11P15YOJ3f:C[E01P14I_:XO\\EO0Q10oN2j0^:WO_E00U14D[:g0cEYOW:VOhE00_2e:lN]E]Of:XOZE<MD33N689`:@WE?1O83S:]OhE0N0NU2\\:lMeE3OT2V:iMjEd2P:[MQF1O00d2Z:O00O1M\\MjEd2P:[MQF1O00d2m9[MTF4Od2P:XMQF0383l1i9lMYF54j1c9QNZF42l1d9PNQF0468i1`9QNTF000299f1`9RNTF3359f1a9QNSF4359g1c9PNRF0388h1c9PNRF0388h1c9PNRF01::f1c9PNRF037:h1^9QNTF20N659i1\\9SNUF343;g1_9TNRFN2::f1c9PNUFa0M_O1Q2m9oMRF1O0073INO0S2j9mMUFQ3j93N2O13M00N200O1O11O3LO3O00O02OjLYFS3n9L0PMVFk2i9UMWFk2i9VMSFm2c9RMaF1M0Om2c9SM]F0001O3k2e9VMWFQ3l91O0001QMTFh2k9YMUFh2h9SMXFT3m0lLk78XGe2l0TMl77XGI1`00d1k0mMk76^GKKM171o1i0lMl76\\G9Oe1d9QN]F82g1[9jMdF8M80@1W2i0iMP82UGN2<0D4V2e0jMX88[Go1<iMY84PGL:X2<hMS80YG4=U26gMj70mG44T2i8hMlF0M3>V2S9gM_F3>W24fM\\84mFO=W2:fM\\84mFO>V28hM]83PGL;Y28hMY8OTG32MO2NY2b9gM\\FO25OK33LW2d9jM]F63HMY2c9hM]Fn2l9OO11OKoL[FQ3b9oL\\F02Q3b9oL\\F02Q3j900000OkNTFXOl9h0TFXOh9lNZFR3f9nL[F32d2h9ZM[Fe2e9[M\\Fd2_9[MgFe2Y9[MfF5DX2c9cM[F1>3F?L^O0c1e9\\N\\F0=4FX2g9g0O11OO100001O1O0001N100010O1O00O2HkLbFW3c90O2N2O1N2L4O1O2N5K1O0QGVLh8j37L4000PGZLf8f3ZGZLf8f3TGYL32h8e3\\GYLe8f3;001OO10000DhFiL2NY9W3gFiL10X9X3eFhL40W9X3eFkL_9T3aFnL^9R3cFlL^9T3bFmL]9T3bFlL^9T3bFkL`9S3aFlLb9R360002N00100NVFPMf9P3ZFQMf9o2XFSMg9S31N2O000HZFUMh9j2XFVMh9j2XFVMi9i2710OoEWMk9P3O100O01N10001N11O0RFRMk9m2UFRMl9n24O00PFSMm9m2SFUMl9j2TFVMl9k2SFTMn9n22O0NPFTMQ:k2oEUMQ:k2oEVMQ:k21N2O2O001O001N10001O001O001J5O2O0103L0001N1O2[OfEaN[:Y1RF_No9[1o0J5J6J7I7H9G``V2"}, "iscrowd": 0, "area": 21991.0, "category_name": "pbag", "score": 0.8745148181915283}]}