{"images": [{"id": 0, "file_name": "images/uwg_g-1240__flipv_jpg.rf.68004495987512d97ad9d3872d78d1b3.jpg", "width": 416, "height": 416}], "annotations": [{"id": 0, "image_id": 0, "bbox": [69.0, 54.0, 304.0, 206.0], "segmentation": {"size": [416, 416], "counts": "RUj08d<7J;cCWOn;R1A?I6I8L3M3J7J:F8J3M4M3M2N2O1M3K5M3N2N2N2N2K5L4O1N2O100O1M2M4NcKgGV4W8;L3N3N1M4L3MjJ[HX5b7401M3N1M4N2O0010O01O00001M210N2O00SJoHl5S7OM4O001O0000001O010O0O2O0MnI[Io5d6TJZIm5f6PJ\\IQ6i600001N10000100O1OO1J70gI[IU6h60010O0000LkI]IU6c6kI]IV6c6iI_IU6g6O00000^JWIm4i6TKVIm4i6e00000O1N2O1O1N3M2O1O10001O0000000O11O102M3M1O00O1001OLfIfIV6Z6jIgIU6Y6kIgIU6a61001O00OTJZI`5f6`JZI`5f6=000oIYIi5h6TJZIl5n6QJPIl5P7TJQIk5n6VJQIk5f6UJ^IP6a6QJ`In5`6RJ`In5a6PJ_IQ6h60O1000O20OO2OO1MPJUIQ6i64KkI_IU6a6lI^IT6b65005K1O000000BlIgI04T6Y6mIgIS6Y6mIgIS6W6oIjIo5W6QJjIn5X6PJiIo5e6O0000000O10@RJ`I0<n5S6SJhIONn5Z6TJgINNo5[6SJgINK1On5_6TJiIo5W6QJiIo5W6PJjIP6b61N20oIXIj5i6UJVIk5m63OQJTIl5`6TJiIOHl5_6WJdIMLO3l5_6UJcI3Li5b6SJbIT6[6PJaIR6`6nI`IR6a6mI`IR6^6PJaIQ6_6jIfIV6d6MJoI_IQ6`6PJ`IOMm5a6VJbIMNl5b6UJgIh5o6JZO[JQJe5e600OD\\J_I1D_5\\724K2ONdJ`H\\5\\75D_JRI3Oa5o6\\JQIk5R7O011VJlHe5X702N0O100O1O100OLdJhHZ5W780O1cJgHS5Z791N0cJfHV5Y7kJfHV5Z780bJiHR5X7mJiHR5X7nJgHS5]7iJbHW5V7kJPIU5R7jJnHV5S7iJRIR5o6mJQIR5`7N1QKRHk4^7[KeHK3h4W7fKcHB1g4]7ZKbHX5^7hJbHW5_7hJbHO09O`4h7`KYH^4i7_K[H_4e7`K\\H_4f7aKYH_4g7aKYH]4k7`KUH`4l7`KTH_4l7dKRH\\4l7ZNVHoNk7Q1THoNm7R1QHnNP8P1SHmNo7S1QHlNP8U1nGlNT8R1mGlNV8Q1kGYMO_1Y8X1eG\\MN^1^8U1dG]MO\\1a8T1`G`M0>06e8k1YGbM1MO>18h8i1WGeM0L000;28h8f1WGhM2O21LO1O5d0e8d1VGkM0N13MO1M010d0l8HUG[1O\\NO01R1m8XOTGZ1O[OOZOo81SGZ1O[O0WOP9IoF44a1M[O0VOQ9KPGN5k2KZMQ9MQHl1lNTN21T9LPHU2lNnMU9LQHV2iNnM_8MTHOe0U2hNnMb:W210UOfMRG4UO02b1T:^NXFMFO5a1m9eNjEJ:2IO6a1k9hNVFF;\\1`9ROPFC`0Z1`9iNQFOON:0C[1S:hNRFMh0X1W9lNSGS1o8mNoFR1R9nNnFo0V9nNcENX1R1U9QOlFo0V9oNkFP1P9POPFOl0m0V9TOnEOl0l0j:VOPDg0]:XOTG1cNb0Z:\\OTG1iNOH8P<ITbb0"}, "iscrowd": 0, "area": 50477.0, "category_name": "tire", "score": 0.9411404132843018}]}