{"images": [{"id": 0, "file_name": "images/uwg_g-713__fliph_jpg.rf.657f234e6a3ee3ed2f795c5b24f09820.jpg", "width": 416, "height": 416}], "annotations": [{"id": 0, "image_id": 0, "bbox": [152.0, 129.0, 93.0, 157.0], "segmentation": {"size": [416, 416], "counts": "Tgn1b0]<2M6G=H3M2N4L3M2O2N1O1O100O1N101O1O1O2O1O1N1O2O0O1O10O00O2eNRN`GP2Z8UNeGm1W8VNhGl1U8VNiGl1V8UNiGm1U8SNjGP2T8QNkGP2T8PNkGS2T8mMjGU2U8kMkGX2S8hMlG^2o7aMPHc2n7]MQHd2n7]MQHd2o7^MnGa2T8cMfG^2[8Q13O0O2M3N2N1N3O0O2M2O2N1N3O1N1O2N2N1O2M2O2N2M4M3L4M3M4L3L5K4L5L3M3M4L4L4L3N3L6K6I8H6J9CVeU2"}, "iscrowd": 0, "area": 7541.0, "category_name": "pbag", "score": 0.9625190496444702}]}