{"images": [{"id": 0, "file_name": "images/uwg_g-305__fliph_jpg.rf.6744c4f54461aec06acdc5067b2079df.jpg", "width": 416, "height": 416}], "annotations": [{"id": 0, "image_id": 0, "bbox": [196.0, 93.0, 189.0, 289.0], "segmentation": {"size": [416, 416], "counts": "Ri_29e<6K3M4K4L4M3N4K4M3L4M3L4L4M3L3N2M4K5K4K6L3L5L4K5K4J7B>J6L4M4K4L4M3M2M3N3M2N5J3N3M2M3N5J4M1O3L3N2M3N2M5L3M3L3N3M3L3N3M3L3N2N2M3N2N2N5J2O2M4M3M1N4M001O2M2O2N001O001O001O1O0001O0000010O01O00001OO101O01O1O001O1O01O0O101O0O10101M2O1O2M3Nd0\\O4K5K6J6J3N1M5L2O1O3L3N1O2N1N4L4M5H5N1N5L5J3M3M3N1O2N2N2M3N3L2O3M2N4K`0]O6XLjFb3\\9_LbF]3[934`LaF[3o9D1N4L3M2N1HgEfM]:MbEY20hMd:V2]EiMf:T26FTEYNP;c1QE]NP;b1oD^NU;_1lD`NX;W1gDhN3OZ;T1>J5ZOoCL2O0NS<i01N1O0004M0PDUOj;k0TDWOk;j0SDXOn;m01GQD]OQ<a0oCBo;=QDCS<b03N1O3M2N1O4M0O2O3L5I_P9"}, "iscrowd": 0, "area": 31818.0, "category_name": "cellphone", "score": 0.9531807899475098}]}