{"images": [{"id": 0, "file_name": "images/uwg_g-1166__fliph_jpg.rf.6c38799951eb4f4af310b0c91b517d9a.jpg", "width": 416, "height": 416}], "annotations": [{"id": 0, "image_id": 0, "bbox": [120.0, 227.0, 55.0, 70.0], "segmentation": {"size": [416, 416], "counts": "Vkc1c0Y<8I7J4K5L4L3N2M2O2N1O2N1O1O2O0O2N100O1O100O100O00100O1O010O010O10O100O1O1O1N2O1O1O1N2N2O1N3N2L4J6M4_O`0H9J7JeWo2"}, "iscrowd": 0, "area": 3041.0, "category_name": "tire", "score": 0.9550198316574097}, {"id": 1, "image_id": 0, "bbox": [163.0, 181.0, 45.0, 36.0], "segmentation": {"size": [416, 416], "counts": "Z]R2:g<0N2O0O2O00000000000O10000000000000000O1O1O1O1O1O100O100O100000O1001O01N102N3L4M1O2M1O10NK]C1YYd2"}, "iscrowd": 0, "area": 738.0, "category_name": "tire", "score": 0.7282237410545349}, {"id": 2, "image_id": 0, "bbox": [176.0, 218.0, 40.0, 57.0], "segmentation": {"size": [416, 416], "counts": "QbX2>]<7J5L5L3M3M2N2N3M2N2O1N2O2N1N200O1O0O200O10N101O1N2O1O1O1N3M2M4L4N1N3N3M3K6J6IlV`2"}, "iscrowd": 0, "area": 1758.0, "category_name": "tire", "score": 0.9595274329185486}, {"id": 3, "image_id": 0, "bbox": [158.0, 282.0, 62.0, 72.0], "segmentation": {"size": [416, 416], "counts": "gSR2=`<8B=J5L4K4M3M2M3N2O1N2N2O1N101N2O1N10001N1000001O00000000000000O101O000O2O0O1O2O0O2O0O2N2N1O2N2N2M3N3L3M4M3K5K7Fdg_2"}, "iscrowd": 0, "area": 3304.0, "category_name": "tire", "score": 0.9701766967773438}, {"id": 4, "image_id": 0, "bbox": [214.0, 277.0, 60.0, 76.0], "segmentation": {"size": [416, 416], "counts": "`ei2h0U<6K4L4M4K4M3M2N3M3M2N3M2N1O2N2N101N10001N1000000000000000O10000O100O101N1O2N1N3N2O2M2M2O2M3N2N3L4M2L4M8G7I`\\i1"}, "iscrowd": 0, "area": 3163.0, "category_name": "tire", "score": 0.9443408250808716}, {"id": 5, "image_id": 0, "bbox": [267.0, 273.0, 52.0, 65.0], "segmentation": {"size": [416, 416], "counts": "TV_35i<6Ji0XO5J3M4L3N3N1N2O1O0O2O1O1O001O010O000000000000000000O10001N1O101N1O2N1O2N2N3L3M3M3L4Ma0^ObSW1"}, "iscrowd": 0, "area": 2410.0, "category_name": "tire", "score": 0.9382674694061279}, {"id": 6, "image_id": 0, "bbox": [250.0, 337.0, 65.0, 78.0], "segmentation": {"size": [416, 416], "counts": "QoW3b0V<>F9I4K3O1M3N2O1N2O1O1O1O1O1O100O100000000000000O100000000000000000000000000001O000000001O001O1O2N1O1O2N2N2N2N2I7K7E=CZeX1"}, "iscrowd": 0, "area": 3433.0, "category_name": "tire", "score": 0.958304762840271}, {"id": 7, "image_id": 0, "bbox": [347.0, 219.0, 39.0, 45.0], "segmentation": {"size": [416, 416], "counts": "Ro[44j<3O1O0O2O1O1O1O3N3L3M1O2N1O1O2N2N2N1O1N2O1O1O1O1O1O010O01O0O2N2N2M4L4M3L4L7GcU="}, "iscrowd": 0, "area": 1048.0, "category_name": "tire", "score": 0.9065796136856079}, {"id": 8, "image_id": 0, "bbox": [255.0, 128.0, 31.0, 25.0], "segmentation": {"size": [416, 416], "counts": "]aX31i<8L3N2N2N101O1N2O001O1O100O1O10O1O1O1N3N1O2MfSg1"}, "iscrowd": 0, "area": 437.0, "category_name": "tire", "score": 0.9312179684638977}, {"id": 9, "image_id": 0, "bbox": [252.0, 108.0, 22.0, 19.0], "segmentation": {"size": [416, 416], "counts": "imX32j<6L4N1N1O100000000000000001O001N2N2N2M\\ng1"}, "iscrowd": 0, "area": 247.0, "category_name": "tire", "score": 0.8001116514205933}, {"id": 10, "image_id": 0, "bbox": [295.0, 145.0, 36.0, 31.0], "segmentation": {"size": [416, 416], "counts": "Pjh37Y<LSD7j;LSD6k;MSD4l;MRD4m;NQD4o;?0O01000O3N5J1O1O010O00001O1O00001O1O1O1N100D_C7`iT1"}, "iscrowd": 0, "area": 593.0, "category_name": "tire", "score": 0.8328341245651245}, {"id": 11, "image_id": 0, "bbox": [258.0, 217.0, 48.0, 52.0], "segmentation": {"size": [416, 416], "counts": "dXZ34h<;E7K5K3O2M2O1N2O2O00O01O100O001O001O00000O1001O000O2O1O1O1O1O2M3N3M5J4L5J6Ink^1"}, "iscrowd": 0, "area": 1311.0, "category_name": "tire", "score": 0.9168949127197266}, {"id": 12, "image_id": 0, "bbox": [214.0, 203.0, 48.0, 54.0], "segmentation": {"size": [416, 416], "counts": "P\\h26h<6K5L3L2M3O1N3N1N101O1N101O1O1O1O10O01O001O001O10O1O010O1O1O1O1O1N2O1N2N101M3M3M3I7N2Ljgn1"}, "iscrowd": 0, "area": 1349.0, "category_name": "tire", "score": 0.8512802720069885}, {"id": 13, "image_id": 0, "bbox": [202.0, 253.0, 41.0, 36.0], "segmentation": {"size": [416, 416], "counts": "i`a21m<4L2O2M3N1O2M3N2M2N3N2N2O0M4L3N3N11OO10YOZD4f;LZD5e;K\\D3e;M[D3f;LYD4i;BVDL021`0j;^OaDb0a;]O^Dc0o;0O2I\\OnCf0P<61O100O2N1O2N2N1N3M3M4KlPV2"}, "iscrowd": 0, "area": 1056.0, "category_name": "tire", "score": 0.848946213722229}]}