{"images": [{"id": 0, "file_name": "images/uwg_g-649__flipv_jpg.rf.5688a6d4e9bf1726d1ae92a0b5eabf6f.jpg", "width": 416, "height": 416}], "annotations": [{"id": 0, "image_id": 0, "bbox": [109.0, 54.0, 96.0, 182.0], "segmentation": {"size": [416, 416], "counts": "Td]1=`<5K6J9G6K4K6K4L4L4M3L4L4L4M3L3M4L4L5K5K=\\FgLi8j3M3M2O1N2N2O2N1O1O101N100O101O1O00001O1O1O0O1000000O2O001N10001N101O0O10001N101O0O10000O2O0O100O100O10000O2O000O100O2O0O10000000dLTJDl5UOdKc0\\4VORLa0o3[OnLGX34m4JY_f2"}, "iscrowd": 0, "area": 11799.0, "category_name": "pbag", "score": 0.9562817811965942}, {"id": 1, "image_id": 0, "bbox": [287.0, 252.0, 108.0, 88.0], "segmentation": {"size": [416, 416], "counts": "__d35h<OYC0f<MZC022d<N^C2b<N72fc1N[VO0n<7e\\NI>2Q:Q1^E\\O]:g1M2M2N100O100O10000O10O10O10000O1000O0100O01O1O010000O0100000O01O0100O010OJcEkM\\:S2cEjM12]:S2gEmMX:R2jEmMV:S2kEmMU:Q2=10M201O0KREZN<LT:i1aEZNn:f1SEYNl:g1UE[Ni:c1WE_Nh:a1ZE^N3LX:f1fE]NMNM1_:b1iE^NMNL0^:e1iE]NMNMO]:e1eE\\NN130^:c1`E\\N0111MM^:S2dEQNMM_:S2cEPNOL^:S2dEQNMM_:R2dETN\\:W20010O0100O1O001O1O1O0O2[OZEoNg:l0`EPOb:i0gETOZ:h0lEUOU:h0SFROn9k0U1N3N1O1N2M4L3M4L5Jne8"}, "iscrowd": 0, "area": 6062.0, "category_name": "pbag", "score": 0.8720427751541138}, {"id": 2, "image_id": 0, "bbox": [205.0, 179.0, 72.0, 125.0], "segmentation": {"size": [416, 416], "counts": "\\mc24i<4M2C>N1O2N2O2N1N4M1N3N1N2N2N2O002N1N3N2M3M2N2M4M5J5K6K5I7B<M4L2N2O100000OO2O0O2O0O2O1O00000000O2O1N2N3N2N2N1N3M3N2M4L6J6J1O2N2M4L5H6J7H7kNeD=b;^OdD?Q<M3N2M4JYcf1"}, "iscrowd": 0, "area": 5593.0, "category_name": "pbag", "score": 0.9257810115814209}]}