{"images": [{"id": 0, "file_name": "images/uwg_g-652__flipv_jpg.rf.83eacca844bc59070ed068fc75dc1b0e.jpg", "width": 416, "height": 416}], "annotations": [{"id": 0, "image_id": 0, "bbox": [92.0, 139.0, 138.0, 263.0], "segmentation": {"size": [416, 416], "counts": "alV1i0R<<H6I5M3L3M3L4L3N3L3M4K5M3L3N3N1M4M3L3N2N2N2N2N2L3YNgLdI\\3W6iLfIZ3Z6]L_HNN2U1i3]6ULkIm3T6UL`INTOQ4\\7QL_I0QOR4a7mKdHON1LO?Z4[7fK]H16Z4i6hKbINE[4R7eKdH25N6Z4Q7fKdH2f0X4f6eKoH21Z4o6fKiH77T4a6eKRIO2613:U4^6cKWIN06249V4i6fKnH3:Z4e6dKmH3`0\\4`6aKPIMOOb0d4]6mKcIT4Z6RLVIWO7h4b6VL^Ij3c6TL^Im3b6oKaIQ4_6nKbIR4_6mKaIT4R6VKdIl0MTO8j4W5VKcJ001<1Ck0NUO8i4X5UKbJ2OO9OH3Oj00TO3NMm4_5SKcJ2c0O^Ok08R4T5RKcJ1l0f0AW4n4TKeJ0k0d0TOZO;n4P5UKfJ14N2OKg0LYO90Gm4`5TKaJ>2AO3Of0OXO002P5^5QK`J<9b0HPO0O3Q5\\5RK`J:;d0FPO0O3R5[5oJcJ8>f0BTO5m4X5QKcJ3ON?j0FTO2Q5X5oJbJ4ON?1@>1A`0o4n4^KbJD7k00ROLR5[5dKdJZOOo05QOMR5[5fKcJYONn0<U4R5[KcJE7h06X4P5mJdJ90H8c09`4k4mJcJ73G:b05c4k4nJbJ72H7e0H[O:U5S5lLbJW3Y5gJhJ`7W542N1O2SIcJT6^5d03M3L5]IXJA0Q6o5mIQJ73HNR6U6UJnIHOQ6U6WJjII0P6X6VJhIKOn5[6VJlIi5V6SJmIm5S6SJmIk5V6TJkIg5i6OJZJVIa5h6^JTI33]5k6`JRI34Z5l6jJSIU5P7kJlHU5W772O2M2O3L3N2N3M2N3M2O1N2N2O1N2M3N2N2N2O1O2M4M2N2N1QL^G_3[9F9iLQFl2W:K2L4M3M3K4N4K4L5K3XOUEWOo:d0k0I6JbmZ2"}, "iscrowd": 0, "area": 20066.0, "category_name": "pbag", "score": 0.9420163035392761}]}