{"images": [{"id": 0, "file_name": "images/uwg_g-325_jpeg_jpg.rf.42b7050abd72b85506ad0e201ab4df06.jpg", "width": 416, "height": 416}], "annotations": [{"id": 0, "image_id": 0, "bbox": [192.0, 84.0, 65.0, 210.0], "segmentation": {"size": [416, 416], "counts": "jX]2j24nMN\\O010X10dNY7k5fHVJP7S6I2O2N1O00100O1N110O00000000000000000000000000N^IfIb6Z6^IfIb6\\6001O000O100O11O00O1000000001OO1O10000O11O00N2001OH7O2M3M3O1O1O1N2M3I7D<NoGUKQ8j43H8J6dN\\1aNTFaNV;k0i0TOQmn1"}, "iscrowd": 0, "area": 13275.0, "category_name": "cellphone", "score": 0.947258710861206}]}