{"images": [{"id": 0, "file_name": "images/7117_Caranx_sexfasciatus_juvenile_f001310.jpg", "width": 1920, "height": 1080}], "annotations": [{"id": 0, "image_id": 0, "bbox": [1876.0, 123.0, 42.0, 96.0], "segmentation": {"size": [1080, 1920], "counts": "Zonm1:54cP1f0J4L3N3M2N2N2N1O2N2N1O2N1N3N1O2M2O1O2M2O1O2M2O1O1O2N1O1O1O1O2N1O1O1N2O1000000SL"}, "iscrowd": 0, "area": 0, "category_name": "fish"}, {"id": 1, "image_id": 0, "bbox": [1263.0, 206.0, 97.0, 75.0], "segmentation": {"size": [1080, 1920], "counts": "Y^ZZ14`Q15N2N2N2N2O1N2O1N2O1O1N2O1O1N2O0O2O1O1N2O0O2O0O2O0O2N1O2N2N101N10001O0O1000000001O000000001O000000001O01O01O1O1O2N3L4M2N3L5K5I6Fooib0"}, "iscrowd": 0, "area": 0, "category_name": "fish"}, {"id": 2, "image_id": 0, "bbox": [1193.0, 209.0, 77.0, 71.0], "segmentation": {"size": [1080, 1920], "counts": "RkaW13cQ14M4M1goNIon0;hPOKXo06cPOL_o07XPONio0o02M3M4M2M3L4M3M3M2M4L3N3M20O100O1N2L30N2I:GZbhf0"}, "iscrowd": 0, "area": 0, "category_name": "fish"}, {"id": 3, "image_id": 0, "bbox": [1531.0, 265.0, 62.0, 89.0], "segmentation": {"size": [1080, 1920], "counts": "c`hb1>WQ15M4L3N2N2M4M2N1N2N2O1M3M3I6M4M3M2O2N101N1O1O2N1O1N2O1O1O1O100O1O00100O0010O001O1O1N3M2N4M4L4L4L7Hc0]O4M2L5L3L8F`]e:"}, "iscrowd": 0, "area": 0, "category_name": "fish"}, {"id": 4, "image_id": 0, "bbox": [1161.0, 292.0, 48.0, 37.0], "segmentation": {"size": [1080, 1920], "counts": "lcUV1=XQ17J3N2M2O1N3M200001O1O0O2O1O1O0000000000001OO1000000000000000O101O000O10001N10000000000O2O2L6HWh`g0"}, "iscrowd": 0, "area": 0, "category_name": "fish"}]}