{"images": [{"id": 0, "file_name": "images/7268_F1_f000680.jpg", "width": 1920, "height": 1080}], "annotations": [{"id": 0, "image_id": 0, "bbox": [691.0, 140.0, 66.0, 55.0], "segmentation": {"size": [1080, 1920], "counts": "XZPg04cQ13M3M2O1O2N2M3N2N2N2N2N2N2N1O1O1O010O1O1O100O1O00100O100O010O010O01O001O1O1O1O001O1O1N2N2O1N2N2N2N2M4M4J]h`V1"}, "iscrowd": 0, "area": 0, "category_name": "fish"}, {"id": 1, "image_id": 0, "bbox": [989.0, 165.0, 75.0, 72.0], "segmentation": {"size": [1080, 1920], "counts": "`oPQ1?UQ17J6K4K5K5K5M4K3N2N101N10001O0000O2O00002N1O1N2O1N101N1O2N1O2N2N2N3M2M4M2N2M3N2M3L6JZejl0"}, "iscrowd": 0, "area": 0, "category_name": "fish"}]}