{"images": [{"id": 0, "file_name": "images/7268_F1_f000240.jpg", "width": 1920, "height": 1080}], "annotations": [{"id": 0, "image_id": 0, "bbox": [1729.0, 165.0, 34.0, 43.0], "segmentation": {"size": [1080, 1920], "counts": "_nSi1:[Q16L4L3M2N1O100O100O10O100O1O100O100O1O2O0O2N1O2M3M7G^bX5"}, "iscrowd": 0, "area": 0, "category_name": "fish"}, {"id": 1, "image_id": 0, "bbox": [989.0, 190.0, 45.0, 37.0], "segmentation": {"size": [1080, 1920], "counts": "V`gP19]Q15L3L3O1N1O2O0O10000O10O10000O10O0100O100O1O2N1O1O2N1O2M3N6Hfi`m0"}, "iscrowd": 0, "area": 0, "category_name": "fish"}, {"id": 2, "image_id": 0, "bbox": [1234.0, 215.0, 45.0, 42.0], "segmentation": {"size": [1080, 1920], "counts": "jmiX15bQ13L3N101N2N101N1O2N1O2O1N101N101N101O00000000000000000001O0O2O2N3M3M4L3L5IaoVe0"}, "iscrowd": 0, "area": 0, "category_name": "fish"}, {"id": 3, "image_id": 0, "bbox": [388.0, 316.0, 44.0, 31.0], "segmentation": {"size": [1080, 1920], "counts": "ffl<2dQ14M3M2N101N1O2O0O2O0O2O0O100O10000O100000000001O000O2O001O000O2O1O1N3N2N1N6JoTSa1"}, "iscrowd": 0, "area": 0, "category_name": "fish"}, {"id": 4, "image_id": 0, "bbox": [1034.0, 351.0, 49.0, 63.0], "segmentation": {"size": [1080, 1920], "counts": "QXYR18^Q16J4L4L2M4L4M3M2N3N2M2N3M3M3O2M2O1O1O00000001N100O100O2O0O3N2M3M3M4L4M3L3M4K8H8FU`dk0"}, "iscrowd": 0, "area": 0, "category_name": "fish"}, {"id": 5, "image_id": 0, "bbox": [1343.0, 379.0, 74.0, 27.0], "segmentation": {"size": [1080, 1920], "counts": "jV`\\13eQ12M2O0O2O0O100O101N1000001N101O1O1O1N10000000000O100000000O100O1000000O2O000000000001O001O001O1O2N2N00001N1O1O1O1M4L4LY`i`0"}, "iscrowd": 0, "area": 0, "category_name": "fish"}, {"id": 6, "image_id": 0, "bbox": [56.0, 434.0, 36.0, 36.0], "segmentation": {"size": [1080, 1920], "counts": "WlR29]Q15K4M2N2N1O2O1N100010O000001O01O1O1O1O2N1O2N2N2M4L5JWdYl1"}, "iscrowd": 0, "area": 0, "category_name": "fish"}, {"id": 7, "image_id": 0, "bbox": [111.0, 489.0, 60.0, 45.0], "segmentation": {"size": [1080, 1920], "counts": "[nl3?UQ16L4M3M2N2N1O1O100O100O100000O1000000O10000000000O10001O000O2O000O2O001N100O2N1O2N100O2N1O2N2N2N1O2N3JjVei1"}, "iscrowd": 0, "area": 0, "category_name": "fish"}, {"id": 8, "image_id": 0, "bbox": [17.0, 521.0, 33.0, 33.0], "segmentation": {"size": [1080, 1920], "counts": "`lj05`Q17J3N2N2N2N2N2O1N10010O0001O2N2N2M3M3M6Fgngm1"}, "iscrowd": 0, "area": 0, "category_name": "fish"}, {"id": 9, "image_id": 0, "bbox": [592.0, 527.0, 97.0, 42.0], "segmentation": {"size": [1080, 1920], "counts": "^bmc06aQ12N1O1O1O1O1O10O01O001O010O001O1O001O010O1O10O010000O1000O010N2O001O1O010O10O10O10000O01000O1000000O01000O100000000O101O0O1000000O10000000001O0000001O0O2O1N1O2N`PfX1"}, "iscrowd": 0, "area": 0, "category_name": "fish"}, {"id": 10, "image_id": 0, "bbox": [116.0, 579.0, 55.0, 34.0], "segmentation": {"size": [1080, 1920], "counts": "eTo37^Q15L3M3N2N2N100O2O0O100O1000001O0000000000000000000001O000000001O0O101O0O2O001N101N101N2N2N2N2N^Wgi1"}, "iscrowd": 0, "area": 0, "category_name": "fish"}]}