{"images": [{"id": 0, "file_name": "images/7268_F1_f000690.jpg", "width": 1920, "height": 1080}], "annotations": [{"id": 0, "image_id": 0, "bbox": [742.0, 177.0, 32.0, 60.0], "segmentation": {"size": [1080, 1920], "counts": "RZih0e0PQ17K4M2N2N2O0O1O100O0100O1O2O0O2N1N3N2M3M5J7GT]gU1"}, "iscrowd": 0, "area": 0, "category_name": "fish"}, {"id": 1, "image_id": 0, "bbox": [1071.0, 199.0, 62.0, 60.0], "segmentation": {"size": [1080, 1920], "counts": "al[S1<YQ16L3M2N3M2N3N4K8I2N1O1N101O001O001O00001O001O01O01O0001O001O001O001O1O1O001N2O001N2O1N2O0O2N2N2N1N3N2N2N1O2M4M3K\\oPj0"}, "iscrowd": 0, "area": 0, "category_name": "fish"}, {"id": 2, "image_id": 0, "bbox": [1453.0, 309.0, 33.0, 34.0], "segmentation": {"size": [1080, 1920], "counts": "fjm_18\\Q16L4M2N2N1O101O0O100000000000O10001O0O2O0O2N1O1N3N2N1N4M3Ln`[>"}, "iscrowd": 0, "area": 0, "category_name": "fish"}, {"id": 3, "image_id": 0, "bbox": [414.0, 395.0, 45.0, 31.0], "segmentation": {"size": [1080, 1920], "counts": "\\Sf=5_Q15N2M2O2N1O1O1N3M2O100O100O10000000O101O0O10001N101N101N101N2M3LZS``1"}, "iscrowd": 0, "area": 0, "category_name": "fish"}, {"id": 4, "image_id": 0, "bbox": [533.0, 404.0, 30.0, 24.0], "segmentation": {"size": [1080, 1920], "counts": "]cca07^Q15L3N2N101O001O001O0001O0010O01O1N2O0O2N2O0O2N2MkPk\\1"}, "iscrowd": 0, "area": 0, "category_name": "fish"}, {"id": 5, "image_id": 0, "bbox": [379.0, 421.0, 33.0, 30.0], "segmentation": {"size": [1080, 1920], "counts": "jo\\<4`Q16L2O2N1O1O2N1O1O1O2N100O1O100O1000000O1000O10000O100O101O0O2O001O1N3N3L3M4JVlba1"}, "iscrowd": 0, "area": 0, "category_name": "fish"}, {"id": 6, "image_id": 0, "bbox": [139.0, 564.0, 69.0, 33.0], "segmentation": {"size": [1080, 1920], "counts": "d_i42cQ14M3O0O101O000O2O001O1O1O1O001O001O00001O00001O00001O000010O000001O0001O01O000001O01O010O010O010O00100O1O01O0000000O100O3M6J6IQP\\h1"}, "iscrowd": 0, "area": 0, "category_name": "fish"}, {"id": 7, "image_id": 0, "bbox": [41.0, 574.0, 82.0, 36.0], "segmentation": {"size": [1080, 1920], "counts": "Xai14aQ14M2O2N1O2N1O1O1O2N1O100O1O2O0O100O2O0O1O100O100000000O1000O10000000000000O100000000000001O00000000001O000001N100O2N1O2N2N3IVQ]k1"}, "iscrowd": 0, "area": 0, "category_name": "fish"}, {"id": 8, "image_id": 0, "bbox": [226.0, 604.0, 128.0, 49.0], "segmentation": {"size": [1080, 1920], "counts": "^Q`7:\\Q14L3L4M2N3N2L3M4L3I8M2O101N100O2O000O101O0O2O1O000O010O10O0100000000O2O00000O10000O10O10O100O1000O1000001N100O100000001N101O2M101N2O0O2O1O1O1O100O00100O001O00001O001O00O0O2O1O010O0101O0O2O1N3M3K4F:M3N2O102M2O1N6HbSXd1"}, "iscrowd": 0, "area": 0, "category_name": "fish"}, {"id": 9, "image_id": 0, "bbox": [0.0, 659.0, 26.0, 43.0], "segmentation": {"size": [1080, 1920], "counts": "gd0V1bP100000001O001O0O2O1O0O2M2D<N3M2O2N1M3N2O100000000Ocm\\n1"}, "iscrowd": 0, "area": 0, "category_name": "fish"}]}