{"images": [{"id": 0, "file_name": "images/7268_F1_f000481.jpg", "width": 1920, "height": 1080}], "annotations": [{"id": 0, "image_id": 0, "bbox": [1618.0, 287.0, 62.0, 42.0], "segmentation": {"size": [1080, 1920], "counts": "^Zee17`Q13M2N3N1N2O1N2N1O2O2M2N3N2M3N2M2O1N10O1N2M3O1O1000000001O2N1O10O01O01O001O1O1O0O2O1N2M3L4K6K7J`QQ8"}, "iscrowd": 0, "area": 0, "category_name": "fish"}, {"id": 1, "image_id": 0, "bbox": [1693.0, 335.0, 98.0, 43.0], "segmentation": {"size": [1080, 1920], "counts": "YUng14bQ12M3O00001O001O1O1O1O010O1O100O1O100O100O10O0100O10000O100O10000O10O10O1000O10O010000O100O01000O100O10O01O100O10O10O10000O1000000O1000000000O10O10000000001N10000O101N1O2NTU`4"}, "iscrowd": 0, "area": 0, "category_name": "fish"}, {"id": 2, "image_id": 0, "bbox": [1044.0, 335.0, 65.0, 48.0], "segmentation": {"size": [1080, 1920], "counts": "[QiR17\\Q1:J5K2N2N100O100O10000O10000000000O1000O10001O000O2O000O2O0O2N2O0O2N2N1O2N2N1O3L4LWeSk0"}, "iscrowd": 0, "area": 0, "category_name": "fish"}, {"id": 3, "image_id": 0, "bbox": [940.0, 352.0, 51.0, 30.0], "segmentation": {"size": [1080, 1920], "counts": "RjPo09]Q15K4M2N1O2O0O2O0O1000000O100000O10001O00000000001N100O2O001N1O2O0O2N2O0O2N2N3KPPnn0"}, "iscrowd": 0, "area": 0, "category_name": "fish"}, {"id": 4, "image_id": 0, "bbox": [513.0, 394.0, 51.0, 48.0], "segmentation": {"size": [1080, 1920], "counts": "meQa06XQ1`0G4N3M1O2N1O100O100O10O1000000O10O1000O2O0000000000001N100O2O0O1O101N1O2N101N2N1O2N2M4L5Klif\\1"}, "iscrowd": 0, "area": 0, "category_name": "fish"}, {"id": 5, "image_id": 0, "bbox": [1368.0, 413.0, 57.0, 43.0], "segmentation": {"size": [1080, 1920], "counts": "Vg\\]18_Q12O001N101O0O2O0O2M2O1O1O2O0O100O2O0O101N100O2O001N101O1O00N2M3N101O100O100O001O1N2O1O1N2M4L5J\\eY`0"}, "iscrowd": 0, "area": 0, "category_name": "fish"}, {"id": 6, "image_id": 0, "bbox": [780.0, 413.0, 88.0, 66.0], "segmentation": {"size": [1080, 1920], "counts": "WdQj01eQ16L2M3M2N2N2O2M2N2O1N2O1N2O1N2N2O1N101N101N10000O10000O1000O0100000000000000000001O00001O01O01O01O0010O01O001O1N2O1O1N3N1N3M4L4D<JWhQS1"}, "iscrowd": 0, "area": 0, "category_name": "fish"}, {"id": 7, "image_id": 0, "bbox": [644.0, 425.0, 59.0, 48.0], "segmentation": {"size": [1080, 1920], "counts": "_fXe02eQ12N2N1N2O2N1O101N1O101N10001N101O001O1O1O1O1O2N1O100O2N10O01O0010O00001O001O001O001O1N2O1N2O1N2N3M2N2M4Mc\\XX1"}, "iscrowd": 0, "area": 0, "category_name": "fish"}, {"id": 8, "image_id": 0, "bbox": [615.0, 430.0, 65.0, 71.0], "segmentation": {"size": [1080, 1920], "counts": "ZPkd0;[Q16J6J5L2M4M1O2M3N3M2N2N2N2N2N2N1O100000O01O1O1O1O1O10O1000O0100O2N1O1O1O2^NSPOV1oo0gNUPOV1YP1M3N1M3M4J5F]anX1"}, "iscrowd": 0, "area": 0, "category_name": "fish"}, {"id": 9, "image_id": 0, "bbox": [413.0, 516.0, 73.0, 150.0], "segmentation": {"size": [1080, 1920], "counts": "abX=<WQ19J6I5L5K3N2M3M4M2N2N2fN`NYROb1cm0cNYRO`1em0cNWRO`1gm0bNUROb1hm0aNSROd1km0W1M2M3N3M2N2N2N100O2N100O2O000O10001N100000O1WOfROSM[m0l2hROQMYm0n2kROkLYm0U3e0O1O1N3N1O2N1O2L3L6H>@9K6K4M3M4H=]O?HbTP`1"}, "iscrowd": 0, "area": 0, "category_name": "fish"}, {"id": 10, "image_id": 0, "bbox": [0.0, 576.0, 38.0, 57.0], "segmentation": {"size": [1080, 1920], "counts": "Ub0k1mo00000O2N1O1O2N1O1O2N101N2O001O001O001N1O1O2N1O1N3N1O1N3M2O2N2M2O2N2M3N3L5KhZPn1"}, "iscrowd": 0, "area": 0, "category_name": "fish"}, {"id": 11, "image_id": 0, "bbox": [135.0, 615.0, 45.0, 40.0], "segmentation": {"size": [1080, 1920], "counts": "bQ`44bQ15M3L3mnNDfP1=XoNEgP1=UoNFiP1f0N3N2L4N0O2O00000O10000000000001O00001O1O1N101O001O001O1O2N3L3N5K4K3L4L4Lcb[i1"}, "iscrowd": 0, "area": 0, "category_name": "fish"}]}