{"images": [{"id": 0, "file_name": "images/7268_F1_f000339.jpg", "width": 1920, "height": 1080}], "annotations": [{"id": 0, "image_id": 0, "bbox": [75.0, 392.0, 61.0, 34.0], "segmentation": {"size": [1080, 1920], "counts": "fQj29YQ17L3N2O2M200O1O10000O100000O0100000000000000001O00000O101O0000001N100O2O0O1O2N1O2O1N2N2N3LS^nj1"}, "iscrowd": 0, "area": 0, "category_name": "fish"}, {"id": 1, "image_id": 0, "bbox": [480.0, 406.0, 112.0, 81.0], "segmentation": {"size": [1080, 1920], "counts": "loc`01=5`P16YoNOcP1e0L4G9M2M4M2O101N100O101N10000O1000000O10000000000O10O1000000O100000000000001O000001O00001O00010O001O100O1O100O10000O0100N101N2N2N1O2N2N1O2N2N2N2O1N2N2N2O1N2N2N3M2N2N2N2N2M6J]Tg[1"}, "iscrowd": 0, "area": 0, "category_name": "fish"}, {"id": 2, "image_id": 0, "bbox": [785.0, 295.0, 98.0, 87.0], "segmentation": {"size": [1080, 1920], "counts": "W^oi07]Q16K4M3M3N1O1O1N3N1O1N2O2M2O1N3N1O1O2N1O1O1O1O1O1O100O100O100O1O100O100O00100O100O100O010O10O010O0100O010O01000O01O001O010O1O0O2O1O1O1O2N100O1O2N2N1O2N2N2N3M3M2M4L3M4K7HXn_R1"}, "iscrowd": 0, "area": 0, "category_name": "fish"}, {"id": 3, "image_id": 0, "bbox": [1343.0, 172.0, 56.0, 40.0], "segmentation": {"size": [1080, 1920], "counts": "di[\\12bQ16L3N2O0O2N2O0O2N101N100O2O0O100O10000O100000O010000000O0100000O100000001N10001O1O1N3N2N2M4L7H]bZa0"}, "iscrowd": 0, "area": 0, "category_name": "fish"}, {"id": 4, "image_id": 0, "bbox": [364.0, 543.0, 44.0, 45.0], "segmentation": {"size": [1080, 1920], "counts": "UgU<=YQ14M5J4M3N1N1O2O0O10000O10O1000O0100O2N10000O2O000O100O2N1O1O2N1O1O2N1N3N2M5JgTja1"}, "iscrowd": 0, "area": 0, "category_name": "fish"}, {"id": 5, "image_id": 0, "bbox": [411.0, 504.0, 44.0, 36.0], "segmentation": {"size": [1080, 1920], "counts": "PZh=7_Q15K4J5M3M2N3N100O10000000000000O2O001O001N10001N101N101N1O2N2O1M4M5Jkh[`1"}, "iscrowd": 0, "area": 0, "category_name": "fish"}, {"id": 6, "image_id": 0, "bbox": [649.0, 504.0, 45.0, 40.0], "segmentation": {"size": [1080, 1920], "counts": "cche08[Q16L5K3M4M2M3N2N2N2N200O100000O0100000O2O0O2N3N2M2N2O1N2N2N3L3M4L4I]a\\X1"}, "iscrowd": 0, "area": 0, "category_name": "fish"}]}