{"images": [{"id": 0, "file_name": "images/7268_F1_f000679.jpg", "width": 1920, "height": 1080}], "annotations": [{"id": 0, "image_id": 0, "bbox": [468.0, 331.0, 73.0, 54.0], "segmentation": {"size": [1080, 1920], "counts": "ngY?4`Q15N2M3M2N2O2N1O1O1O1O2M2O1N2M3O1O1O1O001N1O2O_OdoNG\\P19eoNF[P1;foNCZP1>foNBYP1?hoN^OZP1b0goNZO[P1g0;1N100O100O2O0O101O000O10001O000001O00001O1N2O1O1N2O1O0O2O1O001N101O1N2N3M2N2N2N]^e]1"}, "iscrowd": 0, "area": 0, "category_name": "fish"}, {"id": 1, "image_id": 0, "bbox": [693.0, 143.0, 61.0, 48.0], "segmentation": {"size": [1080, 1920], "counts": "P\\Qg06aQ15K4L4L5K4M1O1N2O1O1O010O1O1O100O1O010O100O10O010O00010O001O010O1O0O2O1O1N2O1N1O2N2N2N2N3L3M7H^odV1"}, "iscrowd": 0, "area": 0, "category_name": "fish"}, {"id": 2, "image_id": 0, "bbox": [1005.0, 160.0, 45.0, 69.0], "segmentation": {"size": [1080, 1920], "counts": "^VUQ11[Q1h0C=D7H3N1N1O2O0N2O1O10000000O101M3N3M2N2M3N3M4K5L4L5L7H4K5LlRSm0"}, "iscrowd": 0, "area": 0, "category_name": "fish"}]}