{"images": [{"id": 0, "file_name": "images/7268_F1_f000386.jpg", "width": 1920, "height": 1080}], "annotations": [{"id": 0, "image_id": 0, "bbox": [250.0, 470.0, 72.0, 37.0], "segmentation": {"size": [1080, 1920], "counts": "Phc85aQ14L3O1N2N2N101N2N2O0O2N101O0O101O0O1000000O2O00000000000000000000000000000001O001O001O0O2O1O1O2M3M3N2L5LV[md1"}, "iscrowd": 0, "area": 0, "category_name": "fish"}, {"id": 1, "image_id": 0, "bbox": [418.0, 451.0, 52.0, 91.0], "segmentation": {"size": [1080, 1920], "counts": "[gP>9TQ1b0\\O?K5L4L3M4L3M4L4N2M3N2N2N3M1O100O0100O2M2N2N2M3M3M2N3N1N3L6I:G8H7Ij[S`1"}, "iscrowd": 0, "area": 0, "category_name": "fish"}, {"id": 2, "image_id": 0, "bbox": [582.0, 440.0, 45.0, 48.0], "segmentation": {"size": [1080, 1920], "counts": "d\\Xc08_Q12M3N2N1O2N1A?N3N1O1O2N1000001O00001O000000O2O0O101N101N101O0O2O001O1O2M5L7H5Ka]fZ1"}, "iscrowd": 0, "area": 0, "category_name": "fish"}, {"id": 3, "image_id": 0, "bbox": [666.0, 418.0, 56.0, 42.0], "segmentation": {"size": [1080, 1920], "counts": "^^Zf06_Q17I6L3L3N2N2O0O2N10000O01000000O100O100O100O100O100O101N100O1O2O0O2O1N2N2N3M3Mg[dW1"}, "iscrowd": 0, "area": 0, "category_name": "fish"}, {"id": 4, "image_id": 0, "bbox": [1095.0, 401.0, 100.0, 34.0], "segmentation": {"size": [1080, 1920], "counts": "Vi\\T13dQ12N1O2M200O100O2O0O100O1O100O100O100O10000O2O000O100000001N100000000O101O00000O10O100O1O1O100O10000O1000000O1000000O1000001O000O100000000000001N1000000O2O0000001O0O10001O000O10001O001N102MlPhg0"}, "iscrowd": 0, "area": 0, "category_name": "fish"}, {"id": 5, "image_id": 0, "bbox": [175.0, 567.0, 52.0, 40.0], "segmentation": {"size": [1080, 1920], "counts": "jYl54bQ13M4M2O0O2O1N2N2O001N2O1N101O0O2O001N10001N100000001O000000000010O00001O1O001N3N2M3L5IZYng1"}, "iscrowd": 0, "area": 0, "category_name": "fish"}, {"id": 6, "image_id": 0, "bbox": [591.0, 555.0, 69.0, 51.0], "segmentation": {"size": [1080, 1920], "counts": "cZhc07_Q14L2N2M3N3M1L5M3N2N2O1O1O100O010O100O100O1000000O1000O2O001N101N2O0O2O001O001N2O001O1O1O001O1O2O1BRoNM\\olY1"}, "iscrowd": 0, "area": 0, "category_name": "fish"}]}