{"images": [{"id": 0, "file_name": "images/7393_F1_f000520.jpg", "width": 1920, "height": 1080}], "annotations": [{"id": 0, "image_id": 0, "bbox": [492.0, 522.0, 175.0, 205.0], "segmentation": {"size": [1080, 1920], "counts": "`_i`01gQ11N2O1O00001O1N2O001O1O1QOF]PO<ao0D`PO<[o0HfPO8Yo0IfPO9Xo0HhPO8Wo0IiPO7Wo0IiPO7Vo0IkPO7To0JmPO4So0MmPO3Qo0OPQOOPo01RQOMmn05TQOFon0;V110O4LXW3ERiL4M2L4L3N2N2O2N1O1O1O1N2O1O0XOWObPOj0\\o0ZO`POi0\\o0\\O^POi0_o0\\OWPOl0fo0e0L3NGaPO^N\\o0b1fPO_NXo0_1lPO`NSo0a1mPO`NQo0`1PQO`NPo0`1PQOaNnn0_1TQOaNjn0`1VQObNgn0^1[QObNom0KoQOc15aNjm0NnQOb1:`Ngm0OmQO\\1b0fN`m0NnQOW1g0lN[m0LmQOX1h0mN\\m0KkQOc0LFl0O]m0GkQOb0OFe07`m0AkQOc01Dc09bm0@iQOb04Ca0=ll0[OmRO1Ae06@a0?gl0AQSOHBh05_Oa0a0fl0BXSO>DVOd0k0^l0BYSO>f00Pl0CZSO=f00ok0D[SO<e01ok0D\\SO;c04ok0C]SO9d04nk0D]SO9e0TOlNg0Qm0O]SO6n0Idk04\\SO4Q1Fbk09ZSO3T1Bbk0>XSO1W1_O_k0e0USOO\\1ZO^k0l0PSOOc1QO]k0]2m13`QOYMmm0i2nQO\\Mom0X3M3M3M3N1N2OOO2OVN[RODcm0>_RO@_m0b0bRO]OZm0g0gROWOWm0m0iROkN\\m0Y1cROaNam0b1^ROYNfm0i1XROQNnm0j22O010O1O2M2N3O1N2E;M4N2M6J;D8H5L4L5J5K5E?\\OodXZ1"}, "iscrowd": 0, "area": 0, "category_name": "fish"}]}