{"images": [{"id": 0, "file_name": "images/7426_F2_f000224.jpg", "width": 1920, "height": 1080}], "annotations": [{"id": 0, "image_id": 0, "bbox": [1439.0, 89.0, 106.0, 108.0], "segmentation": {"size": [1080, 1920], "counts": "fYf_14_Q17L3M4M1N2N2O2N1O1O1N2O1N2O1O1O2N1O1O1O1O1O1O1O1O2N00100O1O001O100O00100O00010O0001N2O0O2O0010O01O10O01O001O001O0O101O001O001O0O2O1N1O2O001O001O1O1O1O0O2O1N101O1N3I6M3N2O1O2O0O3Lgjc<"}, "iscrowd": 0, "area": 0, "category_name": "fish"}, {"id": 1, "image_id": 0, "bbox": [1144.0, 80.0, 48.0, 160.0], "segmentation": {"size": [1080, 1920], "counts": "XmiU1b0SQ1=B7H7H7J6K4L5K4M3M4L3M3M2M4M3M2O2M2N2K5N2000O2O0O2O1O2M3M2N4L5K7I6J6J5K6J6J6Fa0TOclSh0"}, "iscrowd": 0, "area": 0, "category_name": "fish"}, {"id": 2, "image_id": 0, "bbox": [1026.0, 158.0, 82.0, 84.0], "segmentation": {"size": [1080, 1920], "counts": "_fQR1>XQ13M3N2N2N1O2O0O1O1N2O1N2N2N2O1O1O1O00100O1O00100O00100O0010O1O001O1O0O2O1N2O001O1O1N101N2O1O1N2O1N101N2N2O0O2N1O2N2N101O100O100O1O10`ePk0"}, "iscrowd": 0, "area": 0, "category_name": "fish"}, {"id": 3, "image_id": 0, "bbox": [1689.0, 7.0, 75.0, 55.0], "segmentation": {"size": [1080, 1920], "counts": "ggkg14`Q16K4L4M2O2M2O1O1N201N1O1O1O1O1O100O1O100O101O0O10001N100000001O0000O100O1O1O1O1O1O2N1O1O2O000O2O001N2O1O2M2O2M2O2M2N5Igo]5"}, "iscrowd": 0, "area": 0, "category_name": "fish"}]}