{"images": [{"id": 0, "file_name": "images/7426_F2_f000225.jpg", "width": 1920, "height": 1080}], "annotations": [{"id": 0, "image_id": 0, "bbox": [1431.0, 114.0, 105.0, 83.0], "segmentation": {"size": [1080, 1920], "counts": "nUd_1:ZQ1;H2N1O2N1O101N1O100O10000O100O1O100O1O1O1O1N2O100O1O001O100O1N2O00100O1O001O010O0010O001O001O1O10O0100O1O1O0O2O1M3O1N1O2O1O001O1O010O1N2O1O1N2O1N3L5L]fT="}, "iscrowd": 0, "area": 0, "category_name": "fish"}, {"id": 1, "image_id": 0, "bbox": [1144.0, 103.0, 45.0, 138.0], "segmentation": {"size": [1080, 1920], "counts": "VhfU1`0QQ1=E9G9H8I5L4K4M2N3L3N2M3N2N2N2M2O1O10O10O10000O1O1O1O1N2O10O2O1O1O1N2O1O3L7I<C7I9E>_OPnTh0"}, "iscrowd": 0, "area": 0, "category_name": "fish"}, {"id": 2, "image_id": 0, "bbox": [1022.0, 164.0, 83.0, 78.0], "segmentation": {"size": [1080, 1920], "counts": "[\\kQ19]Q13M3M2N3M2N2N2N2O2N1O1O1O001O1O1N101N2O1O001O1O00100O01000O010O0100O00100O001N2O1O1O0O2N2N1O2N2N2O1O001O1O1O1N2O1O2M2N4KXZ]k0"}, "iscrowd": 0, "area": 0, "category_name": "fish"}, {"id": 3, "image_id": 0, "bbox": [1690.0, 7.0, 73.0, 60.0], "segmentation": {"size": [1080, 1920], "counts": "ggkg15`Q15L3L4M2N3M2N2O1O2N1O1O100O1O100O2O0O10000O100O101O0O100000000O2O00O1O1O1O1N2O1O1O1O101N100O2O001O1N2O1O1N2O1O1N2N3M2Nio]5"}, "iscrowd": 0, "area": 0, "category_name": "fish"}]}