{"images": [{"id": 0, "file_name": "images/7426_F2_f000129.jpg", "width": 1920, "height": 1080}], "annotations": [{"id": 0, "image_id": 0, "bbox": [1065.0, 2.0, 98.0, 74.0], "segmentation": {"size": [1080, 1920], "counts": "XnRT11dQ15M2M2O0O2O001O1@K[oN6bP1b0M3N2L3M4N2O1O1O10000O2O000O100O1O1O10O01O100O1000O010000O10000O1M2100O100O1O1O1O1O1O1O1O4L1O1O2M2O2N1N2N2L4L5K5K5If\\nh0"}, "iscrowd": 0, "area": 0, "category_name": "fish"}, {"id": 1, "image_id": 0, "bbox": [1201.0, 243.0, 82.0, 139.0], "segmentation": {"size": [1080, 1920], "counts": "dTYX1=RQ1b0A8K4K5J5K5K4L5M3N100O100O10000O100000001O0000000000O1000001N10010O001O1O010O1N2O1O1N2O001N2O1N2O1N2O2M2N2N3K5J6H9D<HedPe0"}, "iscrowd": 0, "area": 0, "category_name": "fish"}]}