{"images": [{"id": 0, "file_name": "images/7426_F2_f000049.jpg", "width": 1920, "height": 1080}], "annotations": [{"id": 0, "image_id": 0, "bbox": [1366.0, 112.0, 55.0, 54.0], "segmentation": {"size": [1080, 1920], "counts": "goS]1=YQ19G6K5L2M2O1N2O1O0010O000001O01O0010O01O1O010N2O1O1N3N3K7Ga[Ua0"}, "iscrowd": 0, "area": 0, "category_name": "fish"}, {"id": 1, "image_id": 0, "bbox": [801.0, 141.0, 70.0, 84.0], "segmentation": {"size": [1080, 1920], "counts": "WQki09^Q13M2N2M3O1N1O;F1O0O101N1O101N1ElNQPOV1no0lNooNU1PP1;SPO_N`o0c1^PO_N`o0c1]PO`Nao0m1N4L3N2O0O1O1O001O001N100000001O01O0010O010O010O00O010O100000000000000010O000000O1O100O100O10000O100O2O0O100O1O2N1O2K5QN_PO`1SP1B;L3NCUOnoNo0PP1TOloNn0SP1?M4K2\\POZNSo0g1mPOYNSo0_1bPOdN=LRo0n0aPO^OXP1=ooN_OSP1>QPO_ORP10goN2oP1KUoN1nP1MUoN0bfXR1"}, "iscrowd": 0, "area": 0, "category_name": "fish"}, {"id": 2, "image_id": 0, "bbox": [1136.0, 154.0, 81.0, 150.0], "segmentation": {"size": [1080, 1920], "counts": "X`TV1>RQ1;Ce0@8I4M3N2M3M3M1N2O1O10100O2N1N3N1O2O001N2O001O001O0001O00001O1N101N2O1N2N2O0O2N2O1O1N101N2O1N3M2N2M3N3K6I8H9F:F_\\Wg0"}, "iscrowd": 0, "area": 0, "category_name": "fish"}, {"id": 3, "image_id": 0, "bbox": [1350.0, 8.0, 76.0, 94.0], "segmentation": {"size": [1080, 1920], "counts": "moa\\1b0RQ18J6K3M3M2N2N2N2N2N2O1N2N101N1O101O0O1000001O00000000000001O000O100O1O1O1N2O1N2O1O1O1O1O100O100O1N3M2M3I7I8L4L4Mklj`0"}, "iscrowd": 0, "area": 0, "category_name": "fish"}]}