{"images": [{"id": 0, "file_name": "images/7434_F2_f000007.jpg", "width": 1920, "height": 1080}], "annotations": [{"id": 0, "image_id": 0, "bbox": [1138.0, 245.0, 90.0, 72.0], "segmentation": {"size": [1080, 1920], "counts": "bjfU14bQ17J4K7I8H6K4L2N1O2O0O1O2O1N6J6J3N0O100O2O000O01000000O01000O10O1000O1O100N2O1O100O1O1N3N10001O10O01O001N1O1O100O1O1O1O1O1N2O1N2O1N2O1O1N2N2N2N3M2M3N2N3L4M201N4LRhlf0"}, "iscrowd": 0, "area": 0, "category_name": "fish"}, {"id": 1, "image_id": 0, "bbox": [1244.0, 611.0, 56.0, 36.0], "segmentation": {"size": [1080, 1920], "counts": "idPY11bQ1:I4M2M3N1N2O1O1O2O0O1O10O1000O100000O1000001O0000000O101O0000000O101O0O100O2O0O2N101N2N2O1N2M4Lhedd0"}, "iscrowd": 0, "area": 0, "category_name": "fish"}]}