{"images": [{"id": 0, "file_name": "images/7490_F2_f000124.jpg", "width": 1920, "height": 1080}], "annotations": [{"id": 0, "image_id": 0, "bbox": [1444.0, 1010.0, 94.0, 69.0], "segmentation": {"size": [1080, 1920], "counts": "Si__15`Q1?B3M3M3M3M2N2N2M3N2O1N2O100O1O100O1O1O1O1O100O100O10000000000000000O10000O1000000O10000O1000000O10000O10000O10000000000000000O100000000000000001O0O2O1N2N3M7nNT1ASjS="}, "iscrowd": 0, "area": 0, "category_name": "fish"}, {"id": 1, "image_id": 0, "bbox": [318.0, 483.0, 70.0, 54.0], "segmentation": {"size": [1080, 1920], "counts": "oj^:2cQ15J5A?N2N3M3M2N2O01O0010O01O01O00001N2O0O2O0O2O0000O1GgoNROYP1m0:O10000000010O00000001O00001O0000001N1000O10000000000001O0000001O0001O1N3N3L6K2M2O2M3N1N3L6KkQ[b1"}, "iscrowd": 0, "area": 0, "category_name": "fish"}, {"id": 2, "image_id": 0, "bbox": [88.0, 629.0, 37.0, 34.0], "segmentation": {"size": [1080, 1920], "counts": "h]m24cQ13N3L2O2N1O2N2N1O2O1N3M2N101N1O100O10O1000000O101O000O2O0O1O2N1O2N1O1N3K7Io^Sk1"}, "iscrowd": 0, "area": 0, "category_name": "fish"}, {"id": 3, "image_id": 0, "bbox": [450.0, 659.0, 28.0, 30.0], "segmentation": {"size": [1080, 1920], "counts": "PcQ?2dQ15L2O1N101N101O001O1O00001O001O01O0000001O1N2N4LWQ]_1"}, "iscrowd": 0, "area": 0, "category_name": "fish"}, {"id": 4, "image_id": 0, "bbox": [357.0, 672.0, 28.0, 25.0], "segmentation": {"size": [1080, 1920], "counts": "SXj;9YQ16M4L3O1O100000O100000001O00000O100O1M3O10001O01O001O0000O2N1O3M2MglZb1"}, "iscrowd": 0, "area": 0, "category_name": "fish"}, {"id": 5, "image_id": 0, "bbox": [285.0, 691.0, 51.0, 24.0], "segmentation": {"size": [1080, 1920], "counts": "bZ^94bQ13K5M4L201N2O0O101O001O001O001O001O0010O0001O00000000O2O000O10001O0000010O001O00000O2O0O100O2O0O2O001O0O2O001O0O101O0O2N3KnXic1"}, "iscrowd": 0, "area": 0, "category_name": "fish"}, {"id": 6, "image_id": 0, "bbox": [264.0, 732.0, 59.0, 40.0], "segmentation": {"size": [1080, 1920], "counts": "i_m83bQ16L3M2N2N3N1O1O1O1N2O1O00100O00001O00001O01O01O0001O010O00001O010O001N101O1N2O0O2O1N3M2M8H\\ojd1"}, "iscrowd": 0, "area": 0, "category_name": "fish"}]}