{"images": [{"id": 0, "file_name": "images/7490_F1_f000025.jpg", "width": 1920, "height": 1080}], "annotations": [{"id": 0, "image_id": 0, "bbox": [1470.0, 779.0, 49.0, 94.0], "segmentation": {"size": [1080, 1920], "counts": "SZa`1?RQ1?B`0A7J4M4L3O2M2O1O1O1O0O2O1N101O0O100O0100O10001N2O1O1N2O1N2O1N2O1N3N2N5I5L3M3M3M3M3L5K4M4K5K6GWQT="}, "iscrowd": 0, "area": 0, "category_name": "fish"}, {"id": 1, "image_id": 0, "bbox": [739.0, 986.0, 45.0, 34.0], "segmentation": {"size": [1080, 1920], "counts": "`c`h08_Q13M2N2N2N2O1O1N101O1N2O1O1O001O0O2O000000000000000000O10001N1O101N1O1N2O2M3L4LfV^U1"}, "iscrowd": 0, "area": 0, "category_name": "fish"}, {"id": 2, "image_id": 0, "bbox": [1727.0, 758.0, 59.0, 54.0], "segmentation": {"size": [1080, 1920], "counts": "adVi16_Q17J5L3M3L3O2M2N3N1N2O1N101O0O101O00000000001O000001O00001O010O001N101O1O00001O0O2O001O1N2O1N3L4L5Jmc]4"}, "iscrowd": 0, "area": 0, "category_name": "fish"}, {"id": 3, "image_id": 0, "bbox": [363.0, 810.0, 34.0, 42.0], "segmentation": {"size": [1080, 1920], "counts": "Wam;8^Q13N2O1N3N1O1O2M3N3M2N1OO10001O0O1001O001O1O1O1O1O10O010O1000O1000O1N3\\O\\oNN[Q1LX]Tb1"}, "iscrowd": 0, "area": 0, "category_name": "fish"}, {"id": 4, "image_id": 0, "bbox": [338.0, 721.0, 24.0, 24.0], "segmentation": {"size": [1080, 1920], "counts": "f[X;5^Q16N2M3O1N1O2N101O00000000000001O00000O101N2O1N3LiXVc1"}, "iscrowd": 0, "area": 0, "category_name": "fish"}, {"id": 5, "image_id": 0, "bbox": [268.0, 566.0, 22.0, 21.0], "segmentation": {"size": [1080, 1920], "counts": "\\Zm85aQ17J2N2O1N101O000000000001O010O001O1N2N6Hj`ee1"}, "iscrowd": 0, "area": 0, "category_name": "fish"}]}