{"images": [{"id": 0, "file_name": "images/7490_F2_f000121.jpg", "width": 1920, "height": 1080}], "annotations": [{"id": 0, "image_id": 0, "bbox": [1436.0, 1019.0, 82.0, 60.0], "segmentation": {"size": [1080, 1920], "counts": "cla_1;\\Q13L5J5L3L5L2N2O1N2O100O1O100O100O100O100O100O10000O1000000O10000O100O10000O10000O10000O10000O1000000O100O10000O100000000000000001N1O2L3M4L3N3M3L4L5K5K6FdmU="}, "iscrowd": 0, "area": 0, "category_name": "fish"}, {"id": 1, "image_id": 0, "bbox": [315.0, 479.0, 77.0, 51.0], "segmentation": {"size": [1080, 1920], "counts": "b]j:5bQ14L3M2N2N2N101N2O1O1N101O2N1O1N2O1O001O1O1N101O0000001O00000000000000000000O1000000000001O00010O001O001O1O1O1N2O2N3L4M4K3N1N2O1O0O2O0O2OUiUb1"}, "iscrowd": 0, "area": 0, "category_name": "fish"}, {"id": 2, "image_id": 0, "bbox": [82.0, 624.0, 48.0, 40.0], "segmentation": {"size": [1080, 1920], "counts": "[Xj27aQ11N3N1O2N1O1O1O2N1O2O1N2N2N2N2O0O2N1O10O0100O10O010O1000000O100O0O101O0O100O2XOWoN>SQ1N1O101N2O6IXVnj1"}, "iscrowd": 0, "area": 0, "category_name": "fish"}, {"id": 3, "image_id": 0, "bbox": [455.0, 664.0, 30.0, 21.0], "segmentation": {"size": [1080, 1920], "counts": "fkV?5bQ13M2O1N2O001N101O001O01O01O000001O001O00101N3L3M\\hW_1"}, "iscrowd": 0, "area": 0, "category_name": "fish"}, {"id": 4, "image_id": 0, "bbox": [354.0, 664.0, 33.0, 25.0], "segmentation": {"size": [1080, 1920], "counts": "[Yk;<ZQ13N2N1O1000000001O000O101O001O00001O0O2O1O001O0O101O00001O00002N3MljYb1"}, "iscrowd": 0, "area": 0, "category_name": "fish"}, {"id": 5, "image_id": 0, "bbox": [304.0, 693.0, 51.0, 27.0], "segmentation": {"size": [1080, 1920], "counts": "o[R:7^Q14M3M3N2M3N2O0O101N101O001O00O100000000O10000O100O10001O0O10000O2O000O2O000O2O0O2O0O2N2N1O2M4LVPdc1"}, "iscrowd": 0, "area": 0, "category_name": "fish"}, {"id": 6, "image_id": 0, "bbox": [274.0, 738.0, 51.0, 34.0], "segmentation": {"size": [1080, 1920], "counts": "jmU91eQ15L4L3N1O1N2O1O1O2N1O001O1O001O001O0000001O00010O0001O001O010O001O000O2O1O0O2O1O1N2N2M6JUccd1"}, "iscrowd": 0, "area": 0, "category_name": "fish"}]}