{"images": [{"id": 0, "file_name": "images/7490_F3_f000072.jpg", "width": 1920, "height": 1080}], "annotations": [{"id": 0, "image_id": 0, "bbox": [1494.0, 997.0, 53.0, 60.0], "segmentation": {"size": [1080, 1920], "counts": "fR`a1a0UQ17J4L4L4K3L3N3M201N101O0O101N101N100O10000O100O10O100O1O100ESPOjNno0T1VPOjNko0S1XPOjNko0S1`0C=A?ITma<"}, "iscrowd": 0, "area": 0, "category_name": "fish"}, {"id": 1, "image_id": 0, "bbox": [1556.0, 549.0, 122.0, 163.0], "segmentation": {"size": [1080, 1920], "counts": "iVPc13dQ12N1000000O10OO2O10001N101O1N2O1O00O10O0100O01DC\\oN>]P1c0M4M1O2N2N101N2N2N2L5J5M3L5L4M:G7H4L4L3N1N2O0O1O10O01O1O001O010O1O100O1O2O1N2O2N2M3N3L5L3M3M4L7I3M1O1O000001N100O2N2N1O2N2M3N3L3N3L3K6I7H8H8nM_QOd0jn0TO^QOd0jn0jNiQOk0ho0J6L2O1O1O1O1O001O00100O001O10O01O1O010O0010O01O010O1O00100O001O2N2N1N3Mj]k7"}, "iscrowd": 0, "area": 0, "category_name": "fish"}]}