{"images": [{"id": 0, "file_name": "images/7623_F1_f000117.jpg", "width": 1920, "height": 1080}], "annotations": [{"id": 0, "image_id": 0, "bbox": [590.0, 251.0, 121.0, 161.0], "segmentation": {"size": [1080, 1920], "counts": "_Rhc01fQ12O1N2O1O10O100O100O01N101N1H9C=A?L4L5I6H8J6K6K4N2M3N2O1N101O1O1N2O1O2N2N2M3N1O2N3M5K8G4M3M2N2N1O1N3O1N1O1O1O100O10O1N2L3[Of0N2O1O10001O1O2M3N2N4L5K6J3N3L5K4L4L4M2M1O2N1O00001O1O2N2M5L2N4K4M4L1O2M4M1N3N2M3M3M2N3L3N5ITnnW1"}, "iscrowd": 0, "area": 0, "category_name": "fish"}, {"id": 1, "image_id": 0, "bbox": [1203.0, 210.0, 96.0, 126.0], "segmentation": {"size": [1080, 1920], "counts": "lXiW18^Q14L4L5K5H8H7H8K5K4M4M3L4M3M3M3M3M3M3M3M3M3M2N2N2N2N2O1N2O1N2O1O1N101O0O101N100O101N100O1O10O01O100O100O010O100O100O0100O010O1O10000O10000O100O2N1O2N2N3L6K8H<D8I5K3L4M3M2N3L4M3K6J5C=_O_f^d0"}, "iscrowd": 0, "area": 0, "category_name": "fish"}]}