{"images": [{"id": 0, "file_name": "images/9898_Acanthopagrus_palmaris_f000001.jpg", "width": 1920, "height": 1080}], "annotations": [{"id": 0, "image_id": 0, "bbox": [608.0, 62.0, 227.0, 218.0], "segmentation": {"size": [1080, 1920], "counts": "YjYd03dQ1200O100010N10O100O1000001O00000O10000O1000000[oNIgo09VPOIjo06UPOKlo05SPOJno08ooNHSP18koNIVP18eoNJ]P16`oNKaP17[oNJgP1c01O0O2O0O2O_QO[OPl0d0oSO^OPl0b0nSOAQl0?nSOBRl0?lSOBRl0`0mSOARl0b0kSO^OTl0e0kSO[OTl0g0jSOZOTl0i0jSOXOTl0k0jSOVOTl0m0kSOROTl0P1kSOQORl0S1lSOmNPl0Y1oSOfNnk0^1QTOcNjk0c1UTO\\Nhk0i1VTOWNik0k1VTOVNjk0k1TTOUNmk0l1QTOUNok0l1PTOSNQl0n1mSORNTl0o1jSOQNWl0P2gSOPNZl0Q2eSOoM[l0R2cSOnM^l0S2`SOmMbl0S2]SOmMcl0U2ZSOkMgl0V2WSOjMjl0W2SSOkMml0W2PSOiMQm0X2mROiMRm0Y2lROgMTm0[2iROgMVm0[2gROfMXm0^2cROdM]m0\\3N100O2N101N10001N101N2N2N1N3O1N2N2O1O1N2O1O1O1O1O1O2N1O2M3N1O2N2N1O2O0O2N1O1O2O0O2N100O101N10001O00000000000000O101O0O2O0O2O0O2O0O2O1N2O1O1N2O1N3N1N3N2M2O2M3N2M4L4M3L4L4M3L4L4L5K6J9G6J4L?A3M2N2N2N3hN_PO3do0K^PO2fo0J\\PO3ho0IZPO6jo0EYPO8no0BTPO9hP1M201O1O000000O110O0001N100O100000001N2O1O001OO1O02O001O1O101N10aaoS1"}, "iscrowd": 0, "area": 0, "category_name": "fish"}]}