{"images": [{"id": 0, "file_name": "images/9898_Acanthopagrus_palmaris_f000000.jpg", "width": 1920, "height": 1080}], "annotations": [{"id": 0, "image_id": 0, "bbox": [613.0, 60.0, 214.0, 228.0], "segmentation": {"size": [1080, 1920], "counts": "[Xbd02fQ13M21N1N0100O1O2N2O0000000O100^oNIao08]POJco06[POJfo07WPOKjo05TPOKmo06QPOHSP18koNHWP18foNJ[P17aoNK_P1f02O0O1O1O`QO\\Ook0b0QTO_Ook0`0QTOAPl0=PTOEnk0=PTOCPl0>oSOCok0a0oSO_Ook0c0PTO]OPl0e0oSO[Onk0i0PTOXOnk0k0QTOTOmk0P1QTOQOmk0S1PTOnNnk0U1PTOkNZk0m1dTOTNWk0Q2hTOoMSk0X2kTOhMPk0_2oTOaMnj0c2PUO]MUk0`2iTO`M_k0Z2`TOeMkk0R2STOoMQl0n1nSOQNUl0n1iSORNYl0o1dSORN]l0o1`SOQNal0Q2`ROcMc0<ol0[2nROfMRm0\\2kROdMVm0_2gROaMYm0d2aRO\\M`m0^30O1O01O0O1O2N100O101N1O2N101N1O2N2N2N2N3M2N3N1O1O1O2N1N2O101N1O1O2N1O2N1O2N1O2N1O101N1O1O100O2N100O101O0O2O1O1O1O00000`TORJVk0m5iTO\\JPk0d5oTO^JPk0a5QUO_JPk0]5UUOaJkj0^5i0N101O1N101O1N2O0O2O2N1N2O2M2O2N2M2O2M3N2M4M2M4M4K5L4K7Ia0_O6K3L4L6J6J2N3M2M4M2M3M5dN[PO;ko0_OZPO1nP100O10O00001O00010O01OO1000010O0010O001N10O011O0O11O001N1000104JUlUT1"}, "iscrowd": 0, "area": 0, "category_name": "fish"}]}