{"images": [{"id": 0, "file_name": "images/0209.jpg", "width": 1920, "height": 1080}], "annotations": [{"segmentation": {"size": [1080, 1920], "counts": "Sk[a1:ZQ18I5L5K4L5K4K5M2M3N2N2N2O1N2O1O0O2O1O1O1N2O001O1O001O001O0O2O001O001O001N10001O00001O000000001O000000000000000000000001O0000000O10000O2O0O1O101N1O1O2O0N3M3L3N3M3N2N2N2Nh`S;"}, "area": 5738.0, "iscrowd": 0, "ignore": 0, "image_id": 0, "bbox": [1500, 969, 94, 94], "category_id": 2, "id": 0, "category_name": "seaurchin", "score": 0.9060412049293518}, {"segmentation": {"size": [1080, 1920], "counts": "bb\\S1>WQ16J5L4L4M3L3N2N2N2O1N2N1O2N2O0O2N10000O1000000O10O100O100O100O1O100O1O101N1O100O1O2O0O2N3M2N3L3M4M2L5J5K7JW_Sj0"}, "area": 2377.0, "iscrowd": 0, "ignore": 0, "image_id": 0, "bbox": [1076, 887, 62, 68], "category_id": 2, "id": 1, "category_name": "seaurchin", "score": 0.946143388748169}, {"segmentation": {"size": [1080, 1920], "counts": "bS_o09\\Q16CBXoNb0eP1;N1N2O1O1N2N1O2N1O2N101N101N2N101N101O0O101O000O10O100000000O101N101N101O0O2N2O1N1O2N1O2N1O2O1N2N101N2N2N2N2O1M3N2N3M2N3Lc\\fm0"}, "area": 2518.0, "iscrowd": 0, "ignore": 0, "image_id": 0, "bbox": [940, 923, 80, 80], "category_id": 2, "id": 2, "category_name": "seaurchin", "score": 0.9166277647018433}, {"segmentation": {"size": [1080, 1920], "counts": "b`la1<YQ16K4L3L4M3M3L4M2O2N1O2O0O100O100O1000000O100000000O1000000000000000O1000001O0O1000001N100000001O000O10001O0O101O0O101O0O101N101N1O2N2N2N2M4L3L5JT`o:"}, "area": 3028.0, "iscrowd": 0, "ignore": 0, "image_id": 0, "bbox": [1514, 751, 70, 78], "category_id": 2, "id": 3, "category_name": "seaurchin", "score": 0.9148274064064026}, {"segmentation": {"size": [1080, 1920], "counts": "`kUe19]Q14L3M3M3M3N3M2N2N3M2N2N101N2O001N2O1O0O2O00001N1000000000000000000000O2O0O100O1O2O0O1O2N1O1N3N1O1N3N1N3N2N2M3M3L4K5IgmT8"}, "area": 2238.0, "iscrowd": 0, "ignore": 0, "image_id": 0, "bbox": [1620, 635, 58, 76], "category_id": 2, "id": 4, "category_name": "seaurchin", "score": 0.8809609413146973}, {"segmentation": {"size": [1080, 1920], "counts": "fQ`Z18\\Q17J5M2M3N2N2N2N1O2N1O2O0O100O100O10000000000000000000O100000001O0O10000O100O101N1O100O101N1O101N1O2M4K5KPRQc0"}, "area": 1738.0, "iscrowd": 0, "ignore": 0, "image_id": 0, "bbox": [1292, 549, 52, 56], "category_id": 2, "id": 5, "category_name": "seaurchin", "score": 0.9259557723999023}, {"segmentation": {"size": [1080, 1920], "counts": "ZU_e1=XQ17J3M4L3N2M3N1O2N2O0O2O0O101O00001N1000000000000010O00000000001O0O10001O0O101O001N101N101N101N101N101N101N2N101N2N3M2N3L5KT^h7"}, "area": 2251.0, "iscrowd": 0, "ignore": 0, "image_id": 0, "bbox": [1630, 451, 58, 60], "category_id": 2, "id": 6, "category_name": "seaurchin", "score": 0.9092667102813721}, {"segmentation": {"size": [1080, 1920], "counts": "gfPe01_Q1;G8K5L3M3N2M3N1O2N101N100O10000O101N1000000000001O000000001O000000000000O100O101O0O1O2N2O0O2N2O1N3L4L5K4L8DaY^X1"}, "area": 2136.0, "iscrowd": 0, "ignore": 0, "image_id": 0, "bbox": [644, 847, 56, 58], "category_id": 2, "id": 7, "category_name": "seaurchin", "score": 0.8959243297576904}, {"segmentation": {"size": [1080, 1920], "counts": "o[Qi03_Q1;H5M3L3N2N2N3M2N2N2N2N1O2O0O2N100O1O10O0100O0100O001O10O01O1O001O2N1O1O1O2N1O2M3M3L4I8K5KXTgT1"}, "area": 1679.0, "iscrowd": 0, "ignore": 0, "image_id": 0, "bbox": [748, 845, 68, 72], "category_id": 2, "id": 8, "category_name": "seaurchin", "score": 0.900743842124939}, {"segmentation": {"size": [1080, 1920], "counts": "]ghc07PQ1d0K3M3N2M2O2M2O1O2N1O1O2N1O100O1O100O100O10O10O01O010N2O1O1O1O100O1O1O100O2N100O2N1O101N2N2N2N3L4L5K6H^^iY1"}, "area": 2148.0, "iscrowd": 0, "ignore": 0, "image_id": 0, "bbox": [590, 955, 72, 52], "category_id": 2, "id": 9, "category_name": "seaurchin", "score": 0.9182624816894531}]}