{"images": [{"id": 0, "file_name": "images/0338.jpg", "width": 1920, "height": 1080}], "annotations": [{"segmentation": {"size": [1080, 1920], "counts": "\\XR66`Q16K2N3N1N3N2M2O1N3N1N3N1O2N1N2O2N1O1O001O1O001O001O001O1O001O0010O01O1O00001O001O00010O00001O0001O01O0001O01O000001O00010O00001O001O010O1O001O1N101O1O1O1N3M2O1N2N2N3M2O1N2N2N2N3M2N3KneUf1"}, "area": 3932.0, "iscrowd": 0, "ignore": 0, "image_id": 0, "bbox": [194, 200, 88, 67], "category_id": 2, "id": 0, "category_name": "seaurchin", "score": 0.90009605884552}, {"segmentation": {"size": [1080, 1920], "counts": "Xk:9^Q15K3M3M2O1N3N1N2O0O2O1N2O0O2O1O0O2O001O1N101O1O0O2O001O001O001O01O01O001O0010O0001O01O00010O001O1N101O1N2O1N1O2N2M3N2M3N3M3L6I`djl1"}, "area": 2500.0, "iscrowd": 0, "ignore": 0, "image_id": 0, "bbox": [12, 288, 64, 69], "category_id": 2, "id": 1, "category_name": "seaurchin", "score": 0.9135047197341919}]}