{"images": [{"id": 0, "file_name": "images/0360.jpg", "width": 1920, "height": 1080}], "annotations": [{"segmentation": {"size": [1080, 1920], "counts": "eQQZ13cQ16J5K3M4L4M3L4M2N2N2N1O2O0O1O1O2N1O1N2M3L4K5M3N2N2N2O1N2O1O001O1O001O01O010N101M3K5K4]O[POROho0m0\\POkNio0S1?O1O1N2O1O1O2O0O2N101N2N2N101M3N3M4Kl_Tc0"}, "area": 2904.0, "iscrowd": 0, "ignore": 0, "image_id": 0, "bbox": [1268, 277, 80, 82], "category_id": 2, "id": 0, "category_name": "seaurchin", "score": 0.9409523606300354}, {"segmentation": {"size": [1080, 1920], "counts": "hl]W1;ZQ15K5J6K5K4N3M2M3N3M2O1N1O2N2N1O2N010O100O010000O100O100O100O2N1O2M3M3M4L3M4K4K5L5I7Heh]f0"}, "area": 1913.0, "iscrowd": 0, "ignore": 0, "image_id": 0, "bbox": [1188, 475, 72, 60], "category_id": 2, "id": 1, "category_name": "seaurchin", "score": 0.9263625144958496}, {"segmentation": {"size": [1080, 1920], "counts": "RjWQ16`Q13N2N2N2N2M3K5M3M3M3M3N2M3N3M2M3N1O001O0001N110O11O0000000000000001N1000001O00001O001O00100O2M2O1O2N1O2N2N2Nb0^O3L3MVPTl0"}, "area": 2279.0, "iscrowd": 0, "ignore": 0, "image_id": 0, "bbox": [1012, 673, 64, 56], "category_id": 2, "id": 2, "category_name": "seaurchin", "score": 0.9089382290840149}, {"segmentation": {"size": [1080, 1920], "counts": "WPof06\\Q1:I7J5K4L3M4M2N2N2N1O2N2N101N1O100O2N1O100000000000000000000000001O000001O001O1O001O001O0O101O1N101N101N1O2N1O2N1O1O1O2N1N2N2M4K5K6M4K7HYWQV1"}, "area": 3147.0, "iscrowd": 0, "ignore": 0, "image_id": 0, "bbox": [686, 921, 92, 88], "category_id": 2, "id": 3, "category_name": "seaurchin", "score": 0.877556324005127}, {"segmentation": {"size": [1080, 1920], "counts": "]ala01bQ17K4L5K4L4L5L3N2N2N2N2O0O2N2O0O2O1O001O0O2O000010O00001O001O001O000O2O000O101O0O10001O0O101O0O2O1N3N1N3M3M3L5K4KT[`[1"}, "area": 2217.0, "iscrowd": 0, "ignore": 0, "image_id": 0, "bbox": [542, 895, 62, 54], "category_id": 2, "id": 4, "category_name": "seaurchin", "score": 0.9168886542320251}, {"segmentation": {"size": [1080, 1920], "counts": "RUW?3cQ16J5K4M3M3M3N3L2N3M2O1N2O1N2O1N2O0O101N1O2O0O100O101N10000O1000000000O101O000O100O2N1O1O2N2N1O2N1N3N1O2N1N3N1O2M2N3M3L4L5Ik^P^1"}, "area": 2491.0, "iscrowd": 0, "ignore": 0, "image_id": 0, "bbox": [462, 949, 80, 58], "category_id": 2, "id": 5, "category_name": "seaurchin", "score": 0.8805491924285889}, {"segmentation": {"size": [1080, 1920], "counts": "lb\\j06]Q18K5K3O2M4L3M3N1N2O1N101N2O001N2O1O1O1O1N2O001O001O1O1O000001O000O2O000O2O1N1O2N2N2N2M3N3L3L5I?AZgXS1"}, "area": 2013.0, "iscrowd": 0, "ignore": 0, "image_id": 0, "bbox": [800, 841, 58, 56], "category_id": 2, "id": 6, "category_name": "seaurchin", "score": 0.9173896312713623}, {"segmentation": {"size": [1080, 1920], "counts": "lV\\h0:\\Q13N2N2N1O2N101O0O10000O2O000O10001O001O001O001O010O10O00010O001O001O10O01O1O2M2N3M3L5IP\\^U1"}, "area": 1072.0, "iscrowd": 0, "ignore": 0, "image_id": 0, "bbox": [734, 807, 52, 48], "category_id": 2, "id": 7, "category_name": "seaurchin", "score": 0.9190553426742554}, {"segmentation": {"size": [1080, 1920], "counts": "halm0;ZQ18I9G6I6J4M4K4M3M4L6K3L3M3N1O1O1O2O0O1O1O100O101O0O10000O10000O1000000O100000000001O0000010O001O001O001O1O2N2N2N2N2N1O2N1O1O2N1O1O2N3M2N1O1O001O000000001O00001O001O1N2N2O0O2N2M3L4K6K7I9E]YYn0"}, "area": 6228.0, "iscrowd": 0, "ignore": 0, "image_id": 0, "bbox": [914, 989, 106, 86], "category_id": 2, "id": 8, "category_name": "seaurchin", "score": 0.9164730310440063}]}