{"images": [{"id": 0, "file_name": "images/0658.jpg", "width": 1920, "height": 1080}], "annotations": [{"segmentation": {"size": [1080, 1920], "counts": "mlb99ZQ17J4N2N2N2N2N2O1N2N2O1N2O1N2O1O1O1O1N2O1O1O1O1O100O1O1O100O100O10000O100O100O100O100O1000000000000O1001O0000000000001O0000001O00001O000O2N101N1N3M2N4L3M4L4L7I6J4L4Lfbnb1"}, "area": 4056.0, "iscrowd": 0, "ignore": 0, "image_id": 0, "bbox": [292, 1008, 83, 72], "category_id": 2, "id": 0, "category_name": "seaurchin", "score": 0.9389580488204956}, {"segmentation": {"size": [1080, 1920], "counts": "g^[d08]Q16K5L3L4N0O2N2O0O2O0O10000O2O000O10001O0O1000000O100000O10O10000001N100O10001N100O1O2O0O2N2N2M6J6HPjXY1"}, "area": 1597.0, "iscrowd": 0, "ignore": 0, "image_id": 0, "bbox": [614, 714, 56, 39], "category_id": 2, "id": 1, "category_name": "seaurchin", "score": 0.9381604790687561}, {"segmentation": {"size": [1080, 1920], "counts": "imi?3cQ17I3L4N2M3O0O2N1O1O1O1O10000O010000O10O10O10O10O10000O010O100O100O100O1O1O2O0O1O2O0O2N1O2O0O2N2Nn\\k]1"}, "area": 1111.0, "iscrowd": 0, "ignore": 0, "image_id": 0, "bbox": [474, 727, 47, 40], "category_id": 2, "id": 2, "category_name": "seaurchin", "score": 0.8891116380691528}, {"segmentation": {"size": [1080, 1920], "counts": "^Q]Q19ZQ1=D6L4L3N2M3N2N2N2N1O2M2O2N100O2N100000001O00000001O00000010O000000000000000000000001O001O00001O001O0000001O00001N10001N2O0O2O1N1O2O1N1O2O1N2N2M3N2M>^Oci[k0"}, "area": 3673.0, "iscrowd": 0, "ignore": 0, "image_id": 0, "bbox": [1021, 631, 77, 61], "category_id": 2, "id": 3, "category_name": "seaurchin", "score": 0.9277533888816833}, {"segmentation": {"size": [1080, 1920], "counts": "mdaR18]Q17J5L3L4M2O1N2O1N100O2O00000000001O00000000O100000000O10000O101O0O10001N101N101N2N2N2N3L4KgjVk0"}, "area": 1403.0, "iscrowd": 0, "ignore": 0, "image_id": 0, "bbox": [1054, 329, 41, 45], "category_id": 2, "id": 4, "category_name": "seaurchin", "score": 0.9137459993362427}, {"segmentation": {"size": [1080, 1920], "counts": "lfTg03dQ12M4M1O2N2N1O2O1N1O2O0O2O0O10000000000O100001N100O100O1O2O0O2N1O2N3LU\\oV1"}, "area": 650.0, "iscrowd": 0, "ignore": 0, "image_id": 0, "bbox": [694, 318, 37, 29], "category_id": 2, "id": 5, "category_name": "seaurchin", "score": 0.8935117125511169}, {"segmentation": {"size": [1080, 1920], "counts": "Se`i04aQ16K4L3N3M2N2N1O2O0O10000000000O11O0000001O001O001O001O001O1O001O001N1O2N2M4KiV_T1"}, "area": 886.0, "iscrowd": 0, "ignore": 0, "image_id": 0, "bbox": [782, 319, 35, 32], "category_id": 2, "id": 6, "category_name": "seaurchin", "score": 0.9061973094940186}]}