{"images": [{"id": 0, "file_name": "images/0752.jpg", "width": 3840, "height": 2160}], "annotations": [{"segmentation": {"size": [2160, 3840], "counts": "S\\nc2<mR2=G7J4L4L3N3L3N2M3N2N2N1O2N2N101N1O2N1O2N1O2O0O100O10000O01000O10O10O10O10000O10001N1O101N1O2N1O2N1O2N1O2N2M3M3N2M3L4M4K6H=^OUhPU5"}, "area": 3826.0, "iscrowd": 0, "ignore": 0, "image_id": 0, "bbox": [1270, 1112, 44, 104], "category_id": 2, "id": 0, "category_name": "seaurchin", "score": 0.9333692789077759}, {"segmentation": {"size": [2160, 3840], "counts": "cUdh28SS2;F9I5L2N3M2N2N2N2N2O0O2N100O2N100O1O101N1O100O2N100O101N1000000O10O10000000O10000000O10000O101N100O101N101N1O2O1N101N2O1N2O2M2O1N2N2O2M2N3M3L4L6J6HQdao4"}, "area": 3845.0, "iscrowd": 0, "ignore": 0, "image_id": 0, "bbox": [1342, 1164, 84, 72], "category_id": 2, "id": 1, "category_name": "seaurchin", "score": 0.9361772537231445}, {"segmentation": {"size": [2160, 3840], "counts": "QhP[32YS2:G7I6K5L3M4L3N2M3N2N2N2N2N1O2O1N1O2O0O1O10000O100O100O10000O10O10000O10000O1O101O0O100O2O0O101O0O2O1N101N2N2N2O1N1O2N2N2N3M2M4M4K4LQne]4"}, "area": 3365.0, "iscrowd": 0, "ignore": 0, "image_id": 0, "bbox": [1626, 1204, 64, 80], "category_id": 2, "id": 2, "category_name": "seaurchin", "score": 0.9340859651565552}, {"segmentation": {"size": [2160, 3840], "counts": "mm]Y1:RS27J5L4L4L4L4M2M3N2N3M2N2N2O1N2O1O1N101N2O1O1N2O001N101O001O0O2O00001O0O1000000000000001N10000O100O2O0O101N1O2N1O2O0O2N2N2N1O2N2N3M2N3L4L5K7G:CYVn^6"}, "area": 4158.0, "iscrowd": 0, "ignore": 0, "image_id": 0, "bbox": [630, 1260, 68, 68], "category_id": 2, "id": 3, "category_name": "seaurchin", "score": 0.9398467540740967}, {"segmentation": {"size": [2160, 3840], "counts": "achP2:RS2:H6J4M3M2N3M2N2O1N2N2O0O2O0O2O000O2O0000001O0O1000001O00000000O10000O2O0O10000O101N1O1O2N1O2N1O2N2N2N3L4M3L6H8GRUch5"}, "area": 2535.0, "iscrowd": 0, "ignore": 0, "image_id": 0, "bbox": [974, 1220, 72, 56], "category_id": 2, "id": 4, "category_name": "seaurchin", "score": 0.9317114353179932}, {"segmentation": {"size": [2160, 3840], "counts": "Pcon1?mR28J4M3M2O1N1O2O0O2N100O2O0O10000O10000O100000000O10O1000001O0O101O0O2O0O2O0O2O0O2O1N2N2N2N2N2N4K8Gomjj5"}, "area": 1799.0, "iscrowd": 0, "ignore": 0, "image_id": 0, "bbox": [962, 1144, 56, 48], "category_id": 2, "id": 5, "category_name": "seaurchin", "score": 0.9223624467849731}, {"segmentation": {"size": [2160, 3840], "counts": "Xncn2>nR26L4L4L4M2M4M2M4M2M4M2N2N2O1N2N2O0O2O0O2O0O2O0O2O000O2O0000000O2O000000001N1000000000000001N100O101O0O100O2O0O2O1N101N2N2O1N2N2N2N2N3M2N2N2N3L3M4M2M4K7I\\d]i4"}, "area": 4441.0, "iscrowd": 0, "ignore": 0, "image_id": 0, "bbox": [1438, 972, 80, 100], "category_id": 2, "id": 6, "category_name": "seaurchin", "score": 0.9415297508239746}, {"segmentation": {"size": [2160, 3840], "counts": "cWof21ZS2:I4L4M2N3M3N2M4M3L4L3N2M2O1N2O1N101N101O0O1000001OO2O0000001O00001O00001N101O0O2O1O0O2N2O1N2O2M3L5K8H8GfndR5"}, "area": 2270.0, "iscrowd": 0, "ignore": 0, "image_id": 0, "bbox": [1314, 964, 60, 60], "category_id": 2, "id": 7, "category_name": "seaurchin", "score": 0.9278508424758911}, {"segmentation": {"size": [2160, 3840], "counts": "`jnU2<SS28G5L3M3M3M2N3M2N3M2O1N2N1O2O000N2O2N1O1O100O1O2OO2O00001O1O1O1N2O1O1N10001N1O2O0O2N101N2N1O2N2N2M3N2N3L3M5IRUac5"}, "area": 2473.0, "iscrowd": 0, "ignore": 0, "image_id": 0, "bbox": [1062, 756, 64, 96], "category_id": 2, "id": 8, "category_name": "seaurchin", "score": 0.9047986268997192}, {"segmentation": {"size": [2160, 3840], "counts": "jUlR46WS25K4M3M3N2M3N1O2N1O2N1O2N1O2N1000001N100001O000O1000000000000000001N10000O101N10000O101O0O10001N10001N101N2O001N101N2N2N3LaQUf3"}, "area": 1930.0, "iscrowd": 0, "ignore": 0, "image_id": 0, "bbox": [1982, 1060, 76, 68], "category_id": 2, "id": 9, "category_name": "seaurchin", "score": 0.8880839347839355}, {"segmentation": {"size": [2160, 3840], "counts": "oYdV4;oR2:H8J5K4M3L3N2N2N2N1O2O0O1O2N1O100O2O0O10O100000000O10000O100O10000O100O2O0O2N101N2N1O2N2N2N2N2N2N2N3M3M2M5L7GWbib3"}, "area": 2638.0, "iscrowd": 0, "ignore": 0, "image_id": 0, "bbox": [2046, 956, 60, 60], "category_id": 2, "id": 10, "category_name": "seaurchin", "score": 0.9170712232589722}, {"segmentation": {"size": [2160, 3840], "counts": "[iTj44WS28J5L3N2M3N2O0O2N1O1O2O0O100O101O0O10000O2O00000000000001O000O101O00001O001O1O0O2O1O1N2O1N2N3L4L8Gigeo2"}, "area": 1539.0, "iscrowd": 0, "ignore": 0, "image_id": 0, "bbox": [2330, 1076, 64, 60], "category_id": 2, "id": 11, "category_name": "seaurchin", "score": 0.9159388542175293}, {"segmentation": {"size": [2160, 3840], "counts": "jV\\X53ZS25K4L4M3N2N2N1O2N2N101N1O2N1O2O0O2N1O1O2O0O1O100O1O100O10001N100O10O010000O100O0100000O1000O1000000O100O2O0O1O101N1O2N101N2N2N2N3M3M3M4J6IkTT`2"}, "area": 2740.0, "iscrowd": 0, "ignore": 0, "image_id": 0, "bbox": [2538, 844, 96, 64], "category_id": 2, "id": 12, "category_name": "seaurchin", "score": 0.9158657789230347}, {"segmentation": {"size": [2160, 3840], "counts": "k]gQ56XS2<D5L4L3N1N3M2O2M2O1N3N1O1O0O2O1O00010O00001O00001O0001O0000001N101N101N1O2O0O2N2O1N2N2N2N4K4K8E`VUh2"}, "area": 1971.0, "iscrowd": 0, "ignore": 0, "image_id": 0, "bbox": [2458, 1148, 48, 60], "category_id": 2, "id": 13, "category_name": "seaurchin", "score": 0.9147440195083618}, {"segmentation": {"size": [2160, 3840], "counts": "Y^oR58TS26K5K4M4M2N2N1O2O1O0O2O001O001O010O001O00001O00001O01O00001O00001O010O001O001O001O00001O001O0O2O1O1O1N2O2M3N2M7J7GXVZf2"}, "area": 1945.0, "iscrowd": 0, "ignore": 0, "image_id": 0, "bbox": [2486, 1080, 56, 56], "category_id": 2, "id": 14, "category_name": "seaurchin", "score": 0.9013291597366333}, {"segmentation": {"size": [2160, 3840], "counts": "iPeP36WS2;F6K3L4M2N2O2M2N2O0O2O1N101O1N10001N101O000O101O0O1000000000000000000000000001N10000O2O0O2O1N101O1N2O1N3M2N4L4K:DTddh4"}, "area": 2521.0, "iscrowd": 0, "ignore": 0, "image_id": 0, "bbox": [1466, 664, 68, 60], "category_id": 2, "id": 15, "category_name": "seaurchin", "score": 0.9235935211181641}, {"segmentation": {"size": [2160, 3840], "counts": "famm3<RS28H7J4L3M3N2M2O1N2O1O1O0O2O001O000000O10000O10000O10000O10001N101O0O2O1N2O1N3N1N3M4L3M3M3M5J6HlUQl3"}, "area": 1813.0, "iscrowd": 0, "ignore": 0, "image_id": 0, "bbox": [1914, 644, 48, 56], "category_id": 2, "id": 16, "category_name": "seaurchin", "score": 0.9014939069747925}]}