{"images": [{"id": 0, "file_name": "images/0765.jpg", "width": 1920, "height": 1080}], "annotations": [{"segmentation": {"size": [1080, 1920], "counts": "cX]e14aQ14RoNKVP16hoNOTP13hoN2VP1OfoN5YP1LdoN7[P1JaoN:^P1a0O2O1N2M2O1N2N2N101N101N1O1O2O0O1O1O100O101N10000O1000000000000000O10000O1000001N10000O2O001N10001N2O1N2N2O1N3N1N2O1N3N1N2O2M3M3N1N3M2N3M2M4M2N2N5JRYV7"}, "area": 4020.0, "iscrowd": 0, "ignore": 0, "image_id": 0, "bbox": [1602, 659, 106, 88], "category_id": 2, "id": 0, "category_name": "seaurchin", "score": 0.9103744626045227}, {"segmentation": {"size": [1080, 1920], "counts": "Zf_S1;WQ1;H5M2N2N1O2N1O100O10000O10000O010000O01000O100O100O2O0O1O101N101N1O2O1N1O2N2O1N2N2M4LolZj0"}, "area": 1342.0, "iscrowd": 0, "ignore": 0, "image_id": 0, "bbox": [1064, 845, 66, 48], "category_id": 2, "id": 1, "category_name": "seaurchin", "score": 0.9178930521011353}, {"segmentation": {"size": [1080, 1920], "counts": "hWla1;[Q15L3M2N2O1N2O1N1O100O1O2O0O10000O10000000000O10000000000000O101N100O101N1O2N101N2N2N2N2N2N3L4K[Tj;"}, "area": 1327.0, "iscrowd": 0, "ignore": 0, "image_id": 0, "bbox": [1510, 491, 62, 58], "category_id": 2, "id": 2, "category_name": "seaurchin", "score": 0.9193832278251648}]}