{"images": [{"id": 0, "file_name": "images/0854.jpg", "width": 1920, "height": 1080}], "annotations": [{"segmentation": {"size": [1080, 1920], "counts": "iPkk01cQ1;G4L5L2N3M3M2N2O1N2N101N101N100O101N100O101O00O01000000O10O100O01000O10000O10001N10001N100O2O0O2O0O2N1O2N2N2M3M5J6I[h_Q1"}, "area": 2166.0, "iscrowd": 0, "ignore": 0, "image_id": 0, "bbox": [839, 859, 67, 57], "category_id": 2, "id": 0, "category_name": "seaurchin", "score": 0.887125551700592}, {"segmentation": {"size": [1080, 1920], "counts": "n[hX12aQ1;H4L4L4L4L3N3N1N2N2O0O2N101O0O2O0O101O001N10001O0000001O000001O01O000001O000O1000001O001N101O1O002M2O1N2O2M2O1N2N2M3M4L3N3L4L6JVR\\d0"}, "area": 2594.0, "iscrowd": 0, "ignore": 0, "image_id": 0, "bbox": [1223, 767, 73, 64], "category_id": 2, "id": 1, "category_name": "seaurchin", "score": 0.9135149717330933}, {"segmentation": {"size": [1080, 1920], "counts": "Xkdb15^Q1=F;Fa0_O3M3N1O1N2O1O1O1O1O1O1O001N101O00001O00001O001O00001O0010O0001O00010O010O0010O0010O010O0010O1O001O1O001O1O001O1N2N101M3N2N2N2M3N2M3M3N3L3N2N4L5K3M3M3M4Kjgo9"}, "area": 4515.0, "iscrowd": 0, "ignore": 0, "image_id": 0, "bbox": [1539, 843, 75, 92], "category_id": 2, "id": 2, "category_name": "seaurchin", "score": 0.915154218673706}, {"segmentation": {"size": [1080, 1920], "counts": "UTd[15`Q17J5L3M2N2N2N101N101O0O2O1O001O0000001O000000000000O101O000O2O001N2N2O1N2M3N2M4L3M]bXb0"}, "area": 1160.0, "iscrowd": 0, "ignore": 0, "image_id": 0, "bbox": [1329, 774, 36, 42], "category_id": 2, "id": 3, "category_name": "seaurchin", "score": 0.8956835269927979}, {"segmentation": {"size": [1080, 1920], "counts": "WhY^15aQ17J6Ji0WO5J5L3N1N2N2O1O1O001O1O1O1O1O1O1O100O1O2N1O2N001N2O1O001O1O1O00001O00000001O0O2O0O101O0O2O001O001N101O0O2O0O2N2O1N2O0O2N2N2N2N3M2M4L5C<L8G^Wb>"}, "area": 4867.0, "iscrowd": 0, "ignore": 0, "image_id": 0, "bbox": [1392, 984, 86, 79], "category_id": 2, "id": 4, "category_name": "seaurchin", "score": 0.8816432356834412}, {"segmentation": {"size": [1080, 1920], "counts": "SmWf03cQ13N2N1O1N2O1O1O1O1O1O1O1O1O1O1O1O100O1O100O100O1O100O100O100O100O100O100000000000000000000000000001O001O001O1O1O1O1O1O1O1O1O1O1O1O1O2N1O1O2N2N1O1O2N1O1N2N]j^V1"}, "area": 1838.0, "iscrowd": 0, "ignore": 0, "image_id": 0, "bbox": [676, 1047, 76, 33], "category_id": 2, "id": 5, "category_name": "seaurchin", "score": 0.9239393472671509}]}