{"images": [{"id": 0, "file_name": "images/0864.jpg", "width": 1920, "height": 1080}], "annotations": [{"segmentation": {"size": [1080, 1920], "counts": "nob72bQ17K4L4M2M4M2N1O2N2O1N101O1N101O001O001N101O001O00001O0010O00000000000O101O00001O001O0O2O1O1N2N2O1N3M2M4L4L5Iloke1"}, "area": 1796.0, "iscrowd": 0, "ignore": 0, "image_id": 0, "bbox": [227, 412, 59, 41], "category_id": 2, "id": 0, "category_name": "seaurchin", "score": 0.9127234220504761}, {"segmentation": {"size": [1080, 1920], "counts": "icd>7^Q16J5K4M3N2N2O1N2O0O2O001O001O1O001O001O00001O01O0001O000001O0000001O00001O001O002N2M3N2M4L7HjiR_1"}, "area": 1566.0, "iscrowd": 0, "ignore": 0, "image_id": 0, "bbox": [443, 323, 51, 46], "category_id": 2, "id": 1, "category_name": "seaurchin", "score": 0.8943954706192017}, {"segmentation": {"size": [1080, 1920], "counts": "Y[Wf0=YQ15K4M3M3M2O1N2N2O0O2O1N2O001O1O0O2O001O001O1O0O101O001O0O10001O0O10000001O000O101O001O0O2O001O001O001O1O1O1N3N1O3L3M3L4K6K6HUVoV1"}, "area": 2589.0, "iscrowd": 0, "ignore": 0, "image_id": 0, "bbox": [661, 486, 68, 57], "category_id": 2, "id": 2, "category_name": "seaurchin", "score": 0.9296474456787109}]}