{"images": [{"id": 0, "file_name": "images/0881.jpg", "width": 1920, "height": 1080}], "annotations": [{"segmentation": {"size": [1080, 1920], "counts": "Xc^m0>VQ18I6K3N2M2O2M200O1O2N100O2O0O101N1000000O101O0000000000000O100001O0O10001O001O1N2O1N2O1N2N3M2N3M3M4L3M4K7EX^QP1"}, "area": 2190.0, "iscrowd": 0, "ignore": 0, "image_id": 0, "bbox": [884, 761, 61, 49], "category_id": 2, "id": 0, "category_name": "seaurchin", "score": 0.9462761878967285}, {"segmentation": {"size": [1080, 1920], "counts": "djQj0=iP1f0J5M1N3M2N3N2M2O1N101O0O2O1O000O2O000000001O0000O1000000O10000O100O2O0O1O1N3L3M3fNkoN448aP1CeoN3RkjS1"}, "area": 2272.0, "iscrowd": 0, "ignore": 0, "image_id": 0, "bbox": [788, 616, 37, 56], "category_id": 2, "id": 1, "category_name": "seaurchin", "score": 0.8426401019096375}, {"segmentation": {"size": [1080, 1920], "counts": "_jjW12dQ17I4M3M3L4N1N2N2N2N2N2N2N2N2N2N2N2O1N2N101N2N101N100O2O0O100O2O0O10001N1000001N100000000000001O00000000000001N101O1O1N2O1O1N2O2N2M4M2M6K2M2O2M2N3L5K5K6Gdnld0"}, "area": 3770.0, "iscrowd": 0, "ignore": 0, "image_id": 0, "bbox": [1206, 759, 72, 59], "category_id": 2, "id": 2, "category_name": "seaurchin", "score": 0.9139504432678223}, {"segmentation": {"size": [1080, 1920], "counts": "nR^Q1;[Q14L4L3N2N2M2O2N1O1O1O1O100O1O100O0100O10O10O10O010000O100O010O100O2O000O101N1O2N2M4K5Jd`\\l0"}, "area": 1350.0, "iscrowd": 0, "ignore": 0, "image_id": 0, "bbox": [1016, 623, 45, 42], "category_id": 2, "id": 3, "category_name": "seaurchin", "score": 0.9276857376098633}, {"segmentation": {"size": [1080, 1920], "counts": "fY__14bQ17I3M3N3M2N3M2N3M2N2N2N101N1O2O0O101O0O1000001O0000000000000000000000O10000O10000O100O101N1O2O1M3N3L4L5K6J7EWfo="}, "area": 1961.0, "iscrowd": 0, "ignore": 0, "image_id": 0, "bbox": [1451, 543, 41, 39], "category_id": 2, "id": 4, "category_name": "seaurchin", "score": 0.9118869304656982}, {"segmentation": {"size": [1080, 1920], "counts": "dRiX14`Q16K4N2M200O2N1O100O101N1O100O100O10000O1000000000000001O0O101O001N101N2O0O2N2M3L7HWdSe0"}, "area": 951.0, "iscrowd": 0, "ignore": 0, "image_id": 0, "bbox": [1230, 427, 54, 34], "category_id": 2, "id": 5, "category_name": "seaurchin", "score": 0.9196885824203491}, {"segmentation": {"size": [1080, 1920], "counts": "XWlU18]Q15L3N2N1O1O101N1O100O10000O100O1000000000000000O10001N100O101N1O2N2N1O2N2N2MidSh0"}, "area": 845.0, "iscrowd": 0, "ignore": 0, "image_id": 0, "bbox": [1149, 382, 39, 28], "category_id": 2, "id": 6, "category_name": "seaurchin", "score": 0.9370568990707397}, {"segmentation": {"size": [1080, 1920], "counts": "mPcZ16_Q14N3M2N2O0O2O1O0O2O00001O0000001O000000000000000000O2O001O0O2O0O3M3KoQac0"}, "area": 705.0, "iscrowd": 0, "ignore": 0, "image_id": 0, "bbox": [1286, 363, 45, 31], "category_id": 2, "id": 7, "category_name": "seaurchin", "score": 0.8887407779693604}]}