{"images": [{"id": 0, "file_name": "images/1019.jpg", "width": 1920, "height": 1080}], "annotations": [{"segmentation": {"size": [1080, 1920], "counts": "nPlb12eQ12@1ToN1iP12UoN1fP14WoNNcP18[oNJ\\P1n0K4L5L3N3M2O100000O100O100N200002M2O001O00001N2O1O1O1N2O1O1O001O00001O00001O001O001N2O1O1O1O2N1O1O1O001O00000000000001O0O2O1M3N2N2N2O1N2N100O2N2N2O1O2M3N2N1O1N2O1N2N3M2M3H9J5L3M5K5L5L3K[bT9"}, "area": 6133.0, "iscrowd": 0, "ignore": 0, "image_id": 0, "bbox": [1535, 607, 92, 82], "category_id": 2, "id": 0, "category_name": "seaurchin", "score": 0.7730121612548828}, {"segmentation": {"size": [1080, 1920], "counts": "o_Uo05\\Q1:J;E7J3N2N2O1N2O1N2N2N2N1O010O10001O00010O1O010O10O01N1000000O20N101K5N2O1O1N2O01O001O001N101O010O01O101N1O2N1O1O2N2M3N2N2M2O2M2O2M2O2M4L6JVchm0"}, "area": 3049.0, "iscrowd": 0, "ignore": 0, "image_id": 0, "bbox": [939, 809, 76, 63], "category_id": 2, "id": 1, "category_name": "seaurchin", "score": 0.7073779106140137}, {"segmentation": {"size": [1080, 1920], "counts": "gonk04cQ12N3N1N3N1O1O1N2O1N2N1N3ROZOcPOl0Xo0ZOaPOk0\\o0[O\\POk0bo0g0M3N1O2N1N101O10O010O000010O010O010000001O01O0000000O2O0O100000000001O001O1N2O001OO1O1O100O1O2N101N2M3N1O2O1N1O2N3M2L5L4M2O1N2N2K6L4M4M2DPoNLQQ11SoNLoP12>LVW]P1"}, "area": 4842.0, "iscrowd": 0, "ignore": 0, "image_id": 0, "bbox": [859, 564, 80, 88], "category_id": 2, "id": 2, "category_name": "seaurchin", "score": 0.7335881590843201}]}