{"images": [{"id": 0, "file_name": "images/1052.jpg", "width": 1920, "height": 1080}], "annotations": [{"segmentation": {"size": [1080, 1920], "counts": "boRS16]Q1;H4L4L5L3M2N3M3M2N2N3M2N2N2M4M2O1N2N2O1O2N1O1O1O1O1O001O001O001O00001O01O0000001O00001O0001O01O0O2O001O001O1O1O1N2O1O1N2O1N3M2O2M3M2N3M3M3M3M3L5L5K5J7HRidi0"}, "area": 4452.0, "iscrowd": 0, "ignore": 0, "image_id": 0, "bbox": [1059, 788, 84, 84], "category_id": 2, "id": 0, "category_name": "seaurchin", "score": 0.9383939504623413}, {"segmentation": {"size": [1080, 1920], "counts": "QSfh06]Q1:H5L4L4K5K5L4N2M3N2M2O2N1N2O1O2N1O1O1O1O1O1O10O01O100O00010O000010O1O100O1O1O1O1O1O1O1O001N2O1O1N2O1N3N2M2N4L3M3L5L4K6I8Hj_aT1"}, "area": 3220.0, "iscrowd": 0, "ignore": 0, "image_id": 0, "bbox": [749, 108, 61, 64], "category_id": 2, "id": 1, "category_name": "seaurchin", "score": 0.8901918530464172}]}