{"images": [{"id": 0, "file_name": "images/1230.jpg", "width": 1920, "height": 1080}], "annotations": [{"segmentation": {"size": [1080, 1920], "counts": "8[5]l00000O101O000000001N101O1O4L2O0O001O1N2O1O1O1N2O1O001O001O010O002N3M6I3N1N2O1N2O1O1N2O2N1N2O1N3N1O1N3N1O2N2M4M2N2N2M3N2M3N3M2M3N2M2N4M8PN`POW1UP1L4K4L4L4K4M4K5K4JScfl1"}, "area": 9315.0, "iscrowd": 0, "ignore": 0, "image_id": 0, "bbox": [1, 33, 103, 156], "category_id": 2, "id": 0, "category_name": "seaurchin", "score": 0.8902285099029541}, {"segmentation": {"size": [1080, 1920], "counts": "h_hm0>UQ17K5L3L4K5L4M3M2O2N1N3N1O2N2O000O2O0O101N100O1O1O2N1O1O1O100001O0000001O00001O001O1O1N101O1O1O1O1N2O001O1O1O1N2O2M2O1N2N3N1N3M4K7Ia0\\OljYo0"}, "area": 3644.0, "iscrowd": 0, "ignore": 0, "image_id": 0, "bbox": [904, 73, 84, 68], "category_id": 2, "id": 1, "category_name": "seaurchin", "score": 0.9018553495407104}]}