{"images": [{"id": 0, "file_name": "images/1272.jpg", "width": 1920, "height": 1080}], "annotations": [{"segmentation": {"size": [1080, 1920], "counts": "_iiW16_Q17I6K4L4L4L4K4J6M4M2M3N2N2N2N1O2N1O2O0O2N2O0O2O1N101O001O0O2O00001O000000O10001O0O2O2M3N3L3N1N3N1N2N3M101N2N2M2O2N1O2N2N2M3M4L4L8EYcYe0"}, "area": 3727.0, "iscrowd": 0, "ignore": 0, "image_id": 0, "bbox": [1204, 767, 76, 78], "category_id": 2, "id": 0, "category_name": "seaurchin", "score": 0.9059165120124817}, {"segmentation": {"size": [1080, 1920], "counts": "gW\\\\14aQ18H6K5L5J5L4L2M4M1O2N2O1N1O2N1O1O1O1O1O1O1O1O1O1O001O100O10O010000O100O2O00000000000000000000O2O0O2O0O2N2N2N1N3N2M3N3L4L5K5K6J6HPWh`0"}, "area": 3455.0, "iscrowd": 0, "ignore": 0, "image_id": 0, "bbox": [1345, 598, 79, 84], "category_id": 2, "id": 1, "category_name": "seaurchin", "score": 0.9075427055358887}, {"segmentation": {"size": [1080, 1920], "counts": "kbR:6_Q16K5L3M3M2N3M1O2N2O1N2N2O1N2N1O1O2O0O1O101N1O100O100O2O000O0100000O100000O100O10O0100O1O100O2N1O1O1O100O1O101N1O1O1O2N1N3L3N3L5J6K6I`hob1"}, "area": 2714.0, "iscrowd": 0, "ignore": 0, "image_id": 0, "bbox": [304, 888, 63, 75], "category_id": 2, "id": 2, "category_name": "seaurchin", "score": 0.8877559304237366}, {"segmentation": {"size": [1080, 1920], "counts": "ZahT14\\Q1>G5M2M4M1N3N2N2M3N1O2N2N1O2N1O2N1O2N1O2N10000O2O00000O1000000O010000O010O1O1O100O1O100O2N1O1N2O2N1O1O101N1O2N1O2N2N2N3L3N2N2N1O2O0O2N1N3N2M3M\\aTh0"}, "area": 3126.0, "iscrowd": 0, "ignore": 0, "image_id": 0, "bbox": [1119, 533, 85, 71], "category_id": 2, "id": 3, "category_name": "seaurchin", "score": 0.9141010046005249}, {"segmentation": {"size": [1080, 1920], "counts": "m__m0<XQ19I5L6I4L4L3M3N2M2M4L3N2O1O1N2O1O1O1O001O001O1O010O01O1O10O01O1O101N1O1N3N1O2M2O2N1N3M3M3M3M3N3L5L4J;E7JicQP1"}, "area": 2713.0, "iscrowd": 0, "ignore": 0, "image_id": 0, "bbox": [890, 565, 73, 88], "category_id": 2, "id": 4, "category_name": "seaurchin", "score": 0.901302695274353}, {"segmentation": {"size": [1080, 1920], "counts": "Vcbj0=WQ16L4L3M3N2N2N1O2N1O1O2N1O1O1O2N1O1O2O0O1O2N100O100O101N10000O10000000000O010000O100O100O2N1O2N3M2M3N2M3M3M3M4L3L6J;CoUhR1"}, "area": 2615.0, "iscrowd": 0, "ignore": 0, "image_id": 0, "bbox": [796, 494, 72, 63], "category_id": 2, "id": 5, "category_name": "seaurchin", "score": 0.9131895303726196}, {"segmentation": {"size": [1080, 1920], "counts": "c]bb07ZQ1>F4L4M3M2O2M2O1O2M2O1O1O2N1O1O1O1O100O10000O100O1O10O00100O010O100O100O100O1O100O1N3N1N3N2M3N2N2N2N3M2N2N2M4L5I^_jZ1"}, "area": 2419.0, "iscrowd": 0, "ignore": 0, "image_id": 0, "bbox": [561, 596, 62, 76], "category_id": 2, "id": 6, "category_name": "seaurchin", "score": 0.8831354975700378}]}