{"images": [{"id": 0, "file_name": "images/1426.jpg", "width": 720, "height": 405}], "annotations": [{"segmentation": {"size": [405, 720], "counts": "bSo21a<4N1O100O10OO2O1O1O1O100000O100000O10O1000O10000O10O10O10000O100O1000O10O100O1000O010000001O1O1N10001O0O100000O10000O1O1000O101O1O1O1O1N2O1N3NQVQ5"}, "area": 872.0, "iscrowd": 0, "ignore": 0, "image_id": 0, "bbox": [240, 166, 74, 26], "category_id": 1, "id": 0, "category_name": "seacucumber", "score": 0.9191309809684753}, {"segmentation": {"size": [405, 720], "counts": "b;R1b;1O1M3N2O1O010O1O1N2N2O1O1O1O1O001O1O001O10O010O01O01O0000000O101O0O2O0O2O1N2O1N2H8N1O2O1O1N2O100O00100O00100O010O100O10O0100O2M2O2N1N3M2O1N3Nkno7"}, "area": 2756.0, "iscrowd": 0, "ignore": 0, "image_id": 0, "bbox": [1, 328, 61, 75], "category_id": 1, "id": 1, "category_name": "seacucumber", "score": 0.9350619316101074}]}