{"images": [{"id": 0, "file_name": "images/1432.jpg", "width": 720, "height": 405}], "annotations": [{"segmentation": {"size": [405, 720], "counts": "Yad47[<4N2N1N2N2N2N2O1O2O0N2O001O10000O10O00001N2M4H8Gg[n3"}, "area": 554.0, "iscrowd": 0, "ignore": 0, "image_id": 0, "bbox": [377, 203, 26, 42], "category_id": 1, "id": 0, "category_name": "seacucumber", "score": 0.881041407585144}, {"segmentation": {"size": [405, 720], "counts": "lQU21b<7J2gCGS<:lCHR<>OMnCER<:PDEP<;PDEP<;51N3N1N2N1ON3O0010O10000O1O010O1O010OO3N1O2N100O1O1O1M3M3N2NbYX6"}, "area": 599.0, "iscrowd": 0, "ignore": 0, "image_id": 0, "bbox": [164, 227, 50, 32], "category_id": 1, "id": 1, "category_name": "seacucumber", "score": 0.8275401592254639}, {"segmentation": {"size": [405, 720], "counts": "Z_l29Z<5K4L5K5M3M4L4I8H6L3M3N2N8G00100000001N1010O00001O000O2N2N1O1000001O2M2N1O2O3L4M1O1Gd0^O8K5CmR^5"}, "area": 2463.0, "iscrowd": 0, "ignore": 0, "image_id": 0, "bbox": [224, 310, 62, 81], "category_id": 2, "id": 2, "category_name": "seaurchin", "score": 0.9084187746047974}, {"segmentation": {"size": [405, 720], "counts": "ZSo15^<5J4N2N2O1N2O1O001N1O1N3N1O20O000000000O0100001N100O2N100O10000O002O0O2O0O2N4L5J^^]6"}, "area": 946.0, "iscrowd": 0, "ignore": 0, "image_id": 0, "bbox": [154, 203, 46, 36], "category_id": 2, "id": 3, "category_name": "seaurchin", "score": 0.9396010637283325}, {"segmentation": {"size": [405, 720], "counts": "PcP46[<7J4M2O2O1O0O2O1O1N1010O000O101N101N1O2N1O2N3M4JXYb4"}, "area": 520.0, "iscrowd": 0, "ignore": 0, "image_id": 0, "bbox": [322, 41, 31, 30], "category_id": 2, "id": 4, "category_name": "seaurchin", "score": 0.9207180738449097}, {"segmentation": {"size": [405, 720], "counts": "UdT5c0o;4M3N101N101N100000O0100000O10001O0O101N2O0O2N2M4M5I5LmQ]3"}, "area": 719.0, "iscrowd": 0, "ignore": 0, "image_id": 0, "bbox": [411, 88, 34, 35], "category_id": 2, "id": 5, "category_name": "seaurchin", "score": 0.9201785326004028}, {"segmentation": {"size": [405, 720], "counts": "nhl52_<8J4L4M2N2N2N1O2O001O1O1O1O000000000000000001O0O101O1N2N2N101N2N2N4L4L6IU[a2"}, "area": 871.0, "iscrowd": 0, "ignore": 0, "image_id": 0, "bbox": [474, 108, 38, 37], "category_id": 2, "id": 6, "category_name": "seaurchin", "score": 0.9284793138504028}, {"segmentation": {"size": [405, 720], "counts": "eRU7:Y<5L3M3L4N1N2O1O1N1O1O001O0100O1O1O1O100O001O1O1O1O1O1O2O1N2N1O2N1O2N2M3N1O2N^XX1"}, "area": 883.0, "iscrowd": 0, "ignore": 0, "image_id": 0, "bbox": [571, 67, 50, 44], "category_id": 2, "id": 7, "category_name": "seaurchin", "score": 0.9406843185424805}]}