{"images": [{"id": 0, "file_name": "images/1437.jpg", "width": 720, "height": 405}], "annotations": [{"segmentation": {"size": [405, 720], "counts": "jgo55]<5J5L4N1O1O1O2N1O1N2O1N200O10001O00000000000000O1000000000001O00001O001N2O1M2O2N3M2M3M3N2M4LU^Z2"}, "area": 1199.0, "iscrowd": 0, "ignore": 0, "image_id": 0, "bbox": [480, 299, 49, 38], "category_id": 2, "id": 0, "category_name": "seaurchin", "score": 0.9395465850830078}, {"segmentation": {"size": [405, 720], "counts": "nkU53a<2N3M6J3M4M2M100O1000001O01O01O000010O01O01O000O2O1N3M1O2O1N2N3M2M6KZQY3"}, "area": 700.0, "iscrowd": 0, "ignore": 0, "image_id": 0, "bbox": [420, 147, 38, 35], "category_id": 2, "id": 1, "category_name": "seaurchin", "score": 0.9290117025375366}, {"segmentation": {"size": [405, 720], "counts": "bbm43`<5M1N1O2N1M4N3M2O0O2O00001O00001OO010O100O3N1N4M2M4L4KbSd3"}, "area": 522.0, "iscrowd": 0, "ignore": 0, "image_id": 0, "bbox": [400, 159, 28, 30], "category_id": 2, "id": 2, "category_name": "seaurchin", "score": 0.930214524269104}, {"segmentation": {"size": [405, 720], "counts": "T_b44`<3M3N3L3M2M3N2O0O2O001O0000000001O00001N2O2M2N1O2M3Ikco3"}, "area": 532.0, "iscrowd": 0, "ignore": 0, "image_id": 0, "bbox": [372, 125, 27, 28], "category_id": 2, "id": 3, "category_name": "seaurchin", "score": 0.9188978672027588}, {"segmentation": {"size": [405, 720], "counts": "Xim44`<5K3M2O1N2O1O2M2O1N1N2O1N2O10000O100000000000000O1000001O000000000001O00000000001O000000001N101O000000001O0000000000001O001O1O1O1O1O001O0000001O010O001N2O1O2N2N3M2N2Mggm2"}, "area": 2093.0, "iscrowd": 0, "ignore": 0, "image_id": 0, "bbox": [411, 366, 83, 39], "category_id": 1, "id": 4, "category_name": "seacucumber", "score": 0.8917697072029114}, {"segmentation": {"size": [405, 720], "counts": "kXd64`<2O002N1O1O3L1O2O1O001O001O100O0100O10O001O01O4M0O0100O010O10O101N01O0010O00101N5K100O01O01O1O[_e1"}, "area": 685.0, "iscrowd": 0, "ignore": 0, "image_id": 0, "bbox": [527, 284, 60, 35], "category_id": 1, "id": 5, "category_name": "seacucumber", "score": 0.8214723467826843}]}