{"images": [{"id": 0, "file_name": "images/1478.jpg", "width": 720, "height": 405}], "annotations": [{"segmentation": {"size": [405, 720], "counts": "YlP6:U<9G7M3O2M2N4L3M3M2N3N2M2O1O1N2O1N2N3N1N2O1O1O1O1O1O1O001O0010O01O010O10O01O100O1O1O1O001O1O1O1O1O00100O1O0010O01O1O010O0010O000000001O1O0O2N1O2N2N3M200O1O2N2M2O3M4L3L4K8H4N1O9G3M4L4K3M2JjCJ]Qg1"}, "area": 6099.0, "iscrowd": 0, "ignore": 0, "image_id": 0, "bbox": [480, 247, 115, 104], "category_id": 2, "id": 0, "category_name": "seaurchin", "score": 0.9385579228401184}, {"segmentation": {"size": [405, 720], "counts": "jU]88Y<:@>I7J4L4L3M3M2N2O2M2N3M201N10001N101O000O2O0O2O00001O001O001O00100O1O010O000dI"}, "area": 2598.0, "iscrowd": 0, "ignore": 0, "image_id": 0, "bbox": [674, 200, 46, 80], "category_id": 2, "id": 1, "category_name": "seaurchin", "score": 0.9183205366134644}, {"segmentation": {"size": [405, 720], "counts": "Ri>9[<4M1N2O2N2M3M3L3N2N3L4M2M3M3N2L4M2N3O1N101O1O2N1O001N101N2O001O0O100O2O1O0O10000000001N010001O001O00001O00001O1N1O2O1O001N2O0O2O001O1N2O001O001O1O0000010O1N2O1N5L2M3K3N3M30000N5]O_DFj;OmoY7"}, "area": 5023.0, "iscrowd": 0, "ignore": 0, "image_id": 0, "bbox": [29, 115, 103, 84], "category_id": 2, "id": 2, "category_name": "seaurchin", "score": 0.9270086884498596}, {"segmentation": {"size": [405, 720], "counts": "SeR54X<2iC0V<9O1N4L7I3M2O2M2N3M2N3M101O1N2O001O001O1O001O001O001N2O0O2O0O10010O0001O1O1O1O1O1O1O1O1N2O001O1O1O1O1O00001N1O2N102N2M2O2N2N1O2N:_O9M3M`in2"}, "area": 2949.0, "iscrowd": 0, "ignore": 0, "image_id": 0, "bbox": [401, 77, 87, 79], "category_id": 2, "id": 3, "category_name": "seaurchin", "score": 0.9176310300827026}, {"segmentation": {"size": [405, 720], "counts": "big31Xn11Z^N101YD1e:1QENB4\\;NiDKMb0Y;EgDb0Y;@eDc0X;^OfD`0];;1001O1cDkNY;Z1N1O3M7I2OO01O010O100O3N0O100O100O010O10O001O1O001O10O01O1O001O1O001O001O1O001O1O001O001O1O001O1O1O001O010O001O1O1O001O1O1N10100O1O1O001O1O1O1O001O1O1O001O1O1O1O1O001O1O1O1O1O1O1O2N1O2N2M2O2N1OPkg3"}, "area": 4528.0, "iscrowd": 0, "ignore": 0, "image_id": 0, "bbox": [298, 332, 118, 73], "category_id": 2, "id": 4, "category_name": "seaurchin", "score": 0.9358576536178589}, {"segmentation": {"size": [405, 720], "counts": "_Y[29Z<4M3M2N2M3M3M2M4GSOfDo0Z;6O101O0000O1000O1O010O10000O10O0100O2N1O1000001O000000001O00001O0000010O0010O010O010O010000O1O10O01O100O100000O4L100O100O001O1O103EgDSOZ;?fDD1MZ;>eDN\\;0fDOZ;OiDC20T;?e007K1N3M1N2NfQ_5"}, "area": 3643.0, "iscrowd": 0, "ignore": 0, "image_id": 0, "bbox": [187, 116, 82, 69], "category_id": 2, "id": 5, "category_name": "seaurchin", "score": 0.899831235408783}, {"segmentation": {"size": [405, 720], "counts": "UP]73X<OjC:P<9H7M3O1N2F:M4M2O3L2N3N010O1O0M5N1N1000001000O01O1000O100O010O1O1O1O1O101M9_N[Eb0^;L3M5Ilgn0"}, "area": 2240.0, "iscrowd": 0, "ignore": 0, "image_id": 0, "bbox": [597, 52, 50, 85], "category_id": 1, "id": 6, "category_name": "seacucumber", "score": 0.87290358543396}, {"segmentation": {"size": [405, 720], "counts": "\\Ye44`<4K4N1N1M4M2O2N1O2O0O1O2O0O10001O00000000001O000O100001O0O1O2N1O2K5M3N3M2O1N2N2O1N3LQ_f3"}, "area": 947.0, "iscrowd": 0, "ignore": 0, "image_id": 0, "bbox": [372, 171, 49, 41], "category_id": 3, "id": 7, "category_name": "scallop", "score": 0.9613354206085205}, {"segmentation": {"size": [405, 720], "counts": "U`\\36^<9H4K4M1N2O1N2N100O1O1O1O2N1O1O10001N2O001O001O001O00010O00AhDBX;<jDCV;<lDDS;;nDER;:PEFP;8QEHo:8REHn:6SEJn:4TEKn:2SENj;10O000010O02N1O1O1O1O3L3N^Xk4"}, "area": 1515.0, "iscrowd": 0, "ignore": 0, "image_id": 0, "bbox": [273, 119, 66, 62], "category_id": 3, "id": 8, "category_name": "scallop", "score": 0.8554427623748779}]}