{"images": [{"id": 0, "file_name": "images/1525.jpg", "width": 720, "height": 405}], "annotations": [{"segmentation": {"size": [405, 720], "counts": "ebi2:Y<4L3M4M1N3M3M2O1O2M3L3N3N1O101O1O001O0O2O1N2O100O010O0000000010O1O001O0O100000001O00001N2O1N2M4L3N3L5K4M4L5L3KQQ]5"}, "area": 2274.0, "iscrowd": 0, "ignore": 0, "image_id": 0, "bbox": [222, 166, 64, 74], "category_id": 2, "id": 0, "category_name": "seaurchin", "score": 0.9119353294372559}, {"segmentation": {"size": [405, 720], "counts": "^R]31c<:E7I4M3L3N3M2L5L3O1O1N2O1N2N2N2N2N2N10001O00001O01O01O01O0O1M4N1O2O1O0000000O1O1O1O2O1L5L4L4L5K4M3L5K7HVgj4"}, "area": 2223.0, "iscrowd": 0, "ignore": 0, "image_id": 0, "bbox": [266, 289, 67, 69], "category_id": 2, "id": 1, "category_name": "seaurchin", "score": 0.9241601228713989}, {"segmentation": {"size": [405, 720], "counts": "n`]5:X<9G6L3M2L5M1O2N2O1N2O1N101N10000O2O0O2N100000001O000001O0000001O1O001O1O1O1O1N2N3M2O2M2N4L8I1N4M3L3N2M3MXXj2"}, "area": 2095.0, "iscrowd": 0, "ignore": 0, "image_id": 0, "bbox": [433, 275, 65, 68], "category_id": 2, "id": 2, "category_name": "seaurchin", "score": 0.9411649107933044}, {"segmentation": {"size": [405, 720], "counts": "ZX99Z<3N101O000O2O000O2O001O010O000O2O0000000000001O00000000000000000000001O000000001O0O1O1O0100000001O001O000001O0001OO1001O001O000000000O10O10000001O010O001O0010O01O0O2O1O1O0O2O3L2O5IT`_7"}, "area": 1893.0, "iscrowd": 0, "ignore": 0, "image_id": 0, "bbox": [5, 151, 111, 42], "category_id": 1, "id": 3, "category_name": "seacucumber", "score": 0.9142154455184937}, {"segmentation": {"size": [405, 720], "counts": "^n[63`<4N2M4N1N2N2O001O00101N1O100]D\\OR;e0lD]OS;e0jD^OT;c0jD^OV;c0hD_OX;o01O1O0O3N1N3L3N2N3L4M3L5JhST2"}, "area": 776.0, "iscrowd": 0, "ignore": 0, "image_id": 0, "bbox": [506, 257, 43, 77], "category_id": 1, "id": 4, "category_name": "seacucumber", "score": 0.9007571935653687}]}