{"images": [{"id": 0, "file_name": "images/1528.jpg", "width": 720, "height": 405}], "annotations": [{"segmentation": {"size": [405, 720], "counts": "TQ;6]<4M3L3M3M3N2O0O2N2N10000O1000000O1000000O10O10000O1O100O100O100M4K400N3N2M4KWZR8"}, "area": 955.0, "iscrowd": 0, "ignore": 0, "image_id": 0, "bbox": [24, 344, 50, 42], "category_id": 2, "id": 0, "category_name": "seaurchin", "score": 0.9330337047576904}, {"segmentation": {"size": [405, 720], "counts": "Zfm12a<2N2N2N2O1O1O1O1O1O1O1O1O1O100O1000000O10000000000O100001O001O001O00001O1O001N3Gmk^6"}, "area": 714.0, "iscrowd": 0, "ignore": 0, "image_id": 0, "bbox": [156, 377, 50, 28], "category_id": 2, "id": 1, "category_name": "seaurchin", "score": 0.9424477815628052}, {"segmentation": {"size": [405, 720], "counts": "kS]33^<7K4M3M3M2M2N3N1O1000001O00O101O00000O2N2M3N3M4K5K5JQoT5"}, "area": 585.0, "iscrowd": 0, "ignore": 0, "image_id": 0, "bbox": [273, 346, 31, 29], "category_id": 2, "id": 2, "category_name": "seaurchin", "score": 0.9221184253692627}, {"segmentation": {"size": [405, 720], "counts": "S\\e38[<5L3M2N101N101O0O1000000000O100O2O0O2O2N1N3L\\Yn4"}, "area": 436.0, "iscrowd": 0, "ignore": 0, "image_id": 0, "bbox": [292, 307, 27, 23], "category_id": 2, "id": 3, "category_name": "seaurchin", "score": 0.9411817789077759}, {"segmentation": {"size": [405, 720], "counts": "`dQ4:X<6K3N1O2N1O100O1000O1000O1000O2O001N2M4M:Db]b4"}, "area": 457.0, "iscrowd": 0, "ignore": 0, "image_id": 0, "bbox": [324, 304, 27, 27], "category_id": 2, "id": 4, "category_name": "seaurchin", "score": 0.9088106751441956}, {"segmentation": {"size": [405, 720], "counts": "U][35\\<7K4L3N2O1O0O2O000000000001O000O101N101N2N3M2M3NQ_W5"}, "area": 480.0, "iscrowd": 0, "ignore": 0, "image_id": 0, "bbox": [271, 221, 28, 28], "category_id": 2, "id": 5, "category_name": "seaurchin", "score": 0.9278920292854309}, {"segmentation": {"size": [405, 720], "counts": "l][47[<6L3M2O0O2O000O100000O01000O100O2N1O2N2N3MZdX4"}, "area": 384.0, "iscrowd": 0, "ignore": 0, "image_id": 0, "bbox": [348, 209, 29, 26], "category_id": 2, "id": 6, "category_name": "seaurchin", "score": 0.8930362462997437}, {"segmentation": {"size": [405, 720], "counts": "eWV45[<7K4N2N2O1N2O1O2M101O0O10O0010O01O010O1O100O100O1O1N2O2N1N4M3M2Mb_Y4"}, "area": 725.0, "iscrowd": 0, "ignore": 0, "image_id": 0, "bbox": [339, 147, 35, 33], "category_id": 2, "id": 7, "category_name": "seaurchin", "score": 0.9429588317871094}, {"segmentation": {"size": [405, 720], "counts": "jaR69\\<1N2N2O0O10000001O000O10O100000000000000O2O0000000010O00000001O000000000001O001O00001O00000000000000001O00000001O0001O001O1O0O2O2LWSP2"}, "area": 935.0, "iscrowd": 0, "ignore": 0, "image_id": 0, "bbox": [492, 361, 58, 27], "category_id": 1, "id": 8, "category_name": "seacucumber", "score": 0.8976404666900635}]}