{"images": [{"id": 0, "file_name": "images/1562.jpg", "width": 720, "height": 405}], "annotations": [{"segmentation": {"size": [405, 720], "counts": "`eo3a0m;?E6GlNiDY1a:i0L4L4M2N2N2O1N2O1O1O1O1N2O010O000000000000001M21O1O010O00010O100O00000000000O10001O0O2O0000000O2O001N101N1N3M3M2O1O1O2N2M2M3N2O1O2N2M2L4N3M3EjDROZ;c0b0M4M2HQlm3"}, "area": 5948.0, "iscrowd": 0, "ignore": 0, "image_id": 0, "bbox": [315, 289, 76, 90], "category_id": 2, "id": 0, "category_name": "seaurchin", "score": 0.9047237634658813}, {"segmentation": {"size": [405, 720], "counts": "X\\m5\\1V;6I6M3M201N1O1O2N1N2O1O1O001O0O101N1000000001O010O001O0001O01O000000001O1N101O001O001O1O1N2O001N2N101N3M3M3M4M1M3N3K5K8BhWW2"}, "area": 3901.0, "iscrowd": 0, "ignore": 0, "image_id": 0, "bbox": [469, 330, 68, 75], "category_id": 2, "id": 1, "category_name": "seaurchin", "score": 0.9378166198730469}, {"segmentation": {"size": [405, 720], "counts": "\\W^48W<8H6E<K5L4M2O2N2M2O2N1N3N1O1O2O000O1010O0001O01O0000000000001O01O01O001O1O1O2N4K4M2N2M5K7H5J7DSbk3"}, "area": 2459.0, "iscrowd": 0, "ignore": 0, "image_id": 0, "bbox": [356, 206, 62, 69], "category_id": 2, "id": 2, "category_name": "seaurchin", "score": 0.9367819428443909}, {"segmentation": {"size": [405, 720], "counts": "efT5;U<9I5M3M3M2N2O1N101N2N1O2N1O2N101N10001O0O100O1000000000O101O0O1O2N2O0O2N2O1N2M3N2M3N2N2M3M4K5HfRU3"}, "area": 1895.0, "iscrowd": 0, "ignore": 0, "image_id": 0, "bbox": [416, 153, 52, 63], "category_id": 2, "id": 3, "category_name": "seaurchin", "score": 0.9292632341384888}, {"segmentation": {"size": [405, 720], "counts": "Vdi5=U<6L6I3N3M2O2M3N1N2O1O001O10O00001N2M3N2N2N2N1N3L4G;Hf^h2"}, "area": 887.0, "iscrowd": 0, "ignore": 0, "image_id": 0, "bbox": [462, 131, 35, 47], "category_id": 2, "id": 4, "category_name": "seaurchin", "score": 0.9246389865875244}, {"segmentation": {"size": [405, 720], "counts": "hRb44i;j0H7K5M2N2O2N1O1O2O0O010O2N1O1O1000000100O1O1O1O1O1O010O1O1O001O1N2O1N2O1O1M3N3M2N2N2N2M3N1M4M3L4Igmf3"}, "area": 2137.0, "iscrowd": 0, "ignore": 0, "image_id": 0, "bbox": [365, 99, 57, 61], "category_id": 2, "id": 5, "category_name": "seaurchin", "score": 0.8809237480163574}, {"segmentation": {"size": [405, 720], "counts": "mh[48Z<6I7K3L3O2N3M2N2N2O1N2O1N2O001N1101O00O1O0010O010OO100001O1O0000O11O001O00001O001N1O1N2M3D<K6L_Pn3"}, "area": 1863.0, "iscrowd": 0, "ignore": 0, "image_id": 0, "bbox": [351, 149, 50, 58], "category_id": 2, "id": 6, "category_name": "seaurchin", "score": 0.9011794924736023}, {"segmentation": {"size": [405, 720], "counts": "o[f3;U<8J4L5L3N3M3N1N2O1N2O1O001O1O1O1O00001O0N2L5K4K6L3003M8H2N1N2O1O0O01O1N1009G3M2N1O1O3L5K4L3L4K5J6Llcb4"}, "area": 2132.0, "iscrowd": 0, "ignore": 0, "image_id": 0, "bbox": [293, 87, 60, 73], "category_id": 2, "id": 7, "category_name": "seaurchin", "score": 0.933881402015686}, {"segmentation": {"size": [405, 720], "counts": "\\Xe29T<:I6L5L4K5M2M2O2M2O2N101N1O101N100O2N100O1O2O0O1O100O101O0000001O00000000000O100000001O0O11O0000O1001O001N2O1O0O2N1O2N2O1N2O2M2N2N1O2O1N2M3L4N4J5E<FckY5"}, "area": 4076.0, "iscrowd": 0, "ignore": 0, "image_id": 0, "bbox": [212, 186, 85, 81], "category_id": 2, "id": 8, "category_name": "seaurchin", "score": 0.9445895552635193}, {"segmentation": {"size": [405, 720], "counts": "hdV18[<5K4L4L4K4L3N3M2N3L5M3M7I5K4L2N2O1N100O2O1N101N101O1N101O001N2O1N101N10001N2O001N2O1O1O3M10O0O110O0000000O1L4N3N1O101N1000001O0O101O0000000O100O2O0O2N1O2N100O2O1N101O0O2O0O2O0O2O0O2M2N3M2N2O2H8J5G:L3J7M3K6ITP]6"}, "area": 7137.0, "iscrowd": 0, "ignore": 0, "image_id": 0, "bbox": [87, 248, 120, 119], "category_id": 2, "id": 9, "category_name": "seaurchin", "score": 0.9280586242675781}, {"segmentation": {"size": [405, 720], "counts": "o[X23_<3L5L3K5M3N2N2L4M3N2N2O1O1O1O100O100O100O100001O00O1000000000000O1000000001O001O001O00001O000000O100001O00001O1O1N2O4L2M3M3J6I8Hcfj5"}, "area": 2370.0, "iscrowd": 0, "ignore": 0, "image_id": 0, "bbox": [175, 356, 74, 49], "category_id": 2, "id": 10, "category_name": "seaurchin", "score": 0.9259745478630066}, {"segmentation": {"size": [405, 720], "counts": "jgd0<W<3M3M3L5K6J5L3M3N1O2N100O2O001N2O00001O001O010O1O001O0010N10000000001O0O1010O01O0O1000001N1O10001O001N101N2M3N3L4I7H9GdY`7"}, "area": 2719.0, "iscrowd": 0, "ignore": 0, "image_id": 0, "bbox": [48, 157, 70, 64], "category_id": 2, "id": 11, "category_name": "seaurchin", "score": 0.9173022508621216}, {"segmentation": {"size": [405, 720], "counts": "^^X1<Q<:H8L3N2M3N2O2M2N2N2N2O1N1N3M3M3N3M2O0O2O1N1O2O0O1O1O2O0O2O0O10010O01O0000O1O1N2M3M2012O:E2N1N2O1O000O2N1O2O00001N1O1M3N3L3M4L4N2M7H>_O;BhC0Z]i6"}, "area": 4215.0, "iscrowd": 0, "ignore": 0, "image_id": 0, "bbox": [96, 57, 78, 93], "category_id": 2, "id": 12, "category_name": "seaurchin", "score": 0.9256960153579712}, {"segmentation": {"size": [405, 720], "counts": "`\\d1;U<7H7K5K5L3N3M3M2O2N3N1O1O0O2O1O1O1O0000000000001O1O0100O001O010OO100000O10O1000000O100000O10000O101O001N2O1N2O1N2O1N2O1N2N2M4L3L5I7J6Hk_]6"}, "area": 3402.0, "iscrowd": 0, "ignore": 0, "image_id": 0, "bbox": [130, 152, 74, 76], "category_id": 2, "id": 13, "category_name": "seaurchin", "score": 0.9264227151870728}, {"segmentation": {"size": [405, 720], "counts": "g\\b2;R<:I7K4M3N3L3N3N1N2N2O0O2O1O0O2N2O1O001O00100O100O1O1O100O1O00001O100O1O01O0100O2N010O01O0O2O001N101O001N200O1N4M2M8H3M2N2M3M3L5J7H7K5Gm^_5"}, "area": 3560.0, "iscrowd": 0, "ignore": 0, "image_id": 0, "bbox": [199, 105, 80, 79], "category_id": 2, "id": 14, "category_name": "seaurchin", "score": 0.9349276423454285}, {"segmentation": {"size": [405, 720], "counts": "bSc2;W<7H7K4L3N3M2N2N2N2N2O1O001N2O6J4K2N2N2N2O1N2O0000001O0O100O11O00001O1N2O1O2N0O2O1O1O2M2N3N1N3L3N2N2M3M2N3L5J7D\\`c5"}, "area": 2971.0, "iscrowd": 0, "ignore": 0, "image_id": 0, "bbox": [205, 31, 69, 72], "category_id": 2, "id": 15, "category_name": "seaurchin", "score": 0.9383343458175659}, {"segmentation": {"size": [405, 720], "counts": "Pg]5<l;a0K3N1O2N2O1N1O1O001O1O1O001O001O000000000O100000O2O1N2O2M2N3N1N2O1N3M3N1N4L3M5F^jn2"}, "area": 1482.0, "iscrowd": 0, "ignore": 0, "image_id": 0, "bbox": [433, 80, 56, 46], "category_id": 2, "id": 16, "category_name": "seaurchin", "score": 0.747025728225708}]}