{"images": [{"id": 0, "file_name": "images/1567.jpg", "width": 720, "height": 405}], "annotations": [{"segmentation": {"size": [405, 720], "counts": "kie47j1KYN0O1U:7jEJS13SO9k96cFd0Y9_OSFZO2e1j9eNUFL6a1b9cNYFGON8<HD3Q1`9_O\\FC1N10N=1C2Q1]9Q2M3M2N2M3O1O2N1O1O1O101M2M3O1N2O1OYLcGX3]8gLeGX3\\8dLgG\\3j8O00WObL[H^3d7cL[H^3c7dL]H\\3c7dL]H\\3c7dL]H\\3c7cL^H]3b7bL_H^3a7bL_H^3[81N2O1O10000000000000000O1O1001O00L[LYGd3e8_LZGa3a8dL_G\\3`8dL`G]3_8cLaG^3]8cLdG]3\\8cLcG^3\\8cLdG]3\\8dLcG\\3]8>1O0YLaGX3a8aLjGY3X8cLSHT3g80000O20O0WOlLQHT3o7mLPHS3P8mLoGT3R8lLmGT3S8lLnGS3S8lLnGS3R8lLoGT3Q8lLPHS3i8nLbFl2_9UM_Fm2_950000N2O1002N1O0O2I_FXMb9L`Ff20]M_9NfF_2LcM^9NgF]2MdMg9Y2\\FfMf9W2=N5K3M2\\O]EROg:k0d0L4M4M4UOWDc0T<I6I4Ma]k2"}, "area": 11067.0, "iscrowd": 0, "ignore": 0, "image_id": 0, "bbox": [377, 289, 97, 110], "category_id": 1, "id": 0, "category_name": "seacucumber", "score": 0.7813674807548523}, {"segmentation": {"size": [405, 720], "counts": "Sd`5<X<5mCDe;g0ZDXO\\;i0eDVO[;j080O001N1^DRO70m:n0kDTO42o:k0mDTO23P;i0nD_OR;f0nDUOR;a0mD[O43o:k0oDVOQ;W10dNnDb01IP;S1N2O3M1O01TOTEMj:R1M1O2N2M4M01O00100000O100O1O1O1O1OO0O1IfEUN\\:f1<_OWEUOi:l0WETOi:l0WETOh:^1O0`EUNV:k1cEWN11X:Y2IcMoE^2P:3015J4oNfETO0K\\:IdEg02VO11N>0C1O\\:6fE5>F_O7g:L^E0d0KYO8e:N]E0d0J[O6e:MWE034MLc0M@3MN`:OhE2I138MF=0E1l:ORE238?EA0l:2PE237j;K^DLUjb2"}, "area": 3431.0, "iscrowd": 0, "ignore": 0, "image_id": 0, "bbox": [440, 210, 76, 90], "category_id": 1, "id": 1, "category_name": "seacucumber", "score": 0.6101275682449341}, {"segmentation": {"size": [405, 720], "counts": "eW_65_<2N101O0O1N2M3N2O1N200O10000O10000O100O1O1O100O10000O1O1N2M300001O2N00M3K5O11O1O2N1O000000O1000000O1O1O1M3N2O1=C3M1O00O1O1N2O1O1O1000000002N1O1O001O:F001O001O00001O1O2M2O0O0O2O0000000O00100O101O1O2MhoU1"}, "area": 2452.0, "iscrowd": 0, "ignore": 0, "image_id": 0, "bbox": [515, 357, 105, 48], "category_id": 2, "id": 2, "category_name": "seaurchin", "score": 0.9181040525436401}, {"segmentation": {"size": [405, 720], "counts": "Zk[54\\<9I6K7I4K4M3K4L6K4K6SOm0K5L3M2M2O010001O0O2N101N101N11O2N2O1O1O01L3M3N1001N101N3N1O00100O0011N1O2N3M2N2O1M4L3M3M2N2O0N3^OfEfN]:Y1g0I4K101N10001N7YO\\D1f;K_D1Y<Jgkd2"}, "area": 5099.0, "iscrowd": 0, "ignore": 0, "image_id": 0, "bbox": [430, 116, 81, 121], "category_id": 2, "id": 3, "category_name": "seaurchin", "score": 0.9236806631088257}, {"segmentation": {"size": [405, 720], "counts": "Qd[46\\<4M5J5QDB`;k0O3N2N001O001O00001O1O3gDgNP;a1N001O00O10000O1O100000000001O001O1O6J2N1OO1O1N2L4O1O1O100O11O000000001O001O00O1001O00001O0000O100O1O1N2O100O1O1O1N21O00O1O1O1N2O100O100O100O1M3M3N2M3M3F:N2O1O1N2Ob\\Z3"}, "area": 4322.0, "iscrowd": 0, "ignore": 0, "image_id": 0, "bbox": [348, 1, 108, 61], "category_id": 2, "id": 4, "category_name": "seaurchin", "score": 0.896984338760376}, {"segmentation": {"size": [405, 720], "counts": "SWc69P1IV:`0YEOa:T1M4L3N2N00101O1000000000O1O11O1O1OO10000000000O100O100O1000000O1O1O1O1O1N2O1N2O1N2N2O1N200O100O100O1O100O100O100N2O1N2M3L4N2O1N2N2O1N4LTl]1"}, "area": 3481.0, "iscrowd": 0, "ignore": 0, "image_id": 0, "bbox": [537, 2, 77, 61], "category_id": 2, "id": 5, "category_name": "seaurchin", "score": 0.9009480476379395}]}