{"images": [{"id": 0, "file_name": "images/1571.jpg", "width": 720, "height": 405}], "annotations": [{"segmentation": {"size": [405, 720], "counts": "SfR49[<2M3N2L4N2N2N2O1O1N2O1N2O0O1O1O10O100000000000000O2O000O10000O2O0O2O0O2M3N2L5CgXZ4"}, "area": 1119.0, "iscrowd": 0, "ignore": 0, "image_id": 0, "bbox": [325, 157, 45, 44], "category_id": 2, "id": 0, "category_name": "seaurchin", "score": 0.9144703149795532}, {"segmentation": {"size": [405, 720], "counts": "UQ]57[<7K8F5M3M2N2N2N2O1N1O2O0O2O0O1O100O2O0O2O1O1O1O0001O0O1O2O00001O1O1O1O001O0O2O001N101N2N2N1N3M3N2N1O2N2M3M5K5Hcbi2"}, "area": 2134.0, "iscrowd": 0, "ignore": 0, "image_id": 0, "bbox": [433, 180, 64, 61], "category_id": 2, "id": 1, "category_name": "seaurchin", "score": 0.9303754568099976}, {"segmentation": {"size": [405, 720], "counts": "SQ^33a<2N4L2O2M101N101O3M2M2O00000O2OO100O1O1O2O0O101N1O2O1N2N2M4LS_R5"}, "area": 538.0, "iscrowd": 0, "ignore": 0, "image_id": 0, "bbox": [278, 74, 34, 30], "category_id": 2, "id": 2, "category_name": "seaurchin", "score": 0.8930351138114929}, {"segmentation": {"size": [405, 720], "counts": "nVb21b<4E0kC5Q<b0E1IVOaDm0^;5O10000O00100O100GkNPEW1o:81O1O00O1M3J]NYEd1f:^NXEc1h:5O1O1O10001O0O1O1O1O10000O1O1LmMfES2]:102M0ON301N3nM`Ek1g:YNXE^1i:_NZE`1g:_NZEa1m:0J^NYEb1g:^NZEa1f:_NZEa1f:_NZE_1n:01ImDjNU;Q1;N2M4TOaD0H7cjb5"}, "area": 3059.0, "iscrowd": 0, "ignore": 0, "image_id": 0, "bbox": [203, 301, 56, 74], "category_id": 1, "id": 3, "category_name": "seacucumber", "score": 0.7248175144195557}, {"segmentation": {"size": [405, 720], "counts": "X]X43`<3FMoC4o;NoC4i0I[:1lD9f0Gd:>TEFi:>TECa:h0^EYO[:l0cEXO\\:P1ZESOg:]1010O000^OYEVOf:]1O1O11O1O0000001O000000O1O1001O1O0000000O10000000001O1O10O0001O7I1dNPEQ1o:;00000000001O001OOiNmDn0S;POPEn0Q;<O000000000002M2O9E3WOcDMLOc;3mDKn:;e011MZff3"}, "area": 3682.0, "iscrowd": 0, "ignore": 0, "image_id": 0, "bbox": [346, 340, 72, 56], "category_id": 1, "id": 4, "category_name": "seacucumber", "score": 0.7604793310165405}]}