{"images": [{"id": 0, "file_name": "images/1578.jpg", "width": 720, "height": 405}], "annotations": [{"segmentation": {"size": [405, 720], "counts": "dZi38W<9H7M2M4M2N2N1O2N101N101N2N5L1N2O0O100O1000000000O101N101N100O100O100O2N1O1O2N3L4M3L3M4M3]OSD8X<LTk`4"}, "area": 1871.0, "iscrowd": 0, "ignore": 0, "image_id": 0, "bbox": [300, 284, 57, 59], "category_id": 2, "id": 0, "category_name": "seaurchin", "score": 0.9218354225158691}, {"segmentation": {"size": [405, 720], "counts": "ojf37i;NcD8X;e0M3M3N2O2iDeNo:b1O0O100O100O10000O10000O101O0O101N10000000000000000001N100O101O1N1O2O0O2M3M2N3M3N3L3N2L5I7Cho`4"}, "area": 2582.0, "iscrowd": 0, "ignore": 0, "image_id": 0, "bbox": [294, 152, 68, 70], "category_id": 2, "id": 1, "category_name": "seaurchin", "score": 0.9072816371917725}, {"segmentation": {"size": [405, 720], "counts": "ebQ65_<3M2N4L;E4L4L4K2O1O2O0O100O100O101O0O1000O100O100O1O100O1O100O1O1N2N2O2M2O1N3M2N3M3L4M3Kg\\Y2"}, "area": 1544.0, "iscrowd": 0, "ignore": 0, "image_id": 0, "bbox": [490, 162, 46, 54], "category_id": 2, "id": 2, "category_name": "seaurchin", "score": 0.9237838387489319}, {"segmentation": {"size": [405, 720], "counts": "Y`\\6=T<8I:G4N2M3M2O2N1N2O1O2N1O1O000001O000O2O0O1O101N1N2N3N1N3L4M3M3N3L4K6I8IjcQ2"}, "area": 1423.0, "iscrowd": 0, "ignore": 0, "image_id": 0, "bbox": [514, 12, 51, 60], "category_id": 2, "id": 3, "category_name": "seaurchin", "score": 0.9085839986801147}, {"segmentation": {"size": [405, 720], "counts": "jZh34]<8G7L4L3N3N1N2N2N1O2O1N101O0O2O001N10O100O1O100O1O2O0O2O0O2N2N2N1N3N5K3M2N3L4L3MnVd4"}, "area": 1263.0, "iscrowd": 0, "ignore": 0, "image_id": 0, "bbox": [300, 81, 45, 49], "category_id": 2, "id": 4, "category_name": "seaurchin", "score": 0.951347827911377}, {"segmentation": {"size": [405, 720], "counts": "mnR47]<5J5L2M3N1O1O1O0010O010O1O10O01O100O1N2O2M3N2M4L4Kj`_4"}, "area": 505.0, "iscrowd": 0, "ignore": 0, "image_id": 0, "bbox": [328, 37, 33, 34], "category_id": 2, "id": 5, "category_name": "seaurchin", "score": 0.9413449764251709}]}