{"images": [{"id": 0, "file_name": "images/1605.jpg", "width": 720, "height": 405}], "annotations": [{"segmentation": {"size": [405, 720], "counts": "lhc5:X<6K4L4M2N2N2N2O1N2O0O2N2O1N3N2M2O1N3M2O1N1O101N2N2N1O100O101O0O10001O00000000001O0O101O0O100000000000000000O10001O000O2O1N2O000O100O104K1O101N2N2N1O2M3]OjDB_;4f0K6JX[Y2"}, "area": 4355.0, "iscrowd": 0, "ignore": 0, "image_id": 0, "bbox": [453, 184, 86, 85], "category_id": 2, "id": 0, "category_name": "seaurchin", "score": 0.9307984113693237}, {"segmentation": {"size": [405, 720], "counts": "YT_62`<9I5J6K3M2M4M3M2M2O2M4M3M2N2N2M3N2N2N101N1O2O2M101N100O2N2O1N1O2O0O2O1O000O1000001O00001N100000001O0000001O01O0000000O1O2O0O2O001N101O2N1O1N2O00001O0O1O2O0O1O100O2N2O7H3N2M3M2M2N3M2N9^OZDDm;2l^X1"}, "area": 6082.0, "iscrowd": 0, "ignore": 0, "image_id": 0, "bbox": [516, 249, 105, 97], "category_id": 2, "id": 1, "category_name": "seaurchin", "score": 0.942023515701294}, {"segmentation": {"size": [405, 720], "counts": "ZZm47Y<9I6K5L3L3M3N2L5L3O1M2N3N3L4M101O0O1O2N2O001O1O1O1O000O10000O101OO1001O000001N101O00001O0O2O0O1O101N101N101O001O0O2O001N2N2O1N2N2N1O3M2N2O1N3L4M2M8H7I8FaoP3"}, "area": 4189.0, "iscrowd": 0, "ignore": 0, "image_id": 0, "bbox": [385, 275, 94, 77], "category_id": 2, "id": 2, "category_name": "seaurchin", "score": 0.9281419515609741}, {"segmentation": {"size": [405, 720], "counts": "mmm29U<c0@8J3N2L3N3QEcNb:_1[EcNe:f101O1O002N1O2N1O100O1O1000001O000001O0000001O001O001O001N2O1O1N3M3M2N8I:Ec0]O6I5K]j[5"}, "area": 2676.0, "iscrowd": 0, "ignore": 0, "image_id": 0, "bbox": [232, 169, 52, 73], "category_id": 2, "id": 3, "category_name": "seaurchin", "score": 0.9329601526260376}, {"segmentation": {"size": [405, 720], "counts": "j[S34]<7J5K4VOk0K4N2O0O2N1N3O1O100O1O0001O00O11O0000001N10000O2O0O101O0O10001N101O1N2O1O1N3M`0@<C[cW5"}, "area": 2267.0, "iscrowd": 0, "ignore": 0, "image_id": 0, "bbox": [241, 52, 59, 64], "category_id": 2, "id": 4, "category_name": "seaurchin", "score": 0.9214795827865601}, {"segmentation": {"size": [405, 720], "counts": "`Xh43a<2N1N2O1O1O1N3M2N2N2O1N2O1O1N2O1O1O100O1O1O1O100O10000O1001OO100000000001O001O1O1O1O0000001O0000001O001O1O1O2N2N1O2N1O2N1O001N102N4KUPZ3"}, "area": 1694.0, "iscrowd": 0, "ignore": 0, "image_id": 0, "bbox": [378, 364, 85, 41], "category_id": 2, "id": 5, "category_name": "seaurchin", "score": 0.9068343043327332}, {"segmentation": {"size": [405, 720], "counts": "eXX86]<3N2N2M3N2N2O0O2N1O1O2N1O101N1O101N101N101N100000O10000O100O010O100O1O100O100O1O100O100O1O100O2N100N20ZN"}, "area": 1444.0, "iscrowd": 0, "ignore": 0, "image_id": 0, "bbox": [663, 47, 57, 41], "category_id": 3, "id": 6, "category_name": "scallop", "score": 0.955245852470398}, {"segmentation": {"size": [405, 720], "counts": "VXT71a<5L3N2N4L2N2N1O1O1O1O1O1O2N100O1000O0100000O1O2O0O1O100O1O2N1O1O2N2N2N3M3Ki_Y1"}, "area": 780.0, "iscrowd": 0, "ignore": 0, "image_id": 0, "bbox": [574, 28, 39, 34], "category_id": 3, "id": 7, "category_name": "scallop", "score": 0.9390829801559448}]}