{"images": [{"id": 0, "file_name": "images/1657.jpg", "width": 720, "height": 405}], "annotations": [{"segmentation": {"size": [405, 720], "counts": "PVo04_<3N2N1O2N1O2N2N101L3K5O2N1O2N10001N2N101N2N100O101OO10O100O100000000O10000000000000000O2O0000000O10O10000O10000O10O02O0O1O100O2N2O2M2O0O2N3N1N2N2N2M3M2K6K6LV[n6"}, "area": 2759.0, "iscrowd": 0, "ignore": 0, "image_id": 0, "bbox": [79, 306, 80, 66], "category_id": 2, "id": 0, "category_name": "seaurchin", "score": 0.9282630085945129}, {"segmentation": {"size": [405, 720], "counts": "TZc36\\<6J4L4M3M3N2N2N2N2O1N2N3M4L2O1O1N2O1O0O2O000O10O10000000000000000O10001O0O101N10000O2O000O101N1O1N3N1N3M3H8N1N3N2M3N3L4HjZa4"}, "area": 2408.0, "iscrowd": 0, "ignore": 0, "image_id": 0, "bbox": [290, 199, 66, 64], "category_id": 2, "id": 1, "category_name": "seaurchin", "score": 0.9340354204177856}, {"segmentation": {"size": [405, 720], "counts": "QX^3292j;`0J5M3N3L3N2N2M4M2N2N2N2O0O2O1N101N1O101N101N100O2O000O2O000O101O000O11O00001O1O1O10O01O1O1N101O001N1O101N101N2N3M5J5L5K2N3L5K6K8Fk\\d4"}, "area": 3365.0, "iscrowd": 0, "ignore": 0, "image_id": 0, "bbox": [266, 272, 79, 73], "category_id": 2, "id": 2, "category_name": "seaurchin", "score": 0.9279457330703735}, {"segmentation": {"size": [405, 720], "counts": "dl68\\<4L3N1N3L3N3N1N2N3N1N2O1N10001O0O2O001O0O101O1O001O00001O000000001O000001O000O2O000O10001N100O2O1O1N2O3M1N3M9XOnC<Z<K2NZmn7"}, "area": 2044.0, "iscrowd": 0, "ignore": 0, "image_id": 0, "bbox": [18, 152, 56, 58], "category_id": 2, "id": 3, "category_name": "seaurchin", "score": 0.913488507270813}, {"segmentation": {"size": [405, 720], "counts": "lY`48U<:J5M4M3M5K3M2N3M2N2N3L3N3M2O1N101N100O101O00000O10000O101N1000000O101O0000000O100000000000O1000000O101N101O0O2O1N4L3M2N3M2N2O2M3M4L5J5J5L6IT\\`3"}, "area": 3972.0, "iscrowd": 0, "ignore": 0, "image_id": 0, "bbox": [356, 313, 86, 77], "category_id": 2, "id": 4, "category_name": "seaurchin", "score": 0.9403384327888489}, {"segmentation": {"size": [405, 720], "counts": "iYZ4<W<6J5K4L4M3M3N1N2O1N2O0O2O1N101N2O0O2O00001O00000O1000O100O1O100O100000000O1000001O000O2O00001O0O1O2N1O2M201N2M4M4L3K6K4LfZj3"}, "area": 2590.0, "iscrowd": 0, "ignore": 0, "image_id": 0, "bbox": [345, 256, 69, 65], "category_id": 2, "id": 5, "category_name": "seaurchin", "score": 0.9261156320571899}, {"segmentation": {"size": [405, 720], "counts": "nZh75_<3L4H7N2N3M2N2O1N2O1N2O3L6K3L3N1N2O001N1O2O000O2O0000000O10000000000000000O11O0000000000001O00000010O0001O0000001O001O0O2O01O01N101O001O001O001O001O1O001O1O1O1O2N1O1O2N2M3QO\\Di0j;M3L;Dmi0"}, "area": 4263.0, "iscrowd": 0, "ignore": 0, "image_id": 0, "bbox": [620, 334, 96, 71], "category_id": 2, "id": 6, "category_name": "seaurchin", "score": 0.9314130544662476}, {"segmentation": {"size": [405, 720], "counts": "_W^5<W<3N2N2N2N2N2N2N2N2N2N2O1O0O2O1O0O2O0O2O001N10001O0000001O0001O00000O100O2O0O2N1O2N1O2M3L4M3M4L3M3L6Fj[j2"}, "area": 1771.0, "iscrowd": 0, "ignore": 0, "image_id": 0, "bbox": [434, 193, 58, 50], "category_id": 2, "id": 7, "category_name": "seaurchin", "score": 0.9142708778381348}, {"segmentation": {"size": [405, 720], "counts": "TXd6c0o;4L4M3M3N2O1N2N3N2M2N2O0O2O1N1O2N2O0O2O0O10001N1000001O000000000000000000000000O2O0000001N2O2N1O1O2N1N2O1N101N2M4L4M2N102M3M3M3L4L2O2M3MlV]1"}, "area": 3193.0, "iscrowd": 0, "ignore": 0, "image_id": 0, "bbox": [531, 242, 73, 69], "category_id": 2, "id": 8, "category_name": "seaurchin", "score": 0.9117184281349182}, {"segmentation": {"size": [405, 720], "counts": "jdV643OV<>J2M3O1N2N1O2N1O101N1O100O1O1O1O1O00100000O10000O1000000O100O2O0O2O1N2N2O1N3N2L4L5HgSU2"}, "area": 1269.0, "iscrowd": 0, "ignore": 0, "image_id": 0, "bbox": [500, 86, 44, 42], "category_id": 2, "id": 9, "category_name": "seaurchin", "score": 0.9368200898170471}, {"segmentation": {"size": [405, 720], "counts": "cn\\59Z<8I5K3M3N1N2O1N2O0O2N100O2O000O100O2O00000O100000000000O101O000O101N10001O1N1O2O1N2N2N3M2N3N4K2N3L6HWdk2"}, "area": 1684.0, "iscrowd": 0, "ignore": 0, "image_id": 0, "bbox": [436, 108, 50, 45], "category_id": 2, "id": 10, "category_name": "seaurchin", "score": 0.9229227304458618}]}