{"images": [{"id": 0, "file_name": "images/1665.jpg", "width": 720, "height": 405}], "annotations": [{"segmentation": {"size": [405, 720], "counts": "naY66]<b0mNZOUEn0e0ROi83_FP11mN33[92^FS1KPO8L_92\\Fc12]Na9U2WFgM05h9Y2XFgMi91[FR10lN6Of9LXFU12iN52b91VFT1OnN8Mb93UFg10\\Nf9T2UFoMj9_2O8H3M8H5K00J6O10O3N5K1O16KOO10OeLnFT3P9900G901N2O11N7J1N0bLQGY3l8dLYG3Mm25nL[82bG4Nm24lLS80nGd3L\\L]86`G`33`LV8i3jGVLV8l3hGSLZ8T42N2kKeGm3d8VLZG22Q3o8jLUG1Jl2e9M2MJXMbFd2L`Mi81WG31MNb22]Mf8_3ZGaLf8_3YGaL\\8LmGa3GdLS9LnF1O41^2N_Ml9_2TF`Mn9=VFEO_1Q:iN\\FU1e9`NkE6c0X1c:N1OVOdN\\F[1`:N1O2N3M2M3VO^D=P<I:FeCNhWf1"}, "area": 6710.0, "iscrowd": 0, "ignore": 0, "image_id": 0, "bbox": [509, 220, 77, 141], "category_id": 1, "id": 0, "category_name": "seacucumber", "score": 0.7960436344146729}, {"segmentation": {"size": [405, 720], "counts": "[i_37]<2N2M3H8K6K4L6K4M3K4N2N2O0O101O0O1000001N100000000000000000001O000000000001O0O2O0O2O1N2N2N2N2N2N2N3M3K6L4L2N2N2N3N1N3N3L7I[^d4"}, "area": 2670.0, "iscrowd": 0, "ignore": 0, "image_id": 0, "bbox": [274, 227, 66, 69], "category_id": 2, "id": 1, "category_name": "seaurchin", "score": 0.9190554618835449}]}