{"images": [{"id": 0, "file_name": "images/1687.jpg", "width": 720, "height": 405}], "annotations": [{"segmentation": {"size": [405, 720], "counts": "TiY42`<;VEGg8>RGFm8c0^FJ`9=VFHi9`0jEEU:^101O0000001O001O1O1O0O01N2N10101O00001O1O1O2M2O2M2O0O2O0O1O2N2L4M3G8O101O001O00001O5UOfD1];EkD9j;M3M4K]om3"}, "area": 3082.0, "iscrowd": 0, "ignore": 0, "image_id": 0, "bbox": [344, 146, 55, 76], "category_id": 2, "id": 0, "category_name": "seaurchin", "score": 0.9101443290710449}, {"segmentation": {"size": [405, 720], "counts": "cde61_<9H9I4L4L3N2N2L3O2N2N2N2O1N1O2N2N20O010O10O000000001O0000000000000O1001N2O1O0O2N2O1N2O0O3L3N10001N2O2M2M3N2N2M3M3J7M[i_1"}, "area": 2374.0, "iscrowd": 0, "ignore": 0, "image_id": 0, "bbox": [538, 33, 73, 70], "category_id": 2, "id": 1, "category_name": "seaurchin", "score": 0.9374015927314758}, {"segmentation": {"size": [405, 720], "counts": "ZeU41j;2aD5HJ1001W;3nD9JC03R;7PE6NAO2R;9oD50GQ;j0oDVOP;l0nDUOR;V11001N1O1O1N2N2O1N2O10000O100O100O100000000000000000001O01O001N1010O01N100010O01O001O001O00001O001O001O001O1O1O001O1O1O1O1O1N2O001O0010O01O1N2O1O1O1O1O2N1O2N1O001O1O001O1O001O001O1]OTD;l;EWD0OOWZ`3"}, "area": 4769.0, "iscrowd": 0, "ignore": 0, "image_id": 0, "bbox": [329, 332, 110, 73], "category_id": 2, "id": 2, "category_name": "seaurchin", "score": 0.9345964193344116}, {"segmentation": {"size": [405, 720], "counts": "lVS17]<2N2N2O2FBYD?f;AYDa0f;_OZDa0e;@ZDb0e;_OYDf0c;ZO]Dg0b;YO^Di0`;WOaDi0^;WOcDh0];XOcDi0\\;WOcDj0\\;XObDi0^;WOaDk0_;TOaDl0_;6N1cDkNZ;X101O1OiNhDU1T;600oDaNl:`1SE`Nm:a1QE`No:c100000001O001O0000000000001O001O2N1O0000O1001O001OO1001O003M00000000O100001O00O1O1000000001O000000000000001O0000000000000000000]ERN_:n14O1006K0OO1O1O100000000O1O10001O0I[E^Ng:R1YERO3Ld:R1YERO3Le:\\1[EcNf:f10GYEcNi:[1YEdNh:m0XEWO2Jh:m0XEXO1Jh:m0XEYOQ;e0PE[OR;b0SEZOn:d0b0NRE\\OP:b0PF@P:>QFCo9<mEAVO3n::QFFP:9oEGW:4jEKPm1ORcR6"}, "area": 6627.0, "iscrowd": 0, "ignore": 0, "image_id": 0, "bbox": [93, 5, 130, 67], "category_id": 1, "id": 3, "category_name": "seacucumber", "score": 0.7865235805511475}]}