{"images": [{"id": 0, "file_name": "images/1693.jpg", "width": 720, "height": 405}], "annotations": [{"segmentation": {"size": [405, 720], "counts": "cgP11_<6M6K2N2N1O2N100O1O4L2N2N1O1O1mDQOB07OW:R1hE@J@\\:n1bEXNX:S2O01O02O1kEeMm9]2RFcMn9]2RFcMm9^2TF`Mm9`2SF`Ml9f2O0O2O2N2N00O1O11O1O000000001O1lFRM`8m2`GSM`8m2d000O02O000mFRM^8n2e0001mFQM^8P3aGPM_8R3_GnLa8R3a0001O010O00000000000mFmLd8S3?0000O10001O0O100O100O1N3O0O100O101N1O10000O1O2M2M3O1M3N3N2M3N2N1O3M2M3M3M2M5J5M3M3L4M4L4J6I8IVn^6"}, "area": 8373.0, "iscrowd": 0, "ignore": 0, "image_id": 0, "bbox": [90, 281, 105, 100], "category_id": 2, "id": 0, "category_name": "seaurchin", "score": 0.8903810977935791}, {"segmentation": {"size": [405, 720], "counts": "Xgg4:X<7I6K3L4L4L5M2M3N2N2N2N2N3M2N2O1O1O001O001N101O0O1O001N200O100O100000000000O01000O1O1O1N1M4N3L3N2M3M3M4SOiDA<4DMZ;9o0I\\Z_3"}, "area": 3010.0, "iscrowd": 0, "ignore": 0, "image_id": 0, "bbox": [374, 220, 67, 72], "category_id": 2, "id": 1, "category_name": "seaurchin", "score": 0.9188509583473206}, {"segmentation": {"size": [405, 720], "counts": "`b^53[<b0B5L4L3N3K5M3L3N2O0O100O010O1000000000000001O00000000001O0O10000O2N103L3L5L3L5I`om2"}, "area": 1779.0, "iscrowd": 0, "ignore": 0, "image_id": 0, "bbox": [438, 128, 52, 66], "category_id": 2, "id": 2, "category_name": "seaurchin", "score": 0.9332903623580933}]}