{"images": [{"id": 0, "file_name": "images/1696.jpg", "width": 720, "height": 405}], "annotations": [{"segmentation": {"size": [405, 720], "counts": "W[Y35[<7L4L4L2O2N3M3N2M4L3M2O1O1N2N2N3N010O001O1O001O01OO1010O001O1N2O1O0O2O1N2N1N3L4N3L5K2O2M:E4N2N2MnPP5"}, "area": 1822.0, "iscrowd": 0, "ignore": 0, "image_id": 0, "bbox": [261, 125, 57, 58], "category_id": 2, "id": 0, "category_name": "seaurchin", "score": 0.9183478951454163}, {"segmentation": {"size": [405, 720], "counts": "go^22^<8K6jCEg;f0N3N1L5M2O1O2O1N3M2N1O2M2O1O101O001O1N100O010O101O0O2O0010O00001N10O1O11O10O1O01O0O100O01O01O01N0100O10O[N\\E\\1P;N2N1O2O0O1O2N2O1M3N2L3N3M2N3M3M8G\\m`5"}, "area": 3503.0, "iscrowd": 0, "ignore": 0, "image_id": 0, "bbox": [195, 252, 77, 76], "category_id": 2, "id": 1, "category_name": "seaurchin", "score": 0.9274641871452332}, {"segmentation": {"size": [405, 720], "counts": "_`]24[<OfC3T<:M3O2M2O1O1N200000000O100O100O100O1N2K5O1O100001O1O1O1O00000000O1000000O1N2000000001O0000O10000O1001O001O001O001O000000O11O00002N2N1O2M2O1L7CQDGU<58M]ca5"}, "area": 2446.0, "iscrowd": 0, "ignore": 0, "image_id": 0, "bbox": [187, 355, 81, 50], "category_id": 2, "id": 2, "category_name": "seaurchin", "score": 0.9189050197601318}, {"segmentation": {"size": [405, 720], "counts": "kR\\71`<8I4N3M2N101N2O001O001O001O00001O0001O01O0001O010O001O1N101N3N2L4I_WS1"}, "area": 718.0, "iscrowd": 0, "ignore": 0, "image_id": 0, "bbox": [593, 357, 40, 36], "category_id": 3, "id": 3, "category_name": "scallop", "score": 0.949866533279419}, {"segmentation": {"size": [405, 720], "counts": "bkY45Z<=A9M3M2N2O1O100O001O01N2M201N2N101N1N201O0010000O001O10O010O01000000O101N100O101O000O1O2O1N2O1N2NoTo3"}, "area": 1145.0, "iscrowd": 0, "ignore": 0, "image_id": 0, "bbox": [341, 194, 65, 49], "category_id": 2, "id": 4, "category_name": "seaurchin", "score": 0.9122647643089294}, {"segmentation": {"size": [405, 720], "counts": "]Sn33_<4M3M2M4N1O1M4M2N20001O0000O2O0000O1O2N1O1O2O1OO1O10O00001O01O01O0O2M2O2O010O001N2N101N100001N101N2N2M3O2M2O1O2N1J7N1N3N1O2N3M5IgoT4"}, "area": 1832.0, "iscrowd": 0, "ignore": 0, "image_id": 0, "bbox": [310, 284, 73, 69], "category_id": 2, "id": 5, "category_name": "seaurchin", "score": 0.8988398909568787}]}