{"images": [{"id": 0, "file_name": "images/1698.jpg", "width": 720, "height": 405}], "annotations": [{"segmentation": {"size": [405, 720], "counts": "Ygg24_<4L3L4N2M4M2M2O2N2N1O2O0O2O001N101N100O2O000O1O2O0O10000O101OO10001O0O2N100O101N2O001N101N3M3M2N2O1N1N6J3M2N2M3MT`^5"}, "area": 1786.0, "iscrowd": 0, "ignore": 0, "image_id": 0, "bbox": [218, 305, 61, 47], "category_id": 2, "id": 0, "category_name": "seaurchin", "score": 0.9058592319488525}, {"segmentation": {"size": [405, 720], "counts": "YQa444NN5m;b0L5J5L3N1N2N1O2O1N2N2O0O2N2N8IO010O1N101001O1O0O2O00O1N20000002N5K3M1OO1G:N10000010O0010O00001O0I8N1O2O1N1O2O1N2N3M2M3L5K5K:FS]b3"}, "area": 3192.0, "iscrowd": 0, "ignore": 0, "image_id": 0, "bbox": [365, 269, 62, 71], "category_id": 2, "id": 1, "category_name": "seaurchin", "score": 0.9027882218360901}, {"segmentation": {"size": [405, 720], "counts": "Umd56^<4L3L6K7J2M2N101N101O001O0O2O1O1O0000001O000000000O100002N1O0O10O02O3L2N2M3O1N2O1N3N1O1N2N1O2M4M3KXRd2"}, "area": 1466.0, "iscrowd": 0, "ignore": 0, "image_id": 0, "bbox": [456, 154, 49, 50], "category_id": 2, "id": 2, "category_name": "seaurchin", "score": 0.9040172100067139}, {"segmentation": {"size": [405, 720], "counts": "dR[63_<6L3L4M2O2M2N2O1O1N101O001O002N1N2O1O2M201N2N10O01O010O01O1O1O1O1O1O1N2O1N3M4K7Jf^Q2"}, "area": 1272.0, "iscrowd": 0, "ignore": 0, "image_id": 0, "bbox": [511, 172, 46, 56], "category_id": 2, "id": 3, "category_name": "seaurchin", "score": 0.9261888265609741}, {"segmentation": {"size": [405, 720], "counts": "aW\\78\\<3N1N1O1O2O000O2O000000000000000000O2O1O0O2O1N2N3MlWV1"}, "area": 387.0, "iscrowd": 0, "ignore": 0, "image_id": 0, "bbox": [593, 109, 27, 28], "category_id": 2, "id": 4, "category_name": "seaurchin", "score": 0.9217188358306885}, {"segmentation": {"size": [405, 720], "counts": "Xc[15Y<;J6F8M3M2N2O1N2O1O1O1O1O010O01O1O100O1O001O00001O000O10001O0O100O1O2N1O2N3M7HR[Q7"}, "area": 1414.0, "iscrowd": 0, "ignore": 0, "image_id": 0, "bbox": [111, 82, 45, 47], "category_id": 2, "id": 5, "category_name": "seaurchin", "score": 0.9351698756217957}, {"segmentation": {"size": [405, 720], "counts": "UUc36\\<6L3M3M3N1N2N3M3N3L2O1N2O1O2M2O1O1O0001O001O0O101N2O1N3M3M2N1O3L5L2N3L4Kmnj4"}, "area": 1157.0, "iscrowd": 0, "ignore": 0, "image_id": 0, "bbox": [291, 59, 40, 43], "category_id": 2, "id": 6, "category_name": "seaurchin", "score": 0.9267398715019226}, {"segmentation": {"size": [405, 720], "counts": "\\je05Y<=G5L3O1N2O1N3N1N2N1O2O1N101O1N1000O10O10O10O010000O1O101N100O1N3L3N2O2N101N1O2N2O2L4L3N2N3Kc[d7"}, "area": 1503.0, "iscrowd": 0, "ignore": 0, "image_id": 0, "bbox": [53, 52, 48, 48], "category_id": 2, "id": 7, "category_name": "seaurchin", "score": 0.9131925702095032}, {"segmentation": {"size": [405, 720], "counts": "`]f14_<6I5L4L3O1N2N2O1O1O0O101O0O101O0O10001O0000000001O000000001O00001N4M2N4L1N3N2N2M4M1N3K3OUad6"}, "area": 1165.0, "iscrowd": 0, "ignore": 0, "image_id": 0, "bbox": [137, 230, 45, 41], "category_id": 2, "id": 8, "category_name": "seaurchin", "score": 0.8927286863327026}, {"segmentation": {"size": [405, 720], "counts": "lhZ63_<7H5L3O1O2O0O101N100O2O00000O2O000O101O000O2N10000O2O000O11O01O00001O1O100O00001O1O010O0010O00010O00010O1O0KfDnN\\;Q18L3M8H2M10N2C>M21N101O01O00SO]Dh0i;O1O2OJZO_Db0`;_O`D1L9o;EUD0M2o;M\\D3S<OiSc1"}, "area": 2312.0, "iscrowd": 0, "ignore": 0, "image_id": 0, "bbox": [507, 266, 91, 42], "category_id": 1, "id": 9, "category_name": "seacucumber", "score": 0.699419379234314}]}