{"images": [{"id": 0, "file_name": "images/17010.jpg", "width": 1920, "height": 1080}], "annotations": [{"segmentation": {"size": [1080, 1920], "counts": "Rfd9>WQ16K4M2N2N2N2N2O0O2O000O10000O1000000000000000O1000000O100O100O101N100O1O2O0O1O2N1O2M2O2N2M2O3L4L[dPd1"}, "area": 1485.0, "iscrowd": 0, "ignore": 0, "image_id": 0, "bbox": [290, 717, 60, 59], "category_id": 2, "id": 0, "category_name": "seaurchin", "score": 0.8838965892791748}, {"segmentation": {"size": [1080, 1920], "counts": "[fa97]Q19J3L4M2N2N2N101N100O2O0O10000O1000000000000000O2O000O2O0O2N2O1N2N3L4M4K5JWW_d1"}, "area": 1093.0, "iscrowd": 0, "ignore": 0, "image_id": 0, "bbox": [284, 900, 48, 45], "category_id": 2, "id": 1, "category_name": "seaurchin", "score": 0.9156932830810547}, {"segmentation": {"size": [1080, 1920], "counts": "md[81dQ19H5L3M2N2N2N2N2N101N2N101N101O0O2O000O101O000000000001O000O10001O0O101N100O2O0O1O2N2N1O2N2N2M3N3M2L6IX`Ve1"}, "area": 1538.0, "iscrowd": 0, "ignore": 0, "image_id": 0, "bbox": [248, 811, 59, 57], "category_id": 2, "id": 2, "category_name": "seaurchin", "score": 0.8972320556640625}, {"segmentation": {"size": [1080, 1920], "counts": "e]h>:\\Q13M3M3N1O2N1O10000O100O10000O100O100O1O010O1000000EXOfoNh0YP1ZOfoNf0YP1[OgoNe0XP1\\OhoNc0YP1]OgoNc0ZP1[OhoNd0YP1ZOhoNf0YP1XOioNg0eP1N102N1N2O2M2N2M5G\\WS_1"}, "area": 1093.0, "iscrowd": 0, "ignore": 0, "image_id": 0, "bbox": [445, 973, 49, 57], "category_id": 2, "id": 3, "category_name": "seaurchin", "score": 0.8675307035446167}, {"segmentation": {"size": [1080, 1920], "counts": "^VSa04`Q16L4M2M3O0O2N101N101N100000000O2O0000000000000001N1000000O2O0O2N2M3L5Kljo\\1"}, "area": 817.0, "iscrowd": 0, "ignore": 0, "image_id": 0, "bbox": [521, 876, 45, 40], "category_id": 2, "id": 4, "category_name": "seaurchin", "score": 0.8957001566886902}, {"segmentation": {"size": [1080, 1920], "counts": "m``b09[Q18J4M2N2N1O2O001N100O2O00000O10000O100000O100O100O100O100O2O0O2O1N2N2N3L4Lj\\`[1"}, "area": 1051.0, "iscrowd": 0, "ignore": 0, "image_id": 0, "bbox": [560, 853, 54, 44], "category_id": 2, "id": 5, "category_name": "seaurchin", "score": 0.9163055419921875}, {"segmentation": {"size": [1080, 1920], "counts": "[\\Rf0;ZQ15L4M3M2N2N101N1O2O0O100O2O0O10000O101O000000000001O001N101O1N3N1N3M3M4K;@TanW1"}, "area": 1153.0, "iscrowd": 0, "ignore": 0, "image_id": 0, "bbox": [662, 796, 51, 48], "category_id": 2, "id": 6, "category_name": "seaurchin", "score": 0.9094059467315674}, {"segmentation": {"size": [1080, 1920], "counts": "Qang06`Q18H4K5J5M3M3N2M2O2M2N3N1O1O2O000O10000001O2M3N2N8H1N3N1N3M2O1N3L4KbcVV1"}, "area": 1202.0, "iscrowd": 0, "ignore": 0, "image_id": 0, "bbox": [717, 831, 57, 42], "category_id": 2, "id": 7, "category_name": "seaurchin", "score": 0.8749990463256836}, {"segmentation": {"size": [1080, 1920], "counts": "\\oVn04^Q19K5K4M4M2M2O2M2O1N1O2O001N1000001O0000000000O2O00001O0O2O1O0O2O1N1O2N3M2N3M3L4L4KUgeo0"}, "area": 1321.0, "iscrowd": 0, "ignore": 0, "image_id": 0, "bbox": [912, 886, 54, 50], "category_id": 2, "id": 8, "category_name": "seaurchin", "score": 0.9124038219451904}, {"segmentation": {"size": [1080, 1920], "counts": "X_SR15^Q16M3M3L4M3M3M3N101N101N101N100O2O000O101O000000000O1001O00000O10001O0O100O1O2O0O1N3M3L4K5JoPek0"}, "area": 1531.0, "iscrowd": 0, "ignore": 0, "image_id": 0, "bbox": [1023, 914, 70, 63], "category_id": 2, "id": 9, "category_name": "seaurchin", "score": 0.8737293481826782}, {"segmentation": {"size": [1080, 1920], "counts": "PPPV1>XQ16K3M3M2N2N2N101N1O2O0O2O000O2O000000001O0001N10001O0O101O001O000010O01O001N2O1N2O2M5J6I7HX_hg0"}, "area": 1544.0, "iscrowd": 0, "ignore": 0, "image_id": 0, "bbox": [1140, 1001, 68, 57], "category_id": 2, "id": 10, "category_name": "seaurchin", "score": 0.9008371829986572}, {"segmentation": {"size": [1080, 1920], "counts": "f`el04bQ19G9H4L3M3N0O2O0O2O001N10000O2O000000001O0000000000000001O0001O01O000O101O001N101O001N101N101N2N2O1N2N3N2L4M7GP]hP1"}, "area": 1865.0, "iscrowd": 0, "ignore": 0, "image_id": 0, "bbox": [859, 1003, 78, 52], "category_id": 2, "id": 11, "category_name": "seaurchin", "score": 0.9302747249603271}, {"segmentation": {"size": [1080, 1920], "counts": "n]\\h06^Q1;G6K3M3M2N101N2N2N2O1N2N101N2O0O1000001O0000001O00010O0001O01O01N101O1O001O1N2O2N1N2N3N1N3M3N3L5K5J_hVU1"}, "area": 1978.0, "iscrowd": 0, "ignore": 0, "image_id": 0, "bbox": [746, 1032, 46, 48], "category_id": 2, "id": 12, "category_name": "seaurchin", "score": 0.9397673010826111}, {"segmentation": {"size": [1080, 1920], "counts": "SlWf07]Q16L3M4M1N3M2O2M2O1N2O2N1O001O100O100O1000O100000O01000000O100O100O2O0O10000O100O10001O0O101O1N101N2O1N3M3M6HSTWW1"}, "area": 1712.0, "iscrowd": 0, "ignore": 0, "image_id": 0, "bbox": [672, 1015, 56, 49], "category_id": 2, "id": 13, "category_name": "seaurchin", "score": 0.9307478666305542}]}