{"images": [{"id": 0, "file_name": "images/1708.jpg", "width": 720, "height": 405}], "annotations": [{"segmentation": {"size": [405, 720], "counts": "[lU1`0n;:F8N2O1N4M5K2N2M2O001O1N3N0O2O1N1O2O000O10000000100O1O00100O00001N100000000001O000O2O000O10001N101N1O2L4L4J6L5I6I7I6M4M3Kj[n6"}, "area": 3396.0, "iscrowd": 0, "ignore": 0, "image_id": 0, "bbox": [91, 296, 65, 68], "category_id": 2, "id": 0, "category_name": "seaurchin", "score": 0.912138819694519}, {"segmentation": {"size": [405, 720], "counts": "dil75X<:L3N2N2N3M3N2M2N1O2O0O2O1N2O1N101O001O0O10001O00001O000000000001N101O0O2O001N101N2N100O2O0O100O1N3N1O1O2N1O2N2O2L:CZd8"}, "area": 2063.0, "iscrowd": 0, "ignore": 0, "image_id": 0, "bbox": [635, 43, 72, 65], "category_id": 2, "id": 1, "category_name": "seaurchin", "score": 0.9234542846679688}]}