{"images": [{"id": 0, "file_name": "images/17092.jpg", "width": 1920, "height": 1080}], "annotations": [{"segmentation": {"size": [1080, 1920], "counts": "kj];2_Q1<H6K4M2N2O0O2N1O2N100O1O1O100O1O1O100O1O100O1O100O100O100O010O1000O100O100O100O100O101N1O100O100O1O2O0O1O1O1O2N1O2N2N2M4M3K7Jiega1"}, "area": 2268.0, "iscrowd": 0, "ignore": 0, "image_id": 0, "bbox": [347, 900, 70, 57], "category_id": 2, "id": 0, "category_name": "seaurchin", "score": 0.934988260269165}, {"segmentation": {"size": [1080, 1920], "counts": "jST9a0RQ1:J3L4L3N1O1O1O1O2N1O1O1O1O1O100O2N100O100O2N100O100O10000O1O100O100O10000O1000O10O10O2O0O101N1O101N2N101N1O2N2N1O2O1N2N2N1O2M3N2M3M4L4J6IXRkc1"}, "area": 3375.0, "iscrowd": 0, "ignore": 0, "image_id": 0, "bbox": [269, 1010, 84, 66], "category_id": 2, "id": 1, "category_name": "seaurchin", "score": 0.9162002801895142}, {"segmentation": {"size": [1080, 1920], "counts": "Pklo05TQ1OToN5dP1e0L3M3M3N2N1O2N1O101N1O01000O10O01000O100O100O1O10001N100O2O001N2O001N2O2M2N2O1N2N2N3M3M4L4K`aim0"}, "area": 1799.0, "iscrowd": 0, "ignore": 0, "image_id": 0, "bbox": [969, 935, 53, 58], "category_id": 2, "id": 2, "category_name": "seaurchin", "score": 0.861393928527832}, {"segmentation": {"size": [1080, 1920], "counts": "daTX1;YQ18F:H6K4M4M2N2O1N2N2N2N2N2N2N2N101N100O100O100O1000O0010O01O1O1O1N2N2O1O1O1O2N1O1N3N1O2N100O1O1O1O001O1O001O2N1O1N2O2M2N2O2M3N1O2N2N1O1N3N1N2O1O1M3N201N_Xcd0"}, "area": 3314.0, "iscrowd": 0, "ignore": 0, "image_id": 0, "bbox": [1210, 973, 79, 80], "category_id": 2, "id": 3, "category_name": "seaurchin", "score": 0.8769247531890869}, {"segmentation": {"size": [1080, 1920], "counts": "\\gdY18\\Q19H5L4L3N3L3N2N2N2N1O101N1O10000O10000O100000O10O10O10000O101N1O2N101N2N2N101N1O2N1O2N2N1N3N1N3M3M3M5Kn]mc0"}, "area": 1856.0, "iscrowd": 0, "ignore": 0, "image_id": 0, "bbox": [1260, 644, 57, 57], "category_id": 2, "id": 4, "category_name": "seaurchin", "score": 0.9096603989601135}, {"segmentation": {"size": [1080, 1920], "counts": "^^X^1:ZQ1>D5K5K5K5J5M3L4L4M2M4L3M4M2N2M3N2O0O1O2N100O1O2O0O10000O100O100000O00100O0010O010O100O101N10000001O00000O101O001O001O1O001O1O1O1O1O100O1O1O1O1O1O2N1O1O3M3L4M4L5J7J5K6I7J4K4L4L6JTcQ>"}, "area": 6693.0, "iscrowd": 0, "ignore": 0, "image_id": 0, "bbox": [1403, 695, 86, 91], "category_id": 2, "id": 5, "category_name": "seaurchin", "score": 0.931471586227417}, {"segmentation": {"size": [1080, 1920], "counts": "mRja11fQ13N3L3N3L5L2N1N2O00001O0000001O1O1O1O1O1O1O101N101N1O2O0O1O100O001O001O001O0O10000O101O000000000000O100000000000000O10001O000O101O001N101O0O2O0O2N2O1N2N2O1N3M3M4L4L5FbYf:"}, "area": 2822.0, "iscrowd": 0, "ignore": 0, "image_id": 0, "bbox": [1518, 459, 73, 63], "category_id": 2, "id": 6, "category_name": "seaurchin", "score": 0.8392947316169739}]}