{"images": [{"id": 0, "file_name": "images/1713.jpg", "width": 720, "height": 405}], "annotations": [{"segmentation": {"size": [405, 720], "counts": "SVR38\\<4L7J2M2M3N2O1O2M101O0O2O000O10000O1O100001O001O2N1O0O100O1O100O2O001O1N2O1O2M2N5J7GoaY5"}, "area": 1228.0, "iscrowd": 0, "ignore": 0, "image_id": 0, "bbox": [245, 94, 47, 39], "category_id": 2, "id": 0, "category_name": "seaurchin", "score": 0.9098397493362427}, {"segmentation": {"size": [405, 720], "counts": "cg_31c<3M3J6M4K4M2N3M2N2N2N102N1O1N2O0O2O0O2O00001N100O1O101N1000O10O10000001O000O10001N101O00001N101O0O2O2M2N2N1O2O1N1O2N3M2O2M2N2M4L3N2Om`b4"}, "area": 2315.0, "iscrowd": 0, "ignore": 0, "image_id": 0, "bbox": [281, 186, 72, 59], "category_id": 2, "id": 1, "category_name": "seaurchin", "score": 0.9106035232543945}, {"segmentation": {"size": [405, 720], "counts": "`Z\\42`<6L3L4M2N3N1N3N1O2N2N1O1N001@ROXEn0g:VOREo0m:SOoDP1P;:10000O10000O101N100O101O0O100000000O001O0O2O1O001OO1O1O1O101O00O0010N2N3O0O1O01000001O0O101O001O00100O00000O1O101O100O101N100O1N2M3O1O1N2N2O1O100O2N101N2N2N2M4KQ[Y3"}, "area": 3551.0, "iscrowd": 0, "ignore": 0, "image_id": 0, "bbox": [354, 252, 95, 93], "category_id": 1, "id": 2, "category_name": "seacucumber", "score": 0.9070655107498169}, {"segmentation": {"size": [405, 720], "counts": "`l`34_<4L7F7M1O1L40001N1O0O2O1M4L3I7N101000000O01O1000000O101N1eNmDS1\\;O1N101O1RO_Df0i;N2@TD4n;HWD4X<M`^l4"}, "area": 1313.0, "iscrowd": 0, "ignore": 0, "image_id": 0, "bbox": [288, 134, 33, 50], "category_id": 1, "id": 3, "category_name": "seacucumber", "score": 0.8255103826522827}]}