{"images": [{"id": 0, "file_name": "images/1722.jpg", "width": 720, "height": 405}], "annotations": [{"segmentation": {"size": [405, 720], "counts": "j]Y5320[<8M8oC_O^;Q1K3N1N2N100O2O3L000100O1O010OO100000O100O100N2O11O01N2L3N3M5L3N1N2O3L2J6N2N2N3MgYR3"}, "area": 1467.0, "iscrowd": 0, "ignore": 0, "image_id": 0, "bbox": [423, 160, 46, 50], "category_id": 1, "id": 0, "category_name": "seacucumber", "score": 0.7930848598480225}, {"segmentation": {"size": [405, 720], "counts": "i_S54_<3M2M3O1O1O1M3O1I7E;M2HjNoDZ1P;6000000O0100O1O2O1N2N3M2N2nNRE0B2]<LdV^3"}, "area": 866.0, "iscrowd": 0, "ignore": 0, "image_id": 0, "bbox": [414, 106, 32, 47], "category_id": 1, "id": 1, "category_name": "seacucumber", "score": 0.8490943908691406}, {"segmentation": {"size": [405, 720], "counts": "nck45T<?J3M3N1M4N2N2N2O1O001N11GdDYO[;h0fDVO[;i0gDSO[;m07O10000O100O1IZD_Of;`0\\D^Oe;?:N3L3N2O1N2O2N1O1O10Qnb3"}, "area": 834.0, "iscrowd": 0, "ignore": 0, "image_id": 0, "bbox": [392, 151, 36, 51], "category_id": 1, "id": 2, "category_name": "seacucumber", "score": 0.7607665061950684}, {"segmentation": {"size": [405, 720], "counts": "bWk4;Y<5K5J3N2N2O102N1N1N10001O01O01O01O01O001O0O20O001O000O10O01O01O1000000O01000001O1O2N0010O01000O00000000O1O1O1O1O0O1I602N2O1O1M3N3M4KRQW3"}, "area": 1992.0, "iscrowd": 0, "ignore": 0, "image_id": 0, "bbox": [388, 195, 65, 41], "category_id": 1, "id": 3, "category_name": "seacucumber", "score": 0.8622058629989624}, {"segmentation": {"size": [405, 720], "counts": "fQ^75]<5M2N2N101O0O2O0O2O0O2O00000O1000000000000001O0000001O001O001O2L5J4MmkP1"}, "area": 655.0, "iscrowd": 0, "ignore": 0, "image_id": 0, "bbox": [596, 344, 43, 37], "category_id": 3, "id": 4, "category_name": "scallop", "score": 0.9112046360969543}]}