{"images": [{"id": 0, "file_name": "images/1745.jpg", "width": 720, "height": 405}], "annotations": [{"segmentation": {"size": [405, 720], "counts": "T;a1T;000001O00001OO1000000000000001O1O001O000000000000000000O100O100O100O100O1O1O1O1000000000000000000000000000000001O001O001O00001O001O00001O001O1O1O1O1O1O1O1N3N2N2N6I1O1O1N3M5L2O1O3M2JcCO]\\h7"}, "area": 4091.0, "iscrowd": 0, "ignore": 0, "image_id": 0, "bbox": [1, 342, 91, 61], "category_id": 2, "id": 0, "category_name": "seaurchin", "score": 0.9392293691635132}, {"segmentation": {"size": [405, 720], "counts": "YVP38[<4L3M3K6L3K5N3N1K6N1O101N100N2N2O1O2N1O100000010O0O010O1O010O000001O001N2N1O2N2L5M3M3L3M4M2O2M4L5J5J]\\X5"}, "area": 2126.0, "iscrowd": 0, "ignore": 0, "image_id": 0, "bbox": [239, 64, 56, 66], "category_id": 2, "id": 1, "category_name": "seaurchin", "score": 0.9433735609054565}, {"segmentation": {"size": [405, 720], "counts": "oh\\77]<4K3N2N2M4M2N2L4M2O2O01O10O00000O1O1001O1O001O00001O0000000O2O000000000O2O01O0001O000O2O1N2N5H8H]cl0"}, "area": 1338.0, "iscrowd": 0, "ignore": 0, "image_id": 0, "bbox": [598, 251, 48, 45], "category_id": 2, "id": 2, "category_name": "seaurchin", "score": 0.9019617438316345}, {"segmentation": {"size": [405, 720], "counts": "kfm74`<3M3N2M2N3N1M3N1O2O1N3M101N2O000O100000000O1O2O000O1000000001O1N101O0O2O0O2O1O1N101N2O1N2O0O2N2N2M3O0O2N2N2N`Y9"}, "area": 1378.0, "iscrowd": 0, "ignore": 0, "image_id": 0, "bbox": [643, 178, 51, 44], "category_id": 2, "id": 3, "category_name": "seaurchin", "score": 0.9322935938835144}, {"segmentation": {"size": [405, 720], "counts": "gd`12c<1O1O00001O0000001O001O1O1O001O1O1O1O1O1O1O001O001O1O1O1O1O1O001O1O00001O00000000O1O1M3M3O1O1O100O1O1O1N200O1O1O1O1O1M`\\d6"}, "area": 845.0, "iscrowd": 0, "ignore": 0, "image_id": 0, "bbox": [127, 1, 56, 27], "category_id": 2, "id": 4, "category_name": "seaurchin", "score": 0.9256750345230103}, {"segmentation": {"size": [405, 720], "counts": "moc31Q<f0L2N101O001N10001O010O2O0000000000O1N2O1O1N2N3M2M3N3M2MgYm4"}, "area": 733.0, "iscrowd": 0, "ignore": 0, "image_id": 0, "bbox": [291, 95, 36, 39], "category_id": 2, "id": 5, "category_name": "seaurchin", "score": 0.9272246956825256}, {"segmentation": {"size": [405, 720], "counts": "Xc_35^<5L3N2M3N2N2N2N1O1O10O001O1O1N2N2N3N3L5IWkT5"}, "area": 399.0, "iscrowd": 0, "ignore": 0, "image_id": 0, "bbox": [280, 63, 27, 27], "category_id": 2, "id": 6, "category_name": "seaurchin", "score": 0.9357959032058716}, {"segmentation": {"size": [405, 720], "counts": "doT58[<5L3M2O2M2N2N2N101O000000000001N101N2N2N2O3L6HRY^3"}, "area": 529.0, "iscrowd": 0, "ignore": 0, "image_id": 0, "bbox": [411, 50, 28, 34], "category_id": 2, "id": 7, "category_name": "seaurchin", "score": 0.9282017946243286}]}