{"images": [{"id": 0, "file_name": "images/1747.jpg", "width": 720, "height": 405}], "annotations": [{"segmentation": {"size": [405, 720], "counts": "XfY12c<1O0O2Lb0@4M2L3M3N2O1O001N10100O01O0000000O100010O010O0000010O000000O1000001N10000O101O000O2O0O2O2M4L5K5IWSn6"}, "area": 1744.0, "iscrowd": 0, "ignore": 0, "image_id": 0, "bbox": [100, 157, 59, 50], "category_id": 2, "id": 0, "category_name": "seaurchin", "score": 0.9356503486633301}, {"segmentation": {"size": [405, 720], "counts": "mfe27W<<H4M3L4K4M4M3O1N1O2O0O1O101N10000O0100001N10001O1N2O000000000010O00000O1O1O2N100O2N1O2N2N2M3N2L4N3L4M3L]Sb5"}, "area": 2334.0, "iscrowd": 0, "ignore": 0, "image_id": 0, "bbox": [220, 260, 52, 60], "category_id": 2, "id": 1, "category_name": "seaurchin", "score": 0.894512414932251}, {"segmentation": {"size": [405, 720], "counts": "Ujd59[<2N2N3M2O0O2N100O100O1000000000000O1000O2O00000O2O0000001N3N2M2N5HR`j2"}, "area": 651.0, "iscrowd": 0, "ignore": 0, "image_id": 0, "bbox": [457, 59, 35, 31], "category_id": 2, "id": 2, "category_name": "seaurchin", "score": 0.9270977973937988}, {"segmentation": {"size": [405, 720], "counts": "VU^74`<4cCLS<;0000001O000000M3M3N12O001O000@PD;P<EoC<Q<400O1O10000O1O100O100001N100000M[OVDe0l;1000000O1000O10O1O100000000O100O1000O2O00001O001O1O001O000O105K1O1O001N2O001O001O0O2O2N1O001Ngh="}, "area": 1550.0, "iscrowd": 0, "ignore": 0, "image_id": 0, "bbox": [604, 52, 77, 30], "category_id": 1, "id": 3, "category_name": "seacucumber", "score": 0.7952445149421692}, {"segmentation": {"size": [405, 720], "counts": "Vh^54`<3M2N2N2JEoC<P<401N4M2O0O10O01O1O1O001001O1WOWDd0o;OO1O1O0O0LYO\\De0f;\\OXDd0m;O010O100000000O10O0100O10O101N2O000O00N3O010O00010O2O1N3M2O5EVff2"}, "area": 1213.0, "iscrowd": 0, "ignore": 0, "image_id": 0, "bbox": [439, 326, 64, 35], "category_id": 1, "id": 4, "category_name": "seacucumber", "score": 0.7841796875}, {"segmentation": {"size": [405, 720], "counts": "WUR8:Z<3N0O2O0O2N1O2N1000001N100O1O2N1O100O1O100O10001O0O100000O1000O10O01N2O1000O1O1N2O1000O1O0010000O10001N2N1000O01000O101O00000000O10000`G"}, "area": 2051.0, "iscrowd": 0, "ignore": 0, "image_id": 0, "bbox": [660, 269, 60, 43], "category_id": 1, "id": 5, "category_name": "seacucumber", "score": 0.8572615385055542}, {"segmentation": {"size": [405, 720], "counts": "Qa[74^<4L4N100O2O00000O101O0000000O10001N100L4O1O1J501O01000O010001O0O10O2N100001O0H^D\\Ob;e071O00O0101O6I2O00000001O00000000001N1000001O0O2M201N2O2FSDFP<5;N2M3MU\\d0"}, "area": 1816.0, "iscrowd": 0, "ignore": 0, "image_id": 0, "bbox": [591, 187, 78, 32], "category_id": 1, "id": 6, "category_name": "seacucumber", "score": 0.7608930468559265}, {"segmentation": {"size": [405, 720], "counts": "nTa76^<3N1O0O2O1O00001O00000001O0000001O001N2N3MQmR1"}, "area": 255.0, "iscrowd": 0, "ignore": 0, "image_id": 0, "bbox": [609, 291, 24, 19], "category_id": 3, "id": 7, "category_name": "scallop", "score": 0.9432551860809326}]}