{"images": [{"id": 0, "file_name": "images/1785.jpg", "width": 720, "height": 405}], "annotations": [{"segmentation": {"size": [405, 720], "counts": "Qke72b<3L3J7H9K4M2N2\\DQO_;U1M2N2N1O2M2O4L3M2O1N2N2O1N3N1N102M2N101N10001N101O0O10001O00001N100000000O10001O000000000000001O0000000O11O0000000001O00000000000001O0001O000001O0O10001O001N101N101N2N1O2M3N2N2M3N2N[I"}, "area": 6978.0, "iscrowd": 0, "ignore": 0, "image_id": 0, "bbox": [617, 192, 103, 94], "category_id": 2, "id": 0, "category_name": "seaurchin", "score": 0.9212350845336914}, {"segmentation": {"size": [405, 720], "counts": "dTW63V<2mC4m;<M4K6M4L2N2M2O1O1O2O2M5J3N100O10O01O010000000000001O00001N101O000O1000000O0100O100O100O100O1O2N1O101N2O2N0O2O001N1O2N1O2N1O2N2M3N2N2O1N2O1N2O1N2O1N3N2M3M2N3MSce1"}, "area": 3596.0, "iscrowd": 0, "ignore": 0, "image_id": 0, "bbox": [499, 163, 73, 73], "category_id": 2, "id": 1, "category_name": "seaurchin", "score": 0.9337720274925232}, {"segmentation": {"size": [405, 720], "counts": "\\\\Y64\\<:H7J4L4L4L5L2N3M2N2N2O1N1O2N1O100O1O1O1O1O2N1O1N2O1O00100O1O1O01000O100000000O10000O1000O0100000O101N1O2O0O101N2N1O100O2N1O1O100O1O1N201N1O1O1O1O2N2gNiDP1b;K3N3M6I:E][c1"}, "area": 4447.0, "iscrowd": 0, "ignore": 0, "image_id": 0, "bbox": [498, 33, 94, 74], "category_id": 2, "id": 2, "category_name": "seaurchin", "score": 0.9333467483520508}, {"segmentation": {"size": [405, 720], "counts": "_WZ54\\<8K6J4L4M2N2M2O2M2O2M3N2N2O1N2O002N2N00000O1O100O2O00000O20O000O101O00000O2O001N2O1N1O2O1N2N2N1N3N1O2N2N2N2M3L4K8I5KbVk2"}, "area": 2453.0, "iscrowd": 0, "ignore": 0, "image_id": 0, "bbox": [426, 137, 70, 67], "category_id": 2, "id": 3, "category_name": "seaurchin", "score": 0.9358659982681274}, {"segmentation": {"size": [405, 720], "counts": "VRS4=U<5K5L3N1N3N2N101O001N1000001O00000000000000000O11O1N1O2N2N2M4L3M4L4Kak[4"}, "area": 1086.0, "iscrowd": 0, "ignore": 0, "image_id": 0, "bbox": [327, 142, 43, 45], "category_id": 2, "id": 4, "category_name": "seaurchin", "score": 0.9255304336547852}]}