{"images": [{"id": 0, "file_name": "images/17919.jpg", "width": 1920, "height": 1080}], "annotations": [{"segmentation": {"size": [1080, 1920], "counts": "a6Q2go000001O010O010O10O10O1O010O1000000O11O0O1O0010O01O10O01O1O1O100O1O001N2O0O2N2M2N3M3N2N3M2N3L5K8H>A\\Pdm1"}, "area": 2911.0, "iscrowd": 0, "ignore": 0, "image_id": 0, "bbox": [2, 199, 58, 102], "category_id": 2, "id": 0, "category_name": "seaurchin", "score": 0.8863032460212708}, {"segmentation": {"size": [1080, 1920], "counts": "VU`94bQ14M3M5J6H7H9K3M4M2M2N3N2M3M3N1O0O2O00000O2O0O101N100O2O0O10000O2O000000000O2O00001O000O2O0000001O01O0000000001O0O1000000000O101O0O10000O10000O01000O102M:G3L3M3L3N2M4L4L4K4I8J5IXojb1"}, "area": 5617.0, "iscrowd": 0, "ignore": 0, "image_id": 0, "bbox": [287, 389, 103, 90], "category_id": 2, "id": 1, "category_name": "seaurchin", "score": 0.8889839053153992}, {"segmentation": {"size": [1080, 1920], "counts": "Pa^R17SQ1m0]O=C7K4L3M3M4M1N3N2N2N2N3M2N2N2O1N101N2O1O1N2O000000O1O010O2O0000001O00010N101M3M3M3I7M2O2M3N2M2O2M3M3N1N4L3N2N3L4M2N3L4K5K6I9Dfmej0"}, "area": 4662.0, "iscrowd": 0, "ignore": 0, "image_id": 0, "bbox": [1044, 343, 76, 98], "category_id": 2, "id": 2, "category_name": "seaurchin", "score": 0.8993484973907471}, {"segmentation": {"size": [1080, 1920], "counts": "[n[n04_Q1c0_O6J7J4L5K3L5L4L4L5K8I4K4L4M2M3N2N101N2N2O0O2O1N2O0O2O001O001O001O001O00000010O000000001O0O101N1O1O2N1N3M2M4M2N3L3N3K5L3N3M3L4M3L5K4L4L4L5K5L8EaR`n0"}, "area": 6046.0, "iscrowd": 0, "ignore": 0, "image_id": 0, "bbox": [915, 546, 87, 105], "category_id": 2, "id": 3, "category_name": "seaurchin", "score": 0.9181270599365234}, {"segmentation": {"size": [1080, 1920], "counts": "\\QkV19\\Q16K3M4M2N2N2N2N2N101N2O1N2N2O1N101N101O1O00100O001O010O0010O00010O10O0100O00100O000010O0001O001O001O010O1O1O1O1O1O1O001O1O1O1O0O2O001O1O1O0O3M2N3L5K8Gohme0"}, "area": 2937.0, "iscrowd": 0, "ignore": 0, "image_id": 0, "bbox": [1175, 616, 79, 67], "category_id": 2, "id": 4, "category_name": "seaurchin", "score": 0.900235652923584}, {"segmentation": {"size": [1080, 1920], "counts": "]ih_1;ZQ15K6K3N2M3N2O1N2N101O0O2O1O001O0O2O1O001N101O00001O00001O0010O01O001O010O1O001O01O00010O00001O001O001O001O001O001N3N2M3N2M3M2N3M3N2L<BS_X="}, "area": 2855.0, "iscrowd": 0, "ignore": 0, "image_id": 0, "bbox": [1449, 546, 76, 65], "category_id": 2, "id": 5, "category_name": "seaurchin", "score": 0.896989643573761}, {"segmentation": {"size": [1080, 1920], "counts": "kWgf15`Q1b0]O9I4J6K5K7I8I5K5K4M3M3M2M3M3N2N1O2O0O2N1O2O0O1O2N101N1O1O2O0O10000000001O0O110O00001O0000000O1O1O1O00iMYRO?gm0]O`RO?am0^OfRO>Zm0@kRO<Vm0BnRO;Sm0DQSO7Rm0GQSO5Qm0IUSONQm0OTSODWm08nRO^O[m0`0Q2L5L3M3M3L]RZ6"}, "area": 5580.0, "iscrowd": 0, "ignore": 0, "image_id": 0, "bbox": [1645, 431, 88, 105], "category_id": 2, "id": 6, "category_name": "seaurchin", "score": 0.8993587493896484}]}