{"images": [{"id": 0, "file_name": "images/18129.jpg", "width": 1920, "height": 1080}], "annotations": [{"segmentation": {"size": [1080, 1920], "counts": "]kZn0=XQ17I5K4L5L4M2N2N3M2N3L3N2K5J6N2N2O1N2O1O1O1O1O1N2O1N1M4_Oa0L4O001000O010O100000O100O1O1O10O01O001O001O001O01O0010O01O001O1O001O100O1O001O001O001O00001O001O1O1O10O00000O100O101O000000O3N2N;D3N1N2O1O001O1O1O1O1O001O1BePO\\N]o0b1fPO\\N\\o0`1hPO^NYo0`1iPO^NZo0_1b0N1N4L3N3L5K4L6H7Imaol0"}, "area": 10158.0, "iscrowd": 0, "ignore": 0, "image_id": 0, "bbox": [927, 514, 115, 113], "category_id": 2, "id": 0, "category_name": "seaurchin", "score": 0.9230479001998901}, {"segmentation": {"size": [1080, 1920], "counts": "hW\\k07^Q1=B7H7K4doNlNPP1V1ooNlN72JLRo0W1nPOiN81F6Po0Q1lQOoNTn0n0QROoNPn0m0UROPOnm01oPO=VQ1G`U2KcjM4N3N1O1N3WND`QO2\\O=_n0E_QOO:=B2en0FXQO05_1bn0ROYQOQ1hn0o000000000O1fQOUMfm0k2[ROUMdm0l2c010O010000O2N2N1N3N2N3N1N4MO1O1O10O1N2OdLmQOV3Qn0jLQROW3nm0fLURO^3Qn02O1N0ZO`LSSOa3kl0`LTSOa3kl0_LUSOa3kl0_LUSOb3ol0^LkROd3Sm0_LiROc3Wm0_LdROd3\\m0<010O001nKbROh3`m0RLfROl3cm001O1N1000000O010ON3O0001O2N1O1O1O101O1N3N1N2N1N3M2N200O02O0O1O1N2O2N307HO100O1O1O001O001O1N2O001O00000000000GjQOQMUn0n2mQOQMSn0n2oQOQMPn0P3PROoLQn0Q3:2O0O1O101N101O1O001O001O0O1O001O1O1O10O101M3N2N2N2O1N11O0O2N2N3M2O1N101O01N101O2M3M1O2N10000O108H1O001O001O1O1O2ZM\\QOU2bn0nM\\QOS2bn0SNYQOn1cn0g0L3L4M3M2O1010O1N101O0O2N100001O0O101O0001O3M1O2M2O1O1N10000OO2G8N2001]MdQOj1\\n0UNeQOj1\\n0VNfQOh1Zn0WNiQOg1Wn0YNlQOc1Vn0[NmQOc1Sn0]NnQOb1Rn0^NoQO`1Rn0`NnQO`1Sn0^NoQOa1Qn0_NoQO`1Sn0_NnQO_1Tn0_NnQO^1Xn0XNoQOe1To0N3L3N4VOgoNKaP1OgoNI_P12eoNJaP1NdoNO[Y62cgJ4L5I5O1008G4L3M\\c\\k0"}, "area": 23679.0, "iscrowd": 0, "ignore": 0, "image_id": 0, "bbox": [794, 840, 303, 135], "category_id": 1, "id": 1, "category_name": "seacucumber", "score": 0.6248006224632263}]}