{"images": [{"id": 0, "file_name": "images/1821.jpg", "width": 720, "height": 405}], "annotations": [{"segmentation": {"size": [405, 720], "counts": "[`n21V<1UD0i;`0N2PDAh;g0O1N3N1O0BSOTEm0k:UOTEk0j:XOTEj0j:YOREi0n:?O100O10000O1O100N2N2N2N2O100O1O1O100O1000000000000000000001O00000000000000001O001O1O00001O0000001O00001O001O00001O001O1O1O1O001O1O3M5K3M3M3M1O1N101O1O2N1O0CZDCo;:8N2I[fh4"}, "area": 5027.0, "iscrowd": 0, "ignore": 0, "image_id": 0, "bbox": [229, 335, 104, 70], "category_id": 2, "id": 0, "category_name": "seaurchin", "score": 0.9454807043075562}, {"segmentation": {"size": [405, 720], "counts": "\\ST29Y<5M2N2N2N2N1O2N1O2N1O2N1O2N2N2O0O2N1O2N1O2N100O2N2O0O2O1N101N101O00001N1001O000000O1000001O000001O002N001ZNWE]1S;N2L4M2N2N3K4M2N3N1O1O2N2O1N2N4L6H^bl5"}, "area": 2918.0, "iscrowd": 0, "ignore": 0, "image_id": 0, "bbox": [177, 56, 68, 53], "category_id": 2, "id": 1, "category_name": "seaurchin", "score": 0.9090209007263184}, {"segmentation": {"size": [405, 720], "counts": "X\\m35\\<8K3N2L4N2N1O1O00001O0000O1000000000000O100000000O10000O10000O1000000O100N2O1O100O1O100O1O1O100O1N2O1O1O1O1O1O1O10]^X4"}, "area": 1085.0, "iscrowd": 0, "ignore": 0, "image_id": 0, "bbox": [309, 2, 71, 27], "category_id": 1, "id": 2, "category_name": "seacucumber", "score": 0.9466358423233032}, {"segmentation": {"size": [405, 720], "counts": "Qlb38X<6M3N2O2N1N2O1O000O1000000O1000O100O100O1O2N1O2N2N2M4M4Jc]n4"}, "area": 609.0, "iscrowd": 0, "ignore": 0, "image_id": 0, "bbox": [286, 169, 38, 32], "category_id": 3, "id": 3, "category_name": "scallop", "score": 0.942862868309021}, {"segmentation": {"size": [405, 720], "counts": "`PR44^<6L3L3N2N2N2N101O0001O2M3N1N2O2M1O2N2M3MW^b4"}, "area": 331.0, "iscrowd": 0, "ignore": 0, "image_id": 0, "bbox": [324, 284, 30, 26], "category_id": 3, "id": 4, "category_name": "scallop", "score": 0.8931511640548706}]}