{"images": [{"id": 0, "file_name": "images/18285.jpg", "width": 720, "height": 405}], "annotations": [{"segmentation": {"size": [405, 720], "counts": "URm06\\<5L3N2N3M5K1O100O10O0100O010O1O100O10O01O010O01O010O1O10O1O001O10O10000O10000O1O1O1O100O2N1O1O2N2N2N2N2N2N2N1O2N^UY7"}, "area": 1343.0, "iscrowd": 0, "ignore": 0, "image_id": 0, "bbox": [73, 175, 60, 38], "category_id": 2, "id": 0, "category_name": "seaurchin", "score": 0.912274956703186}, {"segmentation": {"size": [405, 720], "counts": "clQ14\\<8K5L3M3N1N2M2O2N2N1O2N2N2O1N101N2O1N101O0O10001O00000000000000000O1000000010O00010O000O2O000O2O0O2N2O0O4L3M6PO_Da0o;K[ZT7"}, "area": 2315.0, "iscrowd": 0, "ignore": 0, "image_id": 0, "bbox": [78, 258, 72, 47], "category_id": 2, "id": 1, "category_name": "seaurchin", "score": 0.9160995483398438}, {"segmentation": {"size": [405, 720], "counts": "k;i0l;0O2N100O100O1O100O1O1O1O100O1O100O10000O100O10000O10000O1000000O100O100O100O10000O100O100O100O100000000000000000000001O00001O001O0000000000001O0000001O001O00000O2O0000001O0000001O00001O1O1O3M4K5GVD]OQ<8Vkd7"}, "area": 4135.0, "iscrowd": 0, "ignore": 0, "image_id": 0, "bbox": [1, 348, 107, 57], "category_id": 2, "id": 2, "category_name": "seaurchin", "score": 0.9401386976242065}, {"segmentation": {"size": [405, 720], "counts": "igj3:Y<4L3N2M3N2N2N2N3M2O1N2N2O1N2O000O10O1000O1000000010O00100O2N1O1O1N102N2M3N3L6J5K6Em\\a4"}, "area": 1369.0, "iscrowd": 0, "ignore": 0, "image_id": 0, "bbox": [311, 125, 42, 39], "category_id": 2, "id": 3, "category_name": "seaurchin", "score": 0.8957107663154602}, {"segmentation": {"size": [405, 720], "counts": "ign39Y<8H6K4M3M3L4M4L3M2N100O2OO10000O10000O2N2N2O100O1N2O2M3M3M2N3N2M5K5K4Jjh_4"}, "area": 1260.0, "iscrowd": 0, "ignore": 0, "image_id": 0, "bbox": [318, 175, 44, 39], "category_id": 2, "id": 4, "category_name": "seaurchin", "score": 0.9351426362991333}, {"segmentation": {"size": [405, 720], "counts": "U\\f4?R<6L3N2M3N2M3N00001O001O1N2O1O100O0100001O01N1010O01O1O1N2O2N2N2N2N2N1O2N101M2O3M2N2N1O2N5KfUd3"}, "area": 1377.0, "iscrowd": 0, "ignore": 0, "image_id": 0, "bbox": [382, 64, 47, 47], "category_id": 2, "id": 5, "category_name": "seaurchin", "score": 0.8592190742492676}, {"segmentation": {"size": [405, 720], "counts": "_Ph49S<<H9I5L4L3N2M3O0000001O000O100000000000001O000000000O2OO10000001O00001O0001O01OO1O2O00011M4M2M5I<QOWD60IY[a3"}, "area": 2312.0, "iscrowd": 0, "ignore": 0, "image_id": 0, "bbox": [390, 120, 48, 47], "category_id": 2, "id": 6, "category_name": "seaurchin", "score": 0.8116830587387085}, {"segmentation": {"size": [405, 720], "counts": "QRh4>S<6L4M3L6L4K3N4K3O0O1O00001O0000000O0100000000O100O100O10001N100000000O100O1O102M2N2N3M3M4K7FcSb3"}, "area": 1928.0, "iscrowd": 0, "ignore": 0, "image_id": 0, "bbox": [390, 181, 47, 49], "category_id": 2, "id": 7, "category_name": "seaurchin", "score": 0.8464722633361816}, {"segmentation": {"size": [405, 720], "counts": "Uio37Z<7J5M4K5L2N3M2N2O0O2O00000000001O000000000001O000O101N101N3M4L3N3L3L5K7IlZ^4"}, "area": 1175.0, "iscrowd": 0, "ignore": 0, "image_id": 0, "bbox": [325, 24, 35, 44], "category_id": 2, "id": 8, "category_name": "seaurchin", "score": 0.9257751703262329}, {"segmentation": {"size": [405, 720], "counts": "RQo53a<4M6I3M2O2N2N3M1O3M4L4L2N2N1O2N1O1O2N001O001O000000001O00001O00000000000000000001N2O0N3N3J6J7F=FP[Z2"}, "area": 1974.0, "iscrowd": 0, "ignore": 0, "image_id": 0, "bbox": [487, 3, 48, 49], "category_id": 2, "id": 9, "category_name": "seaurchin", "score": 0.9137063026428223}, {"segmentation": {"size": [405, 720], "counts": "Zkf7>T<8I3N2M3N2N1O2O0O2O1N2O1N2O1N3N2M2N2O1O001N10000000000O10000001N11O0000000000000000O10000O2O1N1O2O1N101N1O2N2N1O2N2N2M3M5L3L4L4KbV<"}, "area": 2916.0, "iscrowd": 0, "ignore": 0, "image_id": 0, "bbox": [631, 33, 59, 61], "category_id": 2, "id": 10, "category_name": "seaurchin", "score": 0.8919937610626221}, {"segmentation": {"size": [405, 720], "counts": "fP_79X<8J5J5K5I7L4L3N3N001N101O1N101N2O001O1O1O1O1O00001O001O0000001O001O0000000000000000000000O100000001O001N100O2O000O10001O0O1O2M2N2O2O0O2O0O2O001O0O2O1N2O2M2N3M4L6FUZ="}, "area": 4383.0, "iscrowd": 0, "ignore": 0, "image_id": 0, "bbox": [608, 114, 82, 69], "category_id": 2, "id": 11, "category_name": "seaurchin", "score": 0.9318656325340271}, {"segmentation": {"size": [405, 720], "counts": "hh^75^<6J4M3M4K4M2N2O2M3M3M3N2M4L3N1N2O1O1O1N2O1N3N1O1O001O1O2M2O1O1O1O001O01O000000000001O0000000001O01O0001O0000001O00001O00001O010O0001O01O1O010O1O0O2O2ZObEQO_:l0iEmNZ:P1g0N3M2M4F:M3M3L7Hnn;"}, "area": 4890.0, "iscrowd": 0, "ignore": 0, "image_id": 0, "bbox": [605, 273, 83, 68], "category_id": 2, "id": 12, "category_name": "seaurchin", "score": 0.90389484167099}, {"segmentation": {"size": [405, 720], "counts": "fgZ56[<6K4M3N1N3N1O2N2N1O2O1N101N2O2N1O2N100O2O000O100O100O0100O00001O1O1hNiDo0a;M2N2O1N3M2N3L5J[PQ3"}, "area": 1422.0, "iscrowd": 0, "ignore": 0, "image_id": 0, "bbox": [427, 267, 46, 46], "category_id": 2, "id": 13, "category_name": "seaurchin", "score": 0.9034498929977417}, {"segmentation": {"size": [405, 720], "counts": "]Pi41]<;I7J5K4M2M4M4L2L5N3L4M7H4L4M3M1O1O1N1O1O2N1O1O1O1000000000000001O0001O01O00001O0000001O001OO10O1000000000001O001O1O1O1O1O1O001O1O001O2N3M2N2N2M3N3M2N6J5K6lN_D<dkT3"}, "area": 5158.0, "iscrowd": 0, "ignore": 0, "image_id": 0, "bbox": [376, 329, 99, 76], "category_id": 2, "id": 14, "category_name": "seaurchin", "score": 0.925379753112793}]}