{"images": [{"id": 0, "file_name": "images/18296.jpg", "width": 720, "height": 405}], "annotations": [{"segmentation": {"size": [405, 720], "counts": "cT\\61a<8B=oC^O0001X;Y1M2oDcNe:g10eNVEl0i:SOXEn0g:ROYEo0g:POYEP1g:POYEP1g:`0O001O3ZEQN`:R2O1O10000O1O0100010O000O10000CiM\\FW2c9jM]FV2d9iM\\FW2Q:00000000000O11O001N010O101N1N2N3N1O2N6K4K8H2N1O3N0O2M2N3M:_O]fg1"}, "area": 3723.0, "iscrowd": 0, "ignore": 0, "image_id": 0, "bbox": [517, 44, 58, 88], "category_id": 2, "id": 0, "category_name": "seaurchin", "score": 0.8614851236343384}, {"segmentation": {"size": [405, 720], "counts": "hRP8n0\\;TOgDT1Q;;J6TEZNh:k1N1O2O0O1N3N2N101N1O2N100O010O1O2JdMRF[2n9dMTFZ2X:L001O2ON001O11O3M1ZOiEkNY:R1lEjNV:4[EK1e0];\\OjD7b;I_D5c;I_D5Q<K_X="}, "area": 2319.0, "iscrowd": 0, "ignore": 0, "image_id": 0, "bbox": [651, 159, 38, 79], "category_id": 2, "id": 1, "category_name": "seaurchin", "score": 0.7536987066268921}, {"segmentation": {"size": [405, 720], "counts": "ogj34_<6J4M2M3N2N2O001O000100O1O1O2N3M5Kblj4"}, "area": 338.0, "iscrowd": 0, "ignore": 0, "image_id": 0, "bbox": [308, 134, 23, 33], "category_id": 3, "id": 2, "category_name": "scallop", "score": 0.9090677499771118}, {"segmentation": {"size": [405, 720], "counts": "meQ1`0S<4N2M8H4K5L2N2N2O1O1N2O1N2O001N2O1N101^EYNS:i1iEZNW:R2O110OO2O2N3N1N1O1O1O100O1O100O2O1N2N2O1N1O2O0O010O1O100O1O100O2N1O00O2M2I7N2N2O1000000001O000000001O1O1O1O1O3M3M3L3N1O6J4K2O2N1N2O1O0O3N1O1O1O1N4Kd^e6"}, "area": 4464.0, "iscrowd": 0, "ignore": 0, "image_id": 0, "bbox": [70, 50, 120, 92], "category_id": 1, "id": 3, "category_name": "seacucumber", "score": 0.92081618309021}]}