{"images": [{"id": 0, "file_name": "images/18365.jpg", "width": 720, "height": 405}], "annotations": [{"segmentation": {"size": [405, 720], "counts": "^im44`<2M3N101N101N1O2K4M4N2O0E\\OdDe0\\;:O2O000N2O2N1N2O1O1L4O100000000O100O1O1001O00001O00O100001O0000000000O100O1O1O100000000O1O1N2000000001O001O2N1O2N1O1O0000001O0000001O00001O00001O1O1O1O2N1O2N1O1O3M4L2N1O1O2N2N1O1O3M2N2M;FnWd2"}, "area": 4773.0, "iscrowd": 0, "ignore": 0, "image_id": 0, "bbox": [394, 341, 119, 64], "category_id": 2, "id": 0, "category_name": "seaurchin", "score": 0.9288266897201538}, {"segmentation": {"size": [405, 720], "counts": "VYj55`<1N2M5M2N2N4L2N1O1O1O1O1O1O1O1O1O001O000000000000O100O1001O2N00O1O100O1000000001O001O00000000O1L4O100O100O1O1O1O1O1O1O1O100O100O1K5M3KnbW2"}, "area": 1758.0, "iscrowd": 0, "ignore": 0, "image_id": 0, "bbox": [469, 3, 65, 36], "category_id": 2, "id": 1, "category_name": "seaurchin", "score": 0.9268104434013367}, {"segmentation": {"size": [405, 720], "counts": "i\\f64]<6L3L4M3N1N3N1O1N3N1O1O1O1O2N1N2O1O100O00100000O10O0100O100O101N1O1O2M2O2N1O2N1N3K5M2O2M4K5Kcic1"}, "area": 1354.0, "iscrowd": 0, "ignore": 0, "image_id": 0, "bbox": [543, 7, 49, 46], "category_id": 2, "id": 2, "category_name": "seaurchin", "score": 0.9151523113250732}]}