{"images": [{"id": 0, "file_name": "images/18434.jpg", "width": 720, "height": 405}], "annotations": [{"segmentation": {"size": [405, 720], "counts": "nWU27\\<3N3L4M2M3N2XD^OX;S1M3K5L5L3M3N2M2O2M2O1O0O2O1O2M3N1O1N2O1N2O001N2O0O2N2O1N100O2O000O2O00000000O100O2N2O2M3N1O1N3N0O2N100O1O2N2O1N3M3M2N2N2N2N3M4K6J4nNfDc0^;XOjD`0k;F9JQ^i5"}, "area": 5214.0, "iscrowd": 0, "ignore": 0, "image_id": 0, "bbox": [173, 10, 80, 83], "category_id": 2, "id": 0, "category_name": "seaurchin", "score": 0.929284393787384}, {"segmentation": {"size": [405, 720], "counts": "Sb]3a0S<4K4M:G?@7I3N1N2N2O1O1N1O2O002N2N2N1O1OO1O100O1O1O1O100O1O101N100O1O100O2N1O100O2N1N3N3M4L3M6J5I4K6WObD4R\\k4"}, "area": 3048.0, "iscrowd": 0, "ignore": 0, "image_id": 0, "bbox": [271, 8, 64, 73], "category_id": 2, "id": 1, "category_name": "seaurchin", "score": 0.9194497466087341}, {"segmentation": {"size": [405, 720], "counts": "]ZZ43U<?I5N2N2O1O1O100O101O1O1OO10000O1O101N2O1N3M3M3LYbX4"}, "area": 678.0, "iscrowd": 0, "ignore": 0, "image_id": 0, "bbox": [347, 273, 26, 29], "category_id": 2, "id": 2, "category_name": "seaurchin", "score": 0.9303127527236938}, {"segmentation": {"size": [405, 720], "counts": "V\\X45^<4L3M3N1N3M3N2N2N1O1O2N1O2N100O2O000O100O2O0O010O10O10O01O100O1O1O1O2O0O2N1O1O2N2N3M2N2IPDET<6jVR4"}, "area": 1340.0, "iscrowd": 0, "ignore": 0, "image_id": 0, "bbox": [343, 311, 49, 34], "category_id": 2, "id": 3, "category_name": "seaurchin", "score": 0.943285346031189}, {"segmentation": {"size": [405, 720], "counts": "jTe64]<7K3N3M2M3N2N3M2N2O1N2O1N2O001O0000001O00001O00000001O00001N101O1N2O001N100O2N1N3N2L3N2N3L4M3M\\dd1"}, "area": 1420.0, "iscrowd": 0, "ignore": 0, "image_id": 0, "bbox": [540, 358, 51, 47], "category_id": 2, "id": 4, "category_name": "seaurchin", "score": 0.9269383549690247}, {"segmentation": {"size": [405, 720], "counts": "SW`56\\<6L2N1O2N1O2N1O101N1000000O100000O10O01O2N1N3N2M4KfXR3"}, "area": 514.0, "iscrowd": 0, "ignore": 0, "image_id": 0, "bbox": [441, 205, 32, 36], "category_id": 2, "id": 5, "category_name": "seaurchin", "score": 0.9108822345733643}]}