{"images": [{"id": 0, "file_name": "images/18519.jpg", "width": 720, "height": 405}], "annotations": [{"segmentation": {"size": [405, 720], "counts": "gRf25_<8H2mCF`;1_Df0\\;<M4M010O10000O10OO2N2M3M10101O1M3M3N2N100O1010O1O0O00O1002O00N101O02O1M3N1O1O2O1N2N2O0O1O2N1N3M2O2O0O5K3L3M3N3L3]ORD;\\<FQU^5"}, "area": 3043.0, "iscrowd": 0, "ignore": 0, "image_id": 0, "bbox": [220, 244, 63, 60], "category_id": 2, "id": 0, "category_name": "seaurchin", "score": 0.9159137606620789}, {"segmentation": {"size": [405, 720], "counts": "mbS68\\<2N1O2M2O100]DCm:?QECm:?PECo:`0nDBP;`0nDAR;?oD@Q;6kDF8Om:5TEJFO^;0_D6=MDO];8PE1l:0UE9a:H_E>Z:DeEe0Q:\\OoEf0GjNP:`0YFi0EgNR:>ZFm0BfNS:=[FR1e9ROTFR1k9cNmE37[1l9]NRF80\\1X:[NdE43b1l9YN_F5Dc1l9[N^Fo1a9SNYFNIo1m9TNUFK0V2j9PN\\FLJl1j9WN]FMIl1i9XN_FKHm1j9WN^FLHl1m9VN[FMIm1\\:SNcEn1]:50O10001ON2O100O0010O1O1O10000000K50RNeEb1[:^NeEb1]:ZNcEi1]:UNdEl1]:QNfE=MP1d:oN\\ER1d:lN]ET1c:mN\\ET1c:`0OZN]EJ3W1b:nN\\EG4[1d:jN_EV1d:eN_EZ1n:1MeNnDX1W;01O001O1N3N1O001O1O2N2N2MSZh1"}, "area": 4286.0, "iscrowd": 0, "ignore": 0, "image_id": 0, "bbox": [499, 183, 73, 84], "category_id": 1, "id": 1, "category_name": "seacucumber", "score": 0.8628554940223694}, {"segmentation": {"size": [405, 720], "counts": "\\lX74^<4dCJW<;N2kCCo;o0PDSOZ;X1K4K4J6K5M3I8N5lEbMO3^9o2M4N1O1O1O0O01OhFhLT9Y3kFiLT9W3lFiLU9\\3O0001O4L10O01N2O1O001O100O1TM_Fb2f9WMeF`2j9N5K3YNcEP1`:jNfES1[:iNkET1W:dNQFZ1g:N1O1O1O001O1O0^O`DOb;@cD8L7k;FVDN40g;0VDM71c;3cDL];3Yml0"}, "area": 4020.0, "iscrowd": 0, "ignore": 0, "image_id": 0, "bbox": [590, 288, 56, 117], "category_id": 1, "id": 2, "category_name": "seacucumber", "score": 0.8058609366416931}]}