{"images": [{"id": 0, "file_name": "images/1858.jpg", "width": 720, "height": 405}], "annotations": [{"segmentation": {"size": [405, 720], "counts": "UUg37]<4L6J4K3N1O2N100O1O1O1O1O1000O010O1O1O001F:I6N3O1N2O2M`aj4"}, "area": 637.0, "iscrowd": 0, "ignore": 0, "image_id": 0, "bbox": [295, 101, 33, 35], "category_id": 2, "id": 0, "category_name": "seaurchin", "score": 0.9288695454597473}, {"segmentation": {"size": [405, 720], "counts": "_he78Z<5L3N4L8I0O1O1N2N2O2N001O011N2O001N2OO00100O2O000000001O00001O0O2N1O1L4O0O2O1N1N3N2O1N2L4O1N2OTQd0"}, "area": 1483.0, "iscrowd": 0, "ignore": 0, "image_id": 0, "bbox": [623, 137, 48, 48], "category_id": 2, "id": 1, "category_name": "seaurchin", "score": 0.852342963218689}, {"segmentation": {"size": [405, 720], "counts": "RQP79[<4K>C2N10000O01000000O01O100O00100O1000O1000000000O100000000000O100000000O1000O11O0K5N2N102L3N2N2O1L4O1N3M]\\W1"}, "area": 1457.0, "iscrowd": 0, "ignore": 0, "image_id": 0, "bbox": [563, 165, 51, 37], "category_id": 2, "id": 2, "category_name": "seaurchin", "score": 0.8213052749633789}, {"segmentation": {"size": [405, 720], "counts": "YUV81b<5L2N2O0O2O001O0000001N10000000000010O001O001O1O1O1N2O1N4L]g:"}, "area": 350.0, "iscrowd": 0, "ignore": 0, "image_id": 0, "bbox": [662, 338, 30, 19], "category_id": 3, "id": 3, "category_name": "scallop", "score": 0.9365164041519165}, {"segmentation": {"size": [405, 720], "counts": "_\\U86]<3M2O2O000O101O000000000O11O00000O100O1O1O1O2M3Mj_="}, "area": 315.0, "iscrowd": 0, "ignore": 0, "image_id": 0, "bbox": [659, 357, 24, 16], "category_id": 3, "id": 4, "category_name": "scallop", "score": 0.9305722713470459}]}