{"images": [{"id": 0, "file_name": "images/18682.jpg", "width": 720, "height": 405}], "annotations": [{"segmentation": {"size": [405, 720], "counts": "Wbm36\\<4M2N3O0O3N1N2O1O001O00001O0001O00001N100O2O3K8HkYe4"}, "area": 471.0, "iscrowd": 0, "ignore": 0, "image_id": 0, "bbox": [316, 187, 25, 24], "category_id": 2, "id": 0, "category_name": "seaurchin", "score": 0.9202491044998169}, {"segmentation": {"size": [405, 720], "counts": "Pm]75]<8I5K5[D@n:W1L3L3N3N1N2N101N101O0O100O2O00000O100001O0000001O1N101O001O001N2O1N2SOSENR;HZE1k:Hien0"}, "area": 2222.0, "iscrowd": 0, "ignore": 0, "image_id": 0, "bbox": [603, 189, 45, 74], "category_id": 2, "id": 1, "category_name": "seaurchin", "score": 0.923202633857727}, {"segmentation": {"size": [405, 720], "counts": "fUW33Z<9N2M:G2M2O1O1O1O1O1O2N1O1O2O0O2N100000001O0000O10O10O0100O0100O2O0O101N100O101N2N100O1O2M4L5K3M3N1N4L4K`dP5"}, "area": 1728.0, "iscrowd": 0, "ignore": 0, "image_id": 0, "bbox": [255, 322, 61, 45], "category_id": 2, "id": 2, "category_name": "seaurchin", "score": 0.9165129065513611}]}