{"images": [{"id": 0, "file_name": "images/1870.jpg", "width": 720, "height": 405}], "annotations": [{"segmentation": {"size": [405, 720], "counts": "e]Y1:X<5M2M4M2N3L3N100O2N100O100O100O100O1000O01000O10O0100O10O01O100O001O010O1O100N3N2M3N2N2N2N3M3L3KUoo6"}, "area": 1417.0, "iscrowd": 0, "ignore": 0, "image_id": 0, "bbox": [99, 276, 52, 48], "category_id": 2, "id": 0, "category_name": "seaurchin", "score": 0.9354413747787476}, {"segmentation": {"size": [405, 720], "counts": "mab28Z<5L4M3M2O1N2O1O1N101O001N101O00001O01O001O001O001O000O2O001N101N2O3M1N3Cabk5"}, "area": 951.0, "iscrowd": 0, "ignore": 0, "image_id": 0, "bbox": [206, 289, 40, 39], "category_id": 2, "id": 1, "category_name": "seaurchin", "score": 0.949628472328186}, {"segmentation": {"size": [405, 720], "counts": "fmQ24Z<9L3N2O0O2O0O101N100O10000000000001O0O100O101N100000001O0000000000100N2O1N2O2LhP[6"}, "area": 760.0, "iscrowd": 0, "ignore": 0, "image_id": 0, "bbox": [167, 260, 40, 32], "category_id": 2, "id": 2, "category_name": "seaurchin", "score": 0.9405020475387573}, {"segmentation": {"size": [405, 720], "counts": "ehl23_<5L3N3M2N2N2N2N2O1O0O2O1N101O1O001O0010O0010O010O01O001O1O1O1O1O1M5K4L9F\\[a5"}, "area": 912.0, "iscrowd": 0, "ignore": 0, "image_id": 0, "bbox": [233, 210, 39, 36], "category_id": 2, "id": 3, "category_name": "seaurchin", "score": 0.9446477890014648}, {"segmentation": {"size": [405, 720], "counts": "fZm23`<4M1M4L3M3O1N200O1O100O100O10000O10000000000O1000000000000001O0000001O1O001O001O001O1O1O1O1O1O1O2FmCM[Q\\5"}, "area": 1087.0, "iscrowd": 0, "ignore": 0, "image_id": 0, "bbox": [231, 375, 49, 30], "category_id": 2, "id": 4, "category_name": "seaurchin", "score": 0.9478697776794434}, {"segmentation": {"size": [405, 720], "counts": "chk36^<9G3M3M3M3N1N102M2N1O1O10000O1000000000000001O001O1O1O1O1O1O2N001O001O001O002N2N1O3L^o_4"}, "area": 1264.0, "iscrowd": 0, "ignore": 0, "image_id": 0, "bbox": [308, 366, 47, 39], "category_id": 2, "id": 5, "category_name": "seaurchin", "score": 0.9349358081817627}, {"segmentation": {"size": [405, 720], "counts": "\\Th37Z<9E7K5M4M2N2O1N2O1O001O1O001O00000001O00001O000000001N101N101N2N2N2N3M2N2M3N4K5LX]d4"}, "area": 1397.0, "iscrowd": 0, "ignore": 0, "image_id": 0, "bbox": [298, 283, 47, 48], "category_id": 2, "id": 6, "category_name": "seaurchin", "score": 0.9481509327888489}, {"segmentation": {"size": [405, 720], "counts": "db`38[<4I7M2N1O2N2N2O0O2O001N101O0O100O01000O0100O1O4WO]D:Q<M6J2N1NgfP5"}, "area": 736.0, "iscrowd": 0, "ignore": 0, "image_id": 0, "bbox": [279, 247, 34, 37], "category_id": 2, "id": 7, "category_name": "seaurchin", "score": 0.894588828086853}, {"segmentation": {"size": [405, 720], "counts": "R`f32b<1dCNT<4jCNT<:05J4L2N2N1O2O0O2O0000000O01000001O0000001O001N2O001N2N3N1M3N2M4LiPh4"}, "area": 856.0, "iscrowd": 0, "ignore": 0, "image_id": 0, "bbox": [299, 236, 40, 36], "category_id": 2, "id": 8, "category_name": "seaurchin", "score": 0.9096195697784424}, {"segmentation": {"size": [405, 720], "counts": "gWi36Y<7N2N2N2N2O1O1O001O010O10O01O0001O1O001N101N2O3K5L2M5KX^h4"}, "area": 533.0, "iscrowd": 0, "ignore": 0, "image_id": 0, "bbox": [300, 206, 34, 34], "category_id": 2, "id": 9, "category_name": "seaurchin", "score": 0.9392603635787964}, {"segmentation": {"size": [405, 720], "counts": "XS`34_<4M2O1N2O1O1O1O001O10O01O0010O00001O0N3M2N3M2MbUS5"}, "area": 333.0, "iscrowd": 0, "ignore": 0, "image_id": 0, "bbox": [281, 169, 24, 24], "category_id": 2, "id": 10, "category_name": "seaurchin", "score": 0.9025810956954956}, {"segmentation": {"size": [405, 720], "counts": "^6j0k;0O1000000O100O1000O010000O010000O10000O1000000O1O100O1O101N1N2O1O1O2O0O1O101N101N2N3MUU[8"}, "area": 1002.0, "iscrowd": 0, "ignore": 0, "image_id": 0, "bbox": [2, 193, 43, 39], "category_id": 2, "id": 11, "category_name": "seaurchin", "score": 0.9493045806884766}, {"segmentation": {"size": [405, 720], "counts": "cPo17\\<5L3M2N1O2N100O2O0000000001O0000001O001O001O100O1O2N2N1O1O3M5JaRa6"}, "area": 573.0, "iscrowd": 0, "ignore": 0, "image_id": 0, "bbox": [159, 122, 30, 33], "category_id": 2, "id": 12, "category_name": "seaurchin", "score": 0.9278173446655273}, {"segmentation": {"size": [405, 720], "counts": "dX[25^<4L4N1O00001O000001O001O001O1O3KfhZ6"}, "area": 212.0, "iscrowd": 0, "ignore": 0, "image_id": 0, "bbox": [187, 119, 22, 18], "category_id": 2, "id": 13, "category_name": "seaurchin", "score": 0.9039590358734131}]}