{"images": [{"id": 0, "file_name": "images/18778.jpg", "width": 720, "height": 405}], "annotations": [{"segmentation": {"size": [405, 720], "counts": "UR`08\\<3M2N2N2M4M2N1N2O100O10O010O1O1O1O1O1O1N2O1O1N2O2N2M3L\\dQ8"}, "area": 559.0, "iscrowd": 0, "ignore": 0, "image_id": 0, "bbox": [41, 238, 39, 28], "category_id": 2, "id": 0, "category_name": "seaurchin", "score": 0.9351894855499268}, {"segmentation": {"size": [405, 720], "counts": "TZ_24`<2N1O2M3O2M2N2N2N3M100O0001O0O2N2O100O100O1O2O1N1O2N101N2N2NYVQ6"}, "area": 475.0, "iscrowd": 0, "ignore": 0, "image_id": 0, "bbox": [196, 202, 45, 35], "category_id": 2, "id": 1, "category_name": "seaurchin", "score": 0.9142147302627563}, {"segmentation": {"size": [405, 720], "counts": "`Zi32b<2mCO_;2^D2a;O[D5c;MZD6e;?N7I1M201N110O1O0O2N2M2O2N1O101O0000000N2O0100O100O00011N101N1O010O101N2N2O1O1N2N2M3N2M4M2M3M3N3L7Hke]4"}, "area": 2226.0, "iscrowd": 0, "ignore": 0, "image_id": 0, "bbox": [303, 292, 57, 50], "category_id": 2, "id": 2, "category_name": "seaurchin", "score": 0.9248601794242859}]}