{"images": [{"id": 0, "file_name": "images/1890.jpg", "width": 720, "height": 405}], "annotations": [{"segmentation": {"size": [405, 720], "counts": "dbX5:Y<7I4J5M3N2O1N2N2O0O101N1O1O100O1O101N1000O01O1O1O10O010O2O0O2O2M2O1N2O2M2N2O1O1N3O0N2N2L5L4LVcQ3"}, "area": 1665.0, "iscrowd": 0, "ignore": 0, "image_id": 0, "bbox": [417, 72, 60, 55], "category_id": 2, "id": 0, "category_name": "seaurchin", "score": 0.9342698454856873}, {"segmentation": {"size": [405, 720], "counts": "nkU14`<4L3L4L3N2M4L3O1N2O1N2O0O2N10001N1O2O0000001O000000000000001O000001N2N2M3M3N1N3N2M3L5L5HZSU7"}, "area": 1413.0, "iscrowd": 0, "ignore": 0, "image_id": 0, "bbox": [89, 288, 53, 46], "category_id": 2, "id": 1, "category_name": "seaurchin", "score": 0.9493436813354492}, {"segmentation": {"size": [405, 720], "counts": "gVb1a0Q<5L2N3N1O100O1N2O1O100O100N2O100000000001O00000000000000001O0000000000001O00001O1O001O2N2N3L9GWbg6"}, "area": 1593.0, "iscrowd": 0, "ignore": 0, "image_id": 0, "bbox": [113, 361, 65, 44], "category_id": 2, "id": 2, "category_name": "seaurchin", "score": 0.927587628364563}, {"segmentation": {"size": [405, 720], "counts": "TTk1:X<7I5K5L3N3M2N1N3O1N101O1O0000000000O1O1O2N1O1N3O0O1O1O1O1N3M2M4N2N2M3L4M3Mhcb6"}, "area": 1175.0, "iscrowd": 0, "ignore": 0, "image_id": 0, "bbox": [142, 181, 48, 50], "category_id": 2, "id": 3, "category_name": "seaurchin", "score": 0.9285393953323364}]}