{"images": [{"id": 0, "file_name": "images/1894.jpg", "width": 720, "height": 405}], "annotations": [{"segmentation": {"size": [405, 720], "counts": "]iT66^<4K3N5K3L3M3M2O2O0O100N3L4M3N9G3nN[NnFi1n8YNPGR2g8mMYGV2b9100N2K5N2O2N1O1O100O[MVF`2P:020mEhMc9g2OO000000O100O00101N2N110O001O010000000OjLeFS3Z9nLeFR3[9nLeFS3_9O2OO01O100O1O003M00010O2M2O1O1O2N6J2M2WNhES1Z:jNjES1X:jNlER1V:dNTFZ1m9eNUFZ1f:L2N3M3L3M7J3L4J6Kmfd1"}, "area": 6345.0, "iscrowd": 0, "ignore": 0, "image_id": 0, "bbox": [495, 196, 88, 127], "category_id": 1, "id": 0, "category_name": "seacucumber", "score": 0.8368527889251709}, {"segmentation": {"size": [405, 720], "counts": "boW74_<3M2N2O1O10001N2N2O000O1O1N2O0010001O0001N10O1O1O1O101N1M5N3L2O0O0100000000O100O100O2O2OO0]DQO`;o0`DQOa;Q11M2ONRO`Dm0_;TOaDl0d;0O10000LSO`Dm0`;TO_Dl0a;4O10000000O101O0001N100O100O1O1N2N2O1N2O001O1O1001O001O1O1O0000000000000001O2N1O0000O00100O010O100O101O001O0000000O1000001O1O1N10000O001O1O0O1O3N1O2N10QJ"}, "area": 4735.0, "iscrowd": 0, "ignore": 0, "image_id": 0, "bbox": [577, 182, 140, 60], "category_id": 1, "id": 1, "category_name": "seacucumber", "score": 0.8622416257858276}, {"segmentation": {"size": [405, 720], "counts": "ehe46m;N]D6`;b0M21OhDWO\\:NZEj0:ZO[:MYEj0;ZOZ:OXEj0<YOZ:Q1cEPO\\:S1aEoN\\:f1O1cEoMU:b2E4M1O2O1O0O1O2N1O1K5ImLjFU3U9510O11O00O00000001O0010OO2N4M1O00000O3M3N2TM`F^2n9M6I6K5L3N1J6gNREh0`;M3J5M3M3I_R`3"}, "area": 4467.0, "iscrowd": 0, "ignore": 0, "image_id": 0, "bbox": [376, 204, 56, 119], "category_id": 1, "id": 2, "category_name": "seacucumber", "score": 0.8274505138397217}, {"segmentation": {"size": [405, 720], "counts": "Y]W53a<7J1O0O100KEPD;o;FPD<o;500O2O0O2O0001O01O00O01001O00001O0O1001O000O100010O00000O1O1000O010O2O10O01O010O01O00000O101N1O3M5L2L`Pn2"}, "area": 1154.0, "iscrowd": 0, "ignore": 0, "image_id": 0, "bbox": [416, 102, 66, 31], "category_id": 1, "id": 3, "category_name": "seacucumber", "score": 0.7439888715744019}, {"segmentation": {"size": [405, 720], "counts": "mmo19W<6M3N2OOO2N2N3N3K4M2O2N1O2N2O000000000O10000000001O1O001O001O0010O000O100O2N1O1O2N1O101M201N2M201M4M3N2M2N3M2M3N2N3LR`U6"}, "area": 1986.0, "iscrowd": 0, "ignore": 0, "image_id": 0, "bbox": [165, 234, 56, 50], "category_id": 2, "id": 4, "category_name": "seaurchin", "score": 0.8410967588424683}, {"segmentation": {"size": [405, 720], "counts": "YUR59[<3K5M2M4N1O1O2N001O1O001O1O000000001O0000O1001O00O1000000000000O100O100O1O100O100O100O1O1N4K4EUdW3"}, "area": 1284.0, "iscrowd": 0, "ignore": 0, "image_id": 0, "bbox": [411, 1, 46, 31], "category_id": 2, "id": 5, "category_name": "seaurchin", "score": 0.9218651056289673}, {"segmentation": {"size": [405, 720], "counts": "bU_44a<3M3M1O2N1O1O001O1O1O000000000000001O000000000000000000O10000O1O100O100O1O1N2M7IP\\m3"}, "area": 636.0, "iscrowd": 0, "ignore": 0, "image_id": 0, "bbox": [361, 1, 48, 23], "category_id": 2, "id": 6, "category_name": "seaurchin", "score": 0.9378621578216553}, {"segmentation": {"size": [405, 720], "counts": "RXn1a0R<4L3M3N2L3M4J5O1O2N1LdNoD\\1Q;4000000100O1O1O00000001N10O01001O0O3N000O101N1O2N1N3N2N101N2TO[D076Wl]6"}, "area": 1728.0, "iscrowd": 0, "ignore": 0, "image_id": 0, "bbox": [151, 139, 49, 48], "category_id": 2, "id": 7, "category_name": "seaurchin", "score": 0.7645602822303772}]}