{"images": [{"id": 0, "file_name": "images/1933.jpg", "width": 720, "height": 405}], "annotations": [{"segmentation": {"size": [405, 720], "counts": "Vo[42W<?TOBgD1O60<Y;]OhDT1X;jNjDV1];M00GnNmDU1o:nNQES1o:kNREU1n:jNTET1l:mNTES1k:POUEP1i:QOREKOU1m:`0M2M3O10O1O1O1YNVEb1k:4KYN[Eh1d:6N11O3M101O3L101N3M2N1N_EcNm9[1SFfNn9Z1QFfNP:Y1PFgNP:Z1PFeNQ:Z1PFeNS:X1mEhNU:V1f0lNbDo0e;I\\DVOf;l04LhDYOd:e0ZE]Og:c0XE^Og:b0YE^Oh:a0XE_Oi:a0VE_Oj:MiD?0@:3W;8_DE:3W;8nDGS;8nDFS;:mDFS;;kDFU;>fDDY;<fDE[;:eDF_;6aDJa;5VDH43h;3TDJ52k;4UDLk;4VDKk;4VDJk;6UDJl;5SDLm;5PDNP<3mCNU<81O00000FkC4U<KmC4S<LnC3S<LmC4Z<O01001O000000001O0000000000000000001NQPZ3"}, "area": 2785.0, "iscrowd": 0, "ignore": 0, "image_id": 0, "bbox": [352, 305, 104, 81], "category_id": 1, "id": 0, "category_name": "seacucumber", "score": 0.7012518644332886}, {"segmentation": {"size": [405, 720], "counts": "d_V22^<a0C7J4L5K2N3L2O2N2N1N2O2N1O1O000000000001N101N1O2N101N1O2O1N2O1O1N2N2L5M2L4M4Ed^V6"}, "area": 1607.0, "iscrowd": 0, "ignore": 0, "image_id": 0, "bbox": [167, 75, 56, 61], "category_id": 2, "id": 1, "category_name": "seaurchin", "score": 0.9220795631408691}, {"segmentation": {"size": [405, 720], "counts": "YXR58[<5L3N2M2M3M3M2O2O0O100O100O10O100000000O100O2O0O3L3M4M2N3Jjd^3"}, "area": 769.0, "iscrowd": 0, "ignore": 0, "image_id": 0, "bbox": [404, 83, 38, 43], "category_id": 2, "id": 2, "category_name": "seaurchin", "score": 0.9429733753204346}, {"segmentation": {"size": [405, 720], "counts": "`PR18[<4N2N1O2N1O1O1O1O1O00001O001O001O00001O00001O00000000O100O10000O1O100O10000O100O1O1O1N4L3NjaX7"}, "area": 992.0, "iscrowd": 0, "ignore": 0, "image_id": 0, "bbox": [86, 1, 55, 30], "category_id": 2, "id": 3, "category_name": "seaurchin", "score": 0.8902770280838013}]}