{"images": [{"id": 0, "file_name": "images/1951.jpg", "width": 720, "height": 405}], "annotations": [{"segmentation": {"size": [405, 720], "counts": "bjm31c<2N2WO3[DL61^;>_DC`;?\\DCc;i0^DTOY;m0eDVOX;V1H8N2O6I100O100O00100N2N2O001O1N2O1O1N2O1M20001O01N2O00O2O001O1O1O1O1O1O001O01O00100N101O00001O001O001O001O001O001N1O2N2O0O2N2M3N2M2N3N2M4M2N2O1O1N1N3L4M3M5K6@`0Ibgk3"}, "area": 5735.0, "iscrowd": 0, "ignore": 0, "image_id": 0, "bbox": [312, 18, 94, 103], "category_id": 2, "id": 0, "category_name": "seaurchin", "score": 0.9334427118301392}, {"segmentation": {"size": [405, 720], "counts": "Tdl27]<5K7I4L:G2FPOhDW1R;9M3M3N2N1N1N3N2N2O3M1N1O1O100010OO2O1O001O00001O0010O1O0O2N101O1O100O001OO0100O1O100O100O2M2O1O2N1N3N2M2M4M3L4L4H8K6L3L5K4K7Hb^T5"}, "area": 4138.0, "iscrowd": 0, "ignore": 0, "image_id": 0, "bbox": [216, 57, 84, 89], "category_id": 2, "id": 1, "category_name": "seaurchin", "score": 0.9289968013763428}, {"segmentation": {"size": [405, 720], "counts": "fm\\39Z<6E;L7I3M1O2N2M3N001O001O0000001O0010O01001N101N101N1O1O1O1N2O1O1N1N3N1N3N1N2O2M3N5FZjn4"}, "area": 1566.0, "iscrowd": 0, "ignore": 0, "image_id": 0, "bbox": [268, 156, 53, 57], "category_id": 2, "id": 2, "category_name": "seaurchin", "score": 0.9135595560073853}]}