{"images": [{"id": 0, "file_name": "images/1955.jpg", "width": 720, "height": 405}], "annotations": [{"segmentation": {"size": [405, 720], "counts": "iek27]<2N2O0O1O2O0O100O10000O01000000O100O2N1O2N2M4KTcg5"}, "area": 303.0, "iscrowd": 0, "ignore": 0, "image_id": 0, "bbox": [228, 317, 28, 17], "category_id": 3, "id": 0, "category_name": "scallop", "score": 0.9492145776748657}, {"segmentation": {"size": [405, 720], "counts": "TnS38\\<3M3M2K5N101O0000O10001N1O4L3M3MXSb5"}, "area": 302.0, "iscrowd": 0, "ignore": 0, "image_id": 0, "bbox": [249, 273, 22, 22], "category_id": 3, "id": 1, "category_name": "scallop", "score": 0.9166958332061768}, {"segmentation": {"size": [405, 720], "counts": "a_b12b<5K3N3M2N010O010O01O000O10001N100O1O2N2MToQ7"}, "area": 241.0, "iscrowd": 0, "ignore": 0, "image_id": 0, "bbox": [127, 261, 20, 17], "category_id": 3, "id": 2, "category_name": "scallop", "score": 0.8825659155845642}, {"segmentation": {"size": [405, 720], "counts": "abk13a<1M3O1O1O10O0100O0O200O1O010O0010O100O001N2O1N3N2M]mf6"}, "area": 253.0, "iscrowd": 0, "ignore": 0, "image_id": 0, "bbox": [153, 240, 23, 20], "category_id": 3, "id": 3, "category_name": "scallop", "score": 0.917441725730896}, {"segmentation": {"size": [405, 720], "counts": "S2V1_;002M2O1O2N1O3M3M2N1O1O001O1O1O100O00001O000001O00001O0000000O2O001O1O1N101M2N6L1M2O2N1O2O1N101O2N4L1O001XOWDa0j;^OZD>Q<M1GiC4X<KjC2_SV8"}, "area": 2687.0, "iscrowd": 0, "ignore": 0, "image_id": 0, "bbox": [1, 65, 59, 66], "category_id": 2, "id": 4, "category_name": "seaurchin", "score": 0.9436380863189697}, {"segmentation": {"size": [405, 720], "counts": "jcR2a0S<4L3M1O2O0O2N100O1O100O10000O10000000000000O10000O2O0O1O2N2O0N2O2N2N2M3M4JmS[6"}, "area": 1059.0, "iscrowd": 0, "ignore": 0, "image_id": 0, "bbox": [163, 161, 43, 40], "category_id": 2, "id": 5, "category_name": "seaurchin", "score": 0.9381508231163025}, {"segmentation": {"size": [405, 720], "counts": "RTd45_<2N2M3N2O0O2N1O3M2N4L3N2M2O0O1O100O010O0010O01000O100O1O2N2O1N1O2N1O1O2L4L4M3L4Jo]h3"}, "area": 1021.0, "iscrowd": 0, "ignore": 0, "image_id": 0, "bbox": [371, 195, 47, 36], "category_id": 2, "id": 6, "category_name": "seaurchin", "score": 0.9176754951477051}, {"segmentation": {"size": [405, 720], "counts": "Rab66]<5L3N2N1N2O10O10O010O02O0O10O100O11O10O2N3M1O01O000O1O1O2N1O1O001O1N2N3N3KdUk1"}, "area": 660.0, "iscrowd": 0, "ignore": 0, "image_id": 0, "bbox": [531, 119, 37, 41], "category_id": 1, "id": 7, "category_name": "seacucumber", "score": 0.90296471118927}]}