{"images": [{"id": 0, "file_name": "images/1957.jpg", "width": 720, "height": 405}], "annotations": [{"segmentation": {"size": [405, 720], "counts": "hR`86]<5K4M2M3N2N3M2O1O1N2O2N001O001N100000000000000000000001O00000000"}, "area": 1007.0, "iscrowd": 0, "ignore": 0, "image_id": 0, "bbox": [682, 355, 38, 47], "category_id": 2, "id": 0, "category_name": "seaurchin", "score": 0.941852331161499}, {"segmentation": {"size": [405, 720], "counts": "n^i52c<3L5L4K6H]OTDg0g;ZOXDk0h;0O0M300000000001O00001O00001O00001O001O1O1O2N1O1O2N1O2N1O2N3M2N2M3NnQc2"}, "area": 934.0, "iscrowd": 0, "ignore": 0, "image_id": 0, "bbox": [465, 370, 38, 35], "category_id": 2, "id": 1, "category_name": "seaurchin", "score": 0.8910014629364014}, {"segmentation": {"size": [405, 720], "counts": "_Vb54`<2N2K5M3N2N3NO00100O00002N2N1O1O2N2N3LVeR3"}, "area": 287.0, "iscrowd": 0, "ignore": 0, "image_id": 0, "bbox": [448, 216, 27, 24], "category_id": 2, "id": 2, "category_name": "seaurchin", "score": 0.7886673212051392}, {"segmentation": {"size": [405, 720], "counts": "`][47\\<9H2N1O2N1O101N1O1000000000O2N2M3L4M4LQ^Y4"}, "area": 411.0, "iscrowd": 0, "ignore": 0, "image_id": 0, "bbox": [350, 195, 26, 29], "category_id": 2, "id": 3, "category_name": "seaurchin", "score": 0.9105751514434814}, {"segmentation": {"size": [405, 720], "counts": "ZWd3>U<4M2N2N2O000O100000000000O10001N101N2N4L2N1O2M^Qo4"}, "area": 495.0, "iscrowd": 0, "ignore": 0, "image_id": 0, "bbox": [288, 345, 29, 27], "category_id": 2, "id": 4, "category_name": "seaurchin", "score": 0.8916633129119873}, {"segmentation": {"size": [405, 720], "counts": "nbl43a<5K3M2N2O1N2O0O101N1001O1O001O0000000000001O1O00010O1O001N2O2M4LgSc3"}, "area": 518.0, "iscrowd": 0, "ignore": 0, "image_id": 0, "bbox": [391, 364, 36, 28], "category_id": 2, "id": 5, "category_name": "seaurchin", "score": 0.937432050704956}]}