{"images": [{"id": 0, "file_name": "images/1994.jpg", "width": 720, "height": 405}], "annotations": [{"segmentation": {"size": [405, 720], "counts": "R`76]<8I2M2O1O1O1O1O1N2O100O1O1O1O1N2M3N2O1O1O100O100O1000000000000000000O100O1O1O100000000001O1O1O1O001O001O1O001O0000001O001O1N3N2M2L5M2L5J7Jlbi7"}, "area": 2420.0, "iscrowd": 0, "ignore": 0, "image_id": 0, "bbox": [15, 351, 77, 54], "category_id": 2, "id": 0, "category_name": "seaurchin", "score": 0.9558312296867371}, {"segmentation": {"size": [405, 720], "counts": "`o^2:X<5L3N2N2M4M3N2M1O2N100O10000O1000O010O101N1O101N1O1O2N1O2N1O3M2N2L6KXno5"}, "area": 985.0, "iscrowd": 0, "ignore": 0, "image_id": 0, "bbox": [193, 269, 45, 40], "category_id": 2, "id": 1, "category_name": "seaurchin", "score": 0.926889181137085}, {"segmentation": {"size": [405, 720], "counts": "\\UV3;Y<2M3N2N3M2N101N100O1O1O1O100O1001O000O2O001N3N3L2M3N2M3M3N_gZ5"}, "area": 684.0, "iscrowd": 0, "ignore": 0, "image_id": 0, "bbox": [252, 115, 38, 38], "category_id": 2, "id": 2, "category_name": "seaurchin", "score": 0.939556360244751}, {"segmentation": {"size": [405, 720], "counts": "dZW5>U<5K4M2M3N3L3N3N1N1O2O0O100O100O100O1000000O10000O010O100000O1000001N1O100O100O010O1O1O100O1O1O2N1O2M2O2L3M4I_fo2"}, "area": 2118.0, "iscrowd": 0, "ignore": 0, "image_id": 0, "bbox": [416, 5, 70, 64], "category_id": 2, "id": 3, "category_name": "seaurchin", "score": 0.9098002910614014}, {"segmentation": {"size": [405, 720], "counts": "[Zb45_<2N0jCJn;7QDJn;6RDKn;5RDKm;6RDLi;9VDGg;>VDCh;f0M3N2N2O1O1O100O1O1O1O1M3N2O1O1O1O1O1N2M3M3O1O1N2N2O100O100N2N2N2N2O1O1N2M300O100O1O1N2N2O1N2N2N2N200O100O10000OTObFQN07^9g1cFRNO7^9f1eFRNM8^9e1fFSNLL06^9b1UGVN]O116^9W1aG`NQO315]9R1kGgNiN7\\9P1XHjNi7T1m1O2N1O^FoNb7o0`HQOa7m0U2M2O1M4M3O2N2MW`X3"}, "area": 4870.0, "iscrowd": 0, "ignore": 0, "image_id": 0, "bbox": [371, 300, 85, 105], "category_id": 1, "id": 4, "category_name": "seacucumber", "score": 0.8672984838485718}]}