{"images": [{"id": 0, "file_name": "images/2009.jpg", "width": 720, "height": 405}], "annotations": [{"segmentation": {"size": [405, 720], "counts": "nVd32b<1O3N0O2N2O001N10001N2O1O001N101O001N101O001N101N10001O000100O010000O100O00100O001O001O010O001000O010O01O0001O000O100O2N10000O10001O0000001N101O001O1O1O001O1O00010O0002N1O10O000O2N2M4M2M3MgnR4"}, "area": 2103.0, "iscrowd": 0, "ignore": 0, "image_id": 0, "bbox": [293, 326, 96, 44], "category_id": 1, "id": 0, "category_name": "seacucumber", "score": 0.9118581414222717}, {"segmentation": {"size": [405, 720], "counts": "lkh23_<7I9H3L4L4K5YORO\\EX1b:kNZEW1e:>O0001O1O000O2O4L1O1OO10M30001OO103L2NMSE`Nm:]17KlDhNT;X15O100AmDZOU;d0?AXDI`ee5"}, "area": 1629.0, "iscrowd": 0, "ignore": 0, "image_id": 0, "bbox": [227, 243, 36, 62], "category_id": 1, "id": 1, "category_name": "seacucumber", "score": 0.7918186187744141}]}