{"images": [{"id": 0, "file_name": "images/2035.jpg", "width": 720, "height": 405}], "annotations": [{"segmentation": {"size": [405, 720], "counts": "`^j43b<1N1O2M3H9L3M3N102M1O100O10000O1000100O1O0001O0010O01O10000002N1N0001O001N1O1O2O0O11O000001O00011N2O0O1O00100O1O010O1O010O1O002N1O1O1O1O1O1O1N2N1N3MZdT3"}, "area": 1857.0, "iscrowd": 0, "ignore": 0, "image_id": 0, "bbox": [384, 186, 76, 51], "category_id": 1, "id": 0, "category_name": "seacucumber", "score": 0.8965094089508057}, {"segmentation": {"size": [405, 720], "counts": "X`l11c<2KNeC2`;0nD0A6e:JSFNG>S:KdFKiN4_::dF_OoN7[:c0[FFe9;XFGf9;XFGg9:VFJh97WFJi96WFJi97iEQO1O1j0T:b0iE_OX:_100]OfMkF[2R9hM_FN8[2Z9fM^FO8[2[9eM\\F18[2]9iMaFX2`9hM]FZ2d9;0000]OTM]Gl2V900O100000O101N100O100KQMdFo2a9000JRMeFh0M[1]9oMeFf0N[1\\9PNfFe0N[1\\9PNfFe0N[1\\9oMgFl2Y9TMgFl2Y9TMgFl2Y9UMgF5MZ2h9aM[F^2o9iMnEi1V:RNkEn1V:QNjEo1V:QNjEo1V:QNjEo1V:RNiEn1W:RNiEn1V:91O000jMiEn1X:PNiEP2_:O000000O100O1000000001O1O0O10000OLoMeEP2\\:RNcE`16aNX:d1=O0101]EYNV:h1hEZNJNY:h1mEZNJNY:g1oEYNW:b1aE^N80W:`1dE`NN6_:X1cEPO[:P1eESOX:l0jEROV:o0jEPOS:BhE^15POo9FlE[14POn9FnEQ2S:72\\OlEXNN7Y:_1oEZNI0Y:f1>4N1mESN^9l1cFTN]9k1dFUN]9i1dFWN\\9i1dFWN]9h1cFYN\\9g1cFZN^9e1cFZN]9e1dFZN^9e1bF[N^9d1cF\\N]92lEZ1j0eNY9OPFZ1h0fN`9X1aFhNa9U1`FkN_9V1hEkNa0Of9W1hElNa0Nf9V1hEmNb0Mg9U1fEoNc0KX:f0UE^Oe;8ZDI00l;0VDON1P<KSD4M0W<0iC0X<61O00001GfC5Z<KfC5Z<24MXY[5"}, "area": 8508.0, "iscrowd": 0, "ignore": 0, "image_id": 0, "bbox": [150, 307, 146, 83], "category_id": 1, "id": 1, "category_name": "seacucumber", "score": 0.7001678943634033}, {"segmentation": {"size": [405, 720], "counts": "Ref22a<5L3M3N1N2O1N10001N1000000001N1000001N1000001O00001O001O1O1O1N4JhQi5"}, "area": 491.0, "iscrowd": 0, "ignore": 0, "image_id": 0, "bbox": [218, 31, 35, 31], "category_id": 3, "id": 2, "category_name": "scallop", "score": 0.9338934421539307}, {"segmentation": {"size": [405, 720], "counts": "QbX41_<9J3N3M2N2N2O001O1O001O1O1O0000000001O000O2N2N2N2O1N4L4L^gX4"}, "area": 600.0, "iscrowd": 0, "ignore": 0, "image_id": 0, "bbox": [343, 99, 37, 39], "category_id": 3, "id": 3, "category_name": "scallop", "score": 0.9444013833999634}, {"segmentation": {"size": [405, 720], "counts": "nif52`<5K3H8O2O000010O00001O01O00010O001O0O1000000001N2O1O1O2N0N3L4M3O1N\\`h2"}, "area": 574.0, "iscrowd": 0, "ignore": 0, "image_id": 0, "bbox": [458, 71, 40, 25], "category_id": 3, "id": 4, "category_name": "scallop", "score": 0.9472980499267578}, {"segmentation": {"size": [405, 720], "counts": "QgY58\\<4L3N4L1N2N2N1O2O1O002N2O0O1O1O01O100O1O1\\O`D1a;MdDN_;OeDMPmY3"}, "area": 600.0, "iscrowd": 0, "ignore": 0, "image_id": 0, "bbox": [424, 38, 34, 43], "category_id": 3, "id": 5, "category_name": "scallop", "score": 0.9532783031463623}, {"segmentation": {"size": [405, 720], "counts": "^mS27]<4L3M2N2O1O0O2O000O10O100O10000O2O0O100N3M2M4M4Lhn^6"}, "area": 406.0, "iscrowd": 0, "ignore": 0, "image_id": 0, "bbox": [170, 287, 29, 23], "category_id": 3, "id": 6, "category_name": "scallop", "score": 0.9082145690917969}, {"segmentation": {"size": [405, 720], "counts": "^^W6;S<;I7I6L3M2M201N1O101N101N2O2M2O2N1O001O1O00001O0000001O01O01O1O0000O2O0O1O2N1O1O2N100O2N2M3O0O2N1O2O1N2M3N2N3[O]D1X<H_hn1"}, "area": 2746.0, "iscrowd": 0, "ignore": 0, "image_id": 0, "bbox": [503, 95, 66, 60], "category_id": 2, "id": 7, "category_name": "seaurchin", "score": 0.941454291343689}, {"segmentation": {"size": [405, 720], "counts": "_^V68\\<5K2O2N0N3O1O00001I^OYDb0f;_OZDb0e;_OZDa0f;710O10O0000NSO^Dj0b;XO]De0f;9K2O0002N2I0XO]De0e;\\O[Db0g;_OXDa0h;_OWDd0g;8N3NN1O1M3N2O0N2000O000012M101O00000000O1O3N2MWOXDh0l;N001O00O2MYOWDg0l;O001O1O2FVDFj;8;O1N100M3O2O20N0ddh1"}, "area": 1702.0, "iscrowd": 0, "ignore": 0, "image_id": 0, "bbox": [499, 296, 80, 33], "category_id": 1, "id": 8, "category_name": "seacucumber", "score": 0.8572385311126709}]}