{"images": [{"id": 0, "file_name": "images/2038.jpg", "width": 720, "height": 405}], "annotations": [{"segmentation": {"size": [405, 720], "counts": "^Uc253MV<<M3M6I6K2N2N2N1O2N1O2N1O2N102M2O1N101N1O2O0O2O000O101N100O1O100O10O10000O101O0O2O001N101O001N100O101N101N2N1O2N2N101N1O2N104K4L4L2M3M4HkCJPf^5"}, "area": 3160.0, "iscrowd": 0, "ignore": 0, "image_id": 0, "bbox": [196, 85, 86, 73], "category_id": 2, "id": 0, "category_name": "seaurchin", "score": 0.932401180267334}, {"segmentation": {"size": [405, 720], "counts": "i^]67[<6K4L4L5J4M3M4M3M2N2N101O001O001O00001O000000001O0000001O0000000000000000000001O2N2N2N2N2M3L4L4L9G:DPTk1"}, "area": 2128.0, "iscrowd": 0, "ignore": 0, "image_id": 0, "bbox": [515, 172, 60, 62], "category_id": 2, "id": 1, "category_name": "seaurchin", "score": 0.9360381364822388}]}