{"images": [{"id": 0, "file_name": "images/2052.jpg", "width": 720, "height": 405}], "annotations": [{"segmentation": {"size": [405, 720], "counts": "oj[52c<1O101O000O1eCMQ<`0K2O10O01OO100001O001O000O1000O100000O10000O1000O10O100O0100001M3M3N1O101OPOaDk0_;TObDk0^;TOdDk0c;O1O1O100O1O1O10001N2OO100001O00O1O1001O1O10N10AQD8o;IPD7P<700000O1CPD5Q<IQD5R<IoC6cQb2"}, "area": 1680.0, "iscrowd": 0, "ignore": 0, "image_id": 0, "bbox": [435, 190, 80, 35], "category_id": 1, "id": 0, "category_name": "seacucumber", "score": 0.7074170112609863}, {"segmentation": {"size": [405, 720], "counts": "XZ`73_<:G5M4K3M2N2O1N3M2N3M3L3N3L3O2L3N3M3N0O2O1N101N101N10001O0000000O101O0000O100O101O000O101O0O101N101M2O2N1O2N100O2O1O1M2O101N100O2N1O101N100O2N100O1O100O2N2N5[O\\D0h;K]D0lh<"}, "area": 4128.0, "iscrowd": 0, "ignore": 0, "image_id": 0, "bbox": [597, 222, 94, 80], "category_id": 2, "id": 1, "category_name": "seaurchin", "score": 0.9165236949920654}, {"segmentation": {"size": [405, 720], "counts": "jQQ56Y<7M4lCDj;d0O1N2J6E;L4O1O2N2N2N2M1010O001O1O101O1N101O0O100O100O1N2O001O2N2N2M2O1N3PObD`0e;^O^D0K:Y<HoS[3"}, "area": 1831.0, "iscrowd": 0, "ignore": 0, "image_id": 0, "bbox": [402, 40, 50, 67], "category_id": 2, "id": 2, "category_name": "seaurchin", "score": 0.9344218969345093}, {"segmentation": {"size": [405, 720], "counts": "SWT6=W<1M4L3O1O1O1O1O1O1O2O0O1O100O010O1000O100O010O100O001O1O1O101M2N8H5JkfZ2"}, "area": 901.0, "iscrowd": 0, "ignore": 0, "image_id": 0, "bbox": [488, 27, 44, 40], "category_id": 2, "id": 3, "category_name": "seaurchin", "score": 0.9240092039108276}]}