{"images": [{"id": 0, "file_name": "images/2077.jpg", "width": 720, "height": 405}], "annotations": [{"segmentation": {"size": [405, 720], "counts": "o]g48Z<6L3L2O2N6J5K101O1N202cDlNS;\\1O0nDcNl:\\1SEfNm:Y1TEfNm:Z1SEfNm:Z171O004L2N001N11O001O000000001O00O10000000_NQE\\1P;bNSE\\1T;O2N001OHkNoDV1P;8O1000000006J1gNlDo0T;POmDP1T;nNmD6N`0];^OiD>X;@jD?h;N3L2OVb]3"}, "area": 2488.0, "iscrowd": 0, "ignore": 0, "image_id": 0, "bbox": [366, 335, 76, 70], "category_id": 1, "id": 0, "category_name": "seacucumber", "score": 0.9072140455245972}, {"segmentation": {"size": [405, 720], "counts": "\\ml43`<4G9I9^OZOiDj0U;=M3M2O2O0O2L3O1OSOWE0g:O_EBHOh:>dE[OM5]:?XF_Og9a0ZF_Od9a0_F]Oa9d0`FZOa9e0X1O1O2M2I8N1O2MXjd3"}, "area": 836.0, "iscrowd": 0, "ignore": 0, "image_id": 0, "bbox": [392, 244, 28, 73], "category_id": 1, "id": 1, "category_name": "seacucumber", "score": 0.7928872108459473}]}