{"images": [{"id": 0, "file_name": "images/2080.jpg", "width": 720, "height": 405}], "annotations": [{"segmentation": {"size": [405, 720], "counts": "mnk03b<1N1O2N1O2SDG[;<aDG];=]DFb;g0O1aDUOR;n0jDVOT;W1N1O2C_NaEd1^:_N\\Ee1d:6O1O100O101O2M2O001O000EkMVFT2j9PNRFQ2n9:10O1N2O101O3L4L10000000O2O000O1O1O2O0O10001O000O10001N10O0100O2O00000000O10O01O1O1000O1000001N1000000O1N2N3N1O100O101N1N3O1N1O2N2N1O2J6K5M3J7L4M3L3\\O[D6h;FZD8R<O2O1N3LkYe6"}, "area": 7313.0, "iscrowd": 0, "ignore": 0, "image_id": 0, "bbox": [72, 229, 104, 108], "category_id": 2, "id": 0, "category_name": "seaurchin", "score": 0.9392192959785461}, {"segmentation": {"size": [405, 720], "counts": "aXb36^<1K4L1lCFR<<PDCl;a017H5L3M4K5M3L3M4L4L3N3L3M3N2O2N2N2N101N3N1N3N1N2O001N10000O100O00100O001O010O0010O1O1O100O1O4L2N1N101O010O1O1M4M201N1K6N4M1N2N1O2N101N1N3ZOnDDU;CmD`02JY;5iDIX;NbDM82Y;McDO8MSe[4"}, "area": 5227.0, "iscrowd": 0, "ignore": 0, "image_id": 0, "bbox": [294, 297, 83, 93], "category_id": 2, "id": 1, "category_name": "seaurchin", "score": 0.9451807737350464}, {"segmentation": {"size": [405, 720], "counts": "fag79[<3L3N2M4M3L4L202N3L2O1O2N2N2N1N2K5N10000000001O0O10000O100000000O100001O00000000O1O100001O2N1O2N00001O001O1O00O10000002N7I1O1O00001O00001O001O00001O3M2N001O001O1O1N2O001O2N001O00001O1O2M2OkC"}, "area": 3886.0, "iscrowd": 0, "ignore": 0, "image_id": 0, "bbox": [621, 340, 88, 65], "category_id": 2, "id": 2, "category_name": "seaurchin", "score": 0.9145727157592773}, {"segmentation": {"size": [405, 720], "counts": "kWQ63]<7L3M3N2M201N2O1O00000001O0000000000O11O000O10000O2O0O1O2O0O2M3MZ_^2"}, "area": 652.0, "iscrowd": 0, "ignore": 0, "image_id": 0, "bbox": [489, 227, 35, 29], "category_id": 2, "id": 3, "category_name": "seaurchin", "score": 0.9167556166648865}, {"segmentation": {"size": [405, 720], "counts": "aX\\61b<4M2M4M4L2N2N1O2N2O0O2O0O10O10O101N1001O001N101N100O2N2O1N2N2M3N2N2L4M`XR2"}, "area": 703.0, "iscrowd": 0, "ignore": 0, "image_id": 0, "bbox": [513, 168, 39, 36], "category_id": 2, "id": 4, "category_name": "seaurchin", "score": 0.944871187210083}, {"segmentation": {"size": [405, 720], "counts": "bd`76Z<7L3N2N2O1N2O0O2O1N100O100000O100000O100000000000O10000O101N2N4K4K7GWYn0"}, "area": 816.0, "iscrowd": 0, "ignore": 0, "image_id": 0, "bbox": [606, 161, 39, 34], "category_id": 2, "id": 5, "category_name": "seaurchin", "score": 0.9362499713897705}, {"segmentation": {"size": [405, 720], "counts": "_2i1l:0O2O001O1O1O1O1O1O0O2O1O000010O01O010O00001O00010O000O100001O000001O000O10O100O1O100O010O2O0O1O2O000O105K2N1N10000N2N2O2N4L4M1N2O001N1O2N3N1N2N2O1N3J5M5Kmim7"}, "area": 4502.0, "iscrowd": 0, "ignore": 0, "image_id": 0, "bbox": [1, 75, 85, 82], "category_id": 2, "id": 6, "category_name": "seaurchin", "score": 0.923509418964386}, {"segmentation": {"size": [405, 720], "counts": "dVd14a<1O1O1O2N1O1O1O1O1O1O1O001O001O0000001O001O001O1O1O1O1O1O1O1O001O001O00001O000000O100O11O00001O001O000000O1O1O1N2K8K4M2N6J4LTd_6"}, "area": 1377.0, "iscrowd": 0, "ignore": 0, "image_id": 0, "bbox": [130, 1, 66, 35], "category_id": 2, "id": 7, "category_name": "seaurchin", "score": 0.9277780055999756}, {"segmentation": {"size": [405, 720], "counts": "Wff21_<;I2O1O0O2N1O200O0010O10O0O2N2000O01O000O10001O1O1O01N2N2N2O010O2N2N1O2N1O2N1O1O103KdQe5"}, "area": 815.0, "iscrowd": 0, "ignore": 0, "image_id": 0, "bbox": [221, 68, 48, 29], "category_id": 2, "id": 8, "category_name": "seaurchin", "score": 0.869414210319519}, {"segmentation": {"size": [405, 720], "counts": "^gd22a<<D3N2N1O2O1O0010O0100O01000O101N10000000O0100O100000O1O1O0N3N102L3M4L3O2M3Mmbh5"}, "area": 832.0, "iscrowd": 0, "ignore": 0, "image_id": 0, "bbox": [212, 87, 39, 40], "category_id": 1, "id": 9, "category_name": "seacucumber", "score": 0.9252129197120667}]}