{"images": [{"id": 0, "file_name": "images/2117.jpg", "width": 720, "height": 405}], "annotations": [{"segmentation": {"size": [405, 720], "counts": "kjP8>U<7J4L4L3N1N2N1O2N2O1N2N2O2M3N2M2O1N2N101N2O1N1O2O0O101N1O100O1O1O1O100O2O0O100O1O1O1O1O100O010O100O01000O01000O10O010001N10O10O0100O101N1O1OZL"}, "area": 4716.0, "iscrowd": 0, "ignore": 0, "image_id": 0, "bbox": [645, 119, 75, 88], "category_id": 2, "id": 0, "category_name": "seaurchin", "score": 0.9482353925704956}, {"segmentation": {"size": [405, 720], "counts": "`Uk29Z<8H4M2N2O1N2O0O101O001O0O101O00001O0O10000000O10000000000000000000001N10001N100O2O0O1O1O2M3N2M3N3L5Ic]]5"}, "area": 1455.0, "iscrowd": 0, "ignore": 0, "image_id": 0, "bbox": [224, 193, 57, 46], "category_id": 3, "id": 1, "category_name": "scallop", "score": 0.9165592193603516}]}