{"images": [{"id": 0, "file_name": "images/2144.jpg", "width": 720, "height": 405}], "annotations": [{"segmentation": {"size": [405, 720], "counts": "QPT43a03U;7bD2W;l0J4L3N2N1O1O1O1N2N3M2O1O2M2N2M4K4K5N2O0010O01O001N2N101O00010000O002O0O0100O10O010O10O01N101N2N10100O10O101N1O0001N101O00001N2O2N1O3M2O0O1HeETN\\:j19ObEUNT:a1eE`Ni:^19N2L3M4M3M4M2H<\\OTag3"}, "area": 6009.0, "iscrowd": 0, "ignore": 0, "image_id": 0, "bbox": [322, 271, 112, 122], "category_id": 2, "id": 0, "category_name": "seaurchin", "score": 0.9249991178512573}, {"segmentation": {"size": [405, 720], "counts": "Vfi17[<4M3L4M4M1AZOnDh0k:e0N2N1O101O0O1000O10M^NREc1m:_NSE_1m:bNSE^1m:410O10O10O10O0010000O2O1O1N001O002N1N2O1O100O1lNeDm0\\;ROgDk0Z;VOdDj0];6002N100O1101N10O1]O`DOa;ObDO^;2aDHd;:\\DDf;:]DDc;:`DEb;8?MTVZ6"}, "area": 2530.0, "iscrowd": 0, "ignore": 0, "image_id": 0, "bbox": [138, 309, 79, 53], "category_id": 1, "id": 1, "category_name": "seacucumber", "score": 0.7272325158119202}, {"segmentation": {"size": [405, 720], "counts": "RPY21`<5FNmC4Q<:N101N10O1000J^OYDb0g;_OXDb0f;_OZDa0e;@ZDa0e;AZD?f;8O1001N3M1NIYOaDi0_;YO_Dh01VO[;2cDi0a;7O000O00101O000O1O01O2O1L3O101N1001O2M01O0L\\DYOd;g0\\DYOd;g0\\DYOd;f0^DXOd;e07O2O010O0N10101N2J5O2O001N100O100O101NU`h5"}, "area": 1639.0, "iscrowd": 0, "ignore": 0, "image_id": 0, "bbox": [183, 195, 69, 45], "category_id": 1, "id": 2, "category_name": "seacucumber", "score": 0.622012734413147}]}