{"images": [{"id": 0, "file_name": "images/2199.jpg", "width": 720, "height": 405}], "annotations": [{"segmentation": {"size": [405, 720], "counts": "]cV23`<3N2M2N2J6M4N100O1O100O2N2O1N2O1N2O1N2N2N1O2O0O100O1O100O100000000000001O000001O000000001N100000001N101N101N2N3L6J4M4K8F^Qn5"}, "area": 2188.0, "iscrowd": 0, "ignore": 0, "image_id": 0, "bbox": [181, 175, 60, 55], "category_id": 2, "id": 0, "category_name": "seaurchin", "score": 0.9192734956741333}, {"segmentation": {"size": [405, 720], "counts": "Zlb12`<5M3ANVD44IS;[1H4M2O001O1O000010O000001O0000000000000O10O1O1O1O10O01O2M2O1O010O1O1O010O1O1O1O1O1O1O1O0010O01O100O100O1O101N1O001O1O2N2N1O1O2N1O2N1O2M3N2NO11O1HgC2`<NdQ[6"}, "area": 3108.0, "iscrowd": 0, "ignore": 0, "image_id": 0, "bbox": [126, 241, 79, 54], "category_id": 1, "id": 1, "category_name": "seacucumber", "score": 0.8138045072555542}]}