{"images": [{"id": 0, "file_name": "images/2837zzqHalophrynDiemMaryJaneAdams.jpg", "width": 1290, "height": 730}], "annotations": [{"id": 0, "image_id": 0, "category_id": 0, "bbox": [161.0, 17.0, 959.0, 625.0], "area": 599375.0, "iscrowd": 0, "segmentation": {"size": [730, 1290], "counts": "hSc32=5be0f0L3M3N1M3N3N1O2N3M4K3N2M201N2N2O1N2N6K0O2N1O1N2N3N1O1N3I6M4F;L3M2M4M2O1O1HZL[]Oh3bb09M4L3N3L3I7N3M2O2N1N2O1J6L5L3N3N101l^O^Jm`0i5M2N2N3F9O1^OgIc@Z6Z?hIe@Y6X?dIn@\\6Q?eIo@[6^>cI_A32[6^>gI[AO7[6\\>lIXAH=\\6Z>oIVAF`0\\6W>XJjAh5o=^JRBc5j=`JVB`5i=aJWB_5h=cJWB]5i=dJUB]5k=eJSB\\5k=eJUB[5k=eJUB\\5i=dJXB\\5f=fJZB[5c=gJQBcN6f6h=hJRBcN4g6i=fJSBbN5h6g=gJ_BZ5`=eJ`B]5_=cJaB^5]=cJcB^5\\=bJdB_5[=`JfBa5X=_JiBb5U=YJQCi5m<WJSCj5j<XJWCh5g<YJYCh5f<WJ[Cj5c<WJhBkN8o6n<WJiBmN7n6m<fJRC_5i<bJVCd5c<]J]Ce5a<[J_Cg5_<YJaCc1M<`<QNcCc1N=]<PNeCd1L>^<nMfCn5X<RJhCQ6U<nIlCW6n;jISDW6k;jITDW6k;iIUDW6k;iIUDX6j;hIVDX6i;iIXDV6h;jIXDW6g;iIYDW6g;iIYDW6f;kIYDU6g;kIYDU6f;lIZDT6e;nIZDR6e;PJYDQ6f;QJYDo5f;lMVD]Nk;c1UD]Nj;Z60000O2O001N2OXF]DUOOa8c;[H^DSO0c8a;[H]DY8c;`1O0OkGdDo4[;PKgDo4Y;RKgDm4Y;SKiDl4U;VKkDi4U;XKkDg4U;ZKjDg4U;^KeDc4[;^3O101N10001O0O101O0O1O101O1O010O_KmD\\MR;kNSE6Om0m:QLREW24j0Mn0m:QLREW24^5i:\\HUET22`5h:\\HYER2Oc5f:\\H\\Eo1Oe5e:\\H\\E4GT17]6f:ZH\\E6HR16^6f:WH^E:FQ16_6e:TH_E>Fo06_6e:SH^Ea0Hk06a6d:SH\\Ec0Ji05c6e:PH[Ee0Ji06b6e:QHYEf0Kg07b6e:RHWE_24`5d:RHVE^27`5c:PK[EQ5d:QKZEP5f:QKXEQ5f:PKYEQ5g:a3O1000001N100O2N1O1N3N1O1O101N1O1O1N3L3O2N100000000OaFSFT6l9]300O100O2O0000000O\\EXFY8g9]2M3NSFdFa6Z9]IiFc6W9\\IjFd6U9]IjFe6U9ZIlFf6S9[ImFe6S9[IlFg6R9ZInFf6Q9[IoFe6P9\\IPGd6n8^IRGc6k8_IUGa6k8_IUGa6j8`IVG`6j8`IUGa6k8^IVGb6j8^IVGb6j8^IVGc6h8^IXGb6g8`IXGa6e8aIZGa6d8aI[G`6b8cI]G]6c8cI\\G^6d8bI\\G_6b8bI_G]6a8cI_G]6`8dI`G\\6`8dI`G\\6_8hI]GY6a8R4M2N201N100O100O2O2N1O2N5J5L001O0O2O00O1000O1OF[HaAe7j>O2O0O2O0OBbHbA^7[>eHfAY7Z>hHfAX7Z>hHfAX7Z>hHfAX7Z>hHgAW7Y>hHiAW7W>iHjAV7V>iHlAo6^ORIf>OlA1_Oe61YIe>2hA2Cb6l>]I_A2F`6k>`I\\A1J]6k>bIZA2L[6j>dIYA1M[6k>bIYA3MZ6j>cIZA2L[6j>cIZA1M\\6i>bI[A2MY6k>dIYA2LY6l>eIXA2LX6m>fIWA2MW6l>hIVA1NW6m1cIf:5_C00V6l1gIc:2bC10U6k1gIe:2`C20U6k1fIf:3`C11T6j>jIUA23R6h>lIVA13R6g>mIVA13R6h>lITA35P6g>mITA35P6g>mISA46o5g>nIQA57l5i>oIPA66k5j>oIPA66k5j>oIPA66k5j>oIQA45n5j>nIQA45m5k>oIPA45m5k>oIPA44n5m>mIo@54n5\\?RJc@o5R?nIe@36R6U?kIf@25S6U?kIf@26R6T?kIh@16S6R?kIi@27Q6Q?kIj@36Q6P?lIi@48n5P?nIg@59m5P?oId@7<i5P?PJc@9<g5P?QJc@:<e5R?PJb@;<e5R?PJb@;<d5Y?]Jf@d5Z?[Jg@JBa5f?fJg@GHa5e4[Jn5=dEJF_5b?iJg@e5V?^Jg@e5Y?[Je@g5Z?ZJe@f5\\?ZJd@f5\\?ZJd@f5\\?ZJe@e5[?[Je@d5]?[Jd@d5\\?\\Jd@c5]?]Jc@b5^?`J_@`5b?l0000O10000000gBSIe:m6d21O000000aK\\@i1c?UN_@k1a?UN_@k1b?SN_@n1`?kLY@\\O3L4m3`?kLZ@[O1N5l3a?_MX@fN6k3c?RNY@Q2g?a21cIY@e5g?YJ[@g5e?YJ[@g5e?YJ[@g5e?XJ\\@`0OTONf4g?fK]@LMFf0g4P?gK^@Il0_4g>fKlAZ4U>dKlA\\4W>`KjAa4U`02N2001TKW^Oe4Pb0O001O2N2M2O1O1O001O001O0001O1O001O0010O0001O001O1O1O00000O001N101O1O2N100O2O0000000000001O000001O0O1O2O0O3M3N2N1O1O2O1O0OaCgK]6Z4bIgK^6X4aIiK`6V4`IjK`6V4`IjKa6V4^IjKb6V4^IjKb6U4lEiKV13n8P4nEnKT11o8P4lERLU1Mo8P4lETLU1Lo8P4lETLi=j3XBVLh=j3XBULj=j3WBRLP>j3b2M101O0010WCZL\\6f3cGZLeM2g:d3dG[LdM1i:c3bG]LeM0i:c3bG]LeM0j:c3VG]LYL0g10j:c3TG`LYLNj1Nj:c3mFhL^LHj1Nj:a3oFRMVN^Ol:_3mFUMVN\\Om:^3nFWMSN\\Oo:]3mFXMTN[Oo:]3mFXMTN[OP;\\3lFYMTN[OP;]3kFXMVNZOo:^3kFWMXNYOn:`3jFnL\\LHi>[3jDkL`LIg>[3iDlL`LIg>[3iDlL_LKg>Y3jDmL^LKg>X3jD[MU;f2jDZMV;f2kDZMT;f2lDiLcL0`>W3mDfLfL3]>X3PE`LeL8Z>X3_DgLbM3m=V3aDfLcM5k=T3bDgLdM6i=R3cDhLeM6g=S3cDhLfM6f=Q3dDjLfM5f=Q3dDiLUMH7>P>Q3jDcLoLO6<R>R3jDbLmL9O3Z>R3kD`LmL<M2[>R3UEmL_L0]>T3SElL`LHNO_>]3SEnL]L0^>T3TE^Ml:b2TE`Mi:b2VE_Mi:b2VE^Mj:b2UE_Mj:b2VEnLaLHY>Z3nDYLmLe00EU>\\3oD[LkLc03ER>]3PE]LiLb05EQ>\\3QE\\LkLd01ER>Z3SE]LjLg0NDR>Y3VE\\LkLg0LER>W3[DZL^N3YOY1m=Z2\\DZL^N3YO=M9o=n2ZE[LkL=N9m=o2ZE[LkL<O:k=P3\\EXLlL<N;j=R3eEcLaL;h=T3gEaLaL:g=X3gE^LbL:f=Y3gE_LbL7g=[3aDQLVN8D5M8g=\\3`DRLTN7G5M5h=^3`DRLSN6H6L4h=_3bDQLQN7H5M3g=b3cDSLmM3K6N1f=f3cDQLnMHL3M=0Of=j3cDPLVN>AFg=l3cDPLUN>ADg=o3cDQLjME0g0MCe=Q4eDPLhMG0e0NCb=S4iDoKfMF1e0NC`=U4jDnKfMG1c0OB_=X4kDlKfMG0d00A]=Y4nDjKfMIMc03@[=\\4oDgKhMe0OWOW=_4TEdKfMf0OVOV=`4WEcKeM5KO3HU=a4ZEcKcM4L02HS=c4\\EaKcM5J04HP=d4^E`KdMg0MUOo<e4aEYK_ML4Q1NUOl<f4cEXK_ML4R1NSOk<h4dEWK_ML4S1OQOh<k4eE\\KbMh02QOe<m4gEZKbMg03ROb<P5hEXKbMe05SO_<S5iEUKcMe05SO]<V5YEdJaN?Cc07TO[<V5ZEeJaN=Dd05VOY<V5\\EdJaN=Ec05VOW<W5_EcJ`N<Gb03YOV<V5aEcJ_N5CM4<KI=1n;Z5aE^JbN5CM4;MH<3j;_5bEYJeN4CM3<MH1J58m;e5dETJfN4CL4=LH0L55k;k5gEnIfN5CL4>KG1L5On;T6dEkI]NO17JJ6?JF2MZ<W6[EgI^NO1749FF2NW<X6^EeI^NO17JJ6?JG0NW<Z6_EbI_NO17IL6g0K[O5Lh;`6gEaIjN4BM5P1OnN20\\;b6QF`IjN3CM5P1NPO02\\;_6TF_IaNM2=Mh0OnN14Y;_6VF]IbNN0=Of08TOQ;_6UF]IaNN2=Ne09TOP;a6VFZI_N23;Nd0:TOo:b6WFaIbN5Nd0:TOn:c6XF`IbN5Me0;SOm:d6YFWI_N23;Nc0<VOh:c6\\FWIbNO1>Mc0<XOf:`6_FXIbNN0?M1OM6CO<j:^6dFXIiN<F1OHNL7NO<g:^6gFWIiN<F00IML6O0;f:^6iFWIhN;HHMN1:3E0;f:^6iFWIiN4BM60NN0<2EO:i:^6hFYIgN2EL516;IEN3MOl:f6jFYIfN1c09VOEN20Mj:i6VFUI\\O6LOe08UOGM11Mj:i6VFUI\\O6MNd09UOGL22Lj:i6VFVI[O5DJ45j08UOHK21Mk:h6UFVI]O9HJk07TO<f:T6VFWI\\O8IJk07SO?e:Q6XFWI\\O8JIj08SO?e:S6VFUI^O8JIj08SO?e:V6SFSI@7KHk08TO?b:Y6SFRI@6NEj0;SO4JIh:l6RFVI\\O1;E::]O3JJf:m6RFUI]O2:E::]O2LJd:n6RFPIB7S1NjNKG141d:n6RFoHC21Le07WOKIO25a:h6ZFSI^O3OM3N07JM33Y:g6[FTI]O20O0O14LN24X:e6]FUI\\O20O0O13MN25W:e6]FTI^O1O1OO13NM16W:f6PGTIjN2DM3192c02c9i6dG]IlMF:2c01d9j6cG_I_ND;1e9l6aGaI]NB=1e9m6`GaIRN@M1l01e9m6`GdInM_OO0n01c9m6bGfIjM_OOOS10`9m6cGfIiMIS1E`9l6dGZJlNjN_9m6eGZJlNiN]9n6gG`JeNaNd9P7gG`JdN`Nc9R7VGkHjNd1=^Nb9S7XGnHfNa1`0]Nb9U7XGmHfNa1>_N`8MdGW7i0lHeN:Df0j0RO\\8NeGV7k0jHgN9E3N05_O=:b8LdGW7n0gHhN9EJNO0;3A=:`8KfGV7P1fHhN:DI0N0;2C<;_8KdGW7S1dHhN9FINO0;2D;:`8N]GY7Y1_HjN7FKMO0<0D<9b8Q8eHeGPO1A0L00<0E;1BNR9Z8eHdGQOO@4IO4;NHMM61LNQ9[8mFeGa1OB3nNO4;M03FNMP9b8\\H_GD2nNO4;M11FOMQ9a8\\H^GE2nN03<K13Mo8V8]H^GE2oNO1R1M\\Oo8S8_H^GE2oNO1h1j8i6aH^GROON4DO0g1k8j6`H]GSOON5BO2f1j8k6aH\\GSOON>Cf00\\Ol8U8aHZGSO2L=De02PON3l8`8UI\\GPNO2?LO1O5AN5j8b8TIdGQN6L03M;G`8c8TIdGRNh0OZO;G`8c8aHYGQO;Ef0O[O<G^8c8aH\\GfNN1<Oe0O[O3DO5e8[8jHcG`NNO<1d0OZO4EN6d8Y8ZH`G\\O4D0O:2d0OYO5GL5e8Y8lHdG^N0O3NM4m00WO7IK5b8[8nHbG]N012NM3>JO5Hc0MR8^8lHaG^N012OL2>LO3Hd9\\8mG`G`NO137:D04GNK_9b8TH_G_N0128;C04FOL^9b8TH^G`N1028;C04FNM_9b8SH^G`N013MM3=K12GNM`9b8RH\\GbN005KM5<L02HLMb9c8oG[GeNO0<O3L01O?EX8e8gHZGeNN0=02K12O=EZ8d8gHZGeNN0>O1L20O?DZ8e8fHXGPO;F3L01O>C\\8h8dHWGoN<F2M10O?A\\8j8cHWGPO;E3M10O^9[8cHbGRN3M02N\\9^8cHaGRN3M02N[9^8RHVGoN;E2N11NZ9^8SHWGnN4BN4:N10N[9]8UHXGlN4BN3;OO1NZ9]8WHYGjN3DN1<OO1Mb0Im7d8SIZGiN3DN1<OO1Na0Hm7e8TIYGiN3DN2;N01O?GP8e8SIYGiN3DN2;N11N3EO2^8e8SIWGjN4BO2;O0001FO0`8f8fIYGjM01;O0001GM0b8e8fIYGjM01;O00001`8[8fIZGhM03:O0O200`8[8fIYGiM02;00N2O1a8[8^HSGB0O5_O13910Nh0_8g7]HSGDON>C111Lh0b8d7^HTG4>oN111Li0a8b7gIaGlM300N2O2`8X8hIZGhMO4:O1N121]8Z8iIWGjM02<N00021\\8[8\\JbGWM2OO;IT8d8[JbGWM100;HS8e8[JcGVM01O<JQ8d8iIWGTN=EO1O4DM6\\8e8gIWGVN<EN2O3GK6\\8d8VITGkN3M;FL402HJ6\\8c8WIUGjN3M;FH83OII6\\8c8jIXGTN:HG75OGJ6Z8f8jIXGiMO2:1F937Oj7g8kIYGeM1463F:171h7i8kIaGgML9GS12R7k8kI`GgML9GMOl03[7l8kI`GhMM7Eb0OF4m7l8kI`GgMN8C91EN;5l7l8XIPGkNP1GPO92FN96m7j8YIQGjNo0GRO91FM98m7i8fHUGXOL6n0GRO0M14MN:7m7j8eHXGUOI8n0IRONN23MM;7n7i8dHZGSOI:n0HZOOO;Mm7j8cHdGTO[O2Q1O\\OOM<LP8j8_HmGVO40\\OOM<LP8j8_HmGVO4O]O0L<LQ8h8^HiGSOZO4P1O\\OOM<LQ8g8_HiGTOZO2P10]ONM=Lo7f8aHjGTOXO2R1OUOKO37<KP8e8bHWGSOON4:j0JUOLN29<Kn7e8cHVG[O31f0CWO63LN29<Kn7e8cHUG]O30:DINK63KO47;Ko7f8UIVGkN;DJML53KN57:LQ8d8iIYGgM051KO5:OL<LR8c8hIZGiMO32J04;0K5EL5_8f8eIYGjMO39N40K4FM4`8e8dIZGjMO3:M31L3FL5a8c8gHXG_O2XO049M30M3GL4a8c8gHWG_O3YOO3:N3NN42]8Z8gHYG_O2YON4:Ne02^O]8[8fHXGmNL<6_O048Of01]O^8[8fHXGmNM;=D0Of01]O]8\\8fHXGnNK<>C0Of02\\O\\8]8fHXGA9\\O0Of06WOY8c8_H\\GG4\\O0Og07TOW8f8_H]GTOF;=DO0g07TOW8f8^HgG_OIEO0>M[O:2W8e8_HhG^OID01=NYO:5V8c8^HjG_OHD01<0XO97U8c8^HjG_OHC12;1VO33I7`8b8_HjG_OHC121NF3I42K8]8c8`HiG^OID012OFNL`05Q8d8aH_GQOI<;C1012J<LQ8e8SIUGlN=C2O06H8NR8e8gIbGjM3O07G8LS8h8eIbGjM3O07G8LV2MU3k8\\LbGkM4NO8G8MT2MW3k8ZLbGmMg09mN63R2LX3l8fKTGnN>Bg0NoNi02j1JY3l8fKTGnN>Ao0h0iNj1JY3m8WJSGX11TO=BP1g0iNj1IZ3l8SKSGB1O>AP1g0iNk1HX3n8SKTG6;oNQ1f0hNg7i8^HTG5:POQ1f0gNe7l8aHSG38RO4N:h0WOd7S9aHPG47QO4O<f0UOf7T9`HPG4OoN04;M>e0TOf7T9bHPG20QON2=N?b0WOe7o8fHPG2OSON0>Nc0>TOh7n8gHoF_ON22DN0>N2NO=HU2HQ32\\Jl8Q1UG^OO11EN0>N2N0:Im7i8iHoF_O002DM1=Og05WOn7i8^IkFlN4BO2:Oh0N]OV8c8PJWGmMKKL6R1J]OY8c8oIWGmMJML4e1U8^7mIWGnMHNM2f1U8_7kIXGnMGOM3e1U8_7kIXGnMHMM5f1S8]7mIYGlMN4]1R8]7mIXGmMO3]1R8\\7\\IiFmN`0@O5\\1Q8]7]IiFlN?AO5\\1Q8^7\\IgFnN?BO3]1Q8^7nIVGoMFON4h1P8^7nIUGQNEOO2h1P8a7mISGSNC000i1P8a7[IfFnN=GC9j1f7`7\\IfFnN<GE9i1g7_7[IgFnN<FG9h1g7^7[IhFoN;FG9i1f7]7\\IhFoN;FG9i1f7]7]IgFnN<FG9i1f7^7nIRGSNG9h1g7`7mIQGQNH;f1g7c7lIoFRNI;OB31o0T8Y8kInFRNH=LD5Nn0V8\\8hImFSNI0K60K5Nn0U8^8hIlFRNI1K6f1n7i7iImFRNI1L4g1o7h7hIWGUNZO4h1n7g7iI_GWNk0P8f7iI_GWNl0o7e7jI_GWNk0P8g7hI^GYNj0n7i7iI]GYNi0o7j7hI]GZNh0m7l7iI[G[Ni0k7n7iIYG[Nk0k7l7jIXG\\Nm0i7k7kIWG]No0f7l7lIUG]NQ1f7j7mIdFYN03a1h7l7kI`F^N5L^1l7m7jI\\FbNZ2e7[7hIZFdNZ2e7\\7UIUFZO5LY2f7^7SITF[O5Lo0F2P8f8UHSFf01C5Lo0E4o7f8THVFe0NE5Mm0F4o7S9fHgE@M193NHP2l7W8gHeE@O183LJQ2k7V8hHfE_OO183MId0O?l7R9kHgEF8Ji0K5i7Q9PIgED:Gi0L4j7P9cIUFfNe0O4h7S9cIUFeNd003i7S9cIWFcNc013h7T9dIVFbNd023g7R9fIWFaNd015f7Q9hImE_N11m024f7Q9hImE`N00n025d7Q9jIkEaN10l027b7S9jIjEaN01k037a7U9jIQFdNb017`7Y9jInEeNa027`7Z9iInEfN`017`7]9hIlEfNa026`7^9gIlEeNa046_7^9gIPGiNC^7a9fIlFlND]7b9dIkFoND\\7a9eIlFnNC]7a9fIkFmNC]7b9gIkFlNC]7`9jIlFiND]7_9kIgEeNe025_7`9iIfEfNe026]7a9iIkFjND]7d9fIhFnND[7e9fIgFoND[7f9dIgFQODZ7e9eIgFQODZ7e9fIfFPODZ7g9fIfFoNC[7f9gI`EmN2ON2i0\\7g9gI]EnN30OOi0\\7j9fI[EPO110Mj0\\7j9hHPEd0;ZO102Mi0[7k9hHPEe0:YO12_1V7W9iHPEe09ZO11b1T7V9jHPEe09ZO12a1T7U9kHPE2J=?@12a1S7_9oH`D=>_O22a1S7^9dInDYO20b1R7]9gInDXO3Oa1S7]9gIoDXO2Na1S7^9hInDXO3M2Nm0T7P:iInDXO4K3Ol0T7P:VIbD7;D5Lc1R7[9VIdD73CK3`0Kd1P7[9XIcD73K;Fd1P7[9WIeD62EK2?Ld1P7\\9VIeD68G3Md1o6^9UIfD66H2N10n0P7T:SIiD24LO1002N9P7j:QIlD01OO2N21M:o6m:PISF1eN31M:o6i<QImB20N:n6^=RIYB0:m6]=SIYB0:m6Q>SIPBl6P>TIQBj6Q>UIoAj6^=UIWB2;i6]=WIWB0<h6^=XIVB0=f6k<YIgB21O=f6W<XI]C2N11O>d6W<ZI\\C2N11O>d6V<[I]C1N11O>d6V<[I]C1M22N?c6U<[I_C0L41N?b6\\=`IUBN?b6]=_ISB0?b6^=^ISB0>b6a=]IiA0L3b0O[Ob6^>\\IiA0L3`0i6l=SIhA1L3a0h6]>WIdAh6a<UIbD2nN0[Ob6U=^IbDOUOb6f;^IdCON2c1OUOb6f;^IdCON2c1OoNN]Od6_<^IdCON1d10mN1\\O`6b<_IlCNY13lN2[O_6c<^IWEOeN26h6n;WIVE0fN15h6o;XIVEOfN16f6Q<WITE2fN053\\O\\6Y=_IlC2ZOO71\\O^6o<`IUC1n016NjN^6W=cIiC1=\\6j;cIjCO=]6k;cIUE3_M[6P`07N11O2N5M2M2N6J2N102M3M3N1N3M3M4K4M2N1O1MEoJT_Oj4c?WK[A2POc4h?]KWA0ROV1Hk1aa0mLi^OV1Gk1ca0lLi^OX1Dj1Vb0jMk]OZOOj2Yb0jMj]O[OMi2[b0lMh]O\\2[b0dMd]O\\2]b0dMb]OEOR2ab0eMc]O4M50P2bb0eMd]O4J62P2`b0fMd]O4I73n1ab0fMc]Ok0K^1Qc0cNo\\O]1`b0cMj]O8E<1b1OkMbb00e]O:I91a1gb0mM]]OT1Mm0gb0QNX]OT11c0MXNkb0_1X]OOXc02h\\OMmb0_NY]Oc1LJZc06f\\OI[c07e\\OH\\c08d\\O`NOm0^c0c0c\\O^N1l0_c0f0`\\O]N2i0bc0j0\\\\O]N2g0dc0k0f\\ORO\\c0n0d\\OnNac0Q1_\\OlNdc0Nk[Oh0b0SOjc03g[O6NOb0Fkc02i[O6NO?G\\d08W[OOde0N_ZO1be0LaZO3_e0M`ZO4`e0LVZO1N6je0c0O0O20O1UOVZOd0le0XOXZOe0Pf0O0O2O1N5K5Kemh3"}}]}