{"images": [{"id": 0, "file_name": "images/train_000099.jpg", "width": 1280, "height": 720}], "annotations": [{"id": 0, "image_id": 0, "segmentation": {"size": [720, 1280], "counts": "Z^Yi07Xf02N2O00001N100000001O00000000000000O1O1M3N2O101NYoX2"}, "iscrowd": 0, "area": 282.0, "score": 0.8638710975646973, "bbox": [1151.0, 145.0, 28.0, 19.0], "category_name": "bio"}, {"id": 1, "image_id": 0, "segmentation": {"size": [720, 1280], "counts": "m\\Wc08Wf04L2N2OO10000000000000001O0000000000001O0000001N1O3MbcY8"}, "iscrowd": 0, "area": 363.0, "score": 0.8428516387939453, "bbox": [872.0, 165.0, 35.0, 19.0], "category_name": "bio"}, {"id": 2, "image_id": 0, "segmentation": {"size": [720, 1280], "counts": "Vdn?4Zf03O0O2O00000O1000O100000001O2LmSj;"}, "iscrowd": 0, "area": 131.0, "score": 0.9406550526618958, "bbox": [724.0, 163.0, 16.0, 7.0], "category_name": "bio"}]}