{"images": [{"id": 0, "file_name": "images/train_000039.jpg", "width": 1280, "height": 640}], "annotations": [{"id": 0, "image_id": 0, "segmentation": {"size": [640, 1280], "counts": "TWd;;\\c0Hh\\O=Tc0:M2O1O00001O010O001O01O1O101N1O1000000O2O1N2N1O1O1O2N1N3L`\\h<"}, "iscrowd": 0, "area": 754.0, "score": 0.9258982539176941, "bbox": [593.0, 346.0, 35.0, 37.0], "category_name": "bio"}, {"id": 1, "image_id": 0, "segmentation": {"size": [640, 1280], "counts": "WRX=7gc04b\\OHob0;i\\OLUc0a0O0O2N100O101O000001O0010OIR]O\\Oob0b0R]O^Oob0a0R]O^Onb0b0R]O_Onb0`0R]O@nb0`0R]O@nb0a0P]O@Pc0`0P]OAob0?Q]OAob0?Q]OAob0?Q]OAPc0>P]OBPc0>P]OBQc0=o\\OCQc0=o\\OCRc0=l\\OCVc0c01N2N3H7M4LbUP;"}, "iscrowd": 0, "area": 950.0, "score": 0.8747001886367798, "bbox": [674.0, 317.0, 44.0, 30.0], "category_name": "bio"}]}