{"images": [{"id": 0, "file_name": "images/train_000966.jpg", "width": 1280, "height": 720}], "annotations": [{"id": 0, "image_id": 0, "segmentation": {"size": [720, 1280], "counts": "Qf_:6Xf03M3O0O1O100O100O10000O100O10000O10000O1O100O10000O100O100O100O100O100O100O1O001000000001O1N2O2N3M2N3M2M6JS[^`0"}, "iscrowd": 0, "area": 1127.0, "score": 0.9483107328414917, "bbox": [469.0, 285.0, 62.0, 30.0], "category_name": "bio"}, {"id": 1, "image_id": 0, "segmentation": {"size": [720, 1280], "counts": "Wai05Yf04N0O2O00001N1000000O1001O001O001N3MZSmj0"}, "iscrowd": 0, "area": 215.0, "score": 0.9294794797897339, "bbox": [34.0, 223.0, 24.0, 15.0], "category_name": "bio"}]}