{"images": [{"id": 0, "file_name": "images/train_000096.jpg", "width": 1280, "height": 720}], "annotations": [{"id": 0, "image_id": 0, "segmentation": {"size": [720, 1280], "counts": "kacg05Zf02M4N1N3M2O0O2N1O1O101N1O100O1000000001O0O1O1O1O101N101N2N2O1M4KlWi3"}, "iscrowd": 0, "area": 630.0, "score": 0.8856024146080017, "bbox": [1077.0, 401.0, 25.0, 27.0], "category_name": "bio"}, {"id": 1, "image_id": 0, "segmentation": {"size": [720, 1280], "counts": "VhZh08Wf03L3N3M2O1N7J0O2N100O100000000001O00001N101M3N2N2M4L5HmaU3"}, "iscrowd": 0, "area": 671.0, "score": 0.88201904296875, "bbox": [1106.0, 398.0, 27.0, 32.0], "category_name": "bio"}]}