{"images": [{"id": 0, "file_name": "images/train_000120.jpg", "width": 1280, "height": 640}], "annotations": [{"id": 0, "image_id": 0, "segmentation": {"size": [640, 1280], "counts": "`PZ<3kc04N1N2N2O0O1O2O0000000000000O1000000000000001O1N2NegU<"}, "iscrowd": 0, "area": 352.0, "score": 0.9331942796707153, "bbox": [626.0, 265.0, 33.0, 14.0], "category_name": "bio"}, {"id": 1, "image_id": 0, "segmentation": {"size": [640, 1280], "counts": "hdl=4ic05M101N101O0O10001O000O10001N100001O000000001O001N4L[_b:"}, "iscrowd": 0, "area": 389.0, "score": 0.9326825141906738, "bbox": [709.0, 272.0, 31.0, 13.0], "category_name": "bio"}]}