{"images": [{"id": 0, "file_name": "images/train_000546.jpg", "width": 1280, "height": 640}], "annotations": [{"id": 0, "image_id": 0, "segmentation": {"size": [640, 1280], "counts": "\\iZ;=ac03N2O1N100O100000000001O0O100O100O2O00000O10000000000O2O0O2O1N2N2Mdno<"}, "iscrowd": 0, "area": 551.0, "score": 0.9432801008224487, "bbox": [580.0, 297.0, 34.0, 15.0], "category_name": "bio"}, {"id": 1, "image_id": 0, "segmentation": {"size": [640, 1280], "counts": "^\\\\37hc01O2N100O10O1O1O100000O10000001N2Oe[Xe0"}, "iscrowd": 0, "area": 171.0, "score": 0.8608493804931641, "bbox": [173.0, 266.0, 17.0, 9.0], "category_name": "bio"}]}