{"images": [{"id": 0, "file_name": "images/train_000367.jpg", "width": 1280, "height": 720}], "annotations": [{"id": 0, "image_id": 0, "segmentation": {"size": [720, 1280], "counts": "Ufl7g0ee07K5L3M3M101N10001O0O2O1O1O00000000O100O001000O0100O100N1nNR[Od0nd0[OS[Od0nd0\\OR[Od0nd0\\OR[Od0md0\\OT[Od0ld0\\OS[Od0nd0\\OQ[Oe0od0[OQ[Oe0od0[OP[Of02SOfd06Y[Og00TOgd05Y[Og00TOgd05Y[Og00SOhd06X[Og01ROgd07X[Og0od0XOS[Og0md0YOS[Og0md0YOS[Og0md0YOS[Of0nd0ZOR[Of0nd0ZOR[Oe0od0[OQ[Od0Pe0[OQ[Oe0od0[OQ[Od0Qe0[OoZOd0Re0\\OnZOd0Re0\\OoZOb0Re0_OmZO`0Te0@lZO?Ue0AkZO;Ye0FfZO7\\e0JdZO4^e0MaZO2`e0N_ZO1ce00[ZO0fe00YZONje03UZOKme05SZOKme05SZOJme07SZOIme07SZOIme0=00000000O10001O000O2O1O3M2M10O1O1N2O1O1O100O1O10bZO^Omd0c0R[OAkd0>V[OCid0=V[ODjd0;V[OFjd0:T[OIkd08R[OJod0j0100O1O100O10O01O100O1O1O1O100O10000O1M3O1O1O2O00000O1000000O10000^O[ZO8fe0H[ZO7ee0I\\ZO5de0L^ZO1ce0O?O2N_lTa0"}, "iscrowd": 0, "area": 4292.0, "score": 0.777019739151001, "bbox": [363.0, 253.0, 136.0, 61.0], "category_name": "bio"}, {"id": 1, "image_id": 0, "segmentation": {"size": [720, 1280], "counts": "lkX95Yf07J2N101N100O1000O1O1M3I8L\\Yab0"}, "iscrowd": 0, "area": 186.0, "score": 0.7692630887031555, "bbox": [421.0, 152.0, 15.0, 21.0], "category_name": "bio"}]}