{"images": [{"id": 0, "file_name": "images/train_001035.jpg", "width": 1280, "height": 720}], "annotations": [{"id": 0, "image_id": 0, "segmentation": {"size": [720, 1280], "counts": "oZ^88Wf01O1O2O0O100O2O0O100O100000000O100000O10O10O10O10000O10O10001O00001N4KY[lb0"}, "iscrowd": 0, "area": 567.0, "score": 0.8756505250930786, "bbox": [379.0, 339.0, 40.0, 25.0], "category_name": "bio"}, {"id": 1, "image_id": 0, "segmentation": {"size": [720, 1280], "counts": "\\VU62Zf0:I3N001O0000000000000001O0O100000001O0O10001N101N1O3JgS[e0"}, "iscrowd": 0, "area": 358.0, "score": 0.8899407386779785, "bbox": [283.0, 324.0, 23.0, 20.0], "category_name": "bio"}, {"id": 2, "image_id": 0, "segmentation": {"size": [720, 1280], "counts": "Tiod04[f03M3N1O00O101O0O2N102Llhk6"}, "iscrowd": 0, "area": 94.0, "score": 0.8759876489639282, "bbox": [948.0, 305.0, 21.0, 10.0], "category_name": "bio"}, {"id": 3, "image_id": 0, "segmentation": {"size": [720, 1280], "counts": "jlo:1\\f06M2N0O10000000001O00000001O0O10000001O00000000O1O1NkSa`0"}, "iscrowd": 0, "area": 250.0, "score": 0.7974978685379028, "bbox": [502.0, 341.0, 27.0, 18.0], "category_name": "bio"}, {"id": 4, "image_id": 0, "segmentation": {"size": [720, 1280], "counts": "YPX44Zf02O2O0O100000000001O0O2NZkbg0"}, "iscrowd": 0, "area": 100.0, "score": 0.890907883644104, "bbox": [193.0, 309.0, 17.0, 9.0], "category_name": "bio"}]}