{"images": [{"id": 0, "file_name": "images/train_000710.jpg", "width": 1280, "height": 640}], "annotations": [{"id": 0, "image_id": 0, "segmentation": {"size": [640, 1280], "counts": "n[S12lc06K2M3N1O2M2N2N3O1N2O1N2N2O0O1O2O000O10000O1O01O00001O010000O100001N1000001O001O001O1N<E<CPlof0"}, "iscrowd": 0, "area": 1304.0, "score": 0.9388824701309204, "bbox": [54.0, 354.0, 49.0, 38.0], "category_name": "bio"}, {"id": 1, "image_id": 0, "segmentation": {"size": [640, 1280], "counts": "edT?6ic03M3M101O000000000000000000000000O10001O0O2N2N\\[\\9"}, "iscrowd": 0, "area": 300.0, "score": 0.9388138055801392, "bbox": [775.0, 273.0, 24.0, 15.0], "category_name": "bio"}, {"id": 2, "image_id": 0, "segmentation": {"size": [640, 1280], "counts": "mPTd05ic04M2N2O0O2O000000000000O10001O000O101O0O2O0O2N3LT[\\4"}, "iscrowd": 0, "area": 294.0, "score": 0.937667727470398, "bbox": [1031.0, 281.0, 23.0, 14.0], "category_name": "bio"}, {"id": 3, "image_id": 0, "segmentation": {"size": [640, 1280], "counts": "`had06ic02O1N101O0O10001O000000000000O100000000O2N1O2NbWo3"}, "iscrowd": 0, "area": 264.0, "score": 0.8983942270278931, "bbox": [1052.0, 268.0, 25.0, 14.0], "category_name": "bio"}]}