{"images": [{"id": 0, "file_name": "images/train_001147.jpg", "width": 1280, "height": 720}], "annotations": [{"id": 0, "image_id": 0, "segmentation": {"size": [720, 1280], "counts": "lPl39Rf08K4L3N2M3N2N2M3N1N3S[OjN]d0X1a[OiN^d0X1b[OhN]d0Z1a[OgN^d0^1][OcNbd0f100O2O0O2O1N2N2O1O0O2O001O0O2O001O00001O0000010O00000001O00010O001N101O1O1O0O2O1O001N10000O100O2N2N2O2M2N2YO_[O[Odd0c0b[OUObd0i0d0N3L3M4J7G\\abf0"}, "iscrowd": 0, "area": 4328.0, "score": 0.9429091215133667, "bbox": [169.0, 253.0, 88.0, 82.0], "category_name": "bio"}]}