{"images": [{"id": 0, "file_name": "images/train_000271.jpg", "width": 1280, "height": 720}], "annotations": [{"id": 0, "image_id": 0, "segmentation": {"size": [720, 1280], "counts": "b]ei06Zf01N101O0000000O100000000001O00001N_mQ2"}, "iscrowd": 0, "area": 160.0, "score": 0.925870418548584, "bbox": [1166.0, 176.0, 20.0, 15.0], "category_name": "bio"}, {"id": 1, "image_id": 0, "segmentation": {"size": [720, 1280], "counts": "RYn`0=Qf03N2O00000000000001O0000000000000000000O101O0O2N2M3M^gb:"}, "iscrowd": 0, "area": 431.0, "score": 0.9286282062530518, "bbox": [770.0, 173.0, 32.0, 18.0], "category_name": "bio"}]}