{"images": [{"id": 0, "file_name": "images/train_000102.jpg", "width": 1280, "height": 720}], "annotations": [{"id": 0, "image_id": 0, "segmentation": {"size": [720, 1280], "counts": "Phn35Yf06K2N3N1O1N101VZO@be0`0]ZOBbe0?]ZOBbe0>^ZOBbe0>_ZOB`e0>dZO^O]e0a0dZO^O\\e0b0eZO]O[e0c0900000000000000000WZO]Oee0c0ZZO@de0?\\ZOCce0>\\ZOBde0f0O00001O0000O100000000000001O0O1000000O2O00000O101N101M2O2N1O10000O2O0O1O1O2O1Mn]ef0"}, "iscrowd": 0, "area": 1447.0, "score": 0.8583067655563354, "bbox": [178.0, 186.0, 76.0, 24.0], "category_name": "bio"}, {"id": 1, "image_id": 0, "segmentation": {"size": [720, 1280], "counts": "fag?6Yf02O1O0O100001N\\jV<"}, "iscrowd": 0, "area": 70.0, "score": 0.7801902294158936, "bbox": [716.0, 116.0, 10.0, 11.0], "category_name": "bio"}, {"id": 2, "image_id": 0, "segmentation": {"size": [720, 1280], "counts": "hlg`03\\f01O2N1O100000000000000001O000O100O2Lmgn:"}, "iscrowd": 0, "area": 124.0, "score": 0.7779284715652466, "bbox": [765.0, 114.0, 14.0, 12.0], "category_name": "bio"}, {"id": 3, "image_id": 0, "segmentation": {"size": [720, 1280], "counts": "U[ja01^f02O1O00000l]U:"}, "iscrowd": 0, "area": 20.0, "score": 0.6841873526573181, "bbox": [812.0, 114.0, 6.0, 8.0], "category_name": "bio"}]}