{"images": [{"id": 0, "file_name": "images/12541_zmKR9vzb4A.jpg", "width": 1290, "height": 730}], "annotations": [{"id": 0, "image_id": 0, "category_id": 0, "bbox": [541.0, 50.0, 288.0, 644.0], "area": 185472.0, "iscrowd": 0, "segmentation": {"size": [730, 1290], "counts": "WiQ<1if000001O0000000000001O000000000000001O00000001O00000001O00001O00001O0010O01O001O1O1O100O00001O000010O00iNEo[O;Qd0Fn[O:Qd0Go[O9Qd0Hn[O8Rd0Hn[O8Sd0Gn[O8Rd0Im[O7Sd0Im[O7Sd0Jl[O6Ud0Jj[O6Vd0Jj[O6Vd0Ki[O6Wd0Ij[O6Wd0Jh[O6Xd0Jh[O6Yd0Jf[O6Zd0Jf[O6Zd0Jf[O6[d0Je[O5[d0Ld[O4\\d0Ld[O5\\d0Kc[O5^d0Ka[O5_d0Ka[O5`d0K_[O5ad0K`[O4ad0L^[O4bd0L^[O4cd0L\\[O4dd0L\\[O4ed0L[[O3h2MT>0T_O3f20V>MS_O3e22Y>KQ_O3d25Z>HS_O2a29\\>ER_O2`2;^>CR_O3]2=a>@Q_O3]2>b>@P_O2]2?c>@o^O1]2a0d>]Oo^O2\\2b0f>\\Om^O3[2b0i>[Ok^O3\\2b0i>[Ok^O4Z2b0l>ZOh^O6Z2a0n>YOa^OJJo0T20a?WO_^OY1g1@j?XO^^O`1_1YOS`0XO]^Oh1V1QO^`0WOZ^OP2P1jNg`0UOY^OU2l0fNl`0VOU^OX2k0cNPa0j1n^OVNSa0k1j^OVNVa0k1i^OUNXa0l1e^OUNd5^Ok4^2_EUNZ52o4i1fEUNS5?S5\\1hEVNP5h0T5R1jEWNm4o0V5k0kEVNk4X1W5b0mEVNi4^1W5=nEVNg4d1Y56nEWNf4j1X50PFVNf4P2X5X1eJnNX5R1fJSOW5l0gJZOV5f0hJ_OU5`0jJES5;kJIR58lJMP53oJ2n4NPK6m4KQK:l4FRK>l4ASKc0j4^OTKg0i4XOVKl0h4SOWKQ1f4oNYKT1f4kNYKY1e4fNZK^1d4bNZKc1b4]N]Kh1`4VN`Ko1]4nMdKW2Y4cMlKb2P4[MQLl2i3TMWLQ3e3PMXLY3a3hL\\L]3a3dL]La3_3_L_Lf3^3[L`Lh3^3XL`Ll3^3VL_Ll3`3WL\\Lm3a3VLZLo3b3ULZLn3c3ULZLn3`3YL\\Lj3^3[L`Lh3Y3_LdLd3V3aLhLb3R3cLlLPNoM\\1R5h0mLgM]N[1b4S1nL`MkNU1T4a1mLVM[OS1d3dLjJX4T2nMJo0T3fLXK]4g1lM6l0h2gLaKd4]1gMa0k0^2fLiKk4V1bMi0l0R2gLRLm4o0^MU1n0d1eL\\LQ5f0[Mb1P1T1eLfLS5=XMP2o0j0cLmLZ51UM_2k0?eLUMc5@oLS3h04dL\\MY9e2QJMfL_MX9i2PJEfLfMW9k2QJ]OeLkMX9n2PJn0o5YOmIe0Q6AlI?Q6IjI6U61gILX6:eIEY6c0cIZO]6l0`IQO_6X1\\IeNd6b1XI[Ng6o1SInMm6X2PIeMo6e2kHYMT7Q3fHkLZ7\\3bHaL]7e3aHXLVOgKc7X8SInKZOlK`7]8RIdK_OQL\\7a8SI[KAVLZ7e8PIUKEXLX7j8oHlJJ[LU7m8mHhJN]LS7P9kHbJ3_Lo6U9jH[J7bLm6]9`HSJd0aLi6`=jHTBN?U7]=mHUBN?R7]=PIUBN?o6^=RITBN`0m6]=UITBN`0k6\\=WIUBMa0i6[=ZIUBMa0f6[=]IUBM`0d6]=^ITBMa0c6[=`IUBMa0`6\\=bITBMb0^6[=eITBMc0Z6Z=jISBLd0W6Z=mIRBMe0T6Y=oISBLf0R6Y=QJRBMf0o5Y=TJRBMf0l5Z=VJQBNf0i5Z=ZJPBLh0f5[=]JnAMh0c5[=aJmALi0`5\\=cJkANk0Z5\\=iJiAMl0V5^=lJgAMm0S5_=oJeANm0P5`=QKdAOn0k4`=WKaAOP1e4c=[K^AOQ1a4d=aKZANT1\\4f=fKVANV1U4i=lKRAOW1b1UNa0i?nMk@OY1[1XO@k>WOc@N]1U1]OmNX?Oo_OO^1R1Y`0POY^ONa16kM<[b0@Y^OMQ2c0d?_O\\^ONP2e0a?]O`^ONP2f0^?\\Ob^OMQ2h0\\?[O_Af0`>ZO`Ag0_>XObAh0]>YOcAh0\\>XOdAh0\\>XOdAi0[>VOfAk0Y>UOgAl0X>SOiAn0V>ROjAn0Rb00O1O1O0010O0001O000001O0000001O000O10001N10001N101N1O101N1O1O2N101N101N2N2N2N1NY^X:"}}]}