{"images": [{"id": 0, "file_name": "images/14648_5Hd4w9pw8X.jpg", "width": 1290, "height": 730}], "annotations": [{"id": 0, "image_id": 0, "category_id": 0, "bbox": [157.0, 11.0, 790.0, 682.0], "area": 538780.0, "iscrowd": 0, "segmentation": {"size": [730, 1290], "counts": "ko_32hf0000Z]6OgbI001O0000000^]6ObbI100O10001O0000000001O00000000000000001O00000000000001O000000O2OZf:0fYE001O000000001O0000000000000010O000000001O0O10lf01SYO00010O00000000000000001O00001O000001O001NPY40QgK0O2O001O0O101O001O000001O00O101O000000001O000O101O001O000m[OKaa06[^OOca01\\^O1ca0O[^O5ca0K\\^O8ba0H^^O8ba0H`^O5ba0Je^OIaa07a20TBc0[4]O_Kn0\\4RO^KW1^4jN^K^1^4aN^Kg1^4ZN_Kl1^4TN\\KU2a4lM[K[2a4eM\\K`2c4_MfEFi3R3^6XMhEGg3V3_6SMiEId3Y3a6nLjEJa3_3c6fLkELGJ\\2i3P8aLlEMHIZ2m3P8^LlEMIJW2P4S8XLmENIJT2U4V8QLmEOKJn1\\4Z8iKnE0JJk1c4\\8bKPFNP3f4m6]KgJg4X5XKfJk4Y5UKeJo4Z5PKcJT5^5jJ`JY5`5fJ^J]5a5cJ\\Jb5b5^J[Jf5d5ZJYFN^2k5X7WJYF1\\2k5Z7SJYF4Z2l5\\7PJZF4Y2o5[7nI[F3X2R6\\7kI\\F3V2U6]7hI]F3U2X6\\7eI_F3S2[6]7bIaF3o1_6^7^IcF30M:e6R9[IdF3OO8g6S9WIgF2L28i6S9TIhF2K38j6S9QIjF2K37m6R9nHmF1J37P7Q9lHoF0I47Q7Q9iHQG1G56T7P9fHSG1G56U7P9dHTG1F56Y7n8aHbH7_NZ7n8bH`H3cN\\7l8bH`H1dN_7k8`HaH1cNa7l8]HaH1dNd7i8\\HcHOcNh7h8YHeHNdNj7f8XHYJk7e5UHZJn7d5RHZJT8b5lGSJe8h5ZGjIZ9P6fFlIc9o5]FnIi9o5WFnIQ:n5nEPJW:m5iEQJ[:m5eERJ_:k5aESJc:l5\\EQJj:l5VERJn:l5RERJS;k5mDSJX;j5iDTJZ;j5fDUJ];i5cDVJ`;h5_DWJe;\\84M3L5K5J6L3M3M3N2gMYCYJk<e5VCYJm<e5SCYJP=f5PCYJS=e5nBXJV=f5jBXJZ=e5gBYJ]=e5cBZJc9jNeIj6iLYJS9DPJQ6mLZJo8LSJj5lLZJo80VJd5kLZJo87UJ]5lL[Jm8>UJW5mL[Jk8b0YJQ5kL]Jh8h0^Jj4iL]JR8c1VKZ5c4PK^Km4[4]KeK`4T4iKlKU4o3SLQLj3n3YLRLd3n3_LRL_3n3cLSLZ3l3iLTLU3j3nLWLP3h3SMXLl2e3XM\\Le2b3_M_L_2_3eM`LY2_3jMaLU2_3lMbLQ2^3QNbLn1]3SNdLk1\\3WNeLg1\\3YNdLe1^3bIoJZ2b1S4b3YIgKQ2h0c4n6UKTGPN8j6m8nJiFaN3_6[9kJaFhN4[6b9fJZFPO4Y6h9aJUFVO3X6m9^JoE\\O3U6R:\\JkE@2R6X:ZJfEF1o5^:WJaEK0m5b:VJ^EN0j5d:VJ]E1Nh5h:UJZE4Me5m:UJVE6Md5P;TJRE:Ma5U;RJnD=M`5X;PJkDa0M^5Z;PJiDb0M]5[;PJiDc0L\\5R=fJmBY5T=hJkBW5V=jJiBU5W=mJhBQ5Z=PKeBo4[=RKeBm4\\=TKcBj4^=WKbBh4^=YKaBf4a=[K^Bc4c=^K]Ba4d=_K\\B`4e=`K[B_4e=bK[B]4f=cKYB]4h=cKXB\\4h=eKWBP4SOmJg>T1UBm3VOnJe>V1UBj3XOoJd>W1SBj3ZOnJd>Y1QBg3]OnJc>]1nAd3a>]L^Aa3Y=VKPCY1F`3[=XKnBY1G^3Z=[KoBW1F^3[=\\KnBW1G]3Z=]KoBU1G^3Z=^KnBU1H\\3Z=_KoBU1F\\3ITKn<=bCT1F[3JTKn<=cCT1EZ3IWKn<<dCS1D[3IVKn<=eCS1CZ3JVKn<>eCR1BZ3KVKn<>eCS1A[1L_N0eNm<?gCR1_OY12^NKiNk<`0hCQ1_OW17\\NHkNi<b0iCP1_OV1:[NDnNj<b0iCP1]OS1?]N@nNj<e0hCn0^OQ1c0\\N]OQOi<f0hCm0\\OQ1g0ZN\\OROi<h0fCm0\\On0k0ZNZOTOi<g0fCn0YOm0o0ZNYOTOi<h0eCo0XOk0R1ZNWOTOj<i0eCn0VOl0U1XNVOUOk<h0dCk3<WLUOVOk<i0cCi3>XLUOUOj<k0bCh3`0WLTOVOk<j0bCh3?XLTOUOm<k0_Ch3a0XLROUOn<k0_Cg3c0XLQOTOo<m0]Cf3d0XLPOUOo<m0^Ce3c0YLa<2kBe3e0XL`<3lBd3d0YL`<4kBc3f0XL`<4kBc3e0YL`<5jBb3g0XL`<6iBb3g0WL`<7iBb3g0WLnN[On<m0\\Cb3i0ULlNCW5IjJj0_53lJa3i0ULjNGS5[1:YOoJ`3j0ULjNHQ5^19UORK`3k0TLjNIo4`18SOUK`3i0TLkNHP5d14QOWK_3j0SLmNHn4h10oN\\K]3j0SLmNHm4l1MlN_K^3i0RLoNFm4P2JjNaK_3h0QLQOEl4S2GjNdK\\3i0PLQOHj4V2ChNhK[3i0oKROHj4Z2_OdNlK\\3i0mKSOHi4^2[OcNPLY3j0mKROIj4f2PO\\NZLY3i0lKTOHi4X3lJlLj2Q1cMX3j0jKUOGi4b4SMgLUNV3k0hKVOGh4R5aL\\LfNT3j0gKXOEh4^5SLVLSOP3j0fKXOFh4j5`KRLEh2m0dKk4R6jIkK>`2n0aKj4g8UJjKP1`Kj4g8UJjKQ1_Ki4h8UJjKQ1_Ki4h8UJjKR1^Kh4i8UJjKS1[Ki4l8SJjKS1ZKj4l8RJlKT1VKk4o8PJlKT1UKm4n8oInKT1RKn4P9nIoKT1nJP5T9jIoKi7Q4WHPLh7Q4VHQLi7o3WHRLh7n3XHRLh7o3WHRLh7n3WHTLh7l3XHTLh7l3XHULg7l3WHULi7k3VHWLi7j3UHXLj7i3THYLk7\\9O0000001O001O1O1O1O001O000O2O001O1O001O1N101O001O1O0O2O0000cMiHXEV7g:nHVER7i:UIREj6m:^ImDa6R;dIkD[6U;hIhDX6X;PJaDo5_;TJ^Dl5b;WJ\\Dg5e;[JZDd5f;^JXDb5g;aJXD^5h;dJVD\\5j;gJTDX5l;jJRDV5n;mJoCS5Q<TKeCo4[<[KVCj4j<c21O01O0001O001O0010O01O00O1M3O100O100001O0000000fGUCe6k<ZIYCc6g<\\IbCeNF34g6d<aJ`D^5`;aJcD]5^;bJcD]5];\\JkDc5V;[JlDd5T;\\JlDd5U;\\JjDd5V;^JfDd5Z;^JXDjNnNj6k<\\JUDo5k;SJRDn5n;TJmCo5S<SJ[CfNF_7P=S20000001O001O001O1O1O1N3N2N5K3N0O1O1O10001O001ZHWBX6i=fIeBo5[=mIhBS6]=eIfBZ6\\=bIgB_6Z=[IkBd6W=UImBm6`>0O2O0N3N2N1N4M3L4fAhHk<_7iBoHn<g8H5J6J7H7J4L3N1N3M4L3N3M5J7J3L4L4L3L4M4K4M3M3M3L3M5L3M4K4L4M4L3M3N2M3M3N1N3M2N3M3M3N1N3N1N2O1O1O1N2O1O1O1O1O1O1N101O0010O01O001O0000bI`HbM`7W2iHhMW7m1UIQNk6h1^IVNc6c1dI]N[6oJ^HZ5]1EV6nJbHT5_1MP6lJeHT5]10o5hJgHW5[10o5gJhHX5Z10P6dJiH\\5X1NR6`JjHa5U1NW72iHLY74gHKZ76eHI\\77eHF]7:dHC^7<dHA]7jJcF^5P2E_7d0aHZOa7g0^HROj7UKWFa5o1VOU8l0jGQOW8cKlEo4m1\\OW8dKlES5k1YOX8cKnEW5i1UOY8cKnE\\5h1nNZ8fKmEa5g1hN[8h1dGVN\\8m1cGRN\\8P2dGnM\\8U2dGiM[8Y2eGeMZ8`2dG^M\\8e2cGYM]8k2`GTM_8P3aGmL_8V3aGhL^8Z3bGdL^8_3aG^L`8f3^GXLb8k3^GRLb8R4]GkKc8Y4[GeKe8_4[G]Kd8j4ZGQKg8T5WGiJi8[5ZG]Jg8g5XGUJi8o5VGmIk8X6TGcIm8b6RGYIP9i6RGQIo8S7QGgHP9]7TGYHo8j7WGhGn8\\8XGRGP9P9\\21O1OaFoBV9Q=fFSCY9X=0DcFZC]9d<fF[C[9b<gF^CZ9_<gFbCZ9\\<fFfCZ9X<fFiC[9U<eFlC[9S<eFnC\\9P<dFRD[9m;eFTD[9k;eFVD\\9h;dFYD]9d;dF]D^9`;cF`D^9^;bFcD`9Z;`FgDa9W;_FjDc9S;]FnDe9o:[FREg9k:YFVEi9g:VF\\Ek9a:TFbEo9Y:QFjER:P:nESFT:h9kE\\FW:_9iEeFX:V9hEmFZ:n8eEVG[:h8dE[G]:a8cEbG^:Y8cEkG_:o7aETHc:d7^E`He:Y7[EkHh:n6XEXIi:a6WEcIn:T6REQJW;[N]EV5\\OgLQ=W3nBUMh<j2XCWMh<h2XCYMh<e2XC^Mf<b2ZC`Mc<a2]CbM`<^2`CfM\\<Z2cCiM[<W2eCkMY<U2gCmMV<T2iCnMU<S2kCoMS<Q2mCPNQ<Q2oCSNl;n1UDUNf;k1[DWNa;k1_DYN\\;h1dDZNX;h1hDZNU;g1kDZNR;h1nDZNn:h1RE[Nh:h1XE[Nb:h1^E[N[:i1eEZNU:h1lE]Nl9f1TF]Nc9i1]F\\NZ9h1fF\\NQ9i1oF[Nk8g1UG\\Ng8e1YG\\Ne8e1[G]Na8e1_G]N^8d1bG_NY8b1hGaNT8`1lGbNQ8_1oGdNm7]1SHeNj7\\1VHfNf7\\1ZHfNc7[1]HgN`7[1^HhN^7Y1cHjNX7X1hHkNT7V1lHmNo6U1QInNk6S1UIPOe6S1[IoNa6S1_IoN]6S1cIPOW6T1gIPOS6S1mIPOm5S1SJROf5o0[JVO]5m0cJ@l4d0TKBc4a0]KC[4a0eKHo3;QLMb38^L4P33oL7_21aM:j10VN?k01UOj;00000000O100000000000000000001O00000000l\\d7"}}]}