{"images": [{"id": 0, "file_name": "images/29570_pWpvfynCka.jpg", "width": 1290, "height": 730}], "annotations": [{"id": 0, "image_id": 0, "category_id": 0, "bbox": [253.0, 7.0, 612.0, 686.0], "area": 419832.0, "iscrowd": 0, "segmentation": {"size": [730, 1290], "counts": "mdd52hf010Oh]10kW4O]ZJ4L2O1O1O1O1O3mYOCce0`0YZOAge0`0WZOBhe0`0VZO@je0a0TZO@le0g0001O1O1O2N0001O000aHDaH;[7N`H2]73aHN\\75cHKZ79fHGV7<jHDU7>jHBV7?jH@U7b0jH^OV7d0hH]OW7d0hH\\OY7d0fH\\O]7b0cH^O^7a0aHA^7?aHB_7>`HC`7<`HE`7;^HFc7:\\HFf79YHHg78XHHi77WHJj75UHKm74RHMn73PHNQ82nGOR80nG1R8OmG2S8MnG2R8OmG2S8MmG4T8KkG6V8HjG8X8GhG9X8HgG7Z8JeG5\\8LbG5^8KaG5`8L^G4c8NYG3h8OUG2k8NTG2m8MTG2m8NSG2m8N]GGd89_GDa8=_GAc8>]GBc8?[GAg8>YGAh8?XGAh8?XG@j8>XGAi8>WGBj8=WGBj8>UGAhLBR9n0VJ_OgLDS9n0TJ^OhLEU9m0SJ]OiLEU9m0RJ^OiLFU9l0RJ^OhLFW9l0PJ^OiLG]MJ`;P1[J^OhLH]MJb;o0XJ@fJDU15XNIf;o0UJ_OfJGV1:P:a0SJ^OeJIX17Q:c0PJ]OeJLY13S:f0mI\\OeJL[12T:g0jI[OeJN]1OV:j0eIYOeJ1_1MW:m0aIUOgJ3a1KX:m0_IVOfJ3c1IZ:n0\\IWOeJ4d1F]:P1YIVOdJ6e1C`:R1UIVOdJ7f1Ae:P1oH7ZLhNj:P1lH7ZLhNl:Q1iH8ZLgNm:S1gH6\\LfNo:U1cH5^LfNP;W1VDgNW3\\1cMeNR;X1nCmN]3U1cMfNS;Y1jCnN_3S1dMeNU;Z1fCRO^3P1fMdNW;Y1eCUO\\3n0hMcNX;[1bCWO\\3k0jMcN`;T1XC@]3i0kMcNb;R1VCB^3h0jMcNe;R1RCD^3g0kMcNg;P1oBG_3f0kMcNh;P1mBH`3d0kMdNj;o0iBKa3b0lMdNm;m0dBOb3`0mMcNP<n0^B5a3:QNaNT<X2iEWOSNaNU<X2hEVOSNaN[<U2aEZOV<d0kC[OV<e0iC[OY<c0gC]O[<b0dC^O]<a0bC@_<?aCB^<?`CBa<=_CDa<;_CEb<:]CHVN\\Nk<k1oDJUN[Nn<i1lDNUNYNP=h1kD1RNXNT=f1jD3oMYNW=d1iD6mMWN[=a1iD9jMWN]=_1iD=hMTN_=^1jDl0XMgMo=\\1hDP1WMdMQ>\\1hDQ1UMdMT>Z1gDS1SMdMV>Y1gDS1RMeMX>W1fDU1oLfM[>U1gDX1gLfMc>Q1fDj1Y;WNgDi1X;YNgDh1X;XNhDh1W;YNiDg1V;[NjDd1V;\\NjDd1V;\\NjDd1V;]NiDc1W;]NjDb1V;^NjDb1W;^NiDa1W;_NcCZNROV3\\=`N`C[NUOT3\\=aN^C\\NWOQ3\\=bN]C]NYOo2[=dN[C^NZOm2[=fNZC]N[On2Z=fNZC]N[Om2\\=eNYC^N\\Ol2[=gNXC^N\\Ok2\\=gNXC_N[Oj2]=gNXC_N[Oj2]=gNXC_NZOk2^=gNXC]NYOm2_=fNXC^NXOl2`=fNXC^NWOm2a=eNXC^NVOn2b=dNXC^NUOo2c=dNVC^NVOo2e=bNUC`NUOn2f=bNVC_NTOo2f=cNUC^NUOo2f=cNVC]NTOP3f=cNWC\\NTOP3f=dNUC\\NUOP3f=dNUC\\NUOP3f=dNUC]NSOP3[<lLPDg1b0]NSOQ3Y<oLoCc1e0]NROR3j1hLf78hFa1e0_NQOQ3k1kL]MMQ:9oF_1g0_N_NH6Z3V2SM]7OPG]1h0^N^NJ0`3[2PM^7LoF\\1j0^N^NKN_3\\2]MT7AXGZ1m0]N]NLM`3\\2^MT7AWGX1o0]N]NLLa3]2^MT7@VGY1o0]N]NLL`3]2_MU7_OWGX1n0^N]NMJ`3^2`MU7^OWGW1o0_N\\Nc3X2ZMV7]OWGX1o0]N\\Nd3X2ZMW7]OUGX1P1]N\\Nd3W2[MX7\\OVGX1P1[N\\Ne3V2]MW7[OWGX1Q1ZN^Nb3T2aMV7ZOXGZ1Q1VNaNb3P2dMW7YOXGZ1c1f1OhMU7XOYGZ1d1e1NiMU7XOZGZ1b1e1OjMT7XOZGY1b1f10iM\\NiNV42\\N>^MY1d1e10jMXNnNV4O_N;^MZ1c1e12iMVNROU4LbN;]MY1c1f13hMUNTOU4KbN:^MY1\\1WNlM`3^2hMTNTOT4KdN9^MZ1[1UNoM`3\\2iMSNVOT4JdN9^MZ1Z1TNRN`3[2iMRNXOT4HeN9^M[1X1SNVN_3Y2jMQNZOT4GeN8_M\\1T1UNZN\\3Y2kMoMZOV4GdN8iL]Oa0o1Y1TN[N]3X2jMPN[OU4HdN:[MX1Z1TNXN^3Z2iMoM\\OV4JbN5^M[1Y1TNVN]3\\2iMoM\\OV4LaN2_M]1X1j1c0_MoM\\OU4NbNN`M`1W1h1c0`MnM]OV40_NKcM`1W1h1c0aMmM]OV43]NGfM`1V1h1d0aMmM]OV45\\NEfM`1W1i1c0`MmM_OV45\\NDfM_1W1i1d0aMjM@Y44]NZOSMJa0n1Y1i1b0aMjMBY43]NYOTMKa0m1X1i1c0bMhMB[48XN\\OiM`1X1h1d0cMfMB]48eKjNY2`0TNb1U1h1e0cMeMB_4c0oK[N]1b0gNc1S1h1f0iNS2UOjKUNd1b0fNc1R1i1e0iNU2VOgKUNf1`0gNd1Q1h1f0iNU2XOcKVNj1<gNf1o0h1h0hNU2B\\MYNgNf1o0g1i0hNU2C[MXNgNh1o0e1i0iNV2C[MWNeNj1o0d1k0hNV2HVMRNjNk1n0d1k0gNW2HVMRNiNn1m0a1l0iNW2GVMQNjNo1k0a1n0hNW2HVMoMhNS2l0^1>oKhNi2Q4GUMPNgNU2l0]1=QLhNf2S4HTMoMgNW2l0[1<WLeNb2W4HTMmMhNW2l0[1:]Oo2UOUMhMhNZ2i0\\1:^OP3WOTMcMkNZ2h0]17AR3VOTMaMlNZ2h0aMUO=KR2S1Q1V3SOTM`MmNGD_2Q1eM[O0;X2<]1W3POUM`MSOV2?eM=W2D_1X3POSM`MUOW2=dM=X2D^1[3nNRMaMUOX2<cM\\OM?\\27]1[3nNRM`MVOZ29cM^OL>^2[ObM`0k3g3lNSM`MVO[28cM]OM>^2\\OaM?k3j3jNRMbMUO]26`MUON21e0^2\\O`Ma0j3j3]LkKg1U1YNWO]24VNIS20n0l3YLQLg1o0\\NXO]22`N_Oj1;m0l3XLWLd1g0bNQODGh2b0aN_Oi1<m01ULR31TMd1c0cNQOFGg2a0bN_Oi1=k00YLR3LXMf1?bNROGGg2a0bN_Oj1<i01\\LS3F[Mj1;`NQOKHe2a0bN]Ol1=g01^LT3A`Mk16bNPOLId2`0o1JVO1`LZ4X1bLcNoNm28e1IUO3`LZ4W1bLcNoNm27f1JSO3aL\\4V1_LdNQOl27f1ITO3bL]4U1]LcNSOm25h1IQO4dL^4T1ZLcNVOm23R6O\\G]4X1TL_N]Oj20V61[G^4X1QL^N@i2NW62\\G_4V1PL_N]Od<3iC_4V1nKk;APCb4a1`K_;MQCc4a1^K`;MQCe4`1\\Kf<d4g22cJ]KaHc4_7^K`Hc4^7_K`Hc4_7]KaHc4_7]KaHd4^7\\KbHd4^7\\KaHf4^7ZKbHf4^7ZKbHg4]7XKcHi4\\7XKbHk4[7WKbHn4R7\\KlHi4oKoJg9;ZJj4fKeK[9AoJP5VKoKf9POTKm6i4QIYKQ7f4mH[KU7d4jH[KX7d4gH]K[7b4dH]K_7b4_H^Kc7a4[H`Kh7_4RHeKP8b91O2N2M2O1N1O1O1O2M3N101O1O000O1000000O10001N1O1O1O101N2N2O00O1O1O2O0O1O1O001N201N2O001N101O1OaLbGcH\\8[7hGgHU8W7nGjHP8V7PHoHl7Q7RHRIl7P7QHRIo7m:O01O010O1O1O1O1N2O2N1N2O[IjAh4T>XKkAk4T>o1N2OmHRB[5k=dJVBb50kH]=b1dBk5[=TJfBm5Y=QJiBo5W=QJiBo5W=PJkBo5U=QJlBm5T=SJnBc5[=]JfBQ5IdIe=Z1dB]4@eJ[>n0VB[4@fJ[>o0UB[4@fJ[>n0VB\\4_OfJ[>n0UB\\4AfJZ>m0VB^4_OeJ\\>l0UB_4_OfJ[>k0UBS5l=kJTBW5l=hJRB^5k=aJSBc5l=[JTBf5m=YJSBh5l=XJWBe5i=ZJZBd5f=\\J[Bd5d=[J]Bd5d=\\J\\Bd5e=ZJ[Bg5f=XJYBh5h=XJVBj5k=UJTBl5l=TJUBk5k=TJWBl5h=TJZBj5g=UJYBk5g=SJ[Bm5f=QJ[Bn5h=oIXBm5o=QJkAT6X>iIgAX6\\>fIdAZ6\\>fIdAZ6]>eIdA[6\\>eIcA]6]>aIdAH@a6m>cIcAKAc6k>bIdAKAb6m>bIbALAb6n>aIaAN_Ob6P?`I`A0_O`6R?_I^A2_O`6S?^I]A3@e6m>XIeAOAi6i>XInAi6Q>WIoAm6m=SITBo6j>2jMQI]DP7a;QI_DP7_;RIXDIaNW7S=RI\\DGaNX7Q=RI^DFbNX7o<RIhDo6V;RIjDo6U;RIjDo6T;RIlDR7P;nHQER7l:PITEP7Q:bHhD?W1o6P:gHcD<d0]OC`7T;mH`D7i0\\OC`7S;PI]D6l0\\OB`7T;mI[EbN@c7S;lI]EaN_Od7S;lI^E`N_Od7S;lI^E`N_Oe7Q;lI`E`N^Oc7Q;oIaE^N]Od7o:PJeE]NZOd7P;PJfE]NYOc7o:RJiE\\NUOc7P;SJkE\\NSOb7P;SJnE\\NoNb7S;RJoE^NjNa7V;RJQF\\6n9dIRF\\6n9dIRF\\6n9dIRF\\6n9dISF[6m9eISF[6m9eITF[6k9eIUF[6k9eIUF\\6j9dIVF^6h9bIXF`6f9`IZF`6g9_IZF`6g9_IZF`6g9_IZF_6h9`IYF_6h9`IYF_6h9`IYF`6g9^IZFc6f9\\IZFd6f9\\IZFe6f9ZIZFf6g9YIYFg6h9XIYFh6g9WIYFi6h9VIXFj6h9VIXFk6h9SIZFl6g9SIYFn6g9PIZFQ7e9oH[FR7e9lH]FU7b9jH^FW7a9hH`FY7`9fHaFZ7_9eHaF[7`9cHbF\\7^9dHcF\\7\\9dHeF[7\\9cHfF]7Y9cHhF\\7X9dHhF]7W9bHPFPOB^8]:cHoEQOC]8]:bHPFQOD]8[:cHoEROE\\8[:bHPFROF[8Z:cHoETOGY8Y:cHPFUOGX8X:cHQFUOGX8X:cHQFVOGW8W:cHRFWOGV8U:dHTFVOHV8R:fHUFUOIU8Q:fHVFUOJX8k9eHZFTOJY8i9eH\\FSOJY8h9fH]FROJY8g9fH_FQOJZ8d9gHbFPOH[8c9gHeFoNF]8b9fHgFmNFb8[9eHoFjNEc8W9fHTGiNAe8X9cHVGkN]Oi8W9^H\\GkNWOm8Y9ZH_Gd8_8^G`Gc8^8^GbGc8j6`EgIP2^Ob8g6bEhIm1Ab8d6eEcHHP1R2Hd8_6kEhIb1Ie8[5YEcJf07^1Jf8T5^EfJ`0<\\1Jk8l4aEfJ;d0Y1Jm8g4fEdJ8i0V1Lm8e4nF_K5Ln8j1iD5U2UN5Km8k1kD2U2VN4Mm8i1mD2R2XN4Mm8i1nD0R2ZN4Lm8h1oD1Q2YN4Nm8f1PE1Q2YN30o8b1VEMR2VNJ;o8`1XELQ2XNH<P9b0`DCi0V1P2WNH=Q9<jDAc0[1l1YNG?Q9:mD]Oe0^1_4kNo59aFj0a3nNn56cFk0_3oNn55dFl0^3oNo54dFl0]3POP62dFn0\\3POR6OdFP1Z3QOT6LcFS1X3ROV6IdFU1U3ROY6EiFT1m2XOZ6CjFU1l2WO\\6BjFU1k2YO[6AkFU1k2ZOZ6@mFU1i2[OZ6_OoFT1h2]OZ6[ORGW1d2]O`9a0aF_Ob9>^FBe9:\\FEh98XFHj95WFKj94VFKm93SFLP:1QFOP:0oE0T:MmE3U:FPF:X`0OTMC]_O=]`0Ka_O4^`0Nb_O2_`0Ma_O2``0N`_O1a`00^_O0b`00^_ONd`01]_ONe`00\\_OOe`01[_OOh`0MZ_O1j`0LV_O2l`0NU_O0m`0NV_O0]`0OQ]O1c2O[`03Q]OLoe06:O2MmS7NWlH0O2O01Olf04PYO4NLX_^9"}}]}