{"images": [{"id": 0, "file_name": "images/34337_FAK7r89J6q.jpg", "width": 1290, "height": 730}], "annotations": [{"id": 0, "image_id": 0, "category_id": 0, "bbox": [92.0, 7.0, 995.0, 501.0], "area": 498495.0, "iscrowd": 0, "segmentation": {"size": [730, 1290], "counts": "VmQ22hf00O2N1O1O1O10000O2O000O100O100O1ROD^[O<bd0D][O>bd0C][O=cd0C\\[O>cd0C][O=cd0C\\[O>dd0B\\[O>dd0B\\[O>dd0B\\[O>dd0B[[O?ed0A[[O?ed0A[[O?ed0A[[O?Xa0DWAM`M`0Xa0FVAJbM`0Xa0GUAIcM`0Xa0GUAIcM`0Xa0GUAIcM`0Xa0GUAIbMa0Ya0GTAHcMa0Xa0HUAHaMa0Za0IRAHcM?[a0JQAHbM?]a0JPAHbM?]a0IQAHbM?]a0Jo@HcM?^a0Io@IbM>_a0Io@IaM?`a0In@HbM`0_a0Ho@I_Ma0ba0Fo@I^Mb0ca0Fm@J^Ma0ea0Em@J]Mb0fa0El@JZMd0ja0Bl@m0U?TOi@m0W?SOi@m0W?SOi@m0W?TOh@l0X?TOh@l0iM_NPa0e0WAm0cMdNUa0`0VAo0`MeNYa0<WA]1i>cNWA^1g>cNYA^1f>cNYA]1g>cNYA^1f>bNZA^1f>bNZA_1e>aNZA`1k;jM\\Dg0H`1j;kMVC4]Ob0c1a1h;jMVC6]O`0d1d1d;hMZC5]O?e1h1`;eM\\C5_O?d1j1^;bM^C6@>NTOm0f2W<cM]C6@>NSOn0g2W<aM]C7@>MUOn0e2X<bM\\C6A>MUOn0e2X<bM\\C7@>MTOn0g2X<`M]C7@>LUOo0f2X<aM[C8@>MTOo0e2Y<aM[C9_O=MUOP1d2Y<bMZC9_O=LVOQ1b2Z<cMYC9_O<LWOR1a2Z<cMYC9_O=KVOS1a2\\OXMo;<WD8@>IVOU1`2[OYMQ<:VD9@?HUOU1a2\\OXMQ<;UD8A?GVOV1`2\\OXMT;OkD=77@`0FWOW1^2\\OYMU;OjD<87@a0BYO[1[2\\OYMU;1hD;97@T1n0o0]OZMT;3fD::6AT1n0o0]OZMT;4eD::6AS1o0o0]OZMT;5dD::5BT1n0n0]O[MU;4dD::7@R1P1m0^O\\MT;5cD::6@S1Q1l0^O[MV;5aD;;6^OS1Q1m0_OZMV;6`D:<7]OR1R1m0_OZMV;7_D:<6^OR1R1m0]O[MZ;6\\D:=7]OR1R1l0]O[M\\;8YD9>8\\OP1T1l0\\O\\M^;8VD:>7\\OP1V1j0]O]M];:TD9?8XOQ1Z1h0]O]M^;:SD9>\\2c0D]O^M`;8QD<>Z2d0D]O^M`;9PD<>Y2e0D\\O_Ma;8oC=?X2e0D\\O^Mc;8mC?=X2f0D\\O^Md;\\1ZDc1e0C]O^Me;\\1XDc1f0C\\O_Mg;Z1UDf1h0@\\OaMg;Y1TDg1i0_O\\OaMh;Y1QDh1k0^O[OaMk;X1oCi1k0^OZObMm;V1mCl1k0\\OYOdMo;U1kCl1m0[OWOfMR<R1iCn1n0ZOVOgMS<R1fCP2P1WOVOgMU<k4dD_MVOgMW<i4cDaMUOfMS;_OgE[50`MUOgMR;BgEX51`MUOfMR;EgEU51bMSOeMT;FgEU5ObMTOdMV;FfEU5OYNZ:dLfET5OXN[:eLfET5MWN\\:gLfER5NXN[:gLgEQ5MXN\\:iLeEP5NXN\\:iLfEo4MYN\\:iLfEo4MYN\\:iLfEo4MYNFULX:c0UFn4M]NAUL\\:a0UFm4NkNl9XLVFm4MmNm9VLUFn4MlNn9VLUFn4MlNn9WLTFm4NlNo9WLRFm4OlNo9YLPFl40kNQ:ZLlEl43jNR:YLkEn42iNS:ZLiEn43iNU:XLgEP54hNU:YLeEP56gNV:ZLaEQ58dNX:`2hE`MX:`2hE`MY:_2fEbMZ:_2dEaM]:_2bEbM_:]2aEcM`:\\2`EcMa:^2]EcMd:\\2SEmMa0VKh9j;VFYDi9f;UF]Dk9c;TF^Dl9a;SFaDm9`;kEgDU:o;000000000O10O11O0O1O2N100O2O0O100O100OVOkCQGU<o8lCPGS<P9oCnFR<R9PDlFo;U9SDiFm;X9SDgFl;Z9VDdFj;\\9XDaFi;_9YD^Fg;d9f01O101N1O1000O010O01000O0100O100O010O0000001O001O100O100O100O10O01O1O100O100O1O100O100O1OhHhCP4X<oKiCQ4W<nKiCS4V<jKlCX4T<gKmCY4R<fKPDZ4P<eKQD[4n;eKSD[4l;dKUD]4k;aKWD_4h;_InCT1;^5g;]InCT1<`5e;[K\\Df4d;YK\\Dh4c;XIPDV1=c5c;VIQDU1=f5b;TIRDT1<j5a;QISDV1;k5b;mHTDW1:n5b;iHVDW19Q6`;eH[DX16T6_;aH]DZ15W6];^H_DY15Z6];[H^DZ16\\6];YH\\D[16^6a;THXD^16`6R<_InCb6Q<^IoCc6P<]IPDe6n;ZISDg6m;WITDj6k;VIVDj6j;TIVDn6i;RIWDo6i;oHXDR7g;mHZDT7f;kHZDV7e;iH[DY7e;eH[D]7d;bH\\D`7d;_H\\Db7c;]H^Dd7b;[H]Dg7c;WH^Dj7a;VH_Dk7a;SH_Do7a;PH_DP8a;oG`DR8`;lGaDU8^;jGcDW8];gGdDZ8[;fGeD[8[;dGeD\\8[;eGdD\\8\\;cGcD_8];`GcDa8];]GdDd8\\;WGgDl8Y;QGhDP9Z;jFiDW9\\<2N1N101O1O1OkGmBe6R=ZIPCf6o<QI[Co6d<oH_CQ7`<oH`CR7_<mHcCS7\\<lHeCU7Z<jHgCW7X<hHiCY7V<gHiC[7V<eHiC]7W<aHiCb7U<[HmCg7S<WHmCk7S<SHnCn7Q<PHQDQ8o;lGRDV8o;fGSD[8n;bGSD_8S=1O1N2N2N2O2N001O1N2O1O1N101O1N2N2O1O001O1O1O1O1O1M3N2O100O1O001O100O1O100O100000000001O001O1O2N2N?A2N1O000000O100O1O1O10WHkBm5T=SJnBl5Q=TJPCl5o<SJSCm5m<QJUCo5j<nIYCS6g<iI]CW6c<gI^CZ6b<cI`C^6`<_IbCb6^<\\IcCe6]<ZIcCg6]<WIcCk6]<TIaCo6`<jHdCX7]<cHeC_7]<[HeCg7\\<THfCn7a=2N2O1O1N2N2M3N2O1O1O1N2M3N2O1O1O001JVG[Bk8d=60001N100003M:F3M2N000000O1O1N2M3M3N2M3N2N3O01O1O1O1N101O1O2N2N2N1O1O1O0000O100O1O1N2N2M3N3M2O1M3F:L4N200O1O010001O1O001O00000000002N?A3M3M:E20O0O100O10000000O1000000000003M2N1O2N1O1O001O001ON2N2N2M3\\O]GjBj8V=VGhBl8c=02N001O1O2N3M2N1O2N2N6J2N2N3M3M2M4M1O1O00O1O2O0N2M3L4L4N2O1O10000O100O100O1oNlG\\CT8a;cGfDd0Aj7h;dGeDk0ZOb7Q<cGfD`9Z;aFeD_9[;aFfD^9[;dFaD]9_;o01O00001O00001N101O1O2N2N2N1O001O010O002N1O2N1O2N1O1O001O001O1O2N2N1O1O001O1O1O1O1O2N1O2N1O1O1O1O001O00001O1O00O1O100O100000000001O001O10O01O0O2O001O0010O0001O000000O1O1I7O10000O100O1O1O100PORGTDn8k;TGTDl8k;UGUDk8j;WGVDh8i;YGWDg8i;ZGVDf8k;ZGTDf8m;ZGQDh8n;]GlCd8U<^GfCd8[<m010O0001O1O1O1O10O01O001O001O001000O10O100O0100O1O01001O01O0O00100O001N2O1N2N2O1O001N101O1N1O2OeN_F^E_9^:gFbEW9^:kFaET9_:mFbER9^:oFaEQ9_:oFmDFMZ9W;PGlDGLY9W;RGlDENW9X;SGjDFMW9Z;UGgDECa9f;lFfD\\9Z;fFdDZ9];fFbDZ9^;gFbDX9^;hFcDV9^;jFcDU9];lFbDT9_;kFaDT9`;nF^DR9c;PGYDP9h;SGTDn8m;TGoCl8R<n0001O0001O01O1O1OiNfEoEY:P:iEPFV:P:kEoEU:Q:kEoEV:P:kEPFT:Q:kEoEU:Q:lEnET:R:mEmES:R:PFmEo9S:SFlEm9R:UFmEk9LaEg86WG?6j9JcEg85YG?5i9KdEe86ZG=6i9JfEe84[G=6j9HgEe83^G<4k9FhEh81^G<4k9AmEl8N_G:4k9^OoEm8O`G93j9^OnEo80`G92]:7kDY7a0]H83Z:7nDX7b0^H72X:8PEW7b0^H72W:8QEX7a0^H82V:7REX7`0_H91U:7TEX7>`H:0T:7UEY7>^H;2n9:YEV7>_H<Ok9=[EV7?]H>Mf9b0YEX7d0XH>Nd9b0UE]7j0RH>Nc9`0XE`7h0QH>O`9=^Ec7d0QH>0_9;aEc7c0QH>0^9<aEc4JdMi0]M>0^9;bEc4KdMg0^M?O]9<bEb4LeMg0^M>O[9<eEa4MeMe0_M?NZ9<fEb40aMa0cM`0NV9:mEc4McM`0bM?NV9;nEb4McM`0bM?OT9:PFb4NcM`0bM>NT9;PFb4OZLEEj0VO>OS9:QFb4OYLGEh0XO>MR9<SF`4NZLICg0YO>MQ9=SF`4NYLKDd0YO`0LP9>SF`4OXLKDc0[O`0Jo8?UF`4NXLLCc0[O`0Jm8?WFb1]Ok0`0[NOC?\\Oa0Jl8?YF^1@o0<[N1A>^Om:7kD_1^Oo0;\\N2B<]Om:6mD`1^Oo0:[N4B:^Oe0Hc8=cFa1]Oo0:[N4B;]Od0Ib8=eFa1]On09\\N4B;^Oc0Hc8=eF`1^Oo08[N5D:\\Oj:6RE_1]OP18[N5D;[Oi:6SE`1\\OP19ZN4E;[Oi:6SE_1]OQ18YN6E:[Og:7TE`1]Oo09ZN5E:[Og:7TE_1^OQ16ZN7D;ZOe:8VE^1^OR15ZN7D<YOd:9UE_1_OQ15ZN8C;YOd:9VE`1_OQ14YN9E:VOe:8XEb1]OQ14ZN8ET<]OTDc1\\OQ14ZN8ES<]OVDb1\\OR13ZN8ES<\\OWDc1[OQ15ZN7EQ<]OXDc1\\OQ14ZN7EQ<\\OXDe1[OQ15YN7FQ<XOXDi1[OR14WN9EV=Q1^BT12XN9DU=o0bBU10XN9DT=o0cBV10XN9CS=n0eBW1OXN9CS=n0eBW10VN9ER=m0fBW10WN9DQ=m0gBX1OWN9DQ=m0gBX1OWN9Dj<YO\\Be1b0W1OWN:Bj<U1nBR1NXN9Ak<U1mBS1OWN:@i<W1nBR1OXN9_Oj<V1oBS1NXN:^Oi<W1nBT1OWN;\\Oj<X1lBU1OWN;\\Oj<X1lBT10XN;ZOj<Z1kBT10XN<XOj<\\1jBT10XN=WOi<\\1iBW11VN=VOi<^1hBW12VN?QOh<a1hBX11VNa0oNe<d1hBX12VNb0kNe<f1hBY10WNd>`0\\AY10WNd>`0\\AY11VNc>`0]AY11WNb>`0]AY11WNb>?^AZ10WNb>>_A[1OWNb><aA]1MXN`>;dA]1LXN`>;cA^1MWN`>:dA_1KXNa>9dA^1LYN`>9dA^1MXN_>:dA^1MXN_>9eA^1MYN^>9eA^1MYN^>8fA_1LYN_>6dAc1MWN_>5dAf1LVN`>2dAi1LUNa>1cAj1LUNb>OcAl1KUNc>NbAm1KUNf>K_Ao1LVNf>I_AQ2KVNg>H]AS2MTNf>H^AT2LTNg>G]AT2LVNg>E^AU2KVNg>E]AV2LUNg>E]AV2LUNh>D\\AW2LUNh>D\\AW2LUNh>D\\AV2MVNg>D[AW2NUNg>D[AW2OTNe>E]AW2NTNe>E\\AX2OSNd>F]AW2NTNe>D^AX2MTNd>E_AW2MSNe>E^AY2MRNe>E^AY2NQNd>F^AX2ORNc>E_AY2NRNc>E_AY2NRNc>D`AZ2MRNc>CaA[2LRNc>TOd@Mm0n2LQNd>POi@Li0S3JQNd>oNRBP3ZOQNd>nNSBQ3YOQNe>lNSBS3XOQNe>kNTBT3WOQNf>iNTBU3WORN]`0o1c_OQN]`0o1d_OoM]`0Q2c_OoM\\`0Q2e_OnM\\`0R2d_OfMc`0[2]_OcMe`0]2[_ObMf`0^2Z_OaMg`0_2Y_OaMg`0_2Y_OaMg`0_2Y_O`Mh`0`2X_O`Mh`0I^^Oo1j0XNi`0H^^Oo1i0YNi`0G_^OP2h0XNj`0H^^OP2h0XNk`0F_^OP2g0ZNj`0Ea^OP2f0ZNj`0Cb^OS2d0ZNk`0Ab^OT2d0[Nk`0_Ob^OV2c0[Nl`0]Ob^OW2c0iMQO2MOoa0M`^OZ2d0fMZO2Tb0Z2S_OeMl`0\\2U_OcMk`0]2V_OaMj`0`2i1N101]Nf[Od0Zd0[Og[Oe0Zd0YOh[Of0Xd0YOi[Og0Wd0XOl[Of0Ud0YOm[Oe0Sd0ZOP\\Od0Pd0\\OQ\\Oc0oc0]OQ\\Ob0Pd0]OQ\\Oc0Pd0\\OQ\\Oc0oc0]OQ\\Ob0Pd0]OQ\\Oc0Pd0[OP\\O4@Kgd0Ik[O9BJgd0Kg[O;EFgd0Me[O<md0BT[O>de000O10001O0000000O10001O1N100000O1N2N2O10000000O10000001O00000000BjYO7Wf0IjYO6Vf0IkYO6Vf0KiYO4Wf0NhYO2Xf071O1O1O1N2N2O100O10001O0Nlf00ibN1oe00PZO0oe01PZO0Pf00PZO0_f0N\\a`4"}}, {"id": 1, "image_id": 0, "category_id": 0, "bbox": [1006.0, 301.0, 279.0, 422.0], "area": 117738.0, "iscrowd": 0, "segmentation": {"size": [730, 1290], "counts": "Zg]f09^f04O2M2O1O1O001O001O000hN^OY\\Oa0fc0BX\\O>gc0EW\\O;ic0FW\\O9ic0IU\\O87_OXb0:a]O75BYb08a]O65EXb06c]O45HVb04e]O54IUb03f]O45KTb00g]O55MRb0Oh]O56LS`0Af@>RO45OQ`0Af@=SO360P`0Be@<TO360P`0Bf@;SO370P`0Bf@=_N]O:d0a01o?Bf@g0gNFd01o?Ce@g0gNFd01P`0Be@h0eNEf01Q`0Bc@i0fNCg01P`0Db@i0fNBh01Q`0Da@i0eNBi01Q`0E`@h0fNCh00S`0D_@j0fNAi01Q`0E_@j0fN@j01R`0E^@j0eNAj00S`0F]@j0eN@k01S`0E\\@k0fN^Ol01S`0E[@l0fN_Ok01T`0Do_OFVOW1K^Ol02S`0Dl_OJYOR1K^On02R`0Ck_OMYOQ1L\\On04Q`0Ck_OMYOR1J[OQ16o?@k_O0YOg1m0kNm?^Ol_O2XOe1o0kNm?_Ok_O2XOd1P1lNm?]Ok_O3XOd1P1lNm?^Oj_OW2:[Nl?^Oj_OW29[Nn?^Oi_OV29\\No?]Oh_OW29]No?\\Og_OW2;\\No?]Of_OW2:]No?]Of_OV2;]NP`0]Od_OV2<^NP`0\\Oc_OW2=\\NQ`0]Ob_OV2=^NP`0]Ob_OU2>^NQ`0]O`_OU2?^NR`0]O^_OV2?^NR`0\\O__OV2?^NS`0\\O^_OU2`0_NQ`0]O^_OT2a0_NR`0]O\\_OU2a0^NS`0^OZ_OV2b0]NT`0\\OZ_OX2a0\\NV`0\\OX_OY2a0\\NV`0]OV_O[2a0XNZ`0]OT_O]2`0VN]`0]OQ_O_2b0TN]`0]On^Ob2d0QN_`0d2`_O\\Ma`0d2^_O\\Mb`0f2\\_O[Md`0d2\\_O\\Me`0d2Z_O\\Mg`0d2X_O\\Mh`0d2X_O]Mh`0c2W_O]Mj`0b2V_O^Mk`0b2T_O_Mk`0a2U_O_Ml`0a2R_O`Mn`0`2R_OaMn`0_2Q_OaMPa0^2P_OcMPa0]2n^OdMSa0[2m^OeMSa0\\2l^OSMGG]a0V3k^OSMIFf?CkAd3fNRMND_?JkA`3gNRM0C^?MjA^3gNSM1A_?NiA^3fNSM2B^?OhA\\3hNTM1A`?0fA[3gNUM3@`?2eAY3eNWM7]O`?3cAY4lNeKl=H]C<JV4mNfKk=L\\C8KV4oNeKh=0^C5KU4POfKe=3_C2LT4ROeKb=7`C0LT4QOeKc=9_COKS4TOdKb=;^COLQ4TOfKa==]CMLP4VOfK`=`0^CILP4VOgK`=c0\\CGMn3WOhK`=f0ZCDNn3XOiK_=g0ZCCNl3YOjK_=i0ZC@Mm3ZOjK`=j0XC_ONm3YOkK`=j0YC_OMk3ZOlK`=l0XC]ONj3ZOmK`=n0VC\\OOi3[OnK_=o0VC[OOg3\\OoK`=P1UCXO0h3[OQL_=P1VCXOOg3[OQLa=Q1TCWOOg3\\OQLa=S1RCWONf3@PL_=U1RCVOMe3BPL`=U1RCUOKg3BPL`=U1SCUOIf3DPL`=V1SCTOHf3EQL`=V1RCTOGf3GoKa=X1QCROFg3HoKb=Y1PCPOEh3IPLb=Y1oBPODh3JoKe=Y1lBQOBh3MnKg=Y1iBRO[Om36gKh=Z1fBl3AkJj=X1fBk3AlJj=Y1eBj3AmJk=Z1bBi3CnJj=[1bBf3DoJk=[1aBe3EoJj=]1aBd3DoJm=]1^Bc3EPKn=^1\\Ba3FRKP>\\1YBa3HRKQ>\\1WBb3HQKR>]1VBa3IRKP>^1WB`3IQKQ>a1TB]3KSKP>b1TB[3KSKk<LhCh1AX3LTKi<5eC^1FX3LVKg<9cCZ1JW3KVKi<=VC_15m2LWKk<Q3VCg10XKk<Q3TCg10XKm<R3RCe12XKm<S3QCd13YKm<R3PCe12YKP=S3kBd15YKQ=S3iBe15YKS=Q3fBh16WKU=Z8jBfGX=Y8gBhGZ=W8eBiG]=X8_BjGb=f81O2O0O3M4M1N2O1N3N2M2O1N2O1N4L3N1N101N2N3NaM]HhE`7X:cHfE]7Y:fHfEX7Y:oHcEP7\\:VI`Eh6a:[I]Ed6c:_I[E_6g:cIWE\\6i:gIUEW6m:jISET6n:mIPER6S;nIkDR6V;PJgDo5Z;TJfDi5\\;WJcDg5^;]J]Dc5e;_JXD`5i;bJTD_5m;bJQD]5P<eJnCZ5R<jJkCU5U<QKeCo4[<ZK\\Cf4d<\\KZCd4e<aKWC`4h<i2O1M3G9N2O1`MeEaH[:[7lEbHT:]7_FQHa9n7hFjGX9V8TG\\Gn8d8^GnFd8S9a200000000O10000001O1O2N5K3M3M5K5K4L4L3M1O1O1O1OO1O100O11O002N2N4L3M3M4L4L5K5K7I6J6J9G8H4L3M2N2N3M2N2N3M3L4L7HX2]Go_OMM7NOO13J14n0Mbd3"}}, {"id": 2, "image_id": 0, "category_id": 0, "bbox": [915.0, 7.0, 371.0, 383.0], "area": 142093.0, "iscrowd": 0, "segmentation": {"size": [730, 1290], "counts": "nY\\d04ef02N2N2N101N3N1O1O1O0000001O0000001O0000000000000O10001O0000000000O1001O0000001O0O2O2N2N2N1O00001O0000O100O10hBVO`4j0[K^Ob4b0\\KCa4=]KGa49]KKa46]KLb44]KNb42]K0b40^K0b4O^K2b4N]K4b4LfDSOZ5S1o5KeDUOX5R1S6IdDXOP3JlMV1`:HaD]OP3IlMS1b:GaD@n2HmMR1d:F`DBn2GlMR1f:FnCSOK`0d3DmMT1f:EkCXOJ>h3@lMV1g:EhC[OI=k3\\OmMX1g:FcC:j3cNoM^1d:Y1\\IhNd6Y1YIiNg6W1XIjNh6V1\\G]MeM_1o:T1\\G`MaM]1S;S1[GaMaM]1T;R1ZGcMaM[1U;R1YGdMaM[1V;R1WGdMbMZ1X;R1UGfMaMY1Y;R1UGfMaMY1Z;Q1UGfM`MZ1[;Q1SGgMaMX1\\;R1RGfMaMY1];Q1RGgM`MX1^;R1PGgMaMX1_;Q1PGhM`MW1`;R1nFhMaMV1c;R1kFiMaMU1d;R1jFjMaMU1e;R1iFiMbMU1e;R1iFjMaMS1g;S1gFlMaMQ1h;S1gFmM_MQ1j;S1eCQMd2l0UMVO?j1S<S1cCTMe2T1bMe0V<T1_CWMg2R1cMc0W<c1UFkMcMb0X<c1UFlMbM`0Z<e1RFmMbM?\\<d1RFnMaM>\\<f1RFmMaM=]<f1RFmMaM=]<g1PFnMaM<_<f1PFnMaM<_<g1oEnM`M<a<g1mEnMaM<b<g1lEnM`M<d<f1kE3U:NiE3W:NgE3Y:MgE3Y:NeE4Z:LfE4Z:MdE4\\:LcE5]:LaE5_:K`E6`:K^E6b:K\\E6d:KUE;k:FSE<l:DPDQL=\\4c;DlCTL`0X4d;EjCTLa0X4e;DiCULa0X4f;CfCYLa0V4i;A`C_Ld0T4k;]O^CbLf0R4l;\\O^CcLd0R4n;[O^CcLd0R4o;2PDNP<2oCOQ<1oC0P<0PD0P<0PD0P<0PD0P<0PD0P<0PD0P<0PD1o;OPD2P<NPD2P<NPD2P<NPD2P<NPD2P<NPD3o;NPD2P<ZO`C\\L?[4Q<YO`C]L>Y4T<YO^C^L>Y4T<YO^C_L=X4U<YO_C^L<Y4U<YO_C^L;[4U<WO`C^L;[4V<VO_C_L;[4V<WK^Ch31fL;[4V<VK_Ci30fL:\\4X<SK_Ck3OfL:\\4]<oNYCeL9]4^<nNYCeL8^4_<mNYCeL8]4_<oNYCdL7^4_<oNZCcL7^4^<PO[CbL6_4_<oN[CcL5^4_<PO[CcL5^4_<G`C:_<H^C:b<RO^Cb1a<^NaC`1`<`NaC_1_<aNbC^1]<dNbC\\1^<eNaC[1_<hN`CV1`<kN`CT1`<lNaCR1`<nNaCQ1_<POaCo0_<QObCn0^<RObCn0^<SOaCn0\\1aJ`9b4SEm0\\1cJ`9a4SEl0]1cJ`9a4REn0\\1bJb9a4QEm0\\1dJb9^4SEo0X1eJe9\\4TEn0V1hJe9Z4UEn0U1iJf9Y4UEo0T1hJg9Y4UEo0S1iJh9X4UEo0R1kJh9V4VEP1P1kJj9U4VEP1o0lJk9T4VEP1n0mJl9S4VEQ1m0lJm9S4VEQ1l0mJn9S4UEP1l0nJo9R4UEP1k0oJP:Q4TER1j0mJS:i9kEYFU:g9jEZFV:f9iE[FW:e9hE\\FX:e9gE[FY:e9fE\\FZ:d9fE\\FZ:d9dE]F]:d9`E^F`:b9^E`Fb:`9\\EbFd:_9YEbFh:_9TEdFl:e:0O10000O100O100O100O100O100O100O100O100O100O1O100O1O100O1O100O1O1O1O10000O1J6OZD`ET;U;N100O000000O1000000O10000O001O1O10O10O1000001O00O101O001O000000000000O1O1N2L4L4O1O100O1O1O1N2N2\\NdDiG];T8PE^GT;a8YEoFk:Q9_1O10000000000000000000000001O001O1O1O1O2N3M5K5K4L3L5L3M2N01O0000000001O001O1O001O001O00000000O100O101M2O1O2N2M2M4M7H6Hg0nFUBh2M71nLbb0OPk2"}}]}