{"images": [{"id": 0, "file_name": "images/47341_5whAB7vdRv.jpg", "width": 1290, "height": 730}], "annotations": [{"id": 0, "image_id": 0, "category_id": 0, "bbox": [177.0, 161.0, 850.0, 443.0], "area": 376550.0, "iscrowd": 0, "segmentation": {"size": [730, 1290], "counts": "Ran31hf02N101_ONXZO2fe02XZOOfe04WZON`0K]d08Q[OO`0J_d08P[ONa0J_d0h0`[OXORd0Ne[Oj08YORd0Od[Oi09YOSd0Oc[Oi08YOUd00`[Oh0;XOUd0V1j[OjNWd0U1h[OlNXd0T1g[OnNXd0S1f[OnNYd0T1e[OmN[d0S1d[OnN\\d0S1b[OnN^d0S1`[OnN<Cac0`1Q\\OoN<Ccc0^1P\\OoN<Ecc0o1\\\\ORNdc0n1[\\OTNdc0l1Z\\OVNgc0j1W\\OWNic0i1V\\OXNjc0\\2000O1000000000O101O0O101O1\\\\OZMRc0g2i\\O_MTc0Y3K0O2G8O11O0O10000000O2O0]OVLU^Om3ga0g0L5I4M3N2N1O1HfJo^O\\5o`08O2N100O1O1O1O2O1N2N2N1O10000O0100O10O01000N110O1O100O100O1O1O1O1O2N1N200O1o_ObIf?^6[@bId?]6]@eIa?[6_@gI^?Y6c@jIZ?V6f@lIW?U6i@lIV?U6i@SJo>m5QAYJh>h5XAZJf>f5ZA\\Jd>c5]A\\Jc>e5]A[Jc>e5]AaIHb0l>l5^A`IGd0j>m5^AaIG3O5m>X6\\AYJU>UOkAc6OYJU>XOhA`63XJT>V6lAkIS>U6mAkIJSOS>R7SBkIHUOU>o6TBSJ^=lNbB^4LlM3kN^=oN`BS1Jj18WO1kMKg0b=\\O^BQ1Li19WMHU11nN6JLOKa0g=C]BS43cMK]N8JIg0c=]O^BR40gMMYN:j0[=UO\\BP43jMKVN<j0[=WOZBo33WNN_M6T1_=Z6[BeH4P1b=[6ZBeH4Q1a=T3ZBjN2RM20M3N<g=b3^BPLNb20]M2OO2N>e=`3aBoKLd20_M0M13M`0b=_3bBQLMa21_MOO12Lc0a=\\3bBmN1]MNd0^=Y6dB^JW=c5iBaJR=a5lBbJQ=_5oBaJQ=i5nBoIQ=o5SCoIl<P6VCQJi<o5XCQJg<o5YCQJg<P6WCRJh<P6VCPJj<P801N2O1N2MgI_C^2_<cMbC^2\\<bMcC`2[<aMcCb2[<P4O0O2O0O10[NgCjHX<U7jCjHV<JRDb5IeJT<kNhC><Q6HgJS<HUDb5GgJT<FSDe5HfJU<FlCk5N`JV<DiCj7W<UHiCl7V<THnCi7Q<VHRDh7n;XHSDh7m;VHTDj7l;VHTDSOG[8U<bHTDk7k;UHSDm7m;SHQDo7o;RHoCo7Q<QHnCQ8R<nGnCR8R<nGmCD4]7o;oHmCC6]7m;PImCB8]7k;QImCB9]7i;mIWDS6h;oIVDR6i;oIWDP6g;TJXDl5MkGa;]2`Di5NkGa;`2]Df52kG_;k:aDUE_;k:aDUE^;m:aDSE_;m:aDSE_;m:aDTE^;l:bDUE];k:cDWE[;i:eDXEZ;h:fDYEY;]1eDc70QG[;V1mDS8T;ZG^Ee8c:ZG_E7XOT7Z;dH_EOTO[O5o7Y;hH^EMUO]O3n7Z;hH^E9SOR75iGR;m0fEb8UOcFT;m0fE`8VOcFT;m0VEUON[9HdFR;m0UEYONW9KcFR;m0SES9LPFQ;m0SES9LPFP;n0SER9OoEn:n0SE`7JRI5`Nn:o0QET91nEn:m0PEW90mEP;l0oDb9P;^FoDc9R;\\FnDe9R;Q110001kMlDaHU;UNQENJd81kHNhNV;ISEk8IRIT;SNPEn8JPIV;VNjDQ;U;;O000O1O2O000O101O00HQEeDo:[;REeDm:[;SEeDm:[;REfDn:c;0001O001O1N101N100O100O10001O001O1O0001O001O0010O01O010O000000000001O001O1O0001O01O00000O100000001N2O2L201N100O2M2O1O100O10HoEgCP:Z<QFeCo9[<QFeCn9\\<RFdCn9\\<RFdCm9^<QFbCo9_<QFaCo9_<QFaCm9a<TF^Ck9c<UF]Ci9e<WF[Ci9e<WF[Ch9l<O2O0N3O1N10O010H^FXCa9i<`FVC`9j<`FVC`9S=O1N101O0000oLdFdH[9[7iFkEM`2Z9d7kFiENb2W9d7SG]Hm8c7SG]Hl8d7QG`Hn8_7RGbHn8^7QGcHo8\\7RGdHn8\\7QGeHo8h1fFm0;\\Mo8f1gFn0:\\Mo8f1hFm09]Mo8f1hFn07]MQ9Z7mFgHS9a:O001OVMiFQHW9o7iFPHX9P8iFoGW9Q8iFoGW9P8jFoGW9R8hFoGW9Q8iF`EOX2V9X8kF_E0Y2U9Y8iF^E3Z2S9^8nFbGR9]8oFcGQ9Z8RGfGn8Y8SGgGm8Y8SGgGm8Y8SGgGm8[8PGgGo8R;0000O1000hMlFjFS9V9nFjFR9V9nFjFQ9W9PGhFP9W9QGiFo8W9QGiFo8W9QGiFo8W9QGiFo8W9PGjFP9T9TGjFl8V9\\GbFd8^9]GaFc8^9_GaFa8_9_GPFBSOo8m:_GPFIkNi8V;]GoEJlNh8W;]GlEDTOP9o:\\GmECUOQ9o:[GlECVOR9o:ZGkEEUOP9T;WGhE3iNg8d;PGcE`9l;O010O2O00001bFiBW9W=hFjBX9V=iFiBV9k;hF^E^9a:cF_E]9a:dF^E\\9a:eF_E[9a:eF_E\\9`:dFaE[9^:fFgE1bNk8g;TGiENbNm8d;VGiEOaNl8e;WGgES9X:nFeEU9[:kFdEV9\\:kFbEW9]:iFdEV9[:kFhER9X:mFkER9T:nFmEQ9S:oFnEQ9Q:oFoEQ9Q:SGkEm8U:WGgEi8Z:WGeEj8Z:VGeEk8[:UGfEi8[:WGfEg8[:YGfE@hNQ9b;^GmE`8T:_GmEa8T:^GlEb8[:XGdEg8_:XGZEJhNo8P<VGVEP9k:PGPDKm0U9U;VGjDj8W;TGkDk8W;QGkDo8W;nFkDOlNm8Y<TGkDMoNn8W<SGlDNmNo8W<SGkDOnNn8W<RGlD1lNm8`=TG`Bm8_=TG`Bl8`=SGaBm8_=SGaBn8_=PGbBP9P<PG^EQ9`:QG_Eo8`:RG`Eo8^:RGbEo8\\:RGdEo8[:QG_EKiNT9g;QG`ENfNS9i;oFaEW9_:hFbENfNU9g;lFkES9V:jFlEV9l;O10TNTGjEk8W:^G`Ea8a:`GXE\\OTOT9d;`GnD]O@1MQ9f;aGmD^O^O1Oo8g;bGlD^O^O1Oo8h;aGkD^O@0NP9h;bGZE^8g:aGYE_8h:`GXE_8j:`GVE`8n:\\GREd8Q;ZGfDIVOl8W<YG\\D4ZOd8Z<YG[DU9g;hF_DS9c;kF_DS9b;kFbDS9c<O0000DnFPCR9n<TGnBm8Q=VGkBk8T=>01OgFmBm8R=QGoBP9P=PGQCo8o<QGPCP9P=PGPCP9P=<100O10001O0O2O1^FnBZ9Q=gFoBY9Q=iFlBW9T=kFjBV9V=7O101O010O00100N101O1N20O105J1O000000O1000000000O10O100N2N3N1O10001O1O004M2M010O10OaNnEVFR:j9nEUFS:k9mEUFT:X;0O1O00100O1000000O1000000000000000000O1000000O100O100O101O0000000O1000O1001fNcEUF]:k9dESF^:l9dEQF^:m9dERF\\:n9dERF]:m9dERF\\:o9cEQF^:n9bERF^:n9cEQF]:P:bEoE_:R:_EoEa:R:^EnEb:U;00000000O001O1N2M3O100O10O010O1O0dNiEVFX:i9iEWFW:h9jEWFV:i9kEWFU:h9lEXFT:h9lEXFT:h9lEWFT:i9mEWFS:i9lEWFT:j9gE[FY:e9fE[F[:d9fE[F[:f9dEYF^:f9aE[F_:e9aE[F_:e9aEZF`:f9`EZFa:e9_EZFb:f9^EYFd:f9\\EYFe:g9[EXFg:g9YEXFi:g9WEYFj:e9WE[Fi:d9XE\\Fi:c9WE\\Fk:c9UE]Fl:b9TE]Fn:c9PE^FP;e:2O0O3N1O1O1N2O1N2N1N3_N_DfGb;X8aDfGa;X8`DhG`;W8aDiG_;V8bDjG^;U8bDkG_;U8aDlG\\;V8dDjGV;\\8iDeGR;`8mDbGP;`8lDdGS;]8lDdGT;\\8lDcGU;]8kDbGU;_8iDbGX;Z8kDgGU;X8mDfGT;Z8lDeGU;V7iDjGM17n0T;n6SEnGI08l0m:i6gDVHa01KM2Q1l:i6mFVIU9g6mFXIU9f6kFZIX9c6hF^IY9a6cFcI_9Z6cFdI`9Z6cFaIa9^6_FYIcM^OR<W7PDiHl0`0DOC]OP<f7nCfI=VOm;e8SD[Gn;e8RDZGn;f8RD[Gm;Y6mCUK6cNl;V6RDVKGQN4c0R<U6SDYJDJ2VO5a0R<W6SDXJDL<Dm;Z6QDXJDL=An;]6PDXK1ZNn;b6nCUK4YNk;e6QDQK5YNj;f6RDPJGK=^Oj;g6SDoIHJ;@j;f6VD]IDN3>9@k;d6XD_I6<HAi;d6ZD^I6=GAi;d6YD_IEDN11f0`0\\Oc;S7PDXILl0d0fN`;X7nCVIMm0f0cN`;S8hCZIi0cN_;c9mCbFc<[9_CeFb<l7WCYI8kNb<j7WCZI9kNa<j7VCZI:kNc<j7RC[I;kNf<Q9\\CkFi<S9`0O1O000000eBRGk<m8TCVGj<a5oB\\M6TMl<^5PC]M4TMn<^5nB_M4PMQ=`5jBbM4mLS=d5dBcMh=P3YBXJ0a1f=T4]BYJOb1e=T4\\BZJOc1g=o3[B^JMe1P>b3TBkJKd1S>\\3TBYMl=f2SB[Mm=i500O1000jKoAdMOIR>b2PBDP><PBCQ>=oA]OV>d0iAYLNX2[>_1gAZOZ>c4O2O0OeMjAULU>j3mAVLQ>k3nAVLR>`2kAmNU>S1kAnNT>Q1nAnNR>OmA[MOg2T>MoAU1Q>kNnAU1S>lNkAU1T>h31000O0100jGlAf7T>XHoAf7R>YHoAe7S>ZHoAT5HoL]>lMlAS4LPL>n1k=nMmAQ4OjK?W2f=kMnAS4k0QNj=n1VBZLhNW1S?^2UBSNl=l1TBUNl=j1SBWNn=h1RBXNn=h1RBXNn=h1RBWNo=i1QBVNP>j1UAPL<V2_>j1UASL9R2c>k1VAQL7S2d>l1nATNR>l1nATNR>`0g@eNX1j0Q>3i@nM5S1Q1l0Q>3i@nM5S1<QOGj1o>R2g@hL4Q1\\?W53M201O1O1O1O10000_KV@R2j?iM[@W2e?hM\\@X2d?gM]@Y2b?gM_@Y2a?fMa@Y2_?fMb@Z2^?fMb@Z2^?eMd@[2[?eMd@\\2\\?eMc@\\2\\?dMd@\\2\\?dMc@^2\\?bMd@^2\\?bMd@^2\\?bMe@]2[?bMh@\\2Y?bMi@o1DXLc?i1i@n1FXLa?i1l@m1DXLb?j1l@k1EWLa?m1m@Z1YOUMX`0`1`@X1[OWMU`0a1a@U1]OXMT`0Hg_Oc1j0[1]OYMY`0[1[@[1]OYMX`0[1]@Z1]O[MV`0Z1_@X1]O]MT`0[1a@V1[O_MT`0Z1d@U1YO`MT`0Z1c@U1ZOaMS`0Y1e@U1XObMS`0X1f@V1XOaMR`0X1h@e0fN\\N`0HQ`0U1k@e0fN^N>HQ`0T1l@d0hN_N<GR`0U1j@d0iN`N<FQ`0U1l@c0iN`N=Fn?W1l@b0jNaN=Em?W1m@b0kN`NSa0Le^O;MGa1a1kNaN^a03Z^OI_1_1mNcN\\a03Z^OIg1U1fNnNZa03[^OIg1o0jNTOUa02`@g0^NUOTa02_@h0^NVOjc0i0W\\OWOic08Z[O1n0Ghc07[[O1n0Hhc02_[O4k0Igc00b[O3i0M^hk5"}}, {"id": 1, "image_id": 0, "category_id": 0, "bbox": [1138.0, 309.0, 148.0, 378.0], "area": 55944.0, "iscrowd": 0, "segmentation": {"size": [730, 1290], "counts": "_e[i02Yf0OTZO6ge0OSZO4ke0ORZO4le0>N7J3L2O0O2N1N2N2N2N2O1O100O100O101N1N2[OZNT\\Oi1kc0XNR\\Ok1lc0XNP\\Ok1oc0VNo[OP2kc0RNS\\OP2lc0QNR\\OP2nc0?O001O00000O2CUMi\\Ok2Vc0WMh\\Oj2Xc0WMe\\Ol2Yc0;000000O100000000000O\\AjLf9V3XFWM]9i2aF^MZ9a2dFfMW9[2gFiMV9Y2hFjMV9V2iFlMU9V2iFmMT9\\2dFeM[9]2cFeMZ9\\2eFfMZ9[2eFfMY9[2gFgMV9[2iFfMU9[2jFgMU9Y2jFiMU9W2jCQLR2j1S:T2lCSLI0]1k1m:R2lCULG1^1j1n:P2mCVLE2^1j1o:m1nCYLB2a1h1o:m1nCZL@3a1i1o:i1QD]L[O3e1h1o:f1QDXMm0T1Q;d1QD[Ml0R1Q;d1PD^Mn0o0Q;b1jCiMR1g0S;`1iCnMQ1c0T;_1kCPNP1b0S;_1lCQNP1a0R;_1mCRNP1a0P;^1oCRNQ1a0n:_1oCQNS1a0m:`1lCRNV1?m:k3SEVLl:j3TEWLk:i3TEXLl:i3SEXLl:h3SEYLl:i3SEXLl:j3QEWLo:Q4iDPLU;R4iDoKU;T4jDlKU;V4iDlKV;T4jDlKV;T4iDmKX;S4gDmKY;T4TDWI2g2i;d4SD]Kn;g700010O01O00000O2N1N2O2N100O2O001N101N101O00001O001O00100O1O2M3N1N2N2O000O10000000000001O1N3iEVEU8e>mGiAaNFV1MmN_o2"}}, {"id": 2, "image_id": 0, "category_id": 0, "bbox": [6.0, 605.0, 203.0, 120.0], "area": 24360.0, "iscrowd": 0, "segmentation": {"size": [730, 1290], "counts": "kl4c2ac0jMe\\O[2Xc0d0O1O101N100O1000000O1000000O100000000000000O1000000O10000000000O10O100001O000O100000000000000000000O1000000000000000O10000001O00000000000000000000000000O101O000000001O0000001O1bMj\\OV1Vc0iNl\\OV1Tc0jNl\\OV1Uc0iNk\\OW1Uc0W1001O00001O001O00001O00001O0O100000001O000000001O000010O01O00001O00001O00001O00001O00001O001O0000001O00001O001O001O001O00001O00001O001O001O1O1O001O1O2N1O2N1O2N1O2N1O2N1O3^N\\[Oh0ld0jN^[OR1Xe0M1O2N1O2N1O2N1O1O2N2N1O1O1N2O1O1O1N3M3M2O1NQnQh0"}}]}