{"images": [{"id": 0, "file_name": "images/62733_5ead5dfd2859e.jpg", "width": 1290, "height": 730}], "annotations": [{"id": 0, "image_id": 0, "category_id": 0, "bbox": [410.0, 9.0, 472.0, 656.0], "area": 309632.0, "iscrowd": 0, "segmentation": {"size": [730, 1290], "counts": "ddT9=Yf09F8I6J5M4L3L4K6K4M4K4KlNn[OIlc04_\\OKZc06l\\OJob05V]OKeb06_]OJoa0e0T^O[Oba0h0e^OXOWa0i0m^OVOPa0j0S_OVOk`0k0W_OTOf`0o0Z_OPOd`0S1]_OmN_`0U1c_OjNZ`0Y1g_OfN_>9[@T1V1cNU>j0[@f0_1aNo=c3RB]Lh=i3XBWLa=P4_BPL\\=V4cBiKY=]4eBdKV=b4iB^KP=i4PCWKj<S1dAj1b1SMe<f0`BR2j0XMb<g0iBP2c0ZMa<d0RCR2;\\M^<`0_CS20`M\\<:mCU2EcMZ<7XDT2UOPN\\<JiDS2^NdN`<XO\\ETO^M^5h<^K_Fd4V9]KQGd4g8[K`Gf4W8[KoGf4h7]K^Hc4Y7]KoHc4l6\\KZId4b6ZKeIe4TN_Jn4h0VMh4hMdJn4>fMl4XMjJj45]No1SJkM>c1V2bNd40mNd1XJnM<i1h1jNa4KVOb1WJmM=l1m0SNlNj0W6I@_1SKK6WNoNh0R6JIZ1PKN2ZNROf0n5I2W1mJmNfN0W1AUOe0i5C`0X1fJmNiN0o0HWOc0f5^Ok0Y1_JnNkN0i0M[O?f5[Oo0Z1^JmNjN2c02^O<h5UOT1]1XJnNlN24a0IOm5lNX1d1QJnNnN1Nj0GKb5kNZ2_1aIPOPO0Ha2[5oLa2_1[IPORO3Bc2l=ZN_CPOSOd3`=\\M[CPOVOd3_=\\M[CPOVOc3b=[MWCROWOd3d=[MQCQO\\Oc3f=[MmBRO\\Od3h=YMkBTO\\Oc3l=WMhBUO\\Od3n=UMfBXO\\Ob3P>UMcBYO\\Od3Q>SMcBXO[Of3T>QM`BZOYOg3Y>oL\\B[OXOh3]>nLYB[OWOi3b>lLVB\\OTOj3h>lLPBR4Q>PLlAP4V>PLhAP4Y>PLfAP4\\>oKdAP4^>oKaAQ4a>nK^AR4c>oKZAQ4h>PLVAP4k>QLSAo3n>SLo@m3R?VLi@k3b7aJLZ7OTI]Ij0R4Q6a2]InHR1Y4`5j2PLoLo3S3VLgLh3]3ZL_Le3d3`LUL_3n3cLmK]3V4dLgKZ3b4nIPHV1\\3k4P5PIfHi1X2V5h6hJTIW5R7eJnHZ5T7fJkHX5V7jJiHT5Y7QKbHn4^7UK`Hi4`7[K]Hd4d7`KYH_4f7jI[EZ1i2k4l7jIeEX1[2m4P8iIjEY1T2m4R8jInEY1n1k4U8kInE]1j1h4W8kIoEd1d1`4]8lInET2V1Q4l8jInE[31j2Q:lIkEd:V:\\EgEg:X:\\EaEh:_:j0N1N3I6D=ZOe0cNeB[HMM4;a=T4aBWNl>j1TAPNQ?k42O0UNlAPKV>k4QBSKo=n4PBSKn=R5lARKQ>R5[A\\JAi1U>W4lA\\Lk=\\6L20OhDSGe8l8YFZGUO5]:`8XFcGPO:e:R8XFhGRO9d:n7UFPHUO3f:l7QFVHXOLk:b7PFkIR:P6lETJW:j5hETJ\\:j5cEQJf:k5oDYH^Ob1Q<k5fD`J^;\\5bDfJ`;X5`DiJa;V5^DjJc;W5YDiJj;Y5oCiJR<o4dCaKX<e4mCVKh2aMj5f7_GfJb2mMj5U:ZJoE`5R:aJRF[5o9aJYF\\5R7kG`Jc2gN_5l6mG\\Jc2kN_5Y9cJgF]5T9gJnFY5k8lJXGR5d8RK]Gn4_8VK`Gj4X8`KgG_4R8ULaGk3[8`LVGdK@l7W9jLPG_KId7T9e5L5L4L3J7M4J6I7J5M3N3M2N3J5D<L5VOj0ZOf0J6L3O1N3N1O2Ne_OhKU>X4fASLU>k3dAgLS>W3gAXMR>f2gAnMX5jMV2W4YHhNg4]Mn2k3UHTO_4YM]3b3QH_OW4RMj3j7RLWHQ4h7iK]HY4b7bKbH`4[7]KhHf4R7XKRIk4h6RK^IR5]6gJlI]5l5`JZJd5a5ZJbJi5l4dJWK_5Z2nFbK6Fc4b2[4Y1_MjNd2R1[MPOg2o0XMPO`1XMTIe3\\5QOd1\\MnHc3\\5oNk1^MiHa3[5POn1bMfH\\3[5ROQ2dMcHX3[5TOS2fMaHV3[5ROW2iM^HU3Y5PO]2lMXH_3ROWLe5\\2T3PNTH`4k3]MU4TNoGk4`3jLh4\\NhGR5VO_J;O=OWO7i1f1c7eN^Go5UOdI0N2d0b1l0U8mNSGb7f0UIc8ZOgFd7c0WHkNHR:`0]Fb7i0jGe9e0bE_7W<aHhCR7XOZHW=e0aCh6n<WIRCV6a=kI^Bk4XOmJR?9eAS4d?mK[@R3g`0nLZ_OW2XObMfa07Q_OT2ea0mMZ^OP2ia0PNW^Oo1ia0RNW^Om1ja0TNT^Ol1la0UNT^Ok1n4ZMbJ`0P<<`Dj1d0TOjN^1k;eMeD`2BX2i;XKeD]8Z;cGfD^8Y;bGgD_8X;aGhD`8X;_GgDb8X;_GhD`8X;aGgD`8Y;`GfD`8Z;aGeD_8o8cFlHn0UN]8m8iFnHi0UN\\8m8nFRI`0RN_8m8TGWI3oMg8k8XG[IHmMo8h8]GTJc8n5]GQJR2_Lj3c9TJmIP2lL_3[9aJhIo1VMV3U9jJdIQ2ZMP3V9mJ`IT2[Mj2\\9lJZI_2[MZ2X=lMjBf1S<kKfCi2:Q1S<8nC@U<c0mCSOY<n0hCjN^1dLZ8e4YF`NU1XMa8Z4^FSNP1jMa8V4aFcMT1YNZ8W4dFUMX1eNT8V4PG[LY1^OW5]OSJk4g3hKV2CoIe4f3lK\\2GeI]4n3lK_2L^IT4U4QL^20YIj3[4VLZLXOc3l0dKc3^4[LULCd3f0bKY3g4^LoKKe3n0`JYN>]4^5aLjK4i3R1iJV2d5fLgK6l3o0hJQ2d5mL^K>V4f0gJm1d5nLXKj0]4<gJj1_5TMoJV1k4LgJj1[5UMSKW1l4KeJi1W5XMWKW1>_MV3Y2nKk1R5WM]KV1=aMU3W2oKo1m4RMcKW1=bMS3W2oKV2d4jLmKX1=cMR3U2PLY2^4hLTLX1<cMQ3T2QL^2W4cL[LY1<cMQ3S2QLf2n3ZLdL[1=aMQ3T2PLl2h3QLjLa1=^MQ3T2PLQ3b3kKoLd1?[MQ3U2oKS3_3hKQMg1a0YMP3V2nKU3]3dKSMj1b0VMQ3W2mK[3X3[KYMm1c0TMP3X2mKa3R3UK]Mo1V5[OZJf3P3mJ`MT2V5YOZJj3e1VJmNa0MX2X5WOYJo3]1UJVO9L]2Y5UOYJX4m0UJHHNd2V5WOVJe4JVI4NJl0Y2R2k3XOUJ]6m1[Jo3WOTJb6j1WJR4WOTJb6k1XGoMf2S6_OSJe6S2iIk3BRJe6U2fIj3DQJg6Y2`Ig3HQJi6`2UIQ2mMbLT2mNi6h2mHk1XN_LQ2nNc6Z3eH]1iNZLo1mNY6Z4hGT10eKn1mNP6`:THbFk1nNk5f:[H\\Fi1nNk5h:]HYFg1POh5j:bHVFd1QOg5m:eHRFc1QOf5o:hHPF`1ROe5V2QIi5KmH_1TOd5e1fHPNn0T8ZOSI]1SOj54gH9_1X7cNXI\\1RO]9a7XE]IY1QOg9\\7QEbIX1ROc5OhLX7^LfIU1TOe5NmLS7ZLjIR1WOh5JPMR7WLmIP1WO^:i6bDPJn0WOe:e6]DUJl0VOf5HoMi6_KYJj0WOh5GSNf6[K\\Ji0WOY;X6oC`Jg0XOa;S6hCeJf0WOk;l5_CnJd0UOU<X4lBeL;Nb0VO[<P4lBkL8O`0UO`<m3jBoL5Oa0UOc<i3jBRM20`0TOj<c3gBXMO2=TOQ=]3fB]ML2;UOU=X3gBaMH3;SOW=V3iBdMF2;ROW=U3lBgMA3;nN[=V3lBiM^O39kNa=m0[Bd0?A[O36POe=f0iB82O[O32ROh=c0SC0I8ZO30POm=e0SCNF:YO30nNP>g0TCLD;YO4LPOS>e0VCJC=WO5KPOU>d0WCJB<XO5KPOT>e0XCIB=VO6MlNS>i0XCIA<WO7a>DhBIA<UO9_>ClBGA<TO<]>@oBH@=SO<]>^OQCJ_O;SO8a>DnBH_O<RO7`>EPCH^O<SO7]>FSCF^O=QO7^>ETCG^O<QO6^>GSCG^O=PO5^>FUCI^O<nN4_>EWCL\\O<iN7b>BWCM_O:gN8a>CYCK@:eN9`>C[CJ@:gN7^>D]CJ_O;gNROJk0a>O`CH^O=ROIo=2cCG]O>ROHl=3gCF\\O?QOGk=5hCF[O>ROHi=3mCEZO?POIg=4PDDYO>QOKc=4UDBWO?ROJa=6VDAWO?ROK_=5YDBUO=UOK\\=7[D@TO>VOJY=9^D^OUO>UOJV=:bD^OSO>UOKS=:eD^OSO=VOJP=<hD\\OSO=VOKn<9lD@PO<UOLk<9RE_OoN<TOKg<>WEZOnN=UOK\\7AaLP1PNWOnN>UOJ^7DVLo0[NUOkN?VOIe7]OmKU1`NVOhN?VOIZ<b0jEVOeN`0WOHX<b0mEXO`Na0\\ODT<f0PFUO^Nc0^OBQ<h0TFSO]Nc0^OBn;j0XFQO^Na0\\ODg;m0bFnN]N`0ZOEb;o0jFlN]N<XOIR9AmGa1_1hN]N;TOLT9BfG^1i1iNZN;ROLZ9_OnENP1d1_2hNWN;QOL`94XFo0R3gNUN:QOLc9a2XIZMUN8POMh9T2[IfMoM8mNOo9b1`IWNcM9nNMZ:g0fIROSM;kNMj`0F]@=gNNl`0F]@;fN0n`0E\\@:gN0m`0G\\@9gN0n`0E[@<fN0o`0C\\@=dN1Qa0@\\@?cN1Pa0@^@?bN1Qa0^O_@`0`N1Wa0WO[@i0]N1dc0O[\\O1ec00Z\\O0gc0OY\\O2fc00Y\\OOhc01X\\ONhc03W\\ONic02V\\ONjc03V\\OLkc05S\\OKmc09l[OIVd0[11O01001O001O000O1O1O1N3N2O1N1O00O20N1O2MoNZN[\\O=MZ1gc0R1K71O9F5J8J5K3L3M3N2O1N3ZOQ[O\\OTe08`cR9"}}]}