{"images": [{"id": 0, "file_name": "images/bio0012_frame0000293.jpg", "width": 480, "height": 360}], "annotations": [{"id": 0, "image_id": 0, "segmentation": {"size": [360, 480], "counts": "nYl21V;2_O7]ELb:>O0001O010000OGaEK_:4bEL]:5cEL[:2aEH56Z:2hENX:2hENW:2jENV:2jENU:3kELV:4jELV:4iEMW:3hEMY:3fEM[:3bE0^:<1O0O1O2M2K5O101N101O001000000O01000000O10O1000O100O0100O1O010O00010O010O00010O010O1O010O0010O01O01O10O0010O01O0010O0100O2NXX^1"}, "iscrowd": 0, "area": 849.0, "score": 0.8170861005783081, "bbox": [259.0, 147.0, 93.0, 67.0], "category_name": "bio"}]}