{"images": [{"id": 0, "file_name": "images/bio0018_frame0000067.jpg", "width": 480, "height": 360}], "annotations": [{"id": 0, "image_id": 0, "segmentation": {"size": [360, 480], "counts": "Y]U34Q;7L2O2N0O2O0[NDnFN[1c0a7F\\He0Y7\\OcHS1Q7mNcHc1Y7RNoG40M0N?Y2_7hMRH041LO:_2a7`M]H7Ib2h7WM_HT3g74N3H601J5M3K5L4K5YOoKkI]4n5a0010000O01N2N2O2N105K9G8H;Dk0WLWH]2o8SOb0^O>^O>L3O1O1O1O1O2N1Oj\\a1"}, "iscrowd": 0, "area": 4396.0, "score": 0.9556438326835632, "bbox": [281.0, 63.0, 67.0, 177.0], "category_name": "bio"}]}