{"images": [{"id": 0, "file_name": "images/bio0014_frame0000213.jpg", "width": 480, "height": 360}], "annotations": [{"id": 0, "image_id": 0, "segmentation": {"size": [360, 480], "counts": "iak14b83gI1V61gI2W6OhI4V6MhI6V6JjI7U6IjI8V6IhI8Y6GgI8Z6IdI7]6JbI6^6KaI5_6L_I4b6M]I3c6O[I1d61[INf63XINh64VILj64VILj65TILl65SIKm66QIKo66PIJ_O^Od6g0mIMZO@h6d0lINZO@i6c0lIOXO_Ok6d0jI0XO^On6b0hI3XO\\OP7b0cI7\\OWOQ7b0`I<]OSOR7b0\\Ib0_OlNV7a0YIg0\\O\\N0<0DX7n0YIk0_OgNW7>XIl0CZNNN2NV7o0UIl0HVNKNa7o0kHo0HVN]7k0jHZ1KhMR7o0PI[1NgMR7m0oH]1OfMR7m0nH^10eMR7m0mH[1KfM82Q7k0lH^17eMm6m0kH_1c7bNZHa1f7P101O0100O01O01000O10O0010O010O1O10O01O2N1O001O1O2M2O1TITLC0c6m3bIWLIM10d6]4[IcKd6^4\\IbKd6a4O10M]IaKc6_4]IaKb6`43000O01O1O0010O1O10O0O2O100O1O1O001O1O1O1O100000000000000O100O2O0000001O000001000O1N101N2O001N2N2N2lMcH:`7AcH>_7@bH`0`7\\ObHd0_7YOcHf0`7VObHj0_7SOcHm0_7nNdHCCm0k7[OdHGCm0o7SObHN@o0S9oNPGP1P9hNiF28V1o8jNgF0;U1n8kNgFO<V1b90001O1O1O2M2N2M4J7J5I8GTQg1"}, "iscrowd": 0, "area": 15199.0, "score": 0.9248745441436768, "bbox": [164.0, 52.0, 166.0, 167.0], "category_name": "bio"}]}