{"images": [{"id": 0, "file_name": "images/bio0000_frame0000185.jpg", "width": 480, "height": 360}], "annotations": [{"id": 0, "image_id": 0, "segmentation": {"size": [360, 480], "counts": "`lc13T;3H:K4M2M5K8I1O2M2O1O000O101N101N100O2O0O2O0O2O3M1N2AXN\\Gi1a8[N]Ge1a8_N]Gb1`8cN\\G^1c8e0N101N2N2N1O2N2N1O2O0O2N1O1O2N1O2N1O1O1iJfL\\MOQ5\\3cMgL[2[3cMgL\\2[3bMfL]2[3cMeL\\2]3bMdL]2]3cMcL\\2^3dMbL[2^3eMbL[2_3eM`L[2a3cMaL]2_3aMcL^2_3`MaLa2_3_MaL`2`3`M`L`2a3^M^Ld2b3\\M]Ld2e3[M[Le2e3[MZLe2g3[MYLd2h3[MYLd2h3[MZLd2f3]MXLc2i3]MWLa2j3_MWL`2i3aMVL`2i3`MXL_2h3aMYL^2h3bMWL^2i3cMWL]2h3dMXL[2h3fMXLY2h3gMXLZ2h3fMXLY2i3fMXLY2i3gMWLX2i3iMWLW2i3iMWLV2h3lMWLT2i3lMXLS2g3oMWLR2i3oMWLQ2h3oMYLP2e3SN[Ll1e3UN[Lj1e3WNZLi1f3XNZLg1g3YNYLg1f3ZNZLe1g3ZNYLg1g3YNYLf1g3YN[Lf1f3YNZLh1d3XN^Lg1c3XN^Lh1a3SNdLm1]3PNfLP2Z3kMjLV2V3cMQM\\2o2UM^Mn2c2ULXNl3j1RLVNo3j1ULPM_ORO2a0Z4]3VLRL^Oo00_O_4`3nKPLDl1^4T2nKPLDl1^4T2oKoKF0LO0d1_4^2nKPLEg1NWNb4P4kKQLB010O^11aNj4n3WLULPOc00[OP5m3PLTLRO82FO0n4n3bKRL_O101O3MNd5j3nJWL@N2NR6l3\\JXL@M[6k3m001O1O1N10O1N3O1N3M5L2NULQIa3k6a0L3NVL[IR3d6j0O001O1O001O1O1OcLcIP2[6QNeIP2Z6PNfIeNOX3[6PNgIjNNW3Z6nMkIiNKZ3Z6gMQJnNE[3Z6bMXJ_2g5_M[Jb2e5]MZJd2f5XM]Jj2b5UM^Jm2b5QM_Jo2a5hLgJZ3Y5bLjJ_3U5_LmJa3\\62M3N2O000O2N2N2N1M4N2N2M3M2O2O0OPL^I^3_6bLcI^3[6bLfI^3Z6aLgId1LD[6fNlId1LEW6gNoIb1LFU6gNPJb1LHS6eNSJb1KIQ6dNVJa1JLo5cNXJ_1KWOECW6F[J^1JYODCW6F[J^1KWOEFS6D^J_1JVOGGP6D_J^1LVOEHo6R1\\IWOEGo6Q1]IWOEHV1_OU4a1QKYODGS1BW4^1SKXOEGn0FY4Z1UKYOEGk0GZ4Y1WKYO@RONf0m0I^4V1XKXO^OTOOf0h0Lb4R1ZKYO[OTO2e0e0Md4Q1ZKYO\\OSO2e0a01h4m0ZKZOCH64m4j0ZKZOEG26o4i0[K]OAC48P5h0[KYOEHK:W5d0ZKYODR1R5EZKYODQ1V5CVK]ODl0X5HUK[OCk0Z5JSK\\OBSOE_1j53oJ[OE?^57nJZOF;]5:nJ[OE7_5>oJZOC4`5d0lJXOD2d5c0jJZOC0m5<bJDCWO_O;`60`I7o07BUOB8`62dI1FHQ1i0KWOn54SJI6l0h6YO\\Jf0`NUOY66XKd0b5\\O^Je0b5YO`Jf0`5XObJh0^5XObJh0^5XOcJh0o7O1O01O0104K1O11eE]On9V1mEjNi05f7Y1WHjNi7W1UHjNk7Y1QHgNP8Z1mGgNS8Z1lGfNU8[1iGeNZ8^1`GbNb8]1^GbNd8]1ZGdNh8_1SGaNS9g13L<E6L1N1M4M4L2N3N5J3M4L3M2N2M2N10N11000000100OO10O20O1N1000002NN201O00O102MTR>LQnAOX]1"}, "iscrowd": 0, "area": 28428.0, "score": 0.8823086023330688, "bbox": [140.0, 113.0, 275.0, 246.0], "category_name": "bio"}]}