{"images": [{"id": 0, "file_name": "images/bio0010_frame0000030.jpg", "width": 480, "height": 360}], "annotations": [{"id": 0, "image_id": 0, "segmentation": {"size": [360, 480], "counts": "^Zf06Q;2O2N1O2O1O001O001hEC_9OQF>=E_9OUF=:Da9e0]F\\Ob9e0]F[Ob9h0\\FXOe9h0ZFYOe9h0ZFYOf9g0ZFXOg9h0XFXOh9i0XFWOi9h0VFYOj9g0UFZOl9e0TF[Ol9d0TF]Om9b0SF]On9c0QF^OP:a0oE@R:j0FnN_FR1^9SOaFk0]9ZO`Ff0_9b0O10000102M3NO1O100O1000O3N1N1O2O00101M101N1O2M2O001O1O1N2O2N1O1N2O1O1N2O1N2O1N2O1N3N1O001O1O10O001ANfE2Z:1cE0\\:3aEM`:>1O001O00001O11\\E^O\\:g01OO00DgEKY:4kEGW:9=FWE2Q;NiV_3"}, "iscrowd": 0, "area": 2922.0, "score": 0.9322307109832764, "bbox": [50.0, 173.0, 121.0, 92.0], "category_name": "bio"}, {"id": 1, "image_id": 0, "segmentation": {"size": [360, 480], "counts": "QlP35S;1N101N100O2N100O100O2O001O0000000O10000O010000000O100O1O10001O0O10001N101N101O00000O10O2O0O1O100000000O100O101O0O100O100O1O2O0O100O2N101N1O2N2MQW^1"}, "iscrowd": 0, "area": 1302.0, "score": 0.9349076747894287, "bbox": [259.0, 180.0, 94.0, 49.0], "category_name": "bio"}]}