{"images": [{"id": 0, "file_name": "images/bio0002_frame0000534.jpg", "width": 480, "height": 360}], "annotations": [{"id": 0, "image_id": 0, "segmentation": {"size": [360, 480], "counts": "_]d066OLM`:e0O0O101OO100001O00000000O1000001N1000C\\OVFd0h9_OXF`0g9@ZF`0e9AZF`0f9@ZF`0f9AYF?f9A[F`0d9@[Fa0e9^O\\Fb0c9_O]Fa0c9^O^Fb0b9^O^Fb0a9_O_Fa0a9_O_Fa0`9_ObF`0^9_OcFa0\\9_OeF`0\\9@cFa0\\9_OeFa0Z9@fF`0Z9@gF`0X9@hF?Y9AgF?X9BhF=Y9BiF8^OBl96fF;X9EkF8W9GjFLb94h0010000OfE2_OJd95lF4\\OLe90nF>S9]OPGd0j90010[O^E=1Dg9OXG6m8JTG0QO2k9NSG2PO1m9NlFb0n8^OQGd0i900K_EBb:=6AXE2062He:0[E4OL10^k11d_N1O1O1oL1hJ0W52fJ0Y52eJO[52bJ0]51aJ1_50_J1a50\\J2c5OZJ4e5NUJ7[4[OPK>6e0j4oNnJ>5e0m4nNmJ=4g0n4nNlJ=4f0P5mNlJ=3f0R5nNjJ=2f0T5oNgJ<4f0U5oNfJ;4g0V5nNeJ=4e0W5oNcJ=6c0X5ROXJD[Ok0U1?X5ROXJG[Of0T1a0Y5SOoIAJ4Kg0S1a0Y5UOlILG?V1>W5YOiIKJ?V1;X5]OfIBNI1m0S1;X5^OeI^O8h0k0<Y5CnI2i0;Y5APJ4g0:[5]ORJ9b0;]5[OQJ;`0;_5[OPJ:`0<a5ZOnI:a0<a5ZOnI;?<d5YOlI<>;g5ZOiI=>:j5YOgI>>9l5YOeI?=9n5YOdI?>7o5YOcIa0=6Q6YOaIb0<5U6YO^Ic0<4W6YO\\Id0<3Y6YOZIe0<2Z6YOZIe0;2]6YOVIg0<0_6YOTIh0<Oa6YORIh0=Oa6ZOQIh0=Nc6ZOnHj0>Le6l0ZITOg6k0YIUOg6l0XISOj6l0VITOk6l0SIUOn6k0PIVOQ7i0oHWOR7i0mHWOS7i0mHWOT70hHWO2j0V7NjHWO0j0W7OiHXOOi0W7OlHXOKj0Y7NlHj0S7VOoHi0P7WORIh0m6XOTIh0l6WOUIh0k6YOVIf0j6YOWIfNAn1W7\\O]Ic0c6\\O^IhN\\Og1U7B_IgN]Oe1U7C_IgN_Od1Q7EaIgNAa1n6HnI6R6JoI5Q6JQJ4o5MRJ2n5NRJ2n5NSJ0m51TJMm53SJMm53TJKm55SJKm55SJJn56RJIn58SJFn5:SJDn5=QJBP6>PJBP6?PJ_OQ6a0oI_OP6b0QJ]Oo5c0RJ[Oo5e0SJYOm5h0SJWOm5i0TJVOl5k0UJROl5o0VJ`N`N6Z7Z1_JeN`5\\1`I`NN4c6\\1\\IbN21b6]1ZIdN4Ob6]1ZIdN5O`6^1XIeN8M`6^1WIfN:K_6_1WIfN:K_6`1UIeN=K^6`1TIfN?I]6b1RIfNc0F[6d1RIeNd0F[6f1oHeNW8[1iGeNW8\\1gGdNZ8\\1fGdNY8^1eGcN[8_1bGbN^8_1aGaN_8a1]GbNb8R20000000001O0010O01O1O010O00100O2N2N2O1N1O0001O01ON2N2O1000O2O00002N001ORMlGh2[8O1O1N2N3L5I5L3M4OO100000@mFlNR9R1RGlNm8T1VGjNj8U1XGkNg8T1[GkNe8T1]GjNd8V1]GhNd8X1e001O10000O010O1O1N2I7O00100000000000O10000000000hFPOX8P1dGUO[8k0cGWO]8i0bGXO^8h0`GZO`8f0^G\\Ob8d0]G]Oc8c0[G]Of8d0XG^Oh8c0UG^Ol8b0SG^On8b0PG_OQ9a0mF@T9a0hFAY9V11N2O2N1O1N2O1O2M2N2O1O1N2O1O100001O2N1O2N1O003N1N1O101N2O2M2M7K2M2N2N100O002N]NTGk0k8TOWGk0i8UOYGj0e8XO\\Gg0d8WO_Gg0g8RO`Gi0`8kNTG0f0n0b9K2N3L3M3M4KnPl0"}, "iscrowd": 0, "area": 20611.0, "score": 0.947778046131134, "bbox": [64.0, 1.0, 334.0, 162.0], "category_name": "bio"}]}