{"images": [{"id": 0, "file_name": "images/bio0003_frame0000125.jpg", "width": 480, "height": 360}], "annotations": [{"id": 0, "image_id": 0, "segmentation": {"size": [360, 480], "counts": "k^\\11V;2N4L2O1O01OkIJW18fNJZ16dNK]15dNH^19bNE_1;XNEeK1X6:RNIP26nIFf35\\26kIHf33`26hIIf31c26fIJf3Of29aIIg3Oi2a0VM^Ol2b0SM^Oo2a0oL]OV3b0gL@Z3`0dLA^3>bL@`3`0_L@c3?]L_Oe3a0WLAk3?TL@?2A>0_O>5B=M_Ob04A=K_Og02_O?J_OW4a0gK@Z4`0dKA^4?`KAR12WO<FAT16RLGn2b0L_OU1?nN3J_OX1`0mN3H^O[1`0lN4F\\O_1a0jN?ZOQOk1c0iN?XOnNP2e0fN>WOlNU2i0aN<]MgNi13\\2i0]N<XOnN]2LlKa0]2e0ZOnN]2MmK`0Z2e0]OmN[21mK>X2f0@kN[21nK>U2f0BkN[21oK?R2e0DiN^22nK`0n1d0HiN]22RL>h1f0IiN`2OTL`0b1i0GkNc2LTLa0`1h0IkNc2MULa0]1g0KkNd2LTLc0[1h0LiN]3>eLk0KhNc3<`Lm0LeNj3<YLo0McNl3?dJDS1\\1;cNo3>`JDU1]19bNU4f0]JVOo0b1?bNV4d0\\JZOm0`1b0bNV4d0ZJ[Ol0f0ROO`1\\OZ4c0XJ]Oi0g0XOJ\\1]O]4h0SJ[Ok0g0YOJZ1\\O`4l0RJSOj0h0WOXO0O0g0[1[Oe3OmKOSOk0h0O_ONQ1[Oi3NPLi0POVOb0j0EOn0ZOQ5h0hIWOb0i0KIk0_OP5h0hIWOa0j0LHj0@Q5l0lIPO4o0NQOMf0R1^OT5l0kIQO2P14QOG?S1AV44`KJWO1Od00]O401R11mN58j0HW44^KKWO1Og05ZOOi0L^O5G79h0H[42QKMH1HO1h04ZONj0M^Oc0M`0LY44]KJZOc0O\\O8m0I\\O?Ie02U44cK;SO^ONO6n01XOe1Ma35aK<SOA2h07ZO`1Mc34aK=RO@3h08ZOII^14o31SKKEd0G_O4k09WOGK^10Z34gK4DMLK6d0G_O2j0NSO`04CL^11T48_JN0L1f1>\\N_OK^11V49]J17^1:YNP11^3MaK9A16<H:X2TOh2LbK9^O37:G<X2SOa3e0XJVO4i1S2]Na3i0ZJj0U2\\Nb3f2_LXMd3g2\\LYMV3NnJh2k1[MX3LmJh2l1\\MW3MkJh2j1^M\\3KjJf2i1`M\\3KmJc2g1aM\\3MPK^2d1eM]3MQK3^Oo1U2QNT3KjJ3`04^Ok1Q2SNW36ZKM^Oi1P2UNY34XKG^OS20jMU28U34XKG^OS20jMT26mMJY5<XKG^OV2Q2oMPNHY5<YKF]OT2T2QN[30\\Ko1Y1oM]3K_J4l0R2W1PNc3KVKU2W1oMf3KPKX2Y1oMf3LnJV2Z1oMh3ISKV2S1RNj3HSKW2MhMYO1n07i5m1RJkMWO0n05SOKg6=YIQ1l0dN23\\4NQL:dNR1n0aN16[4NSLj1b0XN\\3N\\K0Hj1`1YNZ3N^K1Fh1d0SNH8_4M^K1Fm1[1VNZNFS55cK2Eh1_1YNa3K\\K4Ef1_1WNTNL]52\\K5DMBc1l1^NUNK]52\\KOVO3>0Bc1k1^NWNKZ60XJP2T1VNT5JUI10T2d1RNW5IYIT2`1TN]NHm6S2gJUN\\NHn6Q2gJVN`5NjHb1e1`Na5i1]JXNe5g1[JYNW3HaMP2VOZNU3LVLJ=Q25[NW3LULJ>o15[NY33nKAa0U28WNY3:lLa1KQNdNIf4n0aLX15QNdNIl4j0SKWOP1V2;SNeNFj4OWKo0o0Y1;WN_3BVKO0l0P1\\1QOiMT1>e3DXKk0k0\\1ROhMU1>f3CcKa0?f1SOhMT1?h3@cKf0:c1YOfMS1>j3BbKh05c1b0SNg3DaKf06c1b0SNb44lJi1`0TNd4BVJ?e0k1a0TNg42gJk1`0TNi43dJk1b0QNo4N`JQ2a0QNl3MjKLZOH;_2d0QNm3NgKL[OH;^2e0PNn33RKC1J0c09n1e0oMo3W1[Kk0d0PNR4T1ZKm0b0oMU4V1PKR1k0hMV4CoJ7Oc3j0bLZ4S4fKlK]4S4bKmK^4c0oJnNJ10O0n2i0aM]4d0PKmNJ02OOn2g0bM_4e0jJX2h0RM^4V4`KkKa4T1hJ\\1d0aMe4EiJQ12h1`0`Mh4EkJMI02ON:016d2>_Mh4GkJLI02ON9125d2=`Mi4GfJ`00E4d2=`Mj4:dJYO329j25aMm42fK[2]OcMm44cJ]Ok0n2DaMP5AaJ0O;1Fi0n2F`MV5GYJLR1m2^O_MY5DXJN10Q1o2]O]MU5D\\J5OM00R1Q1nNg0?cNV5D[J41K02Q1P1POg0<eNZ5E\\KV1nNa0;dNc6l0SI`09eNc6k0UIa06dNb6n0XI?6bNb6n0YIa03bNd6m0YIb03aNP6BTJ0D\\15b02`Nc5CRK\\1ZO`01_Ne5FoJ]1YO>2`Nf5DoJ[1VOdN3n10_Ni5DlJ\\1YOeNOm12^Nk5D]JOL`1Kf00WNm5E[J1H\\13g0LXNm5HXJNK\\14W1i5bMSJGOg13S1j5eMUJV1OU1m5fMRJT4n5lKRJS4o5b01mLPJZN0S2R6CnIZN0R2S6DmIk0S6U2000O1]MlIbM0]2T6DmIWN4S2P6POlIUO3F2a1LgNS6o0kISO3G3a1JfNV6e1jIUN2S2V6LlInM0n1T64lInM0n1T6HhI^N4L0m1U6ZOgIoN1I0M3OL06Q2T6YOhIPO1G8NOZ1IXOX6g0iIPO1JMN3O5Y1JXOX6h0hIoN20OH5\\1GUO[6h0iImNn0i1Y5ZOiImNn0j1Y5QNeIS14ROm0j1[5PNeIU11ROo0h1`5jN^IA3M0Ne02YOZ1f6SO^IEM00Lf02YOY1b6`N_Ia0O@00O84ONMf02YOY1b6aN^I`00@00O8210K3K<7@Y1b6aN^Ic044M^O0O;3CZ1a6^NaIe023N^OO1;e1U6TNaI:NO1G0h0OA1L;i1Y6SN[I4135HKc02DNM=4BZ1j6`NZIN=a0F_ON2;5A11515j6^OjIc0_O]OO2;5BIN60825a6^OZJOTOc05^ON44LJ6Od0OHc6]OlI1A18P1ITO;1Ec0OJc6\\OaI047OMJP1<RODd0OKb6[OmI5H0Jo0;SOEZ1R7cNUIV16mNCZ1R7_NYIR1FoN?5EL9`0CA[7MfHQ1d0UO67WODQ70kH]11bNa06DLNO7=IDP7NmH_1OaNb07CKO03NI>4EU7R1gHQOd01AK22M:0ET7S1hHPOd02@J32L;1ER7[1]IjNAI2f0O\\OQ7Q1mHkNe08]OJ21L;3FQ7l0kIVO@JC=2FQ7m0jIVOUOK01M:4Hn6n0TInN:8AJ13K87Gn6S1nHlN>5CJ2a02An6j0jH@b0IBLNM1`05Dj6MmHm02@`0JBf05WOj6l0oH]O`0J@h07VOi6JoHm06VOLMa09\\ON6:5Ch6LnHm06TOe0:TOH7=5Ch6m0SIQOd08UOH027=5Ch6n0RIQOd07VOH036;7Dl6i0lHWOe06VON0I4?9Cl6k0jHSOM3j05WO224;Dj6l0kHROM3j05WO4O2?Eh6j0PIUOc05XO3O4`0Bi6l0mHVOONK0>627\\7?ZHVOO19406^7`0ZHVON193HKM=j7>ZHVOL4:1HIO=k7>YHB5KGG1=j7`0XHA7NBG3:l7`0XHTOI9?2A8P89WH^O:OF5i7>WHUOL1?7E4j7?VHUOL1?7D4k7`0VHTOM0>8D4k7`0VHTOMO?9C3k7b0VHQOe0;XO3m7a0VHQOe0<TO4R8>TI]OkN4S8>RI]OlN5S8<RIAiN2W86lG]OS1k0T7LoGYOb0j0b7VOeG>7DKN?i0R8CeGDa0h0Q8]O\\Hd0T9O2N00RNZOdG0a1f0S7[OlHc0o6\\O`G1a1b0P7]O]G3c1`0P7]O]G3c1?Q7]O]G4b1>o6^OcG3^1?W7AiH>Q7JnH6R7MkH2V7N[GC[1>[7N[GDZ1=\\70iHNX7KXGM6LR1;`74YGEX15`7>`HAa7>`HB`7;cHD^7;dHC]79TGBa13]7:gHDY7>h10]EB\\:f0O01K5F`EHj`a0"}, "iscrowd": 0, "area": 25394.0, "score": 0.5729970335960388, "bbox": [119.0, 3.0, 314.0, 227.0], "category_name": "bio"}]}