{"images": [{"id": 0, "file_name": "images/bio0015_frame0000286.jpg", "width": 480, "height": 360}], "annotations": [{"id": 0, "image_id": 0, "segmentation": {"size": [360, 480], "counts": "doT36f0M`97]FK`99]FIa99^FH_9<^FEa9?\\FBb9e0XFEm8B[Ga1b8eNZG\\1d8gNXG\\1h8a00001N2N4L4M2N1O1O01O010O0100O10O010002eG`Mi7Q3OO1O1O1M201N2N1103M4K101O1N2O1O1O0O10001O00O001O1O1N2N2N101O100O1O1O1O10000O101O000000000O1000001O0O101O00001N10001O000O101O001N2O10O01O1O1O2N1O1O1O2N1O2N3M2N2N4L1O10000O4I6G:L1N1O2N101O10O01\\ORFKP:3TFAV:=b0FoQf0"}, "iscrowd": 0, "area": 11128.0, "score": 0.9597021341323853, "bbox": [282.0, 26.0, 169.0, 129.0], "category_name": "bio"}, {"id": 1, "image_id": 0, "segmentation": {"size": [360, 480], "counts": ";\\3j72M3N10101N101O00O100mNaH\\N`7c1aH\\N`7d1_H]Na7c1^H^Nb7V1`HmM6i0[7Z1_HmM2OLi0d7k1ZHUNg7k1YHSNi7l1YHRNh7g200000001O00O100OXHeLO2a7]3^HdLb7\\3^HdLb7\\3^HdLb7]3^HbLb7Y3cHfL^7Y3dHfL\\7Z390000000000001O1O101N1O4YHbL]7d301O1O0001O00000O2N11OO0@bHoL0O`7R3aHnL0O_7m2aHRM18^7l2bHTM^7l2bHTM_7j2bHVM_7h2bHXM^7h2^H[Mc7U3001O1B]HnLk7Q3UHnLm7R3RHnLQ8a0QHj1R8RNQHm1Q8nMUHo1l7nMVHR2a8O3N0O2N10001O1O2M7TNhF[1d9O0O01O0105J1O2N100O2N2O0O5K1O100OO100000AaE5^:JfE3Z:Hc00oDOT;0L0REOo:0oD1U;0010NI170lDOS;1aQ11^nNOo[l3"}, "iscrowd": 0, "area": 10099.0, "score": 0.8072197437286377, "bbox": [1.0, 1.0, 125.0, 130.0], "category_name": "bio"}, {"id": 2, "image_id": 0, "segmentation": {"size": [360, 480], "counts": "dWP11S;9I5K5K3N1O1N3L3M3M3N3N100O101N10001N10000_FeNU9[1iFkNR9V1mFlNR9T1iFcN1;U9f1VGUNR8b2O0000OH[MoGe2n7XMnG53b2o7aMQH^2Q8aMoG^2R8bMnG]2n7]MQH61\\2m7`MQH52Z2W7^M[I3\\O52Z2U7eMoHJJb02n1U7gNkHX1V7hNjHX1V7hNjHW1W7iNiHW1W7jNiHU1m6dMVIW1MU1l6eMWIV1NS1k6jMUIS10S1k6YOVIf0i6ZOYIe0g6[OYId0h6\\OYIc0g6]OYIc0g6\\OZIc0f6^O[Ia0e6_O[Ia0e6_O[I`0e6@\\I`0d6@]I?c6@^I?c6A]I?b6B^I=c6C]I=c6C]I=c6B^I>a6C_I=a6C_I<b6C_I=a6B`I>`6B`I>_6BbI=_6CbI<^6DbI<^6DbI<^6DbI;_6DaI=^6DbI<^6DbI<^6DbI<^6DbI<^6CcI=]6CcI=]6CcI=]6BdI>\\6BcI?]6AcI>^6BbI>^6BaI?_6AaI?_6AaI?_6AaI?_6@aI`0`6@`I`0`6@`I`0`6@_Ia0a6^O`Ib0`6^O`Ib0`6]OaIc0_6]OaIb0`6]OaIc0_6]O`Id0`6\\O`Id0_6]OaIc0_6@^I`0b6EYI;g6HVI8j6IUI7j6JUI7k6IUI7k6IUI6l6IUI7k6HVI8j6oNnHG8Z1i6POoHE9[1h6POoHD:[1h6GYI9g6GYI9g6FZI:f6D\\I;e6D[I=e6A]I?c6_O_I`0b6^O`Ib0`6]O`Ic0`6]OaIb0`6]OaIc0_6\\ObIc0_6]OaIb0`6]O`Id0`6\\O`Ic0a6]O_Ib0b6^O^Ia0b6@^I?c6A\\I?e6A[I>f6A[I?e6BZI=g6CXI=i6CWI<j6DVI<j6DVI<j6DVI;k6DVI;k6ETI;m6ESI;m6ESI:m6GSI9m6GSI8n6HRI7o6IQI6P7JPI6P7IQI6P7JPI6P7JPI4R7LnH3S7MlH4T7LlH2V7MkH1W7OiH0X70gHO[71eHN\\72dHM]73cHM]73bHM_73aHL`74`HL`73aHL`74_HMa73_HMa73_HLb73^HNb72^HMc72^HNc71]HOc70]H0d70\\H0e7O[H1e7N\\H2e7MZH4f7K[H5e7K[H4f7K[H5f7JZH6f7I[H7e7H[H8g7GYH9g7FZH9g7FZH:f7E[H:g7DZH;h7CYH=i7@XH?k7SOWG6P1f0X9O1O1O1O10O01O100O100O10O0100O10O01O100O010O10000O10O1000O1000O100O100O100000000O10000001O000000001O001O001O001O1O00001O00000000001O00001O00001N3M3MTQ[1"}, "iscrowd": 0, "area": 19479.0, "score": 0.9474993944168091, "bbox": [91.0, 145.0, 271.0, 167.0], "category_name": "bio"}]}