{"images": [{"id": 0, "file_name": "images/bio0014_frame0000050.jpg", "width": 480, "height": 360}], "annotations": [{"id": 0, "image_id": 0, "segmentation": {"size": [360, 480], "counts": "a\\b15n:9J3N1O2N1O1O101N1O100O1YOVOPGj0o8WOPGj0o8WOPGk0n8VOQGk0n8VOQGk0n8WOoFl0n8XOoFj0HTOk83[GY1b8hNWGE1e1g8g0N2O1N2O0000000O10O100O001O1000N1L5N11O000100001O000001O00000O101BYMVHj2h7=M2O2N1O2N1N2O2N2mHYLE0h6j3bIWLD2g6i3cIVLF1g6k3\\IYLMLf6X4ZIiKd6_4N1O1O100O101O0O100cIWKZ6j4fIVKZ6i4gIWKY6i4gIWKY6i4gIWKY6i430dIWKX6j430000O1100OOPJXKb5h4^JXKb5i4?O00RJXK]5h4bJXK^5h4b00O1000BiIoKR6m3SJQLn5m3TJRLl5n3UJQLl5n3UJPLl5P4TJoKm5Q4TJnKk5T4d01N1O1O100O2N1O10O0O2L4M2M4M2O2N2O10O0100000000000000O11OiNfH`NZ7\\1kHbNW7Y1nHfNR7U1SIkNm6m0\\IROd6k0`ISOb6k0_IUOa6j0aIUO_6i0cIWO^6g0dIWO]6h0dIXO]6f0eIXO\\6g0eIYO\\6d0gI[OZ6c0gI\\O[6b0gI\\O[6b0fI]O\\6`0gI_OZ6?hI_O[6>gI@[6=gICZ6HoG3o13V6D[J9]8LVhm1"}, "iscrowd": 0, "area": 16664.0, "score": 0.9483911395072937, "bbox": [141.0, 16.0, 170.0, 188.0], "category_name": "bio"}]}