{"images": [{"id": 0, "file_name": "images/bio0000_frame0000025.jpg", "width": 480, "height": 360}], "annotations": [{"id": 0, "image_id": 0, "segmentation": {"size": [360, 480], "counts": "Zfh04P;6H6N200O1O100O01O1NUGBP7;jHE`N45KT89ZII]N26LR87\\IM]NO4MR87]IN]NM5OP86^IIYN17O21P86^IIYN1c00f75_IIYN2b00f75[IM^NMa01f75ZIN_NLa01f75ZIN_NKa03f74YIMbNL`02e75XIMZON^75XINYOL`75WI0_NJ20b01f75TI5dNEb00g76SI5ZOFb75TI4h7LYH3WOGh76QIMaN0W93WHNcNNU94YHOaNMV94XH0bNKW96WHNbNLW95XH4YOGb75UI<cNC3NV82TI>bNC1OY80TI>bNB20W81UIP1j6POVIP1j6POVIR1dNhNo76UIKnNf0NFOCP86]INaN=1BO6W8M_IOZN22La83SI9[NDb83SI?iN[Oc76dI`0hNZOd76cIb0hNXOe76cIc0`NWO01l75dIc0`NWO01k76eI:\\ND^82WI8\\NF]82WI9[NAO1_85WI9[NE]83XI?i6AWI`0g6AYI?g6@ZI`0e6A[I;ZN]OZ88]I;YN]OZ88]I;YN]OY88_I;WN^OY87aI?_6AaI`0]6AcI>^6AhHMD5\\OOX81]H:A^OL9NNW8j1jGdNV8V21N200000000OXJVMT3i2jL[MV3e2fL^M[3a2cLbM]3^2_LeMa3\\2\\LeMe3\\2WLgMh3[2ULgMk3Z2QLiMn3Y2nKiMS4X2jKiMV4Z2fKgM[4Y2bKiM_4X2]KjMc4X2YKiMi4X2SKjMn4W2PKiMP5Y2nJgMS5Z2kJfMV5[2iJdMX5]2fJbM\\5`2aJ_Ma5b2]J^Md5c2ZJ^Mf5c2XJ]Mj5c2TJ\\Mn5f2oIZMR6g2lIYMV6j32O1O1`KaIV4`6gKeIU4]6jKdIU4\\6lKdIR4^6nKbIQ4_6PL\\I21e3f6bLXI_3i6aLWI^3j6?2M4M7H011O1O1O1O1O100O2O0O2O1O04L4L6H;G6I2O0OeK`IP4`6oKaIQ4^6oKcIJOQ4^6nKcI100OQ4d6QL[IU4f6iK[IV4f6iK[IW4e6iK[I3Nk3a6ZLaIKNO0c3d6[L\\I=0D2b3c6\\L^Ia0O3NY2e6VM[I2051Z3d6fL\\I[3O_L0Ol60UI00h01c1NlMl6IUI00g02P2k6XMTI0O11?0Q22]Mk61TI1N12M14LO1a2V7\\MlH2N19MJ10c2R7[MmH4N0:LI2LO0f2Z7dMiHF1U3V7lLhH28S3f7O3N1O00O101O1OZMPHS2Q8jMSHS2o7kMQHW2n7aMPHO5_2^8000O0010WN[G@:h0[8EWH8i7BaH9_7GcH7^7FhH6X7JnHOS70SIJo63U2M6KZP`2"}, "iscrowd": 0, "area": 15145.0, "score": 0.8257536888122559, "bbox": [65.0, 62.0, 188.0, 182.0], "category_name": "bio"}, {"id": 1, "image_id": 0, "segmentation": {"size": [360, 480], "counts": "a[R22U;2N1O101O0O107H4M0@^OYFc0e9b0N1L4O100O1[FgN[9Y1cFiN^9V1aFkN_9`10O0010eFcNi8]1QGiNP9g11O1O1O1N2O0O2O1N2O2OeF`Nm8m110O01O1O0O2O1NQGYN_8g1]G]Nd8T2O000001N10001HXGmMi8Q29M3M22O1N2O1N1O1O0001O0O2O0N2EmF[NZ9`19N201O\\FgNY9f1N10O01O0001O000O100O11O100O1O000001N1O1N3H7O11O010O1O1OA`FXO^9g0dFYO[9f0gFZOY9c0jF]OU9c0lF]OS9c0nF^OP9b0QG^On8b0SG_Ok8a0WG_Og8b0ZG]Oe8c0\\G^Ob8c0^G\\Ob8d0`G[O_8f0bGXO^8i0cGTO^8n0dGmN]8S1l01O001O001O0000BTF@l9?XF]Oi9b0ZF[Og9f0=0O2O3M1SGSO\\7P1^HUOa7o0ZGPOe05Q8V1\\GbN1`0c8m1O10000000000001O001O1O00000000001O000000001O000lMUGk1k8UNUGk1k8UNUGk1k8UNVGj1k8UNWGi1i8WNXGh1h8XNXGg1i8YNXGd1j8\\NVGb1l8^NUG_1m8aNSGZ1S9fNlFY1U9gNkFX1V9hNjFW1W9iNiFV1X9jNhFS1[9mNeF94OX9HcF98LV9KbF99JV9MaF99IX9N^F0M1>OX90]FOO1<0X90]FOO2;OY90]FN12:OY91\\FK358OY91eF12MY92fF01NY93eFO2OY91fF01NY92fF02MX93fF02MY93eF02LY94fFO2KY96eFOn91RFNn92SFMm94RFLo94RFJn96c000O00010O010O1O001O1O^ll0"}, "iscrowd": 0, "area": 10578.0, "score": 0.9501253366470337, "bbox": [178.0, 239.0, 226.0, 121.0], "category_name": "bio"}]}