{"images": [{"id": 0, "file_name": "images/obj1652_frame0000059.jpg", "width": 480, "height": 270}], "annotations": [{"id": 0, "image_id": 0, "segmentation": {"size": [270, 480], "counts": "Uaa12[87I2XOOeHH0c0T7f0K3O2N2N3_IbNl5Q2O100O2N1O010O10000O100O101N1O10000I7O1A_MlJf2i4d0N3O101O0000O10N20001N00100O1O101O000000000000000000000000000O1O1N2M3N2N2K5L4K5MQL`LV3]3hLhLX3S3gLTMX3g2jL\\MV3`2kLcMU3Y2iLmMW3m1iLYNW3d1iL`NV3]1hLhNX3S1hLROX3h0hL_OW3=jLFV36iLOW3LjL8V3CkLb0T3[OkLi0U3SOjLR1V3hNjL^1V3^NkLf1T3VNlLn1T3nMkLW2U3cMmLb2R3[MnLh2R3TMnLQ3Q3lLlLZ3T3`LmLe3S3XLmLk3S3SLkLR4T3mKiLX4V3iKeL[4[3fK]La4c341000000000000000000001O001O00000000000000O10000000000000000001O1O00001O00001O1O00001O2N1TMPKX2S5\\MnJO2d2a501OYK\\Md3d2UM\\M\\NN`3f2TNWNX1g1\\OnM<S2KgM3Y2Q30iMkMaLA83G;7DNa2b3eM[LI2OLj01YO4`2o3aNnKoN0MNc2S4lMoKJ9HHe2R4gMmKL9HHe2T4SNTLYOGd2X4lMUL_OGb2^4dMWL[2k3aMXL^2l400000O10000ZJaM]5`2bJbMOKY5b2kJfMT5Z2QKcMl4^2VKjM`4W2dKeM[4[2jKfMo3[2ULfMe3[2_LfM\\3Z2hLiMQ3W2UMeMi2[2YMgMc2Y2aMgMZ2Z2jMeMS2[2SNcMh1^2[NdM`1[2eNfMU1[2oNeMm0[2WOfMd0Z2@eM<]2GbM6^20_MMa27bMA_2c0`MZO`2j0bMPMCl1l2X1cMeN]2]1dM_N]2e1cMWN]2m1bMPN^2T2cMgM]2\\2cMaM]2d2dMVM\\2o2fMjLZ2Z3lM\\LT2g3PNQLQ2S4S16J2N3L4M1N2J6N3O0lLQKd2`5M2N3M3M3iMRJi1]6M2M3N0O2O1N2O1N2M:TOlHIYd`0"}, "iscrowd": 0, "area": 24778.0, "score": 0.9490703344345093, "bbox": [185.0, 1.0, 239.0, 267.0], "category_name": "bio"}]}