{"images": [{"id": 0, "file_name": "images/obj1667_frame0000413.jpg", "width": 480, "height": 270}], "annotations": [{"id": 0, "image_id": 0, "segmentation": {"size": [270, 480], "counts": "cPl22[82N1N2N2O1O1O1O1N2O0O2O1O1O1O1O100O10O10O1I7N101O1O3M0O2O003LHQIUOn6l0SISOl6W1O2O1O1N3N1O1O1NA[IYOd6g0^IXO`6e0^IPO2;_6k0aIUO]6_1O1O0O101OIhIWNZ6j14TO`IM]62jIHW69iIWOJ4^6b0`IYO4a0[6?bI[OOF^6a171O@]ITOOFb6X1_IVO^6f1G1NjNlI6R6LnI6n5LTJ5g5NYJmNNo0f55dJiNHl0b59PK^OX56UJYO?3BJO9OIo5h0TJWO<:BLU6b0nIWO<;@IY6l0WJXOBJa0N^O010]5Q1QKTO<KUO10O]5U1YLlNf3Q1m1O10O10JoHUOl6h0VIXOEOR7c0nHB7Mf60XIb0L@6Ni6g0SI[OW7e0iH[OV7f0jHYOT7j0mHSOT7j090N4N000O2O1O00JgHVOf0Ol5o0h02N2OO0HhH]OT1Jm4j0PJ[OS1Kl4k0SJUOV7l05MbHZO[7g0fHXOZ7f0gH[OX7f0fH\\OZ7`0hHBW7?mH]OR7b0kHZO]7g0aH[Ok1Ne3h0`JZO]7d0bH[O1O^7e0cH^O]7a0cHB[7=hHAW7:a0N101N20000OSKHh17X3N2N3NVn0"}, "iscrowd": 0, "area": 4549.0, "score": 0.8212857246398926, "bbox": [343.0, 110.0, 136.0, 160.0], "category_name": "bio"}, {"id": 1, "image_id": 0, "segmentation": {"size": [270, 480], "counts": "ed`16W82N1O2N2N1O2O1O1O0010O01O010O10O010O100O100000O02O0O01000000001O0011L3M2O3L4L2N2N3M2N2N2N2N101N00001O001O002N1O001O100O001000000001N102M4L4L3M4M2M4L5L3L4L3M7Haih1"}, "iscrowd": 0, "area": 2394.0, "score": 0.9332060813903809, "bbox": [178.0, 122.0, 90.0, 65.0], "category_name": "bio"}, {"id": 2, "image_id": 0, "segmentation": {"size": [270, 480], "counts": "lVm02[85K6J2O1N1O1O1O1N4I:F5E;I8H7I9D:[J]MU5m2N7H9F:G:GKmK_Lj3i3WLVLa3S4_LlKY3]4iL`Kn2k4oLWKa15WOW5f0QKiN[5NPJo0Q7POQIn0P7SOPIk0Q7WOmHi0i6TOZIU1f6mNYIm0m6TORIk0o6UOQIk0P7nNoHY1V7M2N00O1O1N200O1JgNWIY1i6gNWIY1i6gNWIY1o6000O1L4IeN[I[1e6dN[I]1e6cNZI^1f6bNZI^1g6`N[I_1f6aNYI_1Y7B3MN2K5F:JbNYIa1Z6`0F:B>B?bNSM[Lk3^3f0G:K4J5G:L5N1000O010000000000N3O1O3M9RNTJh0n6K4L3L4M2N2M2O3M1O2M]\\W2"}, "iscrowd": 0, "area": 12816.0, "score": 0.9294372797012329, "bbox": [117.0, 1.0, 98.0, 247.0], "category_name": "bio"}]}