{"images": [{"id": 0, "file_name": "images/obj1654_frame0000436.jpg", "width": 480, "height": 270}], "annotations": [{"id": 0, "image_id": 0, "segmentation": {"size": [270, 480], "counts": "ogj0<o76F8C=jIQOi4R1RKWOh4k0RK]Oj4f0nJAP5a0iJEV5=dJIZ5f1N2O7I5K6J5XMVLb0P4XOSLe0P4ZORLd0o3[ORLc0Q4[OQLa0S4]OoKa0S4]OmKb0U4SNbKR1;g0V4TNlKj00n0P5jNPKT1^5`NcJ^1c5]N_J_1d5`N]J^1e5aN[J^1f5bN[J\\1f5dN\\JX1f5hN[JW1e5iN\\JU1f5jN[JT1e5mN\\JQ1e5oN]Jn0d5RO]Jm0c5SO]Jl0e5SO]Jj0c5WO]Ji0d5VO]Jh0d5XO]Jg0b5ZO^Je0c5[O]Je0c5[O]Je0c5[O^Jd0b5\\O`Ja0a5_O`J`0`5@`J`0`5@aJ>`5B`J=a5C_J<b5D`J9a5Gc101O00O10000001O0000O100000000000001O1O2cML\\L5b3<mKGj3R1_JgN400N?:j4h1oJ_No4a1lJfNQ5\\2L4I7SOQMPLB0d3[3\\1K4K6L4L4L4L4L4K6^Oa0M3M4M2M3O1N3N1N2O1N3M2O2M2N3M2L5LnS4G]lK3lHJl50f20ZN0TH5LKR85oGKn77XOKTIh0e6ZOQIL2m0n6<2KlHnNY7n05N;C=BjGM[Yo1"}, "iscrowd": 0, "area": 18169.0, "score": 0.9368855953216553, "bbox": [96.0, 1.0, 147.0, 267.0], "category_name": "bio"}, {"id": 1, "image_id": 0, "segmentation": {"size": [270, 480], "counts": "Ta21\\83M3M2N3nGHi7:VHHh7>O1`H^OU7c0kH]OU7c0kH]OT7>fHB70R7?hHA50R7`0iH@Z7NiHd0KKP7EPIS1n661O1O2GnHROT7P1\\InNT6R1kIQOS6P1mIPOBNZ6Q1UJXOj5f0mIoN1=P6b0nIUO1;o5?nIYO39o5l0nIXOP6k0lIYOQ6e1M3M1O1O2N1O1O001O00OAcMoJ]2P5gMnJX2R5iMlJX2T5a0000O101N1O2N1O1N3M2O1N3O0O10001O0O1000001N1000000O100O101O000O10001O00000O10001O000O101O0O100O10001N100fNRJ3o5JVJ3l5BdJ8\\5DiJ:Y5BkJ=V5^OnJa0a6O0O3N4K^bP3"}, "iscrowd": 0, "area": 6913.0, "score": 0.9194451570510864, "bbox": [11.0, 128.0, 103.0, 110.0], "category_name": "bio"}]}