{"images": [{"id": 0, "file_name": "images/obj1658_frame0001007.jpg", "width": 480, "height": 270}], "annotations": [{"id": 0, "image_id": 0, "segmentation": {"size": [270, 480], "counts": "da53[8100O0O2O1O01O1OZi0LfoN>[5EaJ?]5AcI2c0a0h5]OdI3b0d0g5ZOgI3?e0j5XOfI50H9n0o5UOhI7NF9P1Q6TOgI79:N]OQ6d0gIZO3a0h65UIMP72PIJU75kHHX7e02N2N1JcH\\O^7ObH`0c7A]H?i0L`5EgI?e04a50]J5a5J^J:`5UOnI9a0e0`5QOPJ:>i0`5mNSJ7=o0`5fNVJ:9S1c5cNQJ:;T1c5cNRJ8;W1b5aNTJ6:Z1b5`NUJ58\\1c5`NTJ3:]1b5`NTJ2;_1_5bNVJL;c1^5cNgJn0HkNc50RJ5d0n0k5QOUJn0m5POTJm0\\ORO`61RJW1^OgNR63oI0?]1^5kNaJa0CDk5LaJ?EFh5MbJ<DLh5H^JBLj0NMg54WJO3VOOd0f5R1ZJ]NOb0f5P1[JXOe5g0[JZOd5e0`JXO`5h0\\J]N0l0c5d0\\JfNOf0d5h0bJXO^5b0]JeN5i0^5b0]JeN3k0`5`0_JdNOm0b5>dJD\\59_JfN2R1_58_JhNOQ1b57^J0b5O_JjNMO0o0d58]JlNOM0o0d59\\J2d5N_JOb50`JN`53^JMc5_100O10O100O10000O1O10;D3N3L2O2M2O001N101N2O0O3M2O1N1O2O1N1O2O1N2N2N2N2M4M3L3M5K5JY\\j2"}, "iscrowd": 0, "area": 6128.0, "score": 0.9337081909179688, "bbox": [14.0, 7.0, 124.0, 90.0], "category_name": "bio"}, {"id": 1, "image_id": 0, "segmentation": {"size": [270, 480], "counts": "ac71X_10TiN100QU30ojL0O1Ud2NPfN0meN1O00O\\K4h0LVO8h0IVO9c3GcI:i3NcM1VNb0m3AiMX1V2hNhMZ1[2ZNgK4n1c1e40N1_MYN\\Nh1U4H_IcN`6]1bIaN^6a1`I`NX4MkK2f1j1f2UNZMl1f2TNYMm1h2QNXMo1c40nN\\N[Ka1\\OTNU5c0\\KY1c4oNXKR1f4UOTKl0i4]110O10O01O1O1O010O1O10O1000O001O1O1O001N2O1M3O100000001O1O2N9G1N1O1O100[OkKPMV4o2mKnLT4R3nKgLE0^4Y3c0O01000O0100000O100010O2M3M2N3N1O2M3NO1000O010O010O001O001O00001O001O1N101O001N101O1N2O1O2M2O1N3L3]McKT1_4hNgKS1[4kNlKo0T4QOoKk0Q4VOQL1\\O_Oc4`0SLNDXOZ4j0TLKFXOW4l0ULDL]OQ4n0VL_Oj44XJER12g44bJEl0Nf4=P2N1O2M3MmXZ2"}, "iscrowd": 0, "area": 14204.0, "score": 0.9435375332832336, "bbox": [1.0, 79.0, 192.0, 168.0], "category_name": "bio"}]}