{"images": [{"id": 0, "file_name": "images/obj1624_frame0000014.jpg", "width": 480, "height": 360}], "annotations": [{"id": 0, "image_id": 0, "segmentation": {"size": [360, 480], "counts": "Q5V3V2cMm2]2SMdMl2\\2TMdMl2\\2TMdMl2[2UMdMl2\\2TMdMl2\\2TMdMl2\\2TMdMl2\\2TMdMl2\\2TMdMl2\\2TMdMm2Z2SMgMm2Y2SMgMm2X2TMhMl2X2TMhMl2W2UMiMk2V2VMjMk2U2UMkMk2T2UMmMk2R2VMnMk2Q2UMoMk2Q2UMoMl2P2TMPNm2n1TMRNm2m1SMSNn2l1RMUNn2i1RMXNo2g1QMXNQ3f1PMZNQ3e1oL[NQ3d1PM\\NQ3c1oL]NQ3c1oL]NQ3c1oL^NP3b1oL_NQ3a1oL^NS3a1mL_NS3a1mL_NS3a1mL_NS3a1mL_NS3a1mL`NR3`1mLaNS3_1mLaNS3_1mLaNS3_1mL`NT3`1lL`NT3`1lL`NT3`1lLaNS3_1lLbNU3\\1lLdNT3\\1lLdNT3[1mLeNS3[1mLeNS3Z1nLfNR3Y1oLgNQ3X1PMhNP3W1QMiNQ3WOaJc1_2VO[3h0fLXO[3d0hL\\OX3d0hL\\OX3c0hL^OY3a0gL_OY3a0gL_OZ3?gLAY3?gLAY3?gLAZ3>fLBZ3=gLCY3=gLCZ3<fLDZ3;gLEZ3:fLFZ3:fLF[39eLG[39eLG[39eLG\\37eLI[37dLJ\\36dLJ\\36dLJ]35cLK]35cLK]35cLK]35cLK^34bLL^34bLL^34bLL^34bLL^34bLL^34bLL^34bLL^34bLL_33`LN`32`LN`32`LN`32`LN`32`LN`32`LN`33_LMa33_LMa33_LMb32^LNb32^LNb32^LNb32^LNb32^LNc31]LOe3O[L1i3KWL5i3KWL5i3KWL5i3KWL5i3KWL5i3KWL5i3KVL6j3JVL6j3JVL6j3IWL7i3IWL7i3IWL7i3IWL7i3IWL7i3IWL7i3HXL8h3HXL8h3HXL8g3IYL7g3HZL8f3HZL8e3H\\L8d3H[L9d3H\\L8d3G]L9b3H^L8b3H^L8a3I_L7_3KaL5]3NbL2]30bL0]3JlIXOf2n0^3ESJ\\O^2o0_3^OZJDV2n0`3VOcJKn1n0c4RO]Km0e4QO\\Kn0e4RO[Km0f4RO[Km0b7N1O2N1O1O2N1O1O1O2N1O2N1O2N2N1O2N1O2MVf]3"}, "iscrowd": 0, "area": 13258.0, "score": 0.9837832450866699, "bbox": [1.0, 148.0, 175.0, 210.0], "category_name": "bio"}, {"id": 1, "image_id": 0, "segmentation": {"size": [360, 480], "counts": "ZaP37o:3M2N3O1N2N2N2N3N0O2O1O1O0010O00001O0O2O1O1N3M4L6CWENn\\o1"}, "iscrowd": 0, "area": 569.0, "score": 0.9252530336380005, "bbox": [269.0, 201.0, 35.0, 42.0], "category_name": "bio"}, {"id": 2, "image_id": 0, "segmentation": {"size": [360, 480], "counts": "]dV46P;4M2N101O0O10000001O001N102M2O4MO1O0N2O1O1N2O10000001O00O100000000001OO10000000000000000001OO100000000000000000000000000000000000000000000000000000000000000000000001O00O10000000000001O1O1O2MO200SE"}, "iscrowd": 0, "area": 1203.0, "score": 0.9331009984016418, "bbox": [377.0, 340.0, 102.0, 20.0], "category_name": "bio"}]}