{"images": [{"id": 0, "file_name": "images/vid_000438_frame0000022.jpg", "width": 480, "height": 360}], "annotations": [{"segmentation": {"size": [360, 480], "counts": "QPg1d039T8X2G9I:H:F`0@<D9G8I9G6dJUJo4T6N1O4L4M3L2OO2N1O102M2M3N2N4L5K4L4M3L5J5L5K5fKkIW3[6bLjIZ3]6^LPJV3c7_O9E=D9G:F5K8bN[Fi0^:D8HSiQ3"}, "area": 6755.0, "iscrowd": 0, "image_id": 1681, "bbox": [155.00196078431372, 102.00196078431372, 48.99607843137255, 217.99607843137255], "category_id": 3, "id": 2638, "score": 0.9747199416160583}]}