{"images": [{"id": 0, "file_name": "images/vid_000035_frame0000034.jpg", "width": 480, "height": 270}], "annotations": [{"segmentation": {"size": [270, 480], "counts": "[215l4[32IRKiL1Om4X3RKiLQ5W3oJjLP5R3PKmL2Oo4g2PK]M1NNO2Oo4T3oJmL12o4f2PK_M00o4k2QKnL13n4d2QKaM0H12P5R3PKnLP5X31YOnJgM0F12Q5a2oJfMOG11S5a2mJPNS5n1nJPNT5P2lJPNT5P2mJoMT5Q2kJbMN7[5T2gJeM03[5X2eJfM0LO1]50dJi2NVMa5n2IRMhJm2Y5SMgJX20UNND\\5OfJY2OSN`5o1bJkMOJa5T2]JPN41c5U2^JjMc5V2\\JjMd5W2[JiMOM0O^5e2`J\\M10_5d2`J\\M10`5c2_J]M1Oa5c28O0LXJbMO1f5[2\\JjMc5T2^JlMb5T2]JmMd5JYJU24nMe5T2\\JiMh5R2\\JmMe5S2[JmMf5V2QJlM1Nn5Z2QJgM2O32^5P2]JoM011N1031`5R2]JmM00o5R2VJnMj5S2UJmMl5R2TJnMm5R27O2O1O1N101O0O12N1O1O00JeIXNN1Z6h1gIWNO2Y6g1hIWN00Y6j1fIVN10Y6l1gIUNY6k1hISNY6m1gISNY6n1eISN[6m1eISN[6l14002NO100O1O10000001O00L400ObIXNX6h17004]ITN\\6c1cIdN`6\\1`IdN`6\\1`IdN`6\\1`IaNc6_1]IaNc6^1^IbNb6e1`IWN[6i1dIYN[6g1fIWN[6i1eIWN[6j1cIVN^6l11O11O0]MTNdNl1[1UNdNl1[1UNfNi1[1WNeNi1[1WNeNh1\\1XNdNh1\\1WNeNh1\\1XNcNi1Q4O10\\MWNcNh1R4O1O1N2M2M3M4MfIhNd5T1VJPOBNT6T1[JnNANT6P1TJSOIOONS6Q1SJ@H_OU6P1RJHn58oIJR6V134L1OJlIQNU6T203kIgMm51SJV2OkMj11Q21WLR2NlMj52XJR2NlMR4NmMU2QNmMo32oMP2TNmMm33oMP2TNlMZ31QM7a1k1c1nMoL4^1n1c1mMTM0Y1U2a1lMVOT2j0lMmN1eMN0V2]3mMmN3eMP2]3nMoNX2R1gMnNY2U1dMnNU2bMlM\\4O^Mn1e2TN[Mk1VNTNY6P21OZMPNoL1Z1o1^2PNaMQ2^4000aMPNbL2P1NjNo1W4RNoLOjNo1i5QNWJn1j5RNVJn1j5RNUJn1k5TNRJo1m5PNUJo1k5QNWJm1i5SNXJl1h5TNWJm1U4RNSM2gNm1a3PNXL2<7l0MnNk1`3XN_L4S1InNk1_3lNdMYOmNk1_3mN[LROe1P2P2SNaL`0J^Od1o1Q2SNcLNJ7NI1Od1Q2o1QNjL6]1i1i1RNiLOD40Jc1S2P2nMjL1D3OKc1S2h2PN\\MP2l1mMlL:AFc1T2m1nNQNS1o1nN_LmN]1W2U2jNhMoNjNY2]3gNoM[1R2lM`L;^1i1W2fM^L<KD`1Z2`2PNdMQ2[2SN[MS2mNaM[3=gMT2kNbM^39gMU2jNfM]34hMW2kNgMm1DQN1O0T1;lNDY1f2hNhMm1OQON=[2dNiMn10POL=m2a0\\MnNCVOJ\\1U3AjL1f0c1_2\\NQMLa0g1^2]NQMKc0f1c2YNkL[OJ`0m0f1f2WNjL1b0e1k2UN`L9e0`1T3QNQLd0k0e0VOoNS4DiKl0Q1YOmNT12QO[4a0gLYOmNV10PO`4F`Kd0S1AlNT12SOg41[LHlNT12SOj4NXLKlNS14lNMOT3NeN4[OOkNS15iN10o24O1lLR1d3mN\\LMR33nLS1k3iNmL0g1T1]1nN\\OR1mMnN]12d0Q1oMmN]13c0o0QNnN\\13c0o0nMlNnN0c26cMMa2Q1[NoNa10]MM64`2P1]NoN_1OoM5c1U1POhN\\1NPN6_O1h04YOE8^1m0eNZ1MQN6AOg0;_Om0o0fNZ1LWNO\\O6f04XOI2OLe04\\O23S1Mk1M_N0oN>^OH8N^1M`1ORO<iMH:Ok3NmK0g2;WMH<Mi30gMOTOd0XOAc5NVJ1j0MTOi02E5BY52]K^1XObNNMY30bN0POa1WOcNMLY31F^1SMdN\\3NE0lLV14jN\\30JT1jLkN\\32K>eLIOMi3K`L4]2K[Md0OA402K\\30gL6Y2l0oMoNj2OVM4Q2m0PNoNU6<YI10F\\7g0fHWO[7h0600[O]H?c7A^H>1BZ7NfH`00CY7MgH?2BW71eH6<Gf4OWM>e5Ei8O_G5OO5JkVl1"}, "area": 40788.0, "iscrowd": 0, "image_id": 7061, "bbox": [2.0019607843137255, 53.001960784313724, 248.99607843137255, 216.99607843137255], "category_id": 1, "id": 11812, "score": 0.7512975335121155}]}