{"images": [{"id": 0, "file_name": "images/vid_000142_frame0000108.jpg", "width": 480, "height": 270}], "annotations": [{"segmentation": {"size": [270, 480], "counts": "b617`1[6dNcI]1\\6hN`IX1a6cN`IMO`1c6`NaIa1`6^N_Ic1^6`NaIa1f600000fI^NFOk5c1i0000\\I]N]6c1cI\\N]6e160nI\\NGOT5f1dJ[N91N0i4NTKg1LZN92MOj4NTKg1LZN:1M0Q5g1gJXN;0M204S4JiKh1LYN:ON208n3GnKf1MYN:1L11:U4]1dKWN92L12:S4]1fKWN90M10<S4]1gKVN90M01=R4]1gKUN:1L11;e3CZLl1ITN;1MO1=c3D[Lk1ITN;1MO0><A]24VMh1JUN:0N0O>:EZ24YMe1LTN:1JNH3:<;H[2MWMj1MSN:1F7668LZ2EUM54j1OSN81HOM27LH?`0OZ1CZN1`08@f10QN:0M2O<43Z1_O\\N1`05\\OI5P2OQN:0M2O;55j0]OSO1I0o0P2oNPN;0N1N<57f0^OnN1NO2O:NH27o1GPN;0M10<3;?YOSO;0G3N9OG47l1JPN:0M2O;4c05SO]O11Oi0NXO37m1KoM93C8:15e02SO_OO3Lk01TO0N14OMS21oM:0N00:5e0FQOKO3:OEi03VO13R2OlM90N00:5d1BQNj02UO25P2NlM;0L10:5f0DE0YOh02WO15R2KlM<0L10:5e0FPOL:0G2Oa0N@2O24R2KlM<OM2O:5f0CG0XOa00_O20MN07U2KmM;OM10:4g0FnNL;1G0Ob00^O20LO15T2NlM:5IL4:4f0LPO8M51ZO40K024U2MlM:5DJ11:93g0LoNR17dNH113V2NkM;0GNN19:4g0KnNQ1:eNF104V2NlM:OM1095g0KnN:00:]OE013X2NjM;OM1184h0LnN31B1b09Im1GjM;OM1184h0KoNMOK9:FG<8m1GjM:OO1O95g0KSOIKN;8GH:0DO04W2OkM90N0085k0InNNLM:6JG91C012X20jM95EO945n09gNYO50K02Ob04^ONW21jM90DO52575o07gN[O40f03WOMX22iM90N0084P17hN[O21f03WOMX22iM:OM1084o0IfN01K3No04nNNZ20hM;OM1084n0IhNO1KX14fNM[20hM:0N0084S1CeN3]1MaNO01Z22hM90N0084Y1EoNN75VOK[22hM95D0:25l0BVO0I0645LC6MJ\\21gM:?NH5k0CWOOI0K02O17MJ:2H5NI\\21gM:1HMN2875k0CWOOI1ONO7MJ:3F50G\\23gM90N0074l0DPON>0@5NK8a0S2AfM:0EN52474l0EnNN`0OA2ON10Na0Z2AfM:OO0074m0DLO^O?m1AfM:OO0074m0CM0^O>k1CgM90E30L:74m0CnN10OM40L31NN:6DN]2NeM:?NH3n0EiN60;1H0D52KOO4]2NfM90EO40673n0EjNk00^O0D52KO03\\2OfM90NO164o0DjNk0O^O2D46KM^2OdM:1EL52564o0EjNi0O_O:0U2FdM:?NF5o0DkNX19POT2GdM:S130ElNf0OB?KP2KcM:S131DkNX17eNJ7\\2LdM9S131DjNZ17dNJO12]20cM:S122EiNZ10dN30M020^21bM:S122EjNY1OeN31LN40^22aM:R133DjNY1OeN240L_21`M;S123EiNY1OdN35NLa20`M;S123CkNZ1NdN35NM`20aM:R124CkN4L10g07XOKLa21_M;S114DkNZ1LeN35NJc22^M;R125ClN3Kg00]O1O0Hc22_M:Q135CkN4MP10ROf2J\\M:Q135CjN4OP10QOe2K[M;R125CkN3NQ10QOOIc23]M:S125CmN0NS1NUOb2I]M:S125CUO7B;3]O16a2K]M;R126BTO8B;3]ONO07d2L\\M:R13>[1U1XN[M:R12>]1U1VN\\M;Q12>]1U1VN\\M;Q12>5_Na0g2mN[M<P11:CeNb0O20Gg2E[M;Q129CeNa01INJ1O00f2M[M;Q129BfN2N1000M3:OH1001e2NZM;P13?C_N70G2e0N_O1Og2NZM;P13?C_N70G1f0O_O1Mg2O[M:o04?C`N50I0m01TOg20ZM:o03`0E_N30J1l00UOg20YM<o01a0F^N21J1b00DNLi2OYM<o01>AbN5O21I3a0OFMLi2OYM<o01a0E`N257JD26MKj20XM<o01a0E`N165LGN6OKh21YM;o00b0M]NE:4GL5070]23XM;o00b0LjNHFN^33aL;o00b0FPOMAO]33aL;o00b0CSOOR33ZL;o0Oc0Dm21aK<n00X2CD2VM;n00W2DE1VM;n00W2DE1VM;n00W2CF2UM;n00W2CF2UM;n00W2BG3TM;n00V2CH2TM;m01V2CI1UM:l02V2CI1UM:l01Y5DlI;k01Z5CkI<k01Z5CkI<k01Z5CkI<k01Z5DlI8k04Y5DUJOb0=Y5CWJO`0>X5EXK<i4CWK=i4CWK=i4CWK<j4DVK<j4DVK<j4DVK<j4DVK<i4EWK;j4EUK;k4DVK<g0Ci11`M<g0Ci11`M<g0Ci11`M<g0Bj12^M=h0Aj13]M<l4DTK<l4DTK<l4DTK<l4DTK<l4DTK<l4DTK<l4DTK<k4DVK;l4DTK<l4DTK<l4ESK;m4ESK;m4ESK;d1C42XN;d1C33YN:d1C41YN<l4DTK<l4DTK<l4DTK<`1C:1VN<_1D;0VN<^1E<OVN<^1D=0UN<^1D<1VN;^1D<2UN:^1D>2TN:_1B?3RN;Y1Bk03lM;X1Dj02nM:X1Dj02nM:X1Dj02nM:W1El00mM;W1Dm01lM;V1En00lM;V1Do01kM<l4DTK<Q1AZ13eM<Q1AZ13eM<P1B[12eM<P1B[12eM<o0D[10fM<o0C\\11eM<h0DmMNf32eM<i0ClMOf32eM<i0BmMOf33dM<i0Ai15^M9i0Bi15^M9j4HVK8a41^K1i3g0WLYOR3^1nLbNk2d1WM[Nb2l1^MTN[2S2eMmMU2Y2lMfMm1a2SN_Mf1h2ZNXMW1GYMY3`1PMS1[3mNeLk0c3UO^Lc0i3]OWLa0k3XNPLb05S1n3ZNPLa02P1T4\\NnKb0No0W4^NmKc0Kl0Z4bNmK`0Ij0Z3_O[LWOe0>Fi0i26lLcNh0;Dh0b2c0RM[Nk06Ai0]2o0VMSNn02_Oh0X2\\1[MkMP1L@j0n1h1bMcMh1`0a0V2hMZMg1==_2lMUMn1HPN0P22oMX33oLR4\\3nKeLm3_3SLcLf3b3ZL`L_3e3aL\\LY3i3gLYLR3l3mLWLo2k3QMVLk2m3VMULe2m3[MVL`2l3`MYLW2k3iMcLf1`3ZNcL`1`3`NaL[1c3eN]LW1g3hNZLm0Q4SO]J0\\1?e4BnIN^1?e4CmIN_1>d4DmIN^1?e4CmIN^1?e4C`K<`4D`K<`4CnIO^1>d4CnI0^1=c4I]K7c4I]K7c4J\\K6d4KnIGY1>i4BPJ8V16j4BPJ9U16j4ARJ1M31MP1=P5B_J3`0;Q5DoIM;4e0;Q5I_K7a4JnIH]1>e4IPJH[1?e4I_K7a4CQJO^1>a4BgK>X4BRJ09Oi0?l4BRJO:0h0?l4B^J2FMi0?S5GXJNLMh0>T5IQJH134Mf0?T5IbJH;?R5BSJ1`0NB2`0=[5DQJOb0N^O100e0>Z5IcJH^O4f0;Y5IcJH_O0h0?V5DgJN7>R5BjJO5>Q5CkK=U4CkK>T4DRJNd1>Z4IeK7[41]KOc41]K0b4IRJJ_1<_4IgK7Y4BnK>R4BnK>R4BnK>R4DlK<T4DlK<T4DlK<T4CmK>R4BnK>R4CTJNf1>V4DnK<R4CoK=Q4CoK=Q4DnK<R4DnK<R4DnK<R4DnK=Q4CPL<P4DPL<P4DPL<P4DPL<P4EoK;Q4DPL<P4DQL<n3DRL<n3DRL<n3DRL<n3DRL<n3EQL;o3DRL=m3CSL=m3CTL<l3CUL=k3CUL=k3CUL=k3CUL>j3BWL=i3CWL=i3CWL=i3CWL=i3CWL=i3CWL>h3BYL=g3CYL=g3CYL>f3BZL>f3B[L=e3C[L=e3C[L>d3B\\L>d3B\\L>d3B\\L>d3B\\L>d3B]L>b3B^L>b3B^L>b3B_L=a3C_L=a3C_L>`3B`L>`3B`L>`3BaL=_3CaL>^3BbL>^3BbL>^3BcL=]3CcL=]3CcL=]3CcL>\\3BdL>\\3ATK0i0>S4BTK1h0=T4BTK1h0>S4AUK0j0>Q4BhL>X3BhL>X3BhL?W3AjL>V3BjL>V3BjL?U3A^K1<>V4AhJO61F2W1<U4B`KO;?U4BlL>T3BmL>R3BnL>R3BZKOj0?l3BYK3h0;o3BXK5[OJ[1?Q4BYK5[OJ[1?Q4BYK5[OJ[1?Q4BYK5[OJ[1?Q4BYK5[OJ\\1?o3BZK5[OJ\\1?o3BZK5[OJ\\1?o3BRM>n2BSM>l2B[K4l0:i3B[K6j08k3B[K0ZO2a1<j3BUM=k2CUM=k2CUM>j2B\\KOR1?b3B\\KOS1>a3CWM>h2BXM>h2BXM?b2F_M9a2GgKJl0?]3G_M9c2E]M<c2C]M=Y2@]K3Z2=Y2@]K3[2<b2DRK0P2<n2DQK50O^19^3ETK21O_19[3GcM9_2EUKNP2=i2GUK03M_1=V3H[KH32^1=Z3CaM=_2CbK2S1;Z3DcK1S1<W3EfKLZO0j1>W3EeM;\\2DdM<\\2DgKNQ1?W3ChKOP1>X3CeKNZO0j1?X3BdK2T1<X3BdKOZO0j1`0W3AeM?[2AeM`0Z2@hKOT1`0S3BhM?V2^OSK2h2`0R2@WKOg2a0m1_O]K1OOh00S1a0j2^O\\K2OOh01S1?m2FQLJR1a0m2DPN;S2CnM<S2CmM=S2CnM<R2DnM=Q2CPN<P2DPN<Q2CoM=P2EPN:P2FPN:P2EnKMW1?g2BXK2f0M[O1P2>f2CYK1f0NZO0R2=b2C\\K6f0JZO0R2>g2EmKN^1=f2DlK1\\1;j2BjK0`1=f2CSN>j1DVN<j1DVN<k1CVN=i1CWN=_1BgK2j2=^1AeKON3o2=^1BdK4o29f1DZN=f1BZN>g1AnKOc1`0T2@lK1=Oc1`0T2@lK1i2?d1B\\N>c1C`KMg2?`1BgK5P39Y1BjK2m2<Y1BkK1?OZO0W2>U2BlK0>0ZO0X2>S2AnK1>1b1=\\2C_N>_1CbN<^1DbN<^1DbN<^1DbN<_1CbN=]1CcN=]1CcN=]1CdN=Q1APL2o2=Q1APL3n2<[1EfN;S1KmN5Q1MoN3P1BoK3Q3<o0@QL4Q3;m0BRL3Q3;m0BRL3R3:m0CPL3S3:m0CPL3S3:n0BnK5U39R1GoN9T1EkN<T1FbKKn10SN27NI45MJk04@Mc03SOLO011N011O7040D36MJ61LO_8"}, "area": 103432.0, "iscrowd": 0, "image_id": 6665, "bbox": [17, 6, 463, 264], "category_id": 10, "id": 10883, "score": 0.9531328678131104}]}