{"images": [{"id": 0, "file_name": "images/vid_000364_frame0000078.jpg", "width": 480, "height": 270}], "annotations": [{"segmentation": {"size": [270, 480], "counts": "l`m02[81O1O1000000nLNYK5b0MN0X4MXK90GL7GL3L84^50UK`0QOD5HY12gN7]4K^KNOT12jNh19\\OGZO0k01XO2Lb1^1cNYO2mNM0I22?N\\O6b0MKf1]1`NZOg0nNUONL=3C0a0NKi1^1^N[OX1ROkN7HMh1^1]N[O\\1oNlN6EGK6l1d1SN@^1kNdNN?6D1j1g2@WMcNJ?8A3m1\\2H]MTO0ZO4k1^2JZMUO2VO6k1Y21^MlN7TO3P2U2S1gMmL4P2j1PNmMO2V3MQMON0l1W2UNkMd5U2hMiMROT2a3lMkIl11ZNS6i1mIVNQ6l1PJRNOMQ6P2QJQNR6P2142lMhIo1]6TNdId1X6YNgIo1X3WNjLIb2P2h0QNXMOc1o1V1QNVM3c1k1SORNi03^N2[1OWNk1W1SNh0OaN4X10XNi1X1TNl32kJ[1Z1dN]1MUO0`N4D[1U1aNlN53N23_1J\\N=Z1CiN2Ok1Q1VNlN24N146I`04YO>R1DmNL0i1R1ZNjN05M255I?6XO<T1EnNJ0OLg1T1fNPOF146J=6YO<T1EnNMNd1S1eNPOE146JIO=7_O?o0FQOMO`1V1dN\\OIg00gNL0a0Q1HSOKLO001Q1V1YO_OBf08gN7o0JROKML70IT1a0POBh0LZO675DJ6Mj0j0]OVO^1<j26hMH\\28bMH`27bMFa27aMH`2JQK8_2Na2HQK<`2Fg29h2InGNQZb2"}, "area": 6818.0, "iscrowd": 0, "image_id": 1694, "bbox": [118.00373134328358, 28.011111111111113, 54.98807193540496, 235.98293650793647], "category_id": 17, "id": 2657, "score": 0.8182567358016968}]}