{"images": [{"id": 0, "file_name": "images/vid_000069_frame0000006.jpg", "width": 480, "height": 270}], "annotations": [{"segmentation": {"size": [270, 480], "counts": "g157U6b1jI^NV6b1kIZNX6f18O1K[IbNd6]1^IbNb6^1^IbNb6]1_IdN`6\\1aIcN_6]1aIcN_6]1`IcNa6]1_IcNa6]1`IbN`6^1_IcNa6e100000O1O1O100LZIbNd6^1]IbNb6^1^IbNb6^1_IaNV5OhJ05Of0a1WOaNc5NVKa1WO`Nb6`1^IaNa6_1^IbN[5NgK`1mNbN]5NgJ0NOd0h1g4XNgJ1NOd0h1g4XNhJ0f0h1h5000000O1O1O100O100O100O12N2N00O1000000000000000000001O00001O001OK\\IaNc6]1_IbNb6^1_I`Nb6`1^I`Nb6`1^IaN[5NfKa1oN`N[50fK`1oN_N\\51eK`1oN_N]50dKb1mN`Nd6f1^IZNT5NmKh1oN[NY6e1hIYNY6g17000000O1J6JUIiNj6X1VIgNk6^10000001IUIiNk6W1UIiNk6W1VIhNj6X1VIhNj6W1WIiNi6X1UIjNj6]1XI_Nc6a15O11O00O1JUIiNk6W1UIiNk6W1UIjN2Lc6a1]I_Nc6a1]I_Nc6a1]I`Nb6`1^I`Nb6X1]IkN1Lc6Y1\\IkN1Lc6Y1]IjN0Nb6Y1\\IjN2Mb6Z1[IjN1Md6e101OO1001O000000000000000`IXNZ6h16O11O00O100K\\I`Nd6`1\\IaNc6e10001OO1O1J]IaNc6_1]IaNc6_16O100000000000000000000000000000XI`Nb6k1K2NO10000O1N2O1000000000000K\\I`Nd6e100000000000B^IjNOOc6W1^IiN1Oa6X1^IiN00b6W1^IiN00b6W1]IkN0Nc6X1\\IjN1Nc6`1\\I`Nd6`1\\I`Nd6c121O1N02O00000000O10L\\I^Nd6a1]I_Nd6f1O1_IWN[6h1mIYNk5`1lIbN9Nk5`1lIbN9Oj5`1lIaN:Oj5`1lIaN:Oj5f1VJZNj5g1UJZNj5f1VJZNj5^1nIcN7Ol5^1mIcN7Ol5^1mIcN7Ol5^1mIcN7Ol5]1oIbN7Nl5`1mIbN0N10R6a1lIbNO01NS6`1lIbN2N00R6f1oIYN00R6h1lIZN1OR6g1mI[N0OR6e1oIZNZ6d193\\IZNZ6f1gIYNY6f181O000000000OI`IbN`6^1aI_Nb6a1\\IbNb6^1]IdN2LZ6`1eIbNd1MV3a1UKcNd1MW3g1jLXNV3h1h1000`IYNY6h1cI\\N3KR20k1i1RLYNY2Ne1h1d2000aIXNX6h17I^I`N;Oj5h1TJYNk5h1lIXN31P6e1WJZNj5d1XJ\\Nh5g1nIYN01Q6f1oIYN01Q6_1f00VIbNd6e1_IYNg00d4g1cKYN]4f1cK\\N\\4e1cK[N]4e1cK[N]4e1mJYNk5a1jIaN<0h5d1XJ\\Nh5e1WJ[Ni5e1WJZNj5e1WJ[Ni5h1lIXN30Q6h1lIXN30NNo5g1SJ[N0OR6f1nI[NY6f1fIZN1OR6g1mIZNZ6f171^IWN]6m1hITNM0j5_1n0NTIbNl6^1bIbNP6`1mIaNS6`1cI_N62m0ND0e3f1hK\\Nn0OEOe3i1eKZNP1NE0e3i1fKYNQ1MD1e3a1gK`NP20Y2`1gK`NP20Y2a1eK`NR2OY2a1eK`NR2OY2`1gK^NR21X2a1fK^NR20X2d1dK_N`6a1hK]NT2b1kM_NV2`1eK_No11[2a1fK_Nn10\\2a1kM^NW2a1iM_NW2a1dK`Nn1N_2b1cK`Nm1O`2a1fM`NZ2`1eM`N\\2`1bK`Nk10b2a1cK_Nk10c2`1bK^Nm11b2a1aK_Na6b1]I`Nb6e1[KYNe2g1[MZNc2h1\\MWNf2h1YMYNg2h1XMWNh2k1m11oITN^5l1\\JSNK1R10^3l1cKVNT1OV3O_Km13SNM2;OL181Q4m1cKUN8MJ47MU4m1aKUN9MK36MV4n1`KUN8M0OO0G0e4X2dKiM10M4Z4K_KX29iM10M4Z4K_KX29iM3ML8]4Q2eKjMFN5O96_3KgLX2EkMOL66`3JfLY2EkMOL57m20QMIJ08Z2KjMOL73o25eL1b0S2BkMMK:0Q36dL1b0i2IPMQ36dL1>HAQ3;PMS36dL0=IA_21iM;GC5^32lLJ;_2^OcM?4@IY36oLK;_2^OeMNL:7GHY36jLJM3b0]2_ObM`07j2MhLLK1d0P2\\OXNl0M`23dLLd0Y28hM_23eLMd0\\2A\\M;9k21fLNc0c2KZMQ32lLI8n1\\OmN>[OS3J`L1S1j2ZO[MS3ObMf2[O[MS31`M[2oNeM?MR35_MY2QOdM>MS36^Mb2_OXMR38iLE9k2LXMR37iLG9`26bMj24fLK;_24dMi22cLKM18NO`2K`MOO<6R31dL1`0Z2\\OfM=NS31dL1`0Q2^OlMN5;GE2l0Mf17hMJ;X2\\O[N8]OG2l0Me18iMI;P3CPMI1]38lLG9Y2_OYN6_OH1^3<fLG:U2EnM1HO2OON1^30cL71M<T2EnM7JG0O0^3:bLD17>R2CPN8IG0O0^39cLEO8?Q2CkMNN;MI2L1_38bL2=m1ClMOMa0O_O1_38bL78V28YMA1]39bL96T29ZMB0\\3Q1cLmN0e20_M1:^3d3bLSLO9_3m3aLSL_3l3fLoK[3Q4fLnKZ3f0`L[27nLY3S4gLgKH3f2OfMNJZ46gKg24SM;Jo22cL0N70d15QO0YOMI80V31bL1M81i01C480XOU4KeK92h00D480XOU4JgK90i00IO80SO^4MeKMOm0OF0FNS1[1dNh11WMl0MZOKJ36LK3n0m4LSKUOL72H00O50K02OO0P1Q5IRK7N9m4ZOSK_O2m01ONWOo4;oJC4;LL7;J@1OQ5OoJ3OM3g05UOGb02C3LR50lJ6NL6f08EDEc54[JI:1I?=M]5MeJJ]O4d0M`55^J7MMa5M_JNA00H220>3B`52nJ3^ON>9d5CaJ4@Kc04Z6MoH0m03U6MoHOm00W63T1Mj11WN0[>NSke0"}, "area": 77271.0, "iscrowd": 0, "image_id": 6890, "bbox": [6.005434782608695, 56, 387.96123188405795, 214], "category_id": 19, "id": 11433, "score": 0.8583272695541382}]}