{"images": [{"id": 0, "file_name": "images/vid_000142_frame0000038.jpg", "width": 480, "height": 270}], "annotations": [{"segmentation": {"size": [270, 480], "counts": "[45b0M2O^O8h0KAMG?1Ab44mKM2O^O8g0LBLG`0OBc42^KM<060]O7e0H\\O54KL1Od01[O_45`KM<O70]O7e0H\\O66KJe0`4EiKF6OA1O7i0M_OKIf0`4GgKD8O@<i0IBb0U4FhKD8>7IB`0Y4^O^KLk0NVO;h0J[OK1?LFo52jJI_O0L>NCM0W51WK<<B^O1M=NGk4KTK<63a0AXO0410>LG^43aKH1O0W1g0jN@OMh0n3[OTL9JD0X1f0iNHf0e3\\OSL9JEOX1f0iNANNh0l3]OVL7JP1e0hN_OLM0Nj0o3YO\\L3F[1e0eN\\OLNk0n3WO]L2F\\1d0eN\\OKOk0n3WOULL1m19UNG5Mk0l3ROVLP29nMH6Lj0k3TOWLo19nMI5Lj0k3TOWLKNR27nMI236Mi0k3UOVLJ0Q26oMI235Nj0j3d1VL[MO30[1m3Y1SLmNl3k2O1O10hNVLlMi3]300OcKYL]2OSOg3`N[L]2OROf3aN[LU4e3kK[LU4g3hKZLm2MYNi3jNZLl2NZNf3mN[Li2N[Ng3lN[Li2N[Nf3mN\\LT4d3lK\\LT4d3mK[Lg2O[Nf3nN[Lg2O[Nf3P2ZLPNc3_3000cK]Lo3c3QL]Lo3c3>0cK]Lo3b3QL_Lo3a3QL_Lo3a3QL_Lo3b3>0000003M0000003M0000001O001O1OXOfK]MY4c2gK\\MZ4d2fKSMJ0`4m2aKlL27N0^4m2aKnL25OO_4m2bKmL16OKN1a4n2dKPMO5f4j2\\KQMo4^2kJPN^5P2bJoM_5`20OYKTMn3l2jKTMF0`4l2jKTM^4l2aKVM^4j2bKUM_4k2b0OUKVMT4j2h000H_JcMa5e2000000000O1O100]N]J:d5D^J<b5X100001O0O010_N[J8f5X10O100hNZJjNON3=e5j0YJkNON3<f5U1WJ_N3<f5k0XJjN1N0>g5g0fJjNB?i5h0ZJfN3j0b5b0XJeNO04i0e5b0YJdNO04h0e5d0XJdNO047K8j5Q1VJbN1N07O8j5Q1WJaN36L6l5R1_JUOa5k0_JUOa5l0^JTOb5l0^JTOb5m0^JROb5o0\\J_NH?m5S1YJ_NK<m5U1XJ]NM>k5T1]JlNd5U1SJ]N000=n5W1QJ\\N11O<o5W1QJ\\N5=j5[1UJeNk5[1PJZN1;o5[1PJZN1;o5[1VJcNk5]1UJcNj5^1QJXN0;o5b1PJ^NP6P200000APJ_NQ6`1QJ_No5c1oI]NQ6o11O1^OmIhNT6X1mIeNU6[1kIdNV6\\1iIcNY6h11O1M3I610000O10000O01K^I\\Nc6e1]I[Nc6i1N2O0O10M2N201N1O11O0001M3O01O010O0100O010O01O0O2O0000O2O010OO1N2001O001000O1N2O001O1O100000O1000O1001`N^IR1b6nN^IR1b6=0XNeI\\1g6fNQIU1P7hNQIY1R701O00000O0101O0000001O0O101N100O2N1O102M2N100O010\\I[N_6e14010O10000O1O2O0O001O002L3M4N1O2N100O100N200O100O100O1O1L4O1O0OO12O2N1O1O1M4N3OO00O10000ORNfJj0T5\\OmJc0R5ZORKg0l4YOUKg0n4YNPKa03U1P5VN\\K7Dc1P5VN_K4Af1j5XNQJN1j1k5TNSJ57g1d5VNUJ82a1i5WNUJ:0`1k5VNUJ0OU2l5lMVJMO2O21g1j5YNWJLO2O21g1j5ZNUJV2j5iMXJLO2O12i1h5WNYJMN17k1b5YNZJM1l1=TN_OOP55QKM1l1?SNc43nJM1m1=TNd42nJM1m1>SNc43nJNOm1`0RNb44oJMMo1P2oMg14\\LT2h1RNg1EfLX2g1PNo1HRLS2o1UNQ2l1mMVNP2FSLT2l1WNQ2l1nMTNR2l1nMUNP2m1oMTNP2l1nMWNP2k1gM^NbNZOZ3MhL]2[1bNm1QOhL]2[1VNdNEX3JgL]2\\1SNfNFW3\\2TNkMgNJQ3_2VNgMjNMn2\\2PNYMPO>1Oo2Z2nM\\MoN>0OR3X2nM[MQONN;05S3W2nM[MQONN`01Lo2]2QNXMQON0`0OMn2_2RNUMPO01Q1i2n1TNRMROO1?OOh2b2UNSMRON0:0F1N0<f2g2UN`Nj1`1UNZNUOgNe2P3VNYNUOgNe2P3VNYNUOgNe2Q3mMlLBm0M]OOIe2R3jMnLCk0NSO0<e2g2jMjNV2W1hMiNY2X1bMjN`2W1_MhNb2X1]MiNV2nMoM\\3HgNo1o1oMSNQ1lMnN8<P4DlMn0^NZOg3HkMk0cNYOk5d0T1K2N2L5L5J5NWX10jgN1N1K4O020aHIf69YIKe63[IMe63[INe61[IOe60\\I0d60\\I0e6O\\IOe61ZI0g6OYI0ZOM\\73ZI0ZOM\\73ZI3f6MYI3]OKU72eI2[6MeI4Z6KgI5Y70UONeHMa06i62PIHI6X71oHHJ7W71VINj6NfHLa08h6K[I5e6K[I4g6KkH034T7KhH7ONY7JiH8NLd74\\HL`79_HDd7=51002L4M1N3N101N2NTmb0"}, "area": 63421.0, "iscrowd": 0, "image_id": 7197, "bbox": [26.001960784313727, 23, 386.9980392156863, 247], "category_id": 12, "id": 12095, "score": 0.8752155303955078}, {"segmentation": {"size": [270, 480], "counts": "]X?4R8MSH6L50H]7g0cH\\O\\73dHL1O02\\72dHK11O2c7JeH>a6CWJ<i5FdIMO1D:a4EeM3eN=]3BhK2V2N^NN@b0Z4@eK1c25[M5`4M]MM_N0EIM:g4JZMMoM1>5I3a4F[M0`N7E2Z40^MHZN;1MV42^MFZN:6La3J]L7DHo12UN7KK?3_3K_L:j1LoMI77a3KXLb0m1BVNNI9m3DWLc0n1@WNOF;o3AXL2H>f2D_M7T4HgK=f2C`M7h3G[Ld0[1]OdNOM03OH466g3F^Le0S1^ObN17NL054N4V4GdK?]1JkNGK243O5n3EoKe0Z1\\OcN5?MGf0l3[OoKb0\\1ZOeN0O1`0O_O33<NHS4JnKd0\\1[OgN1?2^O<NIY4HgK20;`1C\\O3WOMMf0i3[OeLa0Q1A[ON[OOK42OO5h3IeL`0m0BeN0j0M\\O0J3:4^3KfL?l0LDIUOJ17d3KYLN<1D9Y15hNCe04\\O7e3MeLMo0JeN0O72J=OH3K:f3LfLLU12_NJ=OA141N;g3KfLHB0c10\\N24N;OJ2J<f3LcL1T1F`N0S11PO<f3IWLL:;S1CcNOi00]O0K225OLf3:bL1S1JdNJ>OFOK334OLf37XLG9;W1KaNL>NH2K50Kg3:WLD1=V1FmN3n0=h2:^MDK1g2;]MXOjN3T19e2<]MWOkN1U10jN4n3GQLe0V1AjN0V1MnN6k3GQLe0U1LOCPO5k3JRL=U12F^OXO316j3GXL<P12JARO446R41fNIUML06V4OgKMP30SM0O4W4KfK02OY31iL5Z4JdK0`36Z25oJH23`3MlL9BJO0b3OlL8CHN3Q5LWJ4=II5<JA8f5L[J17NG2b0O^O3m3IiM3\\NOKN?0G2?2_O3k3JjM3[NN_1OfN2g3NTN0WN7JJd0N]O3j3OSNOWN9JIc01\\OOm3OSNOVN9KHOO<5FMk3NYNOlM80Ib05^ONa52]KKD`0f3_OjL6g0:g3H\\L4c3MVLH[N2M0b5;^JIW1MkNNO1a5d0fK^OkNLN2a5`0\\J_OZ11mNOK2a5e0cK^OnN4^5?hJXOMOJ162J?b5]O]Jg06ZOK1640ML?b55aJZOJ2730KN0N;c59aJ\\OI45O1O0MO:W4FnK2a0c0@@IO1O97Y5;dJAHN3N89X54[JD:4GL5N7;]4IhK1^OOf0NCOION347f4KgK1AJ>0C170H622h4JgK50GB15OJ1K393c4NVKK>;HE^18V3MVK0OO3a0`1DY3LVKQ1a1TOX3KXKO0f0a1@W34XKIL=7]OR19c33XKKO>MB2J341OO3h45XKI0?KC3H5410I5k44XKIO`0M@>LK?b4MYKFO>3D8JM2DO17j49YKBN<;G`0LSO00O04j4>YK95YOe0<l32YKMOJ7Kc0?n3NYKF3a0i0Lk3LZKG3?7YOC3:c0^4K\\KG2`09ZOKd0]4K^KG1>O[O1OK2:c0\\4L^KG0KNOM75J121LN7LH02_4OdKa01GNK0:0G20:3EJ[40eK`011MK0I1O:4DF02^40gK0KP22UN3JJd0S4^O^LNHl1H\\NOL0?T4@\\LLJm1G[N0MO?T4@iLU1SOPO1K2L63Ha0T4^OkL7QO7OOm0BSOb0V4_OjL6RO5OCO>n0CRO`0X4ElKKa07]Oi0k0D[3@mKK?9^Oh0a0POAg0n4ZOPK90g00INGQ5AQK80f1N`NR5BPK81e1MaN\\4_OWL4_O71EMe00a02YOZ4HeKI77IJO850KM3=NGOJ29\\4NiKLJ54NLJ25MO181LX4DiK;4:NGKI2>NN1L[4CeK;5=Kf1[4RNiKe1KmN]4\\OiKg1MiN[4@iK9Kc01C_4]OdK^10]NNg0b4XOZKM6f14[NJi0c4\\O_Kf0K@0K5IJ22i0b4_O`Kd0M]O0Z1_4O`KL1PO^4]1aK_N061A1;^4_1`K_N052B0<]4\\32bN`KjNb4V1^KjNb4V1^KiNd4^2[O\\LXL41L1i0M3J2i3RO[L1N75I2g0M4J3i3ROZL0N84JOLNi03X1S4SNhKN29M30Y2c4YM`Kj0Ok1b4[M^Kd3f4O2iNXKbNm4ZOSK7N22BN`058k4]OPK632M@130?5_OKe0o4]OPKO2<OH015IN`02AKd0P5]OVKc00^O6\\1e4gNQK`03]O6]1f4fNQKc0O[O9]1R5TOiJ@LKO10`1Z5aNgJ=8EG10Z1\\5bNfJ;;FD30X1\\5dNfJ8c0I]O[1a5dN_J1b02[Ob00Nf5\\O^J2>O]Ol02F^5^OdJON4e0`1i4]NeK>kNd0a4nNcM;[N:S4\\O_M;`N8Q4^O]M7fNG\\O0O=Y4CmK2h14oN:[3AnK1f13mNJ]O?R4DnK0_1MaN5`0N_O>R4BoKO_1O]O2TO?P4ElKKb10]O3POa0U4CjKHb1O_N2o0n0VOROh33oNm0WMPOj32oNP1UMoNd3M`L3b1MZO]1b2gNaLN[10dNOl06POn0c3oNcLNY11eNMl0_1c2eNbLOY11UOMM_1T3eN]L0\\1LYO2Ga0CA1?d3GaNHWN`0DB0a0b3]O_L0U2NYNj0@Kd3[O_L2f2a1a0\\NUM1m10lMb0HC0217W3CWMNo11hMc0KK00W3CaNOBV1fNXOW3CoL1LMb2X1]MUO[34VOg0_MiNN41K^32bL:a2m0`MoNOH_30cL9T2JPNW1KnNOHe38[N2TNR1MkNS3J\\M7]16UNQ1MhNS3K_M5]10RNM1e1Q3YN^M2b11PNOOe1Q3WNYM7n1LiMl1_3XNhNLiMe1N\\Na30^LMZ21iMm1a3WNfNKjMg1N[Nb33aLLQ2^1kMfN2Lc34^LLQ2h1nMXNc34^LMS1NBl1XOUNf3NmM2TOi1]OUNY54XK]1]ObNT4MWM5ROKBc10aN0L`55mJd1B[NOO1M\\52VKi0^OVOOn01RO]54UKe0BJLD0I[57TKd0B:[5jNcJ7=f0E9]5jNbJ002:m0FZOOH1525c5HcJY1HdN51M8e5IaJh1I\\NNJU6Q1mITON:2DX6n0iIQO0OM50K5OV6R1gIQO1:1CW6R1gIQO0a0Y6g0eIVO^6U1cI^N]6`1bI]N13]6_1dI]NN5Z6LfId14\\NY6S1cIVO0Ma6j1J0WOoMUK^1ZORO`5AVK]1ZOROZ6a10L4M30O01M3O^OZN^Jf1a5\\NYJOGd1R6[NYJ0FS1MRO10_6M`IO6o0JSO_6NgI7Mj0MRO3LW55]KM@5JU1OdNZ57iJJ;2BN6d1V5dNdJK;OGM6b1U5`NcJ300a0LDOKb1b5bN_J2l0T1Q5lNoJJXO?1BJ01OZ17S30eL8VOBR1<l2CjK9n0GROo0n0GW3GhLCTOn0NTOj0d0]3BiKMk0LYOo0LQO90G02j0U4VOjK4OOl0MWOT1M7W4dNjK40Ol0OUOR2OYNY4DQMP2jNZNV4EQMQ2jNoMK7Y4KPMP2iN\\NW4CPMg2]4KC^MRKR2D[NZ5CgJ51n1N]NW5@jJ6On10XN_5NaJ[13_NN4b5j1_J_NZ4^OeL1oNj2]4WM`LNUOk2Z4WMgK08NF1:h0EQ10WN^40eK1;OG0Me2N\\M^4NeK2;OG0Le21ZMU50RKe2^5RNZJYO0W1OQO1Jd5e2O1XOYMgKe1@[NNO0500OM1N01S42^LO0c1C\\N03L1OM0O10S43^LOCN0OLb1O`N4OMO06OO001LR45`LLA3La10[N50O4MO001MQ46aLJ_O[1OfN14=MCM13T46ZLJ@l1<TNDNOO03V47[LI@l11UN11M0ONW43^L7[O]10^N1JOO100O02W4NiK1c0O]O80I0]10gNO0023KMN2001V42`L6XOI0V21mM0K12U40cL6VOU20iM0J22T40fL3VOMN`10fN12OHb40dLNlN00[12eNL336MIa41ZL4VOKO_12fNO3OJ_4O\\L8VOW1OgN08^4_O`L9VOG09Lj01ROO90D]4NaL9VOH00L10N2R1OSO070F[4ObL9TO6Nk01QO0F\\4NbL9ROT20dMa51aJN16Li1f4RNYLd2W3[MQL2KOl0f2W3YMXMg2X4^M\\J000Ok1^4QNeLg2[3YMdLh2T3XMTMg2l2[MSM<gNh1U4mMSMf2l2ZMQLLl0j2T3YMSMf2n2ZMRMf2n2ZMmKOn0Z2oNPNU4GSMj1iNTN<OG2T40QMS1QOROm4K_K0IP11ROg4OkJN70I4<h0d5VO\\JNE3;f0h5XOXJNG2:e0k5ZOTJ0E3;a0Q6_OjILJ4;?_3^OfN1lM03:V6EgI1336K\\52UJNJ4>M@Og01f20UO2_M40M]1Mo1OVO>_MDc0N[6<RIEd0O[6;RIEc0011a57eJHK0c52n11O0gGM20d00\\O0V75S1L004OVI0i11FOX50O101iLNoM3Q2MoM3Q2NoM1P20QNNQ20Zl00kVO:E4O10ASH:Q8001O00O1001OO1000000O1IQHOo72PHOT6OaK2ZN0U6NaK1\\N0R60jK0V40bKO\\N2S6MbK1[N2U80INQH3o7MoG5Q8400O2I7M2VN\\OUK1ROONk0l5VOnJNTO\\1n5eNnJ\\1o5MHgN`IZ10hN]6Y1cIdN43X6R1SJQOi5k0[J\\O^5?hJCP5EUJ<0@b00F1Gb0l5AUJ7j0FUO32b0j5\\OTK2PO11N52J7\\5EhJ11Ni0`0ROC4MLd0g4\\OkK?<2ROB3d0d4[OeK0D;P13QOC7?_4@dK1E9d0ED<`0Oo3GcK9?H[O;b00Q4CbK3GOj0f0XOWO>?k5HgIKk0?_5EgILj0?_5FeIL2N1O;a0n5^OdI141OO10:a0]7@TH:g5FZLOQN:Z5FlJ1g12QN8g5EYL3QN7h4FUN2TM7i4FSN4SM7Z5FnJOg1d0j5M7JfMF`L:`3FYL3QN7i7IVH8j77O0mM]O[Lc0k5^OTH;n7DRH<g5D]L?f530O11hL^O_L1n0a0l5N5K00IGYH9g7GYH9g7HXH8h77002N4LK6N01BWH7i77O20NjL^OhL0@1ZO0O10N0b0W4_OiK4M2j0KAOKc1W4]NdK3O3j0K\\OOI27a1g5\\NnJ0YO1LO112O15K7j7D[H1K6V8JkG1U8NmG01"}, "area": 22288.0, "iscrowd": 0, "image_id": 7197, "bbox": [53, 62, 427, 208], "category_id": 10, "id": 12096, "score": 0.4779219925403595}]}