{"images": [{"id": 0, "file_name": "images/vid_000285_frame0000183.jpg", "width": 480, "height": 360}], "annotations": [{"segmentation": {"size": [360, 480], "counts": "3d02]O9f04[OC2<P1CRO1Mi0g5ZOjJM]O9g03ZOC3=V1DhNi0g5YOkJM]O:f03ZOC3=V1DhN2Nc0h5]OlJM]O:g02YOD2>W1DfN02d0f5]OlJM]O:g06ZONW1HjN?f5^OkJM]O:g0h0`0UOkN>f5^OnJ7@H7n0k0WOjN>f5^OkJM]O:8F;b0]ODW10lN?e5^OkJ9]OJf06A0c0EWO53NK;i5DkJN\\O80Nh04@1d0DVO559JEh50kJM]O9ONi03@IG3l0KTO489IEh50kJM]O81Mi0KYO19OE5j00^O:GDh50kJM]O82Lo0L[O0E5j00^O9HEg50nJ4]OMf0NYOO1O21L5h0OANF50Lh5OnJ5\\OMNKl01E480ANG42Je52nJ7ZOOa1JkNMO47Oa50dJ7YO14ET11TO0O38Ma51dJ8YO02GU10TO0O29MF0^51QK9WO1o1FVNOg02X5OeJ9VOK1OX2McN3W5MgJ`0WOCZ1LA3N1Y5MgJ`0VOD2K92<O44^OKO1K3P6MkJd0RO\\O=OW16dNK71e5OkJj0ROUOf0140XO7OOd6JZJi0QOVOf0132WO61Me6KYJb0QOAj0LO>XOIe6JYJ:QOJ1Lh16XNJN60Jg60XJ;ROH1Mh16\\NOLJe61XJ;ROI0L3O82g06UOMIKf61YJb0POA2M91g07SOGL41Le61^Jd0kN@[1KgNd0k6]OXJk05UOhNc0k6]OXJl02NmNUOc61^J=kNG2N>N5b0[OCm6KmIO_O6HN2Ne02I`0@Bk6KQJ0XO6KM2Of02H?ABk6KQJ1WO<LG1M`06L=D@OKk61RJ0ZOi08_OM<G]O40\\6O[JOZOi08_OM<0@U6M_JOUO1Jd0?GF=8[OU6M_J0TOOOb0;j0NgNV6N]J2[OOG20N=[1NgNU6M^J4@N5Z1HgNU6M^J5POK60L3OO>Z1NgNKLP61iJ8YOKGN?[1MgNJMQ60PK1QO3;Z1FhNLJR60PK1QO3;U1]OiN3NL86HR60PK2RO09X1^OgN2;MC60R61QK0SO08Z1^OfN0`0]6@PLY1eMfNNb0\\6_ORKO]OZ1WOfNNb0\\6_OQK1bNNg0\\1ZOfN0?\\6@PLU2Q4kMoKU2iMkMn50XLV2jMjMn50XLV2jMjMn50WLR2fMmM54l5MeKO[N061HQ2;TNe5KfK7_Nn1NjM36j5KfKa2YN_M?4b5LfKX2TOlMV5LfKW2UOmMU5LfKW2UOnMT5KaKObNZ2h0lMU5L`KNcNT2OnMh05V5K_K0bNS21mMh06U5K_K0bNY21eMd07Y5L`KNcNS28kM<8Z5KPKN]O2DP2S1nMmN3o5OPKNXO1IW2;gMJ0:7`5MoJLXO^26bMI0;6_5OXKX2LdMmN2P63WKV2LdMPO1m56VKW2ZObM41\\56SKZ2POaM6OJ19Od57QKW2UObM51E292d53SKV2WOaM49FJ14j54RKS2ZOcM2>HIi55RKESOW2f0UN]OEMOk5<UKd1QOQNf05YOL4Nk5=oJc10gNn4GQK^1UORNk0j0TOVOh5c0nJ\\1<hNl42bJU1KRNJ0O20=MDn5l0ZJP11RNJO20J02?ODm5W3]JfL60A?NEm5l2UJVMh0L[O=MCj5n2ZKRMoN0L63If5Q3_JnLa02ZO>OAg5R3[KoLnN7NK2Mg5R3lJoLE0F5NI53k5R3fJmLF;DC54LN3N`5U3RKlLF`0GI0H`5l2ZKSM]OR1GPOb5j2[KUMWOU1KnNa5h2iJWM4d1S5V1hJVMIL5k1Y5S1QKSMHh1W5T1QKUMB00e1]5V1QKVMBO0e1]5T1SKXM@O0f1[5Q1YKYM\\O00e1[5S1YKWM^OONh1Z5S1ZKWMBf1T5R1\\KVM]O0Ki1[5Q1eKSO[4m0eKSO[4n0cKSO]4m0XKVMDm1T5n0WKWM@NNl1[5o0WKWM@n1Y5l0VKVMBj1LTN\\5m2bKhNROZN20Z5n2cKgNc4Z1\\KfNd4\\1YKeNg4\\1YKcNg4^1XKbNh4_1WKaNi4`1UKaNYOZN`5U3WKcN[OXNZ5U3ZKeNZOWN\\5T3ZKhNf4Y1YKkL\\Oh1[5_1\\KaNc4`1\\K`Nd4a1[K_Ne4a1]K]Nb4d1aK[N]4f1bK[N]4f1bKZN^4g1aKYN_4h1jJaLc0h1a4l1_KUN^4l1cKUN[4k1eKVNZ4j1gKWNW4j1iKUNW4l1hKTNX4m1gKSNY4P2eKPNY4S2fKnMX4Q2jKnMV4R2mKlMR4U2mKkMS4U2nKjMR4U2oKkMR4S2oKmMQ4U2mKmMP4S2QLnMn3j1[K]Lk0g1l3k1YLVNg3i1YLYNe3j1XLXNf3h1ZLYNe3g1[LZNd3g1[L[Nb3h1]LXNb3b1dK_Lj0R2_3_1fK`Lk0R2^3d1aLeNW3[1iLTOh2m0VMZOc2h0[M^O`2b0_MGX2:gMJU28gMLX25]MVLKg3f2b4O1N2M4L3N2N2L4N3L;@e0_O:TObE4UaY3"}, "area": 40910.0, "iscrowd": 0, "image_id": 649, "bbox": [0.01282051282051282, 0.00196078431372549, 177.9594017094017, 359.9813725490196], "category_id": 1, "id": 1043, "score": 0.9248565435409546}, {"segmentation": {"size": [360, 480], "counts": "hhP5;3Fe:b0M2M3N1N2N1O2O1N4M2N2N1O000001O0000O1000000fL"}, "area": 765.0, "iscrowd": 0, "image_id": 649, "bbox": [445, 104.01162790697674, 35, 45.984307052372856], "category_id": 2, "id": 1044, "score": 0.912777304649353}]}