{"images": [{"id": 0, "file_name": "images/vid_000133_frame0000038.jpg", "width": 480, "height": 360}], "annotations": [{"segmentation": {"size": [360, 480], "counts": "]VU21W;0T]1:^bN5K4M3O10000000001O0000000O11O000000O100000000000000JYOkEg0T:ZOlEf0T:ZOlEf0T:ZOlEf0U:XOlEh0T:XOlEh0T:XOlEh0k9ZOVFNOh0g9_OXFJ1g0c9WO]F0N320Of0b9[O\\FN013O0g0`9IcF7]9IcF7]9L`F4[9WOdFg002X9\\OfFc021V98jFHe8XOfGc0CH2=c8\\OfG3E3002>c8\\O\\GK14O205OJ001d0d8[OaGN67HHO2Of0c8ZObGO56IIN2Of0c8\\O_GNO?7AHf0b8]O]GJ032a05_OJf0b8]O`GMO?7AGg0c8\\OaGKOa06AGg0c8\\O`GL0a0N^O22Nf0a8ZO^GN40Ob0MA2M0h0`8YOoGg0AXOOi0`8ZO_GM40Oj0MXO0g0a8A_GJOm01H`8\\O_GL41Mo00H`8[O`GM30Ol1]8XNaGK4O0n1Z8YNbGJ:n1T8UNeGM7n1S8VNgGK6o1S8YNcGJ8n1U8XNcGL5l1X8XNdGJ7m1U8XNeGK5n1V8VNbGK104S2Y8RNbGJ213S2Y8RNfGK1S2Y8UNcGI3R2Z8]NbGe1]8ZNdGe1]8TNcGJ2Q2[8UNcGK0R2\\8SNdGLOQ2^8fNcGm0]8ROeGm0[8SOeGm0[8TOdGl0\\8TOdGl0^8RObGn0a8nN^GT1c8h04bMYGS2P9TNoF]1V9]NmFa1W9[NjFd1]902N00001OhN^NiHc1V7_NiHa1W7_NiHa1W7^NiHc1X7\\NfHf1^80000000001O1O1O000000000000_O_N[Ga1e8_N[Ga1e8^N[Gc1f8\\NZGd1g8_NVG`1j8`NVG`1k8]NWGc1h8eNQGZ1m8jNSGU1n8jNRGV1n8eNmFJ8a1j8kNTGT1l8lNTGT1l8gNYGY1i8dNYG[1Z9000000001O01N10_ObNYG]1Y91O0WObNhG^1W8dNSGN10046Y1f8eNRG0514Z1e8iNWGNKM5\\1f8dNUG5243S1e8mNXG04R1d8mNYGNMI7\\1b8ZOaGe0^8\\O\\GYO1Z1c8]O\\GYO1Z1c8]O[GZO3X1b8XOYGH5P1b8TO_GJ0Q1b8TO_GJ0P1b8WO^GI0o0b8XO^GHIL4U1d8ROXGK52KN2MNT1h8SOZGK34KL2U1f8QOWGL61MLOV1g8ZOWGA<X1]8\\ObGd0^8]ObGb0_8]OdG`0]8[OUGA7OMU1g8ZOWG@61LU1h8YO`GBIT1h8ZOVGK1k0i8[OTGL1DNT1m8\\OTGL4g0h8\\OUGM2h0j8JSG9m8GSG:l8FTG:m8ARGXO2V1m8BWG=i8BXG>i8AWG?i8BUG?k8AUG?l8@TG`0l8ASG?n8BoF?_8iNoGS2Q8mMoGb0B@OV1`8iNnGa0D_ONW1`8iNQHo1o7QNSHm1n7RNSHm1m7RNXHj1j7[NTH0\\OV1`8jNTH0]OU1_8lNSHN_OV1`8jNSHN]OX1a8hNTH1VOZ1e943MnNeNVH\\1j7fN[GLc06^Oo0d8nN\\GLc07]Oo0d8nNSH3XOP1f8lNQH_1P8`NQH_1o7`NUH]1l7bNZG0i00VOV1i8oNSHOROl0j8WOSHMSOl0k8VORHNSOl0k8XOoGMVOk0l8BTGJ1k0l8ROTGH0O1:0m0l8PO\\GJJ2NT1l8YOZGn0g8SOWGm0k8QOVGDJT1P9WOWGDJU1S9SORGIKT1V9POoFLJU1Y9mNmFY1i8bNYG4M[1i8bNZG8GW1o8aN[Gi1e8WN[Gi1S9O4L0000K5O11O2N2N0000001O0000001OO100000000001O000000O1001O001O001O000000001O000000[O_NcGa1]8_NcGa1S9O1O1O1O001O^OjNiFL5Y1U9fNUGW1a9M3M2N2M6IoF"}, "area": 15121.0, "iscrowd": 0, "image_id": 1156, "bbox": [199, 219.00196078431372, 281, 103.99607843137255], "category_id": 1, "id": 1824, "score": 0.8542920351028442}]}