{"images": [{"id": 0, "file_name": "images/vid_000432_frame0000011.jpg", "width": 480, "height": 360}], "annotations": [{"segmentation": {"size": [360, 480], "counts": "Z[]12U;3N1O1O1O2N2M2O2N1O2N1O1O001O000000O100O10000001O1O1O100O1010O001O00000000O10000O100O10O001O1O0O2N101O1O1O001O10O01O1O1O0O2O1O1O00100O1O2M2Om\\R3"}, "area": 1306.0, "iscrowd": 0, "image_id": 2110, "bbox": [132.00196078431372, 0.00196078431372549, 70.99607843137255, 65.99607843137255], "category_id": 3, "id": 3326, "score": 0.9188873767852783}, {"segmentation": {"size": [360, 480], "counts": "QmT11k12]70XH<d7F[H<b7F]H<a7F^H:`7H`HGiN3MNi89bHEhN1m8<YHEfN5n87\\HNc73]HNa73aH@cN9j89fHD[7=eH^O^7d0RMFSN;l1GRN9jMZOX2>L9lMYOX2>J;S2ElM<T2EjM<V2DhM>X2BgM?Y2AfM`0Z2AcMa0]2_ObMb0^2^O`Md0`2\\O_Me0a2[O^Mf0c2YO\\Mh0d2YOYMi0g2WOWMk0i2UOVMl0gNeNR2?UOn0[NdNhN1h3=TOo0\\NcNdN5l39TOo0aNkN[26ROQ1fNcN[2<nNR1[M^NW5`0]MS1Q3mNlLV1T3jNjLX1V3hNiLY1QOWNX2a0fNY1W3gNgL[1Y3eNfL\\1iNSNU23RM>n1^1kNRNlN1i22VMNM?\\2_1mNPNlN1h23UM0M=\\2`1XOTNY11TM0N;[2b1TNmM>8P2NUM0M<[2b1YOSN[1OTM0M<Z2c1f2QNRK2M9[2d1g2QNQK2M9Y2f1i2oMQK2L:Y2g1`NgM\\36oK2L:W2i1bNfM[36oK1M:V2j1cNeM[36oK2K:V2k1eNdMZ35PL2K:U2k1gNdMY35PL2K:T2l1lNaMS37RLf0o1c1nNbMm25VLf0m1e1PO`Mm25VLf0l1g1QO^Ml26WLd0j1i1cN[MM2_36WLd0h1k1VO[Mk26WLd0g1m1VOZMl24WLd0g1n1XO[Mh23YLd0e1P2\\OWMf25YLd0c1R2_OWMb23\\Ld0b1T2BRM`27[Lc0a1V2POPMh38eKc0b1V2QOnLN0V3:XLb0a1X2HlLgN36OQ3W1YNl1LnLjN0Q3T1YNo1LmLjNOR3U1VNQ2NjLX2U1iMR2OiLX2U1hMS2[OiLF5E0R3n0VNV2^OgLCc0i2`0UNW2@eLB9EMT3n0TNW2CeL_O:ELV3m0RNY2FbL]Od0n2`0mMY1jNdN[1POeN050K4Z3o0kMZ1kNdNh1POe1R1gM_2e0^Le1R1dMb2L^LWOM:2n2Q1dMc2N\\LG0h2P1bMe2>YLkN3T3P1aMe2]4[MaKh2_4XM^Kj2b4WM[Kk2e4VMXKk2e0PLPO1L1M1X3S1XMk2g0PLhN032O6W3m0VMm2R1PLaN6W3m0UMn2[1PLXNLY3W1QMo2^1kKWNO]3X1mLo2Q5QMmJQ3S5oLlJR3T5nLkJS3V5mLgJU3Y5kLfJV3Z5\\100000000O1000000O100001ObLWJ]1i5VNUJjN4o2g5VNXJhN2R3d4gLWL]1Cl1V4gLWL]1Cl1V4gLWL]1Cl1V4gLWL^1POcN047U3d5Q2TOeJkK[5Q50001]LVJf1j5YNWJg1i5QNTJgN2Y3j5oM`JP2d4bLjK]1CQ2^4hLnKW1]OeNM\\3j4fLkKY1]OgNNZ3l4dLiK[1YOkN1W3m4cLjKd1ZOi1i4aLVK1g0f1YOh1j5UNYJk1g5QN^Jn1f4dLhK^1BNI=m4WNhKe1ZOG3<k4XNhKW3\\OcNh4YNlKT3\\OcNf4[NnKR3XOgNj4WNnKT5S4gJUK0h0Z3ZO_Nm4VNjKX3]OaNe5b1XJ^Nk4WNlK\\3VO_No4TNjK\\5R5O000000000^LVJf1i5ZNZJc1g5RNXJfN4W3e5QNXJiN3T3f5SNVJkN4Q3f5SNXJjN4P3P5kL[KZ12i1e4mLYKZ12g1g4oLWKZ12f1]5\\NbJb1a5]N^Jd1b5]N]Jc1c5^NYJe1g5]NnIcN0Q3]5nLQK]1CdNOQ3]5nLQK\\1EdNNQ3]5nLPK\\1GdNLR3]5nLPK\\10d1P5PMPK\\1KeNFn2_5QMPK\\1AgN11Mk2a5QMoJ\\14b1m4SMoJY15d1l4SMoJY15d1l4SMnJZ16c1l4SMmJ]1FcNLO50JP3a5RMnJ\\1DhNNJ0S3`5oLoJf1@_1a5kLoJo4R5PKnJP5R5QKmJo4S5QKmJo4R5RKmJo4f51O0O011O00000001O1OdNnJbLf1hNb1R6YNTJf1X4iLRM^1iNi1U4iLRM]1bNgNNS3R6VNoIhNOS3Q6TNPJjNOR3Q6TNoIkN0Q3Q6UNmIlN2o2P6`NoIa1R6XNmIo1S6c10001NdLPJc1o5TNRJfN0U3Y5gLWK]1AgN0T3m5aNPJ^1d5iLgJR5Z5nJfJP5]5oJbJR5^5nJbJR5j500O0iLnIYNOk2T6YMoIh0b0VO_O2ML<9CI;LD=U6HSJf0?VOk1O^M1V64VJc0EXO3010N0m86VGb1^8WNcG9Kh1OUN2Ll7OWH8Lg10TNU1Mg50YI61?IO2A1KX8OkG65R1f0jNi6N\\H6;6_OH:LP96ZGM]OOn94P100000IJ\\E6l:O00000000JKYE5g:KYE5g:KYE5g:KZE4f:LZE4f:LYE5g:KYE5g:KZE4f:MXE3j:MUE3k:MVE2j:NWE1j:NUE3k:MUE3k:NTE2l:OSE1m:0RE0n:50KSEOn:0RE0n:50KQE1o:OQE1o:41O000000000000000000000001O000O11N10000000N22N10N10000000000000000XKI_N7a1I_N7Y6JQE3o:MQE3n:4N20000MGWE9i:GWE9_5FUK0n31^K9S;I0000THNa43Z300000O1O1001O1O00GL]E5n2L[4OaH324c:J\\E115b:KgE1g:1000000N2O100000000L400000FUE7n:0LHWE9i:3O1O10BXE<k:O1OL4O1M3K5J6KTOmE71I0<Q:EnEOO487j9FQFNN2:9d9JSF721h9JUF80Nk9KUF70Ni9MXF4OOh9NXF5OMg9R1NB\\F\\O^9DcFP11oNN9Z9MfFk03ZOV9LhFj01ZOY9IgFm0O[O^6E\\L0WMP1N\\O_6EbL>nLN1O_6EbLn0oL]O_6FaLm0PMRO33]6M`Ln0PMUOO1f9Z10@[F^Od9b0\\F^OZ9ClFo01WO^6JXKOWN153Jl05VO]6KlK0^M04o05VO]6LkKO`MO3P16SO"}, "area": 87511.0, "iscrowd": 0, "image_id": 2110, "bbox": [107, 1, 373, 359], "category_id": 1, "id": 3327, "score": 0.910049319267273}]}