{"images": [{"id": 0, "file_name": "images/vid_000149_frame0000019.jpg", "width": 480, "height": 360}], "annotations": [{"segmentation": {"size": [360, 480], "counts": "n6`02S2OZNU7BlHR3T7nLnH3ND0\\2W7kMjH60@1U1MjN1R1Y7YOgH2;g0KNT7KgHRO4V10LW70fHLNSO117>HK^7i1bHRN:43IS7j0_H^O052@O7<12JT7j0]H_O051L:ML1]7a0\\HZO27NI0<8HL4a7d0[HD0O1>d7L[Hd1f7jN[Hf0h7VOXHm0e7RO[HS1`7[1002N4L1O1O1O0XMXHP2i7PNVHP2l7e00YMTHR2n7lMQHU2P8a01O1O1kMmGS1T8lNlGT1U8jNlGV1V8gNkGY1V8fNjGZ1W8fNhGZ1Z8bNiG\\O4g1T8iNWHU1j7jNUHW1l7iNSHW1n7hNRHX1o7gNQH3_OD1i0`8BbGA5h0H5b8C^GA8g0H5c8BhG9I1`8FfG:JOa8HbGX1_8hN_GY1b8gN[G>0Kf8g0XGaN0h0i8f0WG]Oj8`11^NUGWO0[1l8]OTGXO1Z1l8]OWGa0l8^OSGc0m8]OQGAOj0R9R12NO101O1N1O1O100O1000000000000001O001O2N3M7I7I3M1O2M3N1O1O3M5J3N1O1N3JZ\\W4"}, "area": 7573.0, "iscrowd": 0, "image_id": 37, "bbox": [0.00196078431372549, 222, 94.99607843137255, 138], "category_id": 19, "id": 58, "score": 0.8199958801269531}]}