{"images": [{"id": 0, "file_name": "images/vid_000077_frame0000011.jpg", "width": 480, "height": 270}], "annotations": [{"segmentation": {"size": [270, 480], "counts": "Yf\\14Z83L2N3L4K4O1O1O4K2]JWO_3j0_LXO`3i0aLUO_3l0aLSO_3o0_LQOa3o0`LPO`3Q1n11O1O010_JoNc3R1l10O100O1O2O1N1O2N1O1O2O2\\IdNQ6T2I3L3M1O101O000O2O1_N\\MTMf2i2]MWMc2i2\\MXMg2i0VMoM3MN\\17JS2jNRNS23RNCd0>8j1PORNR24PO1mNAj0X2WOeM24S2?kN6Gc1AcMP2e0gN5Hf1]OaMV2e0`N6Lf1YO_M10[2b0aNHTO3f0T2^O^MW2c0`NHVOFN:f0X2[O]M11U2OkMf0g08KV2Z1nLSNd0h08XOUO=Q3FlLe1i0ROWOUOl00XO2N4h2T2oMcN`0WOb1V2nMaNb0XOa1W2mMbN0XOBOa2W2mMcNOXOYOK63[1MFY2BcN1ZO\\OL\\1NGW2AcN2ZO\\OMh2U2iMcN8\\OROKl2=PM]1h0PO:\\Og0J\\N<KI5K3>H\\1i0WNWOd0X1\\Oh0b0_NKA[1m0jN?]Od02PN62J=X2=YN`0_O`0;jNm16XNb0_O><jNm17UNh2GTM6WO]1n0eNi2EUM6WO`1g0hNl1_OYO9UNb0L0j0Gk1@ZO6VNLK`043i0Gj1CXO6WNLL`024h0Hm3KZKIO`024g0Jj3M]KE0`0N^O0g0l0Gj30[KEO]1m0aNSO31Me4N[K<0[1U6cNnIHM_1\\1_N^13lN5_NJM]1W4dN^M2`NMJ^1X4cN^M1`NOJ]1o3`NVL3`17\\NJM]1P4bNUL0b17[N^1n3ZNWL0a18XN_1P4XNYL0a1R2j2mMmLU2n2PNRMP2Q3lMPMOcN:NIOU1`4jNoL1`N82HNW1Q4fN[L2S1a0`NB0U1b4iNnL?aNn0b4aNnLa0`NC0S1c4hNmLc0_Nn0V6e00O11OlMkIo1e4oMhL2cNo1U6QNlIm1U6iNkIa0U6_OkIa0U6_OkIa0X6]OfId0[6g0_NPNbLOdNQ2j4QNcLo1P5@cIjN[6f10eNiI?W6AjIZOKQ1\\6EkI;S6GmI9S6GlI9V6FiI;X6DhI<X6DkI9W6EiI;X6DhI<X6DaIA0l0^6JbI5`6J`I6`6K`I4_6n0M3000RNcIk1`601kNaI9`6DcI;\\6DfI<W6FmI7S6ZOdI5:`0V6WO`I9:`0W6VO_I::`0W6UO^I=;KD9g6JfIMC9h6IeINCN03h61eINC9i6AXI395F7j6@WI49h0_6UOXI39h0^6VOYI28i0^6WOYI08j0`6\\O_Ie0b6ROXI37j0b6QOjI2C?Z7_OhH`0i7JNGPH9h7F\\H>d7B\\H2L7i7G\\H0L1O5d7K]H8O0d7?1XO\\Hd0d7\\O\\H9O0h7;O10EYHOg71YHOh7;001O0EWH1h7;0EXHOj70WH0i7:iN^ObJa0g6O01N1O01000O1iN^ObJb0f6O00iN_O`Jb0a5]O_Jc0f60O1aM^OPMd0^5OfM[OlLd0Q3AnL>R3BjJLh0O7c0f60kN]O_Jc0_5_OaJa0_5_OcJ?]5AcJ?]5AcJ?V5AhI0Q1`0W5@hI0Q1`0W5_OiI1P16lN0[6JhI0Q1`0S4^OkK2oN2S1>W5@fI2V1;T5CfI2V11iN3d5JnJ9c0KkN2b5NiJJH;P17e4^OhJ5@OS1LmN602[6KfI1R1LnN5O3c6J_JOVO7`6KmIM@137[6HbI0h01[O7k5JYJOG1i0O\\O8j5ISJOO8`0G@327l5H[JOE23M80H1N<P6EZJNG12O70H0O=^6F`I0a0OL6m5IfI3N1`00FL16[6LbIM>3EM17[6KaIN=1_O06O56[6OcIKG3024L75[6O_IKL=OD10:4_6M^I;HD2O95h6KoH<NE?4b6NVI3IJ`05a6NPJ2Q6LPJ4T72DI_H6l71HKVH6P81000000O1MFRH:Q80001FoG5j7M\\H2d7<1DUH4m7IUH4j7MWH3h7NXH2h7LYH5f7KZH6o70O2IJTH6l752O10LC\\H6d7J]H5n70O1GJXH8Q8N1OO1N110O2N1000O101O00JKSH5m7LRH4o751OMESH;m73O11O1O001O8H0000O110M2M33M2N00IJUH7j7KUH5k7KUH5k7KTH6h7IWH116i7MWH3j7MUH3k7LVH4j7KWH5S8NO1FI\\H8m701N2O0000JLQH6m79VHAL0O020N010O0Q20PN0O02OO14Ol3k1oKm00\\M3Lb12[Ne60_I0Ln0OTOi1N_N"}, "area": 63149.0, "iscrowd": 0, "image_id": 7042, "bbox": [184, 1.0056818181818181, 296, 243.99072105951603], "category_id": 20, "id": 11765, "score": 0.9356033802032471}]}