{"images": [{"id": 0, "file_name": "images/vid_000109_frame0000042.jpg", "width": 480, "height": 360}], "annotations": [{"segmentation": {"size": [360, 480], "counts": "o1o7Y301O3M2XIiL[5Y3cJlLW5X3fJkLW5U3\\J]LJb0f5Q3_J_LId0e5m2bJ`LHg0c5h2eJcLEi0c5e2gJkMT5V2kJPNP5P2PKTNl4l1TKZNf4g1XK]Ne4f1XK_Nc4d1YKaNc4V4L4L3M3L6L2M4L3L5M:E4L3L5L3M5K4L6J6J8H5K1O1O2N1O100N4M3M2N1O1O2N3M7I3M<D3JkSe4"}, "area": 6665.0, "iscrowd": 0, "image_id": 1044, "bbox": [0.00196078431372549, 62.001960784313724, 55.99607843137255, 255.99607843137255], "category_id": 1, "id": 1661, "score": 0.9703992605209351}, {"segmentation": {"size": [360, 480], "counts": "[f_3?Z:?H8I8D<D;N2K5J6M3M3cL[MnJ1S3f2m1_MRNb2m1_MTN`2m1_MSNa2n1^MRNb2m1_MTN`2l1`MTN`2k1aMUN`2j1`MVN`2j1`MVN`2k1_MUNa2l1]MUNc2n1ZMRNf2j1_M[MNXNd2[4_M\\MOXNb2\\4_MkLIaN=5]2]4]MmLg0cNl2_3]LfMGgNo04n2_3ZLfMT1iNc2a3XLfMW1gNa2c3XLfMZ1dN^2e3ZLfMZ1dN[2e3\\LYMIYOb5^3dJPMIXO023NM7c5b3cJgM]5Z2cJeM^5^2]JbMd5_2[J`Mf5R4ONZJbJf5l4[JYK0LO1j5k4VJXK1LO1j5Z50aNXJ\\Mj5b2XJ^Mh5a2ZJYLJP1l5e2aJ[M_5e2aJ[M_5f2\\JXLJd0N@0Nm5f3ZJ`Md5`2\\JaMc5_2^J_Mc5a2\\J\\Mh5n34O1eNmIYM[6i31;E3MFQJXKR6f4PJYKQ6f4QJXKo5h49cNdIjM`6V2`InM]6Q2cIQN3cNN14Of5\\3UJPN\\6P2dIPN\\6^3000bNdIPN\\6P2dIoM]6`3N0oIUKe5\\3QJoM]6Q3iIgKY6W4=00ROTIfL0f0l6d2TI_Mm6a2SIYMS7f2nHUM0BR7Y3nHUM0BR7Z3mHZMR7f2nH[MQ7d2PIUMW7k2iHTMX7m2gHSM6Ci6Z3QITMX7k2iHTMX7m2gHRMZ7n2fHQM[7n2fHkLOK_7Z3bHiLc7W3]HjL0O[7W3eHSMY7m2gHSMY7m2gHSMY7m2gHSMY7n2fHSMY7l2hHSMY7m2gHgLOO10O2Z7X3gHgL8OQ7Z3gHgLe7Y3\\HfLd7Z3\\HfLN1b7Z3_HkL1Mf0Nc5Z3gIdLO32MX7\\3kHeL[7[3eHdL\\7\\39O00000000000000000000ZHhL\\7X3dHgL]7Y390ZHgL]7Y3cHhL\\7X3dHhL\\7X3dHhL\\7X3dHhL[7Y3eHgL[7Y3:O11[HdL]7[3_HeL00a7[3cHeL]7[3cHeL]7[3cHfL\\7Z39O11O00O1001O0000O1000000001O000000000000001bHeLl6i4gH]K8<LFg0IXOO_3a6^LcI`05P3R1"}, "area": 32984.0, "iscrowd": 0, "image_id": 1044, "bbox": [317.0019607843137, 64.00196078431372, 162.99607843137255, 252.99607843137255], "category_id": 1, "id": 1662, "score": 0.9771162271499634}]}