{"images": [{"id": 0, "file_name": "images/vid_000333_frame0000018.jpg", "width": 480, "height": 270}], "annotations": [{"segmentation": {"size": [270, 480], "counts": "2S8;00O100O10000O10000N20000O1000000O1O10AVH:h7HXH8h7HXH8h7HYH7g7E`H8`7HYHO49c7LYHK09g7H]H;j711DPH8e7HcH;^7F_H;a7F[H=f7BZHOO<f79KZOaHg0_7YOaH1Nc0a7]O_H01c0`77000000O100O1O100O100O100O100O100O100O100O1O10000O100O100O100O1M30000000000O1O10000O100O100O100O100O100O10000O100OfN[II1l0d6ZO^IIMm0d6ZO`INLc0c6m000O100O100O100O100O100O1O10000O100O100O10_NhIl0W6UOiIk0W6f0O10WNjIZ1U6gNkIY1U6`0O100O100O100O1O10000O100OcNQJ=o5Q1OnNRJFm5^10000O100O1O10bNYJ5f5LZJ4f5LYJ5g5Y1O1O100O100O10000O100O1O100O1000QO_JQO`5?`J2`5MaJ3^5RObJ9Of0_5QObJ90e0^5NbJ2^5_1O100O100001eMcJc1^5f01O1O1O1O1O1O1O2N1O1O1O1O001O00O100O10000O1O10000O1O100O10000O1001ON2O100O]M^J\\2a590000O100O1O10000O100O100O1O100O1O100O1O10RNkJc0U5^OjJb0U5\\1O10VNlJ:S5GnJ8R5HoJ7Q5JoJ5Q5KPK4o4f10dMnJYO3g1Z2ZNOQ1dMe0[2`NMk22XMMg21]MNP1jMKW2WOO_20cM0m0jMGU2^O1Y2NiM2V2MlM3S2LoM4P2LPN5b0lMEn1K6`0lMDm1M8>lMDj11:LjMYOOk0l11;nNiM`06]OI]1l1I=HkMd0g1F>FjM]OOe0h19a0CoMUOLn0d1:b0BnMUOMo0b1;c0IdMSO2j0f1;d0Z1\\OfNd0MkM]OIBh1T1d0MPNXOEFg1T1ROiN`0X1SOSOCHf1GZN]1i0kN;ImN^1<]OY1b0SOlN9V1oNbN230f0b1c0UOmN7U1QOaN061c0b1c0TOPO7V1POjN3<a1d0UORO7c1ROgNa1e0UOSO7[1ROTOb1=UOUO6g0SOQO0J0l0a1>UOUO7f0WOjN00Kn0b1=UOUO7j0UOdN1V1]18UOUO9i0ROeN1?N5a1i0TOVO:c1RO\\N_1l0TOVO<a1QO]N_1l0TOVO=W2>dNTOVO?c0nN6_11TOVO?U2=eNSOWOa0S2=cNSOZO`0h0nNdN1MO0O619_1n0RO[O`0b1oNTN_1o0RO[O?c1QORNY1DeN]1a0ZO`0i0POcN0<ONZ1T1WOWO?g0TOaN21Jg0Z1h0XOXO=j0TO^N2m0U1c0WOYO3VOCd1M]N0l0W1c0WOYONY13YN]ON[1W1WOXOK^16jM]O811Y1W1WOXOL`1FhM20M=OLV1FjNa1`0XOJc1GfM1b0MGV1Y1[OVOIc1OgMHf0U1j0[OVOHe1IdMO2Oe0V1AjNm0?BKe1GiNU1SOjNl0`0CIf1HeMOc00_OS1InNd1?UOIe1KdM6`0FDV1^1ZOUOIf1IfMON0h0U1CkNe0>FJT3j0jM\\OQOKh1GlM0?Q1l0^OPOKi1GdM0M23L`0R1T1ZOTOKf1KcM0M0h0P1o0XOlNF\\23SMOl0P1j0XOjNF\\25QMO1ON1c0k0^OQOj1<fND_2;QMJO02K<o0BROl17j1M[LN2N2O?o0^1XOc1:UM;\\1AW1?fLUO7k0l1\\OjMI`30aLf01\\O7h0Q2WOa16ULM1O1N8i0o5\\OjIK1N026i0o1XO\\1M\\L01070051e0P2YO[2OeKh0P2VOgM0e41dKg0S2YOX11XM2[Oc0V2ZOV13XM0\\Oc0V2ZOV12YM1[Ob0W2[OT1O_M3VOb0X2[OS10mMd0Q1\\OP12oMb0d4]O]Kc0b4^O^Ka0b4@^K`0hN^O]52lK?gNC[5KPLb0eNCU5NYL=cNAG1[53[L;cNAG0\\53[L<bNAG1Z51_L<aNBF1a4OTL3S19dNIT4MUL0S1:dNIR3L]M7GGX1=bNIP30\\M7d10PNIk27^M2f1MRNJh1KeNa0JMg1MRNKg1KcNc0KIk1MQNKg1NZNP1IZOV2NQNGh12SNT1KUOZ2M>KXMl1[2WN>W2CgM?X2BgM=[2CdM>[2CeM>Z2BeM=\\2DdMbMN]2`21aMcM0Z2`23_MdM2W2`25]MeM2T2c28[M7e2<]MoNc2l0\\MlL2X2^2P1dMSOT2T1kMmNQ2W1oMhNQ2]1kMcNR2k1mMjMQ2[4M3MbMWN]Ng1d1\\NZN`1k1]NVNc1[4NTM]N\\M0;c1Z2]N`L0=0h0d1[2\\NeL0f1c1f1]NmNb1T1^NYM0:b1V2`N\\LNS11:b1R2dNaLIT109b1R2fNaLHT118a1R2gNbLHR10;a1o1iNdLFS1O:b1o1iNdLFe2a1f0jNeLEe2a1e0lNeLCU1O8b1m1mNfLAf2c1b0lNjLAd2c1a0mNkL@c2d1K`NmM?D^Ob2d1LcNhM>JZOc2f1JdNcM`00VOb2g1lN[NXOY1ZOeNa2h1kN]NXOW1\\OdN`2j1jN]NWOW1_ObN`2j1iN`NUOU1BaN_2l1fNeNQOR1J^N]2l1fNd0mN`M\\2m1dNg0oN[M]2P2aNg0ROYM\\2R2]Ni0WOUM\\2R2\\Nj0XOTM[2T2YNj0]ORMY2V2WNi0AQMX2X2QNk0GnLV2Y2PNk0JkLW2\\2kMk0NiLW2l5hMTJY2l5fMTJZ2l5fMTJZ2l5fMTJZ2l5fMTJ91c1k5aNUJ^1l5bNSJ_1m5aNTJ]1m5VNRJ82b1l5aNUJ_1k5`NWJ^1j5aNWJ^1j5bNVJ]1j5cNWJ]1h5cNYJ\\1h5cNZJ\\1g5bNZJ]1g5cNYJ]1g5bNZJ]1h5aNYJ_1g5`NYJ`1h5`NXJ`1h5_NYJa1g5^NZJa1g5_NZJ`1f5`NZJ_1g5aNYJ]1i5cNWJ]1i5cNWJ\\1j5dNYJT1]OkN\\61WJS1m5mNSJS1m5mNSJS1m5mNSJP1P6POPJo0Q6QOPJl0R6TOnIk0S6UOoIg0S6YOnId0T6\\OnIOXO=l6DUJ5m5K[100000000000000000000000O1001O0000000000000000000000O1001O000000gHNT6T8RIoG"}, "area": 83081.0, "iscrowd": 0, "image_id": 989, "bbox": [0, 0, 480, 270], "category_id": 1, "id": 1575, "score": 0.9448264837265015}]}