{"images": [{"id": 0, "file_name": "images/vid_000319_frame0000039.jpg", "width": 480, "height": 270}], "annotations": [{"segmentation": {"size": [270, 480], "counts": "XkQ15U86K4NO0O21OM31O1O0000O110N100100UMEcM;\\2GbM:[2HeM8\\2GeM9Z2GfM:Z2EgM:Z2EoJOc2<d2D\\M;\\MEl7?02M1]M@XM?h2BXM<j2DVM;k2EUM;i2GVM;h2FXM;e2G[M9d2H[M:Z2A\\K6Z2;V2A^K6\\2<Q2OnM4n0WOdMe0^16l0TOfMf0_19g0QOiMi0^18f0POlMi0^19d0nNnMh0_1<`0lNQNg0a1`0;iNSNf0d1d05fNWNd0g1h00dNXNc0j1k0KcN[Na0k1m0HbN\\N`0VO]Og2c1E`N\\Na0S2o0oM_Nb02\\O>U2R1lM_Nb01hNL>c0]2T1hM\\Ne02fNM>`0a2V1eM]Nd00hN468l2W1aM^Nd0NjN726P3Y1_M[Nd0U1o1b0ZMZNf0R1R2e0XMYNd0R1V2g0SMXNf0P1X2i0PMYNg0m0Z2k0mLYNh0l0]2j0kLSNG3P1P1^2k0iLRNJ3o0o0_2m0eLnML403o0m0b2n0aL_Nl0b0d2g1YMWNi2j1VMVNk2j1TMVNl2k1SMUNm2m1QMQNQ3Q2[LQM<j0_3Z2]LfMf35TLV2l3jMTLQOMO51Ld2n3]NRL[O0X2b3]McLc1IQ1]3hMdLg0OZO1U2\\3ROdLhN2U2Y3SOgLcN6R2GiMY3c1lL[NKN`0Y2@jMV3j1mLVN>V2_OiMS3Q2nLnMb0X2]OhMS3o1nLQN;1IY2KfMR3T2VMf0i2ZOTMj0h2[O_MiMF3NV2d25XN8TOWMn1g2aN`0]1[3N10O10004M:cNoMoJHc0f2n3mMoKU2m3lMSLT2j3oMVLR2h3nMmKYO6g2l3QNlKYO:f2h3RNlKZO>c2d3_NXLb1f3`NXLb1e3dNQLdN1k2k3g1L3M3N3L5K4ElJSM[5f2:N2M3N2M10O100O0RKbMn3^2QLfMk3[2VLdMi3]2XLcMg3]2ZLcMd3_2\\LaMb3`2_L`M`3`2aLaM\\3i0eKe0N^N4Ob06EM_3h0^Lf0GbN3Oc04EM_3f0dL`0DiNN04Od04CM`3e0fL`0CiNR14TOMa3d0jL`0j0mNi2b0^La0j0lNg2c0`La0S5^OoJa0Q5]OQKc0o4[OTKd0Z1mNX1=`Mg0ROlNm14a18bMk0n0iNc1;`Ml0b4POcKl0a4QOaKo0POnNG0P3Oe0S1_LXONFf2Om0S1_LXOOE^6S1bIXOe6h0ZIVOi6j0VIQOi03R5Q1TJhNg0:V5m0SJiNf0;X5S1YJWOg5m0QJWOP6_14N3O0JiIRN[6l1400MVJWNV5]1UJcN1Oh02R5Z1UKfNm4X1TKhNm4W1V1N2OgIlNY5T1P101O1002M104lHdNm6^1eKbNg1[1ZNfNf1\\1XNdNj1[1UNeNl1g0cKK_2_Om1e0lKFV2Fn1c0nKFS2GP2a0oKIo1FBMc0a0nMLl1EgMOh11f0?oMMk1CY2?mKM`63cIJ]66eIG\\68RIAa04]6<PIBc02]6?PI^Oa02_6c0bI\\O`6b0aI]O`6c0mH\\Oh7e0100O1N1O0NUHAl7a00O2NfHI_65aIL`64TIJJ1T74QIMIOW75kH0NLW74iHG0500Y77hHB0123X78e0M4O00000O1O2O1N1O1OfGO20S82lGNT815000hGO10m70QH12OQ81oGOR8Obi00eVO051J0KOmG1X8OdS21]mj0"}, "area": 14982.0, "iscrowd": 0, "image_id": 1843, "bbox": [124.0625, 24, 235.93553921568628, 246], "category_id": 2, "id": 2906, "score": 0.8658305406570435}]}