{"images": [{"id": 0, "file_name": "images/vid_000142_frame0000100.jpg", "width": 480, "height": 270}], "annotations": [{"segmentation": {"size": [270, 480], "counts": "nh`14Z81O1O1O1O1O1O1O001O1O1bKDh0=VODTM0n2=MBQM6R3:PO@eMO6324T3;nNIjMI16Y36lNLhMJ15[37kNJgML23^36jNJdMOLG2:e37iNIbMd0f3DfNl0Z1VOeNh0\\1[OcNc0^1_O^Na0c1@dMUOVO[1V3DgMSOkNX1^3GdMSOmNV1_3IbMTOlNT1a3K`MTOlNR1c3L_MUOkNP11QOn2m0UNY1j1kNSNV1k1mNSNT1k1oNTNR1j1QOSNQ1j1ROUNR1e1QOZNY1[1hNdNZ1Z1gNcN]1[1dNcN`1Z1bNcN`1\\1aN`Nb1`1_N^Nc1a1_N[Nd1d1^NYNd1f1^NVNd1j1a2O1O1O1O010O2N001O002N0O10N200O10\\NZI`1f6`N]I]1b6dN^I\\1b6dN^I\\1b6dN\\I^1e650\\N\\I^1d6bN\\I^1d6bN]I]1c6cN]I]1c6cN\\I^1d6bN]I]1b6eN^IZ1b6eN_INLZ1e6hN_INMY1d6iN_INMY1e6hN^IOMY1d6iN_INM0OV1e6lN_INM0OV1d6mNdIV1\\6jNcIW1^6hNcIW1]6iNcIX1\\6hN\\IO5X1`6hN[I05X1`6gN]IO:T1Y6mN]IO;S1X6nNnIQ1R6nNoIQ1g6oNhHl0W7VOhHj0W7WOhHk0V77GkNXIW1P7OIlNTIT1m6lNTIg0M_OP7JSIe0O@`6IbI1O3Nc01@`6IbI1O4ML0b02Cm65RI71Dm6MPIj02XOQ7LoHj0O[OR7KoHj00YOS7LmHk00YOR7MnHi01ZOi3MkNO^M1O1Mh03YOh3NRO0VM0Nj00YOj3MZOOlLS1j3nNROOXM1JS1l3mNgNO_M0;1CS1U73gLjNYOW1g0iNVOZ1i0gNWOY1i0hNVOX1j0hNVOX1j0hNUOY1k0gNUOY1_NgNh0Oj0Z1]NiNi0Ki0^1[NkNgNHo4_1XLkNhNGP5^1VLmNjNEQ5^1SLSOQ4i0nKXOR4h0nKXOT4f0kK[OV4d0iK]Oo0[OU1W1kM_OP1[OT1V1jMAR1ZOPNOn2V1oMAT1[OnMNR3S1jMFV1YOU1P1dMGY1[OP1n0gMGY1\\OP1l0fMIY1WOUNOK1c2P1RNI\\1WOPN4LNg2m0PNK]1VOmM7OKg2o0lMJb1BkMFf2o0kMIe1BkMK`2l0dMjNMQ1T2]OmMM]2W2FmMmMM]2U2FnMmMN\\2T2GnMmMN\\2S2HoMmMM\\2S2FQNnML\\2R2GRNmML\\2R2ZOaMaNb0GN\\2n1]ObM`Na0IAM9[2T2_OaM`Na0I@N:Z2T2LSNkM@M:[2T2MRNjMMZ2R2LQNjMMZ2Q2MRNiMMY2R2RO_M]Ob0XO0U2o1VOaM\\O`0XO2T2n1XO_M]Oa0WOC08n1CSNb2\\1_M[Ob0YOBN8n1ERNa2^1^M[Ob0YO1l1S2mNZMYOO61?b0YO2k1R2mN\\MYOM71?b0YO2k1R2lN]MZOMR1b0mN3c1[O]Ng2g0]M[OMo0`0QO3Z1[OgNm2c0YM[OOn0=UO1X1]OdNP3f0VM[OOn0=SO^OMb0]1^OcNQ3f0VMd0<gN4Z1[OeNn2e0XMe0W10cNfNNOo2e0YMf0W10cNfNo2c0XMg0W10aNfNP3`0[Mj0U1O`NgNP3?]M7BJc1k0^1SO_M7@Kc1k0^1SO_M7@[O0=d1n0\\1SOaM6BJf0CMZ1Z2RObM7AJe0DNY1[2QOaM6CLb0E04YOi0Q3\\OaM7BKa1G_Ni0m2\\ObM:@Jc1DbNj0j2\\ObM?\\OGg1BcNk0i2XOmLLg0X1]1Dn1<RNDn1KnKHU2<n1JnKJT2;o1KmKDOKV2e0o1JmKA11V2a0n1KlKC10U2?Q2NjKB01V2;T20gKDO1W29V21aK2X2NW2McK5W2LY2KnKLk17Z2F[K0a03m11S30e2O2O00f^i0"}, "area": 30648.0, "iscrowd": 0, "image_id": 7016, "bbox": [187.0, 0.00196078431372549, 211.99803921568628, 238.99607843137255], "category_id": 2, "id": 11720, "score": 0.8954061269760132}]}