{"images": [{"id": 0, "file_name": "images/vid_000040_frame0000052.jpg", "width": 480, "height": 270}], "annotations": [{"segmentation": {"size": [270, 480], "counts": "XWX2=e7>M2N2N2O1N100O1N200001O3M1O001O0000000000001O001O001O001O002N001O1N4I31OBWH3ONk7NUH;l7DTH>m7O4EnG2oi1OTVN3NK5OY7e072[HZO`7j0O10M`HXO`7h0`HXO1002U7f0jHXO17S7e0lH\\OT7n01O1HjHVOY7Q1NDiHBV7k001OO10000O11O0O100mHiNo6W131001O1O0001kHiNQ7W1oHiNQ7l0oH[OU7e0kH[OT7f0lHYOm6KWIW1f6jNZIW1KgNP7]1O01N010NPIfNP7Z1PIfNQ7[101N11O1O001N101OO101OmNRIf0R7UOoHk0Q7UOoHk0R7TOmHl0T7TOlHl0f6UO`IOJl0e6XOXIM200l0g6TOZIOO1Ol0Q7ROPI3Nk0X7SOkHk0]70YOTOZI90d0e6VOXI8Oe0h6d0001_NYI72b0e6WOZI61c0S6TOZJ2B71c0S6UOXJ2D52d0R6VOWJ1DOO27e0o5YOVJ8CK1OOf0X6WOUJc1a6J3MO@QICo6n000@eNcI12[1[6dNbI23Z1`6fN`IZ1a6cNaI]1_6cNaI]1^6dNbI\\1_6cNbI\\1Y6eNeION]1\\6eNeIa1[6_NeIa1[6_NeIOO[1\\6jNkIS1V6jNkIW1V6gNjIZ1W6eNgI]1Y6cNeI_1Z6bNaIc1^6700M3O1L4M3EjM\\JX2d5hM[JX2m51O100O100000000O11O0000000000001O0000001O001O001O1O002OOO3YNfID94Gk0\\6ZOfIF:T1S6nNhIOM2N108N2j6CZI2O0O8O3i6DYI10O01O1O:h6U1M]N[Id1S6\\N^Jc1c5]N]Jc1_6]NkI=S70XNC_K=a4C_K=a4DYJ0C2O0>=Z6AYI3M1<>^6]O[I1L59?]70L\\O^Hd0c7[O^H1N`0d7@`Ha0_771O=B4FmG01"}, "area": 8688.0, "iscrowd": 0, "image_id": 1952, "bbox": [265, 189, 215, 81], "category_id": 1, "id": 3074, "score": 0.8011544942855835}]}