{"images": [{"id": 0, "file_name": "images/vid_000112_frame0000026.jpg", "width": 480, "height": 360}], "annotations": [{"segmentation": {"size": [360, 480], "counts": "SPg371L34]:5aEN]:3bE0\\:a0L3N2N2N1O1OUOPF>P:BQF>n9ASF`0m9^OVF`0l9]OYFKFb0e:01N1O01OO1000GDfE<Y:GeE9[:HdEL06]:LdEM15`:J_E035b:L_E2QbX1"}, "area": 669.0, "iscrowd": 0, "image_id": 479, "bbox": [336.0023474178404, 179.02083333333334, 32.994055459857464, 41.97314257028111], "category_id": 12, "id": 764, "score": 0.7109652161598206}]}