{"images": [{"id": 0, "file_name": "images/vid_000152_frame0000025.jpg", "width": 480, "height": 360}], "annotations": [{"segmentation": {"size": [360, 480], "counts": "Z63k2]1o3cNQL]1o3cNPL^1P4bNPL^1P4aNPL_1Q4aNnK`1m3aN\\IOg2`1l3bN]INf2a1m3^N\\I20Og2a1o3dNoK]1Q4cNoK\\1S4_NXI1d2a1W4^NiKb1R4]NULc1j3`NTL`1l3aNRL_1n3bNRL^1m3bNRL_1m0aNXO0J`1k0dN[OKJ`1k0gNZOIK`1i0iN\\OGJ`1k0jNXOGM`1j0kNXOEM`1m0jNVOFM`1m0kN^M@g05m0`1P1kNXMEi01m0_1T1kNSMHk09b0U1`1jNRMJk09a0R1d1jNPMKj0;`0Q1f1jNnLKj0=a0m0i1mNhLKg0b0f0f0m1lNfLLc0g0h0b0P2lNbLLg0CmNo0i1e0T2]NRL11597o0`0`0g0a2aNoK8Q1`0=g0^N`Nj31XL9g0@\\Oo0]1g0]NbNl3NVL:g0A]On0\\1g0_NcNk3MTL<g0@^Oo0\\1e0_NeNl3LPL>i0]OAo0Z1e0_NhNn3?fLSOFQ1V1f0`NgNo3?cLSOHS1U1c0bNiNn3`0^LSOMQ1T1d0eNfNn3a0ZLTOOR1S1c0gNfNn3b0VLTO2Q1S1c0gNjNk3a0TLRO7P1R1e0hNlNg3>SLSO<P1Q1c0hNmNh3f0_LJP1e0hNkNj3e0[LNS1c0eNmNl3W2^MnNdNlNn3V2^MJb26]MKc25]MLb24]MoNfNdN2Cj3j2]MPOgNmNm3R2[MROhNlNm3R2ZMkNjNWN0o0l3n1ZMiNROYOe3m1YMiNWOVO`3Q2XMiNYOVO`3P2VMjN]OTO]3S2UMiN_OSO]3R2TMkNCPOZ3T2RMmNGlNW3W2QMmNNgNR3[2oLnN1fNQ3[2nLoN2eNP3]2lLnN5eNP3\\2kLnN5gNQ3Z2iLPOOZNVO=R4[2gLnN1\\NTO;U4]2bLlN6mNY3Y2^LiN9oNZ3X2[LjN4YN^Oe0S4Z2YLgN7[NYOg0X4Z2SLdN=[NXOO0e0Y4]2QLcN`0[NVO00e0Z4]2nKdNh0oN[3]2kKdNk0oN\\3^2eKcNm0ZNQOe0^4]2cKeNm0YNSOe0^4]2aKeNm0ZNTOd0_4U4]LYKTOa0`4T4]L[KSOa0a4S4\\L\\KSOa0c4P4ZL`KROa0e4m3ZLbKQOa0g4j3ZLeKnNa0i4i3YLbKoN1Od0k4h3VLcKPOh0l4g3hKbK_Ok0j4d3eKbK@j0m4d3aKcKAi0P5c0oJjNOZ2?_MDj0Q5?RKgNKN15OV2=fMGj0P5>\\KiNC[27cMKk0Q5<ZKkND[2<_Ng49YKnND\\2:]Nk46WKSOC[26`NQ50YKROA^25`NR5N[KRO]Ob25^NT5M_Kg1ZO]MKm0]5M_Kk1TO_N^5E]KU3d4jL[KW3f4hLZKX3g4hLWKY3j4fLVKZ3k4fLSK[3o4eLnJ\\3S5dLkJ]3V5bLjJ^3W5eLdJ\\3]5eLaJ[3`5eL^J\\3c5cL]J]3d5eLXJ\\3j5cLTJ^3m5aLRJ`3o5l01O1O1O2N1O2N1O2N3M1O3M:F3M1O2N2N00O1N2O1O1O1O1O1O100O1000000O1001O00000SOYIYMh6c2bIVM^6m2dImL^6V3eIcL[6]3i0O110O1N2O10O00O11O01\\NUHGm76THJU8KmG5T8HoG8P8GQH9n7GSH9m7FTH:m7CUH=k7BVH>j7AWH?i7AWH`0h7^OZHb0f7\\O\\Hd0e7ZO]He0c7ZO^Hf0c7YO]Hg0c7YO^Hf0c7XO^Hh0d7VO]Hi0d7UO]Hk0e7SO\\Hl0g7PO[Ho0i7mNWHS1m7hNUHW1o8O001O1N2O3BlE@Y:4aiQ3"}, "area": 25328.0, "iscrowd": 0, "image_id": 759, "bbox": [0.00196078431372549, 86.00196078431372, 202.99607843137255, 273.99607843137255], "category_id": 1, "id": 1218, "score": 0.947280764579773}]}