{"images": [{"id": 0, "file_name": "images/vid_000315_frame0000026.jpg", "width": 480, "height": 360}], "annotations": [{"segmentation": {"size": [360, 480], "counts": "Y9m1[90000000000000O10000000000000000000000000000O10000O1000000O1000N200O10000OYMTNTLl1d6ObLZN\\Mf1`2lNRMT1l2oNSMQ1m2oNSMQ1m2oNSMQ1m2nNTMR1l2lNVMS1k2mNUMR1l2nNTMQ1m2nNXJZOh2i1Q3lNRMS1o2mNQMR1Q3QOkLo0V3SOgLl0Z3SOgLl0[3QOgLo0Y3oNiLP1Y3mNiLS1W3mNiLS1X3oNdLR1]3PO`LP1a3PO^Lo0c3QO]Lo0c3QO\\Lo0f3oN[LQ1f3nNZLQ1h3mNYLR1h3nNWLS1j3lNULT1l3lNTLT1l3kNULU1l3jNSLW1n3hNQLY1P4fNPLZ1P4fNoK[1R4dNmK]1S4dNjK^1V4aNjK`1X4^NgKb1[4]NcKe1]4[N]IIP2l1d4[NZIJQ2l1f4YNXIMP2k1i4XNVIMo1m1l4ZNTKf1l4ZNSKg1n4XNRKg1P5XNnJj1S5UNmJk1T5TNkJl1V5TNgJo1Y5QN`JV2`5jM`JU2a5kM]JV2f5hMYJY2h5fMXJY2i5gMXJW2j5hMWJW2i5iMZJS2g5mMZJR2f5nMZJQ2h5nMXJR2`7O0000002N3M001O00000000lF^Nb8b1_G]N`8d1`G\\N`8d1`GUNI3f8i1eGVN[8l1_G[N_8e1aG[Nh6IcJn1dNQNM1m61`Jn1fNoMN2l61_Jo1hNmMM3n6O]JQ2iNlML0T70WJU2d70YNlMZJT2fNkM_66^IJJ3S1T2k5UNSINR1m1h5XNUILS1l1f5ZNWIJS1l1a5_N]IDR1l1a5aN]ICR1m1_5aN_IBo0P2a5^NaIBl0R2Z5eNjIYOj0U2T5iNRJmNMN93Ka2m5aNRJmNMN9MG26e2i5dNRJkNOM77K^2j5nNTJ]N6U3e5^NWJZN6;I^2k5lN`JdNG`2h5\\OUJoM6d2e5]N[JoNK<>V2\\5_N[JnNL<?V2Z5`N[JnNL<>W2[5_N[JmNNl1LHk5_OXJoN2g1OJg5@XJoN2MKg13Mi5@WJoN2MLf1O1f5YN]J\\13cNLa3d5aL^JX1=R2U5dL_JZ1;3A`0m5\\OaJ6A>o5[O^JY2d5dM\\J\\2d5dM\\J\\2_5kM^JW2`5j1OWLXJS2l5gMWJX2j5hMSJZ2m5fMRJJ3S1l5iNTJoNOT12T1k5hNSJoN2U1OV1j5mNUJb2j5^MVJb2k5WMSJQO2h3l5\\MTJd2m5[MRJg2m5YMSJh2m5WMSJi2n5Z12WKoII4k3m5\\LoII4k3m5fLTJZ3l5\\LoIU4o5\\KQJ1070]4n5]KTJ`03DN0N[3k5cLUJn4f5=O1O0O2O0000001O00000O10eJ`Jn4`5RK`Jn4`5=0TKaJXONd4a5TLeJk3[5ULdJl3]5SLcJm3^5RL`JP4`5PL`JP4`5QL`Jn3a5RL\\JP4d5eLaJa2_5^MbJb2^5^MbJb2^5_MaJa2X5RLhJg0LL4[3_5jL\\JK5[3_5_MaJa2_5^McJhNIc3d5^M^JnN51Ic3d5^M^JnN50Jd3c5^M^JnN5j3]5ZM\\JlN7j3]5_McJ`2^5`MbJ`2X5WLaJ[15_2Y5l1N1009cK\\Jd2e5ZM_Jc2a5]M\\JfNNm3e5c100001N20LbJ^J\\5b5dJ_J[5g50JfJ_JY5a5gJ_JY5a5gJ_JY5b5fJ^JZ5h500000M3L_KgJSOEV4d5gLjJX3V5hLiJY3W5gLhJZ3W5gLgJ[3m4gKSKn0KRONY4T5gKSKn0JTONW4b5iK^Je01\\OOV4b5hK`Je0O^ONU4d5gK_Jf0O]OOV4i5]LXJ]OOV4i5]LYJ\\ONW4i5]LZJ[ONW4h5^LZJZOOX4g5^LXJj3h5k0000000000000000000001O0000000mJZJd4f5[K]Jc4c5]K^Jb4b5^K`J`4`5_KcJ_4]5aKcJ_4^5`KcJ_4T6O1O1O001O1O00001O000000001O0oKWIc3i6UL`Ij3a6TLaIk3`6TLaIk3[7gLeHk1`8L001O001O1O000O101O010O1O0000QMmMjLR2U3QNiLo1W3QNiLo1W3QNiLo1X6000000000000000PMoMiLQ2W3oMhLR2Y3mMgL7VMa1o8=O100N2N2N]NVGl0j8kNVG^1k8aNUG_1f8TN]G[2g8100L4H8O100N2O1N2O1UO[MSIe2k6_MSIa2o6\\MQIe2l6PMiH3N3<j2m6QMoH3MMOo2T7RMQI04n1DmNT7ZOcIm0XOnN4?19d6LZIFND0S19XO5:S6l0`I_N\\15YO<k5>_IQOQ22hN>i54lLJY701O001OTOElF:S:NTOGjF7W9IjF6V:KnD0f90\\GOo81QG0fd0OeA1f37aHId31f3OUEOl:2SE4h:LXE4i:KXE1k:NVE2j:NVE2l3Oh2OYI121n3Nf25[INo3Mf25[IOg:1YE2T4LU22gIOS4NkK0f60]M3g2MZM2\\2MgI1n30[20gI0b:1WEN22g:4XEMOMe:=7FTEOm:1SEOm:0TE0l:OUE2j:NVE3h:OWE0g:90N2010004I4NgIOT10XJ1d40S1OVJ5f4LT1NVJ9j:O1OJJYEOO7i:JWE8j4IQ1>k400KlIEe11eNOZ11gNOY11gNOY13l42N2N0kIIZ17l4O1LPE1n:5lIIW17QJIc40`KOL3c5;POC`K8^57QO@`K:_58oN^OdK0M3a54^J2b:N^E1c:90G]EOc:1]EOi4Jm07ZJOh4LWK0a55`JNi4MWKNa58^JLf:3[ELf:4ZELf:3[EM`:M`E52L^:1_E33L^:1^E43M]:0aE40K`:1aE4NJb:1`E6NHb:3`E5OG`:b0_E_Oa:e0^J[O>f0CYO=f0[OZOn06]JKO4f4Ln04dJN_4Nl05fJK_40j07bJHi41d08bJIi4Oe09_JKk4Lf0b0YO_Og06cJJh4Od03aMMTO0[33KM54JL67dJHk41`09dJGk40a0`0@@`0;`JFP5O`08dJH`:8_EI`:9_EGa::^EFb:`0hJ_OIa0_50^J^O>`0V5B[E8f:F\\E9e:G[E5MMm:2UELi:0UE5b5LG0gJ42K51m4048jJH40Q2OnM1^21dM"}, "area": 42401.0, "iscrowd": 0, "image_id": 104, "bbox": [0, 156, 480, 204], "category_id": 1, "id": 162, "score": 0.8551645278930664}]}