{"images": [{"id": 0, "file_name": "images/vid_000094_frame0000024.jpg", "width": 480, "height": 270}], "annotations": [{"segmentation": {"size": [270, 480], "counts": "l1\\1=fNLOM0;`0V1j072VNeN2020`0`0N_ON0E[1Y1hNfNY1KgN2O20`04ZO35H716NF[1W1jNgNX1MeN013Na0`0MANOEZ1X1iNdN\\12aNN2l0?F_OM0FY1W1hNdN_19aNe03WOMR1OkNOK[1_1gNdN\\1<cNd02WONP10kNOK[1_1jNdNZ1Z3bNhLOLZ1^1lNfN=5K<Bc11kM08Y1R1nNfN;6Kc0Cj00_N77R1Q1nNfN>3Id0Cl0O_N68S1P1nNfN;6LHBd02704O^OX1d0fNPO107OHN601>7EC2O:4<06MVO0OY1R1gNkN600NO>8DCc041KZO4X12jNT1\\1mNaN9a0NBBe04a1OmMW1m0fN\\O`0\\3ASMY1g0TOV2DSMX1g0TOn0BEZ1]OTOX3l0aLjNcN:l4l0`LkNdN9l4l0aLiNcN<l4k0aL[O[3\\OXKY1]1\\OW3ZO\\K1OZ1Y1eNjNf0b4^O[KW1m0eN]O0If0b4^O[KW1Y1eNjNf0h3\\OnLOWOZ1X1fNkN4M;i3LgLE@Z1X1fNkN2N>h3FXLIa01^OZ1X1gNjNe0h3^OlLLZOZ1X1gNjNe0h3[OoLOWOZ1W1hNkNe0g3ZOmLN[O1OZ1W1gNlNf0f3ZOmL_1a0aNlNd0h3\\OkLN[O^1\\1YO_2YOoL]1b0ZO_2YOoL]1b0ZO^2[OnL\\1e0XO]2\\OoL[1d0YO]2\\OPMZ1c0ZO]2\\O\\LO5OF]1\\1YO]2\\O\\LOI09OH^1]1XO=ZO32YNNK070I]1\\1ZO<ZO3O\\N0I16OJ]1\\1YO=[O=OUN0D^1X1bNjNh0f1XO^O1HO^O0D^1R1hNPOd0R2XObNOIOC1c00ZO]1S1hNPOd0j0VO92oNN;100B0d0`1=eNPOd0j0WO81BOI0B0d0`1=cNROe0i0WO913OiN1c0`1h0ROcN@l0N:O40hN1c0`1h0QOeN@j1OXN25Md01TO0d0`1h0POfNAi1OXN3O2a0K_O5c0[1f0jNo0FkMON7h0KM_17QO`1^OkM0D3R1MJa15POa1_OmM1d0OIa15POa1_ORO4TO^19QO]2]OhL0868\\1;QOa0^O61[N0;56\\1=POa0^O61[N0:66\\1>]NQO=h0FHMW10ZN1:65]1d0[OjNQO0`0:@e12\\NNH0N1=d1h02ROZNf11\\NOL27b1i03POYN<Nb00PO46NL33d1h0XNQOl1OWN<2f0JPO47OH84^1k0XNQOS20lM62H3Q1LRO50JOc2o0^MQOS29VNf0GQO61IOc2o0^MQOS29WNe0FRO65?JT1P1WNQOX24UNl0JoNH2e0OU1o0WNROX23YNg0@SO531NI0O8i1i0WNQO;Ma17fNe0@TO530ML;g1l0YNiN30f17hNb0EWOH36MM2L4j1Q1`0PO\\NMZON`0OD53KK;g1k0a0QObNIC1D53KL:g1k0b0QO`NJ^ONJ2053JM2M4i1P1d0QO\\NI@2G0335JK<f1f0j0UO^NIoN:7H63DOh1m0l0VOZN6IG\\ONe1o0m0XOVN4YOF:0D0f1o0gNoNc17kN3YOG10H42Lh1P1_NnNL1o16]NIJ1G56LL;MEj1R1[NmNO0P26[NJI0K44`0H]Ol1S1YNlNO1R25YNJI1L34c0e1;VNSOONT22XNOGMO3=OA2l1k0WN^OKM1DO1b15kN4KL9MC0k1n0VN^OK3c1CjN5KK:NA0m1n0UNSOK425e1IfN2LHG3b00AOn1n0TNTOMd0g1]OUO2SOI010O54R2l0mMTONc0f1@oN4XON3MNJT2Q1oMTOO0M:j1GoN4WOO3MNJT2S1mMRO2OM9k1HnN3YOO00T2l0kMSO68g1FjNOM3`1m0lMSO7MH4o1NgNM12_1o0kMSO=0b1OBNe0P1kMnNOO71N1l14oNLoNN36T2m0ZNPOl12^N7VOJW2o0VNoNo12_N2XOMT2Q1UNmNF1R21gN2i1l0kMXO@EU26d1l0hLYO_OEW25a1m0iL\\Of1H`1k0kL]Of1I]1j0mL\\Oj1IW1k0nL^Ok1FW1k0nL@l1EU1l0fLQOJ?\\2DS1n0`LCO^O^23Q1l0bLC0]O^24o0l0cLC0]O_24m0n0bLHb2YOl0n1UORNj0n1VOTNh0l1YOTNf0l1\\OTNb0m1RMmMn17n0l1SMnMP26l0l1TMmMR28h0k1GUN7l1ITN6m1JTN4m1MRN2o1NQN1Q2OnM0R21nMNR23nMLR25nMJQ28oMGQ2;nMDR2=nMBR2>oMAR2?nM@R2a0oM]OQ2d0nM\\OR2e0nMZOR2g0nMXOS2h0mMWOS2j0lMVOT2j0nMTOR2m0mMSOS2n0mMQOS2o0nMPOS2P1mMoNS2R1lMnNT2S1lMlNT2T1mMkNR2W1nMhNR2X1nMhNP2\\1oMcNP2^1PNbNo1`1QN_No1a1QN_No1b1QN]NP2c1oM]NQ2d1oM[NQ2e1oM[NQ2f1oMYNQ2h1nMXNR2h1nMXNQ2j1nMVNR2k1nMTNR2l1nMTNR2l1oMSNQ2n1nMRNR2n1nMRNS2n1mMQNS2o1mMQNS2P2lMPNV1RNBm3YOPNU1SNBm3ZOoMT1XN^Oj3]OnMS1_N\\Ob3BnMR1`N\\Oc3AmMT1_N[Od3AmMV1^NXOf3AlMW1XNdN2c0j3CkMU1aNXOd3CkMU1bNXOb3ClMU1aNYOd3BjMV1aNXOe3BjMV1bNWOd3CjMV1cNVOc3DjMU1eNVOb3EhMU1hNUO_3FiMU1hNUO_3GhMV1gNSOa3GhMZ1dNnNe3GgM[1dNoNd3FhM\\1cNnNe3GgM_1\\NoNm3AgMY2Y2hMfMY2Y2gMgMY2Z2gMeMY2[2gMeMf1\\NdNo3FeMf1]NcNo3FdMg1]NcNo3GcMg1^NbNn3GdMg1^NbNn3GdMh1]NaNP4FcMi1]NbNo3FcMg1_NcNo3EbMi1_NaNo3FbMi1_NaNo3FbMZ1aNjNO5o3G`MY1eNiNL7o3G`MX1fNjNLHN<o3JaMX1fNjNO4j3K`Mm0bNSO3124j3J_Mk0eNVO0M68f3J_Mk0hNRON069e3K^Mj0kNPOL279c3K_Mj0TOROFMI=n3J^Mj0UOROFMJ>k3I`Mi0VOSOEMJ?j3HaMh0WOTOCOH`0l3FaMe0[OUO_Of0e3_OaMf0[OUO^Oh0e3]ObMf0[OUO^Oh0e3]ObMf0[OUO\\Ok0f3ZOcMg0ROSOB34k0e3XObMe0YOVOBm0c3XObMd0fNUO`02_OO2o0f3XObMk0fNmN6_1b3iNbMo0jN:d3fNbMo0oN7_3jNbMl0RO<[3gNcMm0hNh0c3\\NeMj0iNk0a3[NfMj0jNk0`3[NdMk0kNl0`3YNeMl0jNm0_3WNgMl0jNn0^3VNhMl0kNTOLa1`3`NhMk0kNUOMa1_3^NjMa0hN]O3M00Li1^3[NkMb0gN]Ob0f1k2\\NkMa0hN]Ob0h1i2ZNmMh0mNQO<h1i2_NnMi0kNQO?g1g2_NoMh0Bi0^2_NPNa0hN]Om0b1Z2_NQN:POBHO5O00=d1e2bNQN6UODD14O01>b1c2cNRN6UOD308`1]2fNSN7TOCE1X1\\1m1iNQN7WOEGNo0\\1Q2jNRN8QOCK0Z1Y1h1lNRN8QOD[1X1a1lNSN5TOG>N1Y1Y2mNTN5UOF669R1X2mNSN5WOE57:R1V2mNTN5LKLR1S2nNUN5MEnN2Q1S1n1QOVN52EmN1f0T1T2QOWN5VOEI0d1U1U1QOXN5Y1i0`0QOWN5\\1j0;QOYN5]1j09ROYN4_1k06QO[N44F3S1]1SO\\N42IlNNS1S1a1SO]N42GoNNQ1V1_1PO`N52F6U1X1PO`N4_OHLOD0T1T1\\1QOaN3@N^OK1O01Z1l0V1YO`N2AN^OK1O00\\1m0T1XO`N4@M_OJ20c1l0l0YO`N4@M_OK00g1i0j0[O`N4@M_O3h1`0i0\\O_N5@L@3h1`0i0\\O_N5@M_OK0Ok1g0g0]O_N5@L@KU2d0;@`N5@L@KV2c0;@_N7@J@LW2b0:A_N7_OKBIX2d07A`N8^OJR2<0C_N:\\OGU2<0C_N<[ODW2=OB_Nb0WOYOc2`0GE_Nc0V2F[OG_Nc0W2EZOI^Nc0Y2BYOK^Nb0[2BXOK]Nc0^2^OVO0[Nb0`2]OUO1[Nb0\\5^OdJb0]5]OcJc0]5^ObJe0[5[OeJd0\\5\\OdJb0^5^ObJc0]5]OcJc0]5]OcJb0_5^O`Jb0`5^O`Jb0`5^O`Jb0`5^O`Jb0`5^O`Jb0`5^O`Jc0_5]OaJe0^5[OaJf0^5ZObJg0]5YOcJi0[5WOeJl0X5TOiJl0V5UOiJk0W5TOjJl0V5TOjJm0V5ROjJo0U5QOkJo0U5ROjJo0U5QOkJP1T5POlJP1T5POlJQ1S5oNlJR1T5nNlJR1T5nNmJQ1S5oNmJR1R5nNmJS1S5mNmJS1S5mNmJT1R5lNnJT1R5lNnJT1S5jNnJV1V6O00O2O1O001N1LbNWI_1f67K40VN^Ih1j6KN1O2O1N\\N^I^1Y6`NmI0Ja1W6bNiIL010a1W6bNnId1l5`NSJa1m5`NnIe1n5\\NTJe1k5UNdJd1[5[NeJf1[5XNbJ0Bh1c5WNUK1WOi1^5bNVKD\\Oj1]5fNTK\\1l3YNiK14;3_OEl1Y4mNkKI6^OGk1W4ROiKE9^OHj1V4SOhKF`0W1g3UOhKE`0V1h3LXL4h3LXL4g3MYL2i3WOfKE`0R1l3XOgKD>S1m3WOeKE>T1o3WOaKZO02`0\\1R4@_KSO?\\1T4A]KmNN0b0a1V4@^KoN<a1W4_O]KPO<a1Y4^OZKQO=a1Z4^OoKa0S4]OjKQOXOc1o4\\OhKf0Z4_OaK?`4B^K>c4CmJjN;d1j4_OZK?h4mNlJIc0Y1b4mNkJENNf0`1b4lNjJEh0a1^4iNjJEi0b1a4eNeJI6O:d1l4dNbJI80:c1l4gNiJK5`1R5^NcJ0g0f1c4\\NgJL00?j1l4WNfJN03=g1n4WNeJO21=i1P5WNZKi1d4WN^Kh1b4XN^Kh1b4WN_Kj1d5OO1O0N200O2N100dNPNZLP2f3PNYLR2f3nMSK0S1S2l3nMTLR2l3nMSL1lNo1W64gNkMYLV2g3jMXLW2g3iM[LV2d3kMVK0P11nNP2Q5PNQLOnNR2n4QNTLR2l3nMUKMi0V2Q4lMVK0h0U2R4jMVLj1nN^Nk4H^KN<m1[O]NQ6P201O2M3N2^O_MTK`2k4bMYKZ2f4fMZKZ2h4eMSKNE^2l5bMRJ_2m52N1A^MoJc2Q5^MoJb2I]MQ51VKc2H\\M`5g2]JYMc5j2O0cJVMV5j270000001bJUM`40QLQ3f41lJPMh4P3WKQMi4o2TKTMMKl4P3WK\\Mf4b2YKQMO>j3CoLo2VORM0=h3CSMd3k2\\LVMe3i31O1iNZLdMl3SORLj22UNT4AiK`13ROT4[OlKA1i1N]OW4iNhKO10O43M0j1M^OX4gNQL22U3Z4jLgKOCT3\\5L1O00002N1O1O2N001O001OO11XM[Je2g501OO1N[M\\J1O`2_3_MdN1QN`2[3_MeN0PNa2[3_MlN`2Y3bM`J^2l5Kl0TO9aNhI7VO"}, "area": 83989.0, "iscrowd": 0, "image_id": 2093, "bbox": [0.00196078431372549, 34, 479.9980392156863, 236], "category_id": 1, "id": 3298, "score": 0.6946977376937866}, {"segmentation": {"size": [270, 480], "counts": "RPe1;S83M1N10010O0bHAl6`0TI@l6`0TI@l6`0a0OoHAU6`0iIAW6`0hIAW6a0fI@Z6a0eI@Z6c0cI]O]6;TIDON=3`68RID41M1>0`6<TII;1[68YIG<1[64]IK81[64]IHJM=4CMi6:]IHJM9OI7i65[IK70^66UIC37;0\\69XIG<0\\68YIH1J36c68YIH1J36c66VIC372I27c66VIC372I27c65WID27:2\\66YII<0[6c0fI\\OZ6d0fIWOA2h6g0gI]OY6c0fI_OZ6=iIET6;hIYOE?a65]I]Ob0>Q64XJGg58[JIc57\\JO_51bJCTO5X69cJBUO7V67mI]O=0Bg0Q6LPJ]O=1A3N>R65bJYO@2N`0o55VKEi4=oJXOUO<j5>WJUO`02@=f5=bJZOJKO`0b5=XJRO88NI1a0_5=bJZONH1b0^5<cJZONH1c0]5;fJTOGM530b0]5:gJTOO0Kd0_5:dJSONLM40d0d1ZOS2P1[LTO0KN3Nf01VOa15U2m0]LSO1LNn0NRO^18V2i0^LTO2KNn0NUOZ17Y2g0^LVO2INo0NUO[17X2g0]LVO4HMP10TOX19Y2P1aLdNN20a0O^O12X19Y2P1aLlNM;0^O4OU1=X2`0aL\\O0g0NTO2LV1>X2n0bLmNNc00TOY1>W2j0eLQOMg05nNh0a0`2?bLWO41LH2S1NmN11l0`0a2i0fLROMh0S1]OZ2i0bLfN2a1U1POV2j0bLfN1`1X1QOT2l0dL0OlNP19\\2[2lLRMH2o0c0\\2d0fL8:dN`0a0_2c0fL60bN;6GJb0g0c2S2jLUM:<:<a2S2jLZM87<=a2i0lLK8oN:>a2h0lLL8oN;=a2h0lLL7QOKA<j0f2d0oLTON87H59g2c0oLSO086I3:g2b0PM17UOO8j2b0PM17VON8j2a0nL50^N36M;4?k2V2QMRM0<1?k2o1TMRN01j2^4N001O00hM_MdN`2X1eMjLGg1c2`1eMiLGi1c2a1cMfN\\2\\1cMdN\\2^1eM`NZ2a1eM_N[2b1eM^NZ2d1eM[N[2h1bMXN^2j1aMVN^2k1aMUN_2n3O001O1O1O1O001O00001O00001O001O1O001O1O1O001O1O001OO11O1O001O1O1O1O001YN^I`1c6_N]Ia1d6]N]Ic1f61O100M]N]Ia1b6`N_I_1a6aN^I`1`68EVNPJl1m5<N2O100O100O1dMbMhN^2X1dMfN\\2Z1bMhN^2e3O1O2N1O1O1O2N2N2N1O1O2N1O1O1O2N1O0000000000O1O100001O0000001O1O0001O0000O1000O1000000001O001O00001O001O1O001O1O0000000000000001O00O10O100000010O00O01001O0000000000O1000000_LdNO]1OgNOY10iNOW1OlN0T1OmN1S1NnN2R1MnN2T1MmN2U1LkN3W1MhN4X1JiN7V1JhN8X1GiN?JeLj0k2\\Ob0IbLl0j2]Oe0FaLn0i2[Oh0n0WOROj0n0VOSOhM_O\\2`1JoN[M@^3a1WOoNm0D`LT1b2YOn0BaLU1_2[OP1_ObLV1]2[OR1_O`LX1\\2YOT1A^LW1^2XOT1@^LY1\\2XOW1_O]LX1\\2UO\\1CXLX1[2UO_1AXLY1X2WO_1@YLZ1W2VOa1@WL[1W2UOg1n0WNTOa0^OWM5:KO1GXb0"}, "area": 44770.0, "iscrowd": 0, "image_id": 2093, "bbox": [207, 0.00196078431372549, 273, 224.99607843137255], "category_id": 22, "id": 3299, "score": 0.905342698097229}, {"segmentation": {"size": [270, 480], "counts": "Poe32Z85L2N1O1O001OO10O10000001OO10001O010O0000O11N2O00O1O1O1000O11OR6"}, "area": 375.0, "iscrowd": 0, "image_id": 2093, "bbox": [445.0019607843137, 71.00196078431372, 34.998039215686276, 47.99607843137255], "category_id": 1, "id": 3300, "score": 0.9267944097518921}]}