{"images": [{"id": 0, "file_name": "images/vid_000551_frame0000123.jpg", "width": 480, "height": 270}], "annotations": [{"segmentation": {"size": [270, 480], "counts": "fdV12[8100O001O001O001O1O1O01O00000O110000O10O100000XH5l6LSI8j6HUI;i6EVI>h6BWIa0f6_OYIf0d6ZO[Ih0d6XO[I65H_63ZI6<B[68XI6\\7JdH5]7KaH7_7I`H8`7:10_H^OV7n0N2O1N2M3L4M3N2MG^IkN`6T1dIkNZ6V1gIjNW6V1kIiNT6W1nIiNP6W1RJiNl5W1VJhNi5X1[JfNc5Z1_JfN_5Z1cJeN[5b1aJ^N^5d1aJ\\N^5e1bJZN^5g1bJXN^5i1b0101O001N10001N10FfI`NZ6_1gIaNY6]1iIdNU6\\1mIcNS6[1oIeNQ6Y1QJgNo5W1TJhNi5KiI[1a0jNc5X1`JhN_5X1bJhN]5Y1dJfN[5[1eJeNZ5\\1fJdNY5^1gJaNX5`1iJ_NW5a1k01N100010O010BZISOe6m0[ISOe6m0\\ISOc6m0]ISOc6m0]ITOb6l0_ITO`6l0`IUO_6k0aIUO_6j0cIUO]6k0cIVO\\6j0eIUOZ6l0gISOY6m0hIROX6m0lIoNU6Q1mImNS6S1d000OVJjN^4V1bKjN^4V1bKjN^4a0YJ0Y1@]4?[J1X1@]4>\\J2X1_O\\4>]J2X1@[4=^J3W1@\\4;^J5Q7JPI5Q7JPI6P7IQI7o6HRI7P7GPI:P7FPI:P7FPI:Q7EoH:S7EnH:S7EmH:T7GlH7U7IlH6U7IlH5U7LmHOU71d001O001O[Sd1"}, "area": 4954.0, "iscrowd": 0, "image_id": 1010, "bbox": [145.00467289719626, 95.00236966824644, 160.99336631849002, 97.99188320531678], "category_id": 6, "id": 1604, "score": 0.9494245052337646}, {"segmentation": {"size": [270, 480], "counts": "PVZ31\\82O01N10O1fGOYa0=f^OEg7g0J4E9I8J6lMS2C<K6L3M2OKXLgKh3Z452M2O2N1O1O00O1N2N2M4N1101N2O`MTN`Nj1Z1^NeNb1W1cNiN\\1T1hNlNV1S1mNlNS1Q1QOoNn0o0UOQOj0m0XOSOh0k0[OUOd0j0^OVO`0j0BUO>j0EUO:j0HUO8k0ITO7k0KUO4j0NUO2j01TOOk05ROKn0j3O100O100O2O00000O10001O00001O00001O00001O00101Lj7"}, "area": 4710.0, "iscrowd": 0, "image_id": 1010, "bbox": [399, 19.166666666666668, 81, 226.82909604519776], "category_id": 7, "id": 1605, "score": 0.9483339190483093}]}