{"images": [{"id": 0, "file_name": "images/vid_000148_frame0000078.jpg", "width": 480, "height": 360}], "annotations": [{"segmentation": {"size": [360, 480], "counts": "edc35m:7DJdE7Z:LdE5[:?gETOm90oEn02TOo9S1N2O100OiNSFU1l9400O1000000O100001O2N0000O1000000O1O1000dNVFZ1j9fNVFZ1j9fNVFZ1j9fNVFZ1j9200000eNWFW1i940000001O001O2N5K3M004K7UOaE2N;j:DZE2giR1"}, "area": 2058.0, "iscrowd": 0, "image_id": 329, "bbox": [331.0019607843137, 315, 48.99607843137255, 45], "category_id": 16, "id": 540, "score": 0.8784691691398621}]}