{"images": [{"id": 0, "file_name": "images/vid_000260_frame0000031.jpg", "width": 480, "height": 360}], "annotations": [{"segmentation": {"size": [360, 480], "counts": "\\ac34U87WJ1g56PJNo57hINX65YI6i6LRI5P72`HJP8:dGHc8Y15M2M2QNlFj1b9E^F_Ne9a12N2O0N2100O5LO03MO1002M4L2N3M3M2O01O1O14K1hGlMc6OUIV20PNj6JXIX2FRNl7d25L0O2N1^MgGS2i8N2N2N1N3N2N2N2N1O1O2N0UO`FNb90_FOb9H\\FG2a0d9@ZF52:g9]OZF8OG0>R:GoEJ0?Q:GRF<n9DQF<P:EoE;Q:EnE<R:DnE<R:DQF9P:DSF;\\:@\\E?b:B_E;NDT:1nE051L7U:GjE16OM5e:K<0TE4\\:LcE7g:ODJgE5X:NgE1_:LXE211g::00K5N2OFcEK]:5aEM_:=1O2M7KAGQF8l9KSF7h9L[F1e90]FNc91^FNf9NSF9n9FRF:o9FoE;R:CnE>^:O2OKE^E1N4Z:JRF<i9DmE18<j9KSF8k9IRF:o9EPF<P:DPF<R:ARF9a:JZEGe:b0L1OA_E9h:0001O1O0GWE2Rf0LRE0O2O2lD2j:6000GWE3i:LYENl:2500OoD5h:50000O100000001OO2O1N10O2N10HYEOg:1ZEOe:1[EOe::0O2O1N2J]h0"}, "area": 4813.0, "iscrowd": 0, "image_id": 722, "bbox": [326.0019607843137, 153.00196078431372, 153.99607843137255, 168.99607843137255], "category_id": 1, "id": 1157, "score": 0.914148211479187}]}