{"images": [{"id": 0, "file_name": "images/18.722b043d9281e44a69da6f86ce8b39be.jpg", "width": 1290, "height": 730}], "annotations": [{"id": 0, "image_id": 0, "category_id": 0, "bbox": [479.0, 98.0, 411.0, 391.0], "area": 160701.0, "iscrowd": 0, "segmentation": {"size": [730, 1290], "counts": "hhe:4ef01O2O2M3M2M200000O010O10O01O001O000010WOHP[O7nd0OnZO1Qe03mZOLSe06kZOJUe07kZOHSe0<kZODTe0>lZOBRe0a0kZOASe0a0mZO^OSe0c0lZO^OU1G_b0m0[\\O]OU1H^b0l0]\\O\\OU1H\\b0o0]\\OZOV1I\\b0m0]\\OZOX1IZb0n0^\\OXOX1KYb0\\1g]OeNXb0[1i]OeNVb0[1j]OfNUb0[1k]OeNUb0Z1l]OfNSb0[1l]OgNSb0X1n]OhNRb0X1m]OiNRb0W1o]OiNQb0V1P^OiNQb0V1P^OjNoa0U1S^OkNma0T1T^OkNla0V1S^OkNla0U1T^OlNla0T1T^OlNla0T1S^OlNma0T1T^OlNla0S1U^OmNka0R1V^OmNja0S1V^OmNka0R1V^OmNka0S1U^OlNka0T1V^OlNja0T1V^OkNka0o0c\\OkNb17ka0n0Z^OROea0n0[^OROfa0n0Z^OROfa0n0Y^OSOfa0n0Z^OQOga0n0Y^OSOfa0n0Z^OROfa0n0Y^OSOfa0o0g\\OhN[19ma0X1R^OgNoa0Z1P^OfNoa0\\1o]OeNQb0\\1n]OcNRb0]1o]OcNQb0]1n]OdNQb0]1o]ObNRb0^1m]OcNRb0_1m]O`NTb0k1a]OUN^b0T2Y]OmMfb0X2V]OgMkb0\\2R]OdMmb0`2o\\O`MRc0c2k\\O\\MVc0d0g\\O_1Yc0_Nj\\O_1Vc0\\Ne\\O]O6W2Tc0\\Ni\\OZO4Z2Rc0]Ni\\O[O3Z2Rc0]Ni\\O[O3Z2Sc0U1N3NTMo\\OU2kb0jMX]O\\2`b0cMa]Oc2Xb0^Mh]Od2Vb0[Mk]Og2Sb0YMm]Oh2Rb0XMm]Oj2Qb0WMn]Oj2Rb0VMn]Ok2Qb0UMn]Ol2Qb0UMo]Ol2Pb0TMP^Ol2Pb0TMP^Ol2Pb0TMo]Om2Qb0kLm]OD2b3oa0kLo]OD0b3Qb0n00000O2O000000jKS^O_3ma0aLT^O^3la0aLU^O_3ka0aLT^O`3ka0aLU^O_3ka0aLU^O_3ka0aLU^O_3ka0aLU^O`3ia0`LX^O`3ha0`LW^Oa3ha0_LY^Ob3fa0^LZ^Ob3ea0_L[^Ob3da0^L\\^Ob3ca0aLZ^O`3fa0k0N100000]K\\^OP4ca0QL_^Om3aa0RLa^On3^a0RLb^On3]a0SLa^Oo3_a0QL`^OP4`a0PL`^OP4_a0QLa^Oo3_a0QL`^OP4`a0PL`^OP4c1`KU>`0W@Q4c1dKQ>Q5mASKQ>m4nAWKo=i4PBZKm=h4QB\\Kl=d4SB`Ki=a4WBcKd=^4\\BeK`=\\4_BgK^=Z4bBhKR=mNfA]5X1hKo<a4PCbKl<`4TCcKg<^4ZCdKd<]4[CeKb<\\4]ChK`<X4`CkK\\<V4cCmK[<S4eCoKY<Q4gCPLW<R4hCoKW<Q4iCPLV<P4jCRLS<o3lCSLS<m3mCSLR<o3mCRLR<n3mCSLS<m3lCTLT<l3kCVLS<l3lCTLT<l3lCULS<k3nCULP<l3PDTLP<l3PDULo;k3QDVLn;j3QDVLP<k3nCVLR<j3mCWLS<i3lCXLT<i3jCXLV<h3jCXLV<i3iCWLW<i3hCXLX<i3gCVLZ<k3dCVL\\<k3bCUL_<k3_CVLa<l3]CULc<l3\\CSLe<l3[CULf<g3]CXLd<g3]CXLd<g3]CYLc<f3^CYLc<g3]CYLc<g3]CXLd<g3]CXLd<h3\\CXLc<h3_CVLb<i3_CWLa<h3aCVL`<j3`CTLb<k3_CTLU<jMWCS6e0PLS<RNUCo5h0nKi;mM`C9Lm5m0kKf;SN]Cb6m0YKf;Q5\\DmJd;T5]DjJc;V5^DiJc;W5^DhJa;X5aDfJ_;Z5cDdJ^;[5dDdJ[;\\5fDcJj:bNTDj6T1cJf:fNTDg6X1bJb:jNUDd6Z1`Ja:nNSDb6^1_J^:U6eEhI[:X6hEfIW:Z6mEbIS:]6QFaIn9^6WF^Ii9a6]F[Ic9c6bFYI^9f6fFWI[9g6iFVIW9i6QGQIo8n6VGmHj8S7ZGhHg8X7]3O1hJj@m2V?mLRAP3P?mLTAP3n>mLUAR3k>lLYAR3h>lLZAS3g>kL[AT3e>jL^AU3c>gLaAX3_>fLdAY3\\>fLfAX3\\>fLeAZ3[>dLhA\\3X>aLjA_3V>_LmA`3T>\\LPBb3R>]LnAc3S>[LoAe3Q>ZLPBe3Q>WLSBh3n=TLVBj3l=SLWBl3k=QLWBo3k=lKXBT4W`0O1O101N1O101N1O101O00010O02N1O10O100O100O0010O01_LZ]Om2fb0PM]]Oo2db0oL]]OR3cb0lL_]OT3bb0iL`]OV3Sc00O01O010O0100O00100O1000000OWOc\\OWN\\c0h1e\\OXNZc0g1j\\OXNUc0g1l\\OZNRc0f1o\\OZNQc0e1o\\O\\NPc0c1R]O]Nmb0b1U]O^Njb0b1W]O^Nhb0a1[]O]Nfb0a1]]O^Nbb0a1c]O]N[b0b1h]O^NWb0`1l]O_NSb0`1o]OaNPb0]1R^OdNla0[1V^OfNia0X1X^OjNga0U1Z^OlNda0S1]^OnNca0Q1^^OPOaa0n0`^OSO`a0k0b^OVO]a0h0d^O[OZa0b0i^O@Ua0>l^ODSa0:n^OGQa08Q_OHo`06R_OKo`02R_OOn`0OT_O1l`0NT_O2m`0LU_O4k`0KU_O5l`0IU_O8j`0HW_O8i`0FX_O:h`0FY_O:g`0DZ_O<f`0DZ_O=f`0B[_O=f`0A[_O`0f`0]O\\_Ob0f`0\\OZ_Oe0f`0YO\\_Oh0d`0UO]_Ok0d`0SO]_On0d`0oN]_OQ1e`0mN\\_OS1e`0jN\\_OW1Sc000010O1O00010O000001O00010O00001O00001O00001O00001O00001O001N101N2O2N2M2O001N101O001O0O2O1O001N2O001N2N3M3M2N3MYil8"}}]}