{"images": [{"id": 0, "file_name": "images/18.861f237fa32cce5b1850a5325249ffd5.jpg", "width": 1290, "height": 730}], "annotations": [{"id": 0, "image_id": 0, "category_id": 0, "bbox": [360.0, 105.0, 476.0, 499.0], "area": 237524.0, "iscrowd": 0, "segmentation": {"size": [730, 1290], "counts": "bkP85af08H:H5K4L4M3K4M4M2M3M5K4L4M2N2O1N2N3N1N2O1O1N2O1N2O1O1O1O0O2O1N2O1O0O2O00001N1000001O0O2O1O001N10001N1O2N3E<I:I2O1O1O2M4M4L8H100O1O1O1O1O1O010O0100O010O010O001O010O0010O01O01O00010O1O1O001O01O01O001O001O001O00010O000000000O10000TDoJo5Q5lI[Km5e4RJ`Kj5`4WJbKe5_4[JcKc5]4^JcKa5]4_JeK^5\\4bJeK]5\\4bJeK]5[4cJfK[5\\4dJeK[5\\4dJeK[5\\4dJeKZ5]4fJcKY5^4gJbKX5_4gJaKY5a4fJ_KY5c4gJ[KY5f5hIYJW6k5hISJW6o5lIlIT6U6PJgIo5Z6SJcIm5^6SJaIm5`6SJ_Im5b6SJ^Il5c6UJ[Ik5f6UJYIk5g6UJYIk5h6UJWIk5i6UJXIk5g6UJYIk5g6UJYIfKHc9P7gJXI`K0f9h6jJ[I[K1i9d6lJoIS5Q6mJPJR5P6nJQJQ5o5PKQJo4n5RKSJn4l5SKTJl4k5UKVJj4j5WKUJj4j5VKWJi4i5`HWI9Q1X7g5[H_I:j0[7g5YHcI9g0_7d5WHiI8c0b7c5THnI7a0e7`5QHVJ5;j7_5PHYJ39n7\\5oG^J16Q8[5mGaJ06R8X5nGfJL3W8V5lGjJI2[8S5lGmJG2]8P5lGoJD3`8m4mGQK@4d8j4kGUK\\O4j8e4kG\\KQO4U9_4iGbKlN1\\9[4iGgKeN1c9U4jG\\NW8a1jG`NV8^1lGbNU8[1mGeNS8X1PHhNQ8T1RHlNo7n0VHROk7k0WHUOi7g0[HYOf7a0_H_Ob7>_HCb7;_HEb79_HFb79_HGb76`HJ`75aHJa74`HL`74`HLa72`HMb71_HOb7O_H1b7M_H2b7N^H2c7L^H4b7L^H4b7K_H4c7J^H6b7J^H6c7G_H8b7G\\EiKm2`4h7FZEkKn2_4h7FYElKo2]4i7NVH2k7MUH3k7MUH2l7OSH1m7ORH1P8OoG1Q8OoG0R82TEaKb2^4[8:`GEa8<]GDd8=ZGDf8<ZGCg8=XGDh8=WGBj8?WFWK]O[4\\:>QFaK^OR4a:>nEcK_OP4d:=kEfK]Oo3h:;jEhK\\Om3k:;hElKYOj3o:;gEg0Y:YOfEh0Z:XOfEh0Z:XOfEh0Z:XOfEh0Z:XOfEg0[:YOeEg0[:ZOdEe0]:[ObEf0^:ZObEe0_:[OaEe0^:\\ObEd0^:\\ObEd0^:\\ObEc0_:\\ObEd0^:\\ObEd0]:]OcEc0]:]OcEc0]:]OcEc0]:]OcEc0]:^ObEa0^:@bE`0^:@aEa0_:_OaE`0_:AaE>`:B`E>_:D`E;a:F^E9b:J\\E6d:MYE2g:0XE0h:1WENi:4VELi:5WEJj:7UEHk::TEFk:=SEBn:`0PE@o:b0PE]OQ;d0nD\\OQ;e0oD[OQ;f0nDZOR;f0nDZOR;f0mD[Ok8oJlHh5XNYO]8bKWIU5\\N`KOS2]8]MSIR5aN[K3T2W8cMSIn4dNXK6V2Q8gMSIk4gNVK7W2n7kMQIi4jNPK<\\2i7mMoHh4kNjJb0a2c7QNmHd4oNfJd0f2_7RNlHb4QOdJf0h2\\7UNkH`4VO\\Jf0P3X7UNjHb4XOmIQ1[3m6]NcH\\4@gIS1a3i6^NaH\\4R1WM\\6_N_H[4V1UMZ6dNZH[4[1RMZ6gNSH[4d1nLX6d5hI^JV6c5hI`JV6`5iIcJU6^5iIdJV6\\5iIfJV6[5hIhJV6Y5hIjJV6V5iImJV6S5gIPKX6R5cISK[6n4bIUK^6j4bIXK\\6i4bIZK]6f4aI\\K_6c4aI^K^6c4`I_K`6a4_I_Ka6b4]I`Kc6`4\\I`Ke6`4YIaKh6_4WIbKi6]4WIcKj6]4VIbKk6^4TIbKm6]4TIfF^Ob4_7h4]IWKd6h4^IVKc6i4^IVKc6i4^IVKd6i4[IVKh6h4XIXKj6f4WIYKl6d4TI[KP7b4PI^KS7_4nH`KU7]4lHbKX7Z4hHeK\\7X4eHgK_7V4aHiKb7T4`HiKb7V4_HiKc7U4]HjKg7S4YHmKi7Q4XHmKj7R4WHlKk7S4WHkKj7T4WHjKk7T4XHiKj7V4WHiKj7V4YHfKh7Y4^HaKd7^4]H`Kd7`4\\H`Ke7_4\\H_Ke7a4[H^Kg7a4ZH]Kg7c4YH]Kg7c4ZH[Kg7e4ZHYKg7g4YHXKi7g4WHXKj7h4VHXKj7g4WHXKj7h4VHWKk7i4UHVKm7h4THWKm7i4THUKm7k4SHTKo7k4QHTKP8l4PHSKR8l4nGTKR8l4nGSKS8m4mGSKT8l4lGTKT8l4lGTKT8l4lGSKV8l4jGTKV8m4iGSKX8m4gGRK[8m4eGSK\\8m4cGSK^8l4bGTK_8VNnEZ5c1`L`8QNXFX5X1fLc8iM^F_5o0hLf8aMaFf5i0iLV:V3jEiLW:W3iEiLX:V3gEjL[:U3eEkL[:U3eEjL[:W3dEiL]:W3cEiL\\:X3cEhL^:X3bEgL^:[3`EdL`:^3_EbLa:`3\\E`Le:a3VEcLj:_3SEaLm:b3kDdLT;g3YDbLe;[7O001O000001O1O001O1O1O1N2O1M3K5I7K5L4M2M4K5N1O2N1O2N2O1O1O1O1N2O2N1N3iMjAgKW>P4UBlKm=o3YBnKh=P4[BnKg=P4ZBoKg=P4[BnKg=P4ZBoKh=o3ZBoKh=n3[BoKh=o3ZBoKg=P4[BmKi=P4YBnKi=P4YBmKj=Q4YBlKh=T4YBiKj=U4XBhKj=X4WBeKl=Y4VBdKl=\\4WB^Km=`4VB[Kn=d4UBVKo=i4R2O0O2O1O1O3N3L7H9H3M5K4L3M2M3N1N2O1N2[NS]O[Onb0>_]OZOcb0a0g]OXO\\b0c0l]OWOVb0f0o]OSOUb0j0o1M3M3N3K:Gl[S:"}}]}