{"images": [{"id": 0, "file_name": "images/18.a0ff6e1b63fc912e9444c6fb9060ad18.jpg", "width": 1290, "height": 730}], "annotations": [{"id": 0, "image_id": 0, "category_id": 0, "bbox": [412.0, 292.0, 718.0, 431.0], "area": 309458.0, "iscrowd": 0, "segmentation": {"size": [730, 1290], "counts": "\\RV9:]f07J5K4L3N3M2N3M4K9F7I5L4K5K6K4K6K4L6K3L3N3M2N2M3N2M3N2N2N2N2O0O2N2O1N2O1O1N2O1N2O1N2O1N2O001N101O0O2O1O1N101N10000O2O00001N101oAQKU:o4jETKS:n4kERKV:n4jERKV:n4hESKY:n4dETK\\:l4dETK[:m4dETK\\:l4dETK\\:m4cESK]:m4cESK]:m4cERK]:o4bERK^:o4`ERK`:n4^ETKb:l4^ESKb:n4]ESKc:n4\\EoJg:Q5ZElJh:T5XElJg:U5YEjJh:W5]300001O000O101O00001O0O100O100O101O0O100_AbJe;_5ZDcJe;^5YDcJg;]5YDcJf;^5YDdJf;\\5YDeJg;[5YDeJg;[5YDdJg;^5XDbJh;^5XDbJh;^5XDbJh;^5XDaJi;_5VDbJj;^5VDaJk;_5TD_Jo;a5PD]JR<d5mC]JS<d5iC_JW<a5gC`JZ<`5dCbJ\\<^5dCbJ\\<^5cCcJ]<]5bCdJ^<\\5aCdJ`<\\5_CeJa<[5^CfJb<Z5]CgJc<Z5\\CfJd<Z5\\CfJd<Z5[CgJe<Y5[CgJe<Y5[CfJf<Z5YCgJg<Y5XChJh<X5XCgJi<Y5VChJk<X5TCgJm<Y5RCgJo<Y5QCgJo<Y5QCfJP=Z5oBgJR=X5mBhJT=X5lBiJS=W5lBjJT=V5kBkJU=U5jBlJV=T5iBmJW=T5gBmJY=S5gBmJZ=R5eBoJ[=Q5dBPK\\=P5dBPK\\=P5cBQK^=n4bBRK^=n4bBQK_=P5_BQKa=o4_BQKa=o4_BQKb=n4]BRKd=n4\\BRKd=n4[BRKf=n4ZBRKf=n4YBSKg=m4YBRKh=n4XBRKi=m4WBRKj=n4VBRKj=n4UBRKl=o4SBQKm=o4SBPKn=P5RBPKn=P5RBoJo=Q5PBoJQ>Q5oAoJQ>Q5nAoJT>Q5jAPKV>P5jAoJW>Q5iAoJW>Q5hAPKX>P5hAoJY>Q5gAoJY>Q5gAnJZ>R5eAoJ\\>P5dAPK\\>P5dAoJ]>Q5cAoJ]>Q5bAoJ_>Q5aAoJ_>Q5aAnJ`>S5^AnJc>Q5]AnJd>R5[AoJe>Q5[AnJf>R5ZAnJf>R5ZAnJf>R5ZAmJg>S5YAmJg>S5XAnJh>R5XAmJi>S5VAnJj>R5VAnJj>R5VAnJj>R5UAoJk>Q5UAoJk>Q5TAoJm>Q5SAoJm>R5QAoJo>Q5QAoJo>Q5QAnJP?R5o@oJQ?Q5o@oJQ?R5n@mJS?V5i@kJX?U5g@kJY?W5d@jJ\\?X5a@iJ_?X610001N101O000O101O0O2N1O2N2N101N1O2O0O2N1O2N2N2N2N2N2N1O2RO]_ObKd`0]4__O_Kd`0a4\\_OUKm`0m4?1O1O3M2cEeJW3\\5eLhJZ3Y5cLjJ\\3W5aLlJ^3T5`LnJ`3S5]LoJc3R5[LoJe3R5XLPKh3Q5TLRKk3P5RLRKn3o4PLRKP4o4nKRKR4o4lKSKS4m4lKTKT4m4jKTKU4n4iKSKW4n4fKTKZ4m4cKUK]4l4`KVK_4l4_KTKb4m4[KUKf4k4WKWKi4j4UKVKl4j4RKXKn4i4PKWKQ5j4lJXKU5g4iJZKX5g4dJ\\K]5d4_J_Ka5b4\\J_Ke5b4XJ^Kk5b4RJ^KP6c4lI_KU6b4iI]KY6c4eI]K]6d4`I\\Kb6e4\\I[Ke6f4WI\\Kj6e4RI]Ko6d4nH\\KT7e4iH\\KX7e4eHZK_7f4^HYKe7g4YHYKi7h4UHVKo7j4oGTKT8m4jGQKY8o4eGQK]8P5`GQKa8P5\\GPKg8o4WGRKj8o4TGQKm8o4QGRKP9o4nFQKS9o4kFQKX9o4fFQK[9P5bFPK`9Q5]FoJf9Q5WFoJl9Q5QFoJR:Q5kEPKW:P5gEPKZ:Q5cEPK_:P5_EPKb:P5]EoJf:Q5XEoJj:Q5RERKo:o4kDTKV;m4fDUK\\;k4aDUKb;k4[DUKh;k4UDUKn;k4oCVKS<i4lCWKV<i4gCXK[<h4cCWK`<i4^CWKd<j4XCWKj<k4QCVKQ=k4jBWKW=l4bBWK`=o63L3O2N2N2N2M3M3N2M3N1O2N2N2N1O2N2M3M3L4K4M3N2M4L3M3M3L4L4M3N2N2lN]@oJf?P5R1kNh^OgLYa0Y3j^OeLUa0\\3k^OcLUa0]3k^OdLUa0[3l^OdLTa0\\3l^OeLSa0[3n^OdLSa0[3m^OeLSa0[3n^OeLQa0[3o^OeLQa0[3P_OdLQa0\\3o^OdLPa0\\3P_OdLQa0[3P_OeLo`0[3R_OeLn`0[3R_OdLn`0\\3S_OdLl`0\\3T_OdLl`0\\3U_OdLk`0[3V_OdLj`0\\3V_OdLk`0\\3U_OdLj`0\\3W_OcLj`0\\3V_OeLi`0\\3W_OdLi`0[3X_OdLh`0\\3X_OeLg`0[3Y_OeLg`0[3Z_OdLf`0]3Y_OdLg`0[3Z_OdLf`0\\3Z_OdLf`0\\3[_OdLd`0]3\\_ObLe`0]3[_OcLe`0]3\\_OcLd`0]3[_OcLe`0]3[_OdLe`0[3\\_OdLd`0\\3\\_OdLe`0[3[_OfLe`0Y3\\_OfLd`0Z3\\_OgLc`0Z3\\_OfLe`0Y3[_OhLe`0W3[_OiLf`0V3[_OjLd`0V3\\_OkLc`0U3^_OjLc`0U3]_OlLb`0U3^_OjLc`0U3]_OlLb`0T3__OkLb`0T3^_OmLa`0S3`_OmL``0R3`_OnLa`0Q3`_OoL_`0R3`_OnL``0R3a_OnL_`0Q3a_OoL_`0Q3b_OnL_`0Q3b_OoL]`0Q3c_OoL^`0P3b_OQM^`0n2b_OSM]`0m2c_OUM\\`0j2e_OUM[`0k2e_OUM[`0k2f_OUMY`0k2g_OUMY`0l2g_OSMY`0m2g_OSMZ`0l2g_OTMX`0l2h_OTMX`0l2i_OTMV`0l2j_OTMV`0l2k_OTMT`0m2k_OSMV`0l2j_OUMU`0k2l_OTMT`0l2l_OTMT`0l2l_OTMT`0l2m_OTMR`0l2o_OSMQ`0m2P@SMo?m2Q@SMo?m2R@SMm?m2S@SMm?n2S@RMm?m2T@RMl?n2T@SMk?m2V@SMi?m2W@TMh?l2X@UMg?k2Y@VMg?i2Z@WMe?j2Z@WMe?i2[@XMc?i2]@XMb?h2_@WMa?i2_@XM`?h2`@YM^?h2b@YM]?g2d@XM[?i2e@XMZ?i2f@WMY?i2g@WMY?i2h@WMV?j2j@WMU?i2l@VMT?j2l@WMS?i2n@VMR?j2n@WMP?j2QAUMo>k2QAVMn>j2SAVMl>j2UAVMj>k2UAVMi>k2XATMh>l2XAUMf>l2ZATMf>l2[ATMb>n2^ARM_>Q3bAnL]>S3cAnL\\>R3dAoLZ>S3fAlLZ>T3fAlLZ>T3gAlLX>T3hAlLX>T3iAkLW>U3iAkLV>V3kAiLU>W3kAjLS>W3nAiLP>X3PBhLo=Y3RBgLl=[3SBeLl=\\3UBdLj=\\3WBcLh=^3XBbLg=_3ZBaLb=b3_B]L_=e3bB[L[=g3gBXLW=i3kBVLT=j3lBWLR=j3oBVLP=j3QCVLm<k3SCVLl<j3UCVLj<j3VCWLh<j3YCVLf<k3YCVLf<j3[CXLa<i3`CWL_<j3`CXL^<h3cCXL[<i3fCWLY<i3gCXLX<h3iCXLV<h3kCXLR<j3nCWLn;m3RDTLk;m3VDSLh;n3YDSLd;n3]DRLa;o3`DQL_;o3bDQL\\;P4eDQLY;o3hDQLV;P4kDPLR;R4nDoKP;R4QEnKm:T4SElKk:U4VElKg:U4ZEjKe:W4[EjKd:V4]EjKb:V4_EiK`:X4aEhK^:X4cEhK\\:X4eEhKY:Y4hEfKW:[4jEeKT:d2YCbMd2JQ:d2]CaMc2Ko9d2^CaMd2Km9d2_CaMe2Kk9d2`CaMg2Jg9f2bC`Mi2Id9g2cCaMi2Ib9f2eCaMj2M]9a2iCbMk20X9^2mCbMl22U9[2oCcMn23Q9Y2QDdMo24o8W2RDfMo23n8W2SDfMP33m8V2SDgMQ32l8W2SDgMS31j8W2SDhMT31h8W2TDhMU31g8V2TDjMU3Og8W2TDlMU3Lg8V2UDPNT3Ih8U2TDTNS3Gh8U2UDVNR3Dj8U2TDYNR3Ai8V2UD[NQ3_Oj8U2UD]NS3\\Oh8V2UD_NT3ZOg8V2UDbNT3WOf8W2WDbNT3VOe8W2WDdNU3UOb8W2YDeNU3UOa8U2ZDgNV3SO_8V2\\DfNW3TO[8V2^DgNW3TOZ8T2`DgNW3UOX8T2bDgNW3TOV8U2dDgNV3TOV8T2eDjNS3ROW8T2gDkNQ3QOX8S2hDlNP3ROW8Q2iDPOo2mNZ8Q2gDTOn2kN[8P2hDVOl2jN[8P2jDVOk2iN\\8P2iDXOk2gN]8P2jDYOi2fN\\8Q2lDZOg2dN^8Q2mD[Od2dN^8Q2oD]Ob2`N`8R2PE^O`2^Na8S2PE@^2]Nc8P2REC[2\\Nc8P2SED[2ZNc8Q2SEFZ2XNc8Q2TEGZ2UNc8T2TEHY2RNd8U2TEIY2PNd8V2TEJY2mMe8X2TEJW2nMe8W2UELV2lMe8W2WELT2mMe8V2XENR2kMg8V2XE1o1hMk8U2XE7h1cMP9V2ZE6g1`MR9Y2]E2U>MmA2R>NPB1P>NRB2m=MUB]NZNb0^?P1[BZN^Nc0U?R1_BXN_Ni0n>n0eBVNbNl0f>m0jBTNdNn0b>l0lBTNcNQ1a>h0PCRNcNV1\\>g0TCoMcNZ1X>f0YCjMcN`1R>f0cDYO];h0eDVOZ;j0jDSOT;n0nDPOR;P1PEoNP;P1REnNn:R1TElNl:T1WEiNj:V1XEhNh:Y1XEeNi:[1YEbNi:]1\\E]Ne:c1`EWNa:i1bERNa:m1cEmM_:S2T50010O000101O1N2O0O10O010O000100O2N1O010O0001O01O00100O10O010O1O001O1000O0100O001O0010O01N3M2N3L3M4L3M3M3N3M2N3N3L4L2N3N1N1N3N101N2N6I8Iica3"}}]}