{"images": [{"id": 0, "file_name": "images/18.c6146a9df412d1f17e8f4721ce437ed4.jpg", "width": 1290, "height": 730}], "annotations": [{"id": 0, "image_id": 0, "category_id": 0, "bbox": [708.0, 51.0, 277.0, 654.0], "area": 181158.0, "iscrowd": 0, "segmentation": {"size": [730, 1290], "counts": "hRi?9^91U39`LOZ39]LM^39[LM`39YLMb3:VLMc3<ULIf3>QLJj3<mKMm38mK6g3OQL8l3KoK:l3KnK9Q4JjK:S4JeK=X4GbK>\\4E]K`0b4BZKa0e4BSKe0l4]OnJg0Q5[OlJh0R5ZOlJh0S5YOkJi0S5YOkJi0T5XOhJl0V5VOgJm0X5UOeJm0Z5UO`JQ1^5QO^JR1`5QO^JQ1`5QO^JP1a5RO^Jn0`5UO_Jl0^5WOaJi0]5YOcJg0\\5\\ObJd0\\5AbJ>]5EbJ9]5JcJ5[5MeJ2[50eJOZ52fJMY56hJGW5<iJBW5`0iJ]OW5e0iJYOW5j0iJTOW5n0iJoNX5S1gJlNX5W1hJgNX5Z1iJeNU5^1jJaNV5a1iJ^NV5d1kJ[NS5h1lJWNT5k1lJSNT5o1lJoMT5R2nJkMR5W2nJfMR5]2nJ`MS5b2mJ\\MS5e2mJYMT5i2kJUMV5m2iJRMV5Q3iJnLW5T3iJjLW5W3iJhLW5Z3hJdLY5^3gJ_LZ5b3fJ]LZ5e3eJYL\\5h3eJUL\\5m3dJlKa5U4cJmJV6U5WJaId6`6j42O0O2N1O2bKnHQIS7m6oHRIS7k6oHTIS7j6nHTIU7j6lHUIU7k6kHUIV7j6jHUIW7j6jHTIY7k6gHTI[7k6eHTI\\7k6eHTI]7k6dHSI^7l6bHSI_7m6aHRIa7m6_HRIc7m6]HQIf7n6ZHQIg7o6YHPIi7o6WHPIk7o6UHPIl7P7THoHn7P7RHoHP8P7PHoHR8P7nGoHS8Q7mGnHU8Q7kGnHW8Q7iGnHY8R7gGlHZ8T7fGkH\\8T7dGkH^8T7bGjHa8U7_GjHb8V7_GhHc8W7]GhHe8W7[GhHg8W7YGhHi8W7WGiHi8W7XGgHj8X7VGgHl8X7TGgHm8Y7SGgHn8X7SGfHo8Y7QGfHQ9Y7oFfHS9Y7mFfHT9Z7mFeHT9Z7lFeHU9[7kFdHW9[7jFdHV9\\7jFcHX9\\7hFcHZ9]7fFaH\\9^7dFaH]9_7cFaH^9^7cF`H_9_7aF`Ha9_7_F`Hd8oM`G`9LaHc8SN_GZ90aH`8ZN^GT92aH`8]N^GQ93aH^8bN^Gk84bH^8gN]Ge85cH^8kN\\Ga87bH]8QO[G[88dH\\8SO]GW88dH[8WO\\GU89dHZ8YO]GR8:cHY8^O\\Gm7<eHW8@^Gi7<eHV8D_Ge7;fHV8G`G`7<hHS8JbG\\7;iHS8McGX7;jHQ80fGS7:kHP83kGm65oHP86mGg65RIm78PHd63TIk7;SH_63TIj7>UH[63VIg7a0YHT62YIe7e0[Hn52\\Ia7j0^Hg52]I`7n0^Hc54^I]7Q1_H`55]I[7V1`H[56_IY7X1aHX57^IX7[1cHT57`IU7^1eHP57aIS7a1gHk47cIR7c1iHh46dIP7f1jHd48dIn6j1kH`48dIm6n1kH\\4:eIj6Q2mHW4:gIi6T2oHR49hIg6Y2RIl38jIe6\\2UIg36lIe6_2VIb37mIc6c2VIlLZN^6n1QJb6g2[IW34PJa6k2ZIU36mI`6Q3YIR38kI_6V3VIo2=fI`6]3QIn2Y9TMeFm2Z9UMeFk2Z9WMdFj2[9XMcFh2\\9[MbFf2]9\\MbFd2]9]MbFd2]9^MaFb2_9`M_Fa2`9aM]Fa2b9aM]F_2b9cM[F_2d9dMYF]2f9hMnE_2R:U5O1O1O1O0O2O1O1O1N2O1O1N2O1O1N2N2N2O1N2N2N2N3M2N2N2N2M3N2N2N2N2M4M2N2N2M3N2N3M2M3N2N2N3M2N3L3N3M2N3L3N3L4M3J6J5L6J5L4L5J6K4J7J6J7I7I5L6J6J6I7I7I7I8G8RNi\\ONbc0Fi\\O0ac0Hh\\OMami6"}}]}