{"images": [{"id": 0, "file_name": "images/509.ecf7860b141b81db35565caed61ae218.jpg", "width": 1290, "height": 730}], "annotations": [{"id": 0, "image_id": 0, "category_id": 0, "bbox": [27.0, 7.0, 1255.0, 713.0], "area": 894815.0, "iscrowd": 0, "segmentation": {"size": [730, 1290], "counts": "f]c07bf0:G3L3N1N2O001O00001N10001O0O1000001O00000000001UOVOd[Oj0Wd0\\Oh[Od0Td0Ak[O`0Rd0Cm[O=Rd0Dn[O=Pd0Fn[O;Pd0Go[O;oc0Gn[O=oc0Gj[O?Rd0Y1L:F3M1O0010O01O1O001TBoLn7P3QHUMk7l2THVMj7j2UHYMi7h2VH[Mg7e2XH^Mf7c2YH_Mf7a2YH`Mf7a2XHbMf7^2ZHcMf7]2YHeMS5SOoGY3l2fMR5TOQHV3m2fMQ5VOQHU3m2fMP5WORHS3n2fMn4ZOSHP3n2gMm4\\OTHm2o2gMm4]OSHm2o2gMl4]OVHk2m2iMm4^OTHi2o2iMl4@THg2P3iMl4ASHf2P3jMl4BSHd2Q3jMk4CTHc2P3kMl4CSHb2Q3kMl4DRHa2Q3lMl4DSH`2P3mMm4DRH_2Q3mMm4DRH_2P3nMn4DQH]2Q3PNm4ERHZ2Q3PNn4FQHZ2P3QNo4FPHY2Q3QNo4FPHY2P3RNQ5EnGY2Q3SNP5DnGZ2Q3SNQ5JgGS2X3SNR5LcGQ2[3SNR5MbGP2[3TNT5LaGP2Z3TNU5N_Go1Z3TNX5M]GP2Z3SNY5M]GQ2X3SN[5M]GP2W3SN\\5M]GP2W3SN]5L\\GR2V3RN^5L]GQ2U3SN^5L]GR2T3RN`5L\\GR2R3RNc5L[GR2R3RNc5M[GQ2P3SNf5KZGS2o2RNg5K[GS2k2SNk5JZGT2i2SNm5IZGU2_2[NW6@ZGW2Y2]N]6\\OZGX2V2^N`6ZO[GX2R2`Nc6XO[GX2Q2aNd6WO[GY2o1bNe6UO]GY2k1dNh6TO\\GY2j1eNi6RO]GY2i1gNi6PO_GX2g1jNi6nN`GY2f1jNi6mNaGY2e1lNi6kNcGX2c1oNi6iNdGX2c1POh6hNfGW2a1SOh6fNhGV2^1XOh6cNkGS2Z1^Oj6_NmGR2U1Dm6ZNPHP2R1Hm6YNPHo1R1Jm6VNSHo1n0Mo6TNSHo1m0OP7QNTHo1j02R7oMTHo1i04R7mMVHn1g06S7mMUHm1g07T7lMUHm1f09T7kMUHl1g09T7kMUHl1f0;T7iMVHl1f0;S7jMWHk1f0;S7jMVHl1g0:R7kMWHj1h0;P7lMXHi1h0;o6mMVGZN<^3_1;n6mMRGdN<T3e1<j6mMTGhN:n2j1<e6PNUGmN8f2o1>a6QNWGoN6b2R2>`6RNWGRO3^2X2>]6RNWGVON]2^2<[6SNVGo2_2oNZ6SNUGo2b2mNX6WNSGl2f2nNV6VNSGm2g2mNV6UNTGn2g2lNU6TNVGo2f2mNT6SNVGQ3g2lNQ6TNXGo2h2mNP6TNWGP3i2lNP6TNVGQ3k2jNo5X3RJhLn5X3SJgLm5X3TJhLk5Y3UJgLk5X3WJgLi5X3XJhLg5X3ZJhLe5X3]JgLa5[3_JeLa5[3_JeLa5\\3^JdLb5\\3^JdLa5^3^JbLb5^3^JaLc5`3\\J`Ld5`3\\J_Le5b3YJ_Lg5a3YJ^Lh5b3XJ]Li5c3WJ\\Li5e3cHhH5c3X7e3aHmH4]3[7g3`HoH3X3S7`LgG]7P1oH4S3V7cLaG^7T1oH3n2Y7\\4aHhH6h2\\7b4ZHiH9c2^7P2\\G[Mk0TN:_2a7R2YG]Mj0TN;[2d7k4PHkH<Y2d7n4oGjH=V2e7P5mGkH>S2g7R5jGlH?Q2h7T5gGmH`0n1j7V5aGQIe0f1l7Z5\\GRIh0c1m7^5VGRIm0^1o7b5PGQIR1Z1P8h5jFPIU1X1Q8U7PHiHQ8X7nGhHR8X7oGfHR8Z7nGfHQ8\\7oGbHR8^7oGaH4mMW6b9fI_H1TNW6]9hI_H0WNV6i2bHU3Y1iKN]NU6W1fH\\O1V5V1jKM_NT6U1iHVOOoN2]6U1iKN`NS6l0kH]N0X1MW5W1hKMbNS6i0SIZ6m0[JMcNR6h0TIZ6l0\\JNcNP6g0WIZ6k0\\JMdNR6e0VI[6k0\\JMeNQ6d0WIZ6k0^JMeNP6b0YI[6j0^JLfNR6`0XI\\6i0^JNgNP6?YI[6j0_JLiNP6>ZIY6j0`JLiNP6>ZIY6j0`JKkNo5>[IW6j0aJKkNP6=[IV6k0bJImNP6:^IV6i0cJHnNR67^IX6h0cJFPOT64_IX6h0dJDROT62aIW6g0dJDTOU60`IW6h0eJCTOU6ObIW6f0fJBVOU6McIV6g0gJAVOU6McIV6g0fJAXOU6LbIW6h0eJAXOU6LbIV6i0eJ@ZOU6KbIV6h0fJ@ZOV6JbIV6g0fJA[OV6IbIV6f0gJA[OW6HbIV6e0gJB\\OW6GbIV6d0hJC[OW6GbIV6c0hJD\\OW6FbIV6b0iJE[OW6EcIW6:PKKTOX6FcIV68RKMROX6FcIV66SK0QOW6FcIV64UK1POX6EdIU61XK2nNZ6DeIT6N[K0QO]6^OjIS6H^K0SO]6WO_Jj5SOlK1SO^6POfJo5kNoK0SO_6nNgJP6jNoKOSOa6nNfJP6iNPLOSOb6nNeJo5jNQLMSOd6mNeJo5iNSLHUOk6iNdJo5iNTLEVOm6hNdJo5iNVLCTOP7fNeJP6hNaNd6_KdJP6gNbNe6^KcJQ6hN`Nf6^KcJQ6gNaNg6^KbJQ6gNaNg6^KbJQ6gNaNg6^KaJR6hN_Nh6`K_JQ6hN`Ni6^K`JR6gN`Nj6\\KaJR6fNaNl6ZK`JR6fNdNm6QKdJV6cNhNQ7eJbJ_6aNkNZ9Q1iFnNX9Q1iFoNW9Q1iFoNW9Q1iFoNW9Q1iFnNX9R1iFmNW9S1iFmNW9S1iFmNW9S1iFmNW9S1iFmNW9S1iFmNW9S1iFmNW9S1iFmNW9R1kFmNU9S1kFlNV9T1jFlNW9R1jFnNf9a0[F_Of9?[F@g9<\\FDk6lJfJZ5dNJe6oJeJS5kNL_6TKeJP5lNLV6^KmJf4nNKR6bKPKb4POJo5gKoJ`4ROIn5hKPK_4ROHn5kKoJ]4SOHm5lKPK\\4TOGk5nKQKZ4UOHj5nKQKZ4UOGj5QLPKX4VOGj5QLPKX4VOGi5RLQKW4VOGi5SLPKV4WOGh5TLQKU4WOGh5ULPK2cMYO5P3_1`1i5WLoJOeMWO7S3\\1`1h5[LlJKjMQO;\\3T1^1i5^LkJG`N`2i0\\1k5cLgJ_OgNb2g0[1k5eLXIeNd0h0Bd2f0[1k5dLVIjNe0b0Ee2f0Z1j5fLRImNg0>He2e0[1i5fLoHPOj09Jg2c0[1i5fLkHTOm05Lf2c0]1g5bMiI[NMf2d0_1c5aMkIZNNf2d0a1a5`MmIYNNe2e0c1^5`MnIXNOe2f0d1[5aMoIVNOf2g0c1Z5bMoIUN0f2h0c1X5cMnIUN2e2i0c1V5cMoIUN2e2i0c1V5dMnISN4f2h0d1U5dMmISN6e2i0c1T5fMlIQN8f2h0d1S5PNcIeMc0f2h0e1Q5UNiIbLG<h0Y3g0c1Q5YNoIhL:\\3g0c1P5YNQJdL9`3h0a1n4[NSJaL85SOR3f1k1l4]NTJ_L87SOQ3e1m1k4\\NXKeLZNQ3c1n1l4[NWKfL[NP3b1o1l4\\NVKeL]No2a1P2l4\\NVKeL]No2`1Q2n4YNVKfL]NP3_1Q2n4YNVKeL^NQ3^1Q2n4XNXKdL]NS3]1Q2o4WNfKG\\OR2n4WNfKG\\OR2o4VNeKH\\OR2o4VNVKdL_NT3]1Q2n4WNVKeL^NS3^1Q2o4WNTKfL^NR3_1Q2o4XNRKhL^No2b1P2o4YNPKiL^Nn2c1P2P5ZNlJjL`Nl2d1P2P5[NkJjL_Nl2g1n1P5]NhJiLaNm2f1l1R5_NfJhLaNn2h1j1R5`NdJiLaNm2i1j1R5`NdJiLaNm2i1j1R5`NdJjL`Nk2k1k1Q5`NdJkL^Nk2n1h1R5bNaJ4=Z1R5bNaJkLbNh2j1k1T5cN_JiLdNj2h1j1U5dN^JhLeNj2h1i1V5fN\\JfLgNk2f1i1X5gNZJeLiNj2e1j1X5hNYJdLjNj2e1i1Z5iNVJdLkNj2d1j1[5hNVJdLkNj2d1i1\\5iNUJdLlNi2c1i1]5kNSJbLnNj2b1g1_5nNQJ_LPOk2`1f1b5POaJYOMc1f5UO\\JWO0_1i5YOXJWOO]1m5[OUJWOO\\1m5]OUJVON\\1o5]OTJVON[1o5@RJUOOj0RNgLP8Y3PJVOMi0YNaLm7_3nIVOLi0f60_IVOLi0g6O^IWOKi0i6O]IXOIh0m6N\\IXOHh0n6O[IXOGh0P7OYIYOHg0o61YIXOGg0Q70XIYOHe0R72UIYOIe0S73SIWOJe0U74QIVOKd0V76oHUOKc0X79mHSOKb0[7;iHTOL>^7>fHSOL>_7?eHSOM<_7b0cHROO;^7c0dHPO0;\\7g0iF_L^1_2>:[7h0hF`L_1^2>9\\7j0fF_La1]2>9[7l0aHkN48\\7n0`HiN47^7P1^HhN48_7Q1]HfN48`7S1[HeN57b7R1ZHgN46c7S1jF[Lj0\\2i06c7R1[F]L72Q1Y2j06c7S1XF_L54U1S2m05c7m1_GmMo04c7R2\\GiMX1M]7c1TFmLU1c1\\1jMkM^1a9W2TFoLT1`1Q2WOh6[2RFoLT1_1S2kMlLR1l9e2PFQMU1\\1T2jMmLS1k9a3TGaMU2kMlLS1k9b3SG`MV2kMlLS1k9b3SG`MV2kMlLS1k9c3SG^MV2lMlLR1l9d3RG^MV2lMlLR1l9e3QG]M`2mN_6g3QG[Ma2mN^6i3PGZMc2kN_6k3nFYMd2kN^6l3nFYMd2kN_6l3mFXMe2kN_6l3lFYMf2iN_6n3kFXMh2hNG\\OQ3d4`JWMi2gNDDP3^4dJVM5_Nn05Z1Km2\\4fJUMOnNm0@c14i2Y4jJUMITOXOPOZ5`0j0X4kJVMD@d4UOk0U4nJZM]O^Oh4VOk0S4PK\\MWO^Ol4UOl0Q4QK^MUO\\Om4VOm0P4QKaMQOZOK[NQ5j0R1P4QKbMPOYOJ]NR5j0R1n3RKdMmN^On4POT1n3PKFk3^LT1l3QKEk3`LT1k3QKEk3aLS1j3RKEj3cLT1g3RKFj3cLT1h3QKEj3eLT1f3RKFi3dLU1f3RKGh3cLW1e3QKIg3bLX1e3QKJe3bLZ1e3PKKd3aL\\1e3QJ\\K?`4R4_L_1S4^J@Q4]Lc1R4[JBP4]Lg1Q4XJBP4]Li1Q4UJCR4\\Lk1P4RJDR4]Lm1o3PJER4\\Lo1n3oIFR4\\LQ2m3lIGS4\\LR2m3iIHT4[LW2k3dIKR4\\L\\2h3bIKQ4^L^2g3`IKQ4_La2d3^INn3`Le2b3\\INn3`Li2`3YI0l3bLl2^3WI0l3cLn2\\3VI1k3dL]L_NR6k4fI2j3eL[LcNS6f4iI1h3gLZLeNU6b4iI2g3iLXLgNV6^4lI1e3lLWLhNW6Y4oI2c3fM\\2W2QJ3b3jM[2R2TJ3a3mM[L[Mc5e4bJ2`3\\Nl1`1eJ4_3^Nj1^1hJ3^3`Ni1\\1kJ3\\3bNi1iL]J[4?9[3dNP2P1gJ;Y3fNQ2m0gJ<X3hNQ2k0hJ=V3iNR2i0iJ=U3kNR2f0kJ>S3mNR2XMTJb2h0X1R3nNS2WMTJb2i0W1P3QOS2TMUJe2h0dMVOa2j32S2TMUJe2j0`MVOe2h33S2QMVJg2j0]MWOi2e32U2jL\\Jn2d0ZMXOk2c33W2fL]JR3a0XMYOn2`33\\2`L^JV3=XMZOo2^34^2\\L_JY3;UM\\OR3\\34T3ETJnLSOK;^3Y34U3FTJlLDY3S35V3ETJlLCZ3S36U3DUJlLCZ3S36V3CXJiL_O_3R35Y3AkJ:l15[3@iJ:l16]3^OhJ;k18^3\\OgJ;k19`3[OeJ<j19c3YOcJ>j19d3XObJ?j19e3WObJ?h1;f3WObJ=g1=h3UObJ=d1`0j3SObJ=d1`0k3SO`J>c1`0n3QO`J>a1b0o3QO_J=`1d0R4oN^J<]1g0V4mN]J<[1i0X4kN]J=X1i0\\4kN[J<W1k0_4hN[J<U1l0a4hNZJ<S1n0c4fNZJ<Q1o0g4dNXJ=P1o0j4cNWJ>l0P1o4bNTJ>l0P1Q5bNTJ>f0T1W5]NSJ?c0V1\\5ZNQJ`0b0V1^5ZNQJ`0`0U1a5ZNoIa0?U1d5YNnIa0=W1f5WNmIb0<W1i5UNmId08W1n5SNjIf08W1o5RNiIh07V1S6nMgIl06V1Y6hMaIS14V1b6`MZIZ14V1b6_M[I[13V1c6^MZI\\13V1c6]M[I]12V1c6]M[I\\13W1b6]M[I]12V1d6\\MZI^12V1d6[M[I_11V1d6[M[I_11W1c6ZM\\I_11W1d6YM[I`11W1d6YM[I`10X1f6WMZIa10X1f6VM[Ib1WOPMQOX4^8UMZIc1VOTMoNT4b8SMZIe1SOZMlNo3i8nLYIj1QO\\MkNk3n8kLXIn1nNS2n7_K_I_2bNS2S8XK]Ie2_NT2V8TK\\Ih2]NU2X8QK\\Ij2\\NT2b2aJQ2<TMo2YNT2b2aJR23[MX3QNT2b2aJZ5Z3UHU2a2bJY5Y3UHU2c2bJX5Y3UHT2d2cJW5Y3UHS2e2dJV5Y3UHR2f2eJV5X3THR2g2eJV5Y3SHQ2k;oMUDf1V<ZNiCe1Z<YNgCf1Z<ZNfCe1[<ZNfCf1[<XNfCg1d6[KeMm2hKh1a6bKbMe2mKj1\\6hKfM\\2oKk1i5^LVNf1RLl1Q5WMkNl0ULm1m4[MnNe0WLP2i4^MoN`0ZLR2f4`MPO<[LS2e4cMoN7_LV2j3UKZKa2\\40cLZ2b3]K[K[2`4LeL[2[3eK]KV2b4JfL[2Z3gK\\KW2d4DgL]2Z3iKZKW2e4AhL_2X3jKZKW2g4_OhL_2W3kKZKX2g4\\OiLa2V3kKZKY2h4XOjLc2T3mKYKX2k4UOiLe2S3PLWKX2m4QOjLg2R3QLVKX2P5kNgLn2S3QLTKX2U5`NfLY3R3PLRK\\2Z5fMmLn3g2SLoJ_2Z5\\MPMT3oMhLi4j37VLRMT3UNjLb4m37SLmL[3]NaL`4S46nKlL`3bNYL_4Z44iKkLe3S4b0TOeKjLi3S4c0TO`KjLm3S4d0]1\\OdNd0\\1[OfNe0X1[OiNf0V1YOkNg0[NcKeMf3Q4h0UNgKiM`3S4i0PNkKlM]3T4i0mMmKnMY3V4k0iMoKPNU3X4l0gMRLnMR3\\4l0fMYLgMj2c4n0eM]LdMd2f4Q1dM^LeM_2d4X1fMZLfM[2e4]1dMZLfMX2g4^1cMZLfMW2h4_1aM[LgMV2g4QM_Ih3S4QMgMV2g4PMcIf3o3TMgMU2h4PMeIe3k3WMhMT2h4PMfId3j3XMhMT2g4QMhIb3i3YMhMT2g4QMhIc3g3YMjMS2g4QMhIc3g3ZMjMQ2g4RMhIc3g3ZMjMP2h4SMgIc3f3[MkMo1h4SMgIc3f3\\MjMj1m4XMbIc3e3\\MmMe1o4\\M_Ic3e3]MlMb1R5]M^Ie3c3\\MmM_1U5`M[Ig3`3\\MoMV1]5fMVIn3W3VMWN6XNeN_70kHT4R3RM[N4^NZNc7NXH5<a4j2oLaN3`6UNkG7;f4e2lLjN]N_Ni0m7QOjG7:i4d2jLlNYNhNd0d7[OiG4<j4c2jLdNXN]N2c0b0e7^OeG3?i4c2jLcNcNQO8d7HUHe4b2hLdNcNQO7e7HUHh4_2gLeNbNRO7e7EWHn4[2dLgNbNRO6e7DXHS5Y2aLiNbNQO4f7EWHV5X2`LjNTN]N9c08g7EVHW5Y2_LoN]NjN7i7EVHY5W2^LPO]NjN7i7EUHZ5X2]LPO^NjN4k7ETH]5V2]LkNbNPONm7DRH`5V2\\LjNcNROE^OKV9b5_I[LjNdNSOCj8^5YI[LjNdNTO@j8d5UIYLlNdNg8Y5WHTLRO`Ni8`5QHQLVO]Nj8e5mGoKYOVN_NK\\:S6jGlK[OTNQ9Q6bGlK]OSNQ9R6aGkK^ORNR9S6_GkKAQNP9T6_GkKAPNQ9V6\\GkKCoMQ9V6\\GkKDmMQ9X6ZGkK]:V4aEkK_:U4aEjK`:V4_EkKa:U4_EkKa:U4^EkKc:U4]EkKc:U4]EjKd:W4[EiKe:W4ZEjKf:V4XElKi:S4UEPLj:P4UEQLk:o3TESLk:m3TEXLh:h3WEZLi:e3WE[Li:e3VE\\Lj:d3VE]Lj:b3UE_Lk:a3oDfLQ;Y3nDiLR;U3nDmLR;R3mDoLT;P3jDSMV;l2hDWMY;f2fD\\M[;c2dD_M];^2bDdM`;Y2`DiMa;U2]DRNa;k1]DdNo2[LcN_Og2`5hKhNj2]LZNNm2l4nKlNi2[LaM]OXOj0^4`4PLPOg2ZLcM^OTOm0`4Z4RLQOg2[LbMl0d3g3SLROh2[LaMm0d3d3TLTOg2[LaMn0d3a3ULVOf2[LaMo0d3^3ULZOe2ZLaMn0f3]3TL]Oc2XLbMP1f3[3TL@b2VLcMQ1f3Y3TLAb2VLbMQ1i3W3SLCa2ULcMR1i3T3TLF_2TLcMT1i3Q3ULI^2SLbMT1l3n2ULL[2SLaMW1o3h2VLNZ2TL]MY1S4e2VLOY2TL[M[1W4_2VL3V2UL[M[1JfMS4c4bL8S2WLWM`1N`MU4_4eL;l1[LXM_1O_MX4Z4fL=Q1_KUN^4R4CkL`0j0fKRN\\4X4YORMd0c0m0Z2\\NVMh0>m0]2oMiKZL^1j4;n0^2jMdMX1Nn0^2iMeMZ1Kn0a2fMfM[1IP1`2dMhM\\1GQ1b2bMgM^1FQ1b2`MiM_1DS1c2ZMmMb1@T1d2VMoMf1]OU1c2lJhKU1Z2i2ZOX1d2hJjKU1Y2k2YOZ1c2dJmKU1Y2m2VOZ1e2bJmKU1Z2o2TOZ1f2_JoKV1Y2P3QO]1g2YJSLX1V2Q3QO_1g2TJULY1V2S3mNa1j2nIWLZ1V2V3`NYKfN^6^5nJ_M[3ZNo1Z4`J`M_3UNS2]4ZJ`Mc3oMW2i4XIXJ9R3W4jM[2[5YImL\\4gM\\2_5QInLb4dM\\2P9dMoF]2R9bMnF^2R9aMnF`2R9`MmF`2U9_MkFa2U9_MkFa2U9^MkFc2U9]MkFc2U9]MjFd2V9\\MjFe2U9ZMlFf2S9[MlFf2S9[MmFf2R9ZMnFf2Q9[MoFf2n8\\MRGd2m8]MSGd2k8]MUGc2d2lH]2b4oJb2c2nH\\2a4QKa2b2QIZ2_4TK`2a2SIZ2]4UKSNSO^1]3SLADGi4XNQNTO`1Z3TL_OFIf4ZNPNTO`1Z3TL^OGJe4ZNPNUO`1W3UL_OHJc4[NPNUOa1U3ULAGJc4ZNPNWOa1T3ULAHIb4[NPNWOc1Q3TLDGIb4ZNQNXOd1n2SLGGGb4\\NPNXOf1i2TLLDGb4\\NPNXOi1a2VL4_OGb4[NRNXOj1[2WL;[OGa4\\NSNWOn1U2ULa0ZOF`4]NTNUOQ2R2SLf0XOcMD_11ZNk4g0XKWOj7l1WIj0WObMF_10ZNi4i0YKVOl7h1WIo0UO`MF`10ZNi4h0ZKXOl7e1VIR1TO_MGa1NZNj4h0[KXOl7c1VIT1TO]MFi1i4kN[KXOn7`1UIX1RO]MFh1i4lN\\KWOo7_1SIZ1TOYMGk1f4mN]K\\Oj7W1YI]1]OROR4nN`K[Oh7U1]I^1ZOTOP4oNbKZOg7Q1`Ib1XOlNZO\\Nc4l0gKWOe7P1aIe1VOlN[O[Na4i0mK[O`7o0bIf1VOjN[O]NW4P1XLTO_7m0bIh1UOjN[O]NS4R1^LRO]7l0cIj1ROjN]O]NQ4P1cLROZ7l0dIl1POaN\\OfN10P4P1fLQOY7l0dIm1bNQM3_1KcNM3n3R1hLoNY7k0dIZ2bNTN0bNJ5e3L_LU1d0nNY7l0cI[2_NUN3iN^3W1UMcNX7l0dIS4_NQKK2c3]1_5]OcHU4]NQKOO`3`1a5ZOcHa4\\NeJY3g1h5ROcHc4]NcJR3n1n5iN]HWOfN_5McJP3P2P6fNgHf4ZNdJo2P2P6eNgHh4[NbJm2R2Q6cNhHi4ZNbJm2S2P6aNjHi4ZNcJk2T2Q6_NlHh4[NbJi2W2P6_NmHe4_1lLd5^NoHd4^1nLc5^NPIc4]1oLc5]NRIb4\\1RMa5\\NSIa4\\1TMa5[NSI`4]1UM`5[NSI_4^1WM^5ZNSI`4^1WMdNeMe4d0YK_4`0nJZNZ2X1fMd4c0ZK_4a0mJYN\\2W1eMe4c0jJ^OjNP5U3\\MaNcMf4c0iJ@jNm4U3_MbN`Mg4d0mIAN0Gk4S3cM^5QN_G\\OJ:=MH4HU4[3UN_5oM^GO6FJNLW4V3ZN_5lM_GN7GJLLX4U3]N]5kMaGM7G8T4b2^N]5kMcGK6HGH6[4l2bNdNRMg4i0eIH6JFG8Y4l2eNbNQMg4j0gIE7JGFO1M[4W3cNaNRMf4k0oI]O10NJCX4[3cN]NSMc4o0WJTOO4LKCW4]3cNZNUMb4P1SKVOPOMCU4j3XNmM`Mb4Q1UKTOoNOBS4m3YNjMaM_4S1YKPOPO0@T4o3XNgMbM`4S1ZKnNQO\\4_3QNfMbM_4T1\\KjNRO_4^3PNeMcM^4U1dJhNN0N`4]3QNdMbM^4V1eJgNe0_4f2QNbMcM^4V1fJfNd0`4f2QNcMbM\\4X1ULU3m1QNdM_M[4\\1]KeNRO_4d3PNf3mNdIdNQO`4f3nMe3nNQIgN@M3`4h3nMc3POQIeNAM2a4j3lMb3QOUJS3Z2lM`3ROUJS3\\2jM_3SOTJT3]2iM_3SOSJT3_2iM]3TOSJT3`2hM]3TOSJT3a2gM[3VOTJR3b2hMY3WOUJQ3c2aLaKOg7?UJP3e2`LbKOc7b0UJP3g2]LdKO`7d0UJP3h2[LdK1_7d0TJP3m2XL`K4^7e0TJP3Q3TL]K7^7e0SJQ3S3`KVK96a0^7e0RJR3Z4TLc1j0RJT3\\4QLa1l0nIX3b4kK^1o0oIW3d4iKo0]1]Jk2e4gKj0b1aJg2e4gKf0f1eJc2e4gKgNZOPM\\2Dc2e4gKg0e1dJd2f4fKf0f1dJd2f4fKf0g1bJd2h4eKf0g1bJe2g4cKi0g1`Jf2g4cKi0g1_Jg2h4bKi0g1_Jg2h4aKj0i1\\Jg2j4`Kj0i1ZJj2j4^Km0f1WJo2l4[Km0f1TJR3o4XKm0f1lIgMWO\\5P6WKQL\\Oe2Z2PL]3Z5mJQL\\Oe2[2kKa3^5iJn0g1_Ic3d5eJm0i1[If3g5bJn0j1UIh3l5^JP1Y8oNhGP1X8POiGRJYOi6n8SOPHl0Q8SOPHl0P8SOQHm0P8ROPHdLDU1[8W2QHdLGR1X8Z2QHfLFo0Y8Z2SHgLCo0Z8Z2SHhLCn0Y8Z2THhLCn0Y8Z2THiLBm0Z8Z2THiLBm0Z8Z2THiLBm0Z8Z2UHhLAn0Z8Z2UHhLBm0Y8[2UHhLBm0Z8[2SHhLCm0Z8[2SHiLCj0[8^2RHgLCk0[8^2RHgLCk0[8^2RHgLCj0\\8_2QHgLCj0\\8`2QHeLDj0\\8`2PHfLDj0\\8`2PHfLDi0]8b2nGfLDh0_8a2nGfLCi0_8b2mGfLCh0a8a2mGgLBg0a8c2lGfLCg0a8c2lGfLCL[O[NW9R5kGgLDJ[O\\NW9S5jGgLDJ\\OZNX9U5gGgLFI\\OYNX9W5fGgLGH]OWNW9S2iF<l0CGE@UNW9T2nF9e0HGDBRNX9W2mF:a0IIbNXOIW:a1YF9?LI^N\\OIU:b1YF;<LJ]N_OGS:d1YF<;LK[NAFR:f1XF<;LKZNCEQ:g1WF>:LLXNFCo9i1VF`09LLXNGBo9h1VFb09KLWNIAn9i1VFc07LMUNK@n9i1TFf06LNSNm:X1PEi05L1nMn:Z1mDl04L2kMP;[1kDn03L4gMQ;^1iDn02M8_MQ;e1fDo01Ne<QO[CQ10Ne<PO]CQ1NOe<nN_CR1M0e<jNbCU1J0e<fNfCX1F3d<\\NPD_1\\O6d<VNWD`1VO:d<SNYDb1SO<d<oM\\Dd1QO=c<mM_Dc1oNa0b<iMbDe1lNb0d<fMcDe1jNf0g<^McDj1fNh0a?WO`@i0`?UOa@l0^?TOb@m0]?ROd@o0[?QOf@n0Z?QOg@P1Y?oNh@Q1W?nNj@S1U?mNl@R1T?mNn@S1Q?mNPAR1P?mNTAQ1l>nNXAn0h>QO[Am0f>RO\\Am0c>SO^Al0b>TO_Ak0b>SO_Am0a>SO`Al0a>SO_Al0b>TO^Al0c>SO]An0b>RO^An0b>QO`An0a>QO_Ao0a>QO_Ao0a>QO^AP1b>oN_AQ1a>oN_AP1b>oN_AQ1a>oN_AQ1b>mN_AS1a>lN`AU1_>kNbAT1_>jNbAV1^>jNbAV1^>jNbAV1o:fMRFR1POX1l:iMTFn0POY1^:hM[C4W3j0QOZ1Z:[NeF:QO[1Z:\\NdF8SO\\1f7eM[HT1a0J^O]1a7kM_HR1?DB`1^7lM_HV1=]OG`1]7mM^H_17ROOb1]7lM[Hj12fN7d1]7kMYHm13bN8g1\\7hMZHQ22]N9j1^7eMWHU24WN9o1h9NSI2l60RI0m61TIOj61YIMf64[IKe65\\IKb66aIG_6:bID^6=fI^OZ6c0fI\\OZ6e0mC]Mb5m1`6o0`IQO_6P1aIoN_6R1aImN_6U1_IlN`6T1aIkN_6V1`IjN`6W1_IiNa6W1`IhN`6Y1_IhN`6Y1_IgNa6Y1`IfNa6Y1`IfN[3cNgIf2P3fNU3jNiI^2U3gNo2oNXG^O]2i2_3jN]2FRJ`1b3iN[2HTJ^1b3iNY2bNiGn0]2g1b3gNW2dNnGl0Y2h1e3eNS2iNnGk0Z2k1a3`NW27VJY1c3^NW2<UJV1e3]NU2=VJW1e3[NU2?VJV1g3XNS2b0WJW1e3UNU2e0VJWNfMk2n5WNV2g0]JS1\\3UNV2i0_JR1Z3UNW2i0aJQ1X3TNX2k0`JR1X3RNW2m0aJQ1Y3PNa1YOdHMMk1e2P1Y3mMP1Z2eKLZ3hMQ1]2dKNZ3cMR1a2VKmLPNP3h5aMS1a2QKRMTNl2h5`MT1b2PKRMUNl2g5]MW1e2lJRMWNk2f5]MX1f2kJQMYNk2e5\\MY1h2hJQM[Nk2d5YM[1k2eJRM\\Nj2f5TM[1Q3bJRM]Ni2h5lL_1Z3[JQM^Ni2[=6VDRM`Ng2Z=7VDRM`Nh2Y=6WDRMaNg2X=7WDRMbNf2W=8WDRMcNe2V=9WDQMeNe2T=;UDQMgNd2T=;TDSMhNb2S==RDSMhNb2U=`0oCPMhNc2X=>nCa0Q<@nC`0Q<AoCcMbNb1_=j0PDcMcN`1_=l0oCcMeN^1]=n0oCcMhN[1Y=S1oCbMjNY1W=U1nCcMROQ1P=\\1nCdMROo0P=]1nCdMTOm0n<_1nCeMVOi0k<c1oCeMXOe0i<f1oCeM[Ob0g<h1nCeMK3X<X2mCeMNOV<]2kCcM1NU<_2jCcM2KW<a2gCdM4GW<e2eCdM6CW<i2cCdM7^OZ<n2_CeM8VO_<T3YCfM:POa<Z3UCgM<hNd<`3PChMn>W2SAiMn>U2SAkMm>U2TAjMm><e_OO^1Fl>9h_O0]1Gl>6j_O2Z1Il>KT@;P1Jm>B\\@b0h0Ml>^O^@c0h0Ok>\\O^@;Q19b>ZO_@:Q1<a>XO_@;R1=_>VO`@KoNNV2Q1]>SO_@MPOJX2V1Z>RO_@LROHW2[1[>kN`@Oa1U1c?fN`@[1`b00O001O01O00000001O00001O0PLhN_BW1Z=ROdBn0X=WOgBi0R=AkB?b<6\\CJc<:ZCFd<>ZCBe<`0ZC@e<b0ZC^Of<c0YC]Og<c0YC^Oe<d0YC]Og<c0YC^Of<c0XC@f<a0XCAg<`0XCAf<b0XC^Oh<e0UCPOTMnNf?V2RCkNYMoNe?X2PCiN[MoNe?X2oBkN[MlNg?Z2mBjN[MmNh?Y2mBTOT=l0lBUOS=l0lBUOR=m0mBTOR=l0nBVOo<k0QCVO]MXN[?b2YC\\Of<e0YC\\Of<d0ZC\\Of<e0YC\\Of<d0ZC]Oe<c0\\C^Ob<c0]C_Oa<c0^C]O`<f0^C[Oa<g0]CZOb<g0^CYOa<h0^CXOb<h0_CVOb<j0_CUOa<k0`CTO`<m0_CSOa<l0aCSO_<m0aCUO]<k0dCUO[<k0fCUOY<k0gCVOX<i0iCXOW<g0jCYOU<g0kCYOU<g0kCYOU<g0kCZOT<e0mC[OS<e0lC]OS<b0nC^OR<b0nC_OP<a0QDAm;>SDDl;<TDDl;;UDFj;:VDFj;3]DMc;2^DnNXMVOY>m1^DmNZMUOX>n1^DlN\\MVOT>o1`DjN^MXOP>o1aDWNZMZO6a0n=m1cDWN\\MYO4c0l=l1eDXN[MYO3d0m=i1gDZNYMYO3e0l=g1iD[NXMYO3f0k=e1kD\\NWMYO3g0j=b1nD_NSMYO5g0i=`1oDaNSMWO6j0f=]1REbNQMXO8j0d=[1REdNRMWO9k0a=Y1UEeNQMVO:m0_=W1WEfNoLWO10Jn0m=S1ZEjNmLUO06Kg0l=m0WBPNV3Q1gLYO53Ki0i=i0XDRNZO]1iNPOLj0h=]O[B>i1WO[OT1mNPOLk0g=VOfB?_1^OYOS1nN=d=`NjB`0Z1CXOQ1nN>f=\\NmB?V1JVOQ3g<dLoB>U10SOP3h<aLPC>T14ROP3i<\\LSC>R18QOo2k<YLRC?S19POQ3k<SLUCa0P1<POQ3g=bLYC>oNR3g=_LYCb0oNQ3g=[LYCf0POP3f=YLYCi0QOo2e=WLZCl0POn2e=TL\\Co0oNn2d=QL_CR1lNm2f=oK^CU1lNm2f?TMZ@m0[OC[`0@Z@>ZObN4^1W`0C[@<]O_N4a1T`0D[@<N0g?EZ@:10e?FZ@841a?IZ@473_?IZ@G[OQOQ1_1Y?JZ@Ci0c0m>JZ@Bk0c0k>KZ@Bl0b0j>LZ@Bm0a0h>N[@An0a0f>M]@Bn0`0e>N]@Cn0=f>1Z@DP1:e>3[@CS17b>6Z@DV14`>9Y@CX13^>;Y@C[10\\>=Y@C]1NZ>?Y@C^1MX>a0Z@A`1NU>b0Z@@a1NU>b0Z@@c1LS>d0Y@@f1JR>e0Y@Af1IQ>f0Y@_Oj1Im=h0Y@QOY25n:WOgDc1RNoN\\26l:VOgDe1QNnN^26[=k0X@mN`26X=m0X@mNa25W=n0X@lNe22T=R1W@lNi2HjLHX`0c1U@mNm2@W=c1k_OoNcc0Q1]\\OoNdc0P1[\\OQOec0o0[\\OiNBKTd0\\1Y\\OhNEKRd0]1Y\\OhNFISd0^1X\\OhNFHTd0_1V\\OiNRd0V1n[OjNRd0V1n[OjNRd0W1m[OjNSd0Z1h[OfNXd0]1d[OeN[d0[1e[OdN\\d0[1f[OcN\\d0Y1h[OcN[d0[1g[OcN[d0[1h[OcNZd0X1f0M4L6Ia0\\OTa5"}}]}