{"images": [{"id": 0, "file_name": "images/537.0a6b77f26b3b1392e63ff067761895dd.jpg", "width": 1290, "height": 730}], "annotations": [{"id": 0, "image_id": 0, "category_id": 0, "bbox": [520.0, 223.0, 149.0, 145.0], "area": 21605.0, "iscrowd": 0, "segmentation": {"size": [730, 1290], "counts": "hnb;:^f06J6K7H:Gl0TOa0_O3M101N1O101N2N2O1N2O001N2O2N001O1O0O2O1O00001O001O001O1O1O1N2O00001N101O0O2M2N3N100O0010O0100O100O1O100O2O0O10001N2O0N3N10O0100O10O010O100O1O100O100O100O2N10000O101N100O2N100O2N10001N101QNW]OJjb04\\]OHeb06^]OGcb09]]OGcb08]]OHdb07\\]OJdb05]]OJeb03]]OMcb0Ek]O:Wb0Bn]O<Rb0CS^O8na0GT^O8la0GV^O7ka0IU^O6la0IT^O7ma0IR^O8na0Gl]O?Ub0@j]Ob0Wb0]Oh]Od0Xb0[Ob]Ol0_b0SOY]OT1ib0jNT]OZ1lb0eNn\\Ob1Sc0]Nm\\Ob1Tc0]NS]O]1nb0bN[]OU1eb0jNb]Oo0`b0POb]On0^b0ROc]ODROj0\\c0AT^O;na0DU^O1Sb0NR^OLQb02]2N101N10001O0O2O0O2NcT21]kM000i^j="}}]}