{"images": [{"id": 0, "file_name": "images/603.31318311.jpg", "width": 1290, "height": 730}], "annotations": [{"id": 0, "image_id": 0, "category_id": 0, "bbox": [284.0, 41.0, 784.0, 577.0], "area": 452368.0, "iscrowd": 0, "segmentation": {"size": [730, 1290], "counts": "bnZ67bf03M3M4M3K4I7K9H5J5M3M2N1O1O100N2M2O1N2O1N3N10001O000000O10O10010O1O1O1N1N2O10O1M3O10O1N2N3N00O11O0020O0010O10O00H7fJeMUF\\2b9TNhEUOYLg2h=dNXEgNiL62Z2H_MU>a1QEVOoLj1j=^OREd1i:bNTE`1j:bNTE`1i:dNUE\\1i:gNUE[1g:jNWEW1b:PO\\EQ1^:VOaEj0]:ZO`Eh0]:[ObEe0]:]ObEd0\\:^ObEc0]:_ObEa0^:@`Ea0`:@_E`0a:A^E?a:C^E<b:F]E9d:H[E6g:KYE1j:0UE1j:1UEOk:4RELm:7PEJo:7QEHo::oDGP;:oDFR;;lDET;<jDEV;<iDCY;>eDB[;?dDA];?cDA\\;`0cD@^;`0aD@_;a0aD^O`;a0_D_Oc;a0\\D^Oe;c0[DWOk;h0UDXOl;h0SDYOl;h0TDWOm;i0RDXOn;h0QDYOn;h0QDXOP<h0PDXOo;i0PDVOQ<k0nCSOS<o0lCPOU<Q1jCoNW<Q1hCPOW<Q1iCnNX<R1gCoNY<Q1fCPOY<Q1fCoN[<Q1dCmN^<S1bCjNa<W1^CiNc<V1]CjNc<W1]ChNc<Y1\\ChNd<X1\\CgNd<[1ZCfNf<Z1YCgNf<Z1ZCeNf<]1XCcNh<^1WCbNi<_1VC`Nk<a1UC^Nk<d1SC\\Nm<e1RC\\Nm<d1TC\\Nk<e1TC\\Nj<f1VCYNj<h1VCXNj<g1VCYNn<c1SCYNR=d1PCYNS=d1oB\\NR=c1oB\\NR=d1mB\\NT=e1iB]NW=c1hB^NW=d1fB]N[=e1bB\\N]=g1`BYN`=i1_BUNb=l1]BSNe=n1ZBQNf=P2YBPNg=Q2XBoMi=Q2VBPNi=R2UBnMk=S2TBnMk=S2UBlMk=U2TBjMm=W2SBfMo=j1TB\\KMh2P>k1WBZKJj2o=l1\\BVKEm2o=n1cBRNX=S2eBPN[=Q2eBoMY=R2hBmMX=S2iBlMW=T2jBkMU=W2kBgMT=[2mBdMQ=]2QCcMm<^2TCaMU5XM`1Z5\\I]MT5[M^1Y5^I\\MT5[M]1Z5_I[MT5\\M[1Z5aIYMU5^MY1Y5bIYMU5^MX1Z5cIWMj4^M^J2U7X5SIbJ2c2U5iM_JIW7Y5SIlJIW2^5VNg1g4RIlJIV2W5^No1_4RInJHS2U5bNQ2]4SInJGR2m4lNY2T4SIoJFQ2l4nN[2R4SIoJEQ2m4oNZ2R4TInJEQ2j4RO\\2P4UInJDo1j4VO\\2m3VI_M\\4fN]2l3WI]MZ4jN^2j3XI\\MW4nN`2g3XIYMW4SO`2e3YIVMW4WO_2d3ZITMV4[O^2b3\\ISMS4_O`2_3\\ISMg3Kk2S3^IUMb3Ko2Q3^IVM`3KP3R3^InLZ3?U3e2aIeLZ3n0R3_2cI_LY3[1o2Y2iIYLP3i1U3P2jIoIOi1j2b2[3h1lIkI0k1^2n2d3^1mIiI2i1Z2T3g3[1YJaKn1W3g3Z1ZJ_Ki1]3m3U1YJ^K^1i3X4k0YJ\\K^1k3X4k0WJZK`1m3X4m0lI_Kd1m3^4k2_KZM`4`2dKcMZ4]2fKeMY4Z2gKgMX4Z2gKhMX4X2gKjMX4V2gKlMW4T2iKnMV4Q2jKQNT4O\\JVK\\1R5U4HlJhJn0e5T4CoJUJBBU1n6X4[OSKoIICk0V7X4YOSKnIJE3LOZ7o4XOUKmIGK0JKF4`7U5XOUKnIDf01T6V5XOUKRJ_Oc06S6U5ZOUK`KDX5V5XOVK`KDX5U5ZOVKV3j4kLUKU3k4lLTKU3k4lLSKU3l4lLTKT3l4lLTKT3l4lLUKS3k4mLUKT3j4mLTKT3k4oLSKQ3m4RMkJS3U5Z7O00ZFnJd1R5ZNPKf1P5[NoJe1Q5[NoJe1P5]NoJc1Q5]NoJc1Q5]NoJc1Q5\\NPKd1P5YNRKh1n4VNTKj1l4oMmJcH6_9m4nMnJbH5`9m4nMoJaH5_9m4PNoJaH3_9n4PNoJeHO[9R5PNoJeH0l7MYIT5V6mJgH2h44kKJb0>Ke4f6mJnLb0_KN=?<U4h;`NQDa1m;fNmC[1Q<lNfCX1Y<kNbCX1]<c4XKQFdLP:\\3PFbLQ:_3oE_LS:b3lE]LU:R82K5K5H8O1O100O1N2O1N2N2M3K6N10000O10001O00000000001O00000002N3M4L3M6J000O1000100O3M8H2N1O0000001OO1O1O1O1O100O1O100O1O1M3O1O2O00000O1000000O2O0O1M3^LQEVKR;j4oDSKS;m4mDSKS;m4lDTKT;m4kDRKW;P5fDmJ];W81K5L4O2N10000O10000O1O1N3I6N2000000O100O\\HSF]2l9ZMiF[2V9[MXGc2f8WMcGg2\\8XMRH\\2m7cMYHY2f7hM\\HV2b7kMaHT2]7iMhHV2W7hMPIT2o6eM]IW2c6bMlIW2P6dM[JY2`5hMhJT2V5PLgFlNJ`0K@d4Q5`4mJVGT14jNK;m4i4_4QLXGQO]4n4\\4PLXGoN]4R5\\4[K[FKQ1CX4Y5[4YK^FI]6n4V3WKbFFY6T5U3UK]Mk4d2SK]Mm4g2oJYMR5i2kJXMT5i2kJWMV5h2iJYMW5h2hJXMX5h2hJXMY5i2dJXM\\5S:1N101O0O1iDbJR5_5mJbJS5]5mJdJR5\\5nJdJS5\\5kJeJU5[5kJeJV5Z5iJhJV5Y5gJiJZ5V5fJjJ[5U5dJlJ\\5U5cJkJ]5U5cJkJ[5W5eJiJZ5Y5eJgJZ5Z5fJfJY5[5hJcJX5^5lJ^JS5d5Q6000O2O0O2N1O2O001N101N101O0O101N1O2O001N2O1O001O0O1O2O0O101O0O101O0O2O0O101N1O1O2N1O1oGWI1j6LYI2i6LXI4h6KYI4i6JYI5h6IYI6h6JYI5h6JYI5h6JYI4h6MXI2h6NYI1h6NYI0h61XINi61XINh62XINi64UIJm68QIGo6;oHER7;oHBS7>QI]Oo6d0SIXOo6h0PIWOR7i0nHVOR7k0nHSOT7l0mHROT7n0nHoNT7Q1PIiNR7V1PIhNP7X1SIdNo6[1UI`Nm6`1TI]Nm6c1TI[Nn6d1SIZNo6f1QIXNP7h1TISNn6n1SInMo6S2TIgMm6\\2TI_Mn6b2RI\\Mo6e2UITMl6n2WIlLk6S3\\IeLf6[3YIeLg6[3ZIcLh6]3XIaLi6_3XI_Lj6a3VI^Lk6a3WI]Lj6c3XIYLi6g3XIXLi6g3YIVLi6j3WIULj6j3XISLi6m3[InKg6Q4ZImKh6S4XIkKj6U4WIgKk6\\4VI[KP7f4RIkJZ7U5kH]J]7d5fHUJ^7k5cHPJa7P6_HnIc7Q6^HlIe7T6]HfIf7[6[H_Ij7a6XHVIo7j6WHmHl7S7THcHmLDT;i7PH\\HZ8e7^3O100O100O1001O1O10O00O1001bLQAnNo>o0TAQOl>n0UAROk>m0UATOk>k0UAVOk>i0VAWOj>h0WAXOi>g0WAZOi>e0XAZOi>e0WA\\Oj>b0VA^Ok>a0VA_Oj>`0VAAj>>TAFk>W4N1O1O00000010O000O1000000O1O100O1000000100O01O0O2O001O0010O00bKTAm0m>POVAo0j>POWAP1i>POWAo0j>POVAQ1j>nNWAR1j>mNWAR1i>mNXAT1i>jNWAW1i>gNXAY1i>fNVA\\1l>`NUAa1k>]NUAd1k>[NUAf1k>YNVAg1j>XNVAi1j>VNVAk1j>TNWAk1l>RNTAo1m>oMTAQ2m>mMTAS2m>kMTAT2n>jMSAV2o>gMSAW2o>gMQAZ2P?dMQA[2Q?cMPA]2Q?aMo@`2S?]Mn@e2Q?YMRAe2o>YMTAf2n>VMTAi2n>TMSAl2m>SMSAm2n>RMSAn2m>QMSAP3m>oLSAQ3o>mLRAS3n>lLRAU3o>iLRAW3o>gLQAZ3o>eLRAZ3o>eLRA[3n>dLRA\\3P?bLQA^3P?`LPA`3R?]LPAb3R?\\Lo@d3R?ZLo@f3U?TLm@n3U?iKo@Y4i`01O`Mh]O=Xb0Bi]O>Wb0Ai]O`0Vb0@j]Oa0Vb0^Oj]Od0Ub0[Ok]Of0Ub0ZOj]Og0Vb0XOj]Oi0Ub0YOi]Oh0Vb0o100O01O0ZMi]Oj0Vb0UOk]Ol0Ub0ROm]On0Rb0ROo]OP1oa0oNS^OQ1ka0oNV^OS1ga0mN[^O_NF\\2oa0TO\\^O\\NN[2ea0YOk^Of0Ua0YOk^Og0Ua0YOk^Og0Va0XOj^Oi0Va0VOj^Oj0Va0VOl^Oh0Ua0WOm^Oh0Ra0XOP_Of0Qa0XOQ_Og0o`0YOR_Og0n`0YOR_Of0n`0ZOR_Of0n`0ZOR_Of0o`0ZOQ_Oe0o`0[OQ_Oe0o`0\\OR_Ob0o`0]OU_O?k`0BV_O<k`0CU_O=l`0CT_O=l`0BU_O=l`0BT_O>l`0BU_O=l`0BT_O>l`0BU_O=l`0CT_O<l`0DV_O:j`0FX_O8h`0HY_O7h`0IX_O6h`0JY_O5g`0KZ_O4f`0L[_O3f`0L^_O0b`00a_OM_`03d_OI^`07f_ODZ`0<i_O@X`0a0n_OVOT`0j0o20O1O001O001O00001O00001O010O002N2N2O1N1O1O10O0000100O001O001O1O001O010O001O1001O00O001N2N101N100O10001O001O0O2O001O001O001N101N101N1O2O1O1O1N2N101N7I2N3L3KWkm4"}}]}