{"images": [{"id": 0, "file_name": "images/8.50706747458.jpg", "width": 1290, "height": 730}], "annotations": [{"id": 0, "image_id": 0, "category_id": 0, "bbox": [653.0, 43.0, 421.0, 618.0], "area": 260178.0, "iscrowd": 0, "segmentation": {"size": [730, 1290], "counts": "maa>5ef02N2N2N2N2N2N1O2O1N2N1O100O1O1O100O1O100O101N1O100O100O100O010O100O100O1O100O100O100O1O100O010O1O10O01SDgNX2Y1gGfN\\24fJL`:Z1]HjNX23iJKb:X1\\HlNm0IWL109LLb:V1\\HmNm0LTL017NLd:T1[HnNl0MTL1O7OLf:Q1\\HoNj0OSL008MLj:n0[HPOi03PL^1k:@[HoNj0V2WL_MW:[1hHQOh0Y2SL`M[:W1iHPOh0g2_6XNiHRO:DeLU3W:VNiHRO8V3o6hMhHRO8X3o6gMhHRO7Y3Q7dMhHTO5Z3R7cMhHSO6[3R7bMgHTO5\\3S7`MhHUO4]3nLoKo9_1nHUO4h3j6TMQIUO4h3k6RMQIVO3j3k6QMQIVO[O]OXN^4\\9oLQIUOZOBVN[4^9nLRIVOXOESNY4d9lLPIVOYOGPNY4f9kLPIVOYOHlM[4k9fLPIWOYOj4kMcJa9]1ZIWOYOQ5\\7iK[IUOXOT5]7fK[IWOWOT5^7eKZIWOXOV5\\7dK[IVOYOW5TNQJo8b1cIWOXOa5T7XKdIWOXOc5S7VKdIWOXOf5R7SKgIWOVOP6j6iJoIWOWOQ6i6iJoIWOWOQ6j6gJoIXOVOS6j6eJPJYOUOS6j6eJPJXOUOU6k6bJPJZOTOT6l6cJoIYOUOU6l6aJoI[OSOV6m6`JPJYOaNYOTOo6\\8_JnIZOaN[OQOn6_8]JoIZO`Nk6a7kInI[O`Nk6a7jIoI[O_Nm6a7iIoIZO`Nn6a7hInI[O`Nm6b7hInI[O`No6a7fInI[OaNP7`7eIoI[OaNQ7_7eIoI[OaNP7a7dInI\\OaNR7_7cIoI[ObNS7_7aIoI\\ObNU7]7`IPJ[OcNV7\\7_IQJ\\OaNW7^7]IPJ\\ObNX7]7\\IQJ]OaNX7^7[IPJ]ObNY7]7ZIQJ^OaNZ7]7XIQJ^OaN]7\\7UISJ^OaN_7Z7TITJ^O`Nb7Z7oHVJ_O_Nd7Z7nHVJ^O`Ne7Y7nHVJ^O_Nf7[7kHVJ_O^Ng7\\7kHUJ^O^Ni7\\7iHVJ_O\\Nj7^7gHUJ@[Nk7_7eHVJAYNk7a7eHTJBXNl7d7aHTJHPNk7k7^HTJW9k5iFUJX9k5gFUJZ9j5gFUJY9l5gFRJ[9m5eFSJ\\9l5eFSJ]9l5bFTJ_9k5bFSJ`9l5`FTJa9l5_FSJc9k5^FSJd9l5\\FTJe9l5[FSJf9l5[FSJg9k5YFTJj9j5WFUJj9k5UFUJl9j5TFUJn9j5SFUJm9l5RFSJP:l5QFSJo9m5QFSJP:l5QFSJo9n5QFPJQ:o5oEQJQ:o5PFoIR:P6nEoIT:P6mEnIU:R6jEmIX:R6hEmIY:S6hElIY:S6hEkIZ:T6fEkI\\:T6eEkI[:V6dEiI^:V6cEhI_:W6aEhI`:X6aEgI`:X6aEgI_:Y6bEfI_:Y6bEfI_:Z6bEdI_:[6cEbI_:]6cEaI]:_6fE^I[:a6kEWIX:h6n2O1O1O001O100O1O1O1O1O001O1O1O1O1O1O2N1O2N1O1O1O1O2M2O2N1O2N2M3N3M2N2N1O1N2O001O0O100O101O0O10000O100O1O010O10l@ZKT<f4gCcKT<]4iCjKT<V4jCnKT<R4kCPLS<P4mCQLS<o3lCRLS<o3lCQLU<n3lCQLT<P4kCPLV<P4iCQLV<o3jCRLV<n3hCSLX<n3gCSLX<n3fCTLY<m3fCTLY<m3eCULZ<k3fCVLY<k3eCWLY<k3eCWLL\\Nk:^5WEXLK`Nj:Y5YEYLLbNg:V5[E[LLcNe:S5\\E]LOdN_:Q5_E^L1eN[:P5bE\\L3fNW:P5dE\\L4gNT:P5fEZL6hNQ:Q5dEZL:hNc9QO_EP6>ZL`0hN\\9TOcEU6OWLR1cNV9UOhEm8P1PHT9WOjEj8R1PHn8[OoEf8S1PHh8_OTFb8S1PHe8BXF^8S1PHc8DZF\\8S1PHb8EZF\\8S1oGd8EYF\\8S1mGf8GWF\\8S1lGg8HVF\\8R1lGh8X9XGgFi8Y9WGgFh8[9VGeFk8[9UGdFk8]9UGcFm7nNiG`:9cFk7QOkG\\::cFk6TOdH25X:<aFk6XO_H29V:=`Fk65fH\\9?_Fj66fH\\9`0^Fj66fH\\9?_Fk66dH\\9a0^Fk66cH]9b0]Fj67dH\\9a0_F9jNU5\\1oI\\9c0^F8oNR5W1RJ^9c0\\F8SOP5S1UJ^9c0\\F8WOl4o0XJ_9c0\\F9ZOh4l0ZJ_9e0[F8_Oe4g0]J`9e0[F9BV3TOnLa1kN_9h0ZF9Im2POVMd<CdD:Mc2PO`M_<CdD99S2jNQNY<CdD9c0\\1mNgNm;CdD:Q1f0eN]Of;CeD9[13cN1];BfD9n35\\7BfD9m36]7AfD9m36]7@gD:l36]7@hD9k37]7_OiD9k38\\7_OiD9j39]7]OjD:i39]7]OjD:i39]7]OkD8h3<]7[OlD9g3<]7[OlD9g3;^7\\OkD9g3;^7[OmD8f3=]7[OmD8f3=]7ZOnD8f3>\\7ZOnD8f3>\\7YOoD8f3?[7YOPE7d3a0\\7WOQE8c3a0\\7WOQE8c3a0\\7WOQE8c3a0\\7VORE9b3`0]7WORE7b3b0\\7VOSE8a3b0\\7VOSE7b3c0[7UOTE8a3c0[7TOUE8a3d0Z7TOUE8a3c0\\7SOUE9_3d0\\7SOUE8`3e0[7ROVE9^3f0\\7QOVE9^3f0\\7POWE9^3g0[7POWE9^3f0\\7POWE:]3f0\\7oNXE:]3g0[7oNXE:]3g0\\7lNZE<Z3h0j9WOWFh0j9XOVFh0j9WOWFi0i9WOWFi0i9VOXFj0i9UOWFk0i9TOXFl0h9TOXFl0h9TOXFk0i9TOXFl0i9SOWFm0i9ROXFn0i9QOWFo0j9oNWFQ1j9nNVFR1j9mNWFS1h?O100000000O100000000O1000000O100000000O100000000O1000000O10000O101O0O10000O10000O10000O100O100O101N100O1O101N1O100O1O2O0O1O1O1O2N1O2N\\`i4"}}, {"id": 1, "image_id": 0, "category_id": 0, "bbox": [128.0, 78.0, 329.0, 565.0], "area": 185885.0, "iscrowd": 0, "segmentation": {"size": [730, 1290], "counts": "bZk28`f06K5L2M2O2N1TBYO`H111^;g0nK[O^H121`;d0nK]O\\H220c;b0mK^O[H410e;?mK@ZH311g;=lKU1]HQNX;k0WLd1h3]NULe1k3[NhGUO>OeLe2T;XNhGVO<S3l7hMfGXO:Q3P8hMeGYO8Q3R8gMeGZO6Q3U8eMdG[O5S3U8dMdGZO5T3W8bMcG\\O2U3Z8`MdG[O0Z3Y8[MfG]OLa3Y8RMjG^OIe3[8nLlG]O_On3f8dLkG_O]Oo3h8bLjG@]Oo3h8bLkG^O\\OR4i8`LjG_O[OS4k8^LjG_OZOT4l8]LjG_OXOV4n8[LiG@WOX4n8YLjG_OXO^4i8RLoGAVOa4i8nKQHATOc4k8lKPHATOe4l8jKoGBSOf4n8hKnGCSOe4P9hKlGDROf4R9fKlGCPOj4T9bKlGEkNo4X9\\KlGFcN\\5[9oJQHEbN`5\\9jJSHF_Nc5]9gJSHG^Nd5^9eJTHH]Nd5_9dJSHI\\Ne5a9bJRHI]Nf5a9aJQHJ\\Nl5]9[JVHJ[Nn5^9XJVHK[Nn5_9VJVHLZNP6_9UJVHLYNQ6a9SJUHMXNR6b9RJUHMWNR6e9QJRHOWNR6g9nIRH3SNQ6k9lIQH6oMP6P:kIoGl7Q8THnGm7R8SHmGo7Q8RHmGP8S8PHlGR8R8nGmGU8R8kGmGV8R8kGlGX8S8hGlGZ8R8gGlG\\8S8dGlG_8Q8bGmGc8P8]GoGd8P8]GnGf8Q8ZGnGg8Q8ZGmGh8S8XGkGj8T8WGkGj8U8VGiGk8X8UGgGl8X8UGgGm8X8SGgGn8X8SGhGm8W8TGiGl8W8UGhGk8W8VGjGi8U8XGkGh8U8XGkGh8T8YGkGh8T8YGkGh8U8WGlGj8R8WGmGj8S8VGkGl8T8UGiGn8V8SGgGQ9X8PGdGS9[8nFcGT9\\8mFbGV9]8jF`GY9_8iF\\G[9c8iFUG\\9k8Z2O100O001O1O010O1O1O10O01O1O010O1O1O010O1O001O100O1O001O100O001O1O1O1O2O0O2N1O2N3M4cH]A[6i>ZI\\Af6\\?00000000000O100O100O100O1O1VBPIj;P7RDXIi;i6VD\\Ie;e6ZD^Ic;c6]D_I`;b6_D`I`;`6`D`I_;a6`D`I_;a6`D`I_;a6aD^I_;c6`D^I_;b6aD^I_;c6`D^I_;c6`D]I`;d6`D\\I_;e6`D[I`;f6_D[I`;f6_D[IIXO[:^7mEYIG_OW:Y7QFYIFCU:U7TFYIFGQ:Q7YFXIEMk9l6`FXIE0f9i6dFWIF4b9f6gFWIG7]9c6lFVIF9\\9b6mFVIG9Y9b6PGVIF9Y9b6QGTIG;U9c6SGSIG;T9d6TGRIH:S9e6TGRIH9T9f6TGQIH8T9g6TGRIG7U9h6SGRIH5U9j6RGRIH5T9k6SGQII3U9l6QGRIJ2U9l6PGSIJ2m8iN\\FQ8n0TII2i8nN_Fl7n0TIK25hN\\79eGi7n0UIK25jNY78iGg7m0VIL15lNU78mGe7l0WIM05nNQ7`8mHbHL24POn6^8QIaHM14ROk6\\8TIbHL15ROi6\\8TIcHNO4UOg6Z8VIcHON4WOd6Y8XIcHOO4WOb6MeHb7e0\\I0N3ZO`6JiHb7c0]I0N4ZO_6IjHa7d0^ION4\\O\\6HmH`7c0_ION4^O[6DPIa7a0`IOO4_OX6BTI`7`0aIOO5@V6@UIa7`0aI0N4CU6^OUIa7a0aI0N5DS6f7hIiH0M5FQ6d7iIjH0M6Go5b7jIkH0M6Jm5^7lIlH1M5Kk5]7nIlH1M6Lh5\\7PJlH1M6Ol3\\NQMl8kNmH2L62g3\\N]LHKR9IlH1M66c3YN^LKMm8JmH1M78_3YN\\LM1i8KmH1N79]3XNYLO7e8JoH0M8<Z3PObLi7KoHON:?U3kNgLi7IQI0M:f0o2cNmLj7IRIOL<k0h2_NSMi7FUI0K>R1n0PMHU1VOd<3nEFlLQ1c0UOc<4RGf0[LUOd<4RGg0[LTOd<4QGh0[LTOd<3RGh0\\LSOc<4RGi0\\LROb<5RGi0]LQOa<5SGj0\\LPOc<5QGk0]LoNb<6QGj0j:UOWEk0j:TOUEm0k:ROVEn0k:QOUEo0k:POVEP1k:nNVER1Y`0O01000000000O10000O1000000O10O10000000000000O10O100000O1000000O1000000O1000000O1000000O01000O10000O101O0O01000O10001N100O100O10000O100O100O100O100O2O0O100O2N1O2O1M3L[\\ab0"}}]}