{"images": [{"id": 0, "file_name": "images/n01494475_7497.jpg", "width": 1290, "height": 730}], "annotations": [{"id": 0, "image_id": 0, "category_id": 0, "bbox": [436.0, 122.0, 342.0, 446.0], "area": 152532.0, "iscrowd": 0, "segmentation": {"size": [730, 1290], "counts": "SYg91UQ25_eN1O00100O1\\\\OIc`08Z_OJf`06Y_OKg`06X_OJi`06V_OJj`07T_OJl`06T_OIn`07Q_OJ\\MM^c0:U_OMk`04T_OLl`04T_OLm`04Q_ONn`03Q_OMo`03Q_OMPa03o^OMQa04n^OLRa04n^OLSa04l^OLTa05k^OKUa05k^OLUa04i^OMWa03i^OMWa04h^OLYa04f^OLZa04f^OMYa04e^OM\\a03c^OM]a03c^OM]a04b^OL^a04c^OK^a05a^OK_a05b^OJ^a07a^OJ^a07a^OI`a07^^OJba06^^OJba06^^OJca06\\^OJda06[^OLda04]^OKca06\\^OJea05[^OKea05Z^OLfa05Y^OKga06X^OJha06X^OJha07V^OJja07U^OIla07T^OHla08T^OIka08U^OGka0:U^OEka0;U^OEja0=U^OCka0=U^OCka0>T^OBla0>S^OCma0>R^OBna0>R^OBma0`0R^O@na0a0Q^O_Ooa0b0P^O^Ooa0c0P^O^OPb0c0o]O]OQb0d0m]O]ORb0d0n]O\\OQb0f0m]O[ORb0g0m]OYORb0h0n]OXOoa0l0Q^OSOha0U1W^OkNfa0X1`^ObN^a0a1a^O_N]a0c1c^O]NYa0h1_^OmMmN;`b0o1`^OfMPO;\\b0U2b^OaMQO:Zb0Z2b^O]MTO9Vb0_2e^OXMUO9Sb0d2g^OQMXO:na0i2i^OlLZO;ka0l2R_OUMk`0n2T_ORMi`0S3U_OmLg`0Y3W_OgL^:GfJh3jJaL`:IbJi3fJQLA>W;J]Jk3jJmKB=X;LXJo3lJhKD=Z;LQJT4UKPLm:LhIY4YKkKP;NaI[4^KgKR;N]I^4`KdKU;NWIb4bK`KY;MRIg4cK\\K\\;NmHj4eKXKa;NcHQ5iKQKg;MZHX5mKkJk;NRH_5YLWJj;8iGc5f8_JUGc5l8_JQGb5o8aJlF`5U9cJdFa5]9^JZFk5f9VJVFm5k9TJPFo5P:SJkEQ6U:nIfEW6Z:iIbE[6_:dI]E`6c:`IYEe6f:ZIVEk6j:UIQEP7P;nHmDU7T;jHgD[7[;cHaDb7`;\\H]Dg7f;VHXDl7j;RHUDP8l;nGmBOQ1S8S<THlCl7X<QHfCQ8Z<oGeCQ8]<mGcCS8^<kGcCV8]<iGcCX8_=001O1POfG_CZ8_<iG_CY8_<hG`CY8_<gGaCZ8_<eGaC\\8^=1O2N1O1O1O1O1O1O1O1O001O1O001O001O0nBQGY<P9eCRGZ<n8fCSGZ<m8eCTG[<l8cCUG^<j8bCWG_<h8_CZGg<`8XC`G]==eCW5mN]Jj=EhCi5]NdJo?X5P@iJR`0U5m_OlJU`0R5i_OPKZ`0JT@Q4AULda0e3Z^O]Lma0\\3Q^OfLQb0X3m]OjLUb0l33N3M3L3N2N00000O1O010O001O0010O00001N10001O00001O0000001O000000001N1000001O000000000000001O000O10000000001O00000000cLh]OX2Wb0hMk]OW2Ub0hMm]OW2Sb0iMo]OU2Qb0jMR^OT2na0lMS^OS2ma0mMS^OS2la0mMV^OR2ja0nMW^OQ2ia0oMX^OP2ha0PNY^Oo1ga0PN[^Oo1da0RN]^Om1ca0RN_^Om1aa0SN`^Ol1_a0TNc^Ok1]a0UNd^Oj1\\a0VNe^Oi1[a0WNf^Oh1Za0XNf^Oh1Ya0YNh^Of1Xa0ZNi^Oe1Wa0ZNj^Of1Va0ZNk^Oe1Ua0[Nl^Od1Sa0]Nm^Oc1Sa0]Nn^Ob1Ra0]NP_Ob1Pa0^NQ_Oa1n`0`NR_O`1n`0_NT_O`1l`0`NU_O_1k`0`NW_O_1h`0bNX_O^1h`0aNZ_O^1e`0cN[_O]1e`0bN\\_O^1c`0cN]_O]1c`0bN__O]1a`0bN`_O^1``0bN`_O^1``0aNb_O^1]`0cNc_O]1]`0cNc_O\\1^`0cNc_O]1]`0cNd_O\\1\\`0dNd_O\\1[`0dNf_O\\1Z`0dNg_O[1Y`0eNh_OZ1X`0eNi_O[1W`0dNk_O[1U`0dNm_O[1S`0dNo_O[1P`0eNQ@Z1P`0eNR@Z1n?fNR@Z1n?eNT@Y1n?eNS@[1n?cNS@]1m?bNT@^1m?`NU@_1l?^NU@b1n?YNU@g1_b000O10O1000O10000O100O101N100O2O0O2O0O2O1N1O2O1N2N2O1N1O2O1N2N1O2O1N2N2N2N2N2N1O3L5K7H`_\\;"}}]}