{"images": [{"id": 0, "file_name": "images/n01984695_57029.jpg", "width": 1290, "height": 730}], "annotations": [{"id": 0, "image_id": 0, "category_id": 0, "bbox": [321.0, 144.0, 528.0, 523.0], "area": 276144.0, "iscrowd": 0, "segmentation": {"size": [730, 1290], "counts": "eQU71if00000000fo40YPK1001OUi`00_V_Od0D8G8K4L4M3L3N2N2N2N101N1^MgNb_O[1S`0POl_OP1k?YOT@h0c?@^@a0m>3SAMj>6VAJh>7XAJe>7\\AKa>MhA4W>CSB=]<nM_B]1\\1g0S<PN]BR1h1n0k;oM\\BQ1l1Q1h;lM\\BQ1o1T1d;kM]Bo0R2W1_;jM_Bn0S2Y1\\;lM^Bl0V2Y1[;lM^Bi0Y2\\1X;lM^Bg0\\2]1U;nM^Bd0]2_1T;nM_Bb0^2`1R;oM_Ba0_2a1Q;nMaBa0^2a1Q;nMaB`0^2c1P;mMbB`0_2c1o:lMcBa0]2d1o:jMeBb0\\2e1o:iMeBb0\\2e1o:hMeBe0Z2d1P;hMfBd0Y2e1b6^M_J9fLd0Y2e1b6_M]J8hLe0X2e1c6^M]J8hLe0X2e1P;fMjBd0U2g1o:gMlBa0V2h1m:gMoB`0T2i1l:hMPC>T2k1l:fMRC>R2l1k:gMTC;R2n1j:gMTC:R2P2j:eMVC9Q2R2i:eMVC9P2S2i:eMXC7o1T2i:eMXC7o1T2i:dMYC9l1T2k:bM[C9j1U2j:aM^C:h1U2i:aMaC9e1W2j:^McC<b1V2k:]MeC<_1X2l:[MfC=]1Y2m:ZMgC=[1Y2n:YMhC>Y1Z2P;WMgC`0W1Z2R;VMhC?V1[2R;UMiCa0S1[2T;TMkC?P1^2U;SMlC?n0]2V;VMlC<m0_2P;\\MSD6k0_2Q;]MSD4l0_2Q;]MTD4i0`2S;]MSD3i0a2T;^MRD1i0a2U;`MPDOj0a2W;aMoCNh0b2Y;bMnCKh0d2Z;bMmCKf0e2];bMlCIe0e2`;cMkCGb0i2c;bMiCFa0j2f;aMiCE>k2i;cMgCC=l2l;cMfC@=n2m;cMeC@;o2P<cMdC]O9S3R<bMeC[O7U3T<aMdCYO6X3V<bMaCWO7X3Y<bM_CUO7[3Y<cM]CSO7\\3]<aM\\CRO6_3_<_MYCSO5`3e<\\MUCSO5b3g<\\MSCQO4f3j<YMPCRO3g3n<XMnBPO2j3R=UMkBQO1l3V=SMhBQONP4[=nLfBROMR4`=kLbBROKV4e=gL_BTOIW4j=dL]BTOGZ4X<ZKXCOU1X1CVOE[4[<XKXC0V1V1BWOB^4\\<WKYCNZ1T1_OYO@_4^<VKYCN]1R1[O[O_Oa4`<TKYCO_1o0XO^O\\Oc4d<QKYCNc1n0TO_OXOh4h<mJYCNe1n0QO^OXOk4h<lJXCN4OZ1n0YOk4Q<`J[CL[1g0YOl4Q<`J\\COY1e0YOl4R<ZJbC5U1d0WOl4S<YJcC4V1g0SOm4f<YJZDj0oNm4g<XJ]Dk0lNk4h<YJ^Dk0gNn4j<XJcDg0`NS5m<YJdB1f1a0fNW5o<fJXD2gNY5P=RKoCDnN\\5T=QKoCAjN`5[=kJlCn5X<mIkCQ6W<mI`BZOS1f6^<mI`B@S1`6]<PJ`B@S1`6^<PJ]BBQ1a6d<mIYBBP1d6k<gITBEn0g6P=cIQBF5a7k=QIQBS7T>g05K]OdGjBZ8U=hGkBW8T=kGiBW8W=jGeBY8Z=jG_B[8_<aGXDm8h;[GQDe8o;\\GPDd8P<]GoCc8R<\\GnCe8R<ZGnCf8S<YGfCEHT9c<UGdCJFR9V;kFZF4lNW9j:fFlF[9R9kFhFW9W9oFcFR9\\9PGaFQ9_9QG^FQ9a9QGZFR9f9UGQFn8n9UGnEl8R:ZGfEh8Z:YGcEj8\\:XG\\En8d:d101O0000001O0000000O100O100010O000000O10000O11O001O1O001O001N2O1O1O1O2O0O1OO1O1O100O100O1O1O100O1N2O1O10000O2N100O2N1N2O1O1O1O1O1O1N3N1O1O1N20dLoEoIP:l5XFQJh9l5]FSJc9j5fFPJZ9o5kFmIU9S6mFkIR9U6PGjIo8W6SGgIk8Z6WGeIh8[6ZGdIe8\\6]GcIa8^6aGaI^8_6cG`I]8`6fG^IZ8a6hG^IX8_6lG`IS8_6PH`IP8]6THbIk7]6XHbIg7^6[H`Ie7`6]H_Ib7a6`H^I_7b6dH\\I[7d6gHZIY7f6hHZIW7g6jHXIV7g6kHYIT7f6oHYIP7g6RIXIl6h6WIWIh6h6[IVIe6h6_IWI_6g6eIYIZ6f6hIZIW6h6iIWIW6i6iIVIW6k6jITIU6m6lIRIR6P7oIoHP6R7QJlHo5U7RJiHm5Y7TJfHk5[7VJcHk5]7WJ`Hj5`7WJ^Hi5c7YJZHh5f7[JUHg5k7[JRHe5o7]JnG]5X8fJeGX5^8kJ]GS5g8SKPGn4R9]4O1000001kNeBiH[=V7gBiHY=V7hBjHW=V7jBiHW=V7kBiHV=U7kBkHU=U7kBkHY=Q7gBoHZ=o6hBoHY=Q7gBoHZ=P7fBPIZ=P7fBPIZ=P7fBoH[=Q7dBPI\\=P7dBPI\\=P7dBPI\\=P7dBoH\\=Q7eBoH[=9_B^56YJ[=8bB]53ZJ[=8eB]50[JZ=7iB]5M\\JX=8lB[5L]JX=8mB[5K]JW=7oB]5J\\JV=6RC]5I]JU=3VC_5E]JV=2XC`5A_JV=1\\C^5^OaJV=0_C\\5\\OdJU=OaCV4mNWL=CU=0dCP4nN\\L9ET=OkCj3hNcL9DT=NRDa3dNmL7CR=0VDZ3dNSM4DP=0^DP3bN[M1En<0gDf2]NeMNEn<OPE^2TNnMNEn<NUEZ2QNSNLEn<M]ES2iM\\NLDm<MdEm1dMaNKFm<JoEe1YMkNLEl<JVF`1SMQOKEl<IZF^1oLSOKGk<IcFT1gL]OKEe<[OlB?W4k0\\LFLFe<NVGc0ZLIKFe<[OjB=\\4i0[LHKFe<\\OjB:\\4l0ZLHLFd<\\OjB7^4P1WLHMEc<\\OmB5]4Q1WLHMEc<]OmB0_4V1TLILEd<ZOfGX1jKIMEc<YOeGZ1lKHLEY<BnGR1mKGLEQ<KTHk0nKFMDP<LSHk0PLENDo;KSHl0QLELEP<JQHn0RLCNDP<JoGP1TLBMDP<IoGQ1TLBNDo;HnGS1VL@MFo;FnGT1VL@NEo;GkGU1XL_OOEn;FjGW1YL^OOFn;EiGW1[L^ONFo;ChGY1[L^ONGo;AgG[1\\L]OOFo;AeG]1^L\\OMGP<_OdG_1_L[ONGP<[OdGd1^L[OMGP<YOeGf1^LZONFP<YObGh1aLYOMGo;YO_Gj1eLUOOGm;[O[Gl1iLROOH^;IgG_1lLQOOG[;KiG^1mLPOOG\\;JhG_1nLoNOH[;HjG`1lLPO0HZ;APHg1fLQOOG\\;WOYHP2\\LRO0Gn?W1R@RO1Gl?W1S@SO0Gl?V1T@SO1Fk?W1T@SO1G_3UOl7Q2eDSO0G_3VOj7P2gDSO0H_3UOj7o1gDTO1G_3VOh7P2hDRO2H^3UOh7Q2hDSO1H_3TOh7P2hDTO2Ge?V1Y@SO2Hd?U1Z@SO3H`?W1\\@QO5I[?Y1`@nN6HY?[1a@mN6IX?[1b@kN6KW?Z1c@lN6JV?[1d@jN6LV?Y1e@jN6NS?X1h@iN6DkNDV`0P2i@hN6CmNER`0P2k@hN6CoNDo?Q2m@gN6DnNEn?o1o@gN6DoNFk?n1QAgN5FPOFh?m1SAgN5EROHd?k1VAgN4GTOG`?j1YAgN4HSOG`?j1YAgN4GUOH]?i1\\AfN2JUOH\\?g1^AfN2KUOHZ?g1_AfN1KXOHW?f1aAfN1LXOGU?g1bAfN1MXOGT?f1cAfN1LZOGR?f1dAfN0NZOGR?d1dAgN0N[OFQ?e1dAfN1N\\OEP?f1dAgNOO^?Z1d@eNO1]?Z1d@eNO0^?Z1d@eNN2_?X1c@fNN2_?X1d@dNN4^?X1d@dNM4`?X1d@bNM6`?V1e@cNK7`?V1e@bNL7`?W1e@aNK8`?V1g@`NJ93@i=f1[B_NK:1Ai=f1]B]NI<3_Og=g1`B[NG?^?V1aBiN_=W1bBhN^=W1cBiN^=V1cBiN]=W1dBiN\\=V1dBkN[=T1gBlNX=T1hBmNX=R1iBmNX=R1hBoNW=P1kBPOT=P1lBQOT=n0lBSOS=m0nBSOR=k0oBVOQ=i0PCWOo<i0QCXOo<g0RCYOn<e0SC\\Ol<d0UC[Ol<d0UC\\Oj<c0XC]Oh<b0YC^Of<a0\\C^Oe<`0]C@d<>]CAd<=^CBc<<^CEb<:_CEb<9`CGa<6aCJ`<3bCM^<2bCN`<ObC1_<LcC3a<FcC:_a0O100O0100O1000O010O100O100O10O010O010O0100O1O1O1N1O3I]mi9"}}]}