{"images": [{"id": 0, "file_name": "images/n01984695_52520.jpg", "width": 1290, "height": 730}], "annotations": [{"id": 0, "image_id": 0, "category_id": 0, "bbox": [173.0, 10.0, 693.0, 515.0], "area": 356895.0, "iscrowd": 0, "segmentation": {"size": [730, 1290], "counts": "h`k32hf00Rb;4h]D4L3J6M2O2N1NCUZO0ie00XZO0ge00[ZOOce03]ZOMbe02`ZON_e01cZON^e0MhZO2We0OiZO0Xe0OjZO0Ue01kZONUe03kZOMTe04mZOJSe07mZOHSe09mZOGQe0;oZODPe0>e01O1O000001006J2N2N00_OUZO3je0K[ZO2ee0L_ZO1ae0NcZO0]e00f0100O1O1hYOIme07QZOMle04TZOKme05;10000O2O3M1O0010N3N3L3M4KD0>0O2O0N3M2O010O0nFOZK4eIL[82oM2^I6a8JnM1`I7a8InM1_I8a8KmMEbG0n1c0b8ImMCdG1l1d0d8HkMCeG1k1e0e8HiMChGOi1g0g8GgMCiGNj1h0f8IeMAlGLj1i0g8JaMBnIe0b8J^MAPJd0c8L[MAQJc0f8MVMASJc0h8MSMASJc0j8MQMBSJb0m8LoLCRJa0Q9KmLCRJc0R9JkLCSJa0V9KfLCTJa0Z9KaLBVJb0\\9M\\L@YJa0^90WL_OZJa0a90TL@ZJ?d92QL_OYJ?h93nK_OXJ=l94lK^OXJ>m94jK\\OZJa0n92iKYO[Je0m93eMM\\23cMM^23`MNa22^MNc22[MOf21RK\\OoJd0P:1kJ@SK`0S:1gJ@UK`0U:0eJ@UKa0W:ObJAWK`0X:0_J_OYKa0Z:0YJ\\OcKd0U:0VJ_ObKb0X:0UJ@`Ka0\\:0QJAaK?`:1lIBbK>d:OhIDcK=h:ObIEeK<l:N^IFfK;n:OZIFhK<o:0VICkK=Q;1RIBmK=Q;3oH@PL=S;3lH@PL=V;4gH_OTL<W;6cH^OUL=X;6aH]OWL=Z;6]H^OYL<[;6[H]O[L<\\;7WH^O\\L<^;6TH_O^L;_;5SH_O_L;_;7PH^ObL;_;7nG^ObL;b;:gG[OgL;d;<aGYOiL=j;9ZG[OkL;Q<8QG]OmL<NQOf:U1]H^OoL;NSOg:T1[H^OoL<OROh:U1WH^ORM:0TOf:U1WH]ORM;0TOh:T1TH]OUM;OTOh:T1TH]OTM<OTOj:S1RH]OUM;0VOi:R1PH]OVM=0UOj:Q1PH]OTM?2TOj:P1nG]OVM`01TOl:o0lG]OVM`03TOl:o0iG^OWM`04TOl:n0hG]OXMb04SO`1G]6V1eJ_OZM`05TO_1I\\6U1dJ^O\\M`05UO]1J^6T1aJ]O_Ma05TO]1K^6V1\\JZOdMa07SOZ1N`6U1WJYOhMa08SOY1Nb6U1SJYOhMb0;ROW1Oe6S1oIZOjMb0<ROV10f6Q1mI[OjMb0>ROU10f6R1kIZOlMb0?ROS11h6P1jI[OkMc0`0QOS11h6R1gIYOnMc0=gN^N;h20i6S1dIXOPNc0<VOV1Mk6R1aIYOQNb0>VOT1Nm6R1^IWOSNc0>WOS1No6Q1[IXOTNc0?VOR1OQ7Q1WIWOVNd0a0UOP10R7R1UIUOWNd0c0UOo00S7S1QITOZNe0b0UOP1OT7T1mHTO\\Nd0d0UOn01U7R1lHTO]Nc0e0VOm01V7R1iHTO_Nd0e0UOm01W7Q1hHUO_Nc0f0VOl01X7Q1eHUObNb0f0WOj02Z7S1`HROeNa0i0XOh02[7U1[HPOjN`0h0ZOh00^7U1VHQOlN`0i0ZOg00a7S1QHSOoN`0h0YOg02b7S1nGQORO`0g0[Og01c7S1lGPOSOb0g0ZOg01c7V1hGnNWOa0g0ZOg01d7W1eGmNYOa0h0YOf02e7X1bGlN[O`0i0YOf03e7X1`GlN\\O`0i0YOf02h7X1\\GlN]Oa0i0ZOf01i7]1UGgNCa0i0ZOe01n7[1oFjNE?j0ZOe02o7Y1mFkNE`0k0ZOd01Q8Z1jFkNF?l0[Oc01R8Z1hFjNGa0l0ZOc01S8Z1fFjNH`0m0[Ob01T8Z1eFiNHa0m0ZOb02W8Z1`FhNKb0l0ZOb02X8[1]FgNJd0P1XOa02Y8\\1YFfNMd0P1YOa01Z8]1UFfNNb0T1[O?O\\8a1kEgN5=V1]O=O_8a1]EoN`03X1_O<N`8c1XEnNc01[1@9Nc8d1SEmNg01Z1@9Nd8d1QElNh02Z1A9Me8e1mDkNl02Y1@:Mf8j2gEjMY1_O9Ni8f2fEmMX1_O9Ml8d2cEPNY1_O8Mm8c2aERNZ1^O7No8`2aESNY1@7LR9_2]EVNZ1_O7LS9^2\\EWNZ1_O6LV9]2YEXN\\1_O5LW9\\2XEYN\\1_O5LX9[2WEYN]1@3L\\9X2UE[N]1A2L^9V2RE^N^1@2L_9V2PE]N`1A0Mb9S2mD_Nb1ANMe9S2jD^Nc1CMMh9Q2fD^N?POMd0V1Ll9o1aDaN`0ROLb0V1Mo9l1^DbNc0SOJb0V1MP:k1]DcNc0ROKc0U1LS:k1YDcNe0SOJb0U1NT:i1XDdNf0QOJd0T1NU:h1VDfNg0POJd0S1NW:i1TDdNh0ROId0T1MX:i1RDdNi0SOHb0U1NY:i1PDeNi0SOIa0U1NY:j1oCdNi0TOJ`0T1N\\:j1lCcNi0WOK>T1N\\:j1kCdNj0VOK>S1O]:i1kCdNi0WOL<T10]:h1jCeNh0XOM;T1O^:i1iCeNh0WON<S1O^:i1iCeNg0XOO;R10`:g1hCeNg0YO0;Q10a:g1eCfNi0WO1;Q10g:b1^ClNh0WO2<P10k:_1YCoNj0VO2;Q10k:`1XCoNi0VO4;P10k:`1XCoNi0VO4;o01m:^1VCQOj0TO5<n00n:`1TCPOk0TO5;o01m:`1TCPOk0TO5;o01m:`1TCPOj0UO6:o01m:`1TCoNk0UO5<o0On:a1SCoNk0UO5<o0On:b1RCnNk0UO7;n00o:b1PCoNk0UO8:n0OP;d1nBmNl0VO99n00o:d1nBmNk0WO:8n00o:d1nBmNk0WO99o0NQ;d1lBnNj0XO:8o0NQ;d1lBnNj0WO;9n0NQ;d1mBmNh0YO<8n0MS;e1iBnNj0XO<7o0NR;m2eClL:9n0OT;k2gCjL6=o0Mb:CfCX3d0jL5>o0Ma:DhCW3c0iL5>o0Nb:DgCW3d0gL5`0m0Oc:CgCW3Q2WMD0e:AfCX3P2XMENf:AgCX3n1XME0f:@gCX3n1XME0f:@gCX3n1XME0f:@gCX3n1XMD0g:BfCU3o1ZMDOg:BfCU3o1YME0f:CeCT3P2YMEOg:DdCT3P2YMD0h:CdCT3P2YMD0h:BfCT3m1[MD0i:AfCT3m1[MDOk:AdCU3m1[MC0l:_OfCU3k1\\MC0l:_OfCT3G\\MU12a0Og;b2bB_MU1Ob01g;a2bB`MT1Nc00h;b2aB`MS1Oc0Oj;b2`BaM3A9=Z1Oj;b2`B`M3D8;Z1Ol;b2_B`M3D8;Z1Om;a2]BbM4C8;Z1Nn;b2\\BbM4C8;Y1Oo;a2\\BbM4C8;Y1Oo;a2[BbM6D5:[1OP<a2ZBaMM@N5`0:[1OQ<`2YBaMJF00a0:Z10R<_2XBbMJG1Ma0;Z1OS<`2WBbMJH1Ka0<Z1OS<`2WBbMII3I`0=Y10T<_2WBbMII4H>?Z1OU<^2VBcMHJ6E>a0Y1NV<_2TBUNg0^On0OW<^2TBTNh0^On00V<^2TBTNh0^On0OW<_2SBSNi0_Ol00Y<]2QBUN2lN=b0W1OZ<^2PBUN2mN<a0X1N\\<^2nAVN2mN<a0X1N\\<^2nAVN2mN<a0W1O^<\\2mAWN2lN=b0V1N_<]2lAWN2lN=b0V1N`<\\2kAXNOnNa0?V1O`<[2jAZNLPOc0<W1Na<]2hAYNLROb0;Y1Mb<\\2fAgN>POY1Md<\\2eAgN>oNZ1Nd<[2dAhN>oNZ1Me<\\2cAiN=nN[1Mf<[2bAiN>oNY1Ng<Z2bAiN>oNY1Mi<Z2`AjN>nNZ1Nh<Z2`AjN>nNY1Oj<X2^AlN?mNY1Ok<P4lAQLX1On<n3kATLU1OQ=l3jAULU1NR=m3iAULT1NU=l3gAVLS1OV=g3kAZLo0NW=g3kA[Lm0OX=e3lA\\Ll0NZ=e3jA\\Lm0OY=d3kA]Lk0O[=b3lA_Li0O\\=`3kAbLh0O]=_3kAaLi0OP<BeCl3CcLg00Q<AfCk3BdLg00Q<AfCj3CeLf0Oa=\\3iAeLe00c=Z3hAfLe00c=Y3iAfLd01e=X3fAhLe00e=W3gAiLc00h=V3dAkLc00j=T3bAmLd0Nl=S3`AoLd0O\\O@`=`3`BRMc0O]O@_=_3`BSMd0N\\OA`=]3aBTMb0N^OA`=\\3`BUMb0N^OA`=[3aBVMa0N^OA`=Z3bBVM`00]OAb=X3aBWM`0O^OBa=W3bBXM?O^OBa=W3bBXM>0_O@c=W3aBXM=0@Ab=W3aBXM=0_OBc=V3aBWM=1_OCd=S3aBYM<1^ODe=R3aBYM<0_ODe=R3aBZM;0^OEf=Q3aBZM;O_OFe=Q3aBZM:0@Dg=Q3_B[M:0@Bi=S3]BZM:1AAj=Q2WAmNT1@:1B_Ol=P2VAnNS1B81b>_1S@nNS1B81b>_1S@nNS1B80c>`1R@mNS1D70d>_1R@mNS1C80d>a1o_OlNV1C61e>`1o_OlNV1C60f>`2TA`M51h>^2SAaM50i>^2SAbM31j>]2SAbM30G@Q>n2TBcM4OG@Q>n2TBcM3OHAQ>m2TBcM3OHAQ>m2TBcM3OHAQ>m2TBcM3NGDR>k2TBbM30FDS>k2SBaM40EDU>k2RBaM30GDT>l2QB`M40GDU>k2oAbM4OHEU>j2oAbM4OHDV>k2nAbM3OJDU>k2nAbM3OIDW>j2nAcM2OIDW>j2nAbM20IEW>i2nAbM20IEW>i2nAbM11IEX>h2mAbM30HFY>h2lAbM21IEY>h2lAbM21HFZ>g2lAbM12IEZ>g2lAaM23HEZ>f2lAcM12IE[>f2kAcM12IE[>f2kAcM03JD[>f2kAcM02JF[>f2iAbM23JE[>f2iAbM23IE]>f2gAcM31JF[>h2fAaM52IF\\>g2fAaM52IF]>f2dAcM60JF]>g2bAdM60JF^>f2bAdM60JF^>e2bAfM5OLF]>e2bAfM5OLF\\>f2cAeM4ONE\\>h2`AeM6NNE\\>h2`AdM60ND\\>h2_AeM7NOE[>h2_AeM7NNE]>h2^AeM6OOD]>h2^AeM6NOF]>h2]AdM7NNG^>g2]AdM7NNG^>g2\\AeM7M0F_>h2YAeM7N1E_>h2YAeM7N1D`>j2VAeM8M3D_>k2UAdM9M3C`>l2SAeM9M4B`>k2TAeM9M4B`>l2SAeM9M4B`>l2SAeM9M4B`>k2TAfM7M5C`>i2TAhM7L5C`>i2TAhM6M5Ca>h2TAhM6L5Db>h2SAhM5L6Eb>f2SAiM6L5Eb>f2SAiM5L6Ec>f2RAiM5L6Ec>f2RAiM5L5Fd>e2QAjM5L6Ed>e2QAiM6L5Gd>d2QAiM6L5Gd>d2PAjM6L5Ff>d2n@kM7J6Ge>d2n@kM6J7Gf>d2l@lM7I6Hg>d2k@jM8J6Ig>c2k@jM7K7Hg>b2l@kM6K7Hg>b2l@kM6K6Hi>b2j@lM6K7Gj>a2i@lM7L6Gj>a2i@lM7L5Hk>`2i@lM7K6Hk>a2g@lM8L5Hl>a2f@kM9L5Gm>b2d@lM:K4Hn>a2d@lM:K4Go>a2c@mM;K2HP?`2c@mM;K2HP?`2b@nM<J2HQ?_2a@oM<J1HS?_2_@PN<J2GS?_2_@oM=K1GS?^2`@PN<K1FT?_2_@PN;L1FU?]2_@RN;K1FU?]2_@RN;K1EV?^2^@RN:L1EW?\\2`@QN9N0EW?\\2`@QN9NOFX?[2`@QN8O0DY?\\2_@QN8OOEY?]2_@oM9N0EY?^2^@nM900DY?_2]@mM:O1DX?a2]@lM:O0EY?`2]@lM:O0EY?`2]@lM9O1FY?_2^@kM801EZ?`2]@kM801EZ?`2]@kM702E[?`2\\@kM702E[?`2\\@kM613DZ?b2\\@hM813DZ?c2[@hM724CY?d2\\@gM724BZ?e2[@gM723C[?d2\\@fM535B[?d2\\@gM434C\\?c2]@fM343D]?b2]@eM354C]?c2\\@eM353D^?b2\\@eM344D^?d2[@cM264D_?c2[@cM175C^?d2\\@aM274D_?d2[@aM274D`?c2Z@bM184Da?b2Z@aM292Eb?a2Z@aM194Ea?a2Z@aM193Eb?c2Y@^M2;3Db?e2W@\\M3<4Cb?f2V@ZM5<3Db?h2U@WM6>3Cb?h2U@VM6?4Ca?i2T@SM9a01Db?h2U@QM8d01Bd?h2T@oL9f00Cc?g2U@lL<j0KDd?f2QAfM[OCe?g2o@gM[OCf?f2o@fM\\ODe?f2k@jM_O@g?f2h@kMB_Of?f2g@lMC^Of?f2g@lMB_Og?e2f@mMC]Oh?f2e@lMD^Og?f2e@lMD]Oh?f2d@nMC]Oi?e2d@mMD^Oh?f2c@lME]Oi?g2b@kMF^Og?h2b@jMH]Og?i2a@jMH]Og?i2a@iMI]Og?j2`@iMH^Oh?i2`@iMG^Oj?i2^@jMH]Ok?g2^@lMF]Om?g2]@kMG]Om?h2\\@kMG]Om?h2\\@jMG^On?h2[@jMF^OP`0h2Z@iMF@P`0g2Y@iMH_OP`0h2X@iMG@Q`0f2Y@jME@T`0e2W@jMFAS`0d2X@kMDBT`0d2W@jMEAU`0f2U@iMFAU`0g2T@hMFAX`0g2P@iMGAY`0f2P@iMFBZ`0f2o_OgMHBZ`0f2o_OhMGBZ`0f2o_OhMFB\\`0e2o_OhMFC\\`0c2o_OjMEC\\`0c2P@hMED\\`0d2o_OhMDD^`0c2o_OhMDE^`0b2n_OhMDF_`0b2m_OfMFH]`0b2m_OcMHL[`0`2o_OaMHN[`0`2m_O`MJ0Y`0`2o_O\\MI4Z`0^2o_OYMK9V`0^2P@VML;V`0_2QAaMP?^2o@cMR?]2m@bMU?]2j@dMW?Cm^O]2k1QNd?m1]@SNc?m1]@SNc?l1^@SNc?l1^@TNb?k1^@VNb?j1^@UNb?m1\\@TNc?m1\\@SNe?m1[@RNe?o1[@QNf?n1Y@SNg?m1Y@RNh?m1X@TNi?k1W@TNj?m1U@SNl?m1Q@UNo?m1m_OTNT`0m1j_OTNW`0l1g_OTN[`0k1e_OUN[`0k1d_OVN]`0i1c_OVN_`0i1a_OWN``0g1`_OZN``0f1`_OYNb`0f1^_OZNb`0f1]_O[Nd`0d1\\_O[Ne`0e1Z_O\\Nf`0d1Z_O\\Ng`0c1X_O^Nh`0b1X_O]Nj`0b1U_O_Nl`0_1U_OaNl`0^1T_OaNn`0_1P_ObNQa0]1o^OcNSa0\\1k^OdNZa0X1e^OiN\\a0V1d^OjN\\a0V1d^OjN\\a0V1d^OjN\\a0U1e^OjN\\a0V1c^OkN^a0T1b^OlN^a0T1b^OlN^a0S1b^OmN_a0S1a^OmN_a0R1a^OoN_a0Q1a^OnNaa0Q1_^OoNba0o0^^OQOda0n0\\^OROea0m0[^OROga0l0Z^OTOga0k0Y^OUOia0h0W^OXOma0d0T^O\\OTb0:n]OFTb02Q^OOoa0NR^O3Pb0KP^O6Pb0Jn]O8Sb0Gm]O8Ub0Gj]O:Wb0Ei]O:Yb0Ef]O<[b0Ce]O<]b0Da]O=ab0A^]O`0db0]O\\]Oc0jb0VOX]Oj0[d01O0N30O1001N100000O100O100O1000000O10000O01000O1O1O001O1O100O100O10001N101O1O1N2O1N2N3M3Mkl]9"}}]}