{"images": [{"id": 0, "file_name": "images/n01983481_30006.jpg", "width": 1290, "height": 730}], "annotations": [{"id": 0, "image_id": 0, "category_id": 0, "bbox": [32.0, 10.0, 1131.0, 709.0], "area": 801879.0, "iscrowd": 0, "segmentation": {"size": [730, 1290], "counts": "Vof04df03fYONke01TZO0me0OQZO3Pf0MnYO4_e0JlZO2E4_e0KaZO003M5`e0K_ZOj0^e0:N3`[OcN_c0a1j[OdNL;Ud0T2N1N5K3M5L4K3M2N4K8H4M101N2N3N4K4L2M4M2M3N1O2O0O1O101N1O2N1O1O2N1O1O100O2O1N2M4M2N1O2M2O101N100N3M2O2N1O1O1O1000001O00nIc_Og5]`0XJe_Oh5Z`0WJh_Oh5X`0YJg_Og5Y`0YJg_Og5Y`0YJg_Oh5X`0XJh_Oh5f`00YAWJlM4]=NQCh5_1PKV;ZOZCf5Y1[KX;PO_Cf5Q1fK[;dNdCf5o0iK[;bNfCg5l0iK];`NhCh5h0jK_;^NjCk5b0jKa;\\NnCn5:iKg;YNiC[68_Km;`N]C_6:UKV<U8L9F6I8J3N3L4L4M1N2N4K7H6D;M3M3M5J6K5K5J6J4L5J5L4M4J4M4L3N3M4L3M3L4M3N1N2M3O1N3N6J4L8H:F2N2M5L2N2N2O1N3M3M2O1N1N2O1OhHdJTM[5e2mJZMR5PIdJ^9<bMX5[2jJeMW5W2lJjMT5_N^JgMb0l3o4[N`JgMc0AWOc1e5e4TKfIC[1X5P5VKbIE]1U5Q5VK`II^1o4T5WK^I0X1i4[5VK\\I4X1d4_5WKXI6X1c4c5UKSI>V1\\4i5UKPIa0W1W4k5WKmHd0X1T4k5YKeH^OoMV1`3S4c1dJROe0lM_OmMV1b3R4_1hJWO`0kM@mMW1b3P4^1jJXO`0jM_OnMX1a3n3jLfJX47E=jMo0_1g3hLgJZ46E=jMR1]1c3iLjJZ44H;hMX1Z1_3jLkJ[44K8fM_1V1Z3lLmJ\\42M6fMf1Q1a3Z1dJ02gMj1P1^3Y1fJ1NiMo1m0]3X1fJ4GlMW2h0[3X1fJd2o1ULZ3W1gJd2o1VLY3;aJPMOA9n6R2RLU3?aJPMOA9o6S2PLT3?aJWM7Z6V2oKQ3`0bJWM7Z6[2jKl2`1iJg2]2gKi2b1jJg2_2fKf2c1kJh2`2cKe2e1lJg2`2dKc2j0eJWM8\\6`2bKc2b0dJnL2b08[6b2`K`2e0eJmL2b07\\6e2[ISM`1Z5Z1eJmL1c08\\6a3`J`1d1eJoL1a09\\6b3_J_1j2nJg2d3_J]1j2oJh2d3]J]1l2jJk2j3YJ[1[:eNeE[1W3gJZ2m3_J\\1W3gJZ2m3`J[1U3jJZ2l3`JZ1m2iJgK1m6k3_J[1m2iJfK2n6j3_J[1m2iJfK2n6j3`JZ1l2jJfK3n6h3`J[1l2jJfK3n6h3`JZ1m2lJcK3P7g3aJY1l2mJcK4o6g3aJW1n2oJaK3P7g3aJX1m2oJaK2R7f3aJX1l2YKc2_3aJX1k2[Kc2^3aJW1m2QK`K2m4JUMl3BV1l2PKg02hLi3DU1Y8SKSHg3Da0`NRLh9HSHe3Ea0aNeKN5i91RHe3E`0bNdKO6h92RHc3F`0iNjK_93RHc3F`0iNjKh4IA:XMc3F`0iNiKh4L@8YMc3Fa0iNgKh4N_O7[Mc3E`0iNhKh4N_O7[Mc3E`0iNhKg40_O5\\Mc3E`0gNjKi4O]O6^M`3Ea0aNcKO9o4N]O5_M`3Ea0_NSLP5H\\O5_M_3G`0]NULQ5H[O4aM_3E`0]NVLS5FZO5aM_3EU1_3WK[O6`M^3GT1^3XK[O6`M^3GU1]3WK\\O6aM]3Fe0\\NPL4@f48C7`M]3Gb0^NQL`2AoM1W17e28`M[3Ga0bNPL[29YOAd2;^M[3G>fNPLX2<YO_Oe2=]MY3G>gNQLW2<dM_OY1OR3?[MY3H<gNRLV2=cMBY1IV3b0YMX3G<hNRLV2=cMCY1FW3d0XMX3G<hNRLV2>dM_On5=iKX3G=gNRLU2?fM\\On5>iKX3G>fNQLQ2EjMj01\\On5?iKV3H?dNQLQ2GjMg04\\Ol5`0iKV3H?dNRLP2ElMh03ZOn5b0gKV3H>fNQLo1FmMg0\\6NYKV3I=gNRLV2;R40YKV3G=iNQLV2:R43WKU3H=iNQLW29Q44WKV3G<jNRLV28R44XKU3F=jNRL9GV1a0i44XKV3F;kNRL8IT1a0k43XKV3F;kNSL6IV1`0k44WKU3G<jNRL8Hc0OYOc0S63YKU3E<kNQL9Hb02XOa0U62XKV3E=kNlKf10ZNa0I@Q6a0eKU3F=S1mKgMo0h5BiKU3E=R1nKgMP1h5_OjKV3E=R1nKgMP1h5@iKU3F=R1nKgMQ1g5_OjKU3F=Q1oKhMP1g5_OkKT3F=P1PLhMP1g5_OkKT3F=o0QLiMo0g5@jKS3G<P1QLiMP1g5_OjKS3F6_NUL`24jMo0g5_OjKS3F5bNSL^27iMn0i5_OiKT3E4W1\\LaMm0j5_OiKT3E3X1]L`Ml0l5_OhKT3D4X1]L`Ml0l5_OhKU3C3Y1]L`Mk0m5@gKU3C2Z1^L_Mk0m5AfKT3D2Z1^L_Mk0m5AgKT3B2Z1_L`Mj0m5AgKT3B2Z1_L`Mj0n5@fKU3C1Y1`L`Mi0o5AeKU3C1Z1^LaMg0Q6DaKW3B0\\1]LgMN]6?nJU3B1[2ULYN5g2>SMW3B1_4]LkN:TMX3B2^4\\LlN;SMX3B1`4YLmN>RMW3A3`4TLPOb0oLW3A4`9eLoFW3A5`9cLoFX3B6]9cLQGV3B7]9bLRGW3A8\\9aLSGW3A:g1RLmLKU7a0gJW3@=e1XLnNDn2?PMX3_O?c1XLnNCo2>QMX3@?a1XLoNCo2?QMV3@`0a1YLnNCo2?QMV3@a0`1XLoNCo2>RMV3@c0^1WLoNDQ3<RMV3_Od0_1hK]O1f28QM\\3\\Od0Y9jK_Ga3XOf0Z9dKaGg3UOh0c;WO]Dm0_;SOaDn0_;QOaDo0_;QOaDP1^;PObDP1_;oNbDR1\\;nNdDR1b3YKg2e3gIR1b3YKg2f3fIQ1d3XKg2f3eIS1c3WKh2f3eIS1d3YKd2d3hIT1d3WKe2d3gIV1c3VKf2d3hIU1c3VKe2e3hIV1cNYKh4Lm2e3hI^1S;bNlDV1dNZK`<`3lDT1gN[K]<a3lDR1kNZK[<c3jDP1f3\\Ki2e3`Io0f3^K53VMa3nNn0g3^K55UM^3oNo0ZO\\Kf32a3c3`In0XO_Kf30b3c3`In0XO`Ke3Od3b3_Io0XOaKd3Nc10SLb3^Oo0XObKc9LgGc3_On0WOdKd;^3TEn0XOeKc;]3UEn0XOfKb;\\3VEn0XOiK`;X3XEo0XOjK_;W3YEP1WOjK_;W3YEo0XOjK`;V3XEQ1WOjK`;T3[ER1TOkK`;S3\\ES1SOkK`;S3\\ER1SOmK`;Q3]ES1iN\\KOa0l;o2\\EX2b:iM]EZ2a:eM_E\\2`:dM`E\\2`:dMaE\\2^:dMbE\\2_:cMaE^2^:bMbEb2Z:^MfEe2W:[MiEf2W:ZMhEh2V:XMjE]1jNZLX;Y2nE[1mNXKJm0Z;_2oE^1kNVKLn0Y;^2QF^1hNWKNm0Y;^2QF`1eNWK0l0Z;]2PFj1fNlK1lN50`:^3dFj1fNWK181\\Oc:[3eFj1fNWK2b0c:\\2eFW1fN`K2OO<1C1h0_:c2hFR1WOcKA1010M4NLh0\\:e2lFQ1[OaK_O401MN=j0k9a2QG;mNbLg0GWO3LN=n0h9\\2TG<nN`Lg0IVO3K0<n0i9[2TG;oNaL=I]O121L14NLn0W:[2RG`0jN^La0J\\O120Ma1X:f1RGQ1[OQL]O_1W:_1RGP1ZOhK\\O200OZ1^:l1mFP1[OeK_O2N2NX1_:o1kFP1NgKjNU1b:S2fFQ1NfKmN0Lj0f:_2cFQ1OeKWOOC>g:m2`FQ1OeK_O2\\:X3VFQ1OdKl:Z3UEQ11dKj:[3UEQ1Y<oNgCQ1Y<oNgCQ1Y<oNgCQ1Z<nNgCQ1Y<oNgCP1ROgKh<X3VDQ1QOiKh<V3WDc0fN^L:Ki<S3WDc0iN\\L0J04P=S3WDc0iN\\L0J04Q=R3VDe0iNYL1LO3R=S3UDe0iNYL1L02Q=T3UDe0iNYL2K01R=U3SDf0iNYLg=Q3`Cg0gNZL2I`=U3gCU1gNgKb=T3gC[1W4aK]2S3]IZ1W4dK[2R3^IU1\\4iKV2R3^IR1^4nKS2P3_Ii0g4WLj1P3_Ih0h4ZLh1m2`Ih0i4[Lg1m2`Ih0j4ZLf1n2`Ig0k4ZLf1o2_If0KXLg30Q3Q3^Ie0H`Lj;k2^Dd0FfLk;e2_Dd0FhLk;c2`Dd0DlLk;`2aDd0CmLl;_2aDc0BQMl;\\2bDc0TOaLCb0g<Z2bDe0PObLDc0h<V2dDi0kN_LJb0g<T2eDo0eN[L2NL8g<`2fD^1jNeKL<d<`2gD_1RORLV<_2hD_1RORLV<^2iDb1oNQLW<]2jDf1kNmK\\<\\2iDh1iNnK]<Z2jDi1hNnK]<X2lDk1fNmK^<X2lDi2T;VMlDj2T;UMmDk2T;SMmDn2S;oLPEP3Q;nLPER3P;nLPES3o:mLQES3P;lLPEU3o:kLQEV3o:hLREY3m:eLUE\\3k:aLWE`3h:`LXEb3g:\\LYEf3f:ZLZEg3e:YL[Eh3d:WL]Ej3b:VL^Ek3a:UL_El3b:QL_EQ4a:mK_ET4c:hK^EZ4a:dK`E]4a:ZKfEg4Y:VKjEl4U:QKmEP5S:mJoEU5P:hJRFY5o9dJRF^5o9^JRFe5l9YJUFi5l9RJVFP6Y=2M2OYKX@]2g?bM[@^2d?bM\\@_2c?_M_@b2`?\\Mb@e2]?ZMd@h2Z?XMf@k2W?TMj@n2T?PMn@R3P?lLRAU3m>kLTAU3k>jLVAX3g>iLYAY3e>eL]A]3a>aLaA`3^>`LbAb3\\>]LeAe3Y>[LhAf3V>ZLjAh3T>XLlAi3R>XLnAi3Q>VLPBj3P>VLPBk3o=TLRBm3m=RLTBn3l=QLUBP4j=PLVBP4j=PLVBP4j=PLVBP4j=oKWBQ4i=oKWBQ4i=oKWBQ4i=oKWBQ4c2^Jd7a1iEQ4b2`Jd7_1jEQ4b2`Jc7`1kEP4h=PLXBQ4g=nKZBR4f=mK[BS4e=lK\\BT4c=lK^BT4d2]JW7_1UFU4c2\\JX7_1UFU4c2\\JW7`1VFT4c2\\JW7`1UFU4a=kK_BU4a=kK_BV4`=iKaBW4_=hKcBW4]=iKcBW4\\=iKeBW4[=iKeBX4Z=hKfBX4Z=hKeBY4[=gKeBZ4Z=fKfBZ4Z=eKgB[4Y=dKiB[4W=dKjB\\4V=cKkB]4U=bKlB_4S=`KnB`4R=]JdAk0[1h4Q=]JdAk0Z1i4R=[JfAk0X1j4R=[JfAj0Y1k4Q=[JhAh0W1m4Q=[JkAd0U1Q5P=\\JkAOK;Z1Y5R=\\JjAMM<Y1Z5R=\\JhAMM<Z1\\5P=[JPB8P1^5P=[JhALM<Z1^5Q=ZJgANM9\\1_5P=\\JcAN17\\1_5P=eJbAM^1^5Q=dJaAM_1_5b=`J]Ba5c=_J]Ba5d=]J\\Bd5e=[J[Be5e=ZJ[Bg5d=ZJ[Bg5e=YJ[Bg5e=YJZBh5e=YJZBh5g=VJYBk5g=SJ[Bm5f=QJ[Bo5f=PJZBo5g=PJZBP6W?2N1O1O1N2O20O010O0001N1O2N1O2O11O1N100000O1N101JaIo_O`6Z`0L3M100O2N00O0100O0100O2N2N1O2N1O4L5K2N3M3M6g@ZIR>i7N100O1O1O1O002O0O1O010O1O1O1O1O00001O2N10O01O002N1O1N2O10O01O10O000000O1000O1O2N1O1O1O1O100O010O1O2N1O1N2O100O10000O1O1N2O1O010O1O100O010O2O00000O10000O100O1O1O1O1VOXA`Ij>_6WAaIh>Y70O100000000O10000000O010000000O10O1000O100O0O2O1O2N1O1N2O1O1O101N1N200O10000O100O10000000000aFfG^4Y7oFZIY4Je4j6WGmHHLY4c0f4c6[GlHHLU4i0f4_6^GjHINR4j0g4^6]GjHKOP4i0h4_6ZGjHONo3i0g4`6YGjH2Mn3j0d4a6[GiH3Lm3j0d4b6]GgH3Mm3i0c4c6_GdH3Nl3k0b4b6THbH[3l0a4b6THaH\\3m0`4b6UH_H\\3n0`4c6]H`Hi2m0i4d6]H`Hj2l0h4f6\\H`Hj2k0i4f6]H_Hj2k0i4f6\\H`Hk2j0h4g6^H^Hj2k0g4h6`H\\Hh2m0g4h6bHZHg2n0e4j6fLVIY3k6fLVIY3j6dGVHl4P1_3l6cGUHm4o0a3l6bGVHl4n0a3m6cGUHk4n0c3m6bGUHk4n0b3n6dGRHj4Q1b3m6dLTI\\3l6cLUI\\3m6bLTI^3l6bLTI^3m6jGQHY4R1l3n6jGRHY4P1m3^6bGkH8GY4o0n3_6aGkH8GY4o0m3`6bGkH7FZ4P1l3_6cGkH7FZ4P1l3P7jGoG\\4P1j3R7hGmGa4P1f3T7iGkGc4Q1c3T7jGjGQ1O\\2R1h4V7kGiGQ1O]2Q1g4W7lGiGo0O^2Q1g4W7lGiGo0O^2Q1g4V7mGjGn0O^2R1f4U7nGjGn0O_2Q1e4V7mGlGn0N_2P1f4W7lGkGo0N_2P1e4X7lGkGo0Na2o0c4Y7lGkGo0Mb2o0b4Z7lGkGP1Ma2n0WNPO_4Z8iIkGP1Ma2n0WNQO]4Z8kIiGQ1Na2m0VNQO^4[8kIhGP1Oa2m0`4\\7PHhGo0Oa2m0`4\\7PHhGP1Ma2o0^4]7QHfGR1M_2P1^4^7PHeGk4l0U3_7PHeGk4l0U3_7PHeGk4l0U3`7nGeGn4j0T3`7oGfGn4i0R3b7QHdGo4g0Q3e7PHdGo4g0dLWOd4]8jIeGn4g0dLWOd4]8jIeGn4g0cLXOe4\\8jIeGo4f0bLYOf1OA]8XMfGn4e0bLZO\\11SM4c2X8]MdGP5c0`L^OZ14SM5a2R8aMeGR5a0_L@e0KoM1Km0\\2b7dMdG\\1KV2f0nMAd0[17o6eMdG[1MV2c0PNBb0\\17o6fMbG\\1NU2c0PNBb0\\17o6gMaG[1OU2c0PNBc0[16P7gMaG[1OU2b0QNCb0[16P7gMaG[1OU2b0QNCb0[16P7gMaG\\1NT2c0QNC:JVNb1W2o6iMaGQ5`0`LC9e1<h6kM_GP5`0aLD8e1;i6lM^GP5>cLF5f1;h6nM^Go4<eLG4g19i6oM]Go4;fLH3g19h6PN]Go4<eLH3g19h6QN\\Gn4=eLG4h18g6RN]Gm4=eLG4h18g6Z3jGZLG4h18g6RN]Gm4=eLG3i19f6QN_Gm4:gLH2i1;e6mMbGm48jLH0j1>c6jMcGn47kLJMj1a0b6gMdGo47lLILk1c0`6fMeGm49nLGLk15TNYN\\8LcGk4=nLGLi15UN[NY8LeGj4=nLGKj15UN]NW8LdGj4?mLGKj15TN^NX8m4SHfLGIk16SN_NODQ8X5\\HfLFHl16UNZNOKn7U5^HhLCHo14k6[3eGhL@IQ24d6WNXGT5d0hL]OKS21[6XNdGY5c0cLZOKU21Z6XNdGX5c0fLXOJW2Oc6`3oGaN_1oMc6^3oGcN^1nMd6^3oGdN]1nMe6\\3oGeN]1nMf6\\3lGgN^1lMg6\\3lGgN^1lMf6\\3mGhN^1kMf6`NoFf4o0nN]1jMg6`NoFf4n0QO\\1iMl6U3hGRO]1iMl6S3hGTO[1iM_2eN\\O^4iLTO]1iM]2iNZOY4mLUO\\1iM]2kNXOW4oLTO]1iM]2oNTOS4RMUO^1iM\\2QOQOR4UMTO^1hM]2TOhNV4\\MoN_1fM^2XOaNU4bMmN_1fM]ObNS1j0<Q4eMmN_1eM]OfNR1h0:Q4gMmN`1dM]OgNQ1h0:o3hMoN`1bM^OgNQ1i09n3iMPO_1bM^OgNQ1j08l3jMQO`1bM]OgNQ1k07j3kMSO_1bM^OeNR1l06i3kMUO_1aM^OeNS1m03g3mMVO`1aM^OdNR1Q15]3lM]O`1aM]OcNT1S11Z3oM_O_1bMa2FQNS3SNE[1cMb2EPNP3TNmMiNIa2Eb2FoMn2UNnMjNHa2Ec2GmMm2TNoMlNH`2Ed2IiMk2WNnMnNG_2Fd2LgMg2XNPNoNF`2Fc2NdMf2YNPNQOE`2Fc2ObMh2XNlMUOH^2E^OhNm0X1Hh2XNkMXOH]2EYOPOP1P1Gk2YNhM[OG]2EVOVOQ1m0Dk2^MjKi0l1AH]2DUOYOXNB]2Y1Oo2XNaMCH\\2DUOZOUNCa2W1Nn2WNbMEG\\2ETOZOUNBb2Y1Ml2VNcMGG[2DUOCh0c0Kk2UNeMIEZ2EUOCh0c0Lj2SNfMKD[2ESOCi0e0Kd2VNkMIDZ2ETOBi0e0Kc2TNnMJC[2ESOBk0d0Ja2SNQNKB[2ESOBm0e0E`2UNRNKB\\2ESO@n0i0A]2VNSNMA\\2FRO_OP1l0\\OZ2XNUNO_O\\2GRO^OP1o0XOX2ZNUN0_O]2GRO]OP1P1VOX2ZNUN2_O\\2FTO\\OP1R1SOX2[NTN2@^2ETOZOo0W1POU2]NUN3@]2EVOVOP1[1lNU2^NTN4@]2FVOTOQ1]1iNn1eN[NNA]2EWOSOP1_1hNl1eN]N0_O\\2GWOSOP1^1gNl1fN\\N0A\\2FXOTOn0^1fN]NRNV3e0dN2@\\2GWOVOl0^1fN[NTNU3e0eN3@Z2GYOWOk0^1\\NVNbN4LU3d0fN3@[2FYOXOk0]1cNZNWNU3b0gN6^OZ2HYOWOm0\\1aNZNWNV3`0hN8^OY2G[OWOm0\\1_NZNWNW3`0fN;_OW2G[OXOm0Z1_N[NWNW3>gN>]OV2H\\OXOm0Z1TNXNgN3JW3;iNa0[OW2H[OXOo0Z1PNXNiN3JW39jNd0YOV2I\\OWOP1^1jMUNmN3JW38jNe0YOV2J[OoNZ1g1^MTNoN2KW37jNf0ZOV2I[OkN_1l1WMSNQO2KX34jNj0XOU2J\\OiNa1o1RMQNTO3JX33jNk0XOV2J[OiNb1R2VMQNiNX33iNk0ZOV2G]OlN`1Q2VMPNiNY33hNl0ZOV2G]OmN`1R2SMnMlNZ31hNm0[OV2F]OmNa1R2PM^1oNbNm0[OU2F_OmNb1R2iLb1RO^NP1ZOT2GAkNd1V2^Lg39aKT2EQ4S1^Ih3=aKQ2FV4S1XIg3a0_Ko1JY4S1SIc3e0`Kn1K\\4S1oHb3f0aKn1K]4S1nH`3h0aKn1K^4T1lH^3h0dKm1Ja4T1iH^3i0cKn1Ka4T1gH]3k0dKl1Kd4V1bH[3m0dKm1Le4R7^IRIn1Kg4P7ZIVIn1Lj4k6XIYIl1Om4Q1YHS3o0lKk10o4P1XHR3n0oKj10Q5o0UHR3P1oKk1OR5a6RIaIk1NV5^6oHdIk1NX5\\6nHfIj1M[5Z6kHiIj1L`5W6gHlIj1Jd5W6bHoIj1Jg5T6_HRJk1Ih5S6]HUJj1Hl5Q6YHWJj1HP6o5VHYJk1FR6o5SH\\Jj1EU6m5QH^Jk1ET6l5RH_Ji1EW6j5PHaJj1DX6i5nGdJj1CZ6f5mGfJj1C^6b5hGkJk1Bb6]5dGQKj1Af6[5`GTKk1@h6X5]GZKl1]Oi6V5[G\\Kn1]Oi6U5YG^Ko1]Oj6Q5XGbKo1\\Ol6o4UGeKP2\\Om6k4TGiKP2[Oo6i4QGlKQ2YOQ7i4mFPLQ2oN\\7P5bFQLQ2PO`7l4^FULl1VOi7a4[FZLl1UOm7[4XF`Lk1VOo7W4VFcLi1YOS8Q4UFeLh1[OU8l3TFiLh1[OW8g3RFnLg1\\O[8Q3oDTLo0`1h1[O]8k2[FkMY1ZO^8g2ZFPNX1bNQM<];o2ZFTNX1aNSM;];m2WFYNZ1[NVM=[;l2VF\\NZ1ZNWM=Z;j2VF_Nk1eNQ8i2TFbNQ2`Nm7i2SFgNS2_Nn7b2RFoNQ2_NP8\\2oEWOX1TNbM:Y;W2lE]OZ1VN]M6`;R2iEC[1VNZM6e;m1fEH[1VNYM5g;i1gELZ1VNXM4j;d1gE3W1UNYM3k;_1hE9U1UNYM2P<X1dEa0o0nMnL7`01R<S1cEg0m0QNmL3`03U<m0cEl0l0QNlL4=3\\<a0fEW1f0PNmL478d<NlEe1>PNlL53;n?`1[CVNeL:o?a1^CSNcL=n?a1`CoMeL>k?c1oCYNS<g1WDnMi;R2`40l^OmMa=R2`BTNY=l1gBWNbLG^`0R2oB`No<`1jBhNU=X1kBiNS=Y1mBgNR=Y1oBgNP=Y1QCgNn<Y1SCgNl<Y1TChNj<X1WChNi<Y1TCjNj<W1VCjNh<V1YCjNf<W1ZCiNf<W1[ChNe<X1\\CgNd<Y1\\CgNe<Y1[CfNe<Z1\\CdNd<]1]CaNd<_1]C[Nh<e1XC[Nf<g1[CXNe<h1\\CXNb<j1^CVNa<i1`CXN^<i1bCXN]<h1bCZN\\<g1eCYNY<h1gCYNV<i1kCWNQ<l1oCUNm;n1QDUNm;l1SDUNj;m1UDUNi;l1WDTNf;o1ZD\\M_L:T?\\2^DYM_L:Q?_2`DWM`L:n>`2cDWM^L7P?b2cDjM];U2dD]M_LIm>h2fD`M`LEi>j2hDbM`LCg>j2kDcMb;\\2_DeM`;Z2bDfM];Y2dDhM[;X2fDiMY;U2iDkMV;U2kDlMS;T2mDmMR;R2PEoMm:Q2UEoMi:R2XEnMf:S2[EkMe:U2]EjMb:W2`EgM`:Y2aEgM]:Z2dEeM\\:Z2fEfMW:[2kEdMU:[2_E[MPL9`>]2`EcMjKNd>`2cEbMjKLb>c2dEcMhKJb>e2gElMX:U2gEkMZ:T2hEkMV:W2jEiMT:X2nEiMn9X2TFhMh9[2YFfMa9]2`FdM\\9_2eF`MX9c2iF[MU9g2mFVMQ9m2QGQMZ5[O`Ig3X1lLX5MnHY3l1iLU5a0gGY3X3ULQ5Q1TGl2n3SLm4c6TK]Im4b6RK`Im4_6kJkIU5T6kJlIW5Q6jJPJV5m5lJTJT5i5nJWJS5f5PKZJo4b5UK_Jj4W5aKiJ]4Q5jKPKP4R5TLnJi3Q5ZLoJd3R5^LlJa3U5aLiJ_3V5dLhJ^3U5dLkJ]3R5eLmJ]3R5dLlJ^3Q5dLoJ]3e4nL[KS3a4oLaKR3\\4kLhKW3T4iLnKZ3k3kLULW3e3lL\\LU3_3oL`LT3Z3oLgLS3n2VMRMk2h2YMYMi2a2ZM`Mh2\\2ZMdMi2W2XMiMm2R2TMnMQ3k1PMVNS3e1oLZNT3c1kL_NZ3Z1gLeNb3l0fLROc36nL_O`3OoLOU3MmL2`3@bL`0l<000O100O1O2N2N2N2N10O1O01N1000UO]ZOa0de0]O^ZOa0oe0ImYODVf089N1N101O0O2O000103L0002MfSj2"}}]}