{"images": [{"id": 0, "file_name": "images/n01981276_1306.jpg", "width": 1290, "height": 730}], "annotations": [{"id": 0, "image_id": 0, "category_id": 0, "bbox": [243.0, 317.0, 733.0, 407.0], "area": 298331.0, "iscrowd": 0, "segmentation": {"size": [730, 1290], "counts": "Wh]5;]f03N2N1O2N2N2O1N3N1N2N2O1N2O1N2N2M4N1O2M5L1N2O0O2N2O1NbNU[OP1jd0oNY[OP1ed0PO^[OP1`d0oNc[OP1\\d0oNf[OQ1Xd0oNi[OQ1Wd0mNl[OS1Rd0mNQ\\OQ1oc0nNS\\OR1kc0nNW\\OR1gc0oNY\\OR1ec0nN]\\OR1bc0nN_\\OR1_c0nNb\\OT1\\c0lNe\\OT1Zc0lNf\\OU1Yc0jNi\\OW1Tc0iNn\\OW1Qc0iNP]OX1nb0gNS]OZ1lb0eNV]OZ1ib0fNY]OZ1fb0fN[]OZ1cb0fN_]OZ1`b0fNa]OY1_b0gNa]OZ1^b0eNd]OZ1[b0fNg]OY1Yb0fNi]OZ1Vb0eNk]O\\1Tb0cNn]O\\1ic01O0O010000O0100O100O2O001N100O10000000000000001N1O1N2N2O1N1O2N2N2O1O1N2O001O0O2O1O1N2O1N2O0O101O1O1N10001O0O1000000O101O`MW\\Oo1ic0PNZ\\On1fc0PN]\\Oo1bc0QN`\\On1`c0RN`\\Oo1_c0PNb\\OP2^c0PNc\\Oo1\\c0RNd\\On1\\c0QNe\\Oo1[c0QNf\\On1Zc0RNf\\On1Zc0QNh\\On1Xc0RNh\\On1Wc0RNj\\On1Vc0QNl\\On1Tc0QNm\\Oo1Tc0PNm\\Oo1Sc0PNn\\OP2Rc0PNn\\Oo1Sc0PNo\\Oo1nc001O1O001O001O0000001N1000001N10O1000000O0O2O0O2O1O00100O1O100N2O2N1O1O1O2N1O2N1O2N1O1N2N3M2O2M2O2N1O2N1O2M3O0O2N2N1O2N1O1O2N1N2O1N2N2N3N1O[NX]OZOgb0f0[]OYOdb0f0_]OZO_b0e0d]OZOZb0g0h]OXOWb0h0k]OXOSb0h0o]OWOoa0k0Q^OUOma0l0U^OSOja0m0X^OROfa0n0\\^OSOaa0m0b^ORO]a0n0e^OQOZa0n0i^OQOUa0P1l^OPOSa0Q1n^OnNQa0R1P_OnNo`0R1S_OmNm`0R1T_OnNk`0R1W_OmNh`0S1Y_OmNf`0S1[_OmNd`0R1^_OmNb`0S1^_OnNa`0R1`_OnN_`0R1a_OoN^`0P1c_OPO]`0P1c_OQO\\`0o0d_ORO\\`0l0d_OVO[`0j0e_OWOZ`0i0f_OXOY`0h0g_OYOX`0f0j_OZOU`0f0k_OZOU`0e0l_O\\OS`0d0m_O]OR`0c0n_O^OQ`0b0n_O@Q`0`0o_OAP`0?o_OCQ`0;P@Fo?9R@Hm?6T@Lk?4U@Mk?1U@1j?OV@2j?LW@5h?KW@7i?GW@;h?DX@>h?@W@c0i?[OV@h0j?UOX@l0g?SOY@o0g?oNZ@Q1f?oNY@S1g?lNY@U1g?iNY@Y1f?gNY@Z1h?dNY@]1g?aNY@a1f?_NZ@a1g?]NX@d1i?[NW@g1h?XNX@i1h?WNX@i1h?WNW@k1h?UNW@l1i?TNU@n1j?TNR@P2m?PNQ@R2o?oMn_OS2R`0nMm_OQ2T`0PNj_Om1[`0RNc_On1f?kLT@X12P2j?kLR@U11Q2n?nLm_OR12R2Q`0QMi_Om05Q2S`0YMa_Og09R2V`0iNj_OW1W`0jNg_OV1Y`0kNf_OU1Z`0lNe_OS1]`0mNb_OS1^`0nNa_OR1``0nN__OR1a`0PO]_OP1d`0ROX_Oo0h`0a21O000O001O100O1O1O1O1O10O00O2O1N3O0O2O0O1O2O0N201N1O1O100O0O2N2O1O2L4K4O2M3N1O2N2O1N1O2O001O1O0001O0010O10O01000000001O001O2N2N2N3L4M6T^OYKYa0U5N3N1O1O1N2O1O1O1N2O0O2N2O1N2O1N2N2O1O1O1O001O1O1O1O1O1O1N2O1O1O1O1N2O1O001N2O1O1N101O1N2O1N3N1OeMa@\\M]?b2h@]MW?a2l@_MS?`2o@`MQ?^2PAcMo>\\2SAdMl>[2UAfMj>Z2WAfMg>[2ZAeMe>\\2ZAdMf>\\2[AdMd>\\2]AdMb>]2^AbM[2lMS9c4bDaMY2nMT9b4cD`MW2PNU9`4eD_MT2SNW9_4eD^MR2TNY9_4eD]Mo1VN\\9_4dD[Mn1WN]9_4gDYMj1YN_9_4gDXMh1ZNa9_4gDWMf1[Nc9^4hDWMc1\\Ne9]4hDXMa1\\Nh9[4hDYM^1]Nj9Z4iDYMZ1_Nm9X4jDYMW1`No9X4jDXMU1aNQ:W4kDXMQ1cNT:U4kDYMo0dNU:T4lDXMm0eNW:S4mDXMj0fNY:S4mDWMi0fNZ:S4nDVMg0hNZ:T4oDTMe0iN\\:S4PETMb0jN^:S4QERM?lN`:R4SERM:mNc:R4SEQM8nNd:R4VEPM3oNg:R4VEoL1POi:Q4WEPMMPOm:P4WEPMIQOP;o3XEQMEQOT;m3XESMBPOV;n3WETM@oNZ;l3WEUM]OPO\\;k3XEVMYOPO`;i3XEXMUOPOc;h3YEYMPOQOg;f3ZEZMlNPOk;f3ZE\\MfNPOP<d3\\EnNd:S1\\ElNd:T1^EjNc:U1^EjNb:V1_EiNa:X1`EfN`:[1`EdN`:]1`EbN`:_1_EaNa:a1^E^Nb:c1^E\\Nc:c1^E\\Nc:d1]E[Nc:g1\\EWNf:j1ZETNf:n1ZEPNf:S2XEkMi:W2WEgMi:[2WEbMj:`2VE^Mj:d2UEZMl:g2TEWMm:k2RESMo:m2REQMo:P3QEoLo:R3QEkLQ;V3oDhLR;Y3nDdLT;]3mD^LV;b3mDYLU;h3kDULW;k3kDRLV;o3jDnKX;R4iDkKX;W4hDfKZ;Z4fDeK[;[4fDcK[;^4fD^K[;c4gDXK\\;h4eDSK^;n4dDlJ`;T5eDcJ_;]5eDYJa;h5h20000000000000O10000000lJc_OZO1m3\\`0iLc_OUO7Q4V`0XMj_Oh2V`0WMk_Oh2V`0XMj_Oh2V`0WMk_Oi2U`0WMk_Oi2U`0WMk_Oh2U`0YMk_Og2U`0YMk_Og2U`0XMl_Oh2T`0XMl_Og2U`0YMk_Og2U`0YMj_Og2W`0XMj_Oh2V`0XMj_Og2W`0YMi_Og2W`0YMi_Of2X`0ZMh_Oe2Y`0[Mg_Oe2Y`0[Mg_Od2Y`0]Mg_Oa2[`0_Me_O_2]`0aMc_O\\2``0dM__O[2c`0eM]_OZ2d`0fM\\_OY2e`0gM[_OX2f`0gM[_OY2e`0gM[_OOHd0n`0]OZ_ONJc0m`0_OY_OMK\\O13m`0d0W_OLK]O>Cd`0T1R_OKN^Oe0WO^`0`1o^OJO_OQb0h0P^OF1Coa0g0P^OE2Dna0g0P^OD3Ema0g0P^OC4Fla0g0P^OB4Hla0e0Q^OC3Hla0e0Q^OC2Ima0d0Q^OC1Ioa0d0P^OC0Joa0e0P^OEMFSb0e0P^OHJCVb0d0Q^OJGCXb0c0Q^OJGBYb0d0P^OJFCZb0c0P^Ol0Pb0TOP^Ok0Qb0UOo]Ok0Qb0UOo]Ok0Qb0UOo]Oj0Qb0WOo]Oi0Qb0WOP^Oh0Pb0XOP^Og0Qb0YOo]Og0Qb0XOP^Oh0Pb0XOP^Oh0Pb0XOP^Oh0oa0YOQ^Of0Pb0ZOo]Og0Qb0YOo]Og0Qb0YOo]Og0Qb0YOo]Og0Pb0ZOP^Oe0Qb0[Oo]Oe0Qb0[Oo]Oe0Qb0[Oo]Od0Rb0\\On]Od0Rb0\\On]Od0Rb0\\On]Oc0Sb0]Om]Oc0Sb0]Om]Ob0Tb0_Ok]Oa0Tb0@l]O?Ub0@l]O`0Tb0@l]O?Ub0Ak]O?Ub0Ak]O>Ub0Ck]O=Ub0Bl]O=Ub0Ck]O<Ub0Ek]O:Ub0Fl]O:Tb0Fl]O9Ub0Gk]O9]a0\\N_^O\\14QOE9ha0]O]^OY16POH7da0D\\^OU18oNK5ba0HY^OU1:nNM1`a0OX^OR1;nNOL\\a0V2e^OnM0IYa0\\2h^OkM1FRa0e2m^OeM2CRa0i2l^OdM4]OTa0o2h^OdMPb0\\2P^OdMPb0\\2P^OdMPb0\\2P^OdMoa0]2Q^OcMna0^2R^ObMma0_2S^OaMka0a2U^O`Mha0b2X^O^Mha0b2X^O^Mia0a2W^O_Mia0a2W^O_Mja0`2V^OaMia0_2X^O`Mha0`2X^O`Mha0`2X^O`Mha0`2X^O`Mha0_2Y^OaMga0_2Y^ObMfa0^2Z^ObMfa0^2Z^ObMga0]2Y^OcMha0\\2X^OdMha0\\2W^OeMja0Z2V^OfMka0Y2U^OgMla0Y2S^OgMna0X2R^OhMoa0W2Q^OiMoa0X2o]OiMRb0V2n]OjMSb0U2m]OkMTb0l0b]O^O9FUb0l0c]O^O7FWb0j0c]OB4DZb0i0b]OC4D[b0h0`]OG2B_b0f0_]OJ0Aab0c0_]OOM_Oeb0a0^]OP1bb0oN_]OQ1bb0lN`]OT1ab0jN`]OV1ab0iN_]OW1ab0iN_]OW1bb0iN]]OW1db0jNZ]OW1fb0jNX]OV1ib0]11O001O1O1O2N1O2^Nm\\OYOTc0f0m\\OZOSc0d0o\\O[OQc0e0P]OZOPc0f0Q]OYOPc0e0R]OZOnb0f0S]OYOnb0e0S]O[Onb0d0R]O\\Onb0d0S]O[Onb0c0S]O]Oob0a0R]O^Oob0a0Q]O_OQc0?o\\OASc0=m\\OCTc0<m\\OCUc0:l\\OFUc09k\\OGUc09l\\OFUc09k\\OGVc08j\\OHWc07j\\OHWc07i\\OIXc06h\\OJXc05j\\OKVc04j\\OLVc04j\\OLWc04h\\OLXc03i\\OMXc02h\\OOXc00i\\OOXc00h\\O0Xc00i\\O0Wc0Oi\\O1Wc0Nj\\O2Wc0Mj\\O2Wc0Mi\\O3Xc0Ki\\O6Wc0Ij\\O6Wc0Hj\\O8Xc0Dj\\O<Xc0Ai\\O>Yc0_Oi\\Oa0Xc0]Oj\\Ob0Wc0[Ok\\Oe0Wc0XOk\\Of0Xc0WOi\\Oh0fd0N3M2N2N2O1N1O2O1N3N1O2M4Ll\\o6"}}, {"id": 1, "image_id": 0, "category_id": 0, "bbox": [676.0, 214.0, 337.0, 146.0], "area": 49202.0, "iscrowd": 0, "segmentation": {"size": [730, 1290], "counts": "\\WR?1hf01O2N101O000O2O00001O0000001O00001O010O00001O01O0001O000010O00000001O0000001O00010O001O00001O0VOFT[O:kd0IS[O8kd0KS[O5ld0MS[O3ld00R[O0nd02P[OOod03P[OLPe05oZOKQe06nZOJQe08nZOHRe08nZOIQe08nZOHRe09mZOGSe0=iZOCWe0P101O000000001O0001O0000000000000bNjZOY1Ve0fNjZOZ1Ve0dNlZO\\1Ye000ZOeZOMZe04fZOLYe05hZOKWe04jZOLVe04jZOLUe05kZOKUe04lZOLSe05mZOKSe05mZOKRe05oZOKPe06P[OJod06S[OIld07U[OIkd07U[OIkd06W[OIhd08X[OHhd07Y[OIfd08Z[OHed08\\[OHcd08^[OGbd09_[OG`d09a[OG^d09b[OH]d09b[OH]d08c[OI]d06b[OL]d05b[OK^d05c[OK]d05b[OL]d04c[OM\\d03e[OL[d05d[OL[d04f[OLYd03h[ONWd02i[ONWd03h[ONWd02j[ONUd03j[ONUd03j[OMVd04i[OMVd04i[OLTd08k[OISd09k[OHTd0;i[OGic0h0T\\OYOkc0k101O001OfNX\\OCic0<Y\\OBgc0?X\\OBhc0?V\\OChc0i1N4L3N0O2O1N2N6K1N010000O1ROm\\OUNRc0l1n\\OSNSc0l1n\\OTNRc0j1P]OVNob0i1S]OVNnb0j1R]OVNnb0i1R]OXNnb0f1S]OZNmb0e1T]O\\Nlb0c1T]O^Nlb0a1T]O`Nkb0a1T]O_Nlb0a1S]O`Nmb0`1S]OaNlb0^1U]OcNkb0\\1U]OdNkb0]1T]OdNkb0]1S]OdNnb0]1n\\OfNRc0`20010OO2N2O001O1N2N2O001O1N1N3N10100O1N2O1O1O0O2O001O1O1N2O1O1N110O001O1O100O1N2O100O10000O2O0001O000010O01O1O1O1O100O0010O01O1O1O2a\\OdM]b0\\2_]OhM`b0Z2\\]OjMbb0W2[]OlMdb0U2X]OoMhb0R3O001O1O1O100O1O1OiMZ]O;eb0D]]O<bb0D^]O<cb0C^]O=ab0Ca]O<^b0Eb]O<\\b0De]O=Yb0Ci]O=Ub0Cl]O<Tb0Dm]O;Tb0Dm]O;Sb0Em]O;Sb0En]O:Rb0Fo]O8Rb0HQ^O4Qb0KS^O0na00T^OmNXOF18eb0V1U^ObN_OIO7ab0]1V_O^Nl`0b1V20001O00001O1O1O3M2N1N2O1O001O00001N101O1N2O0O101O001O001O1O001O1XOWZO>Tf0N1O000010O00001O01O0100O3N2N2M2W[O]OXc0c0d\\O@\\c0b0`\\O_Obc0a0Z\\OBfc0?T\\OFlc0<a[O4ad0Q12M3M3M3M3M3L5L3N2M3M4M3L3N3L3L5JTVU6"}}]}