{"images": [{"id": 0, "file_name": "images/n01978455_2584.jpg", "width": 1290, "height": 730}], "annotations": [{"id": 0, "image_id": 0, "category_id": 0, "bbox": [315.0, 9.0, 651.0, 709.0], "area": 461559.0, "iscrowd": 0, "segmentation": {"size": [730, 1290], "counts": "\\iP72]f0n0[Na1]N]1Q]OSL\\b0^4H6J:E7J6I4L4M4J6J4L5L4N2M3M2N3N0O2O0O2O1N2N2N3L3L4N2M4K5M4L4M3L4M4L3M4L3L3N2N4L3L3N3L3N2N2M2O1O2N2O1N2N1O101N101N1O1O1O1O1O100O100O100O010O001O1O2N1N2I7M3M3N1N3N1[OdEiD`:U;d0M2N3N2O1N2O1O1O0O2O1O1O1O1N110O1O1O1N2L4J6M2L5K5L4M4L3N2N3M2O1N2N2N2N2N101N2M3O1N2N1O2O1O1N2O1N3M2O1N2O0O2O1O1N2O0O2O1O0O2O1O1N101O1O1O001N2O1O1O1N2O1N2O1aI`@a5b?[Jc@N5C`0n3i>^Lg@MX1b3S>_LjB_3X=_LkB_3V=_LlB_3U=aLnB\\3S=bLoB\\3S=cLmB]3T=bLmB]3T=bLlB^3U=aLkB^3V=bLjB^3W=aLjB^3V=bLjB^3V=cLjB\\3V=dLkB[3V=dLjB\\3V=dLkBZ3V=fLjBZ3V=gLjBX3V=hLjBX3X=fLhBZ3Z=cLhB\\3[`00001O0O101OUMeLWB[3h=fLXBZ3g=hLYBW3g=iLYBW3f=kLYBU3g=lLYBS3g=nLXBR3h=oLi_OJR2W3V>mLg_O1P2R3Z>jLi_O5k1Q3k>RMRAn2n>VMo@i2Q?ZMl@f2T?[Mk@e2V?aMc@_2^?bM`@^2b?bM\\@^2e?bMZ@^2g?lLk^O>^1f2R`0WMm_Oi2U`0WMi_Oi2Y`0WMe_Oi2\\`0WMc_Oi2_`0UMa_Oj2b`0mLe_OS3Qb00O100N2eMjLo@Y3P?hLo@Y3Q?hLn@X3R?hLn@X3T?eLn@Z3Za0O3M1O1O001O002N1O001OnLTMWBk2_=bM_B]2^=iMaBU2]=TN_Bi1`=ZN`Bd1_=_NaB`1\\=cNeB[1Y=hNgBW1`=aMR@g0Z2g1W>oMY_OA_2`2n>cMPA\\2P?hMm@W2Q=bMaB8>T2`6fMWM5lK1=T2`6eMWMLWL:2U2b6bMVMNYL90V2W?jMj@T2W?kMj@T2W?kMj@T2X?jMh@V2Z?iMf@V2[?lMd@R2^?oM`@P2R7lM^K1\\N3TOP2Q7lM^K3\\N2TOo1S7kMZK7`NOSOo1R7kMWK;dNMSOk1S7kMPKd0jNGSOj1`;`N_EGPOj1];_NjEDgNn1\\;\\NTFE_No1h:jNPGWOYNm1Y7mMgIn0j0YOVNl1X7nMdIo0o0WOVNk1X7mMbIR1R1WOSNj1\\:cNPHEbMg1]:bNVHG\\Mf1]:aN[HJWMe1]:_N`HOoLa1a:^NcH4iL]1d:VNmH?]L[1\\:TNmCN^5k0RLQ1\\:`NhIa0jKn0W8SNUHc0l3=gKm0X8UNnGd0U4;eKk0X8YNiG`0^4<`Kk0Y8YNhG`0a4<^Kj0Y8[NfG`0d4;]Ki0[8ZNaGd0k47YKk0\\8WNZGm0S51WKj0_9UObK0nJk0a8\\N^FP1W6IjJk0`8]N^Fm0[6JhJk0_8_N\\Fk0`6KeJj0_8`N\\Fj0a6MdJh0_8aN\\Fh0c60bJf0_8bN\\Ff0f62_Je0_8cN\\Fe0g64^Jc0`8cNZFf0j64\\Jc08]N^65THf0k66ZJb09]Na62PHh0n69WJ`09^Nc6OnGj0Q78VJ`08_Nd6R1nN1UJ=9`Ne6P1oN3SJ<9aNe6P1oN5RJ:9aNf6n0QO8PJ89cNf6l0QO:PJ68eNg6j0SO;nI68dNg6k0SO;oI57eNh6i0SO=nI57eNh6i0TO=lI59dNg6h0VO?kI4i8ZO^Mc0hI4i8WObMd0eI5<cNc6b0]Og0dI4:dNf6>_Oj0`I4;dNg6<_Om0_I2:fNi69@o0]I1:hNl64]OT1\\I1:gNn62^OV1YI1;gNo61^OX1WIO<hNo61^OZ1UIM>hNo60@]1QIK?hNR7N_O`1nHJb0gNZ?`1R@Id0gNZ?b1P@Gg0eN[?d1m_OGka09U^OHka09S^OGma0<P^ODQb0>k]ODTb0`0g]OBYb0`0d]O@[1`NX?R2X_O@bb0\\21O00100O001O010O001O01O0]KULWFk3h9bLmE^3R:fL[DDeNg3P=lLhAC2Ic13Bf3P=aM\\CjNEd3o<cM[CjNEc3W9TLYI_1kMjNFb3U9VL[I]1jMkNFc3T9UL\\I]1jMlNEb3U9VL[I\\1jMmNG`3T9WL[I[1kMnNF`3T9WL\\IZ1jMoNF`3T9WL\\IZ1jMPOF^3T9WL]I[1iMPOF_3S9VL_IY1iMROE_3S9VL`IX1hMSOF^3S9VL_IY1hMSOF_3R9UL`IY1gMTOG_3Q9TLaIY1gMTOH^3c0VL]6OaKY1gMUOG]3c0WL^6NaKX1hMVOF^3b0VL_6NaKX1hMVOF^3c0UL[:W1\\EVOG^3k<[M^CXOG^3j<YM`CZOFc3c<SMgCZOFf3`<PMiC[OHe3^<oLkC\\OGf3]<nLlC\\OGf3]<nLkC]OHe3]<nLkC^OGd3^<mLlC_OGc3]<nLlC_OGb3^<oLjC@H`3_<oLjCAG`3`<nLiCCG]3a<oLiCDF^3`<nLiCEG]3`<nLiCEG^3e0mKf9Q1nEDG_3d0nKe9o0PFDG`3b0nKg9n0PFDH_3b0nKe9P1PFEH^3[<kLnCGG^3[<kLnCGG^3b8jKjIP1mMIH]3`8jKkIP1mMIH]3`8jKkIo0nMKF]3`8iKlIo0nMKG]3W<hLRDKG^3V<gLSDKG^3e9hK^Go0UOMG]3e9gK_Gn0VONF^3d9fK`Gn0VONGa3W8dKSJl0PNOFa3W8eKRJk0PN0G`3W8gKPJh0SN2F_3U8iKPJg0UN1F`3T8iKPJe0WN2Ea33bK^66cKe0WN2Ea33bK]68bKd0XN3E`33aK^69aKb0ZN4Da32`K_69aKb0ZN4Db3P8iKQJ`0[N6Ea3o7hKQJa0[N7Db3n7fKSJ`0[N9E`3m7hKRJ>]N:Da3m7fKRJ?\\N;Ea3l7eKSJ?\\N<Da3l7dKSJ`0\\N<F`3j7dKTJ?]N=E`3j7eKSJ>]N?E_3j7dKTJ>]N?E`3h7cKWJ>[N`0Fc3d7_K[J>[N`0Fd3c7]K^J=ZNc0Dd3b7]K`J<YNd0Fc3`7]KaJ<YNd0Fd3^7\\KdJ<XNd0Fe3]7[KdJ=XNd0Ge3\\7YKfJ>WNd0Gf3[7XKgJ>WNd0Gi3X7TKkJ?UNe0Ii3T7SKnJ?VNe0Hj3S7QKPK`0TNf0Ij3R7PKQK`0SNg0Jj3jNiJl76^K`0RNg0Kj3gNkJm73`Ka0PNh0Lj3dNlJP80aKb0oMh0LS4d6cJaKa0PNi0KS4d6cJ`Kb0PNi0LR4e6aJ`Kd0oMi0LS4\\:TKgEj0MS4[:RKiEk0MS4Y:RKiEl0NS4X:QKjEl0NT4W:oJlEm0MU4NYJi8e0[Gn0NU4MYJh8e0]Gn0MV4LZJg8b0_Go0NW4JZJg8?bGP1MY4H[Je8=fGo0M]4DYJg8;gGP1N`4_OWJk88hGR1Nf4WOSJQ94kGS1Ni4QOSJT91lGU1Nk4mNRJX9LnGW1Mo4fNSJR5XOPO?[MW1MR6e3WHUO`0XMX1NR6P8fHRHX1OR6m7fHUHX1NT6k7dHWHY1MT6k7cHXHY1MV6i7`H[HZ1LW6i7^H[H[1LY6g7\\H]H[1LZ6f7ZH^H]1MY6d7ZH_H]1M[6b7WHbH^1L]6`7UHdH^1L_6^7SHeH`1L_6\\7RHhH_1La6Z7oGkH`1La6X7oGkHa1Mb6V7mGmHa1Md6T7jGPIb1Mf6Q2[G\\1=fLb1Mh6n1ZG_1;gLd1Kh6n1YG_1<gLd1Lh6l6dGXId1Lj6j6aG[Ie1Kk6i6`G\\Ie1Lk6g6`G\\If1M`4cNdKS8UN^Ig1L^4eNgKP8TN_Ig1L^4dNjKn7QNcIh1J\\4fNlKl7PNcIi1K[4fNoKU2gMS36WLi1K[4fNSLh1PN\\3I[Li1KZ4gNXLa1mMb3H[Lj1KY4gN\\LQ1UNR4\\O[Lj1KV4fNiLa0UNd4ROZLk1JU4fNkNU5VK[Lj1JT4hNfIMP5V5\\K[Lj1JT4nN^NS5dKULk1KR4mNTNJbK\\5>RLj1KR4nNVMY6mLnJl1KP4oNSMd1iL_29SMk1KP4oNQMd1nL]27UMj1KP4POmLg1QMY27VMl1Io3ROjLi1SMV28UMm1Jn3TOfLj1UMT2:TMm1Jn3UObLm1XMo1<UMl1Jn3VOiKDYNo64]Jm1Il3YOgKHUNl6;YJn1Kj3YOfKW7aNfIo1Jj3[O]K[O]Nj7>fIn1Ji3^O[KY7mN_IP2Jh3@YKW7oN_IP2Jh3@YKW7oN^IQ2Kf3AZKV7nN_IR2Jf3AZKU7oN`IR2Ie3CYKT7PO_IS2Jd3FUKR7SO_IT2Id3HiJQOSOQ8;^IU2Hd3J^Ja7HmHW2Hc3NYJ^7MlHW2Hc32TJZ73lHV2Hc35PJX76lHW2Gc36oIW77kHX2Hb37mIW79jHY2Ga3:kIT7;lHY2Fa3U9VJUGY2Fa3T9WJUGY2Ga3S9VJVGY2Gb3R9TJXGZ2Fb3R9TJWG[2Ga3R9TJWG[2Ga3Q9UJXGZ2Ga3Q9TJYG[2Fb3o8TJZG[2Ga3o8TJZG\\2F`3o8UJ[G[2F`3n8VJ\\GZ2F`3n8UJ\\G\\2F_3n8TJ]G]2F^3a5VJQLNhN_2F^3W5`JXLDkN^2F^3W5`JXLCkN`2F^3V5_JYLCkN`2F`3T5]J[LBkNb2F`3T5[J[LCjNd2E`3V5XJZLEkNc2E`3f4cI`Jc0Z2FkNe2E`3e4dI`Ja0Y2GmNd2Eb3b4eIaJ>[2FmNf2Ea3b4fI`J=I\\O\\2;TOe2Ea3b4fI`J=G_O\\29UOe2Fa3a4eIbJ<F@\\29UOf2Ea3a4dIcJ<G_OZ2;VOe2Eb3`4cIdJ<X2JnNf2Fb3`4aIdJ=W2KoNe2Fb3`4aIeJ2DNc28mNg2Fa3b4]IfJ3C0a29nNf2Fb3V5^IfI0^23bMJ_1T3Eb3W5ZIfI4:Ka14LR3[Ob3`5]I[I:k1D0T3ZOa3`5QJ^I@W1J`0T3\\Ob3^5PJ]ICX1Fb0U3[Oc3^5oI\\IBY1Ha0U3\\Od3]5lI`I]OY1M>X3[Oc3^5jISK[O6X3YOd3^5hIQK]O8X3YOe3]5eIQK_O9W3YOf3]5dIPK^O:Y3YOg3[5bIQK_O:Y3YOh3i4oH^J4F4Y1Ja0W3YOi3g4oH`J2ILK2Y12b0W3ZOi3f4nHaJ20Mm03b0W3ZOj3e4mHcJ01Mk06a0W3[Ok3c4lHdJNa15LV3\\Om3a4jHfJN`16KW3^Ol3`4iHiJK^1:HY3@j3b4fHgL:SOY3Di3S7oHlG@V1j3Kh3Q7VIQIS3Nh3m6XITIQ3Ni3l6XISIQ31h3j6YIRIQ34g3h6YIRIR35h3f6XIfHPOJR4i0h3e6]I`HY3k0[3b6`I_HW3n0[3a6WN_Ij1_6WNaIj1]6WNcIj1\\6UNdIm1n4lG\\KX6Fm1l4mGoJN@Y6e0m1k4lGoJOAX6e0o1f5jGdIW6g0P2c5jGdIX6h0P2]5oGiIR6j0Q2c5dGcI\\6j0T2g5lMYJX2a5iMaJY2\\5gMdJ[2[5eMeJ\\2Y5dMgJ_2W5`MjJb2R5_MnJd2n4^MQKd2l4]MTKf2i4[MVKi2f4WMZKn2a4SM^KP3_4PMaKS3\\4nLdKS3Z4nLeKU3X4kLhKX3T4jLlKY3P4hLoK^3j3dLUL`3g3`LYLe3a3\\L^Ll3Z3ULeLP4U3RLkLQ4R3oKnLT4o2lKQMX4j2iKWM[4c2fK]M^4]2eKbM_4Y2bKgMc4R2_KnMg4i1]KVNi4a1ZK_Nl4X1XKgNo4l0XKTOo4c0RK]OV54RKKn=01O001O001O000O10100O0100O0100O1O1O001O2M2M4N2M3M\\\\V7"}}]}