{"images": [{"id": 0, "file_name": "images/n01985128_31649.jpg", "width": 1290, "height": 730}], "annotations": [{"id": 0, "image_id": 0, "category_id": 0, "bbox": [500.0, 294.0, 260.0, 362.0], "area": 94120.0, "iscrowd": 0, "segmentation": {"size": [730, 1290], "counts": "lQU;1gf06J3M2O2N1N3N1O1O1O1O101N2N1O2O001N101N100010O1O1VOZZO>ge0_O]ZO?Pf0O0000HAUZO?je0BVZO=le0BTZO=Vf0O0GhYOOcf0O1N10``01enN0j:1TE1k:OVE0k:OSn20jWM5K4L4N2N1O1O1N3N1O2O0h[OWO^b0k0a]OVO]b0l0b]OTO^b0l0a]OUO^b0m0a]OSO<NR`0o0RFSO_5n0^JZO[5h0bJ@X5a0fJKo46oJ9b4I]K9a4HQEkNn4_1P6FQEmNn4_1o5EREmNn4_1n5FSEiNP5c1l5F^K:b4JYK7g4KVK7i4KTK6l4LQK5o4MnJ4R5MfJ9Z5I`J<`5EhD[NFKl32iKV2m;CfDQO^3j1m7VObDWOU3i1Z8QO^DJb1]NXNV3j;fNXD0>PNJ=\\OS3U<bNTD6:iMNS4f;oMPD9:bMNY4i;kMnC?h0g1[;iMlCd0c0g1b;cMhCk0=WM_O^4\\<cKfCe10W1=e1n;^KhCj46L]<X52N4PGZCc7h<XH[Ch7e<bGQC=:S8n<iGPCZ8X=\\GhBf8f=1N1G9L4O1O100N2N2N2N3N1M3N2N2O1O1O1O1N2O1N3N1N1O200O1O100O1O100O1O1N2O0O2O1N2O1N101O1O1O000001O010O1O0010O2O3L3N1N2O0O2O0O1O1001O1O001O2N1O2N1O2N1O2oMVDnHk;o6YDoHi;m6ZDRIg;l6ZDTIg;j6[DUIf;h6]DWId;a6dD]I^;^6fDbI[;\\6gDcIY;\\6hDdIV;]6lDaIT;_6mDaIS;^6nDbIQ;]6QEbIo:\\6TEdIl:U6[EkIe:S6^ElIa:T6`ElI`:S6aEmI^:R6dEmI\\:R6fEnIZ:]4nC[KV28k9[4VDWKQ2>h9[4\\DSKm1`0h9\\4^DQKk1c0g9\\4bDkJi1h0f9\\4fDfJf1n0d9[4cGdK_8Z4bGeK_8Y4cGeK_8Y4cGfK^8Y4dGeK]8Y4eGeK]8Z4dGeK]8Z4dGeK]8Z4dGfK\\8X4fGhK[8U4hGiKY8o0dCT1V4mMV8l0jCP1T4TNS8h0oCk0T4^Nl7e0SDh0U4cNi7b0VDd0W4jNc7=^D?U4UO]79bDnNnNU1X5DY73fDSOkN1Od0^56R7MiDYOiNN0;g5`0i6IbD\\OlN3f6i0m5^O^DGoN<f6?^7KaH5^71^HNb74\\HLd75[HKe7YOkAc0`64d76\\HJc77]HIb77`HH_79aHG^78dHH]70kHOZ7WO\\Ih0[>O101O00000O101O0O101N101N101O0O2N101N2O0O2N2O1M3NRWi;"}}]}