{"images": [{"id": 0, "file_name": "images/n01978455_2186.jpg", "width": 1290, "height": 730}], "annotations": [{"id": 0, "image_id": 0, "category_id": 0, "bbox": [323.0, 270.0, 555.0, 242.0], "area": 134310.0, "iscrowd": 0, "segmentation": {"size": [730, 1290], "counts": "TgV74ef03M1O2N1O1O2O0O1O1O100O1O100O00100O010O001O01O0100O010O0010O010O010O010O010O00O2O00001O1O010O0O2O00001O1N1O2N10001N1O2O0O101N1N3O1N1O2N1L4O2O00001O100O101N2M3N2N3M2N2O1N2O1N1N3F:K4N3N2N1O2N1O2N1O2N2N2N2O0O2O1O0O2N101N101N101N101O1N101O001O1O01iN`]OSN_b0l1d]OSN[b0m1f]ORNZb0n1f]OSNYb0m1h]ORNXb0n1h]OSNVb0n1j]ORNUb0o1k]OQNTb0P2l]OPNSb0Q2m]OPNRb0P2n]OPNQb0Q2n]OPNQb0^3O000O101N101N101N100O101N1N2M3M4N1N2N3N1N2O2N1O2M2O1O2O0O2O0O101O001N1O2N1O101N1O101N100O1O2N10QNi_O\\MU`0c2P@ZMP`0f2Q@YMn?g2T@YMk?g2V@XMi?h2Y@WMg?i2Z@VMe?j2]@UMb?l2_@TM`?l2a@SM^?m2d@RM\\?n2e@QMZ?o2g@QMY?o2g@QMX?P3i@oLW?P3j@PMV?P3k@oLT?R3l@nLT?Q3n@oLP?R3QAmLo>S3RAlLn>T3RAlLn>S3TAlLk>T3VAlLj>T3WAkLi>T3XAlLh>R3[AmLd>S3^AlLb>R3`AoL^>Q3dAnL\\>P3gAoLX>P3jAQMU>n2lARMT>n2mARMQ>n2QBQMo=o2QBQMo=n2SBRMl=o2TBPMl=P3UBoLj=S3UBmLk=T3UBlLj=U3VBjLj=W3UBiLj=Y3UBgLk=Z3UBfLi=[3WBeLi=\\3WBcLi=^3WBaLh=a3WB`Lh=a3WB_Lh=d3WB[Li=f3VBZLj=g3VBXLj=i3UBWLj=k3VBSLk=m3UBSLk=n3UBQLk=o3UBQLj=Q4VBnKj=R4WBmKh=U4XBiKi=W4WBiKh=Y4XBfKh=Z4XBfKh=[4XBdKg=]4YBdKf=]4YBcKg=]4ZBbKf=`4XB`Kh=a4WB^Ki=d4WB[Ki=f4VBZKj=g4VBXKi=j4VBVKj=k4UBUKk=l4TBTKl=m4TBRKk=P5TBPKl=Q5TBnJl=R5TBnJk=T5TBlJl=U5TBjJl=V5TBjJl=W5SBiJm=W5SBiJm=X5RBhJm=Y5SBgJm=Y5SBgJm=Z5RBeJo=[5RBdJn=\\5RBdJn=]5QBcJo=]5QBcJo=]5QBcJo=]5RBbJn=_5QBbJn=^5RBbJn=^5RBbJn=_5QBaJo=`5PB_JQ>a5oA_JP>c5PB\\JP>e5oA[JQ>f5nAZJS>e5mA[JS>f5lAZJT>f5mAZJR>W4f@PMW1hNT>V4h@QMT1iNT>V4i@QMS1hNT>W4i@RMS1fNT>X4j@RMQ1eNV>Y4i@SMQ1cNV>Y4j@UM_`0k2b_OTM^`0l2c_OTM\\`0l2e_OSM[`0m2f_ORMZ`0n2h_OQMW`0o2k_OoLU`0R3k_OmLU`0S3l_OlLT`0T3l_OmLS`0S3n_OlLR`0T3n_OlLR`0T3o_OkLQ`0U3o_OlLP`0T3Q@kLo?Y3m_OgLS`0Y3m_OgLS`0Z3m_OfLR`0Z3n_OfLR`0Z3n_OfLR`0[3m_OeLS`0[3m_OfLR`0Z3o_OeLQ`0[3o_OeLQ`0\\3n_OdLR`0\\3o_OdLP`0\\3P@dLP`0\\3Q@cLo?]3Q@cLo?]3Q@dLn?\\3R@dLn?\\3R@dLn?]3Q@cLo?]3Q@cLo?]3Q@dLn?]3Q@cLo?]3Q@cLo?]3Q@cLo?]3Q@cLo?^3P@bLP`0^3P@bLP`0^3o_OcLQ`0]3o_OcLQ`0]3o_OcLQ`0]3o_OcLR`0\\3n_OdLR`0\\3n_OdLR`0\\3m_OeLS`0[3m_OeLS`0[3m_OeLS`0\\3l_OdLT`0\\3l_OdLT`0\\3l_OdLT`0\\3l_OdLU`0[3j_OfLV`0Z3j_OeLW`0[3i_OeLW`0[3h_OfLX`0[3g_OeLY`0[3f_OfLZ`0Z3f_OfLZ`0Z3f_OeL[`0[3e_OeL[`0[3e_OeL[`0[3e_OeL[`0[3e_OeL[`0[3e_OdL]`0[3c_OeL]`0[3b_OfL^`0Z3b_OeL_`0[3a_OeL_`0[3a_OeL_`0[3a_OeL_`0[3a_OdL``0\\3`_OdL``0]3__OcLb`0\\3]_OeLc`0[3]_OeLc`0[3\\_OeLf`0g400001N10001O0O101O0O2O0O1O100O1O1O2N1O1O1O1O1O1N2O2N1O1N2O2N1N2N3N1O2M2O2M2N2N2N3N1N2M3N3N1N2N3O0O2N100O2^NS]OUOmb0j0X]OQOib0o0X]OPOhb0P1Y]OoNhb0P1Y]OnNhb0Q1[]OmNeb0S1]]OjNdb0V1_]OgNab0Y1b]OcN_b0]1e]O^N\\b0b1k]OUNWb0l1\\1O01O1O001O1O1O001O001O001O1O001O010O0010O010O1000000000O010O0100O2mMe[Od1\\d0UNj[Ok1Wd0PNm[OP2^d0100O010O0010O0010O010O00010O01O0001O010O000O101N1000000O101O00001O010O001O010O00001O01O00001N10001N100O2N100O2O0O1O2N2O1N101N1O2O1N2N2N2N2N2O1N2N2N2M3N3L4L4K7Ic[U9"}}]}