{"images": [{"id": 0, "file_name": "images/n01980166_1653.jpg", "width": 1290, "height": 730}], "annotations": [{"id": 0, "image_id": 0, "category_id": 0, "bbox": [197.0, 113.0, 914.0, 448.0], "area": 409472.0, "iscrowd": 0, "segmentation": {"size": [730, 1290], "counts": "Pj\\4:]f06K3M4L3M4L3M3N1N3N2N3M2M4L4L3N3M3L3M3N2N2N2N3M7H7J5K4L2N4L4K4QNgLX@\\3b?nLW@U3d?TMT@Q3d?WMV@n2d?YMU@m2g?YMR@l2i?^Mk_Oi2Q`0S2K5L4L4M2M3N3L3O2M2NlNSA_Jj>_5]A^Ja>b5dA\\JY>d5nAWJQ>h5SBVJk=i5YBVJe=i5`BUJ^=j5eBVJY=i5kBVJS=j5QCTJm<k5WCUJg<i5\\CWJb<h5`CYJ^<f5eCYJ[<e5gC\\JW<c5kC]JT<b5oC]JQ<b5QD^Jm;a5VD^Ji;b5YD]Jg;b5ZD^Je;b5\\D^Jc;a5_D^Jb;a5`D]J`;b5m2N101N1O2O001N101N1O2O1O010O1001N10001N101O0O2O0O101N10001N101O1O0O2O001O001N2O001N10001O0O2O001O001O0O2O001O001O001O001O000O2O00010O00001O1O001O010O001O00001O002N3T@\\I\\?[7F8H4L4L4K6K5K3M3M3M3L4M4L3M2N3M2O1N2N2O1N2N1O2N1O100O1O1O1O1O001O1O00001O1O00QMeC`KZ<_4mC\\KR<c4RD[Km;e4UDZKj;e4XDRI\\Oo1[<o4jDjJV;V5lDiJS;W5SEcJm:]5YE^Jf:b5`EXJ`:h5dEUJ[:l5hEPJY:o5jEPJT:P6nEoIQ:Q6PFnIP:S6PFlIP:T6QFkIo9V6RFhIn9X6UFfIj9[6]F]Ic9c6bFWI`9i6eFQI[9o6fFPIZ9Q7gFmHY9S7W3001O000010O01O00010O010O01O0100O010O00100O10O10O010O010O01O1O010O1O1O100O100O1O10000O100O2N100O1O100O100O2O1N101N100O1O100O100O010O010O010O0010O01O010^Mi_O_NW`0`1l_O_NT`0`1n_O^NS`0a1P@]No?b1S@]Nn?b1S@]Nn?b1S@^Nm?`1T@`Nk=VNYCZ3mN_Nh=_NVCQ3SO`Nd=eNUCk2XO_Na=mNSCc2]O_N_=TOoB]2C^N]=ZOmBW2G_NZ=_OkBQ2M_NX=EfBl12_NW=LbBe17^NW=3\\B_1=_NU=7ZBZ1b0^NT=9YBY1d0]NR==WBW1h0[NQ=U4PCkKn<V4RCjKm<W4TChKl<X4UCgKk<Y4UCgKj<Z4WCeKi<[4XCdKh<[4ZCdKe<]4\\CcKc<]4]CcKc<]4]CcKb<]4`CbK`<^4`CcK_<]4aCcK_<\\4bCdK]<]4dCbK\\<]4eCdKZ<\\4gCcKY<\\4hCdKX<\\4hCdKX<[4jCdKU<]4lCbKT<^4mCaKS<_4mCaKR<`4oC`KP<`4QD_Ko;a4RD^Kn;b4RD^Kn;b4SD]Km;c4SD]Km;c4SD]Kl;d4UD[Kk;e4VD[Ki;e4WD[Ki;e4XDZKh;f4XDZKh;f4XDZKh;f4XDZKh;f4YDZKf;f4ZDZKf;f4ZDZKf;f4[DYKd;h4\\DXKd;h4]DWKc;i4]DXKb;g4_DYKa;g4`DXK`;h4`DXK`;g4bDXK^;h4bDYK];g4cDYK];f4eDYK[;g4eDYK\\;e4eD[K[;e4eD[K[;e4eD\\KZ;d4gD[KY;e4gD[KY;e4gD[KY;e4gD[KY;e4hDZKX;e4iD\\KV;d4jD\\K[9ROnEb5g0\\KY9WOmE]5k0[KW9[OlEZ5m0\\KU9^OkEV5P1\\KS9BkER5R1\\KR9DjEQ5T1[KR9EiEP5U1[KR9EjEo4T1\\KR9FiEn4U1]KQ9GhEk4X1^KP9HgEj4Z1]Ko8JfEi4[1]Ko8LdEg4]1^Ko8M`Ef4a1]Ko8O^Ed4c1]Ko80]Ec4d1]KP91ZEb4f1^KP92WE`4i1^KQ94TE]4k1_KR95QE\\4n1^KR97oDZ4o1_KT96lD[4P2_KU98hDY4S2_KX9X6hFiI[9S6eFmI]9Q6dFnIb9l5^FTJf9g5[FYJh9d5YF\\Jh9a5ZF^Jh9`5XF`Jj9^5WFaJk9]5VFbJk9]5VFbJm9[5SFeJo9Y5RFfJP:X5QFgJQ:X5oEgJR:X5nEiJR:V5oEiJS:U5mEkJT:[3]CUM^2@V:Z3\\CVM_2_OV:Z3[CWM_2_OW:Y3[CWM^2@X:Y3YCXM^2@Y:Q5hEnJY:Q5gEoJZ:P5gEoJZ:Z3UCUMa2A[:Y3TCWM`2@]:X3TCWM`2@]:X3RCYMa2_O]:o4cEQK^:o4aERK^:n4bERK^:n4cEQK]:P5bEPK^:P5bEPK^:P5bEPK]:R5cEmJ]:S5cEmJ]:T5bElJ^:T5bEmJ]:T5bElJ^:oNUCo5^2QK^:nNVCP6\\2RK^:mNWCR6Z2QKe:o4[EQKe:P5ZEPKf:P5ZEPKf:Q5YEoJg:R5XEnJh:R5XEoJg:R5YEmJg:S5YEmJg:T5XElJg:U5ZEjJf:W5YEiJf:Y5YEgJf:Z5[EeJe:j3RCdLX2Bf:j3RCdLX2Cd:j3TCdLW2Be:k3SCcLX2Be:k3SCdLW2Af:^5[EaJd:a5[E_Je:a5[E_Jd:c5[E]Je:d5[E[Je:f5ZEZJf:f5ZEZJf:g5YEYJg:h5XEYJg:g5YEYJg:h5YEWJg:j5XEVJh:k5WEUJi:l5VETJj:l5VETJj:m5UESJk:V4VC`Ln1ZOl:o5SEQJn:X4UC]Ll1[Oo:X4VC]Lk1ZOP;X4UC_Lj1YOQ;X4UC_Lj1YOQ;R6oDmIQ;T6nDlIR;T6nDlIR;U6nDjIR;`4UCVLi1ZOR;a4TCWLh1XOU;X6jDhIV;X6jDhIV;Y6iDgIW;Z6hDfIX;Z6hDfIX;[6gDeIZ;[6fDdIZ;]6eDcI[;^6dDbI\\;_6dD`I\\;j4RCPLa1VO];i4TCRL^1TO];k4VCRL\\1RO_;k4UCTL\\1PO_;m4TCTL\\1oNa;m4RCTL^1nNb;o4PCQL]1POf;l4oBRL\\1QOe;m4PCRLZ1POg;n4RCPLW1QOf;P5UCnKU1QOe;S5VClKT1QOf;S5WCmKR1nNh;U5WCmKP1nNh;W5WCkKR1lNh;Z5VCkKQ1jNi;[5XCjKo0iNj;]5XCjKn0hNj;_5XCiKn0fNk;a5WCjKo0bNk;d5WCkK[>U4fAnKV>R4kAnKT>R4mAoKP>R4QBnKm=S4TBmKj=T4WBlKh=U4XBkKf=V4[BjKd=V4]BkK`=V4aBkK\\=V4eBkKX=V4jBiKU=W4lBjKQ=W4QCiKk<Y4WCfKg<[4ZCfKb<\\4`CcK^<^4dCbKY<_4iCaKT<_4nCcKm;_4UDcKf;]4]DhKZ;Z4hDgKT;Y4nDiKm:W4VElKd:S4aEmK\\:R4gEnKU:T4nEjKP:W4RFhKl9Z4VFdKf9`4[F_Kb9d4aFYKY9m4iFPKU9T5lFjJP9Z5RGcJl8a5UG]Jh80mDk3]2RLe82QEl3]2nKb85SEm3^2iK_8;TEl3`2eK\\8>VEm3c2]KY8e0VEn3g2oJZ8R1REo3c>oK_AR4`>lKbAV4\\>gKgAZ4X>dKjA\\4V>cKkA]4U>bKlA_4T>_KmAa4S>^KnAc4R>ZKPBf4Q>XKPBh4Q>UKQBl4o=QKTBn4n=nJTBS5n=fJVBZ5n=]JWBc5`?1O00000010O0001O001O00010O00010O0001TMW_OFh`06__OGa`07b_OH_`05d_OK[`04g_OKY`03i_OMX`00k_OOU`00l_O0T`0Nn_O2R`0LP@5o?HT@8m?DV@<j?BX@>h?_O[@a0f?\\O\\@d0d?YO_@g0b?UOa@k0_?SOc@m0^?oNe@R1[?jNh@V1Y?gNi@Y1W?_NQAa1P?YNTAh1m>PNZAP2g>lM\\AT2e>hM^AX2e>bM^A^2^a0100O1O100O2N1O1O1O100O1N3O0O1O1O1O2N1O1O100O2N1O1O1O1O1O101N1O1O1O100O1O1O100O1O2N1O100O1O100O1O100O101N100O10000O100000001O00001O00001O010O1O1d]ORL4C^a0V5N2O0O1O10O0000001O0O100000001N10001N1O1O1N3M2O1M4K4K6K4I8M2O2N2O001N2O1OSB\\Le8c3YG`Lg8_3WGdLi8[3UGgLl8X3SGiLn8V3PGkLR9T3mFmLT9R3jFPMW9o2hFRMY9m2fFSM\\9l2cFTM_9k2`FUMb9j2]FVMd9j2[FVMf9k2XFUMi9k2UFVMl9k2RFVMn9l2oETMR:P3iEPMX:V3SBWLm2c0Q;k3jDULW;n3eDRL\\;o3aDRL`;P4]DPLd;Q4[DnKf;T4WDlKi;W4TDiKm;Y4PDgKQ<\\4jCeKW<`4cC`K^<k4VCUKl<\\5YAjJ9L_>X71O1O1O1O1O1O1N3N1N2O1N2O2M2O1bJe@\\3]?bLi@X3X?hLk@T3V?lLn@o2T?PMSAi2m>WMUAf2m>YMTAe2m>[MSAd2o>[MRAc2o>]MQAb2Q?]MPAa2R?^Mo@`2S?aMk@^2W?fMe@W2]?lMa@R2a?PN^@k1f?[NQ@e1R`0`22M3M3L4M3]N[_OmLh`0Z2Y@aLiNf0o`0f2e@RM_?j2n@gLX?Z3S22O0000001N3N1O1O002N2N1N2O1k]OVLVa0l3g^OULZa0k3e^OUL\\a0k3i02_]OYLla0g3m]O_LTb0R4101O0O2O1O0O3M2N1O2N2N2N3M2N2N2N1N3N2N3L2O2N2M3K5K6K4J6J7L3O1O101O000000001N10000101N2OO1O0010O10O01O001O2O0O10O000O2O00U]ORNi`0n1S_O[Ni`0d1S_O`Nn`0n1_^OUNba0S2Q^OQNQb0[32M2N2N3I6M4L4M2L6J5I7L4L4K6J6J5J6G9G:G9GPVo3"}}]}