{"images": [{"id": 0, "file_name": "images/n01983481_23051.jpg", "width": 1290, "height": 730}], "annotations": [{"id": 0, "image_id": 0, "category_id": 0, "bbox": [400.0, 150.0, 590.0, 513.0], "area": 302670.0, "iscrowd": 0, "segmentation": {"size": [730, 1290], "counts": "ndm84df04M5L2M2O1O00010O01O1O10O01O10O01O0010O0001O001O01O0000000010O00000000001O00000001_LEa@;_?G_@9`?J_@5a?L^@5a?L^@4b?L^@4c?L\\@4d?M[@4d?M[@3e?M[@4d?M[@4e?K[@6d?Km]OJc1;_`0Ll]OKd1:``0Kk]OLd19a`0Kk]OLd19b`0Ki]OLe18c`0Lg]ONe16e`0Le]OOe15f`0Le]O0d14h`0Lc]O0e14h`0Lc]O1d13j`0La]O2e11j`0N`]O1f11j`0N`]O2e10l`0N^]O3e1Nn`00\\]O2f1Nn`00\\]O3e1Mo`00]]O2d1No`01\\]O2d1MQa00[]O4c1KSa02Y]O3e1JSa02X]O5d1ITa03W]O5d1HUa04V]O5d1GWa03U]O6d1GWa04U]O5c1GYa03T]O6c1FZa05R]O5d1F[a04Q]O6d1F[a05Q]O5c1F]a04P]O7b1E_a04o\\O6b1F`a04m\\O7b1Faa02n\\O8`1Fba03m\\O8_1Fda03l\\O7`1Fda03m\\O7^1Fea04m\\O5^1Gea04m\\O6\\1Hga01n\\O7Z1Hha02m\\O7Z1Gia03m\\O6X1Ija02m\\O5Y1Ika01m\\O6V1Jma00n\\O6S1Lna0Oo\\O4S1Nma0NQ]O3Q10oa0LP]O5P10oa0KR]O4n02Pb0KQ]O4n02Qb0IQ]O6l02Sb0Io\\O6m03Tb0Il\\O5n04Ub0f0i]O[OWb0e0i]O[OXb0e0f]O]OYb0d0e]O]O[b0c0d]O^O]b0b0a]O_O_b0b0_]O_Oab0a0^]OAbb0?\\]OBeb0>X]OEgb0<V]OFkb0:T]OFlb0;R]OFnb0;P]OGob0:m\\OITc0n101O10O01O1O001O0QOgL]^OZ3_a0lL]^OV3]a0RM`^On2_`0dLd_Oi4U`0`Kc_Of4V`0R1K6M2O1O2N1O2N1N3M3M4J5L4N2N1O2O1N1L4M3O1O2M1O2M2001O00000O01O1O10010O010O000O1O0011O010O1O010O001O1O0^LcAhN^>X1bAgN_>[1\\AhNc>i4O0000O010O10O0[CoGc:Q8[ESHc:m7\\ETHd:k7\\EWHc:i7[EYHe:<fC\\6d1ZIf:9iC[6`1]Ig:7lCY6\\1bIh:3QDW6W1gIh:1XDR6o0mIj:0`D_OVOS6_1`Jk:LlDb58cJl:JnDa57eJk:IQE`53gJm:HQEa51hJn:FSE`50jJn:DSEb5NjJP;BTEc5LlJP;_OVEd5KmJP;ZOYEi5FnJP=Q5PCoJQ=Q5nBPKQ=Q5nBPKR=o4nBRKQ=o4oBQKP=P5oBPKR=o4nBRKQ=o4oBQKP=o4PCQKP=o4PCRK2WOV;h5gDRK2XOU;f5jDQK1ZOT;f5jDQK2ZOS;e5jDRK2ZOS;d5kDSK2YOR;e5kDRK3[OP;d5lDRK3[OP;c5mDSK3ZOo:d5nDQK4[Om:e5nDQK4\\Ol:c5PERK4[Ol:c5PERK3\\Ol:c5QEPK4]Ok:c5PEQK5\\Ok:d5oDPK5]Ol:c5nDQK6\\Ol:c5nDQK6\\Ol:c5mDRK6\\Om:b5lDRK8\\Ol:c5jDRK9]Ol:a5jDSK:\\Ol:a5iDSK<\\Ok:a5iDSK;]Ol:a5gDSK=\\Om:`5eDUK>[Om:a5dDTK>\\On:`5cDTK`0\\Om:a5aDTKb0[Om:b5^DUKd0ZOn:b5\\DTKg0ZOm:c5ZDTKh0ZOn:d5VDTKl0XOn:e5TDTKm0WOo:h5PDSKQ1UOo:j5mCRKT1TOn:e7RE\\Hn:d7RE\\Hn:d7RE\\Hn:d7QE\\HQ;b7PE^HP;b7PE^HQ;a7oD^HS;`7nD`HS;_7lDbHU;]7kDcHV;[7jDfHW;Y7iDgHX;W7hDiHY;W7gDiHZ;V7eDkH\\;T7dDkH];U7bDlH^;S7cDmH];S7bDnH^;R7bDmH_;S7`DnH`;Q7aDoH^;R7bDnH^;R7aDnH_;R7bDnH^;R7aDnH_;R7bDnH^;R7bDnH];S7bDnH];R7dDmH];S7cDmH\\;T7cDmH];R7dDnH\\;R7dDnH[;R7eDnH\\;R7dDnH\\;Q7eDnH\\;R7cDoH];Q7cDnH^;R7bDnH^;Q7cDoH];Q7bDoH_;Q7aDoH`;o6`DRI`;n6`DQIb;n6]DSIc;l6^DSId;l6[DUIe;k6[DTIg;k6XDVIh;j6WDVIj;j6VDVIk;i6UDWIl;h6SDXIo;f6RDZIP<@mBd6S1kIR<_OlBf6Q1kIU<^OjBg6Q1kIV<_OfBg6T1iIX<b6gC_IZ<`6fC_I\\<`6cCaI^<^6bCaI`<^6_CcId<Z6\\CeIf<Z6ZCeIg<[6XCeIj<Z6VCeIl<Z6TCfIm<Z6QCfIQ=Y6oBgIR=X6mBhIU=X6iBhIZ=V6fBjI\\=U6bBkIa=S6_BlId=S6ZBnIg=Q6YBoIh=Q6VBoIk=R6TBnIm=R6QBoIQ>o5oAQJS>n5lAQJV>o5hARJX>o5gAQJZ>P6dAoI]>S6^APJb>T71O0O10000O11O001O001O000000001O002N1O2O0O001O001O0000O2N2O0O101O0O1N2N3L3O1N3M2M3M4N1N2M4M3N1O2N2N2M2O2M2N3N2M3nNf_OaK\\`0[4h_OcKZ`0[4h_OcKY`0\\4j_OaKX`0]4l_O_KV`0`4l_O]KU`0b4m_O]KT`0b4l_O]KU`0b4m_O\\KU`0c4k_O[KW`0d4m_OXKT`0g4Q1O0O2O0O100eNV^OfMia0Z2Y^OeMga0Y2\\^OeMea0X2`^OfM`a0X2g^ObM[a0\\2h^OaMYa0^2j^O_MWa0`2l^O\\MVa0d2k^OZMVa0e2m^OXMTa0h2P_OQMRa0o2]10O0000000KPMa\\OQ3^c051O10O010OO1O2L3M4ZO[\\OSNcc0Q2d\\OhM]c0Y2a0001O0L5O001O0O200O1O0O2O1N2N2M2N3C=^ObL_]Og3_b0^L[]Oe3db09N2J6N101N2M3N200O1O100O1O1POYKj_Oj4f?]1D<H7H9M3J6M2L5L4K4L4O1K5L4O2N1O10000O1O100O10CTBlGm=R8?O10O0100O1O1O1O00101N100O100O101N100O2O000O2O001O1N1O2N1O2O1N1N3N2N2N2N2M3M3N1N3N2N2M2O2M4L3L4M4L3M3N2M3M4L3N3K5L3M3L5K5L4K5K4K6L4K5L5I6J7J6J6J7H8H8G9@d0@b0B9Flce6"}}]}