{"images": [{"id": 0, "file_name": "images/n01980166_5149.jpg", "width": 1290, "height": 730}], "annotations": [{"id": 0, "image_id": 0, "category_id": 0, "bbox": [270.0, 212.0, 502.0, 298.0], "area": 149596.0, "iscrowd": 0, "segmentation": {"size": [730, 1290], "counts": "olP6=[f04K5L3M3N1O1O1O1O1N2M20O1M300010O1O10O01O001O000001O001O01_[OROVc0m0j\\OVOSc0j0m\\OXORc0h0m\\OZOQc0f0P]OZOPc0d0Q]O]Onb0c0R]O_Olb0a0T]O@lb0`0S]OAlb0`0T]O@lb0?T]OBkb0?U]OAkb0?T]OBkb0?T]OBlb0>T]OBkb0>U]OCkb0=U]OCjb0=V]ODjb0<V]ODib0=W]ODhb0;Y]OEgb0;Y]OEfb0<Y]OEgb0;Y]OEfb0;[]OEdb0<\\]ODdb0<\\]ODcb0=]]OCcb0=]]OCcb0=]]OCbb0?]]OAcb0?]]OAbb0?_]OAab0?_]OA`b0`0`]O@`b0`0`]O@_b0a0a]O_O_b0a0a]O_O_b0a0a]O_O_b0b0`]O^O_b0d0`]O\\O`b0d0`]O\\O`b0c0a]O^O^b0a0c]O_O\\b0b0d]O^O\\b0a0e]O_O[b0a0e]O_O[b09a\\OSOU1c0[b0:b\\OoNU1g0Yb0:l]OFSb0;m]OESb0;m]OESb0;m]OESb0;m]OERb0;o]OEQb0;o]OEQb0;o]OEPb0<P^ODPb0<P^OEoa0<P^ODPb0<P^ODoa0>P^OBPb0?o]OAQb0a0m]O_ORb0d0l]O\\OTb0e0j]O\\OVb0d0j]O\\OVb0c0k]O]OUb0b0l]O^OSb09f\\OTOX1d0Rb08g\\OROX1f0Qb08g\\OROX1f0Qb08g\\OROX1f0Pb09i\\OPOW1g0Pb09i\\OoNX1h0oa08k\\OoNV1i0na09l\\OnNV1i0na09l\\OnNV1i0na09k\\OPOU1h0Pb08k\\OQOT1g0Qb08k\\OSOR1e0Rb09k\\OTOR1c0Sb09k\\OUOQ1a0Ub09j\\OXOP1?Vb07l\\O[Ol0?Xb05l\\O]Ol0>Xb05l\\O^Ok0=Yb05l\\O_Oj0;[b06k\\O@i0:\\b06k\\OAg0:^b05l\\O@f0;^b05l\\O@f0;^b05k\\OAf0;_b04j\\OAh0;]b05k\\O@g0<^b04j\\OZOOGk0j0]b05i\\OYOP1b0Wb05i\\OYOo0c0Xb04j\\O\\Oj0`0\\b04j\\O_Of0>`b03R]OXO=e0ab03R]OXO<f0bb02R]OYO;e0bb03l\\OPON9c0e0cb02k\\O@`0?fb01i\\OB7\\ONQ1Qc02j\\OC4\\OOP1Sc01k\\OC2\\O0P1Sc01k\\OC2\\O0P1Rc02n\\O@0^O0P1Rc02P]O^ON@0P1Rc02Q]O\\ONBNQ1Rc01S]O\\OMBNQ1Rc01T]OYONELP1Sc02U]OTOMLKn0Rc03X]OlNO4Gm0Rc03g]OQOWOl0Rc03g]OQOWOl0Qc04h]OPOWOl0Qc04h]OoNXOm0Pc04Y]OkNN4Im0Pc04X]OmNM3Kl0ob05V]OSOKNNk0Qc04P]OJM1Tc05n\\OLMOUc05n\\OP1Qc0QOo\\Oo0Qc0QOo\\Oo0Qc0QOo\\Oo0Qc0ROo\\Om0Qc0SOQ]Ok0ob0UOR]Oj0nb0VOR]Oi0ob0WOQ]Oi0ob0WOQ]O@M;Rc05R]O_OM;Pc07S]O^OM;Pc07S]O]ON<ob07Q]O_O0:ob07P]O@19ob06P]OB18ob06o\\OC18Pc05o\\OC17Qc07m\\OC16Qc08m\\OC16Rc07m\\OD05Sc07l\\Ol0Tc0TOl\\Ol0Tc0TOl\\OE05Tc06l\\OD25Rc08l\\OA36Rc09n\\O\\O2;Pc08P]O[O1=ob08P]OZO2>nb08o\\O[O2>ob07o\\OZO3?nb07n\\OZO5?lb08o\\OYO5>mb09n\\OZO4=nb09n\\OZO4=nb09n\\O[O4;nb0:n\\O[O4;nb0:l\\O]O5:ob0U1Q]OkNob0U1o\\OmNQc0R1o\\OoNQc0Q1o\\OoNPc0R1o\\OoNdb0RO[]OP20nNcb0b1[]O^Ndb0m2O1N2N2M3N2M`Nj]ObNSb0T3NlMn]ODQb0=o]OCPb0>P^OBoa0?Q^OAma0g2L3N3N2N2O1O10O0100O10PL`^Of2_a0ZMc^Oe2\\a0\\Me^Ob2\\a0]Mf^Ob2Ya0_Mg^Oa2Ya0^Mi^Oa2Wa0]Mk^Oc2Ta0\\Mn^Od2Ra0YMR_Of2n`0YMS_Og2l`0ZMS_Of2m`0_Mn^Ob2Qa0bMl^O^2Ra0eMl^O\\2Ta0eMj^O\\2Ua0eMk^OZ2Ua0fMl^OZ2Ta0fMl^OZ2Sa0gMm^OY2Sa0gMm^OY2Qa0iMn^OX2Qa0iMo^OW2n`0mMP_OT2n`0m1N2O0O2N2N2N2N1O2O1N2O00100O10000O010O100O1000000000O1000O10000000O10000000001O000000000O100000O1O1b@fIo<h0aBe5>fIn<e7mBaHS=_7kBcHU=]7kBbHW=]7hBdHX=\\7hBcHY=]7gBcHZ=\\7eBdH\\=\\7cBdH^=[7bBeH_=[7`BeHb=Z7]BgHg=U7XBkHn=CjAT77ZIa>]6^AdIi>U6VAkIo>Q6QAoIQ?P6l@QJT?R6h@oIR?Y6j@iIT?P7O01O2O1N4M3MO0K5O2N1O1O2O010O01O001O1O1N2O1O1O2N2N3M2N3N3L3M1O2O0O2N1O2N2M3N1O1N2N3M2O1O10001N10001O0O2O00001O001M2O1O2N100O2N100O2N101O0O10_@kJ^=T5[BVKb=i4]B[Ka=e4^B\\Kc=b4]B`Kb=`4]BaKc=^4[BfKe=Y4XBjKh=V4lAVLU>o3RAbLP?c52N1O2M2O2M2O2L4M2N3M2N3M2M4M2N3L4M2O2L4K4N3M2N3M3M2L5M3M2N3N1M4K5M2N3N2M3L4M3N2N2M2N3N2N1O2N2M3M3N1O2O1N2N2O1N2N2O1O1O2O1O1N21N3O0O10O0011O10O2cMX\\O`1hc0ZN_\\Od1ac0YNc\\Og1]c0TNg\\On1Rd000004M9G1001O=B001O2N2N5J101N5K6I3N2N3M3M5K2N101N3M4L5K2M2N3Lbi`;"}}]}