{"images": [{"id": 0, "file_name": "images/n01984695_40289.jpg", "width": 1290, "height": 730}], "annotations": [{"id": 0, "image_id": 0, "category_id": 0, "bbox": [468.0, 230.0, 340.0, 282.0], "area": 95880.0, "iscrowd": 0, "segmentation": {"size": [730, 1290], "counts": "Ro]:1hf02O1O1O0P[`07dn^OIde0k0H6H8K5M3M3M3J6H8I6N3M2N3M2O1O2N1O1NjMh\\Oo0Vc0nNX]Oh0hb0UOb]Od0]b0[Ok]O`0Tb0^OV^O:ha0F\\^O8da0E`^O;_a0Be^O=mc0O10O01O0001O01O01O0010O0001O00000^ZOZOQe0e0nZO\\ORe0e0mZO\\ORe0d0nZO[OSe0e0mZO[OSe0e0a01O000010O[ZOZOn04gb0c0Z\\OYOn07fb0`0[\\O[Om08fb0>\\\\OZOl0<XOCmb0g0o\\OZOl0b0PO@Tc0e0o\\OXOm0P1Ub0Gn\\OYOl0Q1Vb0Gm\\OXOl0R1Wb0Gl\\OWOl0S1Xb0Gk\\OVOl0T1Yb0Fk\\OVOk0U1Zb0Fi\\OVOh0Y1_b0Ai\\OVOd0]1cb0^Oh\\OUO?c1ib0XOg\\OVO>c1lb0^OQ]Oe0ob0[Oo\\Og0Qc0YOn\\Og0Sc0YOk\\Oi0Uc0XOi\\Oi0Xc0WOe\\Ok0[c0UOd\\Ok0]c0Y11O0O2O001N100O10O0100O1O2N1O1O101N100O101N10000OVO[Ma]Od2`b0\\M`]Od2_b0^M`]Oa2ab0`M^]O_2cb0bM\\]O^2cb0nMR]OQ2ob0PNP]OP2Pc0QNo\\Oo1Qc0RNm\\Oo1Sc0l00O10000000001O00000O101O0000000000001N1000000010O01O010O001O001O10O101O0O100O010O0001N1N2O1O2Ng]OoLk`0Q3R_OVMj`0l2m^OPN_`0R2m^O`NRa0e3O100O1O1O10N1O1ROU_OiKPa0k3U1D=L4J5L5K4M3L4L5K4N2O1O2N10000000001O00001O0000001O00010O0010O010O01O00010O00001O00001O0000001O000100O8H3M6K4k\\OYMma0X3[]OSM6@oa0Y5VO6K0O1O000001M2M3N2@c^O`K`a0P4m0J6YNi]OjNXb0T1l]OiNVb0T1m]OkNSb0T1o]OkNQb0S1Q^OmNoa0R1R^OnNoa0P1R^OPOna0o0S^OQOma0o0S^OROla0o0R^OROna0o0P^OROPb0o0o]OROPb0o0o]OQOQb0P1m]OQOTb0o0k]OROTb0o0k]OQOUb0o0j]OROVb0o0i]OQOXb0o0f]OROZb0P1d]OQO[b0Q1b]OPO_b0Q1^]OPObb0R1[]O`N1[Odb0X3]]OgLcb0Z3\\]OgLdb0g3001XOZ]O[Meb0d2\\]O\\Mdb0d2[]O]M`0]O`a0U3P^O^M>B_a0P3R^O^M?D^a0n2S^O]M>G_a0l2S^O]M;Kba0g2S^O`M3Nka0b2Q^O[NPb0W30aNo]OUNRb0X3101N1O2O0O101M2O2M2N3L4J6I7I7L4L3N3M3N2N1N3M4K4M3M4L4M3M4K4M4K6I6E=^OkWg:"}}]}