{"images": [{"id": 0, "file_name": "images/n01985128_25562.jpg", "width": 1290, "height": 730}], "annotations": [{"id": 0, "image_id": 0, "category_id": 0, "bbox": [84.0, 70.0, 922.0, 630.0], "area": 580860.0, "iscrowd": 0, "segmentation": {"size": [730, 1290], "counts": "WYl16df01N2O1N2O1O001O0O2O00001O00001O001O00001O0000001O0O10001O0000001O000]N]Oo\\Od0ob0^OP]Ob0Pc0_Oo\\Oa0Pc0Ao\\O`0ob0BP]O>ob0DP]O<Pc0DP]O<ob0FP]O;ob0FP]O:Pc0FP]O:ob0HP]O8Pc0HP]O9ob0HP]O8Pc0Io\\O7Pc0JP]O6Pc0Kn\\O7Qc0Io\\O7Qc0Jn\\O6Qc0Ko\\O6Pc0JP]O6Pc0Ko\\O5Qc0Ko\\O6Pc0Ko\\O5Qc0Ln\\O4Sc0Km\\O6Rc0Km\\O5Sc0Km\\O5Sc0Km\\O5Tc0Kk\\O5Uc0Kk\\O6Tc0Jl\\O6Uc0Ji\\O7Wc0Ii\\O7Xc0Ig\\O8Xc0Hh\\O8Xc0Hh\\O8Yc0Hf\\O8Zc0Hf\\O9Zc0Ff\\O:Zc0Ge\\O9[c0Ge\\O9[c0Hc\\O:]c0Ec\\O;]c0Fb\\O:^c0Fb\\O:^c0Fb\\O:_c0F`\\O:`c0F`\\O;_c0Ea\\O;`c0D`\\O<`c0E^\\O<bc0D^\\O<cc0C]\\O=cc0D\\\\O<dc0D[\\O=ec0C[\\O=fc0BZ\\O>fc0CY\\O=gc0CY\\O>fc0BZ\\O>fc0BZ\\O>fc0BY\\O?hc0AW\\O?ic0AW\\O?ic0AW\\O?ic0AV\\O`0jc0AU\\O?kc0AU\\O`0jc0@V\\O`0jc0AT\\O`0lc0@T\\O`0lc0@T\\O`0lc0AR\\O`0nc0@R\\Oa0mc0@R\\O`0nc0AP\\O`0Pd0Bn[O>Rd0U1000001O00000[HYMWKg2^<00000^HZMPKf2P5[MPKd2P5\\MPKe2o4[MQKe2o4[MQKe2o4\\MPKd2P5\\MPKd2Q5[MoJe2Q5[MPKd2P5]MoJc2R5]MmJc2S5^MmJa2S5`MlJ`2V5^MjJb2V5_MjJa2U5_MkJa2V5_MiJa2W5_MjJ`2V5`MjJ`2W5_MiJa2X5_MgJa2[5^MdJb2]5^McJa2]5_McJa2^5^MbJb2^5_MbJ`2^5aMaJ_2_5bM`J^2a5bM^J^2d5aM\\J^2e5aM[J_2e5bMZJ_2e5aM\\J^2d5cM[J]2f5cMYJ]2g5dMYJ[2g5fMXJZ2h5fMXJZ2i5fMVJZ2l5dMTJ\\2l5eMSJ[2m5eMSJ[2n5eMQJ[2o5fMPJZ2P6fMQJY2P6gMoIY2Q6hMnIX2R6iMmIW2S6iMmIW2T6iMkIW2U6jMjIV2V6kMiIU2X6jMhIV2Y6iMgIW2Z6iMeIW2\\6hMdIX2]6gMcIY2^6gMaIY2a6eM_I[2a6eM_I[2UJaM];4]J[2UJcM];3]JZ2VJcM^;5ZJW2WJeM`;5WJV2XJfMb;4UJV2XJgMd;3SJV2YJgMd;4RJU2YJhMe;4QJT2ZJiMd;4QJS2ZJjMf;3oIS2[JjMg;2nIT2[JjMg;3nIR2ZJlMi;1mIS2ZJlMj;1kIS2[JlMk;1jIR2[JmMk;1jIR2[JmMl;1iIQ2ZJoM_OGV<:PJP2[JPN]OGX<9PJP2[JPN\\OHZ<8oIo1ZJYNg;InIn1[JXNi;JkIn1\\JWNk;KiIm1\\JXNl;KgIm1\\JXNn;MeIi1^JYNo;ObIg1_JZNo;0bIe1^J\\NQ<O`Ie1_J[NR<0`Id1^J\\NS<0^Id1_J\\NS<0_Ic1^J]NT<O^Id1]J]NW<O\\Ic1]J^NW<O\\Ic1]J]NY<0ZIb1\\J_N[<OXIb1]J^N\\<0XIa1[J`N^<OVIa1\\J`N_<NUIb1\\J`N_<OTI`1]JaNa<NRIa1]JaNa<NRIa1]JaNa<OQI`1^JaNb<NPIa1^J`Nc<1lH`1`J`Ne<0jH`1aJ`Ne<2hH^1cJ_Ng<3eH^1dJ_Nh<3cH]1eJaNh<2cH]1eJ`Nj<3`H]1fJ`Nj<3`H]1fJ`Nk<2_H^1fJ_Nl<4]H]1gJ_Nm<4[H\\1hJaNo<2XH]1iJ`NQ=4TH\\1kJ`NQ=5SH[1lJ`NR=6PHZ1mJaNT=4oG[1mJaNU=4mG[1nJaNV=3lG[1oJbNV=3jG[1PKaNW=5hGZ1QKaNX=5fGZ1RKaNY=5dGZ1SKaNZ=5bGZ1TKaNZ=6aGY1UKaN[=6_GY1VKaN\\=6]GX1WKcN\\=6\\GW1XKcN]=5[GX1XKcN^=4ZGY1XKcN^=5YGX1YKbN`=5WGY1YKbNa=5UGX1[KcNa=4SGZ1\\KbNb=5PGY1^KbNb=6oFW1`KcNb=6mFW1aKcNb=7lFU1bKdNd=6jFV1bKdNe=6hFV1cKdNe=7gFT1eKeNe=7eFT1fKeNf=7cFS1hKfNe=8bFR1iKfNf=8`FR1jKfNg=8^FQ1lKgNf=9]FP1mKgNg=9ZFQ1nKgNi=7YFR1nKgNj=7WFQ1PLhNj=6VFR1PLhNk=6TFR1QLgNn=6PFS1RLgNo=6nER1TLhNo=6lER1ULhNo=7kEQ1VLhNP>6jER1VLhNQ>6hER1VLiNS>5fER1WLiNT>5dER1XLiNT>5dER1XLiNU>5cEQ1XLjNU>6bEP1YLjNV>6`EP1ZLjNW>5_EQ1YLkNX>5^EP1ZLkNY>5]Eo0ZLlNY>5]Eo0ZLlNZ>5[Eo0[LlNZ>6ZEo0[LkN\\>5ZEo0ZLlN]>5XEo0ZLmN_>4VEo0[LmN`>4TEn0]LnN_>6REl0_LnN`>6PEl0`LnNa>6nDl0aLnNb>6lDl0aLoNd>5kDk0aLoNe>6jDk0aLoNf>6hDk0bLoNg>5gDl0bLoNg>6fDk0cLoNh>6eDi0dLQOg>6eDi0dLQOh>6cDi0eLQOi>6aDi0fLQOi>6aDi0eLROk>5_Di0fLROl>5]Di0gLROl>5^Di0eLQOo>6[Di0fLQOP?7XDh0gLROQ?7XDf0gLSOR?7VDf0gLTOT?6TDf0hLTOU?5TDf0fLVOP:AaJd0hNf0fLUOh90eJ5mNe0fLUOg98bJNPOe0gLUOf9;aJLROc0gLVOg9>]JIUOb0fLXOm9=SJJZOa0eLXOR:>kII]Oa0fLXOV:`0aIHC?eLYO[:P1kHWO5`0dLZO`:m0fHYO6?bL]Of:k0_HXO9a0`L]Oj:n0XHTO>`0`L^Om:Q1PHPOc0b0^L^OS;P1hGQOg0a0\\L_O^;j0[GWOk0\\1Y8ROhFCo0Z1`8PO\\FHS1X1c8TOSFGY1T1g8XOmChN_1m0l1S1n8BSE]On1Q1U9]OlDCo1o0Y9ZOhDHn1n0]9^O^DET2m0a9^OXDFW2k0d9_OQDH[2h0g9@kCI]2g0l9^OeCL_2f0n9]O`COb2c0o9^O^C0b2c0Q:]O[C1c2b0U:]OUC2f2a0X:[OPC5g2`0[:[OlB6i2?[:\\OjB6j2>a:YObB;l2<g:WOZB?n2:l:TOSBd0P38P;SOmAh0R35Q;W1mDiNT;X1kDgNX;W1gDjMnLK]>Z2eDjMnLL_>Z2aDiMRMM^>Y2`DiMRMN_>Y2^DiMSMN`>Y2]DhMSMOa>Y2[DhMUMNa>Z2ZDgMUMOc>Y2XDgMUM0d>Z2UDfMWM0e>Z2TDeMXM1d>Z2SDeMYM1e>Z2RDdMYM2g>Z2nCdM[M2f>XOVAP3g2fM]M1c>e2mCZM`M1a>i2nCUMcM1m0XOY<e3UERMfM0k0ZOZ<e3UEPMgM0g0^O\\<d3UEnLiM0d0_O^<d3TEmLjM0b0A`<c3TEkLkM0`0Ca<c3SEkLkMO`0Db<c3SEiLkM1>Dd<d3QEgLmM1<Ff<c3QEeLnM1:Hf<d3REbLnM38Hh<e3PEaLPN17Ij<g3nD^LQN27Ij<h3mD]LRN35Ik<j3ZCgKk0b0kN44Im<k3WCkKi0>nN34Io<m3SCoKh07RO52HR=o3nBULf00WO42IS=P4iBZLh0HZO51HV=W5]ClJ\\O6NG[=Y5ZCiJ^O7JI^=Y5YCfJ_Oo0Y=]4VCdJAo0X=_4WCbJ@n0Z=a4UCaJBm0Y=b4VC`JAm0Z=d4TC_JBl0[=e4TC^JAl0\\=g4RC^JAk0]=h4QC]JBk0]=i4PC\\JCk0]=j4PC[JBk0^=k4oBZJCj0_=l4nBZJDj0]=l4oB[JCi0^=m4nBZJDi0^=m4nBZJDi0^=n4mBYJEi0^=n4nBYJCi0_=o4mBXJDj0^=o4mBWJEj0^=P5lBVJFj0^=Q5lBUJEj0_=R5kBTJFj0_=R5kBTJFj0_=S5jBTJGh0_=T5iBUJHg0_=U5hBUJHg0_=U5hBUJHf0`=V5hBTJGf0a=W5hBRJHf0a=X5fBRJIg0`=X5gBPJIh0`=Y5fBoIJh0`=Z5eBnIKh0`=Z5eBoIJg0a=[5dBnIKh0`=Z5eBnIKh0`=[5dBmIKi0a=]5`BlINg0b=^5_BkI0g0`=X6`BhI`=X6`BhI`=X6`BiI_=W6aBiI_=W6aBiI_=W6aBiI_=W6aBiI`=V6`BjI`=V6`BkI_=U6aBkI_=U6bBjI^=U6cBlI\\=T6dBlI\\=T6dBlI\\=T6dBmI[=T6cBmI]=S6cBmI^=h7O0000001O0000010O000001XNbBRJ^=n5cBQJ]=n5eBRJZ=n5fBRJZ=o5eBQJ\\=n5cBSJ]=e7001ObCWGk:i8RE\\Gm:d8PE`Gn:`8oDdGP;]8lDiGR;V8kDPHR;Q8jDTHT;l7kDVHU;i7jDYHU;g7jD\\HT;d7jD_HV;a7gDbHX;^7gDeHW;[7iDgHU;Y7jDjHT;V7lDlHS;S7mDnHR;R7mDQIQ;o6oDaGd03Z:W9jEiFS:W9oEiFP:U9UFhFj9X9YFfFf9Y9^FfF`9Z9bFfF\\9Z9eFhFX9X9iFiFV9V9lFjFR9V9PGjFn8V9SGkFl8T9VGkFi8U9XGlFf8T9\\GkFc8U9_GkF_8U9cGkF[8U9gGjFY8U9hGkFW8U9kGjFT8V9nGiFR8V9oGjFP8V9QHiFo7W9THgFk7Y9WHfFh7Z9YHfFg7Y9[HfFd7Y9_HgF_7Y9bHgF]7Y9fHdF[7[9iHaFW7_9kH`FT7`9nH_FR7`9QI]Fo6c9T301O00001O1O00001N2O001O001O1O1O001O1O2M2O1O1O002N1O1O2N2N2N1O1O1O1O1O1O1O1O1N2O4L8H3M6J<Dg0YO;E1O2N1O1O1O1O1O0O2O1O001O0O2N101N1O2O001N101O0001000O10O1M3N2O1N101N2O1N2O1N2O001N2O0OQJi_O]5W`0bJk_O^5S`0cJo_O[5P`0fJQ@Y5o?gJS@W5l?iJV@V5j?jJW@U5h?lJX@T5h?kJZ@T5f?lJZ@T5e?mJ\\@R5d?nJ]@Q5b?oJ`@P5`?PK`@P5`?PKa@o4^?RKc@m4]?SKc@m4]?RKe@m4[?SKe@n4Y?SKh@l4X?TKi@l4V?TKk@l4S?UKn@l4P?TKQAl4m>TKUAm4h>TKYAl4f>TKZAm4d>TK\\Am4c>RK]AP5a>QK_AP5`>PK_AR5`>mJ_AV5_>kJ`AV5`>jJ^AY5`>hJ^A[5a>eJ\\A_5b>aJ]Aa5b>`J\\Ac5c>]JYAg5f>YJXAj5h>VJVAm5h>UJTAn5l>TJo@o5P?n0N20cJUAk2j>TMZAj2f>UM\\Ai2e>VM^Ah2b>WM`Ah2`>VMcAi2]>TMgAk2Y>SMjAm2U>QMnAo2f1YK_9g1oDo2^1aK_9]1VER3Y1dK`9X1ZET3T1gK_9T1`EU3m0kKb9n0cEX3h0nKb9i0iEX3c0RLc9c0mE\\3=TLe9<RFa37TLg98UFe32ULh93YFh3NWLi9M[Fn3IYLj9F`FR4C[Ll9AbFU4A\\Lm9[OeFZ4[O]LP:VOgF^4XO^LP:SOhF`4WO^LR:nNjFe4RO^LU:iNkFj4oN_LW:bNkFQ5lN_L[:ZNlFX5hN`Ln<POjAe3W1]Mm<lNPBf3R1_Ml<lNTBd3o0bMk<jNXBc3m0cMj<jN[Bb3j0fMh<hNaB`3g0iMg<gNdB_3e0jMf<fNgB`3b0lMd<eNlB^3`0mMc<dNoB^3>PN`<cNUC[3:SN_<cNYCY37VN]<cN]CW34WN]<cN_CX33VN\\<aNbC[30UN]<`NdC[3OUN\\<_NfC^3LTN\\<_NhC_3KRN\\<_NhCb3JPN\\<_NjCb3IQNZ<^NmCc3GPN[<]NnCe3EoM\\<\\NoCg3CnM]<ZNPDj3ClM[<[NRDk3AkM[<ZNUDl3_OkMZ<ZNWDm3^OiMZ<ZNXDGSO]3:bN[<YNXDHWO\\34dN\\<WNYDJYOZ32eNZ<WN\\DJZOZ3NfNZ<WN]DJ\\OY3LgNZ<VN]DK_OX3IgNZ<VN^DKAW3FiNZ<TN`DMAU3DkNZ<SNbDLAV3@nN\\<PNcDKDV6i;nIcDLEV6h;lIdDNFU6f;lIdDOGU6d;lIeDOIT6b;lIeD0KS6`;lIeD1LS6_;kIfD2LR6^;kIeD4NQ6];jIeD50P6[;kIeD41Q6Z;jIeD43Q6X;kIeD45P6V;kIfD45Q6U;jIfD56P6U;kIdD68n5T;kIcD8:m5S;kIbD8<l5T;jI`D:>k5R;kI_D:`0k5Q;jI_D;b0j5P;jI]D=d0g5R;iIZD?f0h5S;fIVDb0i0g5R;eIUDe0j0d5T;eIRDf0l0d5S;dIQDh0m0c5Q<\\JQDc5o;]JQDb5o;^JSD`5n;_JTD`5k;`JVD_5j;aJXD^5h;aJZD^5f;aJ\\D^5d;bJ]D\\5e;cJ\\D\\5e;cJ\\D\\5e;cJ\\D\\5d;eJ\\DZ5e;fJZDZ5g;fJYDZ5h;fJWDY5j;hJTDX5m;hJSDW5n;jJPDW5P<iJPDV5Q<jJnCV5S<jJmCV5R<kJnCT5S<lJlCU5U<jJkCU5W<iJiCW5W<jJiCU5X<kJgCU5Z<kJfCU5Z<kJfCT5[<lJdCT5]<lJcCS5^<mJaCS5`<mJ`CR5c<kJ^CT5d<kJ[CT5h<kJXCT5j<lJUCS5l<mJTCR5m<nJRCR5o<nJQCP5Q=PKoBo4R=QKnBn4S=SKmBj4U=UKlBj4V=UKiBj4Y=VKgBi4Z=WKeBi4\\=XKcBf4_=ZK`Bf4a=[K^Bc4e=\\KZBd4h=[KXBc4i=^KVBb4k=^KTBa4n=_KRB`4P>_KPB_4R>aKmA_4T>bKkA\\4W>eKhAZ4Z>dKfA\\4[>dKeAZ4]>gKbAX4_>hK`AW4b>iK^AV4c>iK^AU4d>kK[AU4f>kKZAS4h>mKXAR4i>oKUAQ4l>nKUAP4n>oKRAo3P?PLQAo3P?PLPAo3S?oKn@o3T?oKm@P4Pa0N101N101O1N101N10001O001O001N2O001O0O2O001O001N101O0O101N100O2N10001N101N101N101N1O101O0O2N1O1O100O2N101N1O2O0O2M2O2N1O2N1O2O0O101O1O0O2O001O1N2O1O001O1N3N2M2O3L4L5K9G4M2M4L3L4L6HdkY6"}}]}