{"images": [{"id": 0, "file_name": "images/n01983481_11077.jpg", "width": 1290, "height": 730}], "annotations": [{"id": 0, "image_id": 0, "category_id": 0, "bbox": [414.0, 273.0, 251.0, 182.0], "area": 45682.0, "iscrowd": 0, "segmentation": {"size": [730, 1290], "counts": "i_W92ff04N1O10O3MXN:]\\OF_c0>a\\O@^c0d0`\\O\\O_c0e0Z12O1N4M2N1O0O2O001O1O000010O010O00010O0010O0100O001O1O1O1O1N2O1O1O1O1O1O1O1O0000001O00O10000O10O0100O10000BZOgZOg0Xe0\\OfZOd0Ye0^OfZOb0Ye0@eZOa0[e0AcZO?We0YOgZOW1Xe050100O10000O100O001N2O1O1O1000000O100010O100O010O2O0O1O010N@]Nk[Oc1Td0^Nl[Ob1Td0_Nk[Oa1Ud0_Nk[O`1Ud0aNk[O_1Ud0bNj[O^1Vd0cNi[O]1Wd0dNh[O\\1Xd0iNc[OW1]d0jNb[OV1^d0kNa[OU1_d0lN_[OV1`d0kN_[OU1ad0b001O00001O001O001O0f[OiMQd0X2m[OiMSd0X2k[OjMTd0^201O1O0010O000000001O00001O001O001N100100O1O100O1O01O010O01O010O0010O001O0000001O000000000100O1O1O2N1O1O1O1O100O1O1O2N1O3N5JSNf\\O<Xc0Cj\\O>Tc0Bl\\O`0Sc0^Oo\\Oc0ob0\\OR]Of0lb0YOV]Oi0gb0VO[]Ok0db0SO]]Oo0ab0POa]OQ1]b0nNd]OT1[b0iNh]OX1Vb0bNP^O_1oa0`NS^Oa1la0^NU^Oc1ia0]NY^Ob1ga0]N[^Oc1ca0]N^^Oc1aa0^Na]OXOi0Z2ea0fNZ^OZ1da0hN\\^OX1ga0iNT^OX1la0iNT^OU1la0kNU^OT1ja0lNW^OT1ga0nMb]Oe0i0]1ca0mMj]Oa0d0b1`a0mMo]O?b0e1\\a0mMU^O:a0j1Wa0lM`^O3;P2Ta0lMd^O29R2Qa0lMi^O07T2n`0lMl^O08S2k`0mMm^O09S2h`0mMP_OO;S2d`0nMQ_OO<S2a`0nMT_ON>S2]`0nMW_ON?R2X`0QNY_OM`0Q2W`0QNY_ONb0P2U`0QNZ_OOb0n1U`0SNW_O1f0j1S`0UNV_O1i0h1Q`0XNU_O1k0_1W`0`Nn^OOn0X1\\`0hNf^O0P1m0d`0SO\\^O0Q1k0d`0UOY^O2T1h0c`0VOX^O2X1f0``0XOW^O2[1f0]`0XOW^O2^1e0[`0YOW^O1`1f0X`0YOV^O2d1d0V`0ZOU^O3g1a0T`0\\OS^O4k1`0Q`0]OQ^O3Q2?n?^Oo]O4U2=l?@k]O5[2:j?Bg]O7`26j?7Y@Gg?7\\@Hf?4^@Jc?4a@Ha?5b@J`?2d@K`?Mg@0egm="}}]}