{"images": [{"id": 0, "file_name": "images/n01980166_2308.jpg", "width": 1290, "height": 730}], "annotations": [{"id": 0, "image_id": 0, "category_id": 0, "bbox": [424.0, 272.0, 472.0, 289.0], "area": 136408.0, "iscrowd": 0, "segmentation": {"size": [730, 1290], "counts": "bi^96bf04L4K4L5L3M3M2M3N1000O2N1N3NM30O01M3L3WOPOk[On0Wd0VOf[Oh0\\d0[O`[Of0_d0]O_[Oe0_d0^O][Od0bd0j0N3N1O1O1O01O1O100O001O1N01O11N1N300O1M300010O0O2O00O2O0O2O0O10000O1O1O1N20001O001N10000001O1O001O10ROkZO7Te0HoZO6Re0HP[O8Pe0GQ[O9od0GQ[O9nd0HR[O8nd0GS[O9md0GS[O9ld0HT[O8ld0HT[O8ld0GT[O:kd0GU[O9kd0GT[O:kd0GU[O9kd0GS[O<kd0FS[O;md0ES[O;md0FQ[O;nd0FQ[O;od0h0000000O100O2O0O4c[OUOeb0e2K2M2O1O1N2O1O1O1O0O2O1O1O1O10O0VOf]ObLmb0R3d0F9Jj]O]Mb`0\\2d_OeM[`0T2m_OjMT`0P2^2L5K4N20000O2O00O1000O10O100O100O2M2N2N3N1M3M4M2N2N3N1N3N1N3N1U\\OmMnb0U2n\\OQNnb0S3J5K3N2M4L3M3M4L4L3M3M3M3M2O2M2N2O1N2O2M4L4M2MWN\\_O`Mb`0^2e_O_MX`0`2m_O^MR`0a2R@]Mk?e2Y@XMe?i2]@VMb?i2`@VM_?k2c@TM[?n2g@oLX?R3k@lLS?U3PAiLn>X3YAbLf>_3[A_Ld>b3^A]La>c3aA[L^>f3eAXLZ>i3gAVLW>k3kASLT>n3nAQLQ>o3UBlKi=V4YBhKe=Y4]BeKb=\\4^BeKa=[4_BeKa=\\4_BcK`=^4aBaK_=`4dB^KY=c4gB^KX=c4hB[KX=f4]2101O1N100O2O0O101O0O101O0O100O2O000O101N1O10001N10000O10000O10001O000O100000000O1000000O1000O10O10000O10dLi^OU1Wa0kNi^OU1Wa0W20O100000000000O100O100O010O100O1O100O100O100O100O10O01O100O10O01O10O0100O1000O100O100O2O007H101cLh^OU1Ya0kNg^OU1Ya0kNg^OU1Ya0kNg^OT1Za0kNg^OU1Ya0kNg^OU1Ya0kNg^OT1Za0lNf^OT1Ya0nNf^OR1Za0nNf^OR1Za0nNf^OR1Ya0oNg^OP1Ya0QOg^Oo0Ya0QOg^Oo0Xa0ROh^On0Wa0ROj^Om0Wa0SOi^Om0Va0TOj^Ol0Ua0UOk^Oj0Va0VOj^Oj0Ua0WOk^Oi0Ta0WOm^Oh0Ta0XOl^Oh0Sa0YOm^Of0Ta0ZOl^Of0Ta0YOl^Og0Ta0YOm^Og0Sa0YOi^Oj0Wa0]2O1O00100O001O10fLn^Ok0Ra0UOo^Ok0Pa0UOR_Oj0n`0TOT_Ok0l`0UOU_Ok0k`0SOW_Ol0j`0ROX_On0h`0oN[_OP1f`0mN]_OS1b`0jNb_OU1_`0iNc_OW1[`0iNg_OV1Y`0jNh_OV1W`0jNi_OV1W`0jNj_OU1V`0lNi_OU1V`0kNj_OU1W`0jNj_OV1V`0iNi_OX1W`0hNg_O[1Y`0dNh_O[1Y`0dNh_O\\1X`0cNi_O]1W`0aNk_O^1V`0`Nl_O`1T`0_Nm_O:POZOSa0;n_OMQOmNNj0Ua0:m_ONQO4Ra0Nl_OORO3Sa0Kl_O2RO2Sa0Kl_O3QO2Ta0Il_O5PO1Wa0Gk_O7nN2Ya0Dj_O:lN2`a0_Oe_O>kNlNMn0ea0Ed_O`0jNnNMl0fa0Fc_O?kNoNLk0ha0Eb_O`0kNoNLl0ga0Db_Ob0lNmNLl0ga0D`_Od0mNlNLl0ga0C`_Oe0nNlNKk0ha0C__Og0oNjNJl0ia0A__Oi0oNhNJm0ia0A__Oi0WOFZa0@`_OBdNT1b0I[a0_Oa_OBeNU1?J[a0_Oa_OBeNT1`0KZa0^Of_Oh0POJZa0^Of_Oh0POI[a0^Oe_Oi0QOIZa0^O]_OEiNU1`0HZa0^O]_OEiNT1`0JZa0]Od_Oi0ROI[a0]Oe_Oi0POJ[a0]Oe_Oh0QOKZa0]Oe_Oh0QOK[a0\\Oc_Oj0ROI\\a0^Oa_Oi0SOI\\a0^O`_Oj0SOI]a0]O`_Oi0TOI]a0^OY_OFgNT1c0H]a0_OX_OEhNT1c0G_a0_O[_Oi0WOH^a0@Z_Og0YOH^a0AY_Of0ZOI]a0BX_Od0\\OI^a0CV_Oc0\\OJ^a0DU_Ob0]OJ^a0ET_Oa0^OI_a0GR_O?@J^a0HQ_O>AI`a0In^O>BI`a0Jm^O=BJba0Ij^O>CIea0Ig^O=EJda0Jf^O<FIfa0J_^O_OSOo0h0Hfa0L\\^Oa0MDga0LZ^Oa0OBha0MY^Oa0OBha0NX^O`00Bia0MW^Oa00Aka0NT^O`02Bja0NT^O`02Ala0OR^O?1Cna0NS^O;0Fna0OT^O9NHoa0No]O^OYOl0i0Hoa0Nn]O_OZOk0i0GQb0Nl]O@[Oj0h0GRb00j]O_O\\Oj0h0FSb01i]O_O\\Oj0h0EUb01m]O:NDWb01k]O<MCXb02j]O]OXOk0e0E[b02h]O^OZOj0b0F\\b02n]O;CBab02l]O>A_Odb04i]O`0@\\Oib03f]Of0]OVOnb04d]Oi0\\OQOSc06a]Oi0[OPOVc06b]Oh0WOPOZc08_]Oi0VOmN]c0:\\]Ol0UOgNac0=Z]Om0nb0SOR]Om0nb0ROR]OQ1kb0POU]OR1ib0mNY]OR1gb0mN[]OR1eb0nN\\]OQ1db0nN]]OQ1db0oN\\]OQ1eb0oN\\]On0fb0RO[]Ol0eb0UO^]Oj0_b0SOg]Oj0Yb0QOY^Oa0Sd0M3M2N4H^_h8"}}]}