{"images": [{"id": 0, "file_name": "images/n01914609_5721.jpg", "width": 1290, "height": 730}], "annotations": [{"id": 0, "image_id": 0, "category_id": 0, "bbox": [125.0, 147.0, 929.0, 529.0], "area": 491441.0, "iscrowd": 0, "segmentation": {"size": [730, 1290], "counts": "_^i21gf03O0O2O001O00001O00000AI[ZO7de0MYZO4fe0MYZO3ge0NXZO2he0OWZO2he0NXZO3he0MWZO3ie0NVZO2je00SZO1me0?0O0001O0YOWO^[Oi0`d0YO_[Og0ad0ZO^[Og0ad0YO`[Of0`d0ZO`[Of0`d0ZO`[Og0_d0YOb[Of0^d0[Ob[Od0_d0[Oa[Of0^d0ZOd[Od0\\d0]Od[Ob0]d0^Od[Oa0\\d0^Oe[Ob0Zd0_Oe[Oa0\\d0^Od[Ob0\\d0^Oe[Oa0[d0@d[Oa0[d0_Oe[Oa0[d0_Oe[Ob0[d0]Of[Od0Xd0\\Oh[Oe0Wd0\\Oi[Od0Vd0\\Oj[Od0Vd0\\Oj[Oe0Ud0\\Oj[Od0Vd0\\Oj[Oe0Ud0\\Oj[Od0Vd0\\Oj[Oe0Ud0[Ok[Oe0Vd0[Oi[Of0Vd0ZOj[Oh0Td0YOk[Oh0Td0XOl[Oj0Sd0VOl[Ok0Sd0UOm[Ol0Rd0TOn[Ol0Rd0UOm[Ol0Rd0TOn[Ol0Sd0TOl[Om0Sd0SOm[Om0Td0SOk[On0Ud0QOk[OP1Td0QOk[OP1Ud0oNk[OR1Td0oNk[OR1Td0nNl[OR1Td0nNk[OT1Ud0lNj[OU1Ud0kNk[OV1Td0jNl[OV1Td0kNk[OV1Ud0iNk[OX1Z2`NQ?9d^OW1Z2aNR?9b^OX1[2_NS?9b^OX1[2_NS?:`^OY1\\2]NT?:`^OY1\\2]NT?:_^O[1\\2[NU?;^^OZ1]2[NV?:]^O\\1\\2ZNW?:\\^O^1\\2XNX?;[^O^1\\2XNY?Y2g@gMY?Z2f@fMZ?Z2f@fMZ?[2e@eM[?[2e@eM[?[2e@eM[?[2e@eM[?\\2d@dM]?[2c@fM\\?[2c@fM\\?Z2d@gMUOKc>^2UAbMI4>Nc>\\2c@bMJ2a03>Md>\\2c@bMJ3`02>Mf>]2`@cMJ2b01>Mf>]2`@cMJ2b01=Ng>\\2`@cMJ3a00=Oh>[2`@cMI4b0O<0j>Y2_@eMH3c0O;1k>Y2^@dMI4b0O;0l>Y2^@dMI4c0N92n>X2\\@dMJ5b0M93o>X2[@cMK6a0L:2P?Z2X@cML6a0L:2Q?Y2X@cML7`0K;1Q?[2X@bMFNM:h0J;1T?[2U@bMGNM:h0J;1T?\\2T@aMHL0<c0K=OV?^2P@`M28:L<OX?^2o_O_M3:8J>OY?^2m_O_M4;7I>0Z?^2k_O^M8:5J>O[?_2j_O^M8;3J?O]<H_Eg2XM^M:;2I?0\\<K_Eo2dM]M1J>1]<K`El2cM`M1H>1_<L^Ek2dMaMOI=1c<J]Ej2dMcMMI<3g<G[Ej2fMcMJJ;4l<EYEi2hMdMDL=4o<DVEb0\\MW1`0XON[OQ=EUE`0\\MX1a0WOL]OS=ERE?^MX1a0XOI^OV=EoDe2QNXNI^OY=ElDe2RNXNH_O[=DjDe2SNXNH_O\\=DhDf2SNWNI^O_=DcDh2UNVNH_Oa=D_Di2WNTNG@f=CZDi2YNTNEAj=ESDg2^NUNB@m=MiC_2hNSOa=hN\\CU2SOSOa=iNZCV2TOPOd=iNXCW2TOPOe=iNUCX2VOoNe=jNSCY2WOlNh=kNPCZ2WOkNj=lNmBY2XOlNl=lNjBY2YOkNo=lNfB\\2WOhNU>lNbB`2UOeNY>lNaBo4`=QK_Bo4b=QK]Bn4e=RKYBo4g=RKXBn4i=RKVBn4i=UKUBj4V<PJ^DLiN]1a0f4W<WJWD]1A\\4W<\\JSD\\1BX4[<`JnC_1BQ4`<bJlC^1BP4b<dJjC_1@o3f<dJgC_1@n3j<hJaCc7_<aH[Ca7f<Y12N1O1O1O001O1N101O2M3NQCdFe0O\\O1m:Z9REgFc02ZO0Q;V9REhFb05WO0U;R9QEjFa0d0^:b8PEkFa0d0`:`8mDnFb04YO0X;n8lDnFc04[OOW;P9hDnFe03]OOd0Ei9f9VFgF\\OOd0Ek9c9UFjF[OOb0FQ:^9RFlF\\O1?GU:Y9PFoF[O3>GX:U9oERG[O2=HZ:R9nETG\\O2:I]:P9mEVG[O2:H`:o8jEXG\\O0:J`:n8iEYG\\O0:Ic:l8gE]G[ON;Ie:j8dESHETOk:f8_EWHESOn:d8]EZHDROR;a8ZE^HCQOT;`8XEhG_O33FX;]8VEkG_O21G\\;[8REnGA`0^;a7PEZIQ;e6mD\\IT;c6lD^IU;a6hDaIZ;^6bDfI_;Z6^DgIe;X6YDiIh;c82O0O100O100_NSDTHm;m7TDQHl;P8UDnGj;S8ZDiGe;Y8\\DeGc;\\8^DcGa;]8aDbG_;_8`DbG^;_8bDaG^;`8`DaG`;`8_D`Ga;a8^D_Gb;l9O11O0001O0OlEcDUOKc9a;XGnDf8R;UGUEh8k:RG^Ek8b:QGeEm8Z:RGiE[7hNcIn0kNV98WGW7gNdIl0oNHMZ8:\\HV7fNdIj0QOILY8;_HT7dNcIk0ROJKV8>cHk6]NTJP1iNIIW8a0dHh6\\NUJo0iNIKU8a0iHd6[NVJn0jNGMW8>lHW8UO`GFLY8=mHV8TObGEK[8;nHW8ROcGDL]89nHW8QOeGCK_8MYIc8dNeGCLa8JYIe8dNdGAOR;^8\\EcGBOR;^8\\EcGBOR;_8[EbGB0T;]8ZEdGAOU;^8XEdGDNT;^8WEeGDMV;]8VEfGDLX;]8TEgGDLX;^8SEfGDNY;[8REiGCM\\;Y8QEjGCM];Y8oDkGCM^;X8mDmGDJ`;Y8jDPHDHc;X8fDTHBGh;V8cDlH];V7`DkHa8_NmIg8`MkHb8lNaIZ8lMjHd8POiG^Of0k8kNhHe8SOdGBd0d:i7iFoG]9P8iFjGW9W8kFfGU9Z8mFeGR9[8PGcGP9]8SGaGl8^8\\G\\Gb8c8eGXG[8i8j2106I5K4K9H7H7J`0@6J3M2N3N1N2N2O2M5K3M3M2N2O1O2M4M1N2M2O3M2N3L3O001O5KcEjEW8U:gGnEX8R:`GVF[8n9dGTFZ8n9aGVF_8j9[G]FV8YOgFY:P1aFY8ZOcFV:2fEa0m0k8l9bFYE<Q1S9f9^F]E<m0X9f9[F^E;l0\\9f9XF_E9l0a9e9VF`E3n0i9`;1O1N2N2O01N2O1N101O2N1mF[CP8g<lG_Co7h=M2N2O00O1O1N2N200O1PC\\Gi;f8WD[Gg;f8ZDZGd;f8TD^GWOKe<g8TDbGl;`8mCXG^O9c<`8oCeGP<^8oC`GQ<c8nC]GP<f8oCYGP<j8oCVGP<l8gC[GZ<f8eCYG\\<i8cCUG^<l8bCRG]<S9aCkF^<X9dCdF]<\\9fC^F]<a9?L4J5O2N0O3N1^H`Bi5c=lIiBo5[=fIPCX6R=dIRCY6U=UIQBNl0j6f>1N4O10O01O1N3O1L4l@lH`>V7]AYIU>i6jAYIT>i6jAYIT>f7010O10K4iB]GX<c8eCiGR<W8kCoGS<o7lCVHR<i7nCYHQ<e7oC]HQ<a7QD`Ho;]7RDdHn;Z7SDhHm;W7RDjHU<n6jCUIW<h6hCYIZ<f6dC[I]<d6aC^Ia<`6\\CcIe<]6YCdIh<Z6XChIh<W6YCgIg<Z6YCdIi<\\6WCcIi<_6VCaIi<a6UCbIg<b6VCiI^<\\6^CXJm;`8I5K4N2N3L5L4L1O1N2M3K4M4N0100000O1O00M4@>N300O3M2O2O1N1L6H7K5M4N2M6K3L2O2N2N2N2M5J5K6J:F5L2O2NPCcGf;[8YDiGj;P8TDVHm;f7nCbHS<Y7kClHV<Q7hCRIZ<k6eCVI^<f6aC]Ib<_6[CeIf<Y6YCiIh<W6UCjIn<U6lBoIX=g73M4L4M3L2N3N1O0O3M3M3L3N2OgNSHfCk7Z<YHdCe7W<iGUCc0c0d7X<kGRCg0c0[7[<PIcCm6^<XI\\Cg6i<b11O1hFiBk8Y=SGkBj8[1UGW:M_Dm8W1^G`:a8^EnGV:R8hERHV:m7iEYHS:g7lEZHT:e7lEZHX:d7gE[Ha:^7^EcHd:\\7YEfHj:W7VEiHl:U7TEkHP;Q7PEoHU;l6jDTIY;j6fDWI\\;h6cDXI_;f6aDYI`;g6^DYIe;g6XDXIk;h6QDZIR<f6lC[Il;iNbCm7a0ZIm;o6RDoHP<Q7PDnHR<R7lCnHR<U7oCjHT<S7lCkHY<Q7hClH]<Q7dCnH^<P7dCnH_<P7aCPIb<l6_CTIe<h6[CWIj<e6VCZIm<d6SC[IP=c6PC]IR=a6nB]IU=c6jBYI\\=e6cBXIc=f6[BWIm=f6QBYIT>e6lA[IV>c6jA]Io<CgCm6[O`Io<EeCh6]OcIn<6UCV6MdIo<<oBn51gIQ==lBj55gIQ=b0gBf59gIQ=j0^B_5a0gIS=b7nB]HS=b7hBbHZ=_7eB^Hb1Gf9k7fDWH_1g0_9S7PEXH]1o0\\9j6VEXH\\1Q1]9h6UEVH^1T1^9h6QERHa1W1a9f6lDRHb1Z1d9j6[FXIh9e6XF\\Ii9`6hETHTO]1W;[6dE]HQOY1^;W6`EcHPOW1a;U6]E^Je:`5VEeJl:Z5PEiJQ;W5jDlJZ;S5_DQKf;l4VDWKm;g4nC]KT<b7eN`EaF^:`9cEaFY:a9gEYE0m0W:k9iEVE:h0k9S:lESE=i0d9U:oEQE`0h0`9]:gF[EZ9d:VGkDj8X;Y13N2O1O1O1O2M2O3M2M3N2M4L4L3N1O2N2N1O2M3M3NlDWF[9e9]FWFhN4m:c9[F\\FgN0P;a9XFcFfNLT;]9VFjFfNIU;Y9VFPGeNGV;R9[FWG`NEW;o8^F[Gj9b8XF]Gj9_8ZF`Gh9[8jE]GmN6];Y8gEfGgN0f;U8eEoGaNLl;Q8dEaH^:Z7dEgH^:X7`EhHb:W7]EgHh:X7TEgHR;X7jDlHW;S7fDoH\\;P7cDoHa;P7[CUHl0j0l;X7QDhHQ<Z7jCgHX<Z7eCfH]<Z7aCeHb<Y7^CgHd<X7ZCiHi<T7VCnHm<o6PCSIR=l6lBUIW=i6hBVI[=i6cBWIa=g6^BXIf=g6WBZIk=i72N2M3N2LmBkGh;R8WDRHj;h7XD\\Hh;_7XDfHn9_O_Fg7BPIl9]O`Fa7CTIl9^OgEE0g7=WIl9^OeEJN^7`0\\Io9]OaEMMW7b0_IT:@XEONQ7c0dIX:CnDK6k6a0kI]:9QEj5>RJa:5PEi5;UJg:3lDg5<XJh:2kDf59[Jm:a7QEaHP;^7mDdHT;]7fDhH[;Z94L2M2O1O2N2N2O0O2O1N4K4L3N2N2N2N2O0O2N102M2M3N2N2N1O2N1O101N1N3MhNlFYD01R9f;gGXDW8i;jGVDU8l;kGTDS8n;mGQDS8o;nGQDP8Q<QHnCn7k1nFS8V1QFj7U<WHiCh7e1RGh8Y1_Ed7d1\\G^6KSJU1kMa7e1bG[6KSJm9AZF]6KPJj9B[F`6L_IIeNP:V1aFh6F[IV:LUFj6HVIT:OTFl6ITIQ:NVFR7JoHo9E`F^7AmHn9AeFc7^OkHl9\\OlFk7WOiHl9ROVGW8oNgHi9ROUG[8ROcHh9ROUG^8SO`Hg9POWGb8QO^Hg9POXGc8RO]Hd9oN[Ge8SOZHb9PO[Gh8SOWHb9oN[Go8POSHc9nN\\GS9POnGb9PO\\G^9iNcGi9oN[Gd9kN]Gi9nNZGh9nNZGg9kN]Gl9lNZGS;f8oD[Gn:f8REZGm:f8TE[Gj:g8UEQGKQOo:P:UEmFU;U9hDkFX;\\:0O100mEgDe8Z;XGjDe8X;YGkDe8V;XGnDf8S;WGoDi8Q;VGoDk8Q;SGQEm8o:QGREQ9m:mFUES9k:lFVET9i:lFXET9g:kF[EV9d:hF^EX9a:hF`EX9_:gFcEY9]:eFeE[9Z:cFhE^9W:aFkE`9T:_FmEa9R:_FoEa9P:^FRFc9m9\\FSFe9l9ZFVFf9h9YF[Fh9c9XF^Fh9a9WFaFj9]9VFcFl9\\9RFfFo9X9RFgFP:X9oEiFU1]Nb7i:YGiFS1dNb7c:YGjFS1eNd7X<[HiCf7V<YHlCf7S<ZHnCf7R<YHnCi7P<VHQDc4CbM[<kMSDa4EcMX<kMSDb4GbMU<lMUDb4FcMS<kMXDa4FlLLWNV<;YDb4FkLMVNT<;[Dd4DkLOTNQ<=]Dd4CjL2SNn;>^De4CPLIUO:Fk;>bDg4_OPLLUO8Ek;=cDk1XO;3fNMTO9Bk;=eDl1[O;LhN2PO5Ek;<gDl1]OS2NPL2Dk;=iDj1^OU2LQL3Bi;=kDj1^OU2MQL2Bg;>lDk1^OY1HmL5N3Cf;<nDl1]OY1ImL4N3Dd;;PEm1\\OX1KlL4O1Ec;;REm1[OW1MlL3O0Fc;:SEm1\\OW1LlL200Ga;9UEm1_OU1KmL010F`;:VEn1_OT1LlL02NF`;:XEm1@T1KlL03MF^;;YEl1BT1LjL03LG\\;<[El1BS1LkLO2MG[;<\\El1BS1LlL00LGZ;>\\Em1BR1MkL1OLGX;>^En1AR1NkL0Oe;6lDo1AQ1NkL2Mc;6mDQ2AQOZO=d0]N3L`;8nDR2APOZO=e0]N3J_;8nDV2AmN[O?c0]N4H^;9oDV2AnN[O>d0\\N4H\\;:oDX2BkN\\O?c0\\N5F[;<PEX2AjN]O`0b0]N[<0VDY2AiN]Oa0b0\\NY<1WDZ2AgN^Ob0b0[NW<2XDZ2BfN^Ob0c0[NT<2ZD\\2AeN^Ob0d0[NQ<2\\Dd1hNhNj0d0^Oc0c0[NP<1^D^2AbN@d0a0ZNo;1_D`2BaN_Od0a0YNo;2`D`2@aNAd0a0XNm;2bDa2@`NAe0`0XNk;3dDa2@^NCe0?XNh;5gD`2_O^NDd0>ZNf;4iDa2_O\\NFjNCd1j0`Ne;4jDj1eNaNj0c0L=8`Na;5lDh1hNcNg0b0M>8_N`;5mDh1hNcNg0c0M>7^N_;6nDi1hNbNf0c01<4`N_;5nDj1hNbNg0c01<3_N^;5PEk1hNbNe0d03;b<cNoCk1hNbNd0f049a<cNoCl1hNcNd0d05;`<`NoCo1hNbNd0d06:Q>`0VAaNd0d06;o=`0XAaNb0e07:o=`0XAaNb0d09:m=gNn@a1;iNb0e08:l=gNRA_18jNb0f0:9j=gNSA_18kNa0f0::i=fNTA_18jNa0h0:QOkNm0n>POVA^17lN?h0=oNkNn0m>oNVA`16kN`0i0<oNlNm0X?>QAmN?i0=nNkNn0X?>QAmN>j0>mNlNm0X?=QAnN>k0=mNmNl0W?>QAnN>k0>mNkNl0X?=QAoN>k0?lNlNl0U?>SAoN<l0n0Fb=?TAoN;n0Q1Aa=b0SAnN;P1R1_O_=c0TAoN:o0U1^O]=d0SAPO;m0V1_O\\=c0TAPO:o0W1]O[=c0UAQO9m0Y1_OY=b0VARO8l0[1_OW=c0VARO8k0]1_OU=c0WARO7k0`1_OR=c0XASO6i0b1AP=c0XASO5h0f1@n<d0XATO4g0g1Am<c0YATO4g0g1Bl<c0YATO3g0j1Aj<c0ZATO3g0j1Bi<b0ZAVO3f0k1Ah<c0ZAUO4f0k1Ah<Of@Od0K3f0l1@g<Og@0c0K3f0m1YOYMJ^?<e@0d0K4f0m1WOl<5`@5c0I3f0o1VOk<6`@5c0J3e0o1VOk<4a@8a0J3e0P2UOk<4a@7b0J3f0o1UOk<3b@8a0J3f0P2TOj<3c@8`0L2f0Q2SOj<2d@8`0M1e0S2ROh<4e@8?M1e0T2QOh<2f@:>M1f0]b0\\Oc]ON0e0^b0\\Oc]OOOe0^b0[Od]OOOe0^b0\\Oc]OOOe0^b0[Od]OOOf0]b0ZOe]O0Ne0]b0\\Oe]ONOf0\\b0[Of]OOMg0]b0YOg]O0Lg0\\b0YOh]O0Mf0\\b0XOi]O2Kf0[b0XOk]O2Ig0[b0WOm]O1Hh0[b0XOm]O0Hh0[b0WOn]O1Fi0[b0VOP^O0Fi0[b0VOP^O1FKUOh0Tc0\\OR^O1Kb0Qb0_OT^ONMa0Pb0@U^ONKb0oa0@W^OMKc0na0^Od_Oa0\\`0_Oe_Oa0[`0_Oe_Oa0[`0^Of_Oa0[`0_Oe_Oa0Zc000O10000O100O01000O1000000O100O100O1O1O10O01000000O01000O102L5K_kW5"}}]}