{"images": [{"id": 0, "file_name": "images/n01914609_7360.jpg", "width": 1290, "height": 730}], "annotations": [{"id": 0, "image_id": 0, "category_id": 0, "bbox": [374.0, 224.0, 555.0, 396.0], "area": 219780.0, "iscrowd": 0, "segmentation": {"size": [730, 1290], "counts": "iQ[82cf0;I4L8H2N3N2N1N3N1O1O1O001O001O001O4L4K3N1O1O1N1JXNY[Oj1dd07O2h[ORNbc0o1\\\\OSNbc0n1]\\OSNcc0n1[\\OTNdc0l1[\\OUNdc0m1Y\\OUNgc0k1X\\OWNgc0j1V\\OXNjc0\\201O001O00000I7N2N2ZMSMW@OJP3k?VMV@0Kj2n?ZMS@1Kf2o?]MT@0Jd2k?fMX@HJb2n?jMT@HJ_2Q`0nMP@FK]2V`0RNi_OW3W`0e110000O0100000O10000000000O10000O010O10000OjNmIgAS6W>RJfAn5Z>TJeAj5[>YJcAg5]>[JaAe5_>^J^Ab5b>`J\\A`5c>bJ\\A^5d>cJ[A]5e>eJYA[5g>fJXAZ5h>iJVAV5j>nJQAS5o>PKm@Q5S?[100000000000000001O00001O0000001O00001O001O1O010O1O1O1OSAmHS>S7iARIW>n6eAVI[>j6bAXI_>a710O00O2O000O10000O1000O0H9L3\\OlGbBV8]=mG`BT8_=oG_BP8a=e000O0010O12N1O100O001O1O1O1O1O01000O010O1O100O1O1O001O0O4M1O1O1O1O1N2O00001O1O2N1O1O2M3nCiEU;`:eDgEV;]:gDfEW;\\:gDeEY;\\:bDhE];l:O0O2O000O2O0000O1000O10O101O000O1000001N100O2O1N1O2O1N2O1O1N3M1001O001O1]DcEg:_:QEiEm:R;O10O100000O2O001O00O1000000O1O1O2N1O2O1M3M3N1O2N2M3M3L3N2M4G8I7K5M3N3M2O2N2O1N200O1O3M00O2L5M2N2PDTFo:o9jDYFR;j9eD_FX;f9`D^F`;`:M5L1N2O1N2N2N2O1O0000O1010O010O010O2OO00001N1O2M3dNPEiFT;S9VEcFn:Y9ZE`Fi:U9eE`Fd:^9^1M4M1O01O3M;E3M4L3M2N2N2N2N1O1O1O1O1O1O100O1O1O0010O10000O1\\NmC_HU<^7oC_HV<\\7mCaHT<^7oC_HQ<`7QD_HP<`7RD\\HQ<c7RDYHo;g7UDSHn;l7UDoGm;Q8_1O00001O0001O0O101O0000001O0000010O01O1O1O2N3N1N1O1O1O2M3N1O01N1O1O1N2O1N101O10O0100000O010O100AfA]H[>b7iAYHY>g7=0000000000000O1O100O101O000O100001O0hN_AWJa>g5dAVJ\\>g5iAWJX>f5lAWJV>g5nAVJR>i5RBTJo=k5TBQJn=n5UBoIk=P6XBnIi=Q6YBlIi=S6`1O0O100O100O0011N100O100O101N1O100ORKc_Ob3\\`0^Le_Oa3Z`0^Lh_Oc3W`0[Lk_Oe3U`0YLm_Og3T`0WLm_Oj3S`0SLo_On3Q`0PLP@Q4P`0mKQ@S4P`0kKQ@V4o?gKS@Z4m?bKV@`4i?]KX@e4h?YKY@h4g?VKY@k4i?RKW@P5k?kJV@V5f`02J6M2N3M3M2N3N101O00001N10001O0000001N1000000000001O0000YNd_OPM\\`0o2f_OoL[`0P3h_OnLX`0R3i_OmLW`0T3i_OkLW`0V3j_OULGH``0U3d_OTM7JHL]`0T3g_OVM6CL1W`0U3h_OXMm0@\\?W3i_OXMl0@\\?V3j_OZMj0^O]?W3j_O[Mj0\\O^?X3i_O\\Mj0XOc?0Y_OQ3;fMoa0X2R^OiMma0W2T^OhMla0X2T^OiMka0W2V^OiMia0W2W^OiMia0X2V^OiMja0V2V^OjMja0V2W^OjMha0V2X^OjMia0V2V^OkMia0Df]Od0O8c0_Oja0_Oh]OV2>\\NYb0c1g]O]NYb0c1g]O^NXb0c1h]O\\NXb0d1h]O\\NXb0d1h]O]NXb04V]O<b0@Xb04V]O<b0@Xb03W]O=a0@Xb03W]O=a0@Xb03X]O<`0BXb01X]O<b0BVb01Z]O<`0CVb01Z]O<`0CVb01Z]O<a0BVb00[]O=?CVb00[]O<`0DVb0N[]O>`0CUb0O[]O>`0CVb0M[]O`0?CWb0LZ]O`0a0CUb0L[]Oa0`0CVb0K[]Oa0`0CUb0L[]O`0b0CSb0L\\]Oa0a0CTb0K[]Ob0a0CTb0K\\]O`0b0DSb0K[]Oa0b0DSb0K\\]O`0b0DSb0K[]O`0d0DQb0L\\]O?d0DQb0K\\]O`0f0BPb0M[]O`0f0Boa0N\\]O>i0@ma00\\]O?i0_Oka02]]O=j0_Oka03[]O>]d0@e[O8bd0H^[O7dd0H][O6ed0H][O6dd0I^[O5dd0I^[O4ge0MUoP8"}}]}