{"images": [{"id": 0, "file_name": "images/n01980166_7309.jpg", "width": 1290, "height": 730}], "annotations": [{"id": 0, "image_id": 0, "category_id": 0, "bbox": [272.0, 192.0, 603.0, 297.0], "area": 179091.0, "iscrowd": 0, "segmentation": {"size": [730, 1290], "counts": "oYR63ef03M3N1N3M2N3N1O2O0O1O1O101N10001O1N2O1O0O10000O10O10O10O1O001O10O0100O1O001O001N1N3O1O00100OZ[OCPc0>n\\OEQc0;n\\OFQc0;n\\OGQc09n\\OHQc09n\\OIQc07o\\OJob07P]OKob05Q]OKob05Q]OLnb04Q]ONnb02R]OOlb02i\\OZOYOg0nc0Oh\\O;Wc0Eh\\O<Wc0Eh\\O=Wc0Dg\\O=Yc0Cf\\O>Yc0Cf\\O>Zc0Cd\\O>\\c0Da\\O=^c0F]\\O=cc0FW\\O=ic0Z1cJXMhFh2X9YMgFh2X9ZMfFf2Z9\\McFg2[9[McFS3P9mLoFS3Q9nLnFR3S9mLmFS3T9mLkFS3V9mLiFR3X9oLfFQ3\\9PMbFn2a9RM]Fn2e9RMZFm2g9SMYFm2h9SMVFl2m9TMRFj2Q:VMnEg2U:ZMjEd2Y:\\MeEd2\\:]McEa2_:`M`E_2a:bM^E]2d:cMZE]2g:dMWE[2l:eMRE[2P;eMnD[2T;eMjD\\2W;dMhD[2Z;dMfD\\2[;dMeD[2\\;eMcDZ2^;gMaDY2`;gM_DY2b;gM]DY2c;hM\\DW2f;hMZDX2g;hMXDW2j;iMUDV2m;iMSDU2o;lMPDS2R<mMlCR2W<nMhCQ2Y<oMgCP2[<PNdCo1^<QNaCn1a<RN^Cn1b<RN^Cm1d<SNZCm1g<TNXCl1i<TNVCk1l<UNSCj1n<WNQCh1Q=XNnBg1S=YNmBg1T=YNkBf1W=YNiBg1W=ZNhBe1Z=[NeBe1[=\\NdBc1^=]NaBb1a=^N^Ba1c=`N\\B`1e=_N[B`1f=aNYB_1h=aNWB^1k=aNUB_1k=bNTB^1m=bNRB]1P>bNPB^1Q>bNnA^1R>cNmA\\1U>dNjA\\1V>eNiA[1X>eNgAZ1[>eNeA[1\\>eNcA[1^>dNbA\\1^>eNaA[1`>dN`A[1a>fN^AZ1c>fN\\AY1f>fNZAY1g>hNXAT1m>kNSAS1P?mNo@Q1S?POl@n0W?QOi@n0X?SOg@m0Y?TOf@k0\\?UOc@j0^?VOb@j0_?VO`@i0a?WO_@i0b?WO]@i0c?WO^@h0c?XO\\@g0e?YO[@g0f?YOY@g0g?YOY@g0h?YOW@g0j?XOV@h0j?YOU@g0l?YOS@g0m?ZOR@f0o?ZOP@g0o?YOQ@g0P`0YOP@f0P`0[Oo_Oe0R`0[Om_Oe0S`0\\Ol_Od0U`0\\Oj_Od0W`0[Oi_Od0Y`0\\Og_Oc0Y`0^Of_Ob0Z`0^Of_Ob0Z`0@d_O`0]`0@b_O`0^`0Aa_O?_`0Aa_O?^`0Ca_O=^`0Ea_O;^`0Ga_O9[`0Le_O3Y`00f_O0Y`02e_OO[`02d_ON[`04d_OL[`06d_OKZ`06f_OJY`08f_OG[`0:d_OF[`0=c_OC\\`0>d_OB[`0`0d_O@\\`0`0d_O@[`0b0c_O_O\\`0c0c_O]O]`0d0b_O\\O]`0f0b_O[O]`0f0b_OZO^`0g0a_OYO^`0h0a_OYO_`0h0`_OXO``0i0__OWOa`0j0^_OVOb`0j0^_OVOQ?bNWAY2GUOo>fNYAV2GTOo>gNZAU2GTOo>fN[AW2EROQ?gNZAX2CROR?gN[AX2BQOS?fN\\AZ2@POT?fN\\AZ2@POS?gN\\A[2@nNT?gN\\A[2@nNS?hN]A[2_OmNS?hN_A[2]OnNS?hN`Ac0fNf0f0OT?hN`A>lNk0?NV?iN_A:POP19NX?gN`A9ROR15NY?gN`A8SOT12NZ?gNaA6TOU10O[?fNaA5UOW1NN\\?fNaA4VOZ1JM_?eNaA4VO[1HLb?eN`A3WO^1EJc?fNaA2WO_1CJe?eNbA0WOc1_OIh?dNbA0WOe1\\OHk?cNcANWOc3V?_LdBb3\\=^LdBb3\\=^LdBa3\\=`LdB`3\\=`LcBa3\\=`LdB`3\\=`LdB`3\\=`LcBa3]=_LcB`3^=_LcBa3\\=`LcBa3]=_LcBa3]=_LcBa3]=_LbBa3^=`LbB`3^=`Ll@N`0b3d>`Lk@2=_3h>_Lj@4=]3i>`Lh@6<[3l>_Lh@8:Y3n>_Lg@:9W3Q?_Lf@;7W3S?^Lf@<6R3X?bLb@<5S3Y?aLb@>3Q3[?aLc@>1Q3\\?aLc@>0Q3^?`Le@?KQ3`?`Lf@?IQ3a?`Lh@?DR3d?_Li@?BR3e?_Lj@?_OS3g?^Ll@`0ZOR3j?^Ln@`0UOS3m?]LQA>QOU3n?]LRA>nNV3o?^LTA;kNX3Q`0]LUA<hNW3T`0\\LVA]4k>cKWA[4i>eKYAY4g>gK[AW4e>iK]AU4c>kK^AT4b>mK_AQ4a>oK`AP4`>PLaAP4^>PLcAo3]>QLdAn3\\>RLeAm3[>SLfAl3Z>TLfAl3Z>TLgAk3Y>ULgAk3Y>ULgAk3Y>VLfAj3Z>VLgAi3Y>WLgAi3Y>WLgAi3Y>WLgAi3Y>XLfAg3[>YLeAg3\\>XLdAh3\\>YLcAg3]>YLcAg3]>YLcAg3]>ZLbAf3^>ZLbAf3_>YLaAg3_>YLaAg3_>ZL`Af3`>ZL`Af3`>ZL`Af3a>ZL^Af3b>ZL]Ag3c>YL]Ag3c>YL]Ag3c>ZL\\Af3d>ZL\\Af3d>ZL\\Af3e>ZLZAe3g>[LYAe3g>\\LXAd3h>\\LWAe3i>[LWAe3i>[LWAe3j>[LUAe3k>[LUAf3j>ZLVAf3j>ZLVAf3k>ZLTAg3k>YLUAg3k>ZLTAf3l>ZLTAf3m>YLSAf3n>ZLRAf3o>YLQAg3o>YLQAf3P?[Lo@e3R?ZLn@f3R?ZLn@e3S?[Lm@e3S?\\Ll@d3U?[Lk@d3V?\\Lj@d3V?\\Lj@d3V?\\Lj@d3V?]Li@c3X?\\Lh@d3X?\\Lh@c3Y?^Lf@b3[?]Le@c3[?^Ld@b3\\?^Ld@b3\\?_Lc@`3_?_La@a3_?`L`@`3`?`L`@`3a?`L^@`3b?`L^@`3b?`L^@_3c?bL\\@^3d?bL\\@^3e?bLZ@^3f?bLZ@^3f?cLY@]3h?bLX@^3h?cLW@\\3k?cLT@^3m?aLS@_3m?bLQ@_3P`0`Lo_O`3R`0aLl_O`3T`0`Lk_Oa3V`0_Lg_Oc3Y`0^Le_Oc3[`0^Lc_Oc3]`0]Lb_Oc3``0]L__Oc3a`0^L]_Oc3d`0\\LZ_Of3f`0[LW_Og3j`0YLS_Oi3m`0WLR_Oi3Pa0WLm^Ok3Sa0VLj^Ol3Va0l01O0nKk^O_2Ua0_Mm^Oa2Sa0^Mn^Ob2Sa0\\Mn^Od2Ra0[Mo^Oe2Qa0ZMP_Of2Qa0XMQ_Og2o`0XMR_Oh2o`0VMR_Oj2o`0TMR_Ol2n`0TMR_Ol2o`0SMR_Ok2o`0UMQ_Ok2o`0UMQ_Ok2Pa0TMP_Ol2Pa0TMP_Ol2Pa0TMP_Ol2Pa0TMP_Ol2Pa0TMP_Om2Pa0RMP_On2Pa0SMP_Ol2Qa0SM`^OUO;h3Ua0YMi^Og2Xa0XMi^Og2Wa0ZMh^Of2Ya0YMh^Of2Xa0ZMh^Of2Xa0YMi^Og2Xa0XMi^Og2Xa0WMc^OUOJd3ca0XMa^OUOLc3da0YM_^OSOMd3da0ZM^^OSOLd3ga0XM]^Om2ca0TM]^Ok2ca0V11VLX^O`2ha0_MZ^O`2fa0`M[^O_2fa0`MZ^Oa2ea0_M[^Oa2fa0`MW^Oa2ia0X1001O00001O00001O00000010O01O001O001O01O00001O010O000001O01O000001O0000000001O000000001O000000000000JU^O[Kna0b46N2O1L4I7N2O1N2O2M2O100O100O1O1O1N2O1O1O1O1O1O1O1N2N2N3N1N2O100O100O1O1O1O100O100O100O2O000O101M2O1O1O2O000O100O10000O1O2O0O1O1O101N100O1O2N101N10000O10001N10000O10HSNc[Om1]d0RNd[Om1Pd0YNo[OJ1m1oc0aNQ\\O^1Pd0bNP\\O^1Qd0cNm[O]1Vd0bNg[O^1[d0`00O101O1O1N101O0O2O001^N[[Ol0gd0SOZ[Ol0fd0TOZ[Ol0gd0SOY[Om0hd0ROX[Om0jd0QOW[Oo0id0QOW[Oo0ld0oNS[OP1Pe0<1N2O1O0O3N1N3N1XOeZON]e0GbZOK`01mWX9"}}]}