{"images": [{"id": 0, "file_name": "images/n01914609_3098.jpg", "width": 1290, "height": 730}], "annotations": [{"id": 0, "image_id": 0, "category_id": 0, "bbox": [0.0, 5.0, 1290.0, 719.0], "area": 927510.0, "iscrowd": 0, "segmentation": {"size": [730, 1290], "counts": "T?;a5FQK2f?8YEFQK2f?8YEFQK2f?8hBF@0QN3g?6fBL00Z=4eBNZMI]27[7OXJK`M8NJ@6nNIa25c3J_M6fLJ[34\\MLTO1N8_13VO4b0@VO2L6GMMLX42kL1^2P1QOkNmM7`0e0DBI<FYO1a0U1CQO1Ne0`3^OYL:c0DQ1J0T1_NjN`10cN2Mk0i00ZOXOKm1OcNW18iN4e3`0^LSOU1B;P1]NmNT1l1GoNVO\\25kL`0o1Y1PN]OZ2JjMPOJP1\\1mNdN6_2McMKO2m0Lm2c0YNZ1RN\\OY2LiMnNK:L9^1\\OeN5a2MhM0d4=VM[1SNSO`26`MnNG>05^1\\OeN4c2MfM1d4=WMZ1RNUO_25aMCFO_1[OeN3d2NeM1e4<VMZ1TNUO\\27bM;V1aNdN3c2NgM0W3NeM3fN5X2a1TNUO\\27bM:W1bNcN2c20fM0W3OeM0iN4W2c1SNUO\\27bMLEXOd1HaN2c2OgM1V3OoM2f0e1SNSO^2WOVMk0;OHYOb1K`NOc20jM1T30>g1ZLdNk2FiLj0;NIZOa=c1hBYNV30^Lk0=LH[Ob=c1^F[NlKi0?KF]Oc=b1]F]NkKh0a0KE]Oc=b1\\F^NkKh0b0JD^Oj02_;`1fG^NjKj0b0HE^Oj02_;_1gG`NhKi0c0HE^Oj02^;`1hG`NfKj0d0GE]Ok02^;`1hGAYL@F]Ok01^;b1hG@YL@F]Ol00\\;d1iG_OZL_Ob=S1TF_OYL_Ob=Q1VF@XL_Oa=Q1XF@XLnN]O9S>Y1XF@XLnN]O9S>X1YFAWL^Oa=b0kAUO^4k0VL^Oa=b0kATO_4>`KEf06k0_OQ;T1_CTO_4>aKDe07k0_OR;S1^CUOe48[KKd06D_Ol00^;S1]CWOQ59hKI@Ec=_1UGROjKF]OLe=>ZB2i4O[LCc<;ZB2h41ZLBd<:\\B3e41[LCc<9^B2d43ZLBd<9bBN`47ZLCc<8dBM_48lK]O@4T<JjDa0WOM^47mKEYOKZ<MQDO3c0NK]45oK@TOO43Y<LQD14a0LO\\4OTL@^O5^=:cB5[4KXL^O^O8\\=:aB9[4GjLGY<9aB:]4EiLHY<:_B:_4DiLHY<:_B:_4DgLJ[<8_B;^4CfLLX7G[L`0XK^OKf0d4JdK^Ob0`0g7F[L>YK]OL7O4d46dK_O?a0i7FnJMfM>YOCD7b46dK^O`0a0j7EZL;cKDC8g4N`KE?a0j7D[L;cKEB:0C2OS44WLL:`0o<OjBDAn0T4QOoKL24?>Q=OjBCBR1Q4lNRLO06=<T=LlBD@T1P4jNTL0O9:;U=JoBB_OV1R4iNRL2M9;<T=IXCg0Z3iNQL3M3NL>f0S=HXCg0e3lNcK31K<i0l<K^Cc0f3lNaK3f0d0d7ZOaJMlNd0ROc0e3kNbK3f0e0c7YObJMlNe0QOe0c3gNgK40K<d0A^OZ81^Lb0RLd0b3gNhK5NM<a0D_OW81^Lc0SLd0b3eNiK?74H_OU81_Ld0SLd0UOgNV4NPL`043J_OU81_Ld0TLh0b3SOkK1K@S81`Ld0ULe0d3UOiK2I@T82`Lb0WLc0c3ZOgK:l7XObLb0XLb0b3\\OgK:k7VOdLb0YLa0`3_OgK9k7VOlJKeNg0^O`0^3XOdKA4o0k7VOcLb0cLa0o2UOoKC1o0j7UOeLb0eLWOkNV1n3WOTLFOP1j7ROgLc0kLb0`NfNi3:^LINP1i7POhLe0kLi0T2hNcLJMQ1f<CfDl0R2eNfLKLQ1f<CfDm0R2cNfLMKQ1_<mN]Cf0a1l0R2cNfLMJR1_<IoDe0R2cNfLNHR1j7mNdLk0RMe0R2cNfL8F`0k7WObLk0UMd0Q2bNhLMF11j0h7XObLj0VMf0P2`NRMK_Om0g7XOcLi0VMP1e1WN]MI_Oo0f7XOdLi0TMS1d1SNfMi0n6XOeLh0SMT1d1TNfMg0n6YOhLe0PMX1c1SNgMg0m6ZOjLc0oLY1a1UNiMe0m6ZOiLd0PMY1_1UNkMf0k6XOjLd0RMY1^1UNjMj0W3kN]O;P1c0TMY1\\1UNlMP1l2iNG6h07jK1d1^O^NQ2l2ZNnMh0VOnNb37J2g0LmKO3:f1`1S1\\NnMf0o2XOC0h0K[L<e1BlMY1n2POXMF8l0]3]OBM`19`Mi0b0ROSMM9IHa0i3HBK`1;gMa0;IgMBW3Nh46PJ`0:JoMZOn27i46oI?;JQNXOl29i46oI`09JkMTOZO4k38g46QJ7ZM\\Om2g0hMCY3MQ4FaH`0V27ZM]Ol2f0hMDZ3L[ONf0HSL1>?V27ZM_Oj2d0VNXOn28ZO0d0JTLM`0?V2d04nNUM`0T1\\Ol2<YO0c0KTLMa0>V2e0;]OU2GQN2d0KSLLb0>A_O_2V1a0]O[2@lM9b02fL3@A`2S1b0^O\\2\\OjM>b01fL4^OAb2R1b0^Oh5KmJ2iL8P2=b0^Od1]OYO>E4lL7P2=a0]Oe1@VO;F4PM6o1>`0]Oe1BTO9F5SM4o1??]Od1IoN2K6TM3o1`0?[Oe1JmN1M5VM5k1`0a0[Oi1CjN7K3YM:g1CdM0Y30`1EnN7FMaMf0b1YOiM0S38b5FkKQ1VNnNa0e0T5YOWLT1U2]Oe6d0YI^Of6b0SInNUI`0^4_Of4S1fMFbM^O@GD6eMP1d5EbM@SOKdLK[39gMl0e5EaMBSOIeLKY3;iMj0e5EaMBSOJcLLZ39jMk0e5D_MAXOIaLN[36hMS1g5YO]MFZOI_LOl4Z1n1WO\\M_OVLMm23hL0k4Z1o1VO[M_OWLNm22gL1k4Z1QOcNlNc0]1_OWLNm22gL1k4Y1[MdNkN3T2`0Z1^ORO3]L0m4W1[MgNjN2S2a0U1GSO1JHmLKQ1Z1T1hNhN3T2`0U1HQO1JJlLKS1W1U1hNhN3U2?T1IQO1JJlLKS1W1V1fNiN4S2`0U1GRO2JFnLNP1Y1\\2iNGa0oL\\Oi38IJU1X1dNgNH2fL;4DQ8OhL[1eNdN0`0]LGT8IjL]1[2]Ok5c0UJ^Oi5c0WJ]Oi5c0VJ^Oj5b0VJ^OdLYOHLa1_1R2\\OdL[OGLHM\\Na1a5[OdL[OGLGO\\N_1b5[OfLYOo4\\1[NZOhLVOP5_1XN\\OPMUO_4_1aN\\OPMVOU25cKY1Y5[OoLWOU26bKX1Z5[OnLXOV26dIIg1^1b5[OmLWOlNN5`0_No0d5\\OlLWOkN05?_Nm0h5[OiLYOkN05?^Nn0n5UOdL^OkN05?^Nm0P6UOdL]OT2`0ZKm0o5UOcL^OT28gIId1\\1o5SOR3GWGU1h5TOR3EWGV1h5UOP3GWGT1i5UOm2KYGP1j5UOi2O\\Gl0l5UOSLD`2>_Kd0T6ZOkKG\\OMH>mNc0V6ZOhKI]OMF>oNe0S6VOPLEYO2E>ROc0W6mNnKMUO5D=UOb0g:lNVF5N=UOb0g:lNVF5N4TMLR2P1e:kNWF6M2VMMQ2P1Z:mNjCNg27M3VMKR2R1U:POmCIi27M;XO=QNTOR<7mCFj28N:XO<RNVOm7LoK=nNKK:ZO:TNVOn;8lFNH9[O8c:[O^F2E5@;l=@cB5B8aN_O[a0:V@5`NEGLf`05YA:ZNGA0i`00\\A9ZNIALh`09WA1aNDSOO=2n=NWD=J0aNCTO1<Of0MP<6^E;JObNBUO2;Oe0O]ONn;8SF:KNbNBUO3:Nf0O]OOk;9VF8KObN@UO59Nf0N^OOi;;WF7LNbN@UOl0j0WOBMi;<XF6LNbN@UOn0NWO2L1;7Cm;>WF6MMbN_OVOo0LXO1OO:=Af;>[F6NLiNi0jNnN087@M3o;<ZF80JkNP1jNeN0N:1g;:XF93IlNl0lNfN>3ILU;=hF:4HoNg0DmN\\OOS;<iF:5GRO9aN\\OS1L[O3P;;jF96HVOIa4Fc1`0`J87Ja=NXB5:N]=MYB2=d0g<SOc@LY2MlM1g2Y1l8kN^G0mLNU2Lo0\\1b4hNkK5BNlLMV2Lo0\\1b4jNhK4ENkLKX2Mn0[1T4fNRI3T36D6TOBl0Y1U4hNlHLN5]36D6SOFnMKb2Y1c4jNiHMO4]34F7ROHjMKf2W1c4jNiHMO4]34E8SOGjMKf2Y1a4hNSI0S37E6TOGkMJe2\\1`4eNUI1m2;I3TOFnMIc2_1XMbNR7O`I1V2NdM`0J_Oc2?WMEW24PNHb2g1n4]NWJMYN044L?M_Oa2=]MCR25Q1`1a4\\NXJMYN136I=1^Oa2=^MBn1:S1[1]4cN^JFWN434J=1]Oa2?^MAm1=R1Q1oLdNX71gH6V2KWNLGc01\\O_2a0`M^Om1?Q1P1RMcNU73gH6U24XN5`2NYOOk0m0`4VOcJKZN4^20ZONk0l0b4hN^H6S24ZN4^20YOOl0>PMYOd7I^H;P2InM04K0a0h20YO0k0=QMZOl75UHGd1N^N2L03;k2JQMKW2=j0<SMYOl7b0oIDUN26BY27L;b0:UMXOo7b0iIEVN18EV25N;b0;TMXOQ4NCd0SNFVN08FW23O<a0;TMXOQ4N_Oi0VNBUN0;DV24N<c0;RMZOQ4L_Oj0WN3_NQOW27M5i0`0mLZOR4K]Ol0XN3S1WO@5i0`0mL[OQ4J^Ol0XN3S1WO_O6j0>nL\\OP4I_Ol0YNUORNk0m2\\OYMHo1<T1<QM]Om3K^Ol0`NNg0_OXMHk1a0Z13UM_Oi3L_Ok0`N0d0^OZMHk1`0\\11WM]Oh32[Oj0cNO`0@\\MGj1a0]1Od1@gNh0`LWOP2d0a0G]MFj1`0^1Od1A[KO[11Hh0Q1K8G]MFj1`0^1Od1ATMN]Oi0o0L6G^MFi1a0_1Oc1AhNe0iNM6G^MFi1a0_1Ob1BlN`0hN04H^MFi1`0_12a1@nN>hN32G_MFi1`0_13a1\\OQO`0eN43F_MEi1a0_17oLZOP8=YJ51G_MEh1`0b1?cLYO<H\\7>lJ33I[O2`1Y2\\3^MPI4m23MO[O1a1]2]L]MU:LeH8XO1b1n2Y9QMSE2e1n2W9PMSE3f1m2W9PMRE5f1j2Y9QMPE6g1i2Y9RMnD7h1g2Z9QMnD9g1h2Z9oLoD9g1i2d6fL\\H5ZO;f1k2c6gLbJ>jNm2c6eLbJ?jNn20bLm21YN?iNo21aLn20WNa0iNn23`Lg7d0VHl2NcLm7b0THk2OdLX5MjIe0o0j2OdLX5LkIf0n0m2M_Ln7e0UHT3S;lLnD[3n1QLX35ZKl3Z1TLW31_Km3P1mKRK7^8O`Ka0WLBJV2o4bMQK6^80aK?ZL_OJY2l4cMQK6^80aK>]L]OI[2k4cMoJ8_80cGFf3h0SMg1V4bMPK9o5GYLa0^15VMg1U4bMoJ9P6JVL`0_14XMf1X4mMk0ITL:kMFf3e0_M_1a3jMaK=j5CSL=i1;ZM]1lNjMZ49bK6Z8ObK>bM^1m2aNn3DbK?dM_1g2^NS4DaK`0fM]1f2_NR4EbK?fM[1h2RNjKNV86aK`0gMY1i2lMhKM37Q6FlKa0h1`0hMX1h2lMjKM28m5ImK?i1?jMX1g2kMlKM0;l5FnK`0i1?kMV1g2mMTL5h79bK?lMPO_Nm1Z4TNRL3k7<`K>TNUOSN`1a=lNYFBXLe0W2g0Z;bNeB3l3b0XN>dMROb4Lh4OmJc0ZN;_MWOb4MS9?nDc0P2oNd4MPKc0]N`0P2TOSLKQ71_HNo3c0`N=n1^OjKEFM[7=eL9bN:n1^O`KA24NMZ7>eL9dN8_OPO5`0gMB32ONZ7<eL:eN7m1FaK_ONN[7;dL;fN6m1UOZK:7GN0j;d0kF5S2_OZKHO1h;b0mF5R2@YKJO0h;a0nF5EVOI:jM0MKm;`0nF5DYOHT1d9@oFZOVMc0^2AIQ1d9AoFYOXMc0\\2BIR1i4jNcMg0WNXOYMb0[2CJQ1h4kNTINk33VLf0d2ZOXMb0\\2ALo0h4lNWM1oKe0c28BSO:M^Mc0j;4jF?d2POhJOk;a0aFi0l2dNlJOi;b0YFT1Q3YNoJOh;d0VFh0gMQO2Gea0?b@Y1d?hN\\@_OhMc17ZNZa0e0g@]OjM4OU15gNYa0d0i@\\OkM11W12hNVa05d^O8X2DiM13V12hNVa04e^O9W2MkMm04jN^a0;d@\\1oM[N[a09f@\\1oM\\NZa08g@\\1nM^NZa06h@\\1nM^NZa06h@\\1nM^NZa06h@\\1nM]N[a07g@EgMa17cNo?LPA;S1DjM`14dNn?OQA9d1k0]MmNo?NPA:n1NkL58D]a09SBB]L3Qb0;T40Q^OCa==^BDb=<^BDb=<_BCa==_BCa==^41YJAoDa0Q;_OnDb0R;_OlDc0S;]OmDd0R;\\OnDd0R;\\OmDe0S;ZOmDg0c`00O1^OZOP[Oe0Qe0ZOP[Of0ce0N2O001O0000O2N2O0O02O0O101O0000bZO^Odd0b0[[O@R8Lh3e0VD@o7Nj3b0WD_OQ8Mi3e0VD\\Oed0c0i010O10oYO\\Oje0e051N1O1O10000`^OXOo<i0mB[OS=e0kB\\OQLKZ7Og1j0mJ^OoKK\\7Mi1i0lJ^OPLL[7Lk1i0\\KZOX<e0iCZOW<f0o4001O2M2O1bZOSOmd0n0hZOQO45Qe0S1jZOPO0Lmd0P1T[OYOQe0f0P[OZOPe0f0P[OSONNRe0o0oZOTOOMRe0a10N3O00000010O2N1O1Q[O[Ngd0n1NiNX[O^O1g0dd0Gb[O]ONk0_d0DX\\O6fc0I]\\O`0Xc0_Oi\\Og0Pc0[Oo\\Oe0Qc0[On\\Of0Rc0ZOf\\OA^OU1lc0ZOf\\OB]OT1mc0ZOf\\OA^OV1kc0YOP]Of0Pc0ZOP]Og0ob0ZOQ]Oe0UOkNbc0`0Y]Oe0TOmNbc0>[]Oe0ROnNbc0=[]Of0SOmNbc0=[]Of0SOlNcc0>Z]Og0mb0YOT]Oh0jb0XO\\]Oc0nNQOYc0<j]OP1Ub0nNn]OQ1Qb0oNP^OBiNW1Vc0VO\\^Oi0[NlNQc0;e^OR1Xa0nNg^OT1Xa0mNf^Ol0_NhNib0=h^Oj0`NiNhb0=h^Oj0`NjNgb0<j^OB\\NR12POhb0<R_Om0m`0TOS_Om0k`0SOW_Ol0h`0TOX_Ol0h`0TOY_Ol0f`0TOZ_Ok0g`0UOZ_Oj0f`0VO]_Og0d`0XO]_Of0d`0YO^_Of0b`0ZO__Of0``0ZOh_O`0V`0@k_O`0_MVO]b0:U@j0^MiNUb0=]@P1b?PO]@Q1c?oN]@Q1c?oN]@Q1b?PO]@P1d?PO]@P1b?PO^@P1b?PO_@P1a?oNa@o0_?QOc@n0\\?ROf@l0Z?TOh@j0X?VOi@i0W?WOj@h0V?XOl@f0T?ZOPAa0Q?@QA<P?DZAFbL1Wb08YABT?>d300000000000000000000000000000000000000O1000000001O00O01M3O1O1O100000000001O001N2O00]H@lH`0T7AjH`0U2@ZK2^2?W2AZK1]2?Y2@ZK2\\2?[7AeH`0[7^OgHa0Z7^OfHc0Z7\\OgHc0Z7\\OfHd0Y7]OhHa0X7@hH`0a4^OVF0YN4P7=a4DQFM\\N3R7<`4EQFM]N2R7;b4DbFOm4<k>0000O1001O0O10000010O00010O000001N10O100O10O1mG_OmIa0R6@nI`0S6_OmIa0S6^OoIa0U>000001O00001O00000000000000O100O10O10001O00010O001Od[OEYb0;_]OB_N5Qd09_]OD_N2Sd0;]]OD_N1Sd0<]]OD`N0Sd0<]]OE_NOc<MhJ`0VJD^N0d<LhJ`0VJD^N1Sd0;_]ON`b01a]O0_N1Yc0Of]OC[OU1mb0XOg]OFZOR1Q1jN_`0=V_OF[OS1P1iN``0>U_OD]OU1mb0WOf]OC^OV1lb0VOg]OC^OV1lb0WOg]OB]OW1mb0VOW^Ol0ha0TOX^Ol0LkNV`09m_On0_NhNS17^`02V_ODO\\1YOhNj0MZO<]a0OW_ODO\\1XOiNi00YO9`a0OP@o0_NhNf04YO7ba0NP@o0_NhNf0e0k`0DQ@n0^NhNf0g0k`0Ca_OC[O[1EeNe0i0`5WOQ5=iEESO2MX1OeNf0i0l`0D^_OGoNg1e0nNn`0D]_Og1CgNo`0B\\_Oj1CeNQa0Lk^Of1MdNYa0Fh^Og1NdNZa0Dh^Oh1OdNYa0Ak^Oj1MdNYa0Aj^O`0C4;KWa0Bk^O>D3<LVa0Bk^O?C2=LVa0Cj^Og11fNUa0Al^Oa1BmM`0P1Sa0@m^Oa17mNl`0Ck^OBDf1e0UOl`0Dj^OBEd1f0VOj`0Ek^OC@e1j0SOl`0Dk^Ob10lMDo0aa0C\\^O_O53Km1>QNDl0ca0C[^OC21Nm1=QNDh0ha0EW^OD3ONg1NZN5NO3Lb0oa0IR^OD;=C:2\\O;MFj0oa0BQ^OC9?D59[O6S1fa0YOo]OE86L>e08`a0]OW^OLFJI41Mj0k0`a0^Oi]OF252JJ31Mi0m0X7VOj18TFI403LI3R1j0P7XOi16TFJg0L[O1Q1c0jN_OV81i17RFKh0J\\O0R1d0iN^OW83c1:VFIf0J@MQ15iN62GT85d19VFIe0Kl01_N6^8L\\1e0lFVOm0b0l6B[1e0fHIo5B[1?kH0k5@Y1`0kH2l5]OZ1a0jH2m5\\OY1b0kH0n5]OW1c0mHNm5]O4OXHf0h1Lh>@^_Oe0j1Kf>B`_Ob0l1Ie>F__Oa0m1]On>2V_O`0mc0[OW\\Od0Pe000000001O001O00000000mG_OmIa0S6_OmIa0S6^OnIb0U>01OjN_OS\\Oa0Qb0_Ob^O4\\O=kc0CU\\O=mc0@S\\Oa0Se00O1000000l@]OQ8c0nG^O`02M`0C^O`03L?D_O?1Na0B^OR8b0nG^OR8b0oG]OR8b0nG^OR8b0[G]OTJ1a>b0ZG_OUJNb>b0XGA[9>fFBZ9>eFCU60`F=[3DZ9<fFDZ9<^F@QJ7_?9_F0`90^F3`9NiEFSK=T?MiEDUK?R?MiECVK2B4_?7eEC^K2^O5^?6eEDYKKF505\\?7eEEWKLG4O4_?7cEHVKb0W?GZE]O\\K;Kh0_?@WEA^K]1[?ROTEE_KZ1]?QOSEG^KX1`?QOQE\\1Q;cNnD[1V;cNiD^1X;bNhD]1Y;cNfDi0iKQOc?5dDb0W<^OjC;]<ERCGZL=k`0LRBKlL842o`0KoAc0PMCRa0JoAb0PMCPa0LQB`0PMBPa0OPBDmL`03KRa01nACnLa02JSa02dA@YM4M`03ISa04dA@WMo0L@[a01XAB_M2N_1[a0nNVAc1k>]NTA\\1aMVN[a0>SA]1bMUN[a0>SA\\1dMTNZa0`0SA[1eMRNYa0c0RAZ1W?eNi@S1`MaNga0<i@h0bMkN3Lea0`0f@h0l?XOS@?dMTOZb0=Q@8dMZO30Xb0>P@8PNZOPb0>]_OAeNf01XOoa0`0n_O8d`0H]_O7b`0JZ_O@iMc0nb0MX_OBiMa0oa0]Ol^O`0\\1BiMa0oa0]Ol^O`0\\1CgM`0Qc0NY_O0hMAob0?o^OFQN83Blb0a0j^OKXNG102Lkb0b0i^OLYNF2N2Mjb0e0h^OJZNE4MSc0d0^^OK[ND`c0b0S^OK^NAac0d0n]OLcN^Omb03\\]Oc0T1J\\b06f]OAab0=b]O@`b0?b]O@_b0>b]OA_b0?b]O@_b0>b]OAab0=n10jYOGf`0MXD;PKKf`0LYD9QKKf`0LYD9RKIg`0LWD<Ya00O1O1O100O2O0000000001Ob_OAa:?mCAWM1k>>nCAWM1k>>nC@XM2j>>`EB`:>_ECa:=_EBb:>^EBb:>^EBb:>cC@dM8j>7bCBcM7l>7aCBbM8n>5`CCbM7o>7^CBcM6Q?7\\CCcM3U?9YCBcM4U?:jDEW;;iDEW;;iDDW;=iDCW;<jDCV;>jDAX82SE=_`0D`_O<b`0B^_O?]c0100Q^OBb=>^BCa=<`BCg90eE=d0Ah95bE:f0Ah96bE8f0Ai97nBJ`1>i1Ai98mBJa1<l?Kc^OIb1;k?Kd^OK`1:l?Kd^OL_19l?Ll]OG`04i18l?Mj]OGb01j1;j?Mj]OGV3>V1HP92dBHV3>U1JP91dBGV3?U1JQ90dBGV3?U1JR9ObBJU3>W1IU9L^BNW3<U1KW9J\\B0X3;U1KX9I[B1X3;U1KY9G[B3X3:T1McKGf=0dE<R15h<LVC6i<KhBA^Le0j`0JgBB^Le0j`0JhBA^Le0j`0JiB_O^L;IGUa0>QCJj:IVC<P2Ki:KVC:Q2Kh:LXC8Z1BPM:^>LXC7Q2Mg:LWC8R2Mg:HYC;]1BiL6@MR?MYC>m0CRM153CN]a0;gAFSMO52EL]a0=gAEQM17OYa0;_AFoL19MS8Nb0?SJDnL3:LR80b0=TJDmL4Q9KO<SJElL5S9IN=SJEkL7Zb05j@FjL6[b05k@EjL6[b05b@CUMa0Xb0Mb@DUM?Yb0Mb@DUM>[b0M`@EUM<T`0APB=g0FUM;T`0DoA<h0DUM;U`0Eo_OLh1?f0AcM5I;W`0DoA:>DaMf0S`0[OnA;=FaMd0T`0ZOoA<;HaMc0U`0WOPB=60bM`0V3UOn;<XCj0dMlNV3No;;WCj0eMmNU3No;<VCh0hMmNS3Oo;<VCh0hMmNT3MP<=SCj0iMlNT3MP<=SCi0jMmN\\b0:j_Oi0jMmN\\b0;i_Og0lMmN[b0=h_Of0oMkNYb0`0h_Oc0a`0_O__O>U1QOQ:2ZD`0?<X1ROn94[D=?4iM@`3Ll94[D<`03kM_O^3Ol93\\D;?4lM]O^32i94]D9`04a1^Oc95\\D8a05Q?C^@7:ATNd0Ua0D]@79DSNa0Xa0C\\@79GQN`0Za0C[@6:?[?[O[@6:GQN`0[a0BZ@89ETN?\\a0BW@:9ETN?]a0AW@:8EUN?^a0AV@:7FUN?_a0@U@;8DUN`0Vc0Af\\O;W2OkMDXc03e\\O:X2NYa08f^OHg?Fb_Ob0g0Hg?Fa_Oc0h0Gg?Fa_Oc0g0Gi?G__Ob0h0Gi?H^_Oa0i0Fj?L[_O=k0Fl?LX_O?k0E_a0;V^O]O\\N3ec0?n]OBZNOic0?l]ODYNNkc0=m]OEYNLkc0?l]OEZNKjc0`0l]OD\\b0=c]OC]b0=c]OC^b0<b]OC_b0=a]OD^b0<b]ODgNKWc0?R^OFfNL[c0;o]OJdNM\\c09P^OJcNN^c07n]OLdNM]c08o]OJeNM]c09n]OIhNK[c0<m]OHeb09Z]OEib0;W]ODjb0<W]OBkb0=i1O100000j[OEma0<Q^OEoa0;Q^OFna0:R^OFna0:S^ODna0<X2000000000`[OCcb0=\\]ODdb0<[]OFdb0:\\]OFdb0:]]OEcb0:_]ODab0=_]OCab0=m11O1O1000000001O1O2N000000000001OO10O01000000000001O00000000O1O100O2N100O2OO2O001O000010O1O01OO1O00001000000O2O0000000100O0000O101N10000001O0_OlYO;Vf0BlYO>Xf0001O00000O01000O10O11O000eNA\\\\O>cc0D\\\\O=bc0E]\\O;cc0F\\\\O:bc0I]\\O7`c0M_\\O3Wc08h\\OHWc0:h\\OFVc0=i\\OCVc0e0c\\O[O\\c0g0c\\OYO]c0g0c\\OYO]c0h0b\\OXO^c0h0b\\OXO^c0i0a\\OWO_c0o0[\\OPOfc0Q1Y\\OoNhc0P1X\\OPOhc0P1X\\OPOhc0P1X\\OQOgc0o0Y\\OQOgc0o0Y\\OQOgc0o0Z\\OPOgc0o0X\\OROhc0n0X\\OROic0n0U\\OSOkc0n0S\\OSOnc0l0R\\OTOoc0k0Q\\OUOP3_Oa=Z1`_OWOn2B`=W1b_OWOn2C`=U1c_OWOl2Ea=S1c_OYOm2Ba=U1b_OYOPd0g0o[OXORd0h0m[OYOSd0g0l[OZOm2]On=X1T_O\\Om2]Oo=W1T_O\\Om2]Oo=W1T_O\\On2]Om=W1U_O]Om2\\On=W1T_O^On2[On=W1T_O^On2\\Om=V1U_O^Om2^Om=T1V_O^Om2^Om=U1U_O\\On2@m=T1U_O\\On2Al=S1V_O\\On2Al=S1V_O]Om2@m=S1V_O]Om2Al=R1W_O]Om2Al=S1V_O\\On2Ak=T1W_O[On2Ak=T1W_O[On2Ak=T1W_OZOo2Bj=T1W_OZOo2Bi=V1W_OXOP3Bi=V1W_OXOP3Bi=V1W_OXOg2]OXM5j`0W1V_OXOg2]OXM4k`0X1U_OWOg2@VM2n`0W1T_OXOh2JT>o0S_OWOh2KU>m0T_OXOf2FWMGo`0Z1V_OXO^2M]MAPa0X1V_OZO[2O`M^Oo`0X1X_OYOY22bMZOn`0[1W_OYOX22g>e0Q_OZOX2Og>h0Q_OYOX2Ng>i0R_OYOW2Ng>i0Q_OZOX2Lh>j0P_OZOX2Lh>j0P_OZOX2Ki>k0o^OYOZ2Fl>R1i^OXO[2Fl>S1h^OWO\\2Em>T1h^OVO[2Fm>T1g^OWO\\2Em>S1g^OZOZ2Co>S1h^OZOX2Dc>EX_O]1NZOQ2[OhM:Pa0GS_O^13WOQ2Jj>_OR_Oa13VOQ2JQ?P1m^OWOP2KS?o0k^OWOQ2JV?o0f^OYOQ2KY?k1f@oMRN@Xa0b2e@nMb?R2_@mMa?S2_@lMa?U2_@kM\\;AfFd2nMkM\\;AfFf1mKVOR2B_?W1f^OROR2@Y?]1f^OQOh1\\OXN5Za0]1h^OQOe1^OZN3Ya0^1i^OPOc1@[N2Ya0^1i^OQOb1@[N0[a0^1j^OQO_1C[NN\\a0^1j^OQO_1EYNL^a0^1k^OPO]1HXNKj`0Kg_Ob1JPO]1IXNIaa0]1j^OQO^1HWNIca0]1h^ORO^1GZNGda0]1e^OTO^1D^`0R1T^OZO`1_Ob`0U1o]OZORd0f0n[OZORd0f0m[O[Oc1BY`0T1R^O\\Oe1AW`0T1T^O\\Oc1AX`0T1T^O[Of1_OW`0V1S^O[OTd0d0m[O[OSd0e0m[O[OTd0d0l[O[OVd0d0j[O\\OVd0d0k[O\\OSd0e0m[O[OSd0e0m[O\\OQd0e0n[O\\OQd0d0P\\O\\OPd0d0P\\O\\OQd0c0o[O]ORd0b0n[O^OTd0`0l[O_OVd0`0j[O@Vd0`0j[O@Vd0`0j[OATd0`0l[O@Rd0b0n[O^OPd0d0P\\O\\Oj?^OjCW1\\L[Oh?@lCU1\\LZOi?AmCT1YL[Oj?AnCS1WL\\Ok?BoCQ1VL]Ok?BoCQ1VL]Oj?CPDP1VL^Oi?CoCP1XL]Oh?DPDo0YL]Of?DPDP1ZL\\Of?DPDP1ZL\\Of?CRDP1XL\\OTd0d0l[O\\OTd0d0k[O\\OWd0_Oa[Om08DWd0_Ob[Ol07EWd0_Oa[Om07FWd0a0i[O_OWd0a0i[O@Ud0a0k[O_OW`0[OZCV1^L@X`0ZOZCW1]L^OZ`0[OZCV1[L_O\\`0[OZCU1ZL@\\`0[OZCU1YLA]`0ZO[CT1XLB]d0?c[OA]d0?c[OB[d0?d[OB[d0?e[OA[d0?e[OA[d0>g[OAZd0?f[O_O[d0a0f[O^OZd0b0g[O]OZ`0]OYCV1]L]OZ`0]OYCV1]L]OZ`0]OYCV1]L]OY`0^OYCV1^L]OV`0_O\\CT1^L]OU`0@]CS1]L^OXd0b0i[O]OWd0c0i[O\\OXd0d0i[O[Ol3^OPL1h?V1\\@[Ok3@PLOj?T1\\@]Oj3@oK0j?T1]@]Oi3_OPL0j?T1]@]Oj3^OoK1j?T1]@]Oj3Fj;m0[@^Om3BjKKi?V1`@]On3Gb;k0`@^OR4C^;o0`@^OR4B`;o0^@_OS4A_;P1^@_OS4AT8KhFT1QM_OT4BS8KhFT1QM_OT4CR8JiFT1QM@S4C];n0`@_OS4C];m0`@AS4B\\;n0a@@k3[OoK8e?m0a@@j3]OoK6g?m0_@@k3^OmK5j?m0^@@j3JnKCf?R1b@Aj3JnKDe?Q1c@Aj3JmKEg?o0b@Bj30e;>a@Bj3Nf;a0`@Aj3NP8]O`GT1fLAj3MP8@_GR1gLAk3LP8_O_GT1fLAk3Lg;b0_@Aj3Mi;`0]@Cj3Mj;?\\@Dj3MWL_OV?o0i@Ej3MVLAV?m0j@Ej3MVLAV?m0i@Fk3LVLAU?n0j@Ej3MXL@R?o0l@Dj3MXLBP?m0n@Dj3NVLBQ?m0o@Ci31UL_OS?m0o@Ci35oK\\OY?m0o@Bi3?X;OPAAh3`0W;0QA@h3`0W;0QA@`3\\OZLV1T?MSAA_3]OYLU1T?NTA@_3]OXLW1T?LUAA]3j0];FVA@]3j0];FVA@]3^OYLU1U?LUA@^3^OZLU1T?LTAA^3^OZLT1V?MQAA_3^O[LS1V?MPAB_3^O[LS1V?MPAB_3^O[LS1V?MPAB_3_OYLS1X?LPAC^3_OYLR1Y?LPAC]3AXLQ1Z?MPA@`3@XLR1X?MQAA_3^OZLS1W?NPAAh3?Y;0o@Ai3=Y;2o@_Oi3>Y;Kd@XO<>g3>Z;Ld@WO;?g3=Z;Nd@UO<a0e3;\\;Oc@UO<a0e3;[;0VAE^3;];0UAE^3;];OUAG_39];OTAH_38_;ORAI`3Mk;6e@Na3]OmK6b`0KP@c0h3@R=`0nB@Q=a0gB[OPL6Wa0?iB\\OoK:Qa0<oB\\OnK:Qa0;RCXOPL;o`0=k401WOSZOc0Sf0O1O2NN2L4O1O101O1O2N2O1bZOSO=0\\O0_?OQD1gLR1LoNLO10O3M0_5L^42QI0_M1E0MR16POI04NOa0X5\\OkK0^76fIKTN5Na1KLIkN;Hd00KJ11E1F8k0Jd2Mc05hK:5K1N7NGk02g0O?NUN:HF90E02OO21M1O05KN5N::GHML3?K020NG01Nl05a2NaL2Lf01E0O3Y1M41?OUN3@16L:OF11OO20N1002M03N93CO4O83B1283FL13NN3O:0G1J4=Ld10SN02MM7M00l12f10bNOUN2B14M:OF11OO21M0102M03N:2B04O91B3272FN02ON4O0N0201J3>MGMd12\\N010L4O1Ok12g11aNOUN2B14M:OF11OO21M0102M03N:2B04O91B3272FN02ON4O0N0201J3>MGMd12\\N010L4O1Ok12Q1"}}]}