{"images": [{"id": 0, "file_name": "images/n01914609_10635.jpg", "width": 1290, "height": 730}], "annotations": [{"id": 0, "image_id": 0, "category_id": 0, "bbox": [21.0, 7.0, 1263.0, 714.0], "area": 901782.0, "iscrowd": 0, "segmentation": {"size": [730, 1290], "counts": "^Q?<[f07K4M2N1N2O001O0O1O1O1O2O00000O100N3N102fZOmNhd0W1R[OlNnd0a1O00000O10001O0\\_OWNW<j1hCXNV<h1iCZNV<g1iCYNSLNe?i1XDXNULOb?h1ZDYNULNa?i1ZDXNVLO`?i1ZDXNVLO`?i1YD[NjKO2Oj?g1XDoNg;Q1WDQOi;o0VDSOi;m0VDUOi;k0WD[Oc;e0VDVNXLW1b?c0UDCk;=UDCk;=TD^OYLjNd?g1SDEm;;QDHn;8QDIo;7oCKT5_NPNf1jLMQ5kNmMW1RMNP5TOfMn0YMOo4WOfMj0[MOn4ZOeMg0]MOm4\\OfMd0]M0l4^OfMb0^M0k4_OhM`0\\M2l4_OgM?]M2k4AhM<\\M4l4@hM=[M3l4BiM:[M5j4BlM8ZM6j4BlM8ZM6j4BmM7XM8j4BnM6XM8j4BoM4XM:i4BPN3WM;i4BQN2VM<h4CSN0TM?NVNZ1[1e1OSM`0L]NoLFm3_1U2NSM`0LaNiLER4\\1W2MRMa0KiNk0j0X2LRMa0KiNj0j0[2KoLc0LhNj0j0\\2JnLd0KhNl0j0]2HlLf0KiNj0j0a2EjLh0JjNj0i0d2DhLi0IlNj0g0g2BfLk0AUOP1?l2]OdLo0]OYOQ1;P3\\ObLP1\\O[OP1:T3YO`LR1ZO]OR18T3YO`LR1YO^OS17U3XO_LS1XO_OT16U3XO_LS1XO_OS16X3WO]LT1WO@T15X3WOaITO[2Q2F@V14X3WO_IVO\\2P2F@V14Y3VO]IYO]2o1D@W13\\3TO\\IZO]2R2A]OY13^3TOZI[O^2Q2@^OY13_3SOZI[O^2R2_O]OY14`3ROZI[O_2Q2^O]OZ15_3RO[IZO^2R2^O]OX16b3QOZI[O]2Q2_O]OW17d3oNXI]O^2Q2^O\\OW18f3mNVI_O_2P2^O\\OW18g3lNTIAa2n1\\O^OW18j3ZNmH242b2l1\\O_OU18Z4UNeH:`2j1\\O_OT19g4aNhJg1iMiMP1g1g19h4`NhJg1iMiMP1g1f1:i4_NiJf1hMjMP1g1f19k4_NgJg1hMjMo0h1g18k4_NgJf1iMkMn0h1g18k4_NgJf1hMlMo0g1f19d4RNXH=g2e1hMlMn0g1h19b4gNPK^1gMkMo0g1g1:b4hNQK[1gMlMn0h1g1:b4hNRKZ1gMlMm0i1g19c4iNSKY1eMlMn0h1g1;c4hNSKY1eMlMn0h1g1;d4gNRKZ1eMlMn0g1h1<d4fNQK[1eMlMn0g1h1<e4eNQK[1dMmMn0g1h1;f4fNPK[1dMmMn0f1i1<e4fNPKZ1eMmMm0h1i1;b4iNTKV1SOFV1;c4kNSKT1TOFV1;Z4nMfHn0g2R1SOGV1:[4PNcHo05oNZ2o1^OHV1:[4QNbHo03RO\\2k1^OIV19\\4RNaHo04PO\\2m1]OIV19\\4SN_Ho0m2k0QOJX18]4XOZKf0cMSNk0g1k17^4YO^HjNf2k1hMTNk0e1m19\\4YO[Kd0aMUNk0c1o1:[4ZOaHjN_2k1XOE_1<X4UN]HP14QO`2h1XOCa1`0V4TN^Ho03SO`2f1WOCd1`0U4UN]Ho03SOa2f1TN[NOW1h2a0bLUNZ70eHo03TOa2d1RN_N0S1i2b0cLUNY70eHn04UO`2d1QNaN0R1i2b0V4RN]HP13UO`2d1iMWNE=a0o0k2b0V4RN^Ho02WO`2b1iMYND=a0o0j2b0X4QN]HP13VO`2a1iM\\NB>a0m0k2a0X4TN[Hn06VO_2`1jM\\NB5ONb0W1k2c0X4XO`HoN`2a1iM\\NC23K?Y1m2g0U4WO_HPOa2`1hM]Nh0T1[2i0T4YO^HnNc2^1hM^Nh0T1[2h0U4[O\\HmNd2^1hM^N7KIY1T3h0T4\\O[HlNe2^1gM_N8MFV1V3b0_LZNf7d1PKNgM_N9MDV1W3b0`LXNg7e1nJOfM`N:LDV1V3b0cLWNe7f1nJNgMaN9MBV1X3a0cLWNe7f1nJNgM`N:NAV1W3b0dLVNe7f1nJOeMaN;LBV1W3b0dLVNe7f1nJOdMbN;MAU1X3b0dLWNe7d1PKNbMdN<L_OW1Z3`0cLYNf7T1ZHPOf2]1aMcN<O\\OV1]3?dLXNf7T1[HoNe2^1aMcN<`1i24dLXNh7R1YHQOe2^1`MdN<`1i23eLYNi7o0YHSOe2]1_MeN=_1h2>^4lN[HUOc2]1_MeN>^1g2?^4kN\\HVOb2\\1`MfN>]1f22gL_Ng7j0[HWOc2[1`MeN`0]1c23iL_Nf7j0ZHXOd2Z1`MeN`0]1b24jL_Ne7j0XHZOf2X1`MdN`0^1b24kL^Nh0Li5_1RL1aMcN>`1b23mL^N7IN6X6_1SLNcMcN>`1P1YNHj1gN_N3MO5X6]1TLMdMbN?`1n0\\NHh1iN^N0117S6W1ZLMdMbN?_1n0^NGg1kN^NM417S6T1\\LLeMcN>_1o0^NEg1lN^NM5O7U6S1\\LLeMcN>_1P1]NCh1nN_NKP1U6<]LNcMcN`0_1=_NUONP1h1nN_NKQ1T6:_LNcMdN?_1<dNROIT1g1oNaNIQ1T69aLMbMeN?_1;hNPOEV1h1PO2l5TOmI^Of2S1`MfN>_1<QO7S1PO3l5ROmI_Og2R1_MgN>_1;RO7R1RO5i5POoI@f2Q1aMfN<a1;RO7R1SO4i5POPJ_Oe2R1aMgN;`1<RO6S1TO4i5nNPJ@e2R1aMgN;_1<TO5S1TO4k5lNPJ_Of2S1_MgN<`1;TO4T1UO3k5lNPJ_Of2S1_MgN<`1:TO6T1TO3l5kNoI@f2R1`MhN;`1:TO5T1VO3k5kNoI_Og2S1_MhN<_17WO6S1WO1l5lNmI@h2R1_MhN<_16YO5R1YO0l5lNmI@h2R1_MhN<_16ZOYOSO?o1F0k5_OfLN]MiN=^17GFe0I1i5^OgL^NYM[12PO>\\18HDe0J2i5]OnI_Nj2]1VMmNc0[17IDd0L3g5\\OoI`Ni2k1jMI6JDd0M3f5ZOQJaNh2k1jMI6IDf0M2f5ZORJ`Ng2l1jMH6JEf0L2f5ZORJ`Ng2k1kMI5JDg0M1g5YOQJaNg2Y1WMTOd0W15IDi0M0g5YOQJaNg2k1kMI4JDi0NOg5YOQJaNg2l1iMI6ICj0NOi5XOoIaNh2l1iMI6HCl0NNi5_OeK\\NSOj1HI6HCk0OOi5@_KbNTOc1LI6GCm0ONj5@\\KeNTO`1NI6FDj022f5_O\\KhNSO^1OH6GDk012h5[O\\KmNQO\\10H6FEk013g5TOkIeNb1`0oN[11H6FEk004h5SOlIdN`1b0POY13H4GEk004i5ROkIeN_1d0POW14G5ICi016i5QOjIeN`1e0QOU13G6KAh026j5UOXKXOQOT13F6N_Oe066j5SOWK\\OPOR14E60_Ob079`4lMoKU1UObNV1o0ROn08E61^O`09:Z4UNPLl0XOcNV1P1SOk08F53^O=;;X4YNnKh0[OcNV1P1SOk08F54]O<;<X4[NnKg0e0APOk08F55\\O:=<W4^NmKe0f0APOk08F66XO:?;Y4_NkK=]OjNY1o0QOj08E7\\2G`NW4aNlK9^OlNX1P1oNj0:D7[2GbNU4cNmK6@mNT1P1ROi0:D7Z2HbNS4hNlK2BoNR1o0SOh0;D7Y2HdNQ4lNlKKFPOo0Q1SOi0;B9X2GeNP4nNlKIGQOn0Q1ROi0<B:V2GgNo3oNmKFGROn0Q1QOj0=A:V2FhNP4nNmKFHQOm0R1POk0>@:V2EiNQ4nNmKDIQOl0S1POk0>@:V2DiNS4nNlKDJPOk0T1POk0>@:U2DkNR4oNmKAKoNk0V1oNk0?^O:W2BkN4eMT3Z1hLAKoNk0V1oNk0?^O:W2BjN3jMR3X1kL^OLnNk0X1nNk0>_O:W2BiN3mMR3W1jL]OT15cNk0>_O:V2CiN0RNP3\\1iLSOY17bNj0?_O8X2DgNMYNk2]1RMkNX17cNl0=]O9Y2EVMC<9Af2]1YMgNV17dNn01kM3`1`0Z2GVMD98Fb2\\1]MfNV15dNV14TO?[2GVME86Hd2[1[MhNV12fNU15UO>[2GVMD96Id2Y1\\MjNT10hNk0OSN6]1>Y2HeNHfNd2W1\\MkNU1OhNj00SN6^1<Z2HeNHgNd2U1\\MmNU1MiNj00SN6^1<Y2IfNFhNd2V1ZMnNW1KhNk01QN7^1<Y2HfNGiNc2g2bNWMhNS18WO<Y2HfNFkNb2g2dNBoNnM=X2FhNGjN`2j2fN_OoNmM>X2EeNLnNW2n2jNYOQOnM>V2EfNKROk1^NUN`4Q1VOPOoM?U2DfNLSOl1S3UOPOPOoM>V2EcNNVOi1bNRNV4U1YOnNQN?U2DcNOWOi1aNSNU4T1YOoNRN>U2DbN0XOb1\\NYN50W4R1XOPOQN?U2CbN2XOa1\\NZN31Z4n0WOQORN`0U2BaN3XOi1]NUN\\4l0VOQOSN?X2B\\N5_NFO_2c3dNYOoNSN>]2ETLKd1:iNL0Z2g3bNiLnNS3?gNFoM>j0HiN1L[2n3\\NhLnNU3=VLBo19`N:j0HhN4H]2U4VNhLnNT3>fNJRN9g0JfN6H]2W4UNR1[O`MIVN7b0NfN7IZ2W4VNR1[O`MD\\N:<1fN6LW2T4ZNQ1ZO]MEdN881fN;IR2X4\\No0YO^MCgN943gN<GP2Z4\\No0YOTOKTM5hN<Gn1[4]Nm0YOWOHRM9hN<Fm1]4\\Nl0ZOXOGPM:jN=D^OOi12oM`4P1j0[OR11PJ>C^OOh14oM_4i0]KZO\\58R13PJ=D\\O0j12nM_4j0]K[O[55U15nI=C]O1j1g4oNa0YOU15oI<C]O1n1d4kNc0YOV15oI<C]O0o1e4kNb0XOV16PJ;C\\O1P2e4kN`0WOW18PJf0DP1e4kN_NmNhN9`4:nIj0Ck0h4aN_KWOP32gN6a4<lIT3^4oLhN]O\\N2b4a0hIf2MfLe4NYKd0`3@\\NNb4S4`IoK7Kc42XK`0a3EZNKc4T4bInKP5OPK>b3FYNKb4]4cNeKoJ=c3FYNJc4`4hIbK[41^K=c3E[NJ`4d4gI`K\\41^K=c3Dm4^4fG`K\\40bKM07_3Nm4^4fG_K]4OmK1T34k4Z4lG`Kf85_OZ4P1eKPO\\4P1cKPOX4`GhK`90oNY4aGgK`90oNY4aGfKa91mN\\4V1dKjN\\4V1dKiN]4SN_KbL4[5]4SN_KbL4Y5a4W1_KhNd4V1\\KiN_4gGbK`9MiNa4hGbK_9MeF0k7i4iMXKiMOcL1i7i4jMWKkMObL1i7j4hMWKmMMcL1h7m4[HSKo41\\NNbL1h7n4ZHSKo40^NMaL2g7o4[HQKP51eNOo3l4lMWKSNLQ4n4lMVKQ6k4PJUKm5f4\\DWKh53k5g4^DUKg54k5o0\\Db2W1]Lh0N>6U9g4cEXKi0K?6U9h4aEYKj0J>6V9h4`EZKl0I=5W9h4\\E_KP1A?9S9h4YEcKd3ER7h4aDRKc0d0i3BR7i4bDRKa0e0j3_OT7n1cDa0O]M?f0k3^O]LJk9R2cEPNM_2<YNk3\\OULJE2X6MfMS2ULPNK`2<YNl3[OULIF2Y6MmI0Z3U2aLe07VNm3XO]LKg5MmI0Y3W2`Lc09WNm3VOQLKM2c6LhLZ2^La0;WNn3SOSLNH2g6KgLi6f0\\ITLNJMg61dLi6g0[ITLOd62`Lf6h0YIULOZ69iL_6h0YIVLOX69jL`6h0WIVL0W6:jL<cLU5V4UJVL0W6:jL;dLW5S4UJWL0X69iL;fLW5R4UJVL1Y68hL;hLX5P4TJVL2[66fL<iLY5T2nI@5bN2[67dL<kLX5P4QJXL3`61]Ld0iLZ5d4QJj5f0^E\\5i4mIh5R7ZJlHe5Z1lEP4a4dJb5[1PFP4^4dJc5\\1oEP4P?QLo@o3P?TLn@l3R?ULm@k3^4eJi5b1gEi3a4dJh5d1eEj3U?YLh@h3W?[Lf@g3X?\\Kh@A3^5S?QKn@WO6h5f3ZJm6f0jEP5X3[Jl6f0lEo4X3[Jl6e0mEP5W3[Jk6d0bEVONl5d3[Jk6a0dEZOLk5d3ZJk6b0XFQ5m2[Jl6b0ZFT5i2TJQ7<UEJT1f5d=_J[AIS1h5`=_J^AHT1h5^=_J`AHR1i5]=_JbAHQ1i5]=^JRCb5m<_JTCa5j<_JWCa5i<^JXCb5g<]J[Cd5d<ZJ^CR1YNP3X>nK`Cl0bNS3l=PLdCk0dNT3f=RLfCi0gNS3c=SLgCi0gNU3a=RLhCh0iNU3^=SLjCg0iNW3\\=RLkCf0kNX3X=RLnCe0kNY3W=oKQDf0kN[3R=PLRDd0oN[3n<RLSD`0RO^3j<RLTD;YOb3b<TLUD7\\Of3^<SLWD4^Oh3[<PL_Fo3V>01O0010O1O100O001O001jImKdIS4[6mKeIT4`<eMj]O4Tb0Kn]O5Qb0JR^O4na0D_]OfNf0e1a<WNoG]1mJcNg0g1]<YNoG]1jK:`a0G`^O9_a0Gc^O7]a0Id^O6\\a0Lb^O5]a0Kd^O5[a0Le^O4Za0Li^O3Ua0Mm^O2Ra0On^O0Ra01n^OOQa03m^OMRa04n^OLRa05m^OLRa04o^OKQa06n^OKQa05P_OKn`07R_OIm`07T_OIk`07U_OJj`07V_OIh`08X_OHg`0:Y_OFf`0;Z_OEd`0<^_OCa`0=a_OA^`0?d_OAZ`0?h_OAW`0>l_O@T`0>Q@@m?=X@Bh?<[@Ce?;]@Fb?8`@H_?8b@I]?6e@IZ?8f@Ih8cN^E0d5d1XLHe8gN[E0e5b1]LFb8WOnJU1aLD`8WOkIAXLe1]1C`8VOlICULe1_1Ba8TOlIFQLf1c1@`8QOnIMiKd1j1^Oa8lNnI5aKd1S2XO_8lNoI<YKb1\\2TO^=f1dBXN\\=h1jBSNn7PO\\Jn2gMQNl7RO\\Jn2hMPNR=P2nBPNR=P2oBoMP=R2PCoMo<Q2QCoMn<R2SCmMl<T2TClMj<V2WCiMh<X2YCgMf<Z2]CdMb<\\2`CbMY<ZOe@U3T3_MW<g2jCXMW<g2iCZMV<f2kCYMh1[O[5\\3nHXMT<h2RDQMn;P3TDnLk;S3VDkLk;U3VDjLi1Hc4^3eIgLj1K`4_3DaL3_3MbL2^3McL2^3NcL1]3OcL0^30bLO_31aLN`33`L^LNZMc3X6_L^LNYMd3Y6^L^LNXMe3Z6^LbFLe52^Md3[6^L]LMXMf3[6]L]LMWMg3\\6]L\\LLXMg3\\6^L[LKXMh3c<WL\\Cj3g6WLUOi3j0YLTOh3l0YLQOi3o0XLoNi3R1VLnNj3R1VLmNk3S1ULlNl3T1TLkNm3U1SLjNn3V1SLXFMY8Q4_1[L^Nf3b1]LZNd3f1^LWNc3i1]LWNc3i1]LVNd3j1\\LUNe3k1[LTNf3l1ZLSNg3m1YLRNh3n1kKUF5l7Q4o1jKUF5k7R4P2iKUF6i7R4XIdKe74ZG6h7S4RIkKk7K\\G8d7T4SIlKl7H]G9b7T4TImKl7F_G8`7V4TInKl7CaG:]7W4TInKm7AbG:\\7X4oHSLS8[ObG;Z7Y4nHTLT8YOdG:Y7\\4kHTLW8VOeG:X7f5P1QJiG9V7h5o0PJlG8T7i5n0PJnG7a1Ch3X6h2nIoG6a1Gf3U6j2nIoG6a1Hd3V6k2lIPH6`1Kb3U6m2iIRH6`1N^3U6T3cImG:a1N]3W6U3`IlG<c1J]3[6U3SJ^I^O_3b6Q3PJoGZOe6h6Z1cInGK2Ld6h6[1_IRHLONb6h6]1^IRHMNOa6g6^1]ISHMM1`6g6_1ZIVHNI4`6e6`1YIWHf0m5R6l1WIXHi0i5Q6o1TIZHk0f5R6c2lI]MT6e2jI[MV6g2hIYMW6j2gIVMW6m2iISMS6Q3mInLl2WJYOm8jMmLh2^JUOk8SNfLf2dJRNBYOW9NcLf2gJQNJjNU9<[Lg2iJRNg9UOcKe2iJTNf9UOTMT1YIEd9UOaMh0oHOT1lNT6;Ne0lH3Q1oNT683b0iH7P1oNU667?fH<m0POV63<;cHb0k0POW6Mk05UHm0i0ROc?Me_OQ1i0oNVa0o0\\2O1O001O00000000001O01O01O001O010O00000O101O0Ob_OXOl:h0TEXOl:h0c51O0O100000000O100O100O01000O1000000VMXOb_Oi0Z`0\\Od_Od0\\`0_Oa_Oa0_`0C]_O=c`0LT_O4l`0MR_O4n`0NP_O2Qa01j^O0Wa02f^ON[a03b^ON^a03a^OM`a03^^ONba03]^OMda02\\^ONda03[^OMfa03X^ONha03W^OLka04S^OMma04Q^OMPb03n]OMSb04k]OMUb03j]ONWb02g]OOYb02e]OO[b02a]O2^b0O`]O2ab0O\\]O2db00W]O3ib0o1001O0001O01O01O00O100000SBbL^8^3bGcL]8^3bGaL_8`3VBaLW5Nc8g3W51O1O010:E6J3M2M4M4L4K2O2O0O6K3kMh[O`1ld0M3M2O1N1O1O1O1O1O2N1O1O1O001001kZOnN^d0\\2\\O;D2OO1Og\\OVMbb0j2^]OVMcb0j2\\]OVMdb0j2\\]OVMdb0j2\\]OVMdb0j2\\]OVMdb0k2[]OTMfb0l2Z]OTMfb0m2Z]ORMfb0o2\\LVM\\Dj2d;XMZDi2f;VMZDk2e;UM[Dl2e;TMZDm2e;VMXDm2_LkLo>;[Do2_LhLV?>VDP3j;UMQDk2o;ZMlCg2S<\\MkCc2V<]MiCc2X<^MfCb2Z<_MeCb2[<aMaC_2_<eM\\C\\2e<fMYCZ2f<lMTCU2l<oMoBR2Q=RNjBo1V=SNgBn1aNYL11a=h1lCo1aNYLW>h1WCP2aNWLZ>h1UCR2Z=oMeBR2oNVL^=g1cCb2`NiKl=f1bCc2_NlKm=a1bCe2]NoKU>U1^Cg3^<WLaCj3_<ULaCl3`<SL_CR4^<lKbCV4^<hKbCY4_<eKaC\\4^<eKaC[4`<dK`C\\4a<dK^C\\4c<dK\\C\\4e<dKZC\\4g<cKYC]4h<cKVC^4k<aKUC_4l<aKSC_4m<aKRCa4n<_KQCa4P=`KmBa4S=`KkBa4V=aKeBa4[=cK_B_4S:TJ\\H]1]Mb4W:QJ\\H^1[Mb4Y:PJ]H^1WMd4\\:nI]H_1TMe4o=]KnAd4S>\\KkAd4V>^KfAd4Z>n11O0O2O00001O00QMnGVGR8j8nGVGQ8j;01O0O101N1O2O4KUM[HeFc7[9^HdFa7\\<N2O1NYMeHRFZ7m9jHPFU7Q:lHoES7R:mHnER7T:oHjEo6X:RIhEl6Y:TIgEj6\\:UIcEk6`:SI`Ek6b:UI_Ef6e:ZI[Ec6ROXIP:6nF`6SO[IP:4mF_6TO]IR:3jF^6TO`IT:0iF^6SObIT:2hFZ6UOdIS:3hFX6VOaIV:7dFV6T;kIkDS6W;QJfDm5\\;VJaDh5`;YJ`De5b;[J^Dc5d;]J\\Db5d;_J]D_5d;`J]D_5c;aJ]D^5e;bJ[D\\5h;cJXD\\5i;dJWDZ5k;gJSDX5o;hJQDU5Q<lJoCR5S<mJmCS5S<nJnCo4T<RKkCm4U<TKkCj4W<VKhCj4Y<WKfCg4\\<ZKcCd4^<^KaCa4`<_K`C_4a<bK_C]4b<bK^C^4c<bK]C]4c<dK]C[4d<fK[CX4f<jKYCU4h<lKVCS4l<nKSCQ4o<oKQCn3Q=RLoBl3S=TLmBk3T=ULkBj3W=VLiBi3W=XLiBf3\\O\\Ka<n0RDf3\\O]Kb<n0RDc3[ObKc<k0QDb3\\OeKc<i0PDb3\\OfKd<j0oC^3]OjKd<h0nC^3^OjKf<f0lC`3]OkKh<e0jC`3^OkKi<e0gCa3@jKi1Fo7P1gF`3@lKi1DQ8P1eFSO]NV4U1SLg1FR8n0eFPO_NY4R1ULg1DT8n0hFY3\\OVLh1DS8o0hFU3\\O[Lh1AU8o0fFU3[O]Lj1@U8n0fFS3[OaLi1_OW8l0dFS3\\OcLh1^O[8j0aFU3\\OdLf1^O^8j0]FT3@fLb1]Ob8j0ZFS3BmLY1XOl8h0XFR3CQMW1UOn8i0WFQ3DRMW1SOo8k0TFo2FTMX1POP9m0jEoNnNP4Q1UMe0kNeN4n:m0hEU3OPMc0oNfNOQ;l0gEU30QMa0POgNNR;l0eEU30RMa0POhNMS;l0cET32TM=QOjNKV;l0`ET32UM<SOkNHX;m0^EmNTOP4o0[M;TOkNHZ;l0bEk2N^M:VOiNF^;j0aEl2LaM:UOiNEa;i0`Ej2LeM8B]:N_Ek2LfM6B`:L_Ej2KjM4Ad:J\\Ej2MkM2Bf:H\\Ej2KnM2_Oj:GXEl2MnM0@l:EWEm2MoMO_On:DVEm2NQNL^OQ;DUEm2MSNK]OT;BSEn2OTNH[OY;CoDm21VNEZO];BmDm21YNCWOb;BjDm22[N_OROl;FaDn24[N]OQOQ<D^DP34\\N\\OPOS<C]DQ34]NZOQOU<A]Do25aNVOPOY<_O\\DP34dNUOnN[<^O[DP354a;kLZDQ353b;mLYDn26MkNgLi<<VDP35Lo;SMmCo25KT<TMfCo27MU<SMdCo27OV<QMcCP37OX<oLaCQ371Y<mL_CS381Y<kL_CS383Z<iL^CT382]<hL[CU390a<iLVCV3:0c<hLSCW3:1POiLe;NfE2XOU3>2oNiLe;NgE2VOU3?1POjLd;NgE2VOT3`03nNhLf;OfE2VOS3`05mNhLg;NfE2VOS3`05jNiLk;NfE0VOR3`07iNhLm;NdE1VOQ3`09jNeLm;0`FR3jN9a=F_B;a=D_B<b=C_B=a=B`B?_=A`B`0_=AaB?_=AaB?l<dLVBl2o0`0k<dLVBl2n0a0k:bLfE1aNk2o0b0j:dLeENaNm2o0b0j:fLfEV3A4[OfL]:3dFR3E5YOkLY:2gFl2G8YOoLT:NlFj2G:WOPMT:NoFf2F=UOPMU:NSGb2Bb0UOoLU:MUG`2Be0SOnLU:OVG]2Bg0QOnLW:OYGX2_Om0jNQM]:MZGS2_OS2X9lKXGP2@T2W9nKYGm1@U2W9nKYGm1@U2V9PLZGj1@V2LSKm7n0fHh1BW2KUKj7n0iHe1BX2JWKi7m0kHd1AY2KVKh7n0mHb1@Y2LWKf7P1mHa1@X2MWKe7S1lH^1BW2NXKb7W1lHZ1CW20XK_7[1lHV1EV21YK\\7^1lHT1GU21ZKW7c1oHn0IU21ZKU7e1QIm0GU23YKS7g1SIk0GT23[KR7h1SIi0HT23[KQ7i1TIh0HS23]Kj6KkGm1`1i0FR25_KQ7f1SIi0GQ25aKQ7f1RIh0HQ24bKS7e1PIi0Ho15dKS7d1PIj0Fo16dKT7c1QIi0Eo17eKT7c1oHj0Do19dKT7c1oHj0Do19dKT7c1oHk0Bo1;cKT7c1oHk0Ao1<eKP4DaMm1bNl0^OP2>dKP4EaMl1bNm0[Oo1b0dKP4EaMk1aNo0YOm1f0dKn3GaMj1`NP1YOk1h0eKn3G`Mk1_NP1XOi1l0eKm3H_Mj1`NS1SOh1Q1cKm3I^Mi1aNV1jNk1Z1]Km3I^Mi1aNa65lGl3K^Mg1aNb65lGl3K^Mg1aNb64mGm3K]Mg1aNa64nGm3K`Md1^Nc65nGn3LaMa1[Ne65oGo3LaM_1ZNg65oGP4KbM_1WNg67PHo3LbM^1WNf68PHP4KaM_1VNg69oGP4KbM_1TNg6:oGP4KbM`1SNf6;oGP4KbM`1SNf6;nGQ4M`M`1RNf6<nGR4L`Ma1nMh6`0kGR4M_Mb1kMh6d0iGR4M]L^OVOU2Eh6f0hGQ4OQLJAh1Eh6g0hGR4OoKJDg1Aj6j0fGR4OSLF@n1[Oj6P1bGS40TLC@U2QOi6X1_GT40SLB@`;8oDU4OSLBA`;6oDU40TLAA`;5oDW41RL@Ba;3oDY40SL_OAb;3nDZ41RL_OAc;2mD[42QL^OBc;2mD[42QL^OBd;1lD\\42RL]OAe;1lD\\42SL\\O@g;0kD]43SL[O_Og;1jD^44RL[O_Og;1jD^44SLZO^Oh;0kD_44RLZO^Og;1kD_44SLZO\\Og;2jD`46RLYOZOh;4iD`46SLYOXOh;5iD`47RLXOXOi;6hD`47RLYOWOh;7hD`47SLXOUOj;8gD`47SLXOUOj;8gD`48RLWOVOj;8gD`48RLWOUOk;9fD`48RLWOUOk;8gDa47RLWOmNKFQ<j0eDb49QLVOkNNEn;n0eDa49QLVOjN0El;o0eDa49QLWOiNS<e0]Da4:QLVOiNR<e0^Da4:ULROeNV<e0^Da4:VLUO`NS<i0^Da4:WLUO_NR<i0_Da4;VLUO^NR<k0^Da4;ULd;[OPDa4<TLd;[OPDa4=SLb;]OQD`4=SLb;]OPDa4?QLa;^OPDa4?RL`;]OQDa4?RL`;]OQDa4`0RL^;]ORDa4`0RL^;]ORDa4`0SL];\\OSDa4a0RL\\;]ORDb4b0RL[;\\ORDc4d0PLY;^ORDc4e0PLX;]ORDd4g0nKW;^ORDd4g0oKV;]OSDe4f0nKW;]OSDe4f0oKV;\\OTDn0@d1V1SNU;[OUDn0Ac1U1TNT;\\OUDm0Cc1T1TNT;\\OUDm0Bd1U1TNS;[OVDj0Eg1R1UNQ;[OXDe0Ik1n0UNQ;[OWDd0Ll1m0UNo:[OXDb0No1j0TNP;[OXDa0OP2i0UNo:ZOYD:6X2a0TNP;[OXD6:[2?SNo:\\OXD5<[2=TNo:\\OXD4=\\2<TNn:]OYD3=\\2;VNn:[O[D2<\\2;XNn:ZO[D3;[2;YNn:ZO\\D2<Z29[No:YO\\D2<Z29\\Nn:XO]D1=\\27[No:XO]D1=]27YNo:YO]D1=^26YNo:YO^DO=_26YNo:YO^DO=`25XNo:ZO_DO<_27XNm:ZOaDN;_28YNl:ZObDM:`28YNk:[OdDL8`2:XNj:\\OdDL8`2:XNj:\\OeDK7a2:XNj:\\OfDJ6b2:XNj:\\OfDJ6b2:YNi:[OhDI6b29\\Nf:ZOkDH6c28]Ne:XOmDH6c27_Ne:VOnDH6d20ZLXOU2c;TOQEH4f2NeNm:mNQEH5f2LfNm:lNREI4f2LeNn:lNREI4f2LeNn:lNREI4f2LfNm:kNSEI4f2LfNm:lNREH5f2LfNm:kNSEI4g2KfNm:jNUEH3h2KgNl:iNVEH3h2KgNl:iNVEH4g2JiNk:hNWEH4g2JjNj:gNXEH4g2JjNj:gNYEG3h2JZL[O[2^;lNZEG3h2JZL\\O[2];kNZEH3h2JZL\\O[2];kNZEH3h2JYL]O\\2\\;kN[EG2i2JYL]O]2[;jN\\EG3h2JYL\\O^2\\;hN\\EI2h2JYL\\O_2[;gN]EH3i2IYL\\O_2[;gN]EH3j2HXL]O_2[;gN]EH3j2HWL^Oa2Z;eN^EH2k2OhN`:dN`EI2j2NiNa:cN`EI1k2OiN_:cNaEI1k2OjN^:aNdEIOl2OkN^:_NdEJOl20jN^:^NdELNl20jN^:]NfELLm21iN^:[NgENKn21hN^:ZNgE0Kn2OcLVOb1Z;kNgE2Jn2OcLWOb1Y;jNhE2IP3NaLZOb1X;iNhE3IQ3M`L[Od1W;gNhE4IR3L]L_Of1U;dNiE5HT3c0RNl9bNmE4FX3b0QNm9_NnE5E\\3`0PNn9ZNQF7C_3?PNj;_NhCb3>nMn;\\NdCf3?nMP<WNbCk3?nM]=Q2eBmM[=S2fBmMY=T2hBkMW=U2jBkMU=U2kBlMT=T2mBkMS=V2nBiMQ=W2SCTLQNY1k>c2^C\\Mb<d2_C\\M`<d2aC[M_<f2aCYM_<g2aCYM_<g2bCYM]<g2cCYM]<g2cCYM]<g2dCXM\\<h2dCXM\\<h2dCYM[<g2fCXMZ<h2fCYMY<g2gCZMX<f2iCZMV<f2jCZMV<f2jC[MV<e2iC[MW<e2iC\\MV<d2kC\\MU<c2kC^MT<b2lC^MU<a2kC_MU<a2kC`MU<_2kCaMU<_2lC`MU<_2kCbMT<^2lCbMU<^2jCbMW<]2jCcMU<]2kCdMT<]2kCdMU<[2kCeMU<[2kCfMT<[2lCeMS<[2mCeMT<Z2mCeMS<[2mCeMS<[2nCdMR<[2oCeMQ<[2oCfMQ<Y2\\AXL]2_1W<Y2\\AXL]2_1W<Y2\\AXL]2`1V<X2]AXL]2`1V<X2\\AYL_2^1V<X2ZA[L`2]1V<Y2XA\\La2[1X<^2hCcMW<^2iCaMW<_2iCaMX<^2hCbMX<^2hCbMX<^2iCaMX<_2gCaMY<_2gCaMY<_2hC`MX<`2hC`MY<`2gC_MY<a2gC_MZ<a2eC_M[<b2eC]M[<c2eC\\M]<c2cC]M]<c2dC\\M\\<e2cCZM^<f2dCXM\\<h2eCVM]<i2dCVM\\<j2eCTM\\<l2dCSM]<m2dCQM]<o2cCQM]<o2dCoL]<Q3dCnL\\<R3eClL\\<T3dClL\\<T3eCkL\\<T3fCiL[<X3fCfLZ<Z3hCcLY<]3iCYLSMJU?l3b30000O100O101N1O10000000000O2O0In\\OfLRc0Y3P]OeLQc0[38O0Ef\\OVMZc0h2i\\OVM0KRc0n2o\\OUM0MQc0m2[]OSMeb0m2d01O0001O01O01O00001O010O00001O001]NS\\O7mc0EX\\O:hc0EZ\\O:gc0D[\\O;ec0D]\\O;dc0B^\\O>cc0@_\\O?ac0@`\\Oa0`c0^Oa\\Oa0_c0^Ob\\Ob0_c0\\Ob\\Od0_c0ZOb\\Og0^c0WOd\\Oh0^c0TOd\\Ol0^c0POd\\OQ1`c0eNe\\O[1]d0100O1O0000000001O01O01O01O000001O001O1O1O2N3F_ZOTOge01[ZOOj_4"}}]}