{"images": [{"id": 0, "file_name": "images/n01914609_5146.jpg", "width": 1290, "height": 730}], "annotations": [{"id": 0, "image_id": 0, "category_id": 0, "bbox": [495.0, 281.0, 269.0, 221.0], "area": 59449.0, "iscrowd": 0, "segmentation": {"size": [730, 1290], "counts": "QXQ;3ff020Nilm02TSRO2O1O2O0O1O1000000000000M3H9K4N2N2O1O2O0O10010O001O00100O0010O01000O0100O100O010O100000000O11O01O001O1O1O1N100O100O1O1O001O010O1O1O001a[OcN]OKmc0a1d\\OnN\\c0R1b\\OnN`c0R1^\\OoNbc0S1Z\\OnNgc0U1T\\OlNnc0n12N2N2N1O1O1O1O1O100000O101O5K2N2N5K5K1O2N2k\\OYMSb0j3M3M3M1N3o]ObKba0m4N1N2NdN]^OcMca0X2g^OcMXa0\\2n^O`MRa0_2S_O\\Mn`0c2V_OZMj`0f2W_OYMi`0h2W_OWMi`0i2X_OVMh`0k2X_OTMh`0l2Y_OSMg`0n2Z_OoLg`0R3Z_OlLf`0V3Z_OhLf`0Z3[_ObLf`0`3Y_O_Lf`0c3[_O[Le`0g3[_OULg`0l3R12O000OO2N1M4B=WNi\\OJ^c03f\\O^Ohc0`0[\\O[Oic0c0Z\\OZOhc0d0[\\OYOgc0f0Z\\OXOhc0g0Y\\OXOic0e0Z\\OYOgc0f0Z\\OZOfc0e0[\\OZOfc0e0[\\O[Oec0d0\\\\O\\Odc0c0^\\O\\Obc0c0_\\O]Oac0c0_\\O]Oac0b0`\\O^Of0Jn`0g0^^O_O:4Va0=a^O_O58Za09b^O_ON=_a04d^O_OGc0da0Ng^O_O]Oj0ka0Hh^O_OXOl0oa0Fj^O@lNQ1[b0@i^OR1e`0TN_^Ok0m0n0f`0ZNX^Oi0S1k0h`0DX_O:k`0DW_O9l`0FT_O7o`0HR_O5Ra0Jo^O2Ua0Ll^O0Za0Nf^ON`a0Ob^OLda02\\^OKia02Z^ODoa0:V^OYOTb0e0Q2O2N001N01000001O0O101O001N101O_OZZO0ee0O]ZO0ce00_ZOO`e00bZO0]e00dZOO[e01hZONTe03oZOLQe03Q[OMmd04T[OKld04U[OMjd03W[OMgd05Y[OKfd05Z[OKfd05[[OKcd05_[OK_d05c[OJ]d05d[OL\\d03e[OMZd03f[ONZd01g[ONZd00h[O0Vd0Om[O1Sd0Nm[O2^e0O1O1O101N1Ob]10^bN10000O10000000O10O11N^ef;"}}, {"id": 1, "image_id": 0, "category_id": 0, "bbox": [156.0, 303.0, 55.0, 45.0], "area": 2475.0, "iscrowd": 0, "segmentation": {"size": [730, 1290], "counts": "i`_34ef03M3N2N2M3iYOFje0g0N00000O10000000O1O010O100O01000O010000O010O1O010O100O00100O100O10O10O100O100O01000000O100[O_ZO1be0KdZO1`e0IeZO5Rf0M]lPh0"}}]}