{"images": [{"id": 0, "file_name": "images/amphimetra-tessellatazzqspecies_d8_5783273895015.w1000.h666.jpg", "width": 1290, "height": 730}], "annotations": [{"id": 0, "image_id": 0, "category_id": 0, "bbox": [100.0, 9.0, 941.0, 712.0], "area": 669992.0, "iscrowd": 0, "segmentation": {"size": [730, 1290], "counts": "hhW22df08J4M3L4L4L3N3L3N2M3N2N2N2N2N2N2N2N2N2m\\OXNbN2ka0i1]_ORO]`0Q1W_OA``0b0W_OHe`0;V_OJg`09i^O6Ta0Md^O:[a0d2N1O2N3M2N2O1N2O1N2O1N2O1O1N2O2M2O2M3N2M3N1N2N101M2O1N2O1N2N2N2O1O100O1O1EQIj@P7U?SIg@o6U?=@dH[Ac7]>a0M3M3L4ZJcGmL_8Q3eGjL^8o2ZGkG;c3IdMd8m6iG[KO^MZ8W7hGXK:UMP8c7fGVK>SMn7f7eGUKa0nLP8l7_GUKQ:k4PFRKR:n4nEPKT:P5lEoJU:R5kElJV:T5jEjJX:V5hEhJZ:X5gEcIZOUOT;W7cEbI^OQOS;\\7`E]IFQOl:b7^EVI1QOd:i7\\ESIl;l6UDRIn;l6SDRIo;m6SDPIn;P7UDlHm;S7TDkHm;U7SDkHm;U7TDiHm;V7UDhHl;X7TDbHlNDQ=j7SDaHT<^7kCcHU<]7jCdHV<\\7iCeHX<Z7hCfHX<Z7hCfHY<Y7hCeHY<[7hCcHZ<[7jCaHX<^7c1O3M3L3N2aMf@ZM\\?b2k@YMV?d2o@XMT?d2PAZMQ?d2RAZMP?c2SA[Mn>d2TAYMo>e2RAZMo>d2RA\\Mo>c2RA\\Mo>c2RA\\Mo>c2RA\\MP?b2QA]MQ?fNQ@_3o0iM_?T2c@kM^?T2c@kM^?T2c@kM]?U2e@iM\\?V2e@iM[?W2f@hM[?W2f@hMZ?X2g@gMY?Y2h@fMY?Y2h@fMX?[2h@eMW?[2j@dMV?\\2k@cMV?]2i@cMW?^2i@aMW?_2j@`MV?a2i@_MW?a2j@]MX?c2g@]MY?c2h@[MY?f2f@ZMZ?f2g@XMZ?i2f@VM[?i2f@UM[?l2f@RMZ?o2f@PMZ?P3g@nLZ?S3e@mL[?S3f@lLZ?U3e@kLZ?V3g@hLZ?Y3e@gL[?Y3e@gL[?Z3e@eL[?[3f@dLZ?]3f@bLZ?^3k@]LU?c3k@]LU?d3k@[LU?e3k@[LT?g3l@WLU?i3l@VLT?j3n11O1O1N101O1O1O1O1O001O001O1N2O000O1O1O1N2OO0L40100O1O2O1N10100O101O0O1O1I7N2N2N2N2N2M3M2M4M3M2M4E;M2010O010O00100O10000O010O100O1O101O0O2O001O001O001O002N1O6K1N2N2N101N1O1O01O00000O2O00001O000O100O2O00001O1O001O1O001O001O00001O001O00000000O2O001N2N4L3N4K4M2M3N2M101O1O0TMZLdBg3Z=ZLfBe3[=\\LdBc3\\=^LcBc3]=]LcBb3]=^LdBb3[=`LdB`3[=aLdB_3]=bL`B`3_=bL\\Ba3d=bLTBd3l=]LgAn3Y>TL`AR4_>QL[AR4f>oKWAS4h>PLTAR4l>oKQAR4o>PLo@Q4P?SLl@o3S?SLj@n3U?ZLb@h3]?^L]@c3c?_LY@b3g?i10000O10001N2O0O2O1O1O00100O1O2O0[AeHi=b7oA_H;4c<]7RC_H;4d<\\7RC_H<3a<_7UD_Hk;`7WD_Hi;a7h10O1O001O0O1001O0010[CbHn9]7VF`Hi9a7h2O1O[A`HQ>`7nAcHQ>\\7oAeHP>[7PBeHo=\\7SBcHk=^7g0O20O2]A_Hk=d7RB^Hd=l7\\BTHb=o7\\BRHb=Q8]BPHb=P8]BQHb=P8^BPHb=Q8]BoGc=Q8]BoGb=S8]BlGd=T8[BmGd=V8ZBjGe=X8ZBgGe=_8VBbGh=i8M3N3N2M2O1O100O1O1OEjBTGU=j8nBVGQ=h8SCWGl<c8[C]Gc<b8aC\\G_<c8l00001O01O00100O010O1O2O1N1O2N101O0O3N1O1N101O2N1O1N3O11O000O2M2L3M2M4K6F8L4L4M3N2N2O2M2O2M2O1O2N100O100O1O100O0010O10O010O010000O2N2O1O2M3N2N4L4L<D:F3N2M2O1N2O1N2O1O100O0O100O100O1O100O100O100O1O2OO01O10000000O0100O010O01O1O1N2N2O1N2N2N3N2M4L3M5J7iG`Bh6f=nHiBg6m>G7J5J6J8I4K5L4K7J5J5L3M4K4M4K4M4L2M4L3M4M2M3K4G:H8J6L4K5L`MoM^@l1_?eNX@W1f?TOT@i0n?[Oo_Oc0Q`0Am_O=U`0Gg_O8Y`0Ke_O3]`01^_ONd`08U_OGm`0=l^OEVa0m23N2M3N2M3N3N1N2N4L4L3N1O2N1O2M2O2N2N2N1O2N1N2O1O1O2N1O1O2N1O2N1O1Ok]OaMo?_2i_OnMS`0Q2j_OVNR`0j1k_O]NR`0b1l_OcNQ`0]1l_OkNe=bNXCc2mNSOf=aNYC\\2nNYOd=aNZCW2nN\\Oe=dNYCo1oNBd=dNZCj1POEd=dNYCh1QOGd=eNXCd1ROIe=fNWCb1QOKg=eNUCa1ROLi=eNSCa1nNMQ>eNlB`4T=dKgB\\4[=gK`BZ4`=jK[BV4g=kKVBV4k=lKPBV4Q>X22O1N2O1O1N2O1N2O1O1O1O100O1O100O2N1O1O1N2O001N2O1N2N2N2O1N101N2O0O2O0O2N1N3N1N3N101N2N1O2N2N1O2M3K5J6M201N2O1O1O0O2O00001O001O0100O002O3L2OO01O01O0O2O1N101OhN\\JZAe5d>]J[Ac5d>^J]Aa5b>aJ]A`5a>aJ`A_5_>bJ`A_5^>bJcA^5[>dJdA]5[>cJfA^5W>dJhA]5W>cJiA_5T>bJmA^5R>cJmA^5R>bJnAg5h=ZJXBh5f=YJZBh5b=ZJ^Bg5^=]JaBd5Y=aJhB_5U=cJkB_5P=eJoB\\5m<hJRCY5l<hJUCX5i<jJVCW5h<jJXCV5g<lJYCU5e<kJ[CW5b<jJ^CX5`<hJ`CZ5]<hJbCZ5\\<fJeCZ5Y<hJfCX5Z<hJfCY5X<iJgCW5Y<jJfCV5Z<jJfCW5X<kJgCU5Y<kJgCU5X<mJgCS5Y<mJgCS5Y<nJfCR5Y<PKfCP5Z<PKeCQ5[<PKdCP5\\<QKbCS4\\OhJR=V1aCR4^OgJQ=W1aCQ4@gJo<Y1`Co3CgJm<Z1`Co3EeJk<]1^Cm3JfJg<^1]Ck3OfJc<a1[Ch35gJ`<b1RCm3b0`J[<j7gCVHX<j7iCUHV<k7mCSHS<m7oCQHP<o7RDPHm;P8VDoGi;Q8XDmGh;S8ZDkGf;V8[DhGe;X8\\DgGd;Y8^DfGb;Z8_DdGa;\\8^10000001N1O2N1L5M3N110O0100O100O100O1O10O01O1O1O1K5K5O1O010O100O10O010O100I60100O10O100000001N101O010O2O0O10O0100O^MlG^FU8`9mG_FS8a9mG`FS8^9nGbFR8^9nGaFS8^9nGbFS8]9mGcFS8\\9mGeFT8Z9lGeFY8V9hGiF_8Q9aGoFa8o8_GPGc8f5XGTK5UOe8d5YGUK3WOe8a5ZGXK1VOg8_5[GYKOWOg8_5[GZKNVOi8]5[GPJAH<j0i8]5[GPJAI<h0j8]5[GPJAI;i0k8\\5ZGQJAJ:i0o8V5XGVJ@J:KGD[9]6UGZJ_OJ:E1EU9_6QG\\J@J:C6CQ9d6oF\\J@J;AZ:Z6kEZJAK;_OZ:\\6jEZJAK<]OY:_6jEXJCK=ZOV:d6jEWJCKc0ROQ:l6jEVJCKh;P6eDUJCKg;Q6fDSJDLf;Q6eDTJFJd;h5QD]Ie0P1GKc;f5UD[Ic0S1FKc;f5SE_JZOKc;e5TE_JZOLb;e5TE^J[OLb;e5TE_JZOLb;e5SE_J]OKa;e5RE`J]OJb;e5REaJ\\OJb;e5RE`J]OKa;d5SEaJ]OIa;f5REaJ]OIa;f5QEaJ_OIa;d5QEcJ^OIa;d5QEbJ^OJb;d5PEbJ_OI`;T3mC\\NU1gN^OI`;S3oC\\NS1gN_OJ^;S3RDZNR1iN^OJ^;R3TDYNQ1jN^OK\\;R3VDXNQ1kN]OK[;R3YDPNCVN^1l0\\OLZ;Q3ZDlMZ1WOSOKX;S3\\DiMZ1XOSOLW;R3^DhMZ1YOQOMW;Q3_DhMZ1YOQOMW;Q3_DhMZ1ZOPOMW;P3aDgMY1[OQOMV;o2aDiMY1YOQOOU;n2bDiMY1YOQOOU;n2bDjMX1YOQOOU;m2cDjMY1XOQO0S;l2fDkMV1YOQO0T;j2fDmMV1WOQO2S;h2hDoMU1VOQO2R;h2iDPNU1TOQO4Q;g2kDoMU1TOQO4P;i2jDoMX1oNQO7n:k2jDnM[1kNoN9n:m2iDnMQ3kNlK1Z<V3kDlMi?S2Z@jMg?U2[@iMf?V2[@hMg?W2Z@hMg?W2[@fMg?Y2Z@fMf?Z2[@dMg?[2Z@dMf?\\2Z@cMh?\\2Y@cMg?]2Z@aMg?_2[@^Mf?f1d^OdNg1Bg?i1c^OeNh1]Oh?m1b^OeNh1ZOh?P2a^OfNh1WOi?Q2b^OgN]c0X1d\\OhN\\c0W1f\\OhNZc0W1g\\OiNYc0V1h\\OjNXc0U1j\\OjNWc0T1k\\OkNUc0U1n\\OgNSc0X1S]OcNmb0]1U]OaNkb0^1W]O`Njb0_1X]O`Nhb0_1Z]O`Nfb0f0e\\O^Of0Kfb0f0f\\O]Oe0Meb0d0i\\O^Oc0Leb0e0j\\O]Ob0Ndb0d0l\\O]O`0Mfb0e0m\\O[O>Ngb0f0V2N2O1N1O2N2N3L3N2M`]a5"}}]}