{"images": [{"id": 0, "file_name": "images/hexaplex-regiuszzqspecies_41_5a02e78cdb0b4.w1000.h666.jpg", "width": 1290, "height": 730}], "annotations": [{"id": 0, "image_id": 0, "category_id": 0, "bbox": [213.0, 73.0, 711.0, 574.0], "area": 408114.0, "iscrowd": 0, "segmentation": {"size": [730, 1290], "counts": "Q]h45bf05M2N2N1O2O0O1O100O1O1O1O1[MAn^O`0k`0IR_O8j`0MT_O4j`0OT_O2i`02U_OOj`03S_OOl`03R_ONm`03R_ONn`03P_OOo`01o^O1Pa01m^O1Sa0Ok^O3Ua0Ni^O3Wa0Mg^O5Xa0Le^O7[a0Jb^O8^a0H`^O;_a0F_^O;aa0E]^O=ca0DY^O?ga0AW^Oa0ia0@T^Ob0la0^OS^Od0ka0]OS^Oe0ma0\\Oo]Og0Qb0YOk]Ol0Sb0VOi]Om0Wb0SOf]OP1Zb0QOb]OS1\\b0f101O1N101N1CfKY^O[4ca0kKY^OW4ea0`0J6O10000GiJn^OX5Qa0jJm^OW5Sa0kJj^OV5Va070000000000001O000000000000O101O00001N101O0O2O1O1N2O1O1N3`_OWJj?]6O2N1O1O1O1O100O1O100N2O1N2N2L4K5L301O01O1N2O1N2N2M4L3I8L3L4N2N200O010O001O10O01O100O100O1M3M3N2O1O1O100O010O10000000O100O100O1O100O1N2N2O1N2E;M3L3L6J5K6K5N2N2N2N2O1N3N2M3M101N2O0O2N2M2O2N2M3M2M3N3K4K5N2N2N2O1O10O1O1O0101N3M3M2N1M4M2O1N2O2^Oa0L4O2MfK[DdMFULd;Y6hDiMV;X2jDiMT;X2iDlMV;T2fDQNX;P2dDUNZ;f6O1N2O2M2O2N3N2M3M3M2O[J[EUOd:l0\\EVOa:j0`EWO^:h0cEZO[:c0iE_OT:6WFKh96XFJg9b0mE^OS:e0kE[OT:g0jE[K2m1R:k2jEYK3m1Q:j8N2M3M3OjKVF^Ki9j8N2N2N2M3M3N2NoIhFdNW9kLgFe13`1U9lLiFc13`1R9oLkF`14`1Q9QMjF`15_1P9T1lFZI5`5o8nMlFiN0nM2I5m0I[3S9n1nFPJ3H5m0G]3R9o1oFPJ4D7b5f8_1TGmH6e5d8`1VGjH7e5b8b1XGiH5f5a8b1YGjH5i0Dn3m8_2ZGnH0f0Io3j8]2]GTO`8n0`GRO_8n0aGTO\\8n0cGTOZ8n0eGSOZ8n0eGSOZ8n0eGSO[8m0eGTOY8aLdGT13[2X8bLeGVM0^32k2Y8aLfGUMO^33l2W8bLgGSM2\\31o2U8cLiGQM4X30T3R8dLjGPM5V30V3n7gLmGnL3V32U3k7jLPHb05e2g7mLSH?4f2e7l0YH]H3h6c7k0dHVO[7j0_H\\HLk6e7i0^H^Ob7`0_HB`7=aHC_7eL]HH3e3_7cL_HG2f3_7cL_HG1h3_7aLaHFNm3_7\\LdHGLo3^7[LfHFKQ4^7YLgHFKR4]7YLgHDMS4]7XLfHEMT4\\7WLeHcLMb24e4X7WLfHcLO^24i4V7WLfHcL0]24j4T7WLhHbLO^23k4T7WLjH_O2[4R7XLkHZLO^20^M3d7P7XLnHVL3MLX23gMOg7n6ZLQISL3MLX23hMMg7m6\\LTIQL2\\2O`5i6ULVIoK3Y20c5e6WLXImK5U2Oh5c6WLYImK4T2Oi5d6VLYImK1W21g5d6VLZImKOW22f5e6WL[Im6d6TI\\Il6c6UI^Ij6a6WI`Ih6`6XI`IeKMh:a6eIcIaKNi:^6hIcI^K2V2NQ6\\6]LdI[K5T2LS6Z6`LdIYK6S2LU6Y6aLcI[KOW21n5]6aLcI[6[6gIeIY6Z6S51O010O000100O10O01000000000000O1000001O01O1O100O1O1O101N100O100O1O2N2N2N1O4L4dHoHfNT7X1lHhNU7V1lHjNU7U1kHkNU7U1kHlNU7T1jHlNV7T1jHlNV7T1iHnNU7\\8bNi@YKW?d4o@XKS?e4SAVKn>h4VAUKk>i4dAeJa>Y5a1O1O2N1O1O1O2N1O1O1O100O1000O01000000O01aHRKRMn4n2UKnLk4R3WKmLi4S3VKnLj4S3RKnLQ5[:2O1O2N101N3N1O1O1O1O3M3hD[JU5g5iJZJV5h5hJXJX5j5fJUJ[5P6e52N2N2N5K2iDdIl5b6nI^IR6c6mI]IT6c6kI]IU6c6kI\\IV6d6jI\\IW6c6P501OhD^IX6b6gI`IX6_6hIbIX6^6hIbIX6^6gIcIX6^6hIbIX6]6iIdIV6\\6jIdIU6]6kIcIVOMh2`6RNdIUOLh2`6UNcIRONi2^6VNcIPONl2_6UNcInNOm2^6VNbImN0m2]6WNcIlN0m2]6WNcIlN0m2]6WNcIlNOn2]6XNcIjN0n2]6XNbIlN0l2]6ZNbIjN1l2]6]2cIcM\\6^2dIbM\\6^2dIbM[6_2eIaM[6_2eIaMZ6`2eIaM[6_2eIaMZ6`900O10TIhIVMX6g9N10001O001O00SElIU5T6iJmIW5S6jJmIV5R6jJnIV5R6jJnIV5R6jJoIU5Q6kJoIXNNm2T6kNmIWN1m2R6QOoIkMOT3R6POQJkMNT3R6POPJkMOU3Q6POQJjMOiLKn5V6^OPJkMOiLJo5X6]OnIkM0T3S6ROlIjM1T3U6POjImMOT3Y6nNgInM0a2N[J_64bIV41kNO]23\\JS7^4jHkNM\\27ZJR7_4jHn46aFQ7a4jHm46aFP7c4iHl48_FP7e4hHl49]Fo6i4fHl4<XFo6n8eHhLk7X3WHWGMW5l7a3YHVGNX5g7c3[HTG0X5e7d3\\HSG3U5a7i3[HQG7T5^7k3lHVG[Od4h7W4PIoF\\Oi4d7X4XIhKh6Y4WIgKh6Z4XIfKh6Z4[HoF3O8i4X7?\\H^NO]L211L0i4b7?]HfNNWL2MOh4d7?\\HPONk0f75\\HX4c7jK\\HV4d7jK\\H_N0i1c7H]H_NOj1e7\\91000001O000O101bFYH\\O0YOg7\\1YH[ONYOj7]1XHb3h7^LXHb3h7^LXHb3h7^LXHQNNj1j76WHPNOi1k7o3UHQLk7_900000nFUHU3k7l51QGVHn2j7RMWHm2i7SMWHl2j7TMVHl2j7UMUHk2k7UMUHk2k7VMTHj2l7Q6010O1O01OfJTHgKl7Y4UHgKj7Z4VHeKj7\\4VHcKi7_4WH`Kh7a4YH^Kf7e4YHZKf7n9M2O1O10`G_Hh1a7YN_Hf1a7[N_He1`7\\N`Hb1b7^N_H`1a7aN_H^1b7bN^H^1b7aN_H^1b7bN^H]1b7dN^HZ1d7eN]HZ1e7eN[HZ1Q8[NoGd1Z8TNfGk1^8SNaGl1d8PN\\Gn1h8PNXGP2i8oMVGP2l8PNTGo1n8PNRGn1P9RNPGm1Q9SNoFl1S9SNmFk1U9UNkFi1X9VNhFg1[9YNeFb1a9]N_Fa1d9^N]F`1e9_N[Fa1f9]N[Fb1g9]NYFb1h9^NXFbLKk2n9c0VFbLLk2n9c0VFaLMl2m9c0VFaLMk2o9c0TFbLMk2o9c0TFbLLl2P:b0TFb1m9]NSFc1m9]NSFc1m9^NRFb1n9^NRFb1n9^NRFa1o9`NPF`1P:`NPF_1Q:bNPF\\1P:fNoEY1Q:hNnEX1R:iNmEV1T:h5000000001O0SIkEU1U:h500000fKnElKR:Q4RFnKn9Q4SFoKm9o3UFQLk9l3YFSLg9g1kEYL?P2f9f1mEXL>Q2f9h1kEULb0R2d9h3^FSJ[O8V:c5aFTJ]O6S:d5bFTJ]O7Q:d5cFTJ^O7o9d5dFTJ^O8o9b5dFUJ_O8n9a5dFWJ^O7o9a5dFWJ_O7n9o3eEcKQ16^O6l9`5gFYJ_O6j9`5hFYJ@6i9_5iFYJ@7g9_5jFYJA6f9a5iFYJB5f9`5jFYJB6d9`5kFYJB7d9^5kFZJC7c9]5kF\\JC6b9]5lF\\JD6a9Y5oF`JA7`9V5SGaJ_O8_9T5TGcJ^O9^9o4YGgJ[O:[9d4_ETJm1m0ZO;[9l4[GhJ\\O:Z9o4YGfJ^O;Y9o4YGdJA<V9Q5YGaJB>U9Q5YG`JD>S9R5YG_JF>Q9T5WG]JJ?o8T5WG[JM?m8V5VGYJ0`0j8W5VGWJ2b0h8W5VGVJ3c0h8V5UGVJ5c0f8X5TGSJ8d0e8m3^ETLd1ZO;e0c8Y3WFcLk0]O=g0a8T3^FfLd0]O`0h0^8R3bFhLa0[Oa0k0\\8m2hFlL>UOc0Q1W8k2lFnLm26X6j2nFoLj27X6h2QGPMh27W6h2SGPMf28W6f2UGRMe26W6g2VGRMc27W6e2YGTM`26X6d2YGVM_26X6c2[GVM^25X6e2ZGVM^25X6d2[GWM]24Y6e2[GVM]24X6e2\\GWM\\24X6d2^GWMZ24Y6d2^GXMZ22Y6e2^GYMY21Z6e2_GYMW21[6f2^GYMX2N\\6h2^GYMV2N]6i2]GYMW2K^6k2]GYMW2H^6n2\\GZMh=f2XBZMh=e2ZBZMf=c1Q@aNZ2Le=`1_@PNV2?[=`1bC`N^<^1dCaN]<^1eCaN[<^1fCaN[<]1gCcNY<[1jCcNW<[1kCeNU<Y1nCeNS<Y1QDdNP<Z1TDbNn;\\1i4N2N3N2M2M4L4M4I7K8FmgT8"}}]}