{"categories": [{"id": 0, "name": "background", "supercategory": "background"}, {"id": 1, "name": "coral", "supercategory": "coral"}], "images": [{"id": 0, "file_name": "images/0030_C04_03.jpg", "width": 1044, "height": 1044}], "annotations": [{"id": 0, "image_id": 0, "category_id": 1, "bbox": [37.0, 21.0, 990.0, 960.0], "area": 950400.0, "iscrowd": 0, "segmentation": {"size": [1044, 1044], "counts": "bkU14^P12000O`P1OZoN0koN1TP10moNNRP14noNKQP17PPOHT<4^74fH2W7LhH=cc05L3L1O2N1O2N2L5L4M2O1O1N101O001O2N1N1O2M2O1O2N2M2eBQNPLQ2n3QNPLQ2n3PNQLR2m3oMSLR2l3nMTLS2k3lMULV2j3iMWLX2Pa03N2N1M4B=M4M3M4K6K4L4N1N3N0O2O1O2N2N1N2dLnKTZOR4ge0ULVZOm3he0VLVZOj37hKXb0c0]]Og37kKXb0b0_]Oc33VLXb0<`]O`35XLXb0<`]O^35YLXb0;a]O]36[LVb0:c]O\\36\\LUb0:c]OZ38^LRb0:e]OX38_LSb0:d]OX35bLUb09d]OV31fL[b05c]OU3]NcKe0X1Yc02d]OT3ZNhKd0U1b=\\NVGc1YLU3ZNjKa0U1d=[NVGb1[LU3XNlK>U1Z=UN\\B30Mi4g1jLS3VNQL;U1^=RN\\B30Lk4f1jLS3UNVL5S1e=oM\\B21Mi4h1jLQ3UNgNj=aL^B10Nh4l1gLo2UNhNn=]L_B2GNX5m1]Lf6U<\\G`B1G1U5n1^Ld6f<]GgA1U5o1\\Le6o<\\GeFo1[Lf6o<[GfFP2[Le6o<[GfFQ2YLe6R=XGfFS2XLe6]b0^Ib]Ob6[b0bId]O^6Yb0fIe]O[6Xb0hIh]OX6Vb0kIi]OU6Ub0mIj]OT6Tb0nIk]OT6`<TGeGj2iKS6b<SGcGm2jKP6Sb0RJl]On5Sb0TJm]Ok5Rb0VJj]OPMmNj8Wc0XJj]OoLPOh8Vc0YJi]OPMQOg8P>WGPGR3nKQMSOf8n=WGQGS3lKQMUOe8Sc0\\Jh]OmLUOi8Qc0\\Jk]OiLSOl8Qc0]JQ^O^1mNZOPc0YOS^O\\1nN\\Omb0ZOS^O[1PO[Olb0\\Od]OcLFi4HYOmb0]Ob]OdLGg4JYOlb0]Oa]OeLHm8fb0`Ja]OdLGo8db0_Jc]OdLFY9\\b0TJn]O]6na0dIR^O^6ka0hIo]OZ6oa0hIP^OY6na0iIP^OY6oa0V4O2NQFV^OW5ha0UJY^O]L2^9ba0UJ^^O\\L1^9aa0VJ^^O[L2`9^a0WJ_^OZL2`9]a0WJa^OYL2a9Ya0ZJd^OUL2b9Va0]Jg^ORL3a9Ra0TKn^Om4l`0XKT_Oh4k`0YKU_Og4j`0ZKV_Og4h`0ZKX_Of4g`0[KY_Od4h`0\\KX_Od4f`0^KZ_Ob4e`0`KY_Oa4f`0`KZ_O`4d`0bK[_O_4d`0cKZ_O^4e`0i500O1N2N2O1O1N2M300O100O1O010O1M2O2O1O1N1N2O2N101N101O1O001O00fJ\\@fId?Y6]@fIc?\\6[@eId?f;O1O1O001O001O1O1O002N1N3N1O2N2M3M4M2M4K5L4L4L3K4N3N1O2O1N1RD`]Og9bb0VFd]Oe9]b0mE\\^Og9fa0UF`^Og9aa0WFc^Og9^a0WFd^Og9^a0WFe^Of9\\a0UFj^Oh8VNhF01Rc0;m^Oi8SNhF03Rc0:l^OT8oMjG4]O6:lb05R_OX8jMlG0^O88nb05P_OX8kMnGN]O97Pc04P_OW7eM[I5L6]ORc04n^OY8jMPHM]O86me0`8iYOnG:Hoe0o8RZORGoe0l8QZOTGPf0k8QZOTGQf0k8PZORGRf0d6bYOWK=SNSf0W6fYOdIMQ2:TNTf0U6PZOgKLSNUf0U6QZOgKHUNXf0R6SZO]J[O?8TOZf0n5WZO\\J^O<0[O[f0m5jYOgIMe0N<O[O]f0m5hYOhINd0O<MZO^f0o5hYOgIN9FO8i0MQOK1ef0V6gYOhIM8G06P1if0Q5\\YOiILd0Ob0if0R5ZYOkJM1jf0V5XYOiJNVOMC654KWf0_6bYOiJ0oN`0KH0Tf0^6cYOiJ2kNa0LH2Rf0]6dYOjJ3gNT12Te0^6fYOhJb1iNid0^6fYOhJc1iNgd0^6gYOiJ>iNof0^6bXOiJd1iNed0`6cYOjJg1gNed0`6aYOlJj1dNdd0b6`YOkJm0bN02ae0R8_ZOlG02`e0S8_ZOmGO1ae0S8`ZOnGMOce0T8^ZOnGONce0T8_ZOmGNObe0V8`ZOgG13_e0W8][OiGbd0Y8^[OfGbd0Z8jYOdG^12gd0Z8a[OdG_d0]8k11O1O2N4fYO\\G]d0g8`[O\\G]d0e8c[O[G]d0e8b[O]G\\d0e8c[O[G]d0e8c[O[G]d0f8b[OZG^d0g8c[OTG_d0n8b1100O10O0010O2N10kMcXOSKh1oMhc0n6aZOTKf1oMhc0l6cZOfJLjNi1Jbc0f6iZOeJMkNj1H_c0h6kZOeJLjNk1J]c0g6lZOeJLkNl1G\\c0j6kZOTKWg0V7O2M2O000OO2O13M7H3TYOZFff0l9M10001O005J7J1O1N100000001N101O2M2O1N100O2O0O2O1^ZOVEWe0l:gZOWEWe0j:hZOVEWe0l:gZOWEWe0T;N01L300O10000001O01O0O2O001O100O001N101O100OMQEcZOo:]e0QEcZOo:]e0QEcZOo:]e0QEcZOn:]e0SEcZOm:]e0SEdZOe16V7Ve0UGdZO^1`0Z7ld0XGdZOX1h0^7jd0`HY[O^7id0^H[[Oa7ed0]H^[Ob7bd0]H_[Oc7ad0\\Ha[Oc7_d0\\Hb[Od7^d0[Hd[Od7Ud0`GdZO2N2O7]1T8Yd0dGZZO106_1T8Vd0fG[ZO0O3d1X8Pd0VHS\\Oi7mc0kG]ZOOi1S8kc0lG`ZOMf1W8kc0iGbZONe1X8jc0hG[ZON4Oh1]5[NVM^e0_M\\ZO0S2Z5SNWMee0^MY\\O\\5PNWMhe0\\MX\\O^5mMXMUh0g2jWOZMVh0b50CgWO^HZh0a7jWO\\HWh0o6eWO[Iih0c6ZWO\\Igh0Z6cWOgI[h0T6jWOQJQh0o5oWORJQh0k5RXOQJQh0m5YXOaIQh0^6T1N1O1M3N1O1O2M3O10000O1O100000001O00001O001O0YK\\UO^3dj0\\LdUOb3\\j0mKXVOP4hi0oK]VOm3ci0RL_VOm3ai0RLaVOm3_i0SLbVOl3^i0TLdVOj3\\i0ULgVOi3\\i0PLiVOo3oj0O100O100O010O01O1O10O01O001O00001O0XJlKP_OU4o`0kKQ_OU4hf0O01O001O010O001O10O01O00000000001O00000000O010001N100O01O100O1O1O1N2O1M3M3O1O1O101N10001O0000000BVSORMjl0k2[SOSMel0h2aSOWMgd0HdBP3eHXMgd0GeBR3bHXMbl0j2\\SOVMel0j2VSOZMjl0f2VSOZMjl0g2ZSOTMfl0m2ZSORMfl0n2ZSORMfl0n2ZSORMfl0n2ZSORMfl0o2YSOQMfl0R3VSOPMjl0]30BYSOPMfl0n2\\SOSMcl0_2YSO`M62^l0^2^SO^M74Yl0_2]SO^M:6Wl0g2hSO[MWl0d2jSO^MTl0b2lSO_MSl0a2mSO`MRl0`2nSOaMQl0^2PTOcMok0]2QTOdMnk0^2PTOcMok0^2PTObMPl0_2oSObMPl0`2nSObMPl0\\2RTOdMnk0[2TTOoLM5Ql0`2iSO^M;J4Ojk0h2hSO\\MY1Nej0n2[UOXM`j0i2\\UO\\Mbj0e2fTOmLM4E>fk0a2gTOoLMm0Vk0T2mTOoLLQ1Tk0o1QUOoLMn0Uk0S2nTOoLMh0FYO_k0o2PUOoLKi0GWO_k0R3mTOoLMg0\\k0[2eTOPMMf02WOnj0m2gTOWM;0Me03WOnj0h2mTO\\M41GL1g06\\OQk0c2nTO\\M41Mc01]Ooj0c2QUOZM41Le01\\Onj0d2QVO^MkN58Gjj0h2`VOZM]NM91ij0i2aVOXMmNO`j0k2cVOUMmN2_j0i2SUOUMm14oh0h2PUO[M=IN0H1?4];Jn2m2RA]M<IOOH0`04];Jn2m2SA[M<KNNJO?7Z;Kn2k2YAWM:NMN`07R;Kn2k2[ATM90l07a:Kn2j2PBTMa08a:Jl2l2_ATM301M`09oi0h2\\UOSM3O1O0007`j0j2ZUOQM500N12NOINhj0S3[UOQM4N2O02ONej0R3WUOPM5N`01@NUa0OmGS3kFoLhl0R3mFlL`ES3Pd02N2O5gROgLll0a3000000`UO\\Lh90P2Y3lAmL\\1L^O0Y;OP2V3SBkLT16[OLei0S3mUOkLd00YO=K01EZj0R3nUOlLc0b1^i0b1PVOkLa0e1^i0`1PWO`NPi0_1RWOVMeNm0Xj0m1SWOTMhNn0Uj0n1SWOSMjN9JL1FXj0R3SWOSMjN`0J^O1MXj0R3SWOUMgNn0Uj0n1SWOVMeNn0Wj0l1TWOdNjh0\\1UWOeNkh0[1UWOVNhNPORj0j2VWOTNkNQOPj0j2UWOQMfNk07ZOmi0j2VWOPMgNm04ROK2Tj0o2gVOlLAd1DaNTj0P3UVOmL21Nb1H_NTj0Q3SVOnL16K\\1M_NTj0Q3SVOmL27I]1O]NTj0P3TVOmL15M]1[j0^1WVOTM^O5Hl0ej0j1UVOTM_O5Jj0:mNki0o2cVOSM@6Hk09nNli0n2cVOSMA6Gi0:QOji0n2cVORMB8F=N@;Nli0k2bVOQMD3C02b00^O87ji0f2dVOPM]O002M1Oa03]O7:hi0d2VVORM4NH103K11`03]O7;gi0b2WVOTM<M_OU1NoN9OF4Pj0h2WVOVM<K@U1NoNc00[i0k2XVOVM3LJ1MT10oNc0N[i0m2VVOWM3LK0M3OO136MKOO1=Mci0P3SVOVM3>J]O2180G0O2aj0X4aUOdK1081G0O3_j0Y4bUOcKb00_O0N4_j0Y4[VObK_O4Wj0n2_UOVNX1jN\\i0o2^UOVMO>\\1[OZi0Q3[UOVMO==[O`00ii0S3ZUOUM0><ZO[k0V3WTORM0?>ZOZk0U3YTOkM=ROa1Mdg0W3^VOkM<RO`1Neg0U3_VOlM:ROb1Ncg0T3cVOkM8SOb1NVa0MWCX3iIUMM79Be1Mo`03e]OJS5W3_JVML7:Ad1OQ`0Nh^O6JJS5U3_JmM9POa11ha0LnAX3_JjM<PO`00K4`h0S3iVOhM=QO=6H1bh0Q3lVOdM`0SOKN0=CK69ih0k2SWOaMc0TO7g0YOIih0k2UWO[Mg1AZN121lh0T3RWOXMg1AZN21Okh0Y3SWOTMh1BYN14Jjh0a3QWORMh1A[N1Xi0^3dVOPMj1^OSh0e3PVOnLm1\\ORh0`4oWO^Kog0e4o11RVOZKng0\\4WVOiKk1KXN4Zi0W4eVOiKh1MWN6[i0e3aVO`L7GV1NoN=Si0^3eVO[L7IR13mN:Wi0_3fVOTLg01XO1K<0G87Xi0`3fWOWLlNk0OSO0<^i0`3hWOULlNk0LFai0Z3RXOmL]NGbi0]3SXOkL]ND`i0b3SXORLfN3JLN;_i0d3bXOULQNLN9`i0g3^XOXLSNH06`i0k3UWOQL;6POHji0R4kVOQLCO1NG90Ghi0S4nVOQL@O3MG:NHgi0T4PWOmKB176^ONdi0o3UWOlKA28a0oh0b3XWOkK_O59>oh0d3hVOhK24L58;Qi0T4hVORL3KUi0X4aVOSM^i0R5N2OnNeVOmJZi0S5hVOlJVi0U5kVOWJO3Ui0h5lVOUJO3Ti0i5lVOhJRi0]6N^NnVOhKPi0i3PWORK2T1Ph0gN_XOe5@dKQh0lNYXOW7gg0k0O1000O2N2hGkWOo7ah0L3LN3O10O1O0010O0102M3M2O6I=D2N1O1O2N1hN]VOgJO6fi0R5ZVO^Khi0f52O1N10000O100O100cMSVOQNni0n1TVOQNli0m1VVORNji0n1VVOSNji0l1VVOUNP?hMbKQ4^EiLLb0R?gNcKm3_EjLLc0Q?fNeKm3]E^Nhi0c1UVOcNhi0[4J3M3M2N1N2O0O00aLjVOBh=bLaMl3gDBg=cLbMk3hDAf=dLbMj3kD_OQi0a0PWO^LKU10_O0YO1JWi0j3nVO^LJV10XOO_O10]i0f3hVOVOXi0m0dVOXOWi0R1gVOiNWi0V1kVOnNoh0T1PWOnNnh0^4N10HTWOfHlh0Z7UWOeHjh0Z7\\WOdH`h0[7cWOfH20hg0Z7WXOfH03gg0l3PXOUO:kL03eg0m3SXOXLL^2o0ZMRg0Q4TXOWLM[2Ri0^1RWOVLNT1LHSi0P3RWOTLO[2oh0b1QWOmNnh0V1PWOmKOe2oh0a1oVOkK2f2c0UM@3gg0`4TXOYNe0TM@3fg0a7iXO]H_O3hg0c7YXOZH5:bg0]7WXO[H64IIjg0h7XXOZH54hg0e4PXOnMc0ZM_g0f4PXOaLOOkh0_3XWO[K3h0M;7jNTh0h4dWO\\K5e0N<5jNUh0W4aWOWL3k02Lhh0Q3TWOWL0o04Gjh0S3SWOUL0Q13Elh0U3PWOVL0Q13Elh0f3PWOfL3Elh0`6O1VWO\\Hbh0e7\\WO]Hch0d7[WO]Hdh0i71]L]WOSLO`2?TMdg0X4oWOSL0`2=UMdg0i4oWOPN4ZMNMng0j4PXOmM6]MJMPh0i4QXOlM5_MIKRh0i4QXOlM5`Mog0d4lWOlM5`Mog0d4lWOiM9bMkg0e4mWOPLJl0>^Nlg0f4lWOPLJk0oh0U3VWOiMih0X2VWOiM:^MF0ng0k4mWOmM<ZMGOPh0f7PXOZH11N1Ph0e7oWO[H1000Ph0l7PXOTH00Ph0U8nWOlGRh0[8oXOcGke0k7XYOWHL0Q1Oje0h7\\YOXHJ0Q10he0e7`YOZHH0;O62Vf0d7bYO[HHO:242Vf0b7eYOZHG0:155Sf0_7oYO[Ha03be0W4]YOoML[Ng0[O\\g0Z4RXOoML[N]2[OPd0\\4fYOfNY2oLQd0\\4eYOfNX2oLSd0\\4dYOgNk1oLTN3\\f0Y4cYOhNk0iLJ2]O<[f0\\7\\ZOWHL2[O<]f0]7YZOVH0O[O>\\f0]7WZOXH3K\\O>[f0_7UZOZH86de0_7VZOZH74ee0U4_YOkNi0iL4Nle0\\4ZYOkNh0iLnf0\\4[XOjNh0jLb0Okd0\\4lYOkNg0jLb0Okd0[4mYOoKK`2gh0`1_WOoKN\\2eh0e1]WOoKNZ2gh0f1\\WOPLMZ2fh0h1[WOPLNY2eh0_2WWOcMgh0V5N2]WOSHm1O_d0S8Q20O1bWOUH7KJMV1ORe0`8mYOiGZg0Y8dXOcGag0h8jYOUGbd0l8^[OUG`d0a4SZOlKNT3`1_L_d0`4UZOiKOX3]1_L^d0`4WZOgK0Y3]1`LZd0a4ZZOdK0d2NeM`1@Wd0d4ZZOdK1c2NeM`1@Vd0e4ZZOeK1b2LfMb1_OVd0P9i[OQGUd0R9aZOlFm03`d0T9aZOlFKN41?2od0T9cZORGKKa00Pe0T9dZO[G;APe0U9fZOZG9APe0V9bZOfF0b0>Bod0V:P[OjEod0b8dZOmGO4>]Ood0a8fZO\\G0ON3Oe0=\\Ood0b5cZOUM6TM63Eh0;ZOPe0a5fZOSM7WM32Fh0;[Ood0_5iZOTMj0QN@\\Old0o4eZOXK6V2K`Mo0f0@\\Ojd0P5hZOWK4V2M`M2O80Ne06^Oid0R5fZOWK6V2L_M30600d05@id0b8iZO^G303c05_Okd0l8jZOUG5b03_Oo2Fc>U9U^OVG4a0LXO17]2JRNMYa0c9Y^OWGOXO08\\2JRNLYa0d9Z^OSG4ZOI:_2GRNOVa0e9Z^ORG8FY2@QN2Sa0c:e^OjEl2D]>c:g^OiEn2BZ>g:a^O\\EO8kd0h:T[OXEjd0d5X[O`MLnL0`03]Ofd0h5[[OVMLkL1:O?4^Odd0i5\\[OUM3TMJ>6[Odd0P6X[OTM2QMO?Ve0^5hZORM3PM0?X1YO[b0Z6X\\OnL4RMO>Y1[OfNL^2O^>[;_@gDfNO[c0_;`1]NR[OiG;fNGH:MPc0f;m\\OoD2[OPc0i;l\\OnD3XOPc0m;i\\OnD7WOlb0m;j\\OoD1VO1ORc0S<n\\O`DO]O3NPc0b;R]OdD25ac0W6W\\ORK1aN1NN_2m0dMk>JmCb6_LaI62Hd0:YOO2E01c1O]NR1Ol1Lk92]F0PMb62^I33M?6\\OO4FM1T10kNO5X1N3M11Y;1^C0f20YMc64\\I33L>h0@[OR10oNR1Oa10j9O_C2d2O[Mb6b0aI@;X19aN\\OQ5MP81iEO\\Ma6a0cI_O:Y18cNZOl1NT13o90iEM]Mc6a0bI^O;Z17bN[Ok1OU12o90hE0[Mc62[I56J9Z1`0lNRO0Ob00\\?3\\B[7dMjHJ8[1`0iNXOMKi0M[?6ZBZ7fMkHH6n0@UO2LP14XONKh2LbN0];5hE[7fM_I0oN>2]OY10RONJj0IS13^O0YOL74V:4_G^7eM]I1oNNO83EZ10ZOi0YOYO1c13D1XOK93U:4`G^7eM]I1oNM08_2?`MXO3c12D0YOMIM16k1J]69kI^7fM\\I1VO4Y2`0`MVO5c1OG0VOOJOO2c1MXNO_88jI^7hM^IMVO5W2b0jMi0JHNVO0H200c1LYNO^89jI^7iMnI2l09`MA=_1LFH[O1IO01l1K[6>iI]7jMoI1h0:UNI[Od0e09ZO\\O3T;8]DJV2X7iMnH2R1MnN3Y29SNJ\\O7LOi0KWOW13i9NSE<KGR2Z7kMnH1R1MnN31Ma13UN8f0K[O50Oh0IVOZ11j9OQE<NFo1[7mMkH3a1ObNL]17YN4f0K\\O5ONh0KUOZ11h91RE;NFn1]7lMiH6P1KSO3m15fM3i0J\\Od0f0m0VO_92RE;NGl1i7TN[HLc01@0o1d0^N_O\\Od0d0Q1YOX91UE;OGi1j7VNZHLc00A0o1e0]NCYO?g0R1YOW92VE:OIf1i7YNZIKc1e0UN]OPOe0h0YOWOe11\\93TE;OJe1g7[N[L`0hL[OPOg0k0o0QOoN5b92mE:N4^1^7dN]L9`KFU1NPOa0k0X1QObN;h9MmEV1Z1\\;oNYCF20h01WO;LGP1^1POcN4LO2:Q:^1VGQ;POWCG[13dNM22l0_1QObNm0m9n0YGW;gNQE2mN_1POcNm0h9R1[GW;mNeDNWO_1POcNi0f9JVFc0U1o;oNcD0WONPOX12iNh0f2SOU4g0SIe0P1o;UORCLl031S1lNkNh0f1TOR6U2TIU;XOPCK96DNS10RO9l0R1kN`NNh7V2TIe5TOSM0WK63M86DNn0IPO0a08f0n0ROiNFi7\\2iHb5@\\KOPN1iN64L87BNP1HPO0e04b0Q1YOc6o1bH`5HZKNiM0mN1372L:6BNo0JPONf04b0Q1YOb6a:[HXHNiM0XO8IN95DMn0MmNMh04f0m0WOd6a:[HUEOb20ZN0WO8G10G1;OLl04FLi0i0TOe6c:\\HRE1c2NYN2ZO6D>MJ4Hl06^ODB67G>2Gn0LSOMd7S;YHRE3b2MZN3YO6C<2K0Jk07]ONKA>3Lg0GYOMW4NlNf;jL^H1YL7B98LKLk04A0`0DB2]O?:_OLi0M[2MkL6T3o?lL[@8B99KJMk03EE^O1Q2:XNCKj0NY2:dMNS1j?VN[@7@;:JINl0KLKc19VNa0@V2k0TMCa1Z`0_NU_O>:@F235m0J]25WMa0_OQ2P2eNi>eNT_O>?CF2m0J]26UMa0@k1W2jNb>gNT_O7OE`05E2b40nK`0_Oh1\\2mN]>gNU_O7d0J@3Q1LR1N`N6L`0_Of1_2mN\\>hNS_O8=FB552P1NQ1NbN2Mb0^Oe1`2mNU9mNSILWK8LG9<MJn02BMa0NCO_OM1h0K_1f2QOm8QOTIIYK=3NNJl04WOHJ64L?1c0JPOj0K[1j2QOj8TOTIHZK<20MIf0JVO<1NM16K1OL3W1GoNk0LX1n2QOe8XOTIF[K<11NHe0MTO:3>1]O02N0W1FQOj0LW1P3POd8ZOTIEZK=11NHc0?YO7O^O1>T1[OTOf0JY1R3mNe8[OnGI_M:oN2NIa0`0ZOe00\\OU1\\OUOc0I[1W3fNc8AkGJ`M8PO3MI`0o2JkL05CI1h0O[1P3lMWMd0h;FgGK`M8PO4LHa0o2IlL03FJOg00[1^3]Nb8JfGIaM9nN4MIb0IZOj00T1?RNM5O`0H[1`3XNd8OQI3oJ4NFj0:]O`1d0VN\\O`0HCK\\1[`0cNoD3oJ3X10nN9F9l0UO^O;KGJU1_`0jNlD0kJ8X1OmN3AC7l0i0WO_O:KGKR1a`0lNjD0kJ8Y1NkN5C@7n0g0WO@;JGLo0b`0oNjDLkJ<Z1JiN9O=a0WOB:AD143m0d`0POYE9eKJhN94MZOMQ1ID<^OF125i0g`0SOUE;dKIhN:5I_ONl0KD5^OJ14006g0g`0WOTE:UJDQ17UO86GCLj0OA6FMKO5h0f`0YOVCNcM;^NHP13mNI2`01DO1\\1JQO8HKLN5h0d`0\\OU_O0\\3;^MAA<DLQ11mNI1`01E1Oo15WNG=c0Y`0AQ_O1\\3;`M_OYOd0KDR12lNI0`03E0No16XNF`0?W`0EQ_O1V3?fMYOYOf0KDQ1Q1POnN1Mn17XNFa0=W`0GQ_OOW3`0PNOhNE2Df0a1WOkN3Ln18VNFc0:Y`0HP_O0V3a0UNIaNK3Ee0P2\\OUNn1:TNFe01VOKUa05o^ONW3b0SN:cNQOe0o1]OTNo1;SNF[b01e]ONW3KfL>^12`NLm0d1XOTNm1:UNH[b0Ne]O1^34lM5cNKl0d1a1_NgMI_b0Jb]O5]3OPN4\\NH95h0LRO:M?1WOb28dMLkb00c@LQN6iNNm03eNa0k2XObM4eb0O_B1oJOl02fNb0]3\\Oe?O^B1nJO[1?j1B`?N[E`0UKB`?N[E`0TKC`?N]E=TKE^?0`BO[JN`2<i0CRM3i03a`0OoC6oLMc0OSMJi0:a`0KaCLSK:3DOOo4;XL2Q`0KcAHPM0`13aN<5BM36Mf32VL9KDS1>Z`0JbAIPM0b10`N?5AL5]4NdK:MCNOn0>a`0JbAIPM0k1`0\\N@L5S1Kl12SM;LDMNo0>R`0CX_O7Y2LdMNLOj1a0hNC4LB2i20lLN3=0EMOo0<T`0BX_O7g2KSO?bNA4OAOj23RM;KENMo0?b`0FmC;4BfJ;KER1=^`0DQBNPN?o3@fJ=JER1=_`0BPB1fMOkN8JIS20g16_LIn0=Yd0Ck[O1kN5LIR22f15`LIn0=Vf0IdXOJS65VJKm0=Wf0GcXOMg6O_J=af0DcXO1l0Ob3O^L=`f0EdXO0<0m5:^;ITCMiJ0Y11\\59];KQ^O2b4KZKOY10\\58^;On]O2U4FlKO23LOY1OY5:d;Oj]O2]2EVO7_NLMOY10X58g;Oh]O3]2DXO8\\N2X1Ia4LgJ=ga0<U@YOYOe0B^Oa4LgJ>ha09T@[OZOd0B^Oa4LgJ>ha09T@ZO\\Od0@_Oa4LgJ>ia0Hi]O4[2F[Oe0A^O`4MgJ5BMYb02j]O4V4;PM\\Oa4OgJ0F1Vb02j]O2X44bKIjj0O_UO2U45dKH^80f92S^O0U46dKH^81e91U^ONW42eKNZ81e91XCNoK0b31mL0Z`01XCNoK0b31mL0Z`01XCNcK0[40`L1Z`01XCNbK2gh0Nh[O0aK3Q5N^J5kg0JfXO3Q5N\\J7lg0IgXO2Q5M]J8dg00nXOJe55fIJTg0;aYOEZ4OmK6TOMRg0:R_ODhJ4TONSg09^@G`H0Vg05n@IV?4^_OKTJ1af01[_ONTJ1bf0Og@1ng0000001Oli`0"}}, {"id": 1, "image_id": 0, "category_id": 1, "bbox": [11.0, 481.0, 220.0, 384.0], "area": 84480.0, "iscrowd": 0, "segmentation": {"size": [1044, 1044], "counts": "]k;e2eh0SNaWO_ON0M6S3j2Re0KoWOZMM0o0R3Rg0S1]XOPObg0T1UXOQOkg0l4000000001O001O0O2O001O1O2N3M2N2O0O10O01O1O6K2M3N001gHXWOc6hh0QIVWO1;h6]i0M3M3M1O1O00000O100O1O1O10000O101OO010O100O1O00100O01000000O10O101OVKlUOT3Sj0iLoUOnNLj3Uj0WMPVOmNLn3Sj0VMnUO\\3Qj0e1O1O00000001O1O1O1O00001N2O1N100fLhUO6Yj0FoUO5Sj0VMdUOV2?b0ni0WMcUOS2f0c0hi0ZMaUO00h1m0l0bi0\\MaUON3a0O>n0f1`i0^MhUO:L<U1h1Xi0dMeUO8N;X1g1Ui0iM`UO828[1e1Si0BmVO=Si0CnVO;Ti0dM_UOi1a1a0gi0mMgTOd0e1]1Qj0_NRVO`1ni0^NUVOa1ni0nM`VOQ2Sl0O0O2N1O101N3N1O0O1000001N2O1O00QRO[NPm0d1kROgNRm0V1iROQOVm0m0iROWOVm0h0iROZOWm0e0hRO]OWm0c0hRO^OXm0b0hRO_OXm0?hROBXm0>gRODXm0<gROFXm0:gROIWm06iROMUm03jRO1Sm0OmRO3Qm0MoRO4Pm0LoRO6Qm0IoRO8Xm0@fROd0]m0WObROk0^m0TOaROn0^m0RO`ROQ1_m0nNaROS1`m0lN`ROT1`m0kN`ROW1`m0iN_ROW1am0n00001O01O001O1O1O2N1O1O3M2N1N10001O0000000O10000000O0100O100O1O1O1O1O100O1O100O1N2O1N2O1O10000O1000000O1000001N10000O2O0O1O2O1N1O2M3M3M3M2O2M3N2N4L4K5J9CSSli0"}}, {"id": 2, "image_id": 0, "category_id": 1, "bbox": [295.0, 839.0, 174.0, 194.0], "area": 33756.0, "iscrowd": 0, "segmentation": {"size": [1044, 1044], "counts": "Qh]9;WP15I7I5L4K5N1O1O1O1O1O100O1O100O100PLeNfXO\\1Xg0iNeXOW1Zg0kNeXOU1[g0kNdXOV1[g0lNdXOT1[g0QOaXOo0^g0SO`XOn0_g0SO`XOn0`g0SO_XOm0`g0UO^XOl0bg0UO\\XOl0cg0WO[XOi0eg0YOXXOh0gg0ZOXXOf0hg0[OVXOf0ig0[OWXOe0ig0\\OUXOe0kg0[OUXOe0kg0[OUXOe0kg0[OUXOe0kg0\\OTXOd0lg0]OSXOc0mg0^ORXOb0mg0@RXO`0ng0AQXO?og0AQXO?og0BPXO>Ph0CoWO=Qh0DoWO;Qh0FnWO:Qh0HnWO8Rh0JmWO5Sh0LlWO4Th0MkWO3Th0NlWO2Th0OjWO2Vh0NjWO2Vh0OhWO2Wh00gWO1Yh03cWOM\\h08_WOIah0<XWOFhh0<UWOEjh0=TWODlh0c0jVO@Ui0g0aVO]O_i0g0kUOKUj0;`UOJ_j0V3000000000000O1001O001O1O4K2O1O1O1O001O1O2N1O1O2WKPUOj3Qk0fKnTON8Z4jk0N2N2N1O1O1O001kLfSOn1[l0PNiSOm1Yl0PNkSOm1Vl0PNmSOo1Tl0nMoSOR2Rl0jMQTOU2Pl0hMSTOW2nk0eMVTOZ2kk0aMZTO^2hk0^MZTOb2ml0O1lMdROn0^m0mNhROP1`n0N1O1O1O1O001N101O1O10OO2O001O001O001O1O1O1O1N100010O0001O00000O2O0001OO2O0000000000000000000000001O1O2N1O1O4L1O1O1O1O0O2O00XWYb0"}}]}