{"categories": [{"id": 0, "name": "background", "supercategory": "background"}, {"id": 1, "name": "coral", "supercategory": "coral"}], "images": [{"id": 0, "file_name": "images/0034_C04_03.jpg", "width": 1044, "height": 1044}], "annotations": [{"id": 0, "image_id": 0, "category_id": 1, "bbox": [12.0, 13.0, 736.0, 1018.0], "area": 749248.0, "iscrowd": 0, "segmentation": {"size": [1044, 1044], "counts": "[b<2\\l04lTOc0Ne0mNgN0N^3NP6a0R3HgCm0L50lN4W2f2nMb4W2bHeMi;b6kFSJcMTO`0a0h3W3k2\\LgH4`3h6mN`JcMhNOb0Q4X3V3fLTL\\6nNiL>SL]MX4R7bLmHXOS1a0Ib6X1QM6?g4WLmHYOl0JTOg06ZO9V7e1RM7>g4cLeIjNYOd06XO9Z7_1UMPNgKa1KiNh4h6cLdIiN\\Od0j0a6R1cMPOUKTO96`4i6bLTIdN55Hc05WO9[7S1nMVO_K^OT4i6kLXI@MmNL03Y7l0jHQOY5d0\\K_OT4i6iLWIA0UONQ7i0bNFnJ]OT4l6gLWICOTO2o6f0kNXO4c6cK[I32\\5f0b5i2TCVOU4YMW3<^HIU=Y3WCUOe;gMPDKV=W3ZCSO`;kMPDJa7LQNZ3PKSO`;kMoCL_7MSNW3RKSO_;iMoCN_7OQNV3SKTOj;fMm0T3ZCUOj;gMl0S3\\CUOh;hMl0R3]CVOZi0i0gVOWOYi0h0hVOXOXi0h0hVOXOYi0f0hVOZOXi0e0jVO[OUi0e0kVO[OVi0c0kVO]OUi0b0lVO_OTi0`0lVO@Ti0`0mVO_OTi0`0lVO@Ui0>lVOAUi0?kVOAVi0>jVOBVi0>jVOBWi0<jVODVi0;kVOEUi0;kVODVi0;kVOEUi0;kVOEUi0:mVOETi0:lVO^NgN7\\j0Z1nVO]NiN8Zj0Y1nVO^NiN9Zj0W1nVO_NjN9Yj0W1mVO_NkN:Xj0W1mVO_NkN:Yj0V1mVO^NkN<Xj0V1mVO^NlN;Xj0U1mVO^NmN=Vj0U1mVO\\NoN?Tj0T1nVOZNQOb0Rj0R1nVOYNSOd0Pj0R1oVOXNROf0oi0Q1QWOUNSOj0li0P1SWOSNSOm0ji0P1TXOPOlg0o0UXOQOkg0o0UXOROkg0l0VXOTORNPOSO2^i0j1]YOTOQNXORe0FXZO2MOj2m1NTOQNXOod0LUZO6m2a1NUOQNYOld0;U]OW1NUOQNZOkd0;^ZOYOa2k16VOQNZORe06SZOCb2g18VOQNZOgd0GkZO8ALc2e19VOQNYOed0KnZO>Q2X1;UOSNXOcd0NoZO>D^OQ2h1g0VORNXOcd0MT[OL]O<NFU2g1g0VOQNZObd0K^[O=W1Y1h0UOQNZObd0J`[O=T1Z1j0UOPN[Obd0Fb[O`0R1e0QNXOi2c0PNYOhe06^[Od0UNWOf2f0oMYOhe00\\YOHR2o0[NVOa2j0oMWOhe02d[Oe0WNUO_2m0oMVOUd0I[\\O2`N3\\2h0`13VMUOfe0KZYO4[2g0`15WMSOce0OZYO2\\2f0a16WMQOce07f[Ob0`16XMPObe08f[Ob0`16Rd0XO_ZO?a19Pd0XO_ZO:f1>kc0WOaZO7g1a0RMROZe06m[O6h1b0QMROZe06m[O5i1c0PMROZe06n[O3i1e0nLSO[e05n[O2j1f0lLTOfb03_^O250k1g0Qa0SOP]O56Oj1h0dc0VOZ_Oj0f`0SO]_Om0Uh00000001O00O10000000000000O11O000000000001O000000000000000O1000O1000]QOQOam0o0^ROSOam0m0_ROUO^m0l0bROTO]m0m0cROSO]m0m0V1O0O11O00001OO100O100O10000O100000000000000000000000000000000000000O10000001O0000000000000000000000O10[O[O[QOe0cn0^O[QOc0cn0@\\QO`0an0D^QO=^n0H_QO9^n0M^QO4]n0T1N2O2N1O2N1O1N2N2O0O2O1O1O2O01O3M2N2O1N1N2O0001O00000000000000001O100O1O100O010O0000000gJcM[\\O]2bc0gM]\\OZ2ac0hM^\\OX2`c0kM_\\OU2ac0mM^\\OR2bc0RNZ\\On1fc0UNX\\Oi1ic0YNV\\Of1jc0[NV\\Oc1kc0]NW\\O`1kc0_NV\\O_1kc0bNU\\O]1kc0cNU\\O^1jc0bNW\\O]1hc0eNW\\O[1ic0fNV\\O[1ic0eNW\\O[1jc0fNU\\OY1lc0gNS\\OY1nc0hNP\\OX1Pd0jNo[OU1Qd0nNl[OR1Td0POk[Oo0Vd0ROi[Om0Wd0TOh[Ol0Xd0UOg[Ok0Yd0VOe[Ok0\\d0UOc[Ok0]d0VOb[Ok0^d0VO`[Oj0ad0VO][Ol0cd0TO\\[Om0cd0TO\\[Ol0dd0TO\\[Om0dd0SO[[On0dd0SO[[Om0fd0SOY[Ol0hd0TOX[Ok0jd0UOU[Oj0ld0WOS[Oi0nd0WOQ[Oi0od0WOQ[Oi0od0XOoZOi0Qe0WOoZOh0Re0YOlZOh0Te0XOlZOg0Ue0ZOjZOe0We0]OfZOc0[e0_OcZOa0^e0_OaZO`0`e0A^ZO`0be0A\\ZO`0ee0@YZO`0he0AVZO?le0@TZO?me0BQZO?Pf0AoYO?Qf0AnYO`0Rf0AmYO?Sf0B]XO]N_OR2Th0AXXOPOUO`1ch0@VXOSOUO^1eh0@TXOTOTO^1hh0^OSXOWOlNb1Qi0XORXOS2og0mMQXOS2og0nMoWOS2Qh0mMoWOT2Ph0mMoWOR2Rh0oMmWOQ2Sh0QNjWOP2Vh0RNgWOo1Yh0RNeWOo1[h0RNcWOn1^h0SN`WOn1`h0SN]WOo1ch0RN[WOo1eh0QNZWOo1fh0SNXWOn1hh0SNVWOn1ih0TNVWOl1ih0VNUWOj1kh0WNTWOj1kh0YNQWOi1lh0`NlVOb1dh0dK_WOc7ch061O00001O1O1O0O2O00001O002O1N3M4L4L2N1O1O1O1O1O1O2N1O1O00001O00000000VN]IcYOc6Zf0dIbYO\\6]f0mIZYOT6ff0PJUYOQ6kf0QJQYOQ6nf0QJoXOQ6Qg0TJhXOn5Xg0VJbXOl5^g0\\JVXOh5jg0a10000O10000000000O10000000O1000000000001O001O1O1O1O1O1O1O001O001OgDcG[N]8e1cG[N]8e1dGZN\\8f1dGZN\\8f1cG\\N\\8n<0010O0000[[OdGQa0]8l^OgGSa0Y8n^OfGRa0Z8d300O1000000001O0001N110O1O1O001O1O001O001O001O001O00001O0000000000001OlZOTH`a0l7`^OUH_a0k7a^OTHaa0l7_^OSHaa0m7_^ORHba0n7XGoGmC0o;P83RHmCNQ<P81SH4l7LUH4j7LVH5j7IXH7h7GYH:g7bNSHRF8\\;e7_N`HjEKg;e7SNoHRF]Ok;c7TNRInE\\Oo;a7RNVIlEZOR<`7RNYIfEZOX<\\7SNoIn1P6QNQJo1o5QNQJo1o5QNQJo1o5QNPJQ2o5oMQJQ2n5PNQJR2n5nMRJR2n5nMRJR2n5nMSJR2l5nMTJR2l5mMUJS2k5mMUJT2j5lMVJT2j5kMWJV2g5jMZJV2f5iM[JW2f5gM[JY2e5fM[J\\2d5cM]J]2c5cM[J^2f5bMXJ`2h5_MVJd2j5\\MTJf2l5ZMRJh2n5XMQJi2o5WMPJj2P6VMoIk2R6TMmIn2R6SMlIn2T6RMjIP3V6QMiIo2W6QMiIo2W6QMlIm2S6SMnIl2R6TMoIk2R6SMPJn2o5QMRJT3h5lLXJY3d5eL^J\\3a5bL`J_3`5_LaJa3a5[LaJf3e5RL\\JP4e5lK\\JV4c5iK]JZ4b5cK_Ja4^5^KbJe4\\5YKdJl4Y5SKgJP5W5VElHY2m1c8V5REPIX2k1g8X5mDnHoLMR5l1U9X5iDRIkLNU5h1Y9V5gD^Io1\\1\\9U5dD`In1\\1`9S5aDaIo1\\1`9S5aDaIo1\\1a9Q5aDcIn1\\1c9o4_DeIm1]1e9m4WCSIWOc0m3]1h9j4QC]IWO0oN1Q5h1l9g4kBdIBJh3k1n9d4gBjIBFh3m1P:b4eBnIABk3o1o9`4dBRJ@_Om3o1P:_4bBUJ@]On3P2Q:[4aB\\J]OXOR4Q2Q:Z4_BcJYOQOX4S2P:Y4\\BPKZ4f0]9W4WBVK[4c0`9U4SB[K\\4`0c9S4nAaK_4;e9S4jAgK]46j9T4fAgK`45j9V4dAeKb45k9V4aAfKd44l9W4^AeKg44j9X4^AaKk47i9W4ZAbKo47g9X4XAaKQ57X4PNYKY6ZKdKS54V4SN]K[6lJgK`5JU4XN]Ki8>PIS4YN_Kf8?PIR1nMQL?^2b8`0QIo0oMQLb0^2^8d0PIj0SNQLd0_2X8g0RIf0TNPLh0a2Q8j0SIc0VNmKm0c2j7n0SI6nMSJ:NEn1Y1m2f7n0UI4oMTJ8NGl1Y1o2e7o0TI4PNRJ9NGk1Y1R3c7P1TI1QNSJ:MFk1[1S3`7S1SINRNSJ;NEg1_1W3[7V1RILSNQJd0d1n0Y3X7X1RIKSNoIf0c1o0[3V7Y1QIOjN\\KP1\\3T7[1QILlN[KQ1^3Q7\\1RIGPO_Km0]3Q7^1SIDPO`Km0]3Q7_1RI\\OTN[Jm0]1l0Z3S7c1PI[OYOgKd0V3W7j1kHYO\\OdKc0W3W7m1jHXO]OcKb0W3W7o1kHWO\\ObKb0V3X7R2jHVO\\ObKb0U3Y7R2jHXO[O`Kb0U3Y7T2jHXO[O^Kb0U3Y7U2lHXOXO^Kd0S3Y7W2kHXOYO\\Kc0V3X7V2mHYOVO\\Ke0T3X7W2nH[OSOZKf0T3Z7V2nH]OPOZKh0S3Y7U2RI^OlNZKi0R3Y7W2RI^OkNYKj0Q3Z7X2RI^OiNYKk0P3Z7Z2RI^OhNXKl0n2[7]2RI^OeNWKn0l2\\7b2RI\\O`NVKQ1g0YNOU9j4SIZO[NVKT1e0]NoNG2Z9l5TI]OSNPK\\1d0`NfNEC191MV9b6TI[ORNPK]1b0dNcNNMKJR9l6PIYORNPK_1`0fN`NOM[9n6]HZOnMjJf1`0hN\\NO2W9P7]H[OkMhJj1>B^N\\8S7]HZOhMgJn1=b9c5hFc0FiIc9d5gFc0EiId90eDi3R2^2EhIe9OiDh3n1_2DjIe9OlDf3l1`2CjIf90oDb3h1d2C_IYNjN_;`1PE`3g1f2A_IQ:<hD^3g1e2A`IP:=iD^3f1e2A_IP:>kD]3e1e2@_IP:?lD]3e1c2@`Io9=PEa3`1b2@`IQ:7VEf3Y1b2AaIo95ZEh3W1a2@aIP:4[Ej3U1`2AaIo94]Ek3S1_2BbIn93^Em3Q1\\2EcIk94aEm3P1o10PJ^93eEm3m0o11PJ]94fEn3k0n12PJ\\94hEn3j0n11PJ]94iEo3h0l13QJ\\93jEP4h0j13SJZ93lEP4g0j13SJZ93lEQ4f0g16TJX94mE_2_NjMU2\\59XJV92oEV2jNQNf1X5c0^Jn83PFU2lNQNb1P5m0gJd82TFT2lNRN^1m4R1jJ`83UFS2oNPNZ1m4U1mJ]82VFS2POQNW1l4W1mJ\\82XFT2oNPNV1l4X1nJ[81YFT2QOPNR1m4Y1mJ[82ZFT2QOQNP1l4Y1mJ[82\\FT2QOSNl0j4\\1lJ[83]FT2ROSNi0j4\\1lJ\\83]FS2TOTNf0j4]1kJ\\84_FR2ROVNg0g4\\1mJ\\82bF<hM<X1Ag0g4[1mJ\\82dF<iM;U1Dg0e4[1mJ]81fF;jM;R1Gg0e4Y1lJ_80gF;jM=Q1Ge0e4[1kJ^8NjF<jM>P1Fd0g4Z1hJ`8OjF<jM?P1Gb0f4[1gJ`8OjF>kM>P1F`0h4]1dJ`8OjF`0jM?P1F?g4`1`J`81hFc0jM?P1E>n0mMk1P`0\\LmBg0iM?P1D=n0oMl1Pc0SMe]O=Q1F;l0QNm1mb0UMf]O<R1E:l0RNn1lb0TMg]O=R1D9m0RNo1jb0SMj]O<S1E6l0TNQ2gb0SMm]O:R1F6j0VNS2db0SMo]O:R1F4h0ZNU2_b0SMR^O:R1E3g0\\NX2Zb0SMV^O9R1D2g0^NX2Wb0TMX^O8S1D0g0_NZ2Tb0SM[^O8S1DOd0bN]2na0TM_^O7S1DMc0eN^2ia0UMc^O6S1CLc0fN`2ga0RMg^O7R1CIb0iNc2ca0PMk^O8R1AGb0lNd2`a0nLn^O:Q1@Fd0kNd2`a0mLo^O:R1@Ec0lNe2^a0mLP_O:S1_ODd0lNf2]a0lLQ_O:U1\\OCh0kNf2Za0kLU_O;U1YOBj0kNg2Xa0kLW_O:X1WO_Ok0kNi2Wa0kLW_O:Z1RO@P1hNj2Ua0iL\\_O:c32nKj2Sa0hL^_O<a32nKk2Ra0eLa_O=`32nKl2Qa0bLd_O`0]31oKm2Ra0]Le_Oe0Z30PLo2Vc0QMi@1QLn2Vc0QMi@0RLP3Tc0PMj@NTLR3Rc0oLk@NTLS3Qc0oLj@NWLR3ob0PMj@MYLn1hNUNUd0Oj@N[Lk1kNUNPd01k@OZLj1nNTNmc03k@N\\Lj1mNTNlc03l@M^Lk1kNTNkc04l@L`Lk1jNTNjc04m@KbLl1hNUNhc04n@JdLl1hNSNhc05n@JcLn1hNRNgc06n@HfLo1hNPNdc08PAEhLQ2gNPNac0:RA@jLU2eNnM`c0<aCf1RIhM`c0b0_Ce1f=YN\\Bg1c=YN]Bg1c=YN^Bf1c=XN^Bh1b=XN^Bh1c=WN^Bi1a=VN`Bj1`=UNaBl1^=SNcBm1^=QNcBo1Qf01O000000O100O101N101N1hNfQO6[n0HfQO8Zn0GgQO9Zn0EhQO;Wn0DjQO<Vn0DkQO;Un0DmQO;Sn0EmQO;Tn0CnQO=Sn0@nQO`0Sn0]OoQOd0Rn0WOQROi0nn0O00001O001N101N101O1O1O2N2M3N1O1N2O2L4K]V]9"}}, {"id": 1, "image_id": 0, "category_id": 1, "bbox": [768.0, 295.0, 263.0, 360.0], "area": 94680.0, "iscrowd": 0, "segmentation": {"size": [1044, 1044], "counts": "V\\_h0`0SP110001O000O1O2O0O2N1M6L5J7I5I7I7K4M2M3N5J4L4M3L5L3L4I8I6L3K6I7H9M1N2O1O2N1O2N1N3N1O1O1G]K^TOf4^k0:N2N2N101N2O1O001O001O1O1O001O001O1O1O1O1O2N100O1O1O2N1O1O1O1O101N20O1O1O01N2N1O1O10000O2N2O0O100O2N3M2N4L3CWIgVOl6mh0QIVWO[7gh0iHUWO[7dh0>O2M3N2N2N2N2N3M3N2N2O1N6J8H2N5L01N100O10O1O1O2N01O4M00O1O01O1O00000001N001O0010O01O010O00100O001O0010O01O001O00010O001O01O01O000lNaFS[O_9md0aFS[O_9Qf01O0000001O000O2O000O2O0O1000001N1O100O100O2O000001O001O1O1O1O1O1O010O00000000007I2M3N2N2N2N4L1O2M3N2N2N1O1O1O2M2O0001N12N6J3M2N2N2N1O2N2N10O01O1O1O100O1O2N1O1O010O1O1O2N1SKjVOZ2Xi0\\MWWO]2lh0_MYWOPNBS4Wi0kMfWOP2[h0PNSWOUNJj3Si0QOcVOP1hh0QLoWOl6ng0YIVXOM[OX2IiM221T3ej0_MYWOXORN8<JB9:IG0kd="}}, {"id": 2, "image_id": 0, "category_id": 1, "bbox": [570.0, 824.0, 101.0, 139.0], "area": 14039.0, "iscrowd": 0, "segmentation": {"size": [1044, 1044], "counts": "lPVb07\\P12N1O2N2N2N2N2M4J5M4L4M3M3M2O1N2O1O001O00000O101N100O1O2M2O1XO_NWROh1gm0c0N3M2M4H8K4O2M2O1N101O1O001N2O1O100O1N2O1O2O1N2O2N2M2O001O10O01O10O00100O1O1O002N1N2O1N2N1O2N2N3M3M7I:F6I5K4L5L4L2N2M3N4K2O2N1ROkQO[OWn0?S1M3M3N3Kb]k;"}}]}