{"categories": [{"id": 0, "name": "background", "supercategory": "background"}, {"id": 1, "name": "coral", "supercategory": "coral"}], "images": [{"id": 0, "file_name": "images/0056_BW02_02.jpg", "width": 1044, "height": 1044}], "annotations": [{"id": 0, "image_id": 0, "category_id": 1, "bbox": [16.0, 33.0, 1010.0, 999.0], "area": 1008990.0, "iscrowd": 0, "segmentation": {"size": [1044, 1044], "counts": "ek`0;TP18PMC`UOb0]j0A^UOc0_j0@^UOc0_j0@^UOc0fi0]O[TO4i1d0ii08oUO0oi03dUO:Yj0HdUO;Zj0GcUO<\\j0EaUO=_j0D^UO?aj0B^UO>bj0C\\UO>dj0DYUO=hj0FSUO<mj0FoTO;Qk0FlTO<Uk0b20O1O101N1O4M1N2O0O10O0oMbKmWO^4og0hKnWOX4Qh0kKmWOU4Qh0oKnWOQ4mf0dKXXO=j0P4if0PLQXO5T1l3YOdKZf0g1[ZOf2WOiKZf0c1gYOZNA\\49lK\\f0`1fYO`3JTK^f0^1eYOc3DUKff0Y1dYOh4[f0[KaYOh4^f0YK`YOh4af0XK]YOi4cf0XK[YOj4df0c21O00001O1O1O1O1N2OO101O0O2N1O1O1O2M5I6jYOWFYe0e:L4L3N2N2O1M4I7H7L5L301O1O1O001O1X\\OhCRc0Y<f\\OPDYc0e<O2O001M2L6L5K<C8^O=I7L4N2N2O2N1O101O1O1O1O5J4M2M4L5L3M3M2N20O0102M10O100O1O002N3M1O1N2O1N2O001N2O1O000O102N0OUM]@gDc?^:ZA_Ei>S:VBYEl=^:aB\\Ea=\\:hBaEY=Z:lBeET=Y:PCdEP=[:TCcEl<\\:XC`Ei<_:YC_Eh<`:ZC^Eg<b:^CXEc<g:gCnDZ<R;nCeDT<Z;RD[DT<e;]40100O10O010001N100O1O1O01O0O10000000O01000O1O1N3L3bNU[OoE1f0md0W9Q\\OUFTd0`9e1M3J7J6O2O100O0000O2N013L3M1O2O0O3N1N3N2M2O3M3M4L1O012N2N00O1O1N3M2M3N1O1O00000O101N1O1O1O2N2M3N2O1O001N100O0O2N1N2M5L3N2N2N1C<N3O1N4M3M3M6H:G<D5M2N0100O1O3N1M3N2N2O1N2O0O02M2O2M3N1N2N3N1O101O1O=D2N04L2N3L:F7I`0@9G3M8G8H5L1N2O1N1001O000O2L3M4gNoWOPI95lg0f6Z1L3L4M3L5F9M3K5M3N2M2M3O2N2O2M3N1O101N1101N;F2M3N3`WO[JmMJh04de0k5_[OiJgN@ie0g5T[OVKmNZOle0b5lZOgLod0Z3jZOoLSe0R3iZOTMTe0Q3`ZO[M[e0W7H7I2N1O2N2M101O1N101O0O10O002N1J7nNgZO[F1C[e0R:eZOYFee0f9\\ZOYFfe0f9ZZOPFL3ke0l9d0M3M3VO]YOUGRg0e8a0nNcXOkH_g0S7fXOZHD4lg0U7Z1M3K5K5K5J6N2N101N110001N2N2N<D<oVOmHig0[7jWOkHUh0l7N1N2O001N100O10001O010000O104L2N5J`0@5K2N2M2N1O2M3I7M3M3M2O2O5J4L5I5cJcUO[4gk0C6K4L3L3M4J6L4M2N3N1M3M3N2N2O1O1N2O1000000000000001O0000000000001O001O3M7Ib0^O3M00100O00000O100001N1O1N2J6L4_Oa0O0O2O2M2N2J6L3O2O1O1N2M3M3N200O100O100O1001O001O3M7I5L4K:F3M1O0O2O00O1O1N2M3N2N2N2N2M3N2O1O1O100O11O2N2N3M3M1O2N2N2N2N3M;E4L4L3M2N000000O101M1O2N2N2M3M3M3N2O1O1O1N200000000004L6J4L2N;E1O1O1OO1000O100000O1001N3N2mTOPL^i0T4\\UOdKj0?ei0V4kUO[KHg0Zj0S4hUOVLXj0o4eUOPJYj0o56M3C\\UOiJfj0V5<CUUOQKmj0l4=M4K50OOL\\K[TOe4ek04000M2N02N2E;01010O1001O100O101O2M2O0000O101N001O1O00001O0N3N101M3E;J6G9K5I6N3O00001O01O2M2O2N4E:]Oe0\\Ok0\\O;K6H>E7J;E4L4VWO\\H]h0Q8L2N2N100O0K5O1N2N2O0M_GUXOb8jg0310000O20O0010O100001O100O101O0O10001O1N3N3N007H3N:E1O1VYOfFWf0o9L3N0O101N1000O1O001O0000000O00O100N2MON4O2N301O001N04H9K4L3O1N101N2O2M4L6J5I5G7L5L3N3K3K6N2N2N2N2N2N2L4L5M2N2O1M3M4L3O1N1O2N1O0001N2jNTI^XOR7bg0P1O010O10100i[OcGW`0\\8j]OcGTOMXOi0hc0h7g]OiGcN\\1gc0k6]]OPJgb0o5k\\O\\JXc0_93M1O1O0O2N3G:H6F:K5K4H8O1N3M2L4N2N3J5J6L5I6M200N1O2M3O1O01N2N10O2N2O2N1O2O1000001O05K9H4RYOgF0J>0cd0[;L4M0O01O00001O01O0000001O1O0O101N10O1O010O0O10O100000O100O100O10000O101O010001N2O002N3L4M2N1N1O1O1O1O000001O0M4O1O001N100000O2N2K5D<N3O1O0P]OjCba0X<e]OdC39Vb0c=M3N5K7H2N2N2N2O0O1O100O2PKo@lCNR4S?Q8RAfC0X4o>Q8^AnGe>n7\\ASHh>c7d@SDe0Z4T?U7QAlHY?i6g@WI[?f6e@\\IZ?d6f@]IY?c6\\@iIb?Y6[@lGLcNh?a9[@kG3`Nb?e9[@iG7aN\\?h9\\@fG?[NV?P:Y@eGg0VNo>X:X@aGn0SNh>b=ZA\\Bd>f=_AVB_>n=cAnA\\>U>iA]AbNKe?k>e19L4O2N2LSLe_OhGX`0V8m_OjGo?W8U@hGh?X8[@hGc?Y8^@fGa?Z8`@gG^?Y8c@gGZ?\\8g@dGU?`8j@aGS?a8o@^Gn>e8SAZGk>h8WAVGg>k8[ATGd>l8]ASGb>n8_ARG`>o8`APGa>n8aARG_>m8bASG`>j8aAUGg>^Nm_O^8]1TIi>hMi_O\\O;d9S1XIc`0d6^_O]Ic`0a6^_O^Ic`0a6]_O`Ic`0_6]_OaIe`0]6[_OcIf`0YMU^OV8U1aJh`0UMV^OZ8Q1aJea0_5[^O`Jfa0`5Z^O_Jga0b5X^O\\Jja0d5V^O[Jka0d5V^OYJma0g5T^OTJoa0m5Q^OPJQb0P6P^OnIRb0Q6o]OlISb0S6P^OiIRb0V6P^OeISb0[6o]OaIRb0b6n]O[ISb0U5R\\O[Jk1>Tb0U5U\\O[Jh1>Tb0V5W\\O[Je1>Tb0V5Y\\O\\Jb1>Ub0V5[\\O[J`1?Tb0U5^\\O\\J^1>Tb0V5_\\O\\J\\1?Ub0S5a\\O^J[1=Tb0S5d\\O`JX1<Tb0P5h\\OeJV19Rb0n4l\\OjJ]1Kga0_1X\\Oj0f0lM]1Hfa0^1f\\Oa09YN\\1Gea0m0Z]Om0J^NX1Fea0h0d]Ok0DgNS1Fea0d0i]Om0@jNR1Cga0`0m]OR1YOlNT1@ga0=R^OU1TOoNT1]Oga08W^O\\1mNQOW1WOga0Hf[OMe2S2gNQOY1TOha0Am^OY2SNSOY1POXe0l1`YOUOY1lNXe0o1_YOUO[1iNWe0Q2_YOWO\\1cNWe0U2^YOYOci0g0^VOYObi0e0_VO[Oai0d0aVO\\O^i0c0cVO^O\\i0`0gVO_OZi0\\OSUOMd1h0Xi0SObUOMX1Q1Wi0mNgUOMU1U1dj0cNbUO\\1kl00100N1O2N1N3K6J6L4L3M4M6I5IXja0"}}]}