{"categories": [{"id": 0, "name": "background", "supercategory": "background"}, {"id": 1, "name": "coral", "supercategory": "coral"}], "images": [{"id": 0, "file_name": "images/0070_C04_06.jpg", "width": 1044, "height": 1044}], "annotations": [{"id": 0, "image_id": 0, "category_id": 1, "bbox": [12.0, 13.0, 1020.0, 869.0], "area": 886380.0, "iscrowd": 0, "segmentation": {"size": [1044, 1044], "counts": "gh<4V`0OP@9N`04\\ONIM5j1OWN9MG4L;0Ee0L04\\Oc1O\\4d1kJkNTOCT=b:fGYIU8T7cFmIX9V6\\CPEg2U5e9]6XFfIf9\\6WFfIg9\\6WFfIh9\\6VFdIi9^6UFdIj9]6UFcIk9]6UFdIi9]6WFdIh9\\6WFfIh9[6WFeIi9[6WFfIh9[6WFfIh9Z6WFhIh9X6XFiIg9W6XFjIh9W6VFkIi9U6WFlIh9T6WFnIh9R6XFnIh9R6XFoIg9Q6XFPJh9P6XFQJg9o5YFRJf9m5[FTJd9l5\\FUJc9k5]FVJb9j5]FXJb9g5_FZJ`9f5`F[J_9e5aF\\J^9d5bF]J]9b5cFaJ[9^5fFcJY9\\5hFeJW9[5iFeJW9[5iFfJV9Y5kFgJT9Z5lFgJT9X5lFjJR9V5nFkJQ9T5PGoJm8Q5TGUKe8k4[GXKb8g4_G]KWNhH]O:`9a;lHhKdMVI_9R;mHiLQ7W3oHlLn6S3TInLj6Q3WIPMh6P3XIRMf6n2[IRMd6n2\\IRMd6m2^IRMb6n2^IRMb6n2_IRM`6n2aIRM^6n2cIRM\\6m2gISMW6m2mIPMR6o2RJoLm5Q3UJnLj5R3XJoLe5P3]JXMZ5h2gJ[MU5d2lJWEdL^7Z8Z3TKUEgLCL`7V8g3ZKdDjLLN5Lc7P8g3^KdDiLK04Kg7l7f3aKcDhLM02Ki7k7d3cKcDgLO01Kj7j7c3eKbDfL01OKm7h7b3WL`DcLn7U7a3XM\\Lh2c3]MZLb2f3_M[L_2d3bM]L]2c3cM^L\\2b3cM`L\\2_3cMdL\\2[3cMhL\\2W3bMlL^2S3bMPEnJ]7_7b3dMPERKZ7Z7f3dMPESKY7Y7g3dMPERKY7[7f3dMQEoJZ7^7e3dMPEmJ[7`7e3cMPEmJZ7a7e3dMQEjJX7d7g3cMPEiJV7g7j3aMoDhJV7h7j3bMoDfJU7j7l3`MoDgJS7j7m3`MPEfJQ7l7o3^MoDhJm6n7S4\\MPEaJk6Y8T4WMTLl2h3XMPLP3o3RMlKR3S4oLkKT3S4nLkKS3T4oLjKR3V4oLhKR3W4QMfKP3Z4mLgKU3Y4hLiKY3V4gLjKZ3U4gLjKZ3U4fLhK^3X4aLfKb3Z4]LfKd3Y4\\LfKf3Z4XLcKm3]4PLeJ_JYKf9S:hKdJhJRKd9Y:cKeJY5[5fJfJZ5Y5gJfJZ5Z5eJgJ[5Y5eJgJ[5Y5eJgJ[5Y5eJfJ\\5[5bJfJ^5Z5bJfJ^5Z5bJfJ^5Z5bJeJ^5\\5cJcJ]5^5bJbJ^5]5dJbJ\\5U5QEjEc5Q5\\5T5SEjEa5Q5]5T5VEhE]5k3aJUMl:W9nJdIYJSMi:Y9XEhET52cJk38QMk:Y9TEkEj4NWKR42kLi:Z9TEkEi43SKn39gLh:\\9UEjEf4_4_KYLf:^9VJZJUKWLf:_9TJYJZKTLd:b9RJZJ]KQLb:d9QJ\\J^KnKb:e9PJ]J`KdKi:n9gI_JY7`5gH`JZ7_5fHaJ[7_5dHaJ]7_5bHbJ^7^5aHbJa7\\5_HdJb7Y5`HhJ_7X5aHhJ`7W5`HjJ`7X5]HhJd7Z5YHgJg7Z5WHfJj7Z5UHgJk7Y5THgJl7[5RHfJn7Z5RHfJn7[5oGfJR8[5lGfJT8[5jGeJW8\\5gGeJY8[5fGeJ[8\\5dGdJ\\8\\5cGeJ]8\\5aGdJ`8\\5^GfJb8Z5\\GiJc8X5XGmJg8T5UGPKj8P5TGTKj8m4TGVKj8k4TGXKj8j4SGXKl8i4QGZKn8n0]CPMb3V2o8j0_CPM`3g2b8S4XGWLc8j3jFjLT9W3jFkLU9U3kFmLS9T3VF`EaN`7V;P3kE^EgN57b7S;k2lEbEhN34h7;QHQ:c:dFUFmNb70mG]:\\:cFYFjNV8a:b1aFD\\9=aFG]9:`FJ^96aFM]93aF1]90aF3]9MaF;Y9FYF\\EJg;X9a;K2N5K3M3M3M2N3M4L3M3M1N3N1O1O101N1O1O1O00001O00O1000001N100O1O1O1WE^H^Ld7b1ZHiE2c8f7c1iHZEAR9g7d1hHZE@Q9j7e1fHZEWOX9U8^1cH[EWOU9Y8`1aHZEVOS9\\8c1^HAe7?nGXDKW;Y8a0kGZDKT;[8b0iG\\DKn:`8f0dG^DKj:c8h0aG`DKg:e8i0_GbDKd:g8k0]GaDMa:h8n0]GYD1f:e8Q1kGlNX8S1iGhN\\8X1dGeHUO=5nKT9P;bGgHSO;7mKU9Q;aGeMYOZGV9Q;aGfMWOZGX9P;aGeN_8Z1bGfN_8Y1aGfN`8Z1`GfN`8Z1_GfNb8Z1^GfNb8Z1^GgNa8Z1^GfNb8[1kFZD2]:R9c<2O1O100N2O1O1N2jJYF]Ci9c<ZFXCh9g<YFXCh9h<YFVCh9k<WFTCj9m<UFSCk9m<UFRCl9o<SFQCm9o<SFRCl9n<TFSCk9n<TFSCk9m<UFSCk9m<TFUCk9oa0K2N1O2M7J7I2N2N1O2N2N2N4LkI\\G\\Db8c;`G^D^8b;bGbDZ8^;fGdDX8\\;hGeDX8Z;hGhDV8Y;iGjDT8U;mGlDR8T;nGnDP8R;PHQEm7o:SHSEk7m:UHTEj7l:VHVEh7k:WHWEg7i:YHXEf7la0O0O3N1O000001O0O1O1UL[Hf^Of7h`0^He[O9\\3Z7n`0TIn^On6V?ZHS_Oi0c1Q7U?_HS_Ob0e1Q7X?]HS_Ob0b1T7]?XHR_Od0^OYO@T9Sb0kFS_Oi0\\NZO0K0U:cb0iEd^ONUOP<ac0TD`\\Oj;Xc0UD^\\ON=?7Q:ob0aEd^OX:\\a0hEf^OV:[a0hEi^OU:lc0O1O1O0O2O001O000000000000O100O100O100O100O100O1O1O1N2N2N200O10000O100O1O10000O10000O10000001O1O2N3M8H:F?YFUYO?K]7hg0UHcXOg7Xh0M3M4L>B3M4L3M6J3M4L3M2N4L2N2N1O2N3M3M1O2N1O2N1O0000000001O000O1O1O1N2M2J7L4E;VOj0J6L4ZNbHTZO`7ke0cHoYOa7Tf0aH`YOf7cf0T100001O001O000O1000000000O100000001O0O10000000O0100O1O100001OO2O0O100O1N2I7O1N2N2I8J5L4O1O1N2000000001O00001O1O1O1O1O1O2N001O1O0RH]YOk5df0PJbYOn5^f0fIoYOY6Rf0aIVZO\\6ke0bIWZO]6je0aIWZO_6ie0`IXZO`6ie0^IYZOa6je0WIcZOa6Uh0C<D2N3M3M1O1O1O2N2N2N1N101O00001O00000000O010O1O1N2N2O1O1N2O1O1M3N2N2I7L4N2N2M3L4K5M3L4M3O1][O\\HU`0e7i_O^HU`0c7j_O_HU`0a7k_O_HU`0a7k_O`HT`0`7k_OcHS`0]7m_OeHR`0Z7m_OgHS`0Y7m_OgHS`0Y7m_OgHS`0Y7l_OhHU`0W7k_OnHQ`0Q7o_OQIP`0n6P@TIn?l6R@TIo?k6Q@kHnKJQd0Z7P@mHoKIRd0Y7o_OmHPLJRd0X7n_OoHoKJSd0V7n_O\\IT`0b6l_OaIS`0]6m_OfIiLPOZb0Y7m@jIbLTO_b0Q7o@QJZLQOfb0n6PAjJQ?U5o@kJQ?U5n@mJR?R5n@oJQ?Q5o@PKQ?o4o@QKQ?o4o@RKQ?m4o@SKQ?m4o@SKR?l4n@bJPLiNRc0e6n@aJRLiNQc0e6m@cJQLiNRc0c6m@XKS?g4l@[Kh:kM[Ei6M\\K]:XNeE[6N]KX:^NiEU6O]KW:_NkES6N^KU:aN_CSOh0n6e1]KS:eN\\CSOk0k6e1^KS:gNZCSOl0h6g1^KS:hNYCUOk0d6h1`KS:iNXCVOk0a6g1cKV:gNWCVOl0`6f1cKW:hNVCWOl0\\6g1fKW:gNVCWOl0\\6g1WIVLZ2Q>mNUCWOl0[6h1WIWLY2P>nNTCXOn0Y6f1YIXLX2P>PORCXOn0W6h1YIXLX2P>ROoBYOQ1R6h1jKX:lNmB\\OP1n5k1jKY:lNjB@P1i5m1kKY:mNhBBQ1e5m1^I[LU2o=VOgBCR1d5m1^I[LU2o=WOfBBS1e5k1]I_LT2m=ZOcBBU1c5l1]I_LT2m=[OaBBX1`5l1_I^LT2m=]O]BC[1]5l1`I`LR2l=@XBD`1Z5l1`I`L7J\\1R>i1gCS3l1bIaL6K[1Q>l1eCQ3n1bIaL5L\\1P>n1cCP3o1aIbL5L\\1P>n1cCP3o1aIbL4M]1P>n1aCP3o1bIbL6K[1S>n1`Co2n1TLd:l0]CP3o1SLQ;c0nBY3Q2ULb;eMUAg1S1`4U2TLl<POl@l4W2ULo<UMe_Od1S1S5Y2TLU=jN_@T5[2RLX=jNZ@U5^2PL]=iNR@X5`2oKb=hNk_OZ5c2mKj=eN^_O`5h2cKT>oN`^ObN:m6R3RKeLUNfa0a1]^O[5X3oJg>m6YASIi>k6WAUIn>f6SAYIP?d6PA[IV?`6j@_I_?Y6a@fIh?R6X@mIo?m5P@TJW`0e5i_O[JZ`0c5d_O^JS8RNeD2o7\\7XKaJS8ZNfLS7UKeJU8XNhLQ7RKhJV8YNhLn6oJkJY8YNiLi6lJQKZ8XNjLf6\\JkHeM]2U;SNjLd6[JcKk8jMjLd6XJcKn8iMlLd6fIkH]Ni2R;hMlLb6jHQI@4Aa2Z;iMoL\\6`IXIXNa2[;mMPMU6iIlKZ9SNlLn5iIoK]9YNgLd5lIRL^9\\NfL_5nISL^9^NeL[5oIVL]9aNdLW5oIUL`9hN`Lo4RJVLa9lN\\Lm4TJSJeMc1n;BULg4YJRJgM_1P<IPLd4YJSJjM[1P<1lK^4PJRJTN30[1R<4iKZ4QJTJTN4OZ1T<4hKY4QJVJVN0N6H>0C]<[1fKV4PJYJWN0M5J<1_O`<c1`KS4PJ[JQNOM191J7P=Z1VCaNU7`5cJoJV<f1TIZ3dJSKX<k1iB]MP5c5nKWKX<n1cBRN`4h4dL[KW<Y2VBaNT4j3_M[KQNWOR>T3RBlNW4^3cM[KSNXOQ>S3PBUOR4T3jM\\KSNXOQ>T3oA\\Ok3l2RN\\KSNXOQ>U6`EWO\\N\\KTNVOR>`6TEnNfN\\K\\<k5iDiNlN[K\\<U6]DaNWOnJQNJ]>P7oCZNBlJTNI[>V7hCWNIhJVNLY>Z7_CTN2fJZNIV>g7nBoMb0`J\\NHU>T8^BhMQ1[J_NFT>U?bCk@T=T?V201O000000Z@l@m=S?RBo@m=Q?SBo@n=P?PBRAQ>m>nATAS>k>mAUAT>j>mAUAT>j>mAUAT>j>lAVAU>i>n1M3M2N5K4L3M2N2N1O2N3M3M1O1O1O1O1O1O1O1O0000O1000001O000001O001O1O0O^JaBRH^=l7PCgCFg2Y=b9TCbCGj2U=c9WC`CEn2S=b9YC]CGQ3o<b9[CYCJT3k<c9\\CVCLW3g<c9^CSCOX3c<e9aCjB3`3]<e9hD[FW;d9kD[FU;e9lDZFT;f9lDZFT;f9mDYFS;h9mDWFS;h9nDXFR;h9PEVFP;j9RETFn:l9SESFm:m9TEQFm:o9SEPFn:P:SEmEP;R:PEmEQ;T:PEiEQ;W:QEhEn:X:TEfEl:[:eBiBS2k2X;]:bBkB8L_1j2g;a:^BlB60g1`2d;c;[D[De;h;ZDVDf;l;]DPDb;R<^DmCa;U<`DhCa;Y<`DeC_;[<bDdC^;\\<bDdC^;QNbBn=o1RD^;PNcBn=P2QD];PNdBo=P2QD\\;oMdBP>R2oCZ;PNeBR>S2lCW;RNfBR>U2kCU;QNhBS>U2jCR;TNiBR>V2jCP;TNjBR>W2iCo:UNjBS>X2gCm:VNlBR>X2gCl:WNlBR>Y2gCj:VNoBS>W2fCj:WNoBS>Z2dCg:WNPCV>\\2_Cd:[NPCV>^2]Cc:\\NoBW>`2[Cb:\\NnBZ>b2YC_:\\NPC[>b2XCk:g<UEYCk:h<UEWCl:i<TEVCl:k<UESCl:m<TERCk:P=VEnBj:T=UElBm:T=REjBo:W=QEgBP;\\=oDaBQ;c=mD[BS;g=nDVBS;j=oDRBR;o=QEhAT;Y>oDbAS;]>PE_AQ;a>b3O2N2N1O1O001O01O2O1N1O4M1N;E6K5J101N100O0j@e@S=[?dBYAQ=g>nB\\AP=e>lBbAP=_>lBfAR=[>kBiAR=Y>kBjAU=V>gBnAX=R>fBPBZ=P>eBQB\\=n=dBSBV=SNVBj?c0TBV=TNVBi?a0UBY=S>bBPB^=R>]BQBb=S>YBoAg=_`0000i]OVBca0k=^^OTBba0l=c00O10N1001O2O0O2MZOj]ORCUb0l<Q^ORCma0m<W^ORCga0n<]^OiBia0W=i0001O0O2O0m^OfBl>\\=SAgBi>[=WAfBe>]=[AbBe>_=V21O2O1X_O_B]>a=bAaB]>_=bAeB[>[=fAeBY>[=iAdBV>\\=SB]Bl=b=UB_Bi=a=WB`Bk=e0l_Of;Z2eCV?P<k@PD^?f;c@YDb?b;^@^Dh?\\;Y@dDk?W;U@iDm?U;S@kDo?S;Q@nDo?Q;P@PER`0n:n_OSER`0l:n_OTES`0k:l_OVEU`0i:k_OWEW`0g:i_OYEX`0f:g_O\\EZ`0b:f_O]E]`0a:f_O\\E]`0`:n2N2N1O2N1O1O1O001O1O001O00000000O100O1O1N2[NhEk\\O[:hb0[Fk\\Oi9Tc0iFR\\O`9nc0c1000000000000001O1O1O000001O01O0010O01O01O01O010O1O1O0010O01O001O10O00010O001OOoFgCiMX<n1TDPNl;n1YDPNf;n1gDhMX;X2jDfMV;Z2kDeMU;[2lDeMS;Z2oDhEnNX7S<P3TE`EmN_7o;P3gEPMX:P3iEPMV:o2oEmLQ:S3QFkLo9T3SFlLl9R3VFnLj9c2RDPFY2\\7e9W2oC^Fn2Y7Q9\\2XGcMg8]2ZGbMf8^2[GbMd8^2]GcGPMT4b;X4`GbGRMS4];\\4bG_GRMU4\\;\\4dG]GQMV4[;]4eG\\GPMX4Z;\\4hGZGoLY4X;_4jGVGoLg0NV1Y;m6nGQGmLh02X1R;o6QHoFlLf05[1n:Q7QHmFlLe09[1i:T7SHkFlL5]OYOP1a2c:W7UHhFlL4n0k1Q:Y7WHeFlL5o0k1n9\\7XHbFlL6T1f1h9b7ZH_FlL7W1d1c9g7\\HYFnL8[1b1[9m7_HRFRM:\\1b1R9R8oIZFRMb1o8U8oIVFWMa1l8X8nITF[Ma1g8\\8nIPF_Mb1c8^8]M]Gc2d8^MZGb2g8^MYGa2g8aMWG_2j8aMUG_2k8cMSG]2n8cMQG]2o8dMPG\\2P9eMnF]2P9eMnF\\2P5[DhM]9TMY2ROWD]5e0XNR9RMd29gCV2LnLY21RNOE91G?0k9LiE1P=1Zi<"}}]}