{"categories": [{"id": 0, "name": "background", "supercategory": "background"}, {"id": 1, "name": "coral", "supercategory": "coral"}], "images": [{"id": 0, "file_name": "images/0075_BW02_04.jpg", "width": 1044, "height": 1044}], "annotations": [{"id": 0, "image_id": 0, "category_id": 1, "bbox": [35.0, 17.0, 981.0, 1011.0], "area": 991791.0, "iscrowd": 0, "segmentation": {"size": [1044, 1044], "counts": "]QT11bP12M4M2N101N3N1N101N101O1O001O1O01O000001O0001O01O0O2O001O001O0010O01O010O00010O010O0000010O1O100\\FUO]Ck0\\HTOWb05[Eh0]HSOWb08[Ed0]HVOVb09QDFVIk0c0VOVb0:mCIYIh0c0UOWb0;TCF]I5e0d0c0WOUb0<SCH\\I4i0`0b0YOVb0=QCH[I4l0>a0ZOVb0=PCI[I5l0;c0ZOVb0>oBI[I6l08d0\\OUb0>oBIZI9k05f0[OVb0?nBKWI9m02h0\\OVb0>mBj0SJ\\Oi0\\OWb0?kBm0RJYOk0[OYb0?iBo0QJWOm0\\OYb0?gBP1QJWOl0[O]b0?dBP1RJWOl0ZO^b0?T^OZOZ2i1VLSOn0\\O]b0?T^O[OY2i1VLROo0[O^b0?S^O^OW2h1XLPOP1[O_b0?Q^O_OW2i1WLoNQ1[O_b0>R^O@V2i1WLoNQ1[O_b0>R^O@U2j1XLPOP1XO`b0?Q^OAU2j1ZLQO6jN2<Wc0?Q^OAe0NUNFFU20TO1kN59Yc0>Q^O@d03QNHFR23SO1kN57[c0`0o]O_Od04nM]2KaN1jN66^c0?m]O_Od07iM_20_NLkN;2`c0?k]O@c0c3hMTN5^Nec0;j]OAb0h6ea0fIj]OC=j6ha0dIj]OC<k6ja0aIj]OD:n6ka0_Ik]OC8P7ma0]Ij]OCHBnN`7_c0[Ik]ODFHhN\\7gc0XIj]ODFe7_b0iHi]OCFg7_b0gHj]OBFj7_b0eHj]OAFn7\\b0bHm]O@FS8Zb0]Ho]OAFT8Zb0[Ho]OAFX8<TG[`0S1c_OBEX8<TG\\`0R1b_OBEZ8;SG^`0Q1b_OD^O_8`0mF``0P1a_OEWOg8e0fFd`0l0`_OHnNQ9k0[Fi`0j0^_OQ:GVEl`0h0\\_OX:BQERa0f0\\_O\\:^OoDVa0f0[_O^:\\OmDYa0d0[_O`:ZOmD[a0c0[_Ob:XOlD]a0b0Y_Oe:XOiD_a0b0X_Oj:TOfDda0`0U_Oo:SObDha0?S_Og;m`0ZDR_Og;m`0ZDQ_Og;Pa0ZDm^Og;Sa0ZDk^Oh;Ua0XDi^Oi;Wa0XDg^Oj;[a0TDc^On;_a0PD^^OS<ba0SDV^OP<ha0UDQ^On;oa0\\1O2N2O;Dl0UO1N100O101N1O100O1O1O1O1O1N2O2L3M3L4L3N3_OZ_OPAi`0k>c0H8B[^OhAia0S1V^Of;Wb0YDj]Od;Y6ZC^5o0[De;T6dCVKFd8P1RFe;S6iCRKK_OHV8n0WGd;P6nCRKL^OGY8i0XGc;Q6QDmJOAOo7=bGa;S6TDjJ2@OQ88bGa;S6WDjJ2^O1T83aG`;U6ZDhJ4[O3V8NcG_;U6[DgJ6ZO3W8McG];W6\\DfJ7XO4Y8KbG^;W6oC`I4W1a0WO2[8KaG];W5nC[K3UO2W1c0VO2[8KaG];V5PD[K1VO0X1f0UO0]8K_G];U5TDZK0VOOY1f0UO0_8I_G[;T5[DXK2b0?TO0a8G]G\\;S5^DYK0a0`0UONd8FZG];o4eD[KJd0?TO0e8DYG^;m4gD^KDe0d0ROOf8BYG_;h4mDbK^Of0e0POOi8AXG^;d4SEfKYOd0g0POOk8_OWG_;c4TEgKWOe0h0oNOa0[OU73\\H`;a4VEhKTOg0j0mN0=_OZ7K\\Hb;Z4]EmKnNj0i0lN1:C[7E^Hc;X4`EmKkNl0j0kN19E\\7B`Hb;W4aEmKjNl0l0kN09E]7A_Hc;W4aEmKiNm0m0iN19F]7_O`Hc;W4aEnKgNl0Q1hNO:F^7^O_Hc;X4aEaMIPNN;G]7^O_Hc;W4bE`MJQNM;G`7ZO^Hf;V4bE_MLPNM:GW8n:RK`DlLS1^1NQNL9HY8k:oJfDnLm0_10QNK8H\\8j:kJhDQMk0_11oML8Gn0ROW6g;SLiDRMi0`1]1UNXNk0\\OU6^;WLiDSMi0a1\\1SNZNm0]OR6\\;fK[DaM>6g0a1`1oMYNP1^OQ6Y;gK]D`M>7e0b1f2oNbLP6Y;_KYD_M86;:c0d1e2nNfLn5W;_KiDbM4?a0d1e2nNhLl5V;^KeESNId1e2oNhLk5V;]KdEVNIc1d2POjLi5V;]KcEWNIb1d2ROjLh5W;nJSD_N_18Hb1d2ROkLg5X;hJYDcNX1:Ha1d2TOlLe5X;bJ_DhNR1<Fb1d2TOnLc5X;RJoC[Oi0Ii0a0Db1e2UOoLb5W;lIlFKXNb1g2UOoLa5];ZIQG?jM`1j2VOPMa5i>iI\\A`1l2VOPM`5h>kIZA`1n2UOPM`5h>kIZA_1o2VOPM`5f>kI[A_1o2UOQMa5e>lIZA^1P3UOQMa5e>lIZA]1Q3UOQMb5d>lIZA]1P3UOSMb5c>mIXA\\1S3TOTMb5a>oIWAZ1U3UOSMb5a>oIWAZ1T3UOUMb5`>PJUAZ1V3TOUMb5_>RJTAY1X3SOUMb5_>SJSAW1Y3TOWMa5]>UJQAV1[3TOXMTOlN7LS5d?ZKo@R1^3VO\\MlNlN=IU5a?[Ko@P1_3XOjMWOYNT5_?^Km@o0a3XOkMVO[NS5[?bKm@m0b3WOlMWO\\NQ5Y?eKk@m0c3WOmMWO\\NP5X?fKk@k0e3XOlMWO]No4W?hKi@k0g3WOlMWO^Nn4V?kKf@j0_2QN`NU1h0WO^Nm4U?UNTCeL_NR1k0WO^Nm4S?UNTCgL]NR1n0UO`Nk4R?VNRCjL\\NP1Q1TOaNk4P?WNRCkLZNP1S1SObNj4n>YNQCnLYNm0V1SOaNj4n>XNQCPMXNl0X1ROaNj4m>YNnBUMZNf0Z1RObNi4l>ZNkBYMZNe0\\1oNcNj4k>YNaBgM`N<^1jNgNi4j>PKd@P3j1YN[N8e1fNiNi4h>oJj@l2d1bNVN8l1`NjNj4f>oJm@k2`1d02hLkNk4e>nJl@m2a1c03hLjNj4g>mJi@P3a1d04eLkNk4f>lJi@Q3W1PMdNh3j1aLkNl4e>lJi@Q3Q1T1e0SLlNl4b>\\NeAm0k0kKoNl4^>aN_AQ1R1aKROl4[>hNVAS1\\1XKVOl4S>QOSAo0c1UKXOj4o=_4hBgFYOj4`=oJiAd9]1eFYOi4[=S5[CTFZOi4W=a5TCgE\\OBEV5h=P6]BlDN<8CDU5e=U6^BjD099BEW5b=U6_BjD18b0i4n<V6^BjD17c0j4l<W6^BiD36:BEY5_=f6aB_D;BDZ5`=f6_B_D<BC\\5a=e6^B^D=AC^5a=W7SCjHl<V7UCiHk<W7UCYD[O]3_=Z8UCYD_O\\3[=[8VCXD@]3Z=[8UCYDA\\3Z=[8UCXDA_3Y=Z8TCXDC^3Y=Z8SCYDC^3[=X8RCYDD`3Y=X8kBXCKo02a3Z=V8iB[CJn03b3Z=V8fB[CMn02b3[=V8dB[CMQ10_3`=V8`B[I`=e6_B\\Ia=c6_B]Ib=b6_B^Ib=`6`BfDOX3c=P8_BgD1W3`=Q8_BhD1W3a=Q8ZBkD4U3d=`9ZBaFe=W>10O010OZKcBVF\\=k9dBTF]=l9aBUF_=a>O0000eKZBhEf=Q:bBnCGHf=U<iBPDGG`=Y<iBoCIG^=\\<[BkA8T2JIa=_<cBkE]=X:_BjE`=W:_BiE`=U:dBjE[=:dBl4LcF8W4V=XOkBRM4f8EgF9W4R=YOoBPM6D_Ok24h2<_Nk<ROdBlL?:>]2[Ok2JZJ9X4o<oN_CTM7=QOU19n3N_NQ=mNbCRM7=QOV17P4KaNR=jNfCPM6>QOV17Q4JaNQ=iNjCoL5?POV16P4M^JJh3R=VOZE]MiMV15l30bJHh3o<VO]E^MhMU14m31`JIj3k<UObE]MfMW13m31`JIj3j<VOcE\\MgMV13m30bJHj3h<VOgE[MfMV13P4L`JLi3f<XOiEYMfMV14S4F_J0h3d<XOmEXMeMV14W4A\\J4h3d<XOnEVMfMW13c4EiMb<WORFUMdMX12c4GiM^<YOVFRMdMY11c4FkM\\<XOZFQMcMY11b4GmMZ<WO[FPMdMc0DC<f5FoMY<VO\\FPMfM?FE9i5CoM[<SO^FQMeM=IF6W:n;fGhC[Nf2EeM<JG5X:m;dGmCYNb2HfM9LI1Z:m;cGoCYN`2IhM5MLO[:l;\\GiCiM:d0^2KiM2MNL_5EmNX<ZMYD_NX2KjMON1J^5JiLOUOS<9[D`NW2JlMNN2H`5IjNR<\\M\\DaNW2InMKM5Fa:k;TG^DbNV2InN0cNa:k;SG_DcNU2InN0cNb:i;RGbDbNU2IoN1_Nd:i;oFeDcNU2HoN3\\Nd:i;nFiDbNT2HoN6WNd:l;hFoDfNo1HoNQ3_NLFZO4]Oh;JVEjNj1GPOn2cNOAZO5^Of;HZElNg1GPOm2eNg2_OTLi;C^EnNd1HQOk2fNn4V;_IaEPOb1HQO]2UNaMc0k7S;^IcEQOa1GRO\\2WNbM`0o7o:[IhEQOa1FQO\\2YNaM?S8l:XIkERO`1ERO]2YN_M>j5^OYL];YOmERO`1ERO]2UOj0mNnN4JZ;ZOnERO`1ERO]2UOj0SOhNN1Y;XOPFSO_1ERO]2UOj0oNmN1MY;VORFUO]1CTO^2TOk0kNoN5JX;VOTFUO\\1CTO^2TO]3mNYLZ;TOUFUO\\1CTO]2UOm5T:mHXFVO\\1AVO]2SOo5R:kH\\FXOY1@WO]2SOQ6o9iH_FZOY1]OWO^2SOR6m9hHaF\\OX1[OXO_2ROUNkNS7R;aIbF\\Oa3j1PLVNPOP7k:eIdF[O`3k1QLTNROQ7h:dIeF\\Oa3k1oKTNVOP7d:eIfF[Oa3l1PLSNWOQ7`:eIiF[O_3m1QLQNYOR7]:dIkF[O^3n1RLoM[OU7X:bImF]O]3n1RLnM_OU7R:aIRG^O[3m1SLoM@T7o9aISG_O[3n1SLnMAT7l9`IWG@X3o1TLmMBT7i9`IZG@V3P2TLlMET7f9_I[GBU3P2ULkMEU7d9^I^GBS3P2WLjMFV7a9\\IbGCn2S2XLiMHT7_9\\IeGCl2U2XLgMKT7[9\\IgGDi2V2[LeMLU7W9\\IjGDf2W2^LdMLU7U9ZImGFc2W2`LcMNU7Q9ZIoGG`2Y2bLaM2R7k8]IRHG^2Y2dL`M2U7h8ZIUHG^2Y2dL`M3V7f8XIUHJ]2X2fL_M4X7b8VIXHJ[2[2iLZM3]7_8SIZHLY2[2nLVM2a7\\8PI\\HMX2]2iNg4c6mH\\H0V2^2lNe4a6kH^H3T2]2nNg4_6eHaH7S2]2mNh4_6`HdH;o1^2oNg4[9kHdG`2ROe4Y9jHeGb2SOc4X9kHdGc2VOb4T9kHdGe2YO`4R9kHdGf2[O_4P9kHcGh2^O^4l8kHeGh2@\\4k8lHcGj2DY4h8lH`Gi1ULaNf3h6d8nH[Gk1cL[N`3k6`8PIZGj1jLZN^3k6\\8RI[Gj1kLYN_3k6Y8SI\\Gi1mLYN^3k6X8TI\\Gi1nLXN_3l6U8RI_Gj1mLXN_3m6S8QIaGj1nLXN^3n6R8oHbGk1oLXN^3n6P8nHcGl1PMXN^3m6o7oHaGm1SMWN_3l6l7oHbGn1TMWN_3l6j7oHbGP2TMUN`3l6i7oHbGS2SMSNb3l6h7nHbGT2TMRNb3m6g7mHbGW2SMPNd3l6f7lHcG[2`LXM9c0o3o6d7kHbGg2jL_MQ4P7b7iH`Gm2kLZMT4Q7_7gHaGQ3lLVMT4S7]7gHbGR3kLUMW4Q7[7iHcGQ3kLVMV4Q7Z7iHcGR3mLTMW4Q7X7iHcGT3mLRMX4R7W7hHaGW3PMoLX4R7V7hHbGY3oLmLZ4R7T7fHcG]3oLkLZ4R7T7eHcG_3nLlL[4P7S7dHdGa4Y1k2R7eHdGa4Z19bKWM^;nMfGc4Z10cKQK2^2Z;nMfGd4\\1LmKbMP;nMfGe4]1IoKeMm:lMgGg4]1@WLnMd:kMgGh4^1]OZLQN_:iMiGj4^1[O\\LRN\\:iMjGj4^1ZO^LSNX:iMlGk4_1WO`LSNU:kMkGl4`1kN`KTLR1Z2R:jMlGo4_1eNiKTLk0]2Q:jMmGP5_1aNmKULg0a2o9hMnGR5_1_NUMhN]9fMPHS5^1^NVMiN\\9eMQHT5^1]NVMkNY9cMTHV5\\1\\NWMlNX9bMUHV5\\1\\NWMmNW9`MWHW5[1\\NWMnNV9_MXHW5Z1^NXMlNV9]MZHY5W1^NZMkNW9[MYH\\5V1^N^MhN^<XNoA\\3U4C_MiN\\<UNUB^3o3D`MjN\\<QNXB`3k3FaMjN\\<kM]Be3c3HeMgN^<aMcBo3Z3IeMhNd=^1fDLVMSLeN06_2X?c1fDKWMRLfN16^2V1aM`<5TB`3S4:lM`N\\ObMa<0ZBa3m3?jM_N]OcMPO0]=]3[Fa0lM_N[OdMPO0`=Y3YFe0kM^N[OgMnNNl0Ka;[3^Gg0lM_NZOhMlNNk0Oc;U3kFeLPMT4`1]NZOkMiNMn0Of;R3eFjLRMP4b1^NXOZNI]Oh;P3aFnLQMm3e1^NXO[NG]Ol;m2_FnLSMo3c1_NVO[NI]Om;KXCc2U3\\MSMP44lKR1]2C`NJ]OP<F[Cd2P3^MSMQ44mKS1\\2_OcNK[Oh<R2cEfMTMQ43oKT1Z2^OcNL\\On<j1]EmMTMQ44mKT1]2[OcNM\\OQ=h1ZEoMTMQ44lKW1]2WOcNO]OQ=g1YEoMUMQ4P2YN`NeN0[OAHm<n1lEPNVMQ4Q2YN^NeN0_OZO1n<a1RFnMYMS4o1ZN]NdN0=Y<c0dFR2jLkKY1^2oNgNN`0[<=dFS2jLmKZ1\\2nNgNNc0[<9eFT2jLnKY1[2oNhNKf0]<5QERNZN0a0S4DmKY1[2nNiNKg0^<3dDPNbN9N2a0k3JkK\\1\\2kNjNIi0a<0^D]OUOi2LkK\\1\\2kNlN]OR1l<HXCnM66FZ1?f2MjK\\1\\2kN_1Y<XNVCnM66IV1;n20fK[1\\2kN_1[<VNUClM:6H2L23M<X4NgKW1MXNW2e0e1]<SNXDRNoN110:Y4NhK\\1S2gNf1^<SNWDPNQO1019[4NhK^OLi1V2kNg1`<QNTDSNQO1108[4OnKW1l1jNh1b<PN^CoMA147NO4M8]4OkKY1n1hNg1d<TNoBmMM[15iN:[4OlKk0EhNO3Z2:f1g<UNjB@5`N:\\40kKk0KlNS27h1i<JPCXL9_4OiKl0KmNS25h1k<[NkBkNk0[3BhKl0CiN15[22h1n<WNmBlNg0_3BfKa1o1ZNi1Q=UNkBnNf0`3CdKd1o1UNk1T=TNiBnNf0a3DcKd1o1TNm1U=RNgBPOf0a3EbKd1Q2PNl1Z=QNeBPOe0c3H`KT1DjNi6Q=`KcBQOd0d3I_Kl0CkN20OOh6Z=_KdBRO0gN:Q52]K2@80^O2O1Ng6\\=ZKhBUOMW4;QK0_O`01WO1Oh6Z=WKjBXOKW4;RKX1^OfNc6S=]KiBZNHb04d4:UKc1n5_;[KiB[NIc0Of4=TKK@W1\\6Q<[KgB^NHW6>TJJBX1Y6S<[KbBU58fIKAY1Y6R<ZKaBW59eIKAJIZ1`6W<ZKaBcNOQ6;XJIFU1T6X<ZK_BbN2Q69ZJGFW1S6X<ZK_BbN3Q67oJn0U5Z<XK^BcN4JNh58^Km0V5[<XK]BbN5JMi59^Kj0W5_<UK\\BcN4Q67RKc0Z5g<oJZBeN5Q67RK`0Z5j<nJZBeN5R66SK0^NOk6]=lJYBgN3S67XKHaNOb6f=W2aB7`=I_B7c=I[B7f=KTB8m=W91O1O1O001O1O001O001O001O2N1O1O1O1O2N001O1N3N1O00O100O001O1N110O010iMo]OjEQb0V:Q^OhEPb0X:Q^OfEoa0[:R^ObEPb0^:P^OaEPb0`:Q^O^Eoa0c:Q^O\\Eoa0e:R^OZEma0g:T^OWEka0k:V^OSEja0o:U^OoDka0S;V^OjDja0X;V^OcDla0`;U^O]Dia0g;W^OWDha0m;X^OQDga0Q<Y^OnCea0e2Q^Oi59aGea0h2R^Og5:_G]a0R3Y^O_5<[GWa0l<k^OoBVa0T=k^OiBPa0^=P_OaBo`0b=Q_O\\Bn`0f=T_OWBk`0k=W_OSBc6Lf2S>iFnA]65h2o=kFiAj36gM5d7l=_KRBjL4d7l=`KTBiL1f7l=_KVBiLOh7k=^KXBiLNg7k=^KYBjLMg7k=^KYBjLMg7l=^KWBjLNh7k=]KXBjLNi7j=\\KYBkLMh7l=ZKYBmLLi7k=YKZBnLKj4]OULU<\\MiEe4kNPMKf4DTLm;eMfEX4RNcKn0f1I[42bKVOQOX<EdER4\\O[M@T49hKROPOU<GdEQ4]O[M@S4;hKQOQOS<IbEo3@]M_Ol3a0mKlNQOj4_OT2<dJW3ZNmLY1V1_Og3g0RLeNROi4AS2>bJQ3bNmLU1Y1_O`3m0WL`NSOh4AS2a0^Jl2jNnLP1Z1A^3n0YL^NSOh4AS2b0\\Jj2nNnLo0Z1A^3n0YL_NSOg4@S2d0ZJj2QOmLl0[1D\\3m0[L^NROQ<4REk2SOlLl0[1D[3m0]L^NROP<5QEi2UOmLk0Z1E[3m0^L]NROP<5QEi2UOmLj0Z1GY3n0_L[NTOQ<5mDh2ZOkLi0\\1FW3P1aLYNTOQ<7kDf2\\OkLh0\\1HGVOh1h1YN[NTOQ<8hDe2^OkLg0]1IEYOf1f1\\NYNUOR<8fDd2BjLe0^1ID[Oe1e1^NXNTOT<8dDe2BiLf0_1HD\\Oj0E_No1i0YNUOS<8dDd2DiLc0`1KCZOf0LaNi1l0YNTOR<9dDc2GfLb0d1IB[Oe0OaNe1n0YNTOR<:bDb2KdL`0g1IA\\Ob00dNc1n0YNTOS<:_Db2\\1[NlN@YOa04eNa1o0XNTOS<:^Db2]1\\NmN^OXO?7hN^1n0YNUOS<<YD_2b1]NnN]OVO=:jN[1P1YNTOS<>VD\\2f1_NmNiNlNH:V1<lNY1P1ZNSOT<>RDX2n1cNiNeNoNL5U1>nNW1P1ZNSOT<>QDW2P2dNiNcNQOM2U1`0mNW1Q1XNTOU<=PDU2S2fNhN`NRO10R1a0POU1P1YNUOT<=oCU2U2eNhN`NRO10R1a0QOT1P1YNUOU<=kCV2X2dNjN^NRO2MS1d0oNR1S1YNTOV<`0eCT2\\2cNlN]NRO2MS1e0oNP1T1YNTOW<c0]CS2d2aNlN[NRO4LS1e0oNo0U1YNTOY<m3PFXMH_NRNS1f0oNo0V1XNTO[<k3nEZMK[NPNV1f0POm0W1YNSO]<i3kE\\Mc0@PNQOl0V1ZNTO\\<h3lE]Mb0_OPNSOk0V1\\NRO\\<h3kE]Mc0_OPNSOj0X1\\NQO\\<h3jE]Md0_ORNROh0Y1\\NPO]<h3hE_Me0_OSNoNh0[1[NPO]<h3gE`Me0^OVNmNf0^1[NoN]<h3fE`Mg0^OVNkNf0_1[NPO]<g3dEbMh0]O>;iLoN^<e3dEcMh0]O><iLmN^<g3cEcMh0]O><iLmN_<f3bEdMh0]O><iLmN`<R3nBQMb2W1j0\\O>=hLmNa<m2SCTM\\2X1k0]O==hLlNb<k2UCWMY2X1j0]O>=iLlNb<i2VCXMV2Y1l0]O==jLkNa<i2WCYMU2X1m0]O<?jLjNa<i2WCYMU2W1m0^O=?iLiNb<i2WCZMS2X1n0]O<?kLiNa<i2WCYMT2X1n0^O;?lLhN`<i2XCZMR2X1o0^O;?mLhN^<j2XCZMQ2Y1Q1\\O:?oLhNf:LPFm2QO[Mn1Y1R1]O:=QMhNa:5lEc2\\O]Mi1Y1T1]O8=SMgNU9MTG<0_2@_Mg1Y1U1[O9=SMhNR90UG;O]2B_Mg1X1V1\\O7>TMgNR91SG<O[2E_Me1Y1W1ZO8>TMhNP97oF90Y2I]Mf1Z1V1ZO7>WMgNn88oF:MY2M\\Md1Z1X1ZO6>WMgNn89nF;IX24ZMc1Z1W1\\O5=YMgNm8:mF<FV29[Ma1Y1Y1[O5>XMgNm8;lF<DU2>ZM`1Y1X1]O4=ZMgNl8<kFa0]OQ2f0XM_1Z1Y1\\O4<[MhNk8=kF`0ZOS2i0VM_1Y1Y1^O4;[MgNl8?iFi36nK]1Z1Y1^O4;\\MdNm8c0fFh37nK\\1Z1[1]O4<[McNn8e0dFg38mK\\1\\1[1\\O4;b7YO[Ee38PL[1[1]1\\O2<c7YOZEd39PLZ1\\1^1[O2<c7ZOZE`3:TLX1[1`1ZO2<c7\\OXE]3=ULV1]1`1YO2;d7]OXE[3=WLU1\\1a1ZO1;e7\\OWE[3?WLS1\\1c1ZOO;f7]OVE[3?WLS1[1d1ZOO<f7^OTEY3a0WLR1[1e1[ON;g7AQEV3d0WLR1[1e1\\OM;h7APEU3e0WLQ1[1f1]OK<i7APES3f0WLP1\\1f1]OK<j7AnDS3g0VLP1]1f1]OL;j7ClDR3i0TLP1_1e1]OL;j7DkDQ3W3cM9\\OL<i7EjDP3X3cM9\\OL<i7FiDo2X3dM9\\OM;j7GfDm2Y3fM:[OO:i7HcDn2Y3eM>[OM:j7H`Do2Z3dM?\\OM9k7G^DQ3Y3dMb0ZON9i7H^DQ3X3eMb0ZOO8j7H[DQ3[3dMb0ZOO9i7HYDS3\\3cMc0YO08h7P4cG`Lf0WO08i7P4`GbLg0VO08j7n3`GcLf0WO27i7n3^GdLh0WO35h7o3\\GeLj0UO56f7o3ZGfLl0UO54f7Q4XGgLm0SO74e7Q4VGhLo0SO72e7S4UGhLn0TO9Of7T4RGiLP1TO9Mf7V4PGiLQ1UO:Ek7]4iFiLS1TO=Bi7`4gFiLS1VO?]Oi7d4dFjLT1UOa0ZOi7f4bFkLT1TO]=o3`AlLT1UO]=n3_AmLS1UO`=l3^AnLS1VO`=j3]APMT1VO`=h3]AQMU1VO^=i3\\AQMU1[NgKj0ia0i3ZARMV1]NfKg0ka0i3YATMV1WOa=e3XATMX1WOa=d3VAVMY1VOa=d3UAVMZ1WO`=c3UAXM[1TOa=d3SAXM]1TO_=d3TAXM]1UO_=c3RAYM`1SO_=c3RAYM`1TO]=d3SAWMa1TO]=d3RAXMb1TOZ=f3TAUMc1TOX=h3UATMd1TOU=j3WARMc1UOV=i3VARMe1UOT=j3WAQMd1VOU=h3XARMc1VOU=h3XAQMc1WOV=h3VAQMe1WOT=i3WAoLf1WOS=j3WAnLh1XOP=k3VAoLi1WOP=Z1`^O4e2\\Ol1VOn<[1a^O2e2^Ol1UOn<Z1b^O3d2]Om1UOn<[1a^O3c2^On1TOn<[1a^O2d2_Om1TOn<[1a^O2d2^On1TOn<[1a^O2d2_Ol1UOn<Y1d^O3a2_On1UOm<W1f^O5_2^On1WOm<T1h^O6`1jMoNe1l3VOm<V1h^O5_1lMoNb1n3WOl<V1h^O5^1oMmN`1Q4VOl<V1h^O5]1QNmN^1R4UOm<W1g^O5\\1RNmN]1T4UOk<X1h^O4[1TNlN\\1U4TOm<Y1f^O2]1WNhNZ1Y4TOk<[1f^O0^1ZNbNY1`4QOk<\\1e^O0]1_N[NW1h4oNj<\\1f^ON_1?Q3VNj<_1e^OKa1?Q3WNh<a1d^OId1?P3WNg<c1d^OFf1`0o2WNf<e1c^OCk1`0l2XNe<f1c^OBm1?k2ZNe<e1b^OBo1?j2ZNd<g1a^O@R2>j2ZNd<k3d@iMh2]Nc<k3e@hMh2]Nc<j3f@hMh2]Nb<l3f@gMh2]Nb<l3f@fMh2_Na<k3h@dMi2aN]<m3i@bMk2`N\\<o3i@_Ml2cN[<n3j@\\Mm2fNX<o3k@YMo2hNV<n3m@XMn2jNU<n3m@WMo2jNT<P4n@UMn2kNT<P4n@TMo2lNS<o3o@TMo2mNR<o3o@TMo2mNQ<P1j^Oo0X2ROm2oNR<P1i^On0Y2ROl2QOR<o0i^Om0Z2SOk2POS<P1h^Ol0[2SOk2QOQ<Q1i^Oj0\\2TOj2POQ<S1h^Oi0]2TOj2QOn;U1j^Oe0`2TOi2ROk;W1k^Oc0a2TOi2SOi;n3^APMi2QOi;o3_APMh2QOi;o3^APMj2QOg;o3`APMh2QOh;o3_ARMi2oNg;o3`ASMi2nNe;Q4`ARMl2lNd;R4aARMk2lNb;T4bAPMl2mNa;S4dAPMk2lNa;U4dAoLk2lN`;V4eAmLl2mN^;W4eAmLl2mN^;V4gAmLk2mN];U4hAPMk2kN[;U4jARMk2iNZ;U4jATMl2fNZ;V4[@TK9P2S4fNX;W4\\@TK8n1U4gNV;X4\\@UK7l1W4gNV;X4]@UK6l1W4gNU;X4_@UK4l1Y4fNU;U4b@ZKKi1QOPN_5h0S;S4c@^KFi1i4eNn:T4d@bK]Oh1R5bNm:R4f@gKhNC3W2c5\\Nl:Q4i@`N[4`Mk:P4k@_N[4aMh:Q4n@]N[4bMf:R4n@\\N]4bMc:S4QAYN]4eM`:S4SAXN^4eM]:T4TAWN`4eM[:V4RAXNc4bM[:U4QAZNe4aMY:V4RAYNe4aMX:W4RAXNg4`MW:X4o@ZNk4_MQ:\\4SAUNm4_Mn9^4UARNn4`Mk9`4VAQNn4`Mk9_4XAQNm4`Mk9_4XAPNn4aMi9`4YAoMn4aMh9P2[@@n0o0P5`Mh9m1_@Bj0Q1o4`Mg9l1c@Bf0Q1Q5bMe9j1g@_MGg1l0]1R5cMd9h1WAWO1^1T5cMe9h1XAUOO^1U5fMd9f1ZAUOM^1V5gMb9g1\\ASOL_1V5gMb9f1^AROKa1U5gMb9f1_AQOJb1T5gMd9f1^AQOIb1V5gMc9f1_APOHa1W5jMb9d1aAjMfNh0P1P2W5kMb9c1cAgMgNi0l0R2Y5jMb9c1dAdMhNm0h0R2[5iMa9d1RB_NSOS2[5jM`9c1SB`NROS2[5jM_9b1VBaNoNS2\\5jM[9g1ZB[NoNU2\\5iMW9j1_BWNkNY2_5gMR9n1cBRNkNY2b5gMn8o1fBPNjNZ2b5gMn8P2fBoMiNZ2c5hMl8P2iBmMiNY2c5kMg8S2lBjMjNW2c5mMf8R2nBjMhNX2d5kMf8S2oBiMgNY2e5kMd8R2RCjMeNY2d5lMd8m1WCoM_NY2g5jMc8k1[CRNZNZ2g5jMd8i1\\CSNXNZ2i5jMc8h1]CTNWNZ2i5iMc8i1^CTNUNZ2j5jMc8h1^CTNUNZ2j5iMd8h1]CVNTNY2l5iMc8g1^CWNPN\\2n5fMd8e1`CZNkM]2Q6eMd8c1`C\\NjM]2R6cMe8c1`C]NhM]2S6dMe8b1`C]NhM]2S6cMf8b1`C^NfM^2S6cMg8a1`C^NeM^2U6bMf8c1`C]NbMa2W6_Mg8d1`CT2h3XLd8i1dCn1h3ZLb8j1fCU1_McLX6>b8l1gCl0gMiLP6?a8m1hCj0hMjLn5?W8WO_Ah2e2g0hMkLm5?R8]2YD8jMkLj5`0R8_2ZD5kMlLh5`0S8`2YD3mMmLg5a0R8`2YD1PNnLc5b0T8`2XD0RNmLb5c0U8`2WDNTNoL_5d0U8`2XDLUNoL^5e0V8`2VDKXNPM\\5d0V8b2VDIYNQMZ5e0U8c2XDFZNRMY5d0S8g2YDC\\NQMY5e0Q8h2YDC]NPMX5e0Q8k2XD@_NQMX5c0Q8m2VD@bNPMV5d0Q8m2VD@cNoLU5d0S8m2TD@fNmLS5f0T8l2SDAgNmLQ5g0T8l2SDAhNlLP5h0U8l2QD@kNkLo4i0V8l2nCAnNjLm4i0W8S2lA_Mo1m2QOiLl4h0Y8R2lA`Mm1m2SOiLj4i0Y8P2PB`Mi1n2UOhLi4j0Z8j1UBfMb1o2VOgLh4k0[8g1XBgM_1o2VOiLh4i0\\8g1XBhMi0CnNa3m0dLh4i0\\8g1XBhM8FZOP4S1QLg4j0]8f1XBiM4T4b0dKe4h0^8f1XBkMMW4h0aKd4g0`8f1WBkMKX4j0`Kd4g0a8e1WBlMIX4l0`Kc4g0a8e1WBmMGW4o0aK`4f0e8d1UBnMB_OIg4]1aK]4h0f8c1UBQN^OW4\\1]KZ4h0h8c1TBS3j0bJZ4i0h8a1UBR3k0dJW4i0k8`1RBS3m0dJT4k0m8]1SBS3m0eJS4j0n8^1RBR3m0fJS4k0n8\\1RBR3o0fJR4l0m8[1RBS3P1eJQ4m0o8Z1PBS3Q1fJo3m0Q9Y1oAS3S1fJn3m0Q9Y1oAR3T1gJm3m0R9X1mAR2CWLd1@k3n0S9W1kAT2FTLb1Ci3n0U9V1jAU2GRLc1Ef3n0V9U1kAV2HoKc1Gc3P1W9m0VAQNf0[4HoKc1Hb3o0X9m0RB]2CmKb1J`3o0Z9k0RB`2CgKe1O[3o0\\9k0PB_2V2gK^2n0]97RAVOm0m3Y2fKZ2Q1_96RATOl0o3[2eKW2R1b94RAUOj0P4o7gLX6YOl@84Gh0Q4P8gLZ6UOPA8OJh0R4n7hL\\6QORA:LKh0Q4n7iLR7WO[@Lf0T4n7iLV7oNdAV4c1gKU2T1d<P3[AmKP2S1e<QOk]ON57NJO54P2\\3hMn1R1_<nNV^O26431Jo1[3jMl1S1`<mNV^O35l0LW1^3iMl1T1_<mNV^O70j0OU1Q9nNk8lNT^O81l0KR1U9oNk8kNT^O81i0OVOOa1Q9^OT9POn]Oh0d0ROBR1h81\\9mNh]Oi0Y15c70m9Id^O5^72P:^OQ]OFc1h0]73S:YOm^Oc0o64Z9SOh@h0o53[9UOg]OOh2h0V64[9UOg@f0o54d<L\\C3e<L\\C1g<OYCOi<1WCNj<2UCNl<2SCNn<2RCMo<2RCMn<4RCJP=5RCGQ=9PCDR=;PCCQ==oBAS=?nB^OT=b0_90O010O100O10O010O100000O0100000000000000000000000000O0100000O1O1N2O2N2N3N0O3M3L\\Yl0"}}]}