{"categories": [{"id": 0, "name": "background", "supercategory": "background"}, {"id": 1, "name": "coral", "supercategory": "coral"}], "images": [{"id": 0, "file_name": "images/0076_C01_02.jpg", "width": 1044, "height": 1044}], "annotations": [{"id": 0, "image_id": 0, "category_id": 1, "bbox": [32.0, 173.0, 998.0, 761.0], "area": 759478.0, "iscrowd": 0, "segmentation": {"size": [1044, 1044], "counts": "gXQ14_P12N2O1N2lNJgQO8Vn0KhQO8Rn0NkQO4nm04nQOOnm07kQOOim0<SRO4^m00^RO6il0dN`SOo2^l0VM]SOl2al0WM[SOl2cl0c0N3J5L5K4H9L4N1O2M2O1IRKfTOQ5i0RK]i0V5`VOnJ]i0T5oUOjJ73hi0a5VVO`Jii0b5UVO_Jji0d5SVO]Jli0V6O1O100O10O01O0N2N1ZO`IYWO`6hh0fIQWO\\6kh0h0010O0001O100O1O100O1000001N10000O2O1N1O2I6O1N200O2O1N2O2M5K3N2M4M1O1N2O0N3J8K3M5L2bYO[Fie0i9mYO`F`e0HgZO]:od0i0K5M3M3N3N0O2[[OZDZd0g;d[O\\DYd0Q<O1N3M2N2N2N2N3M2M3_Ob0I8VOdBm]Oi=ma0c0K3N2N2N2O2M2N2O1N3N2o^Oo@[`0f?O0O2O0000000000O10O1O0010O001O01O00000000001O10O01000O01O1O001N2M20100O1O1N2N2Ec_O^@^`0`?d_O_@]`0`?e_O^@^`0_?d_O_@b`0\\?`0I7J5K4L2O1O0000O100O1N2L5L3N2M3N2L3N3N2N2K4M20N1M30011O01I6K7O01O000000NhBc_O^:]`0aEf_OT:L[C^`0a2h_OS:``0eDZ_OE9d;]`0gD`_O_O4j;[`0gDe_OZO2n;Y`0iDf_OVO4P<U`0jDi_OTO3Q<U`0kDi_ORO2S<V`0kDi_OPO2i;_OoCg`0X1i_OnN2k;^OnCh`0Y1i_OlN1n;]OoCh`0W1k@W;S?iDl@Z;R?gDm@R;`NbCa`0]1n@Q;cNaC_`0]1o@P;eNbC\\`0^1o@l:iNgCW`0]1o@l:kNgCU`0^1PAl:hNiCW`0[1PAm:dNQDW`0S1TAm:bNVDW`0m0VAm:gNkCLKW`0]1UAm:lNfCY`0]1j@m:g?SEY@l:i?SEV@n:j?REU@P;j?oDV@S;kN`Cc`0^1b@R;iNdCc`0Y1d@a:gN_D3Ed`0Y1b@c:kNZD2Fe`0[1_@d:lNYDRa0P1R@g:mNWDUa0l0Q@m:lNVD`a08l_Ob;dNVDgc0i;Z\\OXDec0:Y\\Oa:2VE1KSc09P]Od:LXE0MUc02T]Of:ITEmc02\\\\Oj:Pe0N2N1I8MX\\ObE_a0X:U]OgEa03Zb0T:U]OlE?0\\b0T:U]OnE=N]b0U:V]OnE<L^b0W:V]OmE=J^b0Y:U]OnEZOJ`d0Z:V\\OWFhc0j9W\\OXFfc0j9Z\\O\\FYOXOlc0]:l\\O]FUOWOmc0^:n\\O[FUOWOkc0_:P]OZFXOTOgc0d:P]ORFWO[Ooc0e:j\\OWFTc0j9m\\O_Fhb0b9X]OlFXb0W9g]OkFUb0W9k]OjFRb0X9n]OiFPb0X9o]OiFPb0X9l]OlFSb0T9n]OlFQb0U9n]OlFRb0U9e]OnDEo1fb0S9c]OTG^b0m8a]ORG`b0m8a]ORG`b0m8\\]OmDKW2jb0k8[]OXGgb0f8Z]OZGfb0f8Z]OZGgb0e8X]OTEIT2Pc0e8X]OVEIU2Pc0c8X]OXEIU2ob0\\8d]OdG]b0Z8c]OgG_b0W8a]OiG`b0U8a]OkGab0T8^]OmGbb0S8]]OmGdb0W8X]OiGhb0Y8U]OgGkb0\\8R]OdGob0[8Q]OeGob0[8Q]OeGob0[8R]OdGob0[8Q]OeGob0[8Q]OdGPc0\\8P]OdGPc0\\8P]OdGPc0\\8P]OdGPc0]8o\\ObGRc0^8n\\ObGRc0_8m\\OaGTc0_8k\\OaGUc0`8j\\O`GVc0a8j\\O^GWc0d8g\\O[GZc0lMm\\O[:KfGhc0X8Y\\OgGec0[8[\\ObGec0`8]\\O_Gac0`8c\\O^G^c0`8g\\OYG^c0f8f\\OTG]c0k8d\\ORG^c0n8c\\OPG_c0o8b\\OPG^c0P9b\\OQG]c0n8e\\ORGZc0n8g\\OPGYc0P9i\\OiF]c0S9l\\OUFiN7[d0e9R21O100O10000O01MHSFnYOl9W4XFW=P:kBRFn<T:RCmEk<U:fB^EaL=h`0U:hBaE]L;i`0V:iB`E^L9i`0W:iBaE^L6j`0Z:gBbE`L1h`0^:hBbE`LOh`0_:hBbEaLMh`0`:hBdE^LMj`0_:hBfE\\LKl`0^:iBkETLJSa0Z:RCnEo<R:i41O1O1N1O2N2M2O2N1O2mZOTEZd0o:a[O\\EYd0e:h[OZEVd0g:m[OTEUd0l:l[OQEVd0P;k[OmDVd0U;d02N2N1O0O01000O200O1O2O0O0c_O^Di;a;WD`Di;_;VDiDd;V;WD_DfK>R`0S;VDYEc;g:\\D]Ea;c:_DcE[;]:dDeE\\;Z:dDfE];Y:cDhE];W:cDiE_;Z:\\DfEf;Y:YDfEn;T:RDiEW<S:gClEXLPOl?o:mCPFWLROl?l:nCQFWLSOl?j:nCSFVLTOk?i:oCeEnKJ9Gk?h:oCeERLH^`0c:aCaEXLFZ`0h:_C[EW=e:]4O0001O000000001O00000000001N1O2O000O110O001O3eZOSEjd0a;L2M01N1O1O0_OV[OXEjd0c:^[OXEdd0g:e0O10000O10000O1NV[OVEoc0h:Y[OYEa00Vd0g:Y[OYE:OG2fd0e:X[O[E;NG2fd0d:Y[O\\Ea01Vd0b:Y[O^Ea01Td00\\[O2Mj91TFb00Vd0L^[O2MV:Uf00PZOhEbe0Z:\\ZOfEee0Z:ZZOfEfe0Z:91OBjYO`FVf0o9O001O100O10O01O1000N110OQZOcEie0]:XZObEge0_:52O1O11O001O1N2N3M2O2N1O2N1O`ZORF[d0m9d[OTF\\d0l9e[OSF\\d0l9f[OQF\\d0n9V1N101N2HYZO^Fkd0a9iZO^FF0ae0b9T1O2O01O01O01VZOaF]d0`9b[OaF\\d0a9b[O`F]d0h9gZOVF83kd0Z:S[OgEkd0[:V[OdEid0^:X[O_Ehd0c:d01O1O1O002NO1M3O1N2O100O010002N3N1N010000O001O2N1O1O1O00O2M2N1N2N2O011N2K5O0001G9^Ob0J6O2N1O1O1N2N3M3M2O2O1N1O101O1O001O1O0000iXOgFTg0]9O010O103L4L3L5YOUFSZON3n9he0VFRZO04j9je0c02N2N2N10O010O3N7J8G4M1ON4M1O1N3L4K4M3O2M3N1O001O010O1O00N1ZOXF`ZOj9_e0f0O0O100BREU[OP;kd0=2M3jDjZOi:Ye0QElZOm:_e0N2O1N3NU[O\\Ehc0a:X\\ObEgc0^:W\\OcEjc0\\:U\\OfEkc0Z:S\\OgEmc0]:P\\ObEPd0a:m[O`ERd0b:m[O]ESd0d:l[O]ERd0e:m[O\\Eib0Ke]Ok:AZEdb0V<Y]OkCeb0W<[]OjCID`b0d<f]OiCFHab0b<f]OhCFIcb0a<e]OSDXb0P<f]ORDXb0T<b]OmC\\b0U=100O1O0SOa]OeCab0[<`]OaCcb0^<^]O`Cdb0`<\\]O`Ccb0a<]]O^Cdb0b<\\]O^Ccb0d<\\]O\\Cdb0d<\\]O\\Ccb0[=O2M3M4L2N3L3M4M201O1N1000O0010000O2O0O200O001O1O0O2N2O1O010O010102M5K1T^O\\Aea0j>00[^OVA^a0Q?00O01Ec^O\\A_a0a>d^O^A]a0`>d^O`A\\a0`>d^O`A\\a0`>e^O_A[a0b>d^O]A]a0c>c^O]A]a0c>c^O]A]a0d>b^O\\A^a0e>`^O\\A`a0g>\\^OYAea0k>000O10O10O100N2001O1N3N1O2O1O_Ah^Oe=_a0iAm^OV>ia00O101N7J1N100O1O1O001O2N3L4M2M3N1O1N3j^Ol@h`0V?T_OPAg`0S?V_Oo@h`0^?01000001O0000O2N2O1N2N2O1N2O1M3J7K5L3N2O1O1O1O1N101N3NSOdAc_O[>[`0iAc_OW>]`0lA`_OT>``0nA^_OR>b`0oA]_OP>d`0RBY_Oo=h`0UBR_Ol=n`0m001O2O1N2N000000O100N2O0101O2T_O]@c`0l?M3N2M2N2M3N2N10001O0000000000O2O0O100O2N101N10000O1000000000O0100000O2O0O101N1O3N1N3M7J1O2N000O10000000000O1000O01N2O1M3I8L3M4O2M2O2M2O001O001O1O01O01QNZ^OnDka0k:[^OQESb0`:P^O^ESb0_:P^O]ESb0a:o]O\\ESb0d:m]OYEUb0h:k]OSEZb0m:f]OPE\\b0Q;e]OlD\\b0T;g]OhD[b0W;h]OfDXb0Y;j]OfDVb0[;j]OcDXb0];i]O`DXb0a;i]O]DWb0d;k]OXDVb0h;k]OUDWb0l;W12O0O2O001O1O1O01000O11O5J3XD][OZ;fd0_Da[O^;`d0_Db[O`;id010O01N1N2G]D_[Oe;ad0\\D][Oe;cd0[D][Oe;cd0ZD^[Oe;id001O00O10O0E?L5J>C3M3OO100O0100O010O2N4SOjYOUGVf0g8oYOWGSf0e8QZOZGoe0b8UZO^Gje0Y8hYOXGa0?ge0W8bZOiG^e0V8cZOjG]e0Y7iYOkHk0L\\e0W7nYOiHh01We0V7TZOfHg04Te0V7XZObHf08Qe0U7^ZO^Hc0=od0T7m[OlHSd0S7n[OlH[d0j6g[OVIZd0h6g[OWI[d0f6g[OYIZd0e6h[OZIYd0e6i[OZIWd0d6k[O[IVd0d6k[O[IWd0b6k[O]I[d0]6f[ObI[d0]6e[OcI\\d0\\6f[ObIZd0]6i[O`IXd0`6j[O^IWd0a6k[O\\IVd0d6m2000001N2O1nJPVO^3Qj0\\LZVO^3ni0XLWVOe3ji0YLXVOe3ii0ZLYVOe3hi0XL[VOg3ei0VL^VOj3bi0TL`VOm3_i0QLcVOo3]i0PLdVOQ4[i0mKgVOS4Yi0lKhVOT4Xi0kKhVOQ3POaMXj0]OiVOQ3QOaMVj0^OiVOP3TO_MUj0^OhVOS3UO[MVj0AfVOS3WOXMVj0CcVO]2oN_M03;;Uj0EbVO\\24lMjj0R2YUOkMhj0`0kSOg0`1fNfj0a0PTOe0\\1fNfj0c0QTOe0hm0[OZROd0em0\\O]ROc0cm0]O^ROb0am0^OaROb0^m0^OcROa0]m0^OeROa0[m0_OeROa0[m0^OgROa0Zm0]OhROb0Ym0[OjROd0Wm0XOlROi0Um0SOnROl0^n0O1N2O2M2M3N4]OXPO3YP1Kee="}}]}