{"categories": [{"id": 0, "name": "background", "supercategory": "background"}, {"id": 1, "name": "coral", "supercategory": "coral"}], "images": [{"id": 0, "file_name": "images/0092_BW02_03.jpg", "width": 1044, "height": 1044}], "annotations": [{"id": 0, "image_id": 0, "category_id": 1, "bbox": [83.0, 150.0, 879.0, 881.0], "area": 774399.0, "iscrowd": 0, "segmentation": {"size": [1044, 1044], "counts": "^kd27\\P13N3hoNGno0c0L3mN[ORROg0lm0ZOTROf0jm0]OTROe0im0_OUROb0bm0G\\RO:am0J]RO8am0I\\RO:cm0HWRO=hm0Y1N2O1N2N101VSOXMfk0h2WTOhM[k0Z2bTOjM\\k0V2dTOlMZk0U2dTOmM[k0S2dTOoMZk0R2fTOoMYk0Q2fTOPNZk0P2fTOQNYk0o1gTOQNXk0P2hTOQNWk0o1iTOQNWk0P2hTOQNWk0o1iTOQNWk0o1iTOQNWk0P2gTORNXk0n1hTORN3SOm3Oba0m2]ZORN2UOk3Oea0j2^ZORN1XOi3Nga0i2]ZORN2YOi3Mga0j2\\ZOPN4ZOg3Mia0k2YZOPN6YOf3Nja0k2WZOoM8ZOf3Lka0o2PZOnM?XOd3Mla0[4_ZOiKc3Mna0Z4_ZOiKc3Mna0Z4_ZOjKa3MPb0Z4]ZOkKj2@XM<ae0Y4]ZOkKh2DVM:ee0X4[ZOlKh2GQM8le0W4YZOkKg2e0Pc0a3WZOlKf2f0Rc0`3UZOQLb2`0Yc0i4c\\OYK]c0j4^\\OXKbc0i4[\\OYKec0h4X\\O[Kgc0f4V\\O\\Kjc0d4S\\O_Knc0a4m[OdKRd0\\4P[OdIET2[e0Y4mZOgIDR2`e0V4jZOkIDP2be0W4VZOaI5;1o1ce0g4RZO^I9l1ee0\\5ZZOeJee0\\5YZOfJd0`MUd0j7V[OfJc0dMUd0f7W[OhJb0dMVd0e7V[OiJb0dMWd0d7U[OjJb0dMXd0]:f[OdEZd0]:d[OdEn1Gl?e:T^OfEn1Ik?c:T^OeEo1Mj?`:S^OeER2Nj?V;U@lDj?T;U@nDj?R;V@nDj?R;U@PEk?o:U@REj?n:U@SEk?m:T@TEl?l:S@VEm?i:S@WEm?i:R@XEn?h:R@XEo?g:P_ObDJg0Va0g:o^OdDIg0Xa0d:n^OgDIe0Za0c:m^OiDHd0[a0c:m^OkDFb0^a0b:k^OmDGa0_a0b:i^OnDGa0aa0_:h^OQEF`0ea0\\:d^OUEG?ma0T:\\^O^EE?Sb0P:V^OcEF>Tb0n9U^OfEE=Wb0m9R^OhEF<Wb0m9Q^OiEF;Yb0m9n]OmEE8]b0k9l]O\\GTb0f8i]O\\GVb0nMd]OR:3SHXb0jMh]OT:K\\HUb0_MR^OX=la0gBV^O]=fa0bB[^O_=ca0`B_^Of=Za0YBg^Ol=Ua0RBl^OP>Ra0oAo^OR>Ra0kAo^OV>ga0001O001N101O00001O001O0001_CT^OY:ka0eEX^OZ:ha0dE[^O\\:ea0bE]^O^:ca0_E_^Oc:aa0eDn]OFa0h;`a0^DR^OH`0k;_a0ZDR^OJ?n;`a0TDS^OL>R<_a0oCT^ON>T<^a0lCV^OO<V<^a0iCX^ON=Y<[a0gCZ^OM=]<Ya0dC^_O]<b`0aC`_O_<Zb02O0O1001mC[\\OS;hc0fD^\\OY;dc0aDa\\O^;\\d0N1O100O1O010O01O001O001_[ObDjc0^;T\\OfDjc0[;T\\OhDkc0X;S\\OjDlc0W;Q\\OlDnc0W;l[OmDSd0j;01OPDT\\OY;lc0eDX\\OY;gc0eD^\\OZ;ac0dDb\\O[;^c0bDg\\O^;c0^DUa02[^O`;;bD]b0\\;a]OgD_b0X;`]OiDab0V;^]OlDdb0S;X]OoDlb0R;n\\OnDWc0P;e\\ORE]c0l:a\\OUEbc0i:\\\\OYEdc0h:Y\\OYEhc0h:U\\OYEe0]OTb0\\;R]OZEc0CXb0=X]Oc:>SEYb07c]O`:2[E[b02h]O`:K`E]b0Ol]O_:EdE_b0JP^O`:@gE`b0HR^Oa:\\OiEab0EU^Oa:ZOjEbb0CU^Oc:XOkEdb0@V^Od:UOmEfb0[OX^Oi:POnEVd0R:i[OoEWd0Lh[OU9NPG\\d0Hk[OY:Ud0fEn[OX:Sd0gEo[OW:Rd0gEP\\OX:Pd0gER\\OX:oc0eET\\OZ:nc0bET\\O^:Re0O001O001O001[FTZO`8le0ZG_ZOa8ae0^GcZOV1@W5me0aIhZOf0Lh5[e0aIlZOb0Ml5Xe0`InZO?MR6Te0_IP[O<OU6Pe0^IR[O;0X6md0\\IU[O:0Y6kd0\\IW[O9O\\6id0ZIZ[O8O^6gd0YIZ[O81^6ed0YI\\[O71`6cd0WI^[O8Oa6cd0WI_[O6Oc6bd0VIa[O6Md6cd0TIb[O6Mf6`d0SIe[O5Lh6`d0QIf[O5Jk6ad0nHi[O3hNK>T7`g0QI]XOo6ag0UI\\XOl6cg0WIZXOj6eg0XIYXOi6fg0ZIVXOg6ig0]IRXOf6kg0S1L4O001O1O1O1\\XOcGPg0^8nXOeGbf0H`YOe8KfGcf0I\\YOX9bf0?N2O1N2O1N2O001N2O001O000YOhER[OY:kd0jET[OV:ld0kES[OV:kd0lET[OT:ld0mES[OT:kd0nEU[OQ:kd0PFT[OP:ld0QFS[Oo9ld0RFT[Oo9kd0RFS[Oo9md0RFR[On9nd0TFoZOm9Qe0UFkZOm9Ue0j0O01O000001O0\\[OhDlc0X;R\\OkDmc0V;P\\OmDoc0T;n[OoDPd0S;l[OQESd0i;O00001O000O101O0O1O1O1NlJV\\ObMic0^2Z\\O`Mec0`2\\\\O`Mcc0a2^\\O_M`c0b2`\\O^M_c0b2c\\O]M\\c00Z\\OdM:\\2[c0N`\\OcM6`2Yc0Kd\\OdM3a2Xc0Ih\\OeM1b2Wc0YOb\\OoK8V2Oc2Vc0UO[]OYN_Ob2Uc0SO_]OZN]Oc2Tc0POa]OPNPOZN;f4Sc0nNd]OQNROXN8j4Qc0kNg]OQNIT3_b0iNj]OSNHT3^b0fNm]OUNFV3\\b0cNP^OWNDV3[b0bNS^OWNCX3Yb0_NV^OYNAX3Xb0^NY^OZN_OY3Vb0\\N]^OZN^O[3Tb0YN`^O[N^O\\3Pb0WNe^O]N[O]3na0UNi^O]N[O^3ka0SNm^O]NYOa3ha0RNP_O\\NZOkNlNP4hb0hNS_O]NZOhNnNS4cb0gNX_O\\NZOdNPOY4\\b0gN[_O[N2m2b`0hN^_OYN2o2^`0hNb_OWN2P3[`0iNe_OVN1Q3X`0iNi_OTN2R3S`0jNm_OSN1R3Q`0jNP@SN1R3n?hNV@TNNT3j?dN]@XNJS3h?dN`@XNJS3d?dNe@XNIT3`:jKaGh2ZNZNFS3]:oKYGL`Ki2V3XNFT3X:SLWGh2lNQNFS3T:WLYGd2oNRNES3i9aLaGY2SORNET3e9cLaGV2WOSNCU3RMoKV<d0mGU2YORNDb3T9WLoGT2ZOSNDc3P9XLQHQ2\\OSNEe3k8XLSHP2^OSNEe3dMbKQ:f0XIP2^ORNGf3^MiKP:`0]In1_OSNGf3[MkKQ:>^In1_OSNHe3XMoKR:<^Il1ASNIf3TMQLR:;`Ij1BTNIf3QMRLT::`Ij1BSNKg3mLTLT:9cIg1BUNKg3kLTLU::bIf1CTNMh3fLVLW:9cId1DUNMh3cLWLY:8cId1DTNOi3_LXLZ:8cIc1FTNOj3\\LWL\\:8cIc1FTN0j4g6`KbIT1SLnMe3d00j4e6`KbIS1XLjMc3i00i4c6aKbIR18dNDh4b6cKaEQOg3P2c0dNDg4a6nKUIg0g0cNEg4^6RLTIc0k0cNCh4^6SLRIa0o0dNBg4]6ULQI`0P1cNCh4\\6WLoH=S1dNCg4[6ZLmH:V1eNBg4[6[LlH8X1eNCg4Y6]LkH5[1gNAg4Y6^LjH4\\1gNAg4Y6^LjH3]1hNAf4X6`LiH1_1hNAg4W6aLhHOa1iN@g4W6aLiHN`1jN@g4W6bLdFUNm0g1i2kN_Og4V6cLbFYNn0b1k2kN_Og4V6dL`FZNo0_1m2kN@g4T6fL]F[NS1\\1l2lN@g4S6hL[F\\NU1X1n2mN_Og4S6iLSFbN^1P1m2nN_Og4R6kLRFaNa1n0l2oN_Og4Q6nLoEaNe1i0n2PO]Oh4P6RMkE_Nj1g0n2PO^Og4n5VNgGQNn2QO^Oh4m5VNhGPNm2RO^Oh4l5WNiGnMn2SO^Og4j5ZNjGkMo2RO^Oi4h5[NkGiMP3SO]Oi4g5\\NlGgMQ3TO\\Oi4f5]NmGeMR3TO\\Oj4e5^NlGcMU3TOZOk4d5_NmGbMU3SO\\Ok4a5aNmGaMX3ROZO6bKP4o9XOkG`M\\3POYO5fKQ4i9[OkG`M^3mNZO4gKS4f9\\OjG`Ma3jN\\O1hKX4`9_OhG`Mc8dNYF]4\\9_OgG`M[9Q3nN@dG`M`9o2lNBRGXLVOX1l:n2lNCnF\\LUOU1R;l2lNDjFPN[:\\2kNEiFoM\\:\\2lNEfFoM_:\\2kNGcFnMHUNV:U4@H`FoMHWNW:R4BJ[FnMKXNW:P4DLVFnMLXNZ:n3EMPFPNOXN\\:j3FT3:lLFU39kLHT38lLIS37mLJS35mLLR35mLLR34nLMR33mLNR32UIgEQ3W:k32QIjES3U:k31PIlEU3S:k32mHnEW3Q:k33jHnE[3P:k3g0ULYOk3g0ULZOk3e0UL[Ol3d0TL]Ok3c0UL]Ol3b0TL_Ol3RFiHc9[3;n3oEiHe9Y3<R4jEhHh9V3?R4hEhHi9V3?T4eEhHk9T3`0T4cEjHm9R3a0kL\\El64XIo9Q3b0gLaEc7l9fKd0cLeEe7h9gKU1W4kNiKV1V4jNjKX1T4iNkKX1T4hNlKZ1R4gNmK[1Q4eNoK\\1P4eNoK]1o3cNQL^1n3cNQL^1n3cNQL_1m3bNRL`1k3bN[IkER2d;b4cNTIQFX2];c4eNoHRF]2Z;c4ZO\\Kg0d4XO\\Ki0c4WO]Kj0b4WO]Ki0c4WO]Kj0c4UO]Kk0c4VO\\Kk0d4TO\\Kl0d4TO\\Kl0e4RO\\Kn0d4RO\\Kn0e4QO[KP1e4nN\\KR1e4mN[KS1e4lN\\KU1d4jN\\KV1e4hN\\KY1lMmCZ6i:jK\\1eMTD]6_:oKo1P4PNPLQ2P4nMPLT2o3kMQLV2P4hMPLZ2o3aCeI_9\\2Q3P4ZCiId9W2T3o3TCoIg9Q2[3`4dL`K`3\\4`LdKc3Z4\\LfKf3X4[LgKh3V4XLjKj3U4ULkKl3T4TLlKn3R4QLoKQ4o3oKQLR4n3mKSLU4j3lKVLU4i3iKYLX4f3gK[LZ4d3eK]L\\4a3dK`L]4_3aKcL_4]3`KdL`4\\3_KeLb4Y3^KhLb4X3]KiLc4W3\\KjLd4V3[KkLe4U3ZKlLf4T3YKmLf4T3YKmLg4S3XKnLg4S3XKnLh4S3VKnLj4R3eJnIeGQ3e=S3dJQJaGn2k=Q3cJ_M]5b2bJ^M^5c2aJ]M_5c2`J^M`5c2_J]Ma5d2^J\\Mb5e2]J[Mc5f2\\JZMd5f2[J[Me5f2ZJZMg5jLTBR5U8TNg5hLXBS5P8UNi5dL[BV5l7VNk5`L]BX5h7XNm5[L_B]5c7XNi6g1WIYNj6f1VIZNk6f1TIZNm6e1WHhJZIc3`>d1UHlJYI`3d>b1RHQKXI]3f>c1PHRKYI[3h>c1nGSKYIZ3j>d1jGTK[IX3l>d1gGVK\\IV3n>d1eGWK\\IU3P?c1dGXK\\IU3Q?c1bGYK[IU3T?b1_GZK]IT3U?b1]G[K]IS3V?e1ZGXK_IT3X?e1WGYK_IR3[?e1^AeJb4f0cJP3]?f1[AkJ`4a0eJo2`?e1ZASKZ4:jJo2b?e1XAVKZ4R4^:h0WAXKZ4P4_:i0UAZKZ4m3`:j0VA[KX4k3b:k0TAhKm3]3o:l0SAiKl3[3P;n0SAhKl3Z3Q;o0QAiKm3X3R;P1PAhKn3X3R;P1PAiKm3W3S;R1m@hKLaNf3e4a;T1k@gKLcNf3b4b;X1h@fKMbNh3`4c;Z1e@TLa2lM]Nf4]>g3PCjGaN_4_>h3kBoGdNY4a>h3iBRHeNV4b>i3_AbG5a0IT4c>j3\\AfG4>LR4d>k3ZAhG4<MQ4e>l3YAhG3=No3f>n3VAhG5;Oo3f>o3UAhG4<0m3g>P4TAgG5=Ol3i>Q4PAhG7;Om3j>P4PAhG7<Nl3k>Q4o@gG8=Ll3m>Q4n@gG8=Kl3P?P4k@hG:=Hm3S?o3j@hG:>Fl3V?o3i@gG;?Dl3Y?n3f@hG=`0@l3\\<SK[Fi8[MiG=g5k;kI\\Fe8ZMjG?f5j;mI^Fc8UMlGc0d5i;oI`F[9gMfLh;PJbFZ9eMfLi;QJbFX9eMgLh;RJXEH@^9@hLh;SJUEJB[9AhLg;TJVEJA[9@hLd:eIkE?=LCX9AhLc:hIjE<>NCW9AgLc:jIiE<?NBV9BfLd:kIhE<>3_OP9FgLd:lIhEd05LFn8HeLf:nIeEf04LGk8JeLe:oIfEf03MFj8JeLg:oIeEf03MEm8IaLj:PJdEf02NFl8GbLm:oIcEf02NEo8D`LR;nIaEf04NCd?h:i_O_Eg05N@d?l:h_O]Eh05o`0_:Z^OZEh07n`0^:]^OWEh0:k`0_:W@aEh?_:Y@aEg?^:[@aEe?^:\\@bEc?^:_@aE`?^:b@aE_?^:c@aE\\?^:f@aE[?^:g@`EY?`:k@\\EV?c:^3O001O01O01O010O01O001O001O1O10O01O1O001O1O00010O01O1O1O001O1O1O1O1O1O1O1O100O100O10000O10lN`ET\\O_:ic0hET\\OX:jc0lET\\OS:kc0QFS\\Oo9lc0SFT\\Ok9kc0YFR\\Og9nc0[FQ\\Od9oc0_Fn[Oa9Rd0bFl[O^9Sd0fFi[O[9Vd0lF`[OX9`d0^1O1O1O100O1hCTDg3n;SLYDj3h;SL]Dj3e;SL^DVI@\\9S<\\M`DTIEY9m;bM`DRIHg8CeFY<`7_DRIIc8Y<ZNPDQIIb8Y<]NnCPIL_8X<`NmCPIM^8W<bNmCoHLc7XO]HP=P7mCoHM`7\\O^Hj<S7mCoHMf1VOX3:mJf<V7nCnHMe1XOX3:lJc<Z7nClHOd1XOW3<kJR<M`Ca7m0kHMd1ZOV3X=SK]BZ7T1hHNe1ZOT3V=P3dCVHLe1\\OT3S=R3eCTHMf1[OS3R=T3hCPHMi1YOR3R=U3jCnGLj1YOR3Q=Q1fBhKe25dMR3P=m0oBhK^29eMo2n<m0TCjKY29lMj2g<o0YClKU2;nMf2e<Q1\\CkKR2>oMd2c<lN\\BeNS1\\Oo1?WN[2\\<TO`B`NQ1@m1`0]NV2U<YObB^NR1Ak1b0^NT2S<[OeBYNR1Cj1e0]NS2R<[OiBVNQ1dNeNd0S3T1^NQ2Q<]OiBTN^1VO\\1W1^NQ2o;^OjBRN_1VOZ1Y1_NQ2n;^OkBQN`1TOY1[1`NP2m;@kBoMb1SOV1^1aNP2l;_OmBnMb1ROV1a1_NP2l;_OmBmMe1mNW1f1\\NQ2Z:VLXEY3WOlMY5c0oKR2W:ZLXEU3[OjMX5d0oKT1YNjMl;BWER3^OiMV5e0QLR1\\NjMg;FWEo2AhMT5h0QLo0_NjMe;ITEn2EgMQ5j0RLm0bNiMa;MTEk2HfMP5k0RLl0dNjM];0SEi2LeMm4m0SLj0gNhMZ;4REh20cMi4P1TLh0jNfMX;8oDg24aMg4S1TLe0nNdMV;=jDf2:`Mc4U1VLb0X;UNaCf2`0\\Mb4X1TL`0Y;XN]Cf2g0WM_4\\1TL>W:gMfDj0^O`2T1TM]4]1UL<V:kMdDd4e0fK]4_1TL:W:oMbDa4g0gK\\4_1UL6X:TN`D_4i0fK[4a1UL3Y:XN\\D^4m0cK[4d1SL1Z:\\NZD\\4o0aK[4f1SLM\\:`NWD[4S1^KX4j1RLK^:cNSDZ4_7XMQJI]:gNRDW4a7YMPJH^:hNPDX4b7WMRJG\\:lNnCV4f7UMQJH[:oNlCT4i7TMRJGR:ZOPDl3m7RMRJGQ:]OmCk3Q8PMRJGP:c4nKdKTJHn9d4oKbKUJJk9d4QLaKUJJj9e4RL`KUJKh9e4TL`KTJJi9e4TL`KTJKg9e4VL`KSJJh9f4UL_KTJKg9e4VL`KSJJh9e4ULaKTJJg9e4ULaKTJIh9e4ULaKTJJg9d4VLbKSJIh9e4ULaKTJJg9d4VLbKSJIi9d4TLcKSJIi9c4TLdKTJHi9d4SLdKSJIj9b4TLeKRJIk9a4SLeKSJIk9a4RLgKSJHl9_4RLiKRJHl9]4TLkKPJGn9[4TLmKoIHm9V4XLSLkIGn9Q4ZLYLhIEo9o3\\L[LgIEn9m3\\L_LfICo9m3[LaLfIBP:j3ZLfLfI@P:h3ZLiLgI_OP:e3ZLmLfI]OQ:e3XLPMhIZOQ:c3XLTMgIYOQ:b3XLUMhIXOR:`3WLYMgIWOR:_3XLZMfIWOS:\\3YL]MdIVOT:\\3YL^McIVOU:Z3YL`McITOV:Y3YLbMbIUOU:X3[LbM`IUOW:V3[LeM^IUOW:S3_LgM[ITOX:n2cLnMUITOX:l2gLnMQIUOY:j2jLPNnHUOY:f2nLTNiHVOY:c2QMWNfHUOZ:a2TMYNbHVO[:^2UM\\N`HVO[:\\2WM^N_HTO[:Z2ZMbN[HTO\\:U2^MfNVHUO\\:Q2bMjNSHTO\\:o1cMmNQHSO]:n1dMoNoGSO_:j1dMSOnGRO_:i1dMUOmGQOa:g1dMXOkGQOb:e1dMZOkGoNc:f1bM[OkGoNd:b0cBBo:l0lGnNd:=iBFh:o0kGnNe:8mBJc:o0lGnNf:4PCM_:P1mGnNe:2RCN]:R1lGnNf:OTC0Y:S1oGlNe:OVC0W:T1oGlNX<NjKU1QHjNW<NjKX1QHeNY<1fKZ1ec0O1O01O01O10O010000O10000O1000001N10000O1000000O100000000O10000000O010000O100000O010000O0100000O2O00000O10001N100O101O00000O101N100O2O0O2O0O2N2N2N2N3LTPc2"}}]}