{"categories": [{"id": 0, "name": "background", "supercategory": "background"}, {"id": 1, "name": "coral", "supercategory": "coral"}], "images": [{"id": 0, "file_name": "images/0122_C04_06.jpg", "width": 1044, "height": 1044}], "annotations": [{"id": 0, "image_id": 0, "category_id": 1, "bbox": [113.0, 107.0, 820.0, 797.0], "area": 653540.0, "iscrowd": 0, "segmentation": {"size": [1044, 1044], "counts": "[gc32aP12XN1gRO2Wm01jQOI:9im0OlQOI;9gm01lQOG;:gm01lQOF=:fm00lQOG<;gm00kQOF=;hl0C]SO=^OE<=cl0H_SO9@C==cl0J]SO7CC7IFc0Rm0KVSOBJe00C6b0KWO?O_k0?VTOCJd0OD6b0KXO=Nck0>STOELa00D4d0LZO7Ohk0:TTOFKP1471kNlk08TTOFKP1381kNlk09STOELP1071bN49lk0:QTO^28YMfk0;QTO\\28[M[k0DdTOj3LhL^k0@eTOi3JiLak0^OdTOb4\\k0^KdTOc4Yk0`KeTOa4Xk0cKfTO^4[j0ZK]VO9WOU3OnL46Uj0C_VOf2YOPN1WO003`0c0Bah03\\WOf2[OnM2WO003`0?Gdh0N]WOn3[OoK3?`0Geh0N\\WOo4NTKfh0M\\WOo4MVKfh0L\\WOn4DkJL=Si0J]WOd2]OWN0oN3b02_OL<Ui0J\\WO0_Ob10`N3d0NQO3d0M7Si0@[WONAS13jNM44:O]OOO2f1Pi0fNZWOMBS13jNM44:O]OOO2f1Pi0gNYWOLCc1O_N4d0MSO2e1Qi0hNRWO^OO<LT21kN0`0[g0UNXZOd0^N^O1;Lc30lM\\g0WNWZOb0]N@3X6Xg0kITZOd0cNd3O\\MWg0aNTYOG>h0XOb1OPN08OO2W1Vg0iNkXOFa0a0^Ob10oMO81@OM23Og1Ug0lNiXOEb0`0@a10nM090@0L14Og1Ug0lNiXOFb0>@b1OPN0710NX1Wg0kNiXOFb0?_Oj21mN<^MWf0f0[YOFb0?_Oj21mN;bMUf0S1gYOiNKk0Mj21mN:eMTf0^1cYOUOOBNQ20WN2o18hMICUf0g1kYOUOOAOa10`N071P28nMme0T1lYOUO0@Na12_NO90Q25PNoe0R1lYOTO1@O`11`NO9OS23PNa0XOjd0h1cZOTO1@O`10aN09NR22SNa0WOkd0f1dZOTO1@Ne6`0TIld0c1eZOTO1@Ne6=WIod0`1eZOTO0BNc6<ZIPe0]1fZOTO0e67nHdd0EZ[Oe1KTOOd65RIdd0GX[Oa1ORO0R20a12XLdd0a1Z[OdN0]10XN0k4ed0mL[[OcN0]10XNOl4fd0lL[[OcN0\\10j3ed0WL[[OcN0Z12l3cd0WL[[OcN0Z11m3dd0VM[[OU5ed0kJ[[Oi0O7fd0PO[[Og029bd0PO\\[Of03;OgKZd0X3d[Of03c0Wd0hNf[Of02c0[c0^KZ]OY3YO_5\\c0ZGZ]OW3ZO`5Zc0[G[]OU3[Ob5<VGZb04m]OX7]O]M6\\K_b02k]OT7AQNab0PKb]OW7MkM_b0k2a]OVM_b0j2_]OXM`b0^801OWFa]O]5_b0cJa]O^5^b0bJb]OTM1i6]b0RLc]OWL0:1^7\\b0bLd]OPL0^7\\b0`Md]Oa2[b0eHc]Ok31a32fGTb0n0i]Ok30g3Wb0^Hi]Ok30h3Vb0XMj]Oh2Ub0YMl]Og2Qb0[Mo]Of2Xa0_G[_Ol5]Of2Va0_G[_Om5^Oe2Ua0bGZ_Oj5Ae2Sa0eGY_O]>g`0dAW_O]>h`0eAP_Ok5N]2Qa0UMR_OPKOi7o`0WMS_OPKNi7o`0WMS_OPKNi77bGX`0e5c_OPKNi74fGZ`0b5b_OQKNh74gG\\`0`5a_Oh30kF``0c?O10iF`_O[2_`0eMb_OSK0V5[`0Je_OPK0V5Z`0Ke_OW2[`0iMe_OW2Z`0R700000hFf_OV2Y`0kMg_OU2n?lFW@Q7KS2n?nFR@R70P2n?^7OU@S@P?m?QAT@n>l?n0N2O2NgHY@fMf?d90100O0O2O2b@U_Om>[a0MjGSAjNl>V1TAkNj>X1TAhNl>_910O101OeGXAjNg>U1\\AjNd>U1]AkNd>U1XAnNh>S1UAnNl>]9000000000001O010N2M4aA]^Oh=ea0TB^^Oi=P9SBVO1nGj=m8VBIi=7VBJj=`90000O10TDWBl4j=TKVBl4b=ZD`Bk6Nk4b=\\D]Bj61j4b=\\K^Bc4c=]K]Bc4c=]K]Bc4c=]K]Bc4d=\\K\\Be4c=[K]Bg4a=YK_Bg4b=XK^Bi4b=VK^Bj49XDj<n5lBmJ1n:4]Dn<g5mBnJ1^;Q=eJoB\\5g<mJYCS5e<oJ[CQ5d<`70000O001N2L4J6O1001O2N0O20O010O01O1001O:E1M3N2NQEYDT1b;PO^DQ1a;oN^DR1b;oN\\DR1d;o9N2N2O1EnZOPEUe0P;80O10O010O2O2N2N1OdDRER1o:Y:1O1OO3M7JeC[Eh2d:WM^Eh2a:XM`Eh2`:YM^Eh2a:[M\\Ef2c:f9O1OcCaEg2]:[MdEd2\\:[MeEe2Z:\\MfEd2Y:]MfEd2Y:^MfEb2Y:_MfEb2Y:_MgEa2X:_MiEa2V:`MjE`2U:aMkE_2U:aMkE_2V:aMhE`2X:n90001O4K4MRCRFX3l9hLSFZ3l9fLTFZ3m9f90O10O1N20PCUFW3j9jLVFV3i9k90O1000000O1001N4M3M1N100O1O1NlCdFT1[9S;O1OR@fFd8Z9[GgFe8Y9[GgFe8Z9ZGeFh8[9X703M4L1O1O1N100O1000_CRG[1o8eNQGZ1P9fNQGW1Q9iNoFV1R9jNnFU1R9W;N2O010000000O10O1O1O0VCnFT2R9lMoFS2Q9nMPGo1P9RNPGn1P9RNQGn1n8SNPG]2a8l:O2L2000`BbGi2_8VMcGh2^8XMbGg2`8mL^GQF6o<]8mLeGlE3S=Y8PMSHn2o7QMQHTFYOb<g8YMQHTF[Oa<e8^JZGdKf0]MZOa<h8]JYGdKe0^MZOa<h8]JZGcKd0_MZO`<i8^JXGeKe0\\MYOb<j8ZMnGRFYOe<h8YM[GQFa0g<T8XM[GRF`0g<T8WM\\GRF>i<U8VM^GRF9j<Y8UM^GQF7k<[8TM^GRF6j<\\8TM^GRF6k<Z8TM`GPF6l<[8TM]GRF8j<[8TM]GQF9k<Z8TM\\GRF:k<Y8TM\\GRF:k<Y8^MeGd2Y8RH^GLOUK9n<X8RHaG27m7U8_MkGg2m7[MSHh2i7XMWHj2g7XMXHg2g7[MWHe2j7\\MUHc2m7]MSHb2m7_MSH`2n7`MRH_2o7aMSH[2n7ZHlG^O3SK7R=k7]HjG]Of0T8c7^M]Ha2d7^MoGcE0o<R8^MmGeE0k<T8`MlGfENk<V8_MlGfELm<X8^MlGcEIS=Y8]MRHd2l7^MSHc2m7\\MPHi2o7WMPHj2P8VMPHj2P8UMPHm2o7SMQHm2n7SMSHl2n7SMRHn2n7QMSHP3l7QMSHP3l7QMSHT3h7mLWHU3g7kLXHW3h7hLWHY3i7hLUHX3n7fLRHX3Q8c:3N1O0O2O101O000VBeG[3[8_:00000Y@hGR7X8oHgGQ7Z8d80001O0M3N3N10002N2NnASH`3j7`LVHa3i7_LWHc3g7_LVHe3g7e:0O2M3K5hAoGd3W8[LiGc3Y8[:2O1N1N1010OVBeG]3[8bLgG]3Y8dLfG[3\\8^:0h^OcGY:]8fEhGV:X8nEbGT:]8R7000001N101O001N2O4LnAmGgH1QM1M3V:m75nGgH0RM<R:e76mGe3S8_:O01O0O100mAlGaH0W8T8V2lGjMT8[=0O10001PBjG_3W8]LmGc3S8]LnG`3T8`LkGb3T8aJiG^I3S<R8lDjGg23ZLOU<S8ZDkGTN3Q51_:P8kBoGf21_:Q8kBoGe2Nb:R8iBQHb4Li6W8aDmGe4Lk6V8`DnGe4LfLOT6W8cHjGe41g6V8SLjGk3X8ULiGg3Y8YLhGd3Z8ZLiGd3X8[LkGb3V8WL`GYF<^=U8YL`GXF;^=V8ZL^GYF<]=V8ZL^GZF;[=Y8ZL\\G[F:\\=Z8XE]G\\49\\6Z8aLeG_3[8aLdG`3]8RG^GgL1\\2OQ:a8jFaGhL1\\2KT:d8gF]GlL2[2MR:e8eDZG@0@0^20n9e8cD]G@NA0^23k9c8eD\\GAN_34[8c8dDZGQ55X6d8UL]G_FIm<o8PEQG[59dHJh<U9UEmF]55eHIh<V9VEkFg4MkI9@Ih<V9ULgFdG9@Jg<W9TLfFeG8AKe<X9QLiFjG3@Lf<W9PLjFjG2AMe<W9QLjFXG41M2Mf<W9QLjFTG64I21f<U9PLZGWG_O32g<U9nKnFRG56F32g<U9mKmFZG2NK33f<S9nKnF\\G1KO20g<S9PLmF\\G2I020g<R9QLlF_G1G=j<f8PLjFaG2F=i<h8oKiFfGMDb0f<j8VCeFP2NP48VJNb0=g0^OXO1e9a9bG_FVNNe5:ZJMe0;g0@VO4e9\\9hGaFi37XJL?LB>\\1AYO3`9[9lGdFf37XJIa01_O:^2Dg7\\9_GcFeN2_57XJI`02@9_2Gc7X9QHgFe3<jJD^O9d2D^7\\9RHfFe3;jJF]O:l<m8ZEhFc3:kJE\\O=m<k8RCgFT21E1R27RM5R<k8oBhFU21F0U24oL8R<n8SEgFk3LSJ4n0;Q<m8TEgFj3NTJ2l0>Q<k8TEhFk3MUJ0k0a0Q<j8TEgFl3ORKd0l;l8RE_FP45nJb0m;o8SKbFoH?l;T9nJaFVI<i;U9jJfF]I5i;V9eHRFdLe0mN4i;V9fHQFcLf0nN4h;U9gHQFcLf0mN7g;P9kHTF`Le0nN8f;n8nHSF_L5VN6h0d0e;j8^KaFmHe0d;j8VIXFbL7fNg0a;j8WIXFbL7fNi0S3oNY4i9H]FmHl0];g8XIXFgL5dNl0];h8VIXFjL3aNo0_;g8UIVFlL3_NR1`;f8dKWFnHR1];i8eKSFPIS1[;m8cEoES5S1Y5P9aEPFU5P1Z5o8bEQFS53QIf0Z<S9cESFU54oHe0Y<S9SETFPO0d65PId0Y<S9dDRF_O20OT42jM4gMd0Y<Q9SEVFoNOS42lM4gMc0X<R9VJXFlK1gMc0Y<T9TJXFlK0jMa0W<W9bCVF]61fL9\\9e9mIRFgL8^9d9lISFSL1jM<Z<^9^CSFU11[64fH:^<]9[CVFe0NG2U73fH:_<a9oCPFH1U73eH:_<d9bL[F^3j9kDlEm58n4HgCV:^1kEX2OE6l8^:SE`E[2OC3o8_:RE`E\\2OA2R9_:QE_E]21[MIl07[:a:PE^E`21XMI3O@9e;a:PE\\E`22XMI3O@8f;b:QEXE`26YOOV9d:SI]EhMMU9k:oHXElMLU9n:nHVEmMKV9P;lHTEoMMS9Q;mHREPNMS9R;kDkDg25\\OOQ9Q;lDkDg24]O0P9R;mHkDUN3n8R;_LlDb3T;^LkDb3V;_LiDb3V;^LkDb3S;_LoD`3P;_LREa3m:nImDUL6n9l:_LSEa3l:aLSE_3m:bLQE_3n:cLQEo26TDk:k8QEP3^;nLbDQ3`;nL`DR3`;SL^DgH2V;b;mL]DS3e;lLYDU3g;l81N100_[OZDTd0f;k[O\\Dc6KdJ1_:l;VDYD2L\\6OlJ1_:W<YDhC\\6OmJ1_:Y<\\LfCc3[<[8001O2oCcCh3]<VLdCj3]<TLeCl3Z<ULeCk3Z<VLeCk3Z<WLeCj3X<Z80oCgCg3Y<XLhCh3X<XLiCg3W<jKgCeH2a;V<ZLjC^3^<bLbC[3a<eL^CZ3d<gL[CX3f<SE[C`b0g<^]OZCbb0h<X]O]Cfb0e<X]O]Cgb0X=W]O_B_b0a=:O0100O101_B]Bn7d=PH_BPKN_<c=`H_BRKN]<d=R6000001O0O2O1O01O1O4L3W]OXBc5NV7Q>g5O01O0oCoA^5R>bJnAW5Y>_63O1O101O0O2O001N2O2M100_DYAU5f>kJ\\AS5e>mJ[ASJNa:g>\\K[ASJNa:h>[KZAT5f>mJXAT5i>[6002\\DWAY5m>bJUA^5l>_JUAPKLa9o>`KTAoJLb9Q?`KPA`5P?S6O`@PA\\O0`<Q?bEQA]:P?bEo@_:Q?_EPAHNc7S?SFTA\\1LlNN4O^O2S:Q?RFTA]1KmNO20_O1S:R?iIm@eL0@0P:U?kIk@^M0e8W?_67M301hD_@VKNU9c?`G^@^23dLL@2l9c?aG\\@_23kLNU9f?UFc@P`0R`0N5K1TF]_Og3b`0kI^_Oc8b`0^G__OiN0Q7f`0UJ[_OaMOO1Y8g`0WJY_OZMNVO2o00Y8h`0XJX_O`M1O0W8h`0ZJW_O`M1N1X8g`0ZJW_O^M3O0X8f`0[JX_O\\M41OW8e`0\\JX_OVMMYO7m00X8d`0\\JX_OVMMYO7m00QOKP9j`0bJX_OVMMZO7k00ROLP9h`0SJT_OZM4<NYO6f07WOEP9h`0UJT_OZM3;OYO6f0HZO`0m8\\`0TJU_O]MO:3VO6h0G[O?l8]`0TJU_OZN2cN5P15Q8^`0RJW_OYN2cN4Q14R8_`0QJV_OZN=COQ8^`0SJU_OYN>COQ8]`0dKd_O[L0P8\\`0eKe_OVLDTO40MQ9g`0eKc_OVLETO40NQ9f`0cKd_O[L1Q8^`0bKa_O]L2P8]`0cKa_O]LMSOFl0Oo6n`0UHS_OX4>eLLROGl01n6k`0UHV_OY4;eL3OBn6Za0RLS_OoL40_O[6K[Iaa0Y3Q_OPM5OZOXO1T71ZI`a0Y3P_OQM40YOb66QI_a0]3l^ORMNTODX86RH]a0a3k^OSMHa7Tb0[KT^OTM@WO0Z8\\b0[KT^Om5ma0SJS^Om5ma0SJS^Ol5na0UJP^OXMB^7^b0WKa]OYL?Q1CSOOS8_b0cKP^OUMC`7]b0mIa]OnN?CH\\OHf7bb0\\J`]OnN>DJZOGb00X6ab0]I_]OZ12A>BDTOO7Nc0O\\OOd6bb0eI_]OZ12@?CI[OGc0OW6bb0]I_]O[11cNM>c02I[OEc01V6ab0^I_]OZ12cNM=d03JZOBd04U6_b0^I`]O[1OfNM;e03AXOO1Lf03T6db0XI^]Oa1LBb0C_OYOO2Nd02T6Uc0VL\\]OgM@YONQ1Oi5Xc0WLR]OmLHj01XOMR8Zc0nJP]OoLGi01YONP8[c0nJP]OoLGj00`7Zc0YIg\\OB?EB\\7[c0]Id\\OA?FCU7ac0UHZ\\OU15I>GC\\OK^7fc0_HZ\\OX14I=mN^Oe05Y7bc0SH[\\OY14I;mN@f01Y7ec0QH\\\\OZ13K8kNDg0O\\OOd7hc0XH[\\O[14J6mNEf0O\\O0N2n00W5ec0hI\\\\O\\13I8mNCg0O\\O0M3n00X5kc0SKY\\OH:mNAi0O@4f0NY5kc0SKY\\OGa0G]OYO4k0K[5kc0RKX\\OHa0H]OWO4l0K[OLc5Pd0_KW\\OI`0H\\OYO4k0KYONc5Sd0]KQ\\OO`0G]OXO4k0KV5Td0PKo[O28MEQO4k0LU5Td0PKn[O388J@LU5Td0PKn[O39MDQO5i0LV5Td0PKo[O2;JBUO6g0JW5Td0RKo[O1;ZOAJ2J5h0J`41SKSd0f0P\\OO;kNA;O02J5h0K]45RKPd0i0n[O0;kNA;0O1K5h0KYONh4<XKmc0o0l[O1:[OBJ1I5i0KYONg4Re0WLT[O18]OBK3E5k0H[4Se0oJmZO80E6Q18]OBK3E5k0HUO4K04N^4Qe0hKmZO71F54K?==FmN4S12mNH]4Se0hKkZO82E45K>?=DnN4R12POG[4Te0hKkZO82D56J=`0>CmN5OIk0:m3jd0_KjZO82D56J<b0?@mN6NJk09XOD11X4Ve0hKlZO;0E4Q1;0AnN5MLj06BGP4ae0QLbZOG2S1<MAoN;j0FR4`e0\\KaZOJOU1LiN4NOR10PO:n0Dn3ce0[KbZOKN\\1McN1o00QO:Q6Ye0SJbZOMM]1LbN2o00QO:Q6^e0nI^ZO1L^1LcN0o03oN;o5_e0nI\\ZO4L^1OEOlN<n5je0SJlYO^10DOlN;o5je0SJlYO^10DOlN;`5AiJ[f0GlYO^1NHMkN=Z5KhJRf0MkYO]1N2:h3cf0hJWYOV1GlN4`19`NEo4Rg0nJUYOV1IlN2`1:`NEP5]g0TLbXOmN2]1=`NCP5^g0UL`XOnN5X1<fN@l0MS3bg0TMaXOoN6U1;iN_Ol0NR3bg0[L_XO:1@5T1=hN^Om0NR3dg0XL^XO>NF2IMl0k0o3lf0VK^XO?LH1HNm06RONL4P5`g0TK^XOQ1LoNOQ11QOOM4P1Lh2ig0WL]XOS1LnNNR11QOOM4OLl00m2ig0VL_XOS1JoNNR11WO8b0Gm2ig0VL_XOS13LHZO8d0Em2jg0UL`XOQ14LF\\O8e0El2Xh0TMVXOOFZO7KDh02o2Xh0UMnWOROKn01ZO8HEk00m2[h0VMjWOTOLn00ZO=f0D_2\\h0]MgWOVOLo0OZO`0`0EVOLV3^h0eMfWOVOLo0OZOa0?DWOL4NQ27WN\\h0>cWOWOLo0OZOa0?J[ODP2;TNYh0a0dWOVOLQ1NWOb0a0Hd1Pi0\\NSWOHDJ1Ib0d0D[OEV2`i0QNdVOL>:BK2Gd0d0@]OH2Nj1ei0VNbVO0;;BK3Gb0e0^O_OIO1g1ji0TNVWOa0ROL4Ea0f0]O[OL24e1jj0gNSUOM5Ea0d0]O[OM24e1jj0hNQUOO6Ba0e0\\O\\ON14e1jj0hNRUON5Cb0d0\\O\\OM24n0JCQk0KSUOM3Eb0e0_O_ONl0KAQk0_OPUO9214E90Ee02^O0n0IAQk0^ORUO90JM1k0LZO9K15H4n0K[OYk0KgTOML0W14jN24J3l0OQOak03^TO5S1MiN37JMm0mk0TOTTO2T1NjN35LMk0nk0TOUTO1a11_NONj0nk0SOUTO2b10_NONk0Zo001]O\\PO4fo0CcPO6FMUP1253O0010HRc`3"}}]}