{"categories": [{"id": 0, "name": "background", "supercategory": "background"}, {"id": 1, "name": "coral", "supercategory": "coral"}], "images": [{"id": 0, "file_name": "images/0210_C04_07.jpg", "width": 1044, "height": 1044}], "annotations": [{"id": 0, "image_id": 0, "category_id": 1, "bbox": [114.0, 57.0, 741.0, 947.0], "area": 701727.0, "iscrowd": 0, "segmentation": {"size": [1044, 1044], "counts": "Tdd32`P14N2M2O1O002N0]POFmn0:QQOHnn08QQOJon06nPOMQo03nPONRo03mPOMSo03lPONTo03jPOOVo02fPO0Zo0d01010O0001O00WOoNPROP1Pn0QOoQOo0Pn0TOoQOk0Qn0VOnQOj0Qn0XOnQOh0Qn0YOoQOg0Qn0ZOnQOf0Qn0[OPROd0Pn0]OoQOc0Qn0]OPROb0Pn0^OQROb0nm0^OSROa0mm0_OSROa0mm0@SRO`0lm0@TRO`0lm0@URO`0jm0@VROa0im0_OXROa0gm0_OYROa0hm0^OYROb0fm0_OYROa0gm0_OYROa0gm0_OYROa0fm0AYRO`0fm0@ZRO`0gm0_OZRO`0fm0@[RO?em0B[RO>dm0C[RO=\\l0VOQTO?A;]l0WORTO?@:^l0XOQTO>@<n7XOeGJgc05V]O=@<l7EU:\\Oa^O7M=@;m7ET:_O_^O50<@<k7EU:A^^O32:A<j7EU:D]^O229C<b7TOkGa0ab0D\\^O339A=a7J`:^OZ^O249@?_7Ge:@X^O149_Oa0]7Fj:^OV^O347_Ob0\\7AQ;Do]O257_Oc0Q4PO_N9V`0Kg]O167]Oc0X2kNmN9Y16Y`0Kf]O265]Oe0V2kNmN;Y13]`0Lb]O274^Oe0V2lNkN;W16a`0Ia]O193]Of0U2oNiN9Y16b`0I`]O193\\Og0V2POgN6[17c`0H`]O194[Of0V2QOgN6\\15d`0I_]O285ZOd0W2ROhN5Z17f`0G_]O287WOd0X2POkN5Y15i`0H]]O279VOd0X2oNkN6Y14k`0H\\]O289TOe0X2mNmN7X12m`0JZ]O389ROe0X2mNmN8Y107Aj=:V@29:POf0X2lNnN8Z1O2Hn=2W@39:POf0T2PORO4Y101Jo=0W@397ROi0P2SOSO1[1OOMP>MX@397POl0P2ROTON\\11MNR>KX@3:l1n0[NWNYOd0c0e11MLX>MS@39l1n0]NSOJ^10NLY>OP@3:j1m0_NTOH^11J0_>Lm_O2:k1l0_NUOG^13F2e>Jj_O1<i1k0aNVOF]13F3h>Ig_O2<h1k0cNUOE_12E2l>Id_O4;g1l0cNUOE_12D2n>Ic_O5:g1k0cNWOD^13C1S?I`_O4:h1k0cNWOD^12C2U?H__O59g1j0dNXOD_12_O2\\?G\\_O85f1l0`N\\OG[12^O3^OA_>5m@93e1n0]N_OJX11]O5]ODa>0m@:4e1k0^N@JX11\\O6]ODc>Ol@:4d1l0_N_OIW13\\O5]OFe>Ll@:3f1k0_N_OJV11^O5\\OFh>Li@:5e1j0aN^OLT1O@3^OGi>Kg@;5d1j0aN_OOQ1LC3]OGl>Le@96e1g0`NB1SOROe1j0K1^OFo>Mb@:4e1g0aNC0ROUO`1j0ON@FR?M`@93f1f0aND2POUO\\1m02JBFV?L\\@:4e1d0bNF1POVOX1o04HCFX?LZ@:3f1d0aNG97O5FCE[?LW@=1c1f0bNH753nNeNR1o0HF^?KU@<2d1d0bNJ547mNcNS1n0IF_?KS@>1c1d0cNK4UOmNb0[1]O`NP1o0HGd?Ko_O<HTO0b2l0aNN`0AOf0^O@Fl?Lh_O;Io1m0XNNa0\\O1j0^O\\OET`0Je_O;Ho1n0WN0b25aMZOCX`0Ib_O^3f0SM0a27dMVOB\\`0Ha_O_3d0SM1b26eMnNFn2mNg:e0aB_3d0RM2e21jNn1`Mj:?aBa39kKGW1e0e2NlNQ2_Mj:>aBa37oKFS1h0e2NjNS2aMk:k4dBTKGP1j0e2LjNV2cMk:i4[BPKN5Oo0k0c2LoNn1jMV8AnGn4XMRK0[1l0V2MTOe1SN[8[OnGk4XMRK1[1l0U2LVOc1UN^8ZOnGP5XMVLl0V2KUOb1YNb8WOlGa6TNkLHVOf1XNc8XOjG`6SNjLHWOf1YNf8WOiGm4ZMULh0V2HYOf1YNh8WOhGk4ZMULh0X2D[Oh1YNj8TOjGi4WMVLj0[2[O]On1YNm8QOjGU6nMWMZOYOQ2\\Nb7fN`G9e1c4VM]Lg0b5[1bJ`7jN`G3h1R6lM>\\1dJa7jN]G3k1Q6iM>^1dJa7lN\\G1m1Q6gM=\\1iJd7mNWGMR2P6eM<_1jJg7kNRG1S2l5eM8d1QKf7gNnF4U2h5bM8h1WKg7jNcFO^2e5^M8j1^Ki7fN`F0_2b5^M9h1cKm7aNXF6e2^5]M7h1fKS8^NmE:k2[5ZM8i1gKV8^NiE9n2\\5WM6k1iKX8^OfHe4SM4m1kK]8[ObHZ;nN]Ed8ZO[HX;kNcE^7^MYHf1]1Y;iNdEa7eMUH]1a1X;gNgEd7gMSHY1a1Z;fNfEh7hMQHW1`1\\;eNfEj7iMQHU1_1\\;bNhEl7mMRHn0_1];bNhES8jMlGP1_1`;^NfE[8iMjGP1Z1c;UNlEk8dMfGk0]OeNo0R=eNUF_9WM^Gn0]OjNk0n<fNTFg9VM[Gn0[OlNk0``0_8g_OZGm0\\OmNi0^`0c8k_OVGj0^OlNh0Y`0eN__OQ:c0SGi0_OlNg0Z`0m8R@lFh0_OmNf0Y`0Q9S@gFm0]OiNg0Y`0W9S@aFm0\\OkNh0W`0^9Q@[Fo0[OmNi0T`0b9Q@YFn0YOQOi0R`0f9o_OWFk12V>i9n_OUFl12T>l9P@QFm11R>Q:S@jEl15n=U:X@cEk15l=]:`@QEi1=h=h:^CUEb<o:_ClDb<W;\\41O1O2N6J4K6K4L2O0ObEi[Ob8Ud0oFe\\Oi8Xc0VGm\\Oi8Rc0TGX]Of8fb0SGS^O]8la0]G_^OZObMm8oc0dGk^O[8Va0\\GS_Od8]d02N2N2O1O2N1O1O001O1O0101O01O00O0101OM4J8^Oj0C3N1mGbWOn7^h0QHcWOo7ah00N2O3L5K4B=M201N2O1N3N2N1O2N1N1O2M3N2M3MZMYYOdKef0Z4aYOdK[f0_4SZOSKle0n4VZOQKhe0Q5[ZOkJee0U5\\ZOjJce0W5^ZOhJae0Y5cZOdJYe0_5jZO^JUe0c5mZO[JRe0f5oZOYJod0i5R[OVJld0l5U[OSJid0n5Z[OoIed0P6`[OhIfd0Q6d[OhI`d0S6k[OeIWd0Y6o[OaISd0\\6S\\OaImc0^6U\\O`Ilc0`6U\\O^Ilc0b6X\\OYIic0i6P32O00000O01O001O100O6K6I2O0000002O02O20OM1N1O2N100O23NO2L5L1N2N1O1N2O0O3N2N0O1000mNlVOfJTi0U5RWOjJoh0U5QWOkJoh0U5RWOjJnh0V5RWOiJoh0X5PWOXJIJONYi0P6PWOVJ_i0l5`VOSJai0m5b01M3A?M3O01N3N1O1O1N3M2O1O0000000O1O00O2O1M32N1O2M4L3M2N3M3N2N3M3M3M3L5L3M2O1O2N1000001O0O1N2O2N1O1O2O5JoN]KTVO`4ki0cKTVO]4ki0bKVVOOoN[4dj0dK_UO3S1X4\\i0iK_UOO3Mk0[4bi0kK^UON41h0W4ei0iKaUON26d0X4ei0cKeUOO37;HBa4Yj0aKgUOO389IB`4\\j0_KfUO02?1Z4Yj0UKeUO3Oa5bj080O4K7I5J5M4L:F4L3L4M4K7H6K4N2N2N2N3L3M4L4N2M101O001O01N1O1mROnLbl0U3[SOnL`l0V3_SOkL`l0W3^SOjLbl0d30101N100O1O2M100O2L9@dKWTOc4fk08N00N2O1N2O2O1N4M1N2N102M6L03L1N3N0O20O01O00OM40O0100O100O10000000000000001OO10000O100000O1\\O`KTUO`4lj0bKQUO_4Uk0]KiTOd4ii0\\KlVON[O5Lc4ji0^KkVOM^O4Jd4ki0cKUVOC:3L4If4hi0iK`VO\\O21Il4MRK`i0R1XWOP4YOoJUi0P1fWOP4SOQKXi0Q1gWOh3SOUKXi0`1XWOZ3Pi0gLmVOY3Ti0gLTWOP3mh0QMcVO\\N6a4Xi0^MfVOb2[i0^MdVOb2\\i0_MbVOa2`i0aM\\VO^2fi0W23M2N2N2N101N1O1N1N210O01O100002M3N1O00001O01dUOmIUj0S6jUOoIc1Oif0S6dWOlI^18nf0n5nXOYJQg0g5mXO\\JSg0d5kXO]JUg0d5iXO^JVg0c5hXO^JXg0b5gXO_JYg0a5eXOaJ[g0\\5fXOfJ[g0V5bXOPK^g0n4bXOTK_g0i4bXOXK`g0e4_XO]Kbg0\\4cXOeK^g0Y4bXOhK_g0V4aXOkK`g0S4_XOoKbg0o3^XORLfg0h3XXO\\L\\e0cNi[OR5fN_L[e0jNiYOHh1R5mN_Lae0WO][O]4mN^Lee0WO][O]4gNaLke0TO\\[Of6cd0]I[[Oc6dd0`IZ[O`6dd0gIW[OX6hd0kIX[OT6hd0mIW[OS6hd0oIW[OQ6id0PJW[Oo5id0RJW[Om5id0TJV[Ok5jd0XJV[Of5jd0\\JX[O`5hd0dJX[OW5id0nJU[Oo4kd0TKT[Oj4ld0YKQ[Oh4nd0ZKQ[Oe4Pe0\\KoZOb4Re0cKiZO]MYOj6ne0kKnZOS4Se0PLkZOo3Ue0SLnZOg3Se0[LkZOd3We0]LgZO`3\\e0fL]ZOY3h0dI^c0T3g[OW3l0fIac0S3^[Oi2GWJZ11gc0U9R[OfFS1;mc0m8\\\\OTGec0m8Y\\OSGkc0j8S\\OXGQd0d8m[O]GUd0c8g[O_G[d0f8^[OZGdd0j8U[OWGod0i8mZOWGVe0i8fZOXG[e0g8dZOZG^e0d8bZO\\G`e0b8`ZO^Gce0_8]ZOaGge0[8YZOeGje0Y8TZOhGme0X8QZOiGQf0V8nYOjGVf0R8iYOoGXf0P8hYOPHYf0o7gYOQHYf0o7gYOQHZf0Q8]YOUHcf0n81O005KmLZFY_Oe9e`0]FZ_Oe9c`0^FY_Oe9f`0\\FY_Oe9g`0]FW_Oc9h`0`FV_O`9i`0bFV_O^9j`0cFb\\OD\\2i9Ra0dF_\\OH\\2d9Ua0nFj^OR9Va0nFj^OR9Va0oFj^OP9Va0TGg^Ok8Za0XGd^Of8\\a0^Gd^OkNlM_9`c0jGe^OU8[a0RH_^Om7aa0\\Hb\\OXN]1\\9Qb0kHg]OU7Yb0mHe]OS7[b0PIb]OP7_b0RI^]On6bb0UI\\]Oj6eb0YIX]O]MUOT9X1nFl`0d2j^O]69PGn`0c2h^O]69RGn`0e2d^OZ6=RGo`0e2c^OY6=TGo`0d2c^OY6<TGQa0f2a^OU6NQG@9oa0d2g^Om5IlG^a0Z2h^Oj5HmG_a0[2h^Oh5InG]a0\\2i^Of5JnG\\a0^2j^Oc5JoGYa0c2k^O_5KnGYa0e2k^O]5LoGWa0g2l^OY5MPHWa0i2j^OX5NPHVa0k2k^OT5ORHUa0n2i^OP51RHVa0o2i^On41SHVa0P3h^On41SHVa0P3h^Om43RHTa0R3j^Ok42SHTa0X3c^Og49QHSa0_<m^OaCRa0`<o^O_CPa0b<P_O_Co`0a<Q_O_Ck?QOg@_=_O_Ci?VOe@[=B_Ch?ZOc@W=E_Ch?[Oc@U=DbCh?ZOc@U=DaCh?\\Oc@S=DcCf?_O[@@E^=:cCe?BX@U=2[Ce?BT@V=7XCd?h=\\@XBd?h=\\@XBd?h=[@YBf?g=X@ZBi?f=U@[Bl?f=Q@ZBP`0f=Q@YBo?g=Q@YBo?g=Q@YBo?g=Q@YBo?W?0O1O2O0OV@e_O]?Y`0b@m_OY?R`0h@o_OW?Q`0i@P@W?P`0g@R@Y?o?c@T@^?b`0O01O0O^CR_O_9n`0`FU_O^9j`0aFY_OTMKS<l`0hFZ_OSMKV<l`0oDU_O:;f:a`0mDW_O<8g:b`0kDY_O<7h:``0kDZ_O<7V:AlDn`0a0Z_O=8S:CnDl`0a0Z_O=7S:FmDi`0c0[_O<7R:InDg`0a0Y_O>7T:IoDf`0>X_Oa09S:ImDg`0?U_OVOJW1a0W:HnDi`0>Q_OVO0W1=W:InDi`0>P_OVO2V1=W:HoDj`0d0Q_O6=W:InDk`0b0Q_O8;W:KmDk`0c0o^O9<U:LmDl`0d0l^O9=[8]OcF0\\1?hNn`0d0g^O<>X8FSH4dNRa0e0e^O=?U8IVHNcNVa0d0c^O`0`0Q8MVHJdNZa0Q2P_OR70WHGdN[a0R2o^OQ71YHFbNZa0T2P_Oo61[HEbNZa0T2Q_Ol63]H]a0g0`^Oj64_H_a0e0]^On62\\Hca0f0[^Om62\\Hea0g0Y^Ol61]Hga0f0Z^Ol6O]Hha0g0Y^Ok60]Hja0e0V^On61\\Hia0f0X^Ol60cGVO9bb0W1Z^Ok60bGYO7ab0Z1V^Ol67ZGWO=_b0[1S^Om6i0fGVa0\\1Q^Om6k0_GXNMob0i1k]Oj6P1]G[a0i1f]Oi6Zd0VIg[Oi6Zd0UIi[Oi6Xd0WIh[Oi6Yd0VIh[Oh6Zd0WHfZO7P1LVOd6Ue0VIkZO6j0M]Oc6nd0XIoZO6f0M@R4FaLIH^e0ZOdZOH:f0e0MAP4HaLFK_e0ROeZOO<f0`0MDm3HcLDLge0QOkZOe0=NGj3IdLBM\\f0FbZOOHi3JcL@0\\f0EbZONHS2YOnNd0=je0dN`ZOMKh3LgMke0cN]ZONLo1XOTOf0<ie0bN]ZOOMl1ZOUOe0=he0cN\\ZONMl1\\OTOe0>ge0cN[ZOONj1\\OVOd0>he0bN[ZOOMj1]OVOd0`0ge0`N[ZO0Mi1_OVOb0a0he0`NYZOO0g1_OWOb0d0fe0^NZZOO1e1^OXOg0c0ae0aNWZON9_1ZO^Oh0c0^e0cNUZOL`0KfNW1`0ZOEAU1d1[e0cNTZOKP1l0iN@E_OW1f1We0cNTZOLR1j0fNB_1T1ed0cNUZOLR1i0fNCa1S1cd0dNTZOMS1h0eNDa1T1bd0bNVZONS1g0dNDc1U1ad0`NUZONX1c0bNIc1T1`d0_NUZOOZ1b0^NJh1T1[d0]NYZO2[1=ZNOj16aM3hf0WOZZO2[16gMHa0<ZODd2c0`M5kg0WO`ZO9_N3l15]M6Yj0C]VO2n13aM4Sj0K[VONQ23dM1Qj0K\\VO0R20fM0Vk00]4O100J51O1N3M1\\TP6"}}, {"id": 1, "image_id": 0, "category_id": 1, "bbox": [622.0, 15.0, 207.0, 237.0], "area": 49059.0, "iscrowd": 0, "segmentation": {"size": [1044, 1044], "counts": "YYjc04_P12M2N3N2O00000001FkoN2VP1MkoN2]P1OXP3>UoL6L3M3N2O1N2N3M2O100O01O1O000010O001O1O1O1O100O2O0O2O2M3XSO^NZj0g1]UO]Nbj0i1WUOZNgj0l1TUOTNlj0n1QUOSNnj0Q2oTOoMPk0V2kTOlMSk0U2mTOkMRk0W2mTOiMRk0X2nTOhMQk0Z2mTOgMSk0Y2mTOgMSk0Y2mTOgMSk0Y2mTOgMSk0Z2lTOfMTk0[2kTOeMUk0\\2jTOdMVk0^2hTObMXk0a2dTO`M]k0a2aTO_Mbk0b2YTO_Mhk0g2oSO[MQl0d31O00001O00100O00O1O1O1J6N2J6N2N2N2N2N2N2N2N2N2N2N2N3N1N2O1O1O101N1ZVObJVh0_5gWOdJXh0\\5cWOiJ]h0X5aWOjJ_h0U5`WOmJ`h0ObVOb4m0`Kah0EnVOg4`0eKdh0@PWOj4;gKfh0\\OPWOm4:gKZi0Y4eVOgK[i0Y4eVOhKZi0X4gVOgKZi0Y4eVOhKii0\\O`UOW4h0\\LPj0b3QVO]LPj0b3SVO[Lni0e3SVOZLli0f3UVOYLki0g3VVOXLki0g3UVOYLji0h3VVOXLhi0j3XVOWL^i0R4bVOnKTi0\\4lVOdKRi0^4nVObKRi0^4lVOdKTi0\\4gVOiKXi0X4fVOjKZi0V4eVOjK[i0W4eVOhK\\i0X4cVOhK]i0Z4bVOeK_i0[4aVOeK_i0[4aVOdK`i0]4_VOaKci0_4\\VOaKei0`4[VO_Kei0a4[VO^Kgi0a4ZVO]Kgi0d4XVO[Kji0d4VVO[Kli0e4SVOZKoi0e4PVO\\KQj0d4nUO[KTj0e4jUO\\KVj0f4fUO\\K[j0e4_UO_Kaj0[5O00000000000000000000O1000000O2O0O1O1O2N1O2N1O2N1O1O2M2O1N3N1O1O2N1N201N1O2O1N2O1O1N1O2N3M2N2N2M3N2N2N3L4L4eN^SO^Ngl0]1^SO^Ngl0^1]SO\\Nil0_1]SOYNhl0c1Y1H8SOP1_OdSk6"}}]}