{"categories": [{"id": 0, "name": "background", "supercategory": "background"}, {"id": 1, "name": "coral", "supercategory": "coral"}], "images": [{"id": 0, "file_name": "images/0247_BW02_03.jpg", "width": 1044, "height": 1044}], "annotations": [{"id": 0, "image_id": 0, "category_id": 1, "bbox": [51.0, 32.0, 954.0, 985.0], "area": 939690.0, "iscrowd": 0, "segmentation": {"size": [1044, 1044], "counts": "V[d1>TP17I4L7I4L4L3M6K3M2M4M2O1M7J6J4SROUNjl0S3G8H3N6I2O1O1N2O2N1O1O1O1N3N2M4M1O1O010O1O102[VOkKQNXO^h0o4ZYO]L]f0d3_YOaL_f0`3_YObLaf0^3]YOdLbf0]3[YOgLcf0Z3[YOhLef0X3YYOjLgf0V3VYOnLjf0R3SYOSMkf0o2PYOTMof0m2nXOUMRg0k2mXOVMRg0l2kXOVMUg0j2jXOWMVg0k2gXOVM[g0i2cXOXMbg0c2\\XO_Mgg0_2WXObMjg0]2TXOeMlg0[2RXOgMog0X2PXOiMTh0R2lWOnMZh0n1cWOTN_h0Q54L10m^OXHl68ZCa7e5^Hj69\\CY7e5cHl68_CT7b5gHl6<^Cm62UHi3f0d8:`Cl6N_He3`0h89eCh6GiHf3:i89kCc6@RIf38j86SD]6XOZIh37i85WDY6VO]Ih37i85ZDV6TO_Ig39h84]DT6SO`Ig3<d82bDR6QOaIh3d0]8JjDR6oNbIg3f0\\8ImDP6nNbIh3g0Z8JQEl5jNfIi3h0W8IVEm5_NjIQ4b0X8HYEk7[2_HZ8LVEe7`2aHX8KWEd7a2cHU8KYEc7a2cHU8KYEb7b2dHS8NXE_7c2eHS80XE[7d2gHR8OYE[7d2jHn7M^EY7b2lHo7K_EZ7a2lHo7L^EY7b2mHn7M]EW7d2nHm7L^EV7e2oHk7M_EU7e2oHk7O]ES7g2oHk73XEQ7l2lHj77WEP7l2kHk7<cDbL7\\:Z3fHj7c0jDi6[3eHj7b0kDi6[3fHi7a0lDj6Z3fHh7c0kDl6Y3bHl7_;RH`Dn7c;PH]Do7f;oGZDP8h;oGXDP8i;oGXDQ8h;oGWDQ8j;nGVDR8m;lGSDT8n;kGQDW8o;gGSDY8P<cGPD]8Q<bGnC^8T<`GmC`8S<_GmCa8U<^GkCb8U<]GlCd8U<ZGjCg8Y<VGgCk8Z<RGhCm8Y<QGhCo8X<QGhCo8X<PGiCQ9V<nFjCk8_<SGbCi8d<PFV@LW3o9T>lEmAl9]>RFcAi9e>SF]Ai9h>TFXAk9P?mEQAR:R?kEPAR:jb0O1N3M3O1N101O0O1O2N1O2O1N2O0O2O1O001O1O2N1N10001O001O001O00001O00001O1O1N2O000000000001O001O00001O001O1O2N[OiXOmGVg0e7_YOVH`f0g7dYOYH[f0d7iYO]HTf0c7nYO\\HRf0c7UZOWHke0g7YZOWHge0h7[ZOYHce0f7aZOZH[e0f7j10O0001O0O20O0fYO[Hgc0e7Y\\O[Hgc0d7Z\\O\\Hfc0c7e201N1N3M2O2O1O001O1O1O1N200O100O1O1O1M3Mm[OVIb>h6`AXI`>f6h5N2O1O1O2N1O1O100O2O000O10000O100000000001O1O1O1O0O2O1N2O2M5K3N2M_McVOPNZi0j1RWOkKBo1Zi0T2bWOlMZh0S2jWOmMRh0R2QXOoMmg0o1XXOQNdg0m1aXOSN]g0l1eXOUNXg0k1jXOVNTg0i1nXOWNQg0h1QYOYNmf0f1TYO\\Njf0c1XYO]Ngf0a1\\YO`Naf0`1eYO\\NZf0c1mYOXNRf0g1QZOXNne0g1UZOWNke0h1YZOVNfe0h1^ZOVNbe0i1aZOVN]e0j1iZORNVe0l1oZOTNmd0l1V[OTNhd0l1Y[OUNdd0k1`[OSN_d0m1b[ORN]d0n1e[ORNZd0m1h[OSNVd0m1n[OQNoc0Q2T\\OmMic0T2Y\\OmMdc0T2_\\OkM_c0T2e\\OjMYc0V2i\\OjMUc0W2l\\OjMQc0V2Q]OfMQc0[2P]OdMob0]2S]O`Mlb0a2W]O]Mhb0d2Y]O[Mfb0f2[]OXMdb0j2]]OUMbb0l2_]OSM_b0o2b]OPMZb0T3h]OjLVb0X3n]OdLoKYOVe0U4n^O_LlK]OTe0U4T_OZLhKATe0U4V_OVLga0l3^^OlKda0T4^^OjKaa0W4]5101N101O001O0O2O1O2N2N1O2N1O2N1O2N2M3N3L3M3N3mTOdJhj0l5G1O0O1000OO2M3K5001O1N200O101O000O2N2N3M2\\O]UOSKfj0i4fUOkJ]j0Q5f0M2N3L4L5K3N3N2N2N1N3N2O2M5K2O000O100O1O100O100O2N10000O101O000O2O00001O00000000001O0001O00000000001O0000001O001O0000001O000dLeL\\VOMm2_3ff0dL^VOKm2a3Qj0001N1000001O0000000O1000001O00000O10001N2O001N2O1O1O1N2O2N2N1N201N1O2N3N1N1O100O1O00100O101O001O001O1N2O001O1OO010000000O001O0O2L4M2G:I6_Oa0M3N2N2O10T@eL`2Y3^MjLb2V3[MUM^2j2`MXM`2h2^M[M`2f2\\M_Mc2a2ZMcMe2]2ZMeMf2Z2YMgMg2Y2YMiMe2W2[MjMe2U2oLYNo2g1PM[No2e1oL_No2a1jLiNS3W1kLQOo2o0QMTOl2l0UMYORDdMY>T3ZMlL]Df2Y>>WMPM_D`2\\>`0TMRM^D^2_>`0YLhLmEW3i=2YLlL`E[3X>IhKjLRFm3V>YOiKiLQFl3Y>[OfKgLRFm3Y>\\OQLe0o3[ORLTM\\EGOP3d>5SLiL[E101Nn2f>7YLhLUE2Ln2g>7aLkLhDm2h>8aLjLgDm2i>9`LK`36aLI_37cLG]39cLF^3:dLD\\3<eLB[3?fL_O[3a0eLiLaD_2j>h0fLhL_Da2j>i0fL[OZ3f0gLYOY3g0hLXOW3i0kLSOW3m0kLnNW3S1iLlNX3T1iLiNX3Y1fLgN[3Y1eLgNZ3Z1eLfN\\3Z1dLeN\\3\\1fL`N[3b1eL[N]3e1cL\\L^De1P?Q2lLjMV3V2kLhMV3X2iLhMW3Z2gLfMZ3Z2fLeMZ3]2gL_M[3a2hLZMZ3g2gLTLoCl0[?Q3mLlLT3U3lLfLX3[3eLdL^3]3`LULlC5e?g3^LSLoC1f?m3f<3M1O2M2O1O1O1O1N2N4M2M3N3L4K7I9G;D6J5I6K5L4I8J6K4K6J5M4SO]HcXOf7[g0]HbXOe7\\g0_H_XOe7_g0THVXO_8hg0bGYXO\\8hg0dGWXOZ8lg061NL_GYXO_8ig0aGWXO]8kg0dGSXOZ8Rh01MbGTXO]8Rh0N101O1O001O1OL5O10O10O0O2M3O001IaGXXO_8jg0_GXXO`8ng0O3N00N2HdGWXO]8hg08O[JZXO^2fg0aM\\XOoL0W5dg0iMkXOQ2Tg0jMSYOU2mf0iMUYOW2if0jMXYOW2df0kM^YOT2af0mM_YOS2`f0mMbYOR2[f0PNfYOP2Wf0mMoYOTMiNj4Vg0PNVZOTMeNl4Tg0PNXZOTMdNl4Sg0PN_ZOP2^e0RNbZOn1\\e0SNeZOm1Ye0PNlZOP2Se0QNmZOo1Re0SNmZOl1Se0VNlZOi1Ue0WNkZOh1Ue0YNkZOe1Ve0[NkZOc1Ve0^NjZO`1We0\\NnZOa1Ue0\\NnZOb1Te0]NmZOa1Te0^NnZO`1Te0_NmZO_1Te0aNmZO]1Ue0cNkZO[1Ve0dNkZO\\1Ve0cNkZO]1Te0cNmZO\\1Te0eNjZO[1We0fNhZOX1Ze0iNdZOX1[e0hNfZOX1Xe0jNhZOU1Xe0lNhZOT1Xe0kNiZOT1We0jNlZOV1Te0gNoZOX1Re0eNQ[OZ1Pe0cNS[O]1ld0cNU[O]1jd0cNX[O\\1ad0TLlXOa2e2Z1[d0mNg[OS1m=TLcEh2bLT1Vd0kNl[OT1Ud0fNP\\OZ1Qd0aNS\\O_1hc0dNZ\\O\\1bc0gN_\\OY1_c0hNc\\OW1\\c0dNj\\O\\1_a0WLc\\OY2S2`1Qc0kLcYO@OOQ4f3_b0WLT_Oh3lf00PIWLUAi3X>ZLW[OO`6h3o=dLW[OEO0l6f3l=hLV[OE1Mm6f3l=hLV[OD4Kk6j3o=_LaBa3Ye01O00010O01O1O0001N1001O10O00010O001O000010O0001O001O001O00001O00001kUOWL]g0i3`XO\\L^g0e3^XO`L`g0a3]XOcL@[O[f0R4TZOfLUO]OhN0ng0m3RZOkLlNATOFog0o3nYOPMcNAfg0a3dYOTN^f0n1\\YOTNff0m1WYOUNif0l1SYOVNof0k1iXOZNXg0h1`XO]Nag0e1fWOQO\\h0b40O2N101O2N1O2N1L4M2L5M3M3N2N2L4M3K4N3M3N200O1O1O1N1O`]OiIf:V6ZERJ_:n5aETJ]:l5cEVJ[:j5eEYJY:f5gE]JPJ[O_>W6aG`JnI[O^>V6cGaJoIXO\\>X6fGbJm9_5TFdJh9]5[CjIlMk0g>[5]CkIkMj0h>\\5[CmIjMi0k>Z5YCPJgMi0eNlNW?[6\\DRJdMi0iNkNQ?_6`DQJcMf0k>b5aCjIbMe0j>d5cCiIaMc0h>i5eCgI`Ma0b>R6mC_I^M`0b>U6nC_IYMa0g>R6PD]IUMd0i>R6PD^ISM`0l>V6oC]ImL`0S?W6kC`ImL9W?[6jCbIfL4b?]6fCiIVL1o?RNn_OW8i3nKZ<W4bCkK_<V4]CkKe<V4VCgKP=Z4dBQL\\=Q4]BSLd=o3TBWLl=k3RBULn=m3oATLQ>n3kATLU>o3eAULZ>m3aAVL^>o3\\ATLb>R4TATLh>R4SAQLj>S4SAoKk>W4n@kKQ?Z4e@mKY?[4V@oKj?^:O1N2J6J6N2N2N2N2N2K6K4L4L4N3M2O1O1N3M3K5M2O2N1M4N1N3M4J4N3N1N2\\Kg\\OlKZc0l3g\\OhG0Z4[c0l3g\\OhGO[4[c0m3f\\OiGLZ4ac0i3g\\OZLZc0b3k\\O\\LWc0`3l\\O_LUc0`3k\\O^LYc0_3i\\O`LXc0_3h\\ObLXc0\\3h\\OeL[c0X3e\\OgL^c0R3f\\OjLac0S3`\\OkLcc0S3_\\OhLgc0U3Z\\OlLgc0Q3[\\OnLgc0P3Y\\OQMgc0n2Y\\OSMhc0k2Y\\OTMjc0h2W\\OXMkc0f2U\\OZMmc0]MY[Oc3j0oNPd0[M[[Ob3e0TOSd0SM_[Oe3>XOUd0PMi[O]32CWd0iLV\\OZOdNk3P11\\d0`LZ\\O]3[O2`f01_YOMef01[YOOgf00XYO1hf0OXYO1if0NWYO1kf0OTYO1lf0OUYO0lf0NVYO1if0OXYO0gf01ZYONgf01ZYOMhf03YYOLff06YYOJgf06ZYOIff07ZYOJef05]YOIcf08]YODff0=ZYOBff0?ZYO\\Okf0d0VYO[Ojf0e0WYOZOjf0e0WYO[Ohf0e0YYO[Oef0f0\\YOXOef0h0\\YOSOgf0n0YYOlNmf0S1UYOkNlf0U1UYOeNPg0[1QYOcNPg0\\1RYO^NSg0b1nXO\\NTg0c1mXOZNVg0e1kXOYNVg0g1kXOWNWg0h1kXOUNVg0k1kXOoM[g0P2fXOPNZg0o1gXORNXg0m1iXOTNUg0l1mXORNTg0m1mXORNUg0j1oXOTNRg0k1PYOSNQg0l1PYOSNQg0k1RYORNPg0m1RYOoMRg0P2oXOmMSg0S2nXOjMUg0S2PYOeMUg0Z2PYO[M[g0`2iXORMdg0k2S3O1O1O2N2M4M3M2M4L4M2N2N3L4K4M3M4K4M3M2O4L7G8B;EjoN2UYX1"}}]}