{"categories": [{"id": 0, "name": "background", "supercategory": "background"}, {"id": 1, "name": "coral", "supercategory": "coral"}], "images": [{"id": 0, "file_name": "images/0258_BW02_01.jpg", "width": 1044, "height": 1044}], "annotations": [{"id": 0, "image_id": 0, "category_id": 1, "bbox": [56.0, 42.0, 921.0, 989.0], "area": 910869.0, "iscrowd": 0, "segmentation": {"size": [1044, 1044], "counts": "_di13^P16goNKko0d0K2O002N1aMXOoTOj0nj0FcTO;[k0K_TO8\\k0O_TO4_k0O^TO3ak0O]TO1ck01[TOOdk04ZTOLek06[TOJbk09]TOHak0:^TOG`k0;_TOF_k0<`TOG]k09dTOG[k0:dTOG[k09eTOG[k09jTOCUk0=lTOCQj0oN_UO_1`0Dli0YOZUOT1j0Fgi0ZO\\UOQ1m0Ffi0\\OYUOo0Q1Fdi0^1\\VOcNbi0^1^VOcNai0]1`VOcN^i0_1aVObN]i0`1bVO`N]i0b1bVO_N\\i0b1dVO_NZi0c1eVO^NZi0b1fVO_NXi0b1iVO^NUi0c1kVO]NTi0e1mVOZNQi0h1PWOWNnh0k1RWOTNmh0n1RWOSNlh0n1TWORNjh0P2VWOPNih0R2VWOnMhh0U2WWOlMgh0Y2UWOgMjh0^2RWOcMkh0b2RWO_Mjh0f2TWOZMkh0g2UWOZMih0h2WWOWMih0i2WWOWMih0i2WWOWMhh0k2WWOUMih0U3mVOkLRi0[3jVOeLUi0[3kVOeLUi0\\3kVOcLUi0]3kVOcLUi0]3lVOkJJc1Zi0b3QWO]LT1aNUf0S5aXOjJLc1Z1fNVf0n4aXOlJMa1[1hNUf0m4`XOcLY1eNSf0h6lYOZIRf0f6mYO]IPf0e6oYO[IQf0e6oYO\\IPf0d6PZO\\Ioe0f6oYO\\Ioe0f6nYO^Iec0YOY]O]7PO\\Idc0]Ok[O8HBMb7j0YIdc0_Of[Of8c0mGgc0_Ob[Of8e0nGhc0j8V\\OXGjc0i8R\\OZGnc0g8n[O\\GS`0hNUCo9bL]GU`0POoBa;o<eDlB\\;S=hDjBX;U=lDhBT;X=PEi_OROa2m;e=aEXB]:h=fEWBX:j=RFmAl9T>ZFfAe9[>eF[AW9i>mFTAP9o>QGo@o8R?SGk@l8V?WGg@h8[?ZGa@f8a?^GZ@`8h?cGT@]8n?fGm_OY8U`0lGe_OT8]`0PH[_OS8f`0nGU_OT8l`0g34L4M3K5L3L5L4N2N1N3L5L4M3K5K4N3N3L3M2N4L7H7J3L4N2M2N2O1N2N4L4M1O1N2O5J3M8H2N1PJlZO?Ue0AjZO>Xe0BgZO>Ze0BfZO=Ye0_5B?J6O1ON3O00_[OUDZd0k;g[OUDWd0n;f[OVDUd0Z<JfNn[OXFoc0d9Y\\OcEJ1ic0^:]\\OZF]c0k9a\\OWFZc0n9e\\ORFXc0S:d\\OPFYc0h;Da0E6M4M2M4M4K5I?ZOc0A=D9H8I7H7IdKe@jGX?l<K4K5M3M2N3N1M3N2O2O001N11O0VCiAW7X>dHnAUKEH6c;W>]IbCnJRNi:]>RJnCl5S<oISDo5n;iI[DU6f;bIdD\\6];SITEl6m:RIUEl6n:oHUEQ7P;iHREV7R;dHQE[7W;ZHPEa7Z;lEb@m1X4U8g;bG^D[8h;_G[D^8o;YGQDe8X<SGiCl8\\<nFgCo8^<lFcCU9a<`FfC_9ga0001O00O20O0L5SOn0L3O2N4L4M2M2M4L3L4M3M3M2O1O2N1O2O0O2O000000000O1N2N2N3I6K5M4N1L5F:F:N1O2M2O1N2N3N1N2M4M2O2N1O1N2M3N2N2N1O10O1O0001O010000001O010O10O0\\Gd^OjIKNO50^7ba0bNe_OV1^`0dNi_OPJdNS7fa0PJZ^O`3d1^2k`0UIh]OX4a1cKYN1La6Zc0eMP_OZ2Qa0dMQ_OZ2Pa0eMR_OY2o`0fMS_OY2l`0gMW_OW2i`0iMX_OV2X4fIa5T4YFT2T4lI`5P4_FR2l3TJd5h3eFQ2e3cJ\\5\\3RGn1b3hJZ5Y3VGm1`3mJW5U3\\Gl1]3SKT5g2mGQ2o2\\KQ5a2\\Hh1d2iKo4^2^Hh1b2PLk4W2dHi1`2ULh4g1iDlLQ4W5]2ZLh4a1kDnLQ4V5[2_Lg4[1oDoLP4U5Z2eLf4U1PERMT4n4V2oLg4m0PEVMV4i4R2ZMf4bNREQ1O\\NX4c4P2cMf4XNXEg0EPO4L[4`4c1QNS6\\NkCnN282M[4`4_1XNU6lMkC[O;3KM]4_4Z1cNT6`MSD[O84MM[4a4o0oN^6lLjDCZ4a4;UOb6cLUJV4XOZOX=c0eBCY=:eBL[=2_B6`=I]B=P=[K^^OW4^4d0R=WK`^OS4\\4k0f=SOYBP1g=mNYBW1g=eNYB_1g=^NYBd1g=ZNYBh1i=TNXBm1Q7aJhJ`3WNQ2h=mMYBS2i=jMXBW2i=fMWB\\2i=aMXB`2i=]MYBe2e=ZM[Bh2e=WM[Bk2d=TM[Bn2e=RMZBo2e=QMUBW3k=hLRB^3k=bLRBb3m=^LV@XMmN]6m`0ZLh_OSMkM?^1W6o`0]Ia]Ob2b1[MaN26f0T1P6Za0jKh^OiMgNb0S1n5ha0\\KS^OF3P5ia0YKS^OI3P5ia0VKR^ON2o4la0RKo]O33l4Rb0lJj]O:2l4Tb0hJj]O>1j4Vb0fJi]Oc0Oi4Xb0bJh]Oj0Le4]b0^Jf]OT1H_4cb0[Jc]O\\1EZ4hb0YJb]O[9^b0dF^]Oa9bb0]F\\]Of9eb0ZFX]Oi9hb0QFj\\OhN;Z;jb0mEl\\OjN0O0];U`0iD_Bn0\\Mh:S`0^DQ@HS2S=i=gCVBY<^=SDdBPOjMY<Q?[ETCVNPN_<j>^EdCb:\\<`E`Cb:_<cEYCa:o0[CW8T2hFc:n0_CV8P2jFb:n0cCT8m1kFb:o0fCR8i1nFc:m0hCR8g1PGa:l0kCR8e1RG`:k0mCQ8e1SG^:j0QDQ8a1UG^:i0SDo7b1WG[:i0UDn7b1XGY:i0WDn7b1XGV:i0[Dn7a1VGT:l0\\Dm7c1UGP:m0`Dl7e1RGk9Q1eDX1nNj1^O]JV3^1i9R1kDm0^Og1hNkJZ3\\1d9U1oDc0Fn1o1WL\\9W1RE<LT2g1WL[9X1TE98m1Z1aLY9X1XE5=P2Q1bLY9V1_E2>T2j0dLU9W1fEKc0W2d0eLn8W1SFHe0V2:lLj8W1YFAm0W22QMe8W1^F^OP1W2NVM`8V1dFYOR1Y2KZM[8U1jFUOU1S2McMR8U1nFRO\\1l1HlMm7W1QGlNa1j1ERNg7Y1VGgNc1g1DZNa7Y1\\GaNj1Z1CkNU7Z1bG^Nm1b01E_6\\1eG[Nn1961U6\\1iGXNo1Jb0b0c5]1oGUNP2Eb0:nI^O`;_2RHSNT2WOf0d0d5S2dGPNg8GG[2dGmMi8@Dd2eGkMVe0V2lZOhMTe0W2nZOhMQe0Y2P[OgMnd0Z2T[ObMnd0^2X[OYMjd0h2`41O1O10000O101O2M1O2N2N8I6I6J6K5K2N1O2N3L4M2N1O10O01O0000000000001O001O0010O0001O001O1O2N8_TOmJQk0^5bGRKoDP5Q;QKmDP5a;`J`D`5d;\\J[De5k;]JmCd5Q<^JnCb5S<^JlCb5T<_JkCa5o;YJo\\O8n6`5Z<bJdC\\5a<]JcCb5o<\\JbBb5_=`J_B`5c=`J\\B_5g=aJm[OMQ6a5V>`Jh[O3n5[5\\>bJe[O9V2EX1_5n`0cJd[O;R2F[1Z5Qa0eJb[O<g5n4h>fJa[O>f5j4k>gJ_[O3M:d5k4R?gJ][O20=_5h4\\?kJV[O1K8b5j4mLnJn?Ng]O1O9^5i4lLUKm?Hj]O10;Z5f4mL_Ki?@n]O12=OAR5Q5UMcKa?\\OY^O906OAS5n4TMjKW?XOb^Ob02Ab5j4aLPLUO@T><e@VOf5k4QL`L^OWOR>9hFm3gKgL]OXOQ>4kFk3eKmL^OVOW>KhFn3`KWM_OYOR>QOj@9W6S4[K^MA]Om=gNSA9W6Q4WKeM@De=^N\\A2L1]6T4TKkMZOMg=RN`A2OO]6S4QKRNWONa=lMkA2N11O]6P4oJYNRO5a=`MRB:OH_6m3lJ_NQO6`=\\MUB2OO2O_6m3hJdNTO6\\=WMZB1010N`6m3dJiNVO5DVMT1OoN1[c0j3f]OnNYO:>dM[b0U3l]OoNYO?JmLKj0Rc0k2l]OSO[OS2^;nJ\\D0k6m3kIZOZOl1[;oJbD2OO3Md6o3PJ[OYOm1m:nJYE?J_Og6m3mIg4X:_GZE=K^Oh6R4eIf4_:ZG\\EOF9S7k3VIe4[;XGgKU4iHd4OSG^;2lKY=Y4gBgKW=\\4gBfKS=Q<NgHPCQKh<V5XCjJe<e<M3N2N2M4M2hIP\\OIRd03X\\OEic0:[\\OBgc0=\\\\O_Oec0`0^\\O]Odc0b0^\\O\\Obc0d0e\\OSO^c0l0f\\OnN\\c0R1g\\OhN\\c0Y1f\\OaN]c0_1f\\OXN`c0i1b\\OnMec0R2]\\OiMec0W2_\\OcMWa0gLU_Of5E`MTa0PMT_Ob5H[MTa0XMQ_O]5LXMSa0^Mo^OZ5OUMTa0bMm^OY50QMTa0gMm^OX5OnLUa0lMl^OV5OlLUa0RNj^OR50kLVa0VNh^OP52fLXa0]Nd^On43cLZa0bNa^Om44^L\\a0hN^^Oj48[LZa0nN\\^Oh4:XL[a0PO\\^Og4;SL[a0YOY^Oc4>jKaa0DQ^Ob4?eKca0Jn]O`4e0VKga0;d]O]4\\1_JSa0V1`]OZ4le0hKTZOW4le0jKTZOU4le0lKTZOS4le0nKTZOQ4le0PLTZOo3le0QLUZOo3ke0QLUZOo3ke0QLUZOo3l8_JX2a1mDQ4g8jJS2T1WER4a8oJY2n0VES4]8SK]2j0VET4[8SK_2i0VET4Z8TKa2f0VEW4W8TKc2e0VEX4U8SKf2e0UEY4T8QKh2f0TEZ4S8oJj2g0SE[4Q8oJm2d0SE^4o7nJn2c0TE`4m7mJo2c0TE`4m7mJP3a0TEc4k7mJP3?VEe4i7lJQ3>WEg4f7lJS3<WEk4d7jJT3:YEm4b7iJU3:XEo4b7gJV39YEQ5`7fJW39XES5`7dJX38XEW5^7_J\\3:SE[5`7YJ^3<PE`5`7SJa3<nDe5_7nIc3=nDg5^7lId3=mDi5^7iIe3?kDk5^7gIg3=kDo5T7kH_Gh0c<>jDP6R7lH_Gg0d<>jDQ6Q7iIV45jDU6k6hIZ43lDX6f6eI]44mD_6^6^Id43nDc6[6YIg45nDd6Y6WIh46nDg6W6RIk47nDo6P6iHR59mDQ7o5eHT5:mDT7l5bHV5<lDW7k5\\HY5>kD^7e5SH_5`0lDd7_5kGe5b0kDf7^5gGg5d0jDh7]5cGi5f0gDn7\\5\\Gk5g0iDV8S5SGT6h0hDX8l4UGZ6f0iDV8k4UG[6g0iDV8h4UG_6f0hDV8h4TG`6g0gDV8h4SGa6g0fDX8i4PG`6i0gDX8i4nF`6k0fDV8l4nF^6m0eDT8n4oF]6m0eDT8o4nF[6P1eDR8P5nFY6S1fDn7S5nFW6U1eDl7V5nFU6W1cDl7Y5lFT6Y1bDk7\\5jFQ6]1bDi7^5iFo5a1aDd7c5jFl5d1_Da7g5iFk5h1\\D^7k5iFi5k1ZD\\7n5gFi5o1WDY7R6hFf5Q2RDZ7Z6eFb5]<_JbCa5m:UDbE]6@^5h:cDjD_O6c65]5h:[LUEc3m:_LPE`3S;aLkD_3V;cLgD]3Z;m82L3O2N1O2L3M2O2N2N20O1OkBUDc5k;[J`D[5a;dJdDX5\\;iJfDV5W;lJkDS5R;nJREo4n:oJWEo4h:PK[Eo4d:QK_Em4`:SKbEl4]:TKfEk4X:UKjEk4U:TKlEm4T:QKlER5R:nJnET5Q:jJPFW5P:gJPF\\5P:aJPFd5m9ZJTFi5k9UJTFm5n9oISFU6n9fIRF\\6o9`IRFb6m9\\ISFg6l9XISFl6k9SIRFT7k9jHTFZ7j9eHUF]7l9aHTFa7k9^HTFe7k9ZHUFg7l9WHSFl7l9SHiEZ8X:bGeEd8\\:YGdEi8\\:UGcEn8]:QGbER9^:kF`EY9`:fF_E]9`:bF_E`9a:_F^Ef9_:YF`Em9]:RFaE]:R:bEmE`:S:_EmEb:S:]ElEe:U:YEkEi:V:TEiEn:W:PEiER;V:nDiEW;S:iDlE\\;P:dDPF^;m9bDSF`;l9`DTFa;k9^DVFc;h9]DZFc;e9]D[Fc;e9]D[Fd;d9[D^Fd;b9[D_Ff;`9YDbFf;^9YDdFg;[9XDgFg;Y9YDhFf;X9XDkFg;V9VDmFh;T9TDRGj;n8TDUGj;m8SDWGk;k8RDWGk;l8PD[Gl;g8PD_Gk;d8QDbGk;`8RDdGj;_8TDcGW;oMVAa:a3cGS;TNTA_:f3_GS;W9jDjFV;[9eDeFZ;]9dDeF[;[9dDfF\\;Z9dDfF\\;Z9dDgF[;Y9eDgF[;X9fDhFZ;X9eDiF[;W9eDiF[;W9eDiF[;V9eDjF\\;V9dDjF\\;U9dDlF\\;T9dDlF\\;S9eDmF[;S9eDmF\\;Q9eDoF[;P9fDPG[;n8fDRG[;m8eDTG[;j8fDVG[;g8gDZGY;d8hD]GX;a8iD_GY;^8hDcGZ;X8hDiGX;U8iDmGV;R8jDmGg7UMRHj:8PHf7ZMSHb:8RHd7^MUH^:8SHb7bMWHZ:6QHe7fMVHY:3QHg7hMWHU:2RHg7jMYHR:0SHg7lMZHQ:NRHi7nMYHP:MQHj7QNZHm9mMkELV2n9SNZHk9eMTF1l1Q:VNZHi9[M`F7a1T:WN[Hh9RMhF>W1V:[NZHg9hLQGe0l0[:\\NZHf9`LXGi0f0]:]N[He9[L\\Gl0a0^:`N\\He9QL_GU1:`:bN\\He;RMhEd:dN[Hb;QMiEd:fN\\Ha;nLjEf:fN\\H_;nLjEf:hN^H];jLkEi:hN^H\\;hLlEk:hN^H\\;eLlEm:iN_HZ;bLnEP;hN[FYOCR<POmER;iNWFABj;SOkEU;kNSFH@d;UOiEX;lNPFKBa;fNfC1U2g;jNnEMCW>_:mAmEOBS>b:nAkE4_Ol=g:QBiE7]Og=j:SBhE;ZOb=l:UBiE<YO^=n:WBiE>VO[=o:YBjE?UOW=Q;[BjE?TOV=o:^BmE>ROT=m:bBPF>POo<n:fBRF>mNl<P;gBSF?jNi<i9YAkF`1a0b0dNi<l9ZAlF]1d0j?_8l^OkF[1f0h?_8o^OiFZ1h0f?_8R_OhFY1h0e?_8U_OfFW1k0c?_8X_OeFU1l0b?_8\\_ObFS1n0a?`8f_OXFj0X1^?a8l_ORFg0^1\\?a8SB_Gk=b8VB^Gi=c8WB]Gh=c8YB]Gf=c8[B]Ge=b8\\B^Gc=b8^B^Ga=a8aB_G^=a8cB_G]=a8cB_G\\=a8eB^G[=c8eB]GZ=c8gB]GY=b8hB^GX=b8hB^GX=b8hB^GW=b8iB^GX=b8hB^GW=c8iB^GV=a8jB`GV=`8jB`GU=`8kBaGT=`8lB`GS=`8mBaGR=`8mBaGR=i3X_OSOe3UMR=h3[_OQOc3XMQ=g3^_OPO`3[MP=e3c_OnN\\3^MQ=c3e_OnNY3`MQ=LZ_Ol1=h0X3`MP=Jb_Oj17j0X3bMo<Gf_Ok16j0T3eMo<Dl_Oj13l0R3fMn<BQ@k1Om0R3fMn<_OV@k1Lo0o2iMm<ZO_@j1FS1n2iMl<YOd@h1DU1l2jMk<YOh@e1BX1k2jMj<XOm@c1_OZ1k2lMh<UOWA]1WOb1j2lMg<TO^AZ1QOf1k2lMd<TOcAX1mNh1m2lMb<TOeAW1mNi1l2mM`<SOiAU1kNl1l2lM`<ROjAV1iNl1n2mM]<QOmAU1iNl1o2mM[<POnAW1iNk1o2nMY<oNQBX1gNj1P3oMW<nNTBX1fNj1Q3oMU<mNUBZ1fNj1P3oMU<kNVB]1eNi1P3oMT<kNXB]1dNh1Q3PNS<jNXB^1eNh1Q3oMR<jNXB_1eNh1R3oMP<iNYBb1eNf1S3nMo;eN]Bg1aNg1S3lMo;eN^Bh1aNf1T3lMm;eN]Bj1bNf1U3jMm;\\NdBT2ZNf1W3iMh>b0R^Oe1W3hMf>d0R^Oe1X3bLmK9ib0`1S^Od1Y3_LoK<eb0a1S^Od1Z3ZLRLa0`b0a1T^Od1]3SLVLf0Xb0c1V^Oc1^3QLWLh0Ub0d1V^Ob1Z4hLa=f1U^Oa1[4iL`=f1T^O`1_4hL^=h1S^O_1`4hL^=i1R^O^1a4hL]=k1R^O[1d4iLZ=k1S^OZ1g4hLV=o1R^OX1j4hLT=Q2R^OU1m4hLR=S2Q^OT1o4gLP=V2P^OR1S5gLm<W2P^OP1W5fLi<[2P^On0Y5eLh<]2o]Om0`h0SOaWOl0_h0UObWOh0_h0YOaWOe0`h0[OaWOc0ah0`NaVOoNo0`2`h0^NgVOoNj0a2ah0^NhVOPOg0a2bh0]NkVOoNe0a2bh0^NmVOnNb0c2ah0]NRWOmN>e2bh0[NTWOkN>g2`h0\\NfXOc1\\g0XNhXOg1Yg0UNkXOi1Xg0TNjXOk1Yg0QNiXOn1Zg0mMjXOQ2Zg0hMkXOV2Yg0dMkXOZ2ij0N4K5K4M2M5I8E9K5K5J;B<IbhS2"}}]}