{"categories": [{"id": 0, "name": "background", "supercategory": "background"}, {"id": 1, "name": "coral", "supercategory": "coral"}], "images": [{"id": 0, "file_name": "images/0268_C01_05.jpg", "width": 1044, "height": 1044}], "annotations": [{"id": 0, "image_id": 0, "category_id": 1, "bbox": [799.0, 204.0, 234.0, 526.0], "area": 123084.0, "iscrowd": 0, "segmentation": {"size": [1044, 1044], "counts": "WS_i02`P13N3N10O01O100O100O102M100O2N1O0@BiPO`0So0HfPO:Zo0`00001O001N101O1\\MgNjUO[1Uj0fNjUOZ1Vj0gNhUOZ1Xj0gNfUOZ1Zj0hNbUO[1_i0_NWUO7W1\\1^i0dNWUO2R1b1di0bNWUOMP1e1gi0aNWUOLn0g1ii0`NUUOLP1e1ii0bNTUOLP1d1hi0fNRUOLS1_1ji0HPVO<oi0GnUO:mi0LQVO5ni0MPVO4Pj0LnUO6Qj0LmUO4Tj0LjUO6Uj0LiUO5HbMki0\\2[VO2IdMji0\\2[VO1IeMli0Z2[VO2CiMQj0W2ZVOd0ei0^OYVOb0ei0CXVO=Qi0a0fVOBYi0l3110000O]OhVOjIXi0U6jVOkIUi0U6kVOlISi0m6M2O1N2N4M2M2O1OO2O002O000O1OO2O1N100O2M3N3M2N2N2N2N101004L2OO000000O1O001O0000000O10000N2M3N3L3M4N1O2N2G:F;K5J5N2M2O1O1O1O001O0000O10000O100oMiIeYOW6[f0kIcYOV6[f0kIdYOV6\\f0kIcYOV6\\f0kIcYOU6\\f0mIcYOT6\\f0oIaYOQ6]f0SJ`YOo5Yf0XJfYOh5Zf0XJfYOi5`f0QJ_YOo5df0oI[YOR6gf0lIXYOT6if0nITYOS6hf0SJTYOn5jf0UJUYOl5if0WJUYOj5if0XJVYOi5gf0ZJWYOh5ef0[J[YOf5cf0\\J[YOg5af0[J^YOg5_f0[J`YOg5]f0\\JaYOh5Zf0ZJdYOk5Wf0WJiYOj5Uf0XJkYOi5Rf0XJoYOh5me0[JTZOf5je0ZJWZOf5he0[JWZOf5je0ZJTZOg5ke0[JRZOg5X1fHab0c1V\\Oi5T1iHeb0^1V\\Ok5P1jHkb0[1T\\Om5l0lHob0Y1R\\Oo5j0jHUc0Y1n[Oo5j0jHWc0]1f[Oo5n0gH\\c0e9\\\\O^Fdc0e9X\\O^Fgc0c9T\\OaF6SOgb0R<W]ORDgb0o;T]OUDkb0m;Q]OVDob0g<00O0010000000000CfB_]O[=^b0kB]]OW=bb0?BUBP^Om=ma0YBm]Oi=Sb0=O1O2M3L3]Oc0J6N1100N3N5K9H4K2O0O1O101N2O10000O04I3M3M4L7I3L5M1O20O00100O000O101O1N3H<n@_^O9OU2?P7EiF2LO1n`;"}}, {"id": 1, "image_id": 0, "category_id": 1, "bbox": [637.0, 11.0, 278.0, 227.0], "area": 63106.0, "iscrowd": 0, "segmentation": {"size": [1044, 1044], "counts": "XbYd01cP1001N101O00000000000O2O000O2M2cMLYTO6ek0LYTO6fk0LoROK;:el0LkRO0=5hl0LjRO2:4jl0LkRO373ml0KjRO641Rm0JiRO81OWm0IgRO=KL^m0HfRO^1>SNok0`0bSO]1=[Nkk09eSO^1?\\Nkk07`SOa1d0ZNlk0]2RTOfMlk0Z2TTOhMkk0X2RTOkMnj0\\O\\UOj2DnMhj0_ObUOe2CPNfj0_OeUOe2_OoMjj0@^UOQ4`j0S1O2N1O0]UOYJYj0g5fUO\\JXj0d5fUO_JYj0a5dUOcJ[j0k50000O10000000001O001O4L6J001O001O2N1O1O1O1O001O00001O0000001O0000O100O1O1O1N2N2N2N2O1N2M3L4N2O100000000000000001O0000001iUOoIii0S6RVORJli0\\6O1O1O00001O00000000001O001O1O2N2N1O00O100O100O1O1O1O1O1000000O100O10000O100000000O1O100O1O100O1O10000001O1O2N1O001O001OO1O1O1M3L4N2N2AjUO_JWj0^5nUO`JRj0`5oUO^JRj0a5QVO\\JPj0d5RVOYJoi0f5`00001O0O100000000XO`UOZKbj0d4h0N2O100O100001O000000O10000O100O10000O1O100O100O1O100O1000000O100000000O100000000O1O100O1O1O1000001O0000O1000_OiSOeLWl0Y3lSOgLSl0X3nSOhLRl0W3PTOiLok0e0oSONJ88UOok0b0TTOK06O]Olk0a0WTOI44JBkk0`0YTOF93DHik0>[TOE<2BJhk0=\\TOE;4AIik0=\\TOD<5@Jik0;\\TOE=4@Jik0;\\TOE<5@Kik09]TOF97BIjk06]TOI87CHkk06ZTOK77EHjk05\\TOK48GHjk03\\TOL2:JEik04]TOLO<el0F^SOMM<fl0F`SOKJ`0fl0DaTO<_k0DaTO=_k0AcTO>^k0AbTO`0im0O2O0O2O1N2N2N101N1N3N^]S4"}}, {"id": 2, "image_id": 0, "category_id": 1, "bbox": [25.0, 13.0, 819.0, 1015.0], "area": 831285.0, "iscrowd": 0, "segmentation": {"size": [1044, 1044], "counts": "RUj09[P16I2O3M4L3M00O1O2N1EVPOLjo04UPOM;IQo0f0kPO_OSo0a0lPOIkn07UQOJJAkn0g0XQOILAln0d10YOTQOI1[O_n0l0cQOOd0TOZO4Wm0k0iRONc0@cl0f1ZSOeN]l0[1bSOhN]l0SOSSOR2?lNcl0ASSOh0:Ijl0VOmROQ19Ki1nNdh06ZUOQ18Ng1SO`h0O`UOP170h1SO_h0O`UOR15Nj1SO`h0a1bUO_Ok1TOTNATj0d3`WOPM[N]Ooi0j3cWOjL^N[Ooi0n3`WOgLgh0[3UWOgLkh0^3kVOfLVi0\\3`VOjKWOm0Zj0Y3]VOmLei0Q3ZVOPMGiNbi01SVOP4b0WMHiNhi0T4lUOnK7Y1]j0\\4600DWUOlJkj0R5WUOmJij0_501O0mI\\JWAd5RJZJ6OQd0b0[AY5i>\\Kg@d4U?eKe@[4Y?RL]@n3a?TL^@l3a?VL_@i3`?XLh]OfN4R5Rb0[LZ\\OPNc0Q1n0d4Tb0^LV\\OPN7MD[1k1Y4Tb0mLY\\OUOJWNd1b5^b0RMT\\OUOKYNa1^5ab0UMS\\OROM[N^1g0dNd3nc0YNQ\\ORON\\N^1d0fNe3lc0[NP\\OROO[N]1e0dNg3oc0:o[OZK\\1`5^>[JVDm4nKZK\\1_5Y>ZJ\\@33L1O]3[5hM`0Q>WJh@i0]3b4eMb0k=_K^DP4cMf0l=cKXDj3RM_J>[2]O\\1j>RNWDi3SM`J=Y2A[1h>TNVDh3TMaJ;Y2DW1h>XNUDg3SMcJ9Y2GT1h>\\NRDe3VMhJ0V20Q1j>aNiCT4YM4Q?gKdCb:_<^E`C`:b<aE\\C^:f<eCh@f1`2d:i<fEUC[:k<fETCY:m<gERCZ:n<gEh@iMj10XN`<W?QFlAh:T>bE^Aa:g>^ERAf:o>ZEn@h:o>]Em@d:S?^310Ko^Og@Pa0X?5ROm^OPBNI[a0U=P_OYCja0f<Y^OoBQb0Q=o]OQCna0P=Q^ORCna0n<Q^OTCna0l<T^OjBCOZb0W=l00O0R^OPCY`0Q=h_OnBlNGTa0V=\\@lB_NOTa0T=a@kBZN2Va0n<i@TC^4LU4j<dGXCo>c<c2J7H[_OQDlMMg=o;aDTDgMOg=h;lDSD^M4g=e;]FYDf9d;\\F[De9c;]F\\De9a;k5J>Cb0^O4M4L6I5K4K5K4M3M4K4J5K5N3M2N2N2O1N2O001`NSXOYJmg0d5XXOYJig0e5]XOUJeg0i5_XOTJag0k5bXOSJ_g0l5iXOlIXg0R6lXOkIUg0R6SYOhInf0T6XYOiIhf0V6[YOfIhf0X6k1N1O2O1N101N2O1N2N2O00100O1O1O1N2N2N101O1O001O0O3M2O2O0O1O1O10000O10000\\MkTOIUk06PUOFPk0:WUO_Oij05lTOlMa0j1cj0HlTObNQ1d1Tj0EbVO7_i0XORWOh0oh0ROWWOm0kh0dNaTOOg2[1Vi0bNlVO^1Ul000O1000001N1000000000000000000000000001O002N1O001O000000O1O00100000O10000000O100000O1bQO^NYm02bROa13^N[m01bROb12]Nmm0d1a03M1OO1N2O1O1000O100D\\NgQOe1Yn0[NgQOf1cn01OAXQOROhn0m0[QOROfm0FbRO6HR13QObm0K\\RO7Lm09QO[m0b0ZRO>;POXm0P2iROoMQ1Hej0[2\\TOlMRm0i0`RO9>nNQm0i0cRO8=oNnl0NcROe02>=POll0V2TSOjMll0V2USOjMi0Hej0_2bTOjMBHQ1Okj0^2cTOPNb0Bkj0^2cTOoMcl0Q2]SOoMcl0Q2^SOmMk0FXj0]2mTOmMj0HXj0[2nTOlMd0FmN6_k0Y2PUOjMd0:Uj0k1XUOjM4HGj0fj0d1_UOjM3JG9C3Sk0P2`UOjM3JG7F2Sk0R2]UOjM4KF6G2Sk0S2\\UOjM4KF4J1Rk0<hTOT1b0aN4HG4LNSk0[2VUOkMe0Hfj0]2fTOoM^l0l0oROKc0ZO]l0j0RSOKa0[O]l0j0RSOK`0\\O_l0g0RSON>[O`l0f0RSO0>ZO?Cnj0R1UTO1>ZO?Bnj0S1UTO2>XO`l0g0PSO2a0mN^O2Qm0R1nRO0c0jN;0\\k0W1fSOOc0jN;0[k0X1gSONc0jN;0\\k0W1fSOOd1jNfj0V1fSO1d1iNgj0U1eSO2d1hNjj0^2VUObMkj0]2[TOfM^l0X2aSOkMWOLSm0X2fSOQNYl0o1iSOhMWO1Pm0W2oSOjM]OLRl0[2aTOjM[OMRl0Z2dTOhMZOOQl0Y2gTOdMYO4Rl0V2SUOkMPk0R2hTOWNXk0<aSO=W1VOYk0<bSO=\\1oNSk0c0bSO>]1lNRk0f0aSO>Vn0BjQO>Un0CkQO=Tn0DlQO<^1jNoj0k0cSO;]1lNnj0k0eSO8]1mNnj0l0eSO6^1mNmj0n0dSO5_1mNnj02^SOg04:Un0nNiQOh00;Xn0kNiQOS2Wn050000001O1O1O1O1OO100N2N2O1O1O1O100O100O1O1O100O100O10000O1000000O1O1O1O1O1O1O1N2O1O1O1N200O10000O1O1O1O100O1O1O1N2N2N2N2N2O1J6K5001O:F4L0000O101O000001O00O10000G^L_SOc3]l0;O2]OTL]TOm3ak0WL]TOi3dk0UL^TOj3bk0VL^TOj3bk0UL`TOj3ak0UL`TOj3ak0TL`TOl3Tl000YL_SO[3al0dLaSO[3^l0fLbSOZ3Zk0`LRUO1K5JY3Xk0cLPUO2M2KY3Xk0cLPUO2L3LX3Yk0aLQUO2L4IZ3^l0eLcSOZ3Vj0aLiWO4QN\\3Uj0dLhWONQNa3Wj0`LiWOOoMb3bl0^L^SOb3bl0^L_SOMN`3cl0cLcSO]3]l0cLcSO]3]l0dLbSO\\3^l0eLaSO[3_l0eLaSO\\3Yj0_LdWO5SN\\3Xj0`LeWO4SN\\3Xj0aL`VON44TO^3Wj0aL`VON52UO_3Wj0`LeWOOVN`3hl001iLnROk2lk0kLWUO6B^2\\l0aMfSO^2Zl0bMfSO^2Zl0bMfSO_2Yl0aMfSO`2Zl0`MfSO`2[l0_MeSOb2[l0]MZSO1Ic2ml0\\MZSO4F`2Pm0]MXSOo2fl0TMVSOn2hl0UMUSOn2hl0`00000PNYLTWOf3jh0^LUWOa3jh0`LVWOa3jh0^LVWOb3jh0]LUWOe3lh0ZLSWOg3mh0YLSWOh3lh0XLSWOl3kh0SLUWOQ4gh0nKRWOOaNW4MlKXj0NZWOc4eh0]K[WOd4I[K]g02iXO4^NZ47eKc0Log01jXO3^N[44gKd0Kog00dWONg0f4WO^Ka0Mng00dWO0100^4GaKY11kg01PWOk4d1SK\\g07hVOh4Wk0;0000VVOfJZh0Z5fWOgJYh0X5d1M6K4aK\\TOf3hk0SL_TOi3bk0SLbTO1H]3fk0aLdTO1F^3^k0]LbTO4:0H^3Zk0`LdTO2;OG_3Xk0cLdTO0=NF`3Xk0PMQUO_OEb3^1[LYh0f0cVO]ODc3`1[Lcg01WWOMGR11ROMd3a1ZLbg03VWOMHQ11QONd3ij0[LaUO0FP12QOOc3ij0[L`UOV1GlN1c3ij0ZL`UO]1GY2hj0[LcUOZ1EZ2_j0[LcUO4:c0EFOX3_j0]L_UO4>;NJEZ3_j0gLoUOO3O_O[3_j0hLmUON7N]O\\3_j0jLjUOL;N\\O\\3_j0QMbUOFd0f3ii0TMXVOl2gi0SM\\VOk2di0TMaVOoNTOa3Uj0cMTWO[2dh0aLQVOU1l1j1Rh0RMRVOT1n1h1Ph0TMRVOT1m1i1Rh0QMRVOV1\\1gNoNT3ci0mLSVOX1Z1iNnNS3ki0SNXWOlNkNQ3mi0RNYWOROeNl2Rj0QNZWOTOcNk2Sj0oM\\WOWOaNi2Sj0aMkUOEc11_Ni2Tj0]MoUOF^15^Ni2Uj0[MQVOE]18[Ni2Xj0XMRVOC]1e3Xh0]LUVO;o1Z3kg0oLVXOP3ig0PMXXOP3hg0nL[XOQ3eg0lLmWOAcNb3`i0lLhWOHhN]3_i0hLlWOLdN\\3`i0gLlWONdN[3`i0fLlWO0dNY3ai0gLjWO1fNW3ai0gLiWO2gNMCl2mi0UMiWO2gNLEl2ki0VMhWO3iNIFm2ii0WMhWO3iNIEo2ii0UMiWO3hNKDn2ki0TMiWO4gNU3_i0hLiWO4gNU3^h0[LVXO=d03hNT3_h0]LTXO>d0OjNU3e1_Lcd01YZO>`1R3CcLad0MWZOMZOb0n1BUN_3k1cLad0MVZOOZO`0n1DUN]3l1bLbd0NVZONYOa0n1DTN^3l1bLcd0MVZOMZOa0n1ERN`3l1_Lfd0MYZO?R1GRN^3m1_Lfd0MYZO?S1ERN`3l1]Lhd0NYZO>R1GRN_3m1[Lgd01XZO<U1GPNa3fh0\\LVXO7Z1JkMb3eh0]LVXO6[1KjMc3dh0]LUXO7[1JkMc3dh0]LUXO7[1KkMa3_1]L^e00kYO>W1EPNa3^1]Lae0OiYO:\\1KjM_3a1]L`e0OgYO:_1f3YOQLbe0NfYO9b1g3VOSLce0LdYO9e1h3TOSLce0LcYO9f1j3RORLde0LdYO7e1m3ROQLee0KdYO7Z1Y4[OfKge0JdYO6Z1[4ZOfKhe0IcYO6[1\\4WOhKke0EdYO6[1]4TOiKgf0KVZO[4ROjKhf0LVZO[4POiKkf0LUZO\\4mNkKlf0JVZO]4jNmKnf0HVZO]4dNTLVf0UO[YON><l0FcN03i4=WLUf0PO^YON>=j0NeN`4`0[Lof0XOlYOk4VORLif0SOPZOk4WOdLXf0aNaZOk4WOnLne0WNkZOk4WOPMle0UNlZOl4YOnLke0WNkZOk4ZOoLje0VNkZOl4\\OnLhe0VNlZOl4[OjJ\\Oo1\\f0[NmZOl4ZOkJ]Oo1Ve0mMk[O=9j4XOoJ^Om1Ve0mMj[O>:i4WOoJ@n1Se0nMk[O<;i4XOnJ_OP2Re0mMl[O<;i4YOmJ^OQ2Re0mMl[O<6BkNY5d0iJ]OT2Qe0lMl[O=NAWO_5<_JD4NT2Qe0lMl[O=MCWO]5<UMcd0^Mm[O=LDWO^5;PL1^NG>ld0En[O=LDWO`58mK>nNVd0EQ\\O;MFUO`58kK`0TOPd0@W\\O9Mc5XOaKe0_NYO?dd0FY\\O8Mc5XOaKe0^NZOa0cd0EX\\O7Ne5XO`Kj0POhc0CX\\O7Ng5XO_Kj0POhc0BY\\O6Oj5UO^Kk0QOhc0_OZ\\O61k5RO^Kl0ROld0BZ[Om5mN^Kl0TOod0^O[[Oo5jN^Kk0WO]f0[5gXO\\Kn0YOZf0\\5hXOZKo0[OXf0j6hYOXIUf0h6mYOYInb0[OS\\OKd2_7_NZIgb0^OV\\OIU17MR79fIXb0XOf]O4eNIc0X7o0cISb0VO[]OMWOc05j6X1`IRb0SOZ]O3SO^8c1]HTc0k7o\\OUHQc0j7P]OVHPc0j7P]OVHPc0i7Q]OWHPc0ROV[O_8k1`HYc0Z7h\\OfHZc0W7g\\OiHZc0IhZO`6o1gIXc0IiZO_6o1iIXc0S7i\\OnHVc0R7j\\OoGoMj0Ve0W7k\\OnGPNk0Ue0W7k\\OnGPNk0Ue0V7m\\OmGoMn0Te0T7R]OlH]`0XOa]O0d1j7?nHm?UOR^Oj0\\1R7e0oHl?XOP^Oh0b1m6>THnMo0Rb0WOQ^Od0MVOf1j7;XHoMl0Rb0XOQ^Oc0i1P76YHnMl0Rb0XOQ^O5J0Q2^73YHnMn0Rb0UOT^O4JJ00Q2e71YHnMP1Qb0TOV^O2KJ01Q2f7MYHPNQ1Pb0ROX^O3JJ011Nj1i72WHPNT1Pb0POZ^O21Jl1i7GXHSNS1na0POZ^O2_2b7UOYHTNS1ma0QO[^O1_2c7TOXHVNR1la0SOZ^O0a2c7ROXHWNR1la0SOZ^OOc2f7mNUHZNU1ka0oN`Ai7VMVH>T1l`0jNdAk7iLiHFB<R1mb0gNm^Ol7lM_I40Qc0gNP_Oi7hMeI3MTc0dNR_OP;Yc01N2O0O2N3J:H`DR[O^;ld0bDT[O_;Va0aD[Be;c=\\D^Bc;U4\\D_13\\Ja;R4^Db11\\Jb;^=^DaBf;\\=[DV_ONS3k;c=bD[Be;_=PDjBW<Q=dCQCb<l<]CSCf<m=[Co^O1b1f<k?]CQ@e<P`0]Cj_Oe<W`0aC`_Ok;iNZDha0NY_Oi;TOUDca06S_Og;YOTDda07o^Og;]ORD`?A[Bg0cNj;BnC^?D]Be0oM\\O10O`<6kCa0EYOO`>0aCNUNd=NkB<1e`0Gm^On<0ZC>1Ta0d<]^O[C>2N^Oi`08j^O`<1gC?2LMi`0Y<m^OhC>2MDGOn`0b<R_OhC<3MBRa0a<g^OjC:3N_OSa0b<h^OkC74N^OUa0a<h^OeCIJ>`0ca0n;Y_OQD2AT?Y<PASDLHR?R<UAUDIKQ?o;VAVDILQ?m;UAXDJLP?l;VAXDINP?j;VAYDKKeNNn?T<\\ASD2FT?X<g@SDQa0m;m^OSDUa0l;j^OTDXa0j;g^OXDXa0h;g^OYDZa0f;f^ORDjNLab0Q<e^OSDjNLab0Q<e^OSDjNLbb0o;f^O\\D[a0c;g^O[DYa0e;g^OXDeNGdb0P<f^O]Di:A]JQ<fJcDl:^O^Jm;fJfDk:_O^Jk;gJfDh:BaJh;hJdDg:EaJh;hJ\\Dn:KZJj;jJUDga0l;X]OUDIKj<2mIo;_I[Db<GoIn;_I[Db<GoIo;^I[D4En;1aJn;\\I^D2EP<0cJk;]I`DNFo;1hJg;\\IcDJG`1Gn88]Lf;\\IPEY1SOl84dLh;WIQEY1SOk85fLe;WISEW1UOk83hLd;VIYDGe0`1\\Oi83jLb;WIZDFf0_1\\Oh83lL`;XI[DEf0^1^Oh85jL\\;YIXEU1WOg86kL];VIWEY1SOh88jLb;PITEj;[OWKg<c4XC[DHR7P=nJmBU7f0mF\\OP7Q=mJnBS7g0RGYOn6R=mJoBm6j0YGUOm6R=lJQCj6j0^GSOl6R=mJoBg6o0gNR<X3TDPKhNQLS=l8WDQKkN^KK_OS=n9[DSKiN]KN@n<o9[DTKkN[KNAl<o9]DTKiNoJII65S<BZD\\:l0UKhNnJKJ45Q<D[DZ:m0UKhNnJLAN35;Q<C\\DZ:n0VKdNoJLJ54i<l9cDaLaNdIl<k9hDRMX;m2kDQMT;o2mDTHUN1OE1nMn<X:mDTHUNO1FS=V8hDVHRNN4FR=POjBR8o1fKWNWMP=QOkBQ8n1gKWNWMP=QOjBQ8o1gKXNWMo<V8iDbJYNXMn<V8iDbJYNXMn<U8jDYHSNE6Mm<[NQCU9i1mHWNB31l<XN[CP9`1TIXNA23l<TNbC1ZOc8n1dIYNYOG\\N<o1k<RNcC0ZOe8m1eIYNWO7>f<PNcCQ9X1XIYN^O19j<QNcCP9^1iGjM9=i0H4P=QNbCP9T2PG_MOFg0?a3d<iKdCo8R3`GjLj3[<fKjCo8R3_GnLj3T=d4oEYGVLKk0V4Q=e4oEYGZMo3h<f4oE[G[Mm3g<e4RFZG[Me0cN`2Q>_5fGPHYJ`2R>^5hGPHWJa2R>U5RHXHmIc2Q>h0SB3T6`LiId2Q>h0VB0Q6cLiId2Q>g0XBOQ6cLhIf2P>e0[B0o5bLhIi2o=b0]B0S6`LaIm2P>a0aBNP6iLYIg2W>`0dB_NTO[Oi6T2_71gBXN[O^O`6X2_71hBVN\\O^O_6Z2^71jBTN[O]O`6]2\\72lB]MjN]Og0d0Y6_2[72XCfLMf0b5a2Z73PEWMi3f2V74RERMk3i2o6:ZEgLi3n2l6=]EaLi3Q3k6>RMAn2?SM@n2?SM@n2?TM^Om2c0RM^Om2b0TM^Oi2c0XM]Og2d0nLEmDgLQ>d3nLIREbLP>d3kLOZ30hLNY31iLNX31lL`LkDW3Y>7UMGk22^MKc22aMKa24`MJb25`MI`28`MCe2<\\M_Oi2a0XM[Ol2c0XMoMkCNY?P2PMoMjCZO3NZ?f2lLPNQ4m1RLRNn3n1RLPNP4Q2oKbMbCLb`0b2mK`McCKb`0e2kK_MfCHa`0i2jK]M_4c2bK[M_4e2i<N101N2HUROeMlm0Z2TROfMmm0X2:N2Ng0XO2N1M4N1@gPO\\O01Zo0b0PQO[OQo0<gPOEho08<N2L5M[d[6"}}, {"id": 3, "image_id": 0, "category_id": 1, "bbox": [706.0, 915.0, 94.0, 70.0], "area": 6580.0, "iscrowd": 0, "segmentation": {"size": [1044, 1044], "counts": "of`f02_P15M4K6J6D:H7M4L3N3M2N1O101N100O100O2O0O2O001N101O0O10001O00010O01O001O10O01O1O010O0000000010O000O11O000000001N101O0O2N3N1N100O2O000O101N101N1O2M2O2M2O2M2M3O1O1O2N1O1O1N2O1O1O1O2N1N2N2O2MXkg7"}}, {"id": 4, "image_id": 0, "category_id": 1, "bbox": [945.0, 784.0, 89.0, 249.0], "area": 22161.0, "iscrowd": 0, "segmentation": {"size": [1044, 1044], "counts": "mZTn03_P13M3M3^POFhn01bPO5f0Jnn05oPOMRo06fPON[o03]PO2do0N\\PO1eo0O\\POOdo02cPOG\\1NYl09]ROGZ16en09F3L3J6O0O2O1O001O000O100O1fNSOmROm0Pm0XOmROh0Rm0\\OkROe0Rm0AiROa0Tm0N^RO4_m05YROMdm0c1M4GSMeROQ3Ym06N3O4L;D4M10O10O01O01O01O00O100O1000O01K40_MeSOj0]l0SOfSOk0^l0RObSOo0_l0nNbSOR1_l0mN`SOT1jl0bNUSO_1ll0`NSSOa1nl0^NQSOc1ol0^NPSOb1Pm0^NoROc1Qm0ZNoROh1ck0_MnTO13g0_Oh1_k0bMmTO2Kl0Ha1Qk0`MRUO78R4ej0[LXUOf3hj0\\LTUOf3lj0^LnTOd3Rk0o001N1000000000O01O000RN_J\\WOOn0c5fg0gJRWOIW1`5fi0N6PL^UOeN^Of02WON\\1Ql0aNdUO?YOKSO2TW:"}}]}