{"categories": [{"id": 0, "name": "background", "supercategory": "background"}, {"id": 1, "name": "coral", "supercategory": "coral"}], "images": [{"id": 0, "file_name": "images/0307_BW02_13.jpg", "width": 1044, "height": 1044}], "annotations": [{"id": 0, "image_id": 0, "category_id": 1, "bbox": [25.0, 51.0, 976.0, 980.0], "area": 956480.0, "iscrowd": 0, "segmentation": {"size": [1044, 1044], "counts": "Roi0?SP15L2N1mQO\\OUl0f0hSO]OUl0e0fSOBWl0`0hSO@Vl0d0hSO]OVl0e0hSO]OWl0d0hSO\\OWl0f0hSO[OWl0f0hSOZOXl0f0hSOZOXl0g0gSOZOXl0f0hSO[OWl0f0hSOZOXl0h0fSOYOXl0i0gSOWOYl0j0fSOVOYl0l0fSOTOYl0m0gSOTOWl0n0hSOROWl0P1hSOPOVl0R1iSOPOmk0Z1RTOfNhk0b1VTO_Ngk0d1XTO\\Nfk0g1YTOYNfk0i1XTOXNfk0l1XTOTNgk0m1YTOSNfk0P2WTOQNhk0S2TTOoMjk0T2STOmMmk0U2PTOlMPl0V2jSOnMUl0Y3000000001O001O001O2N3N0O1O100O1O0000TVOULPg0j3nXOZLQg0f3lXO]LVg0`3iXOcLXg0FXVO]3_2oLbg0o2\\XOSMeg0k2ZXOVMhg0h2RXO_Mng0`2mWOfMQh0[2nWOgMPh0Z2oWOgMPh0[2nWOgMPh0Z2PXOgMng0Z2RXOgMmg0Z2RXOfMng0Z2SXOfMkg0[2UXOeMkg0\\2UXOdMjg0\\2WXOcMig0^2WXObMgg0_2ZXOaMfg0^2ZXObMgg0^2YXObMgg0]2ZXObMfg0^2ZXObMhg0]2XXOcMkg0Z2VXOeMmg0X2SXOhMPh0V2nWOkMQh0V2oWOjMog0X2PXOhMog0Z2QXOfMmg0]2QXOcMmg0`2SXO`Mig0e2UXO[Mjg0h2UXOXMhg0k2WXOVMhg0l2WXOSMhg0o2WXOQMig0P3WXOPMhg0R3VXOnLig0U3VXOkLig0V3VXOkLig0X3UXOhLkg0Z3RXOhL6nNje0[4oYOiL0UOme0S4SZOhLNXOme0Q4TZOiLVOlN^Ok0Tg0b3VZOkLPO3hf0S3WZOjNhe0W1WZOjNhe0X1UZOjNje0Z1RZOgNne0Z1oYOiNoe0X1PZOiNPf0W1mYOmNRf0T1jYOPOUf0S1dYOSO[f0o0]YOYOaf0_501O2N01M5LO0100N2O2O1O10N1N101O1ZLYF[@j9\\?`Fa@d9Y?`Fd@c9X?_Fg@b9V?aFi@a9T?aFk@c9V>TFm^O;e0[OS1V:Y?ZFh^O:h0YOV1S:W?bG^_O^N\\1P:S?eG^_O_N_1n9m>fGb_O]Nf1FRNd9d`0ZHa_O^NZ2W9T>^H^_O^N^2T9R>_InAc6P>]IPBd6n=^IPBd6o=^IoAe6m=]IRBf6j=[IUBh6h=ZIVBh6h=YIWBk6e=WIXBQ7`=RI^BR7o<[Eo@g3P2U7h<_ISCb6k<aIUAaKg1P;Q=nIgBU6W=mIgBT6X=RJaBP6]=TJ_Bn5`=WJZBl5d=WJWBn5f=[J`AZ6\\>Q6N2O2M1O2N2O1O1O2N1N3N0O4L5K2M3L5K7WNf\\OlE_c0Q:c\\OlE`c0Q:e\\OiE_c0S:f\\OhEac0R:d\\OiE^c0U:f\\OgE]c0W:k\\O_E[c0]:c1J4M2N4L5K2N1O2O1N2N010O0110N3N2M2N4L4L2N2N5K3M2N2N1O1O1O00001O000000N2O1L4M3N2M3O00100O101N10O1000001O1nDnEAR:<WF]Oj9?^F\\Of9UFiE]9i09]:^OjE?Y:]OjEb0W:\\OkEc0U:]OkEc0U:\\OlEd0T:[OmEe0S:YOoEg0R:UOPFl0P:SOQFm0o9ROQFo0o9QOQFo0P:oNPFS1o9lNRFT1n9kNRFV1o9gNRFZ1P:cNQF\\1P:bNRF^1o9`NRF`1n9]NVFb1j9]NYFa1h9]NZFb1f9^N[Fa1e9^N]Fa1c9_N`F^1a9`NSGm0n8POVGn0k8POWGo0j8oNVGR1\\9\\NdFd1^9YNcFg1^9WNbFj1`9SNaFm1d9mM\\FT2j9eMVF\\2m9]MdDeI\\Oo8T<WM^DnI\\Ol8[<PMYDVJ[Oj8a<jLTD^JYOj8e<eLQDdJXOg8j<aLnCkJVOd8n<]LmCRKROb8R=YLmCZKmN]8W=WLmC^KjN[8Z=ULlCbKhNZ8]=SLjCeKfNZ8a=PLhCiKdNX8e=mKgCk5]<PJbCR6d<fI]C[6l<XIWCi6S=kHnBV7W=cHjB_7W=^HjBb7X=[HiBe7X=YHiBg7X=WHiBi7X=UHiBk7Y=mGnBR8S=lGoBS8Q=lGPCT8Q=kGPCT8P=kGSCS8m<mGVCo7k<oGYCo7f<QH]Cm7b<QHcCn7Z<QHZAZM_1c:U=nGbAaMZ1_:S=oGdAeMX1[:S=oGgAiMS1X:U=nGiAlMR1U:T=oGiAoMR1R:U=nGeAWN<XOYOc:f>lGbAdN7Z:X>fFkASOJX:\\>aFlAYOFW:_>^FkA^OCU:c>\\FhAD@R:h>[FfAG^On9n>^F]Ao;j>QDk@S<S`0h15K1O1OO100001O3M3M1O1O001O001O001O00001O0000001O1OmHi@lLT?Q3PAoLo>o2TASMi>l2YAUMe>i2`AUM_>j2eATMZ>k2hAUMW>j2lAVMR>i2SBiGPOh3l>_4VBfGPOk3i>^4XBgGPOU2HVNo>n7ZBfGoNV2HZNk>j7_BdGoNW2HbNc>c7gBcGnNX2IhN[>\\7QC`GQOV2GoLJl1V>`7YC\\GSOU2NPOe=_7^CWGSOW2JTOc=_7eCmFTO]2EYO`=^7hC_FXN2o0g2@\\O`=]7UEWI[M]O_=]7VETI\\MB[=[7XESI]MFi;RN_DV9[2QI_MJ^;\\N_Dk8d2nHbMKS;kN\\D^8o2kHcMMm:P9aGQGcM1g:Q9gGmFbM2e:R9jGkFbM4^:T9RHgFaM5[:T9VHfF`M6Y:f8hHRGoL8W:g8mHnFjL>W:d8RIlFgLa0U:d8WIhFeLc0T:d8ZIgFbLf0R:e8]IdFaLg0o9h8aI`F`Lh0m9i8dI^F`Lj0j9i8gI\\F_Lk0i9i8kIZF]Ln0d9j8PJWF]LP1^9l8WJQF\\LV1X9l8_JZD[KW1n0e1U9m8aJUD^KX1k0h1T9n8kJXEQLl1R9P9lJnCXKj0i0Z2Q9[9nJYDQL]2o8f9fJkC[L`2n8l9bJbCaLa2m8U:_JSCgLh2j8[:\\JhBlLm2g8a:YJ`BQMP3d8e:gK[ES4m:kKSET4Q;iKoDV4U;gKkDW4X;gKhDY4Z;fKlC^KbMo8d>bKfCW5[<hJeCW5_<gJaCX5`<gJaCX5a<gJ_CX5^7mETKj4_MW5^7SFPKf4bMV5^7\\FiJ^4iMU5]7aFhJZ4kMT5]7dFgJX4lMS5]7gFeJV4PNQ5\\7kFbJS4TNo4\\7PG]JR4YNl4\\7QGZJS4[Nj4\\7TGXJR4^Ng4\\7YGTJo3bNe4[7_GPJm3eNc4\\7aGoIi3fNd4_7aGmIi3eNd4_7dGlIg3fNd4_7eGkIf3fNd4a7fGhIf3gNc4c7kGaIb3lNb4e7ZHQIS3ZOc4e7\\HoHR3ZOb4i7\\HkHS3\\O`4j7]HiHU3[O^4n7^HeHT3]O]4P8`H_HV3_O[4R8aH\\HU3@[4V8`HYHW3\\O[4\\8_HVHX3XO\\4d8^HoGY3[OZ4f7mFgFb1V2X3ZO[4g7mFiF`1V2X3ZOZ4h7PGfF_1V2Y3ZOX4i7SGfF]1V2Y3YOW4k7UGeF\\1W2X3WOW4n7WGaF\\1Z2V3UOW4P8YG_F\\1_2R3nNZ4l6WGiG8IY1b2n2mN[4m6aG`G3OV1n1gMfNT5n0[4o6ZK[IYKhNQ5m0\\4h6aFiGl4d1[KROh4h0`4d6jKaIoJUOe4e0b4d6mK_IoJXOb4b0c4g6mK^IRKXO]4`0e4j6oK\\IRKZO[49f4R7QLVIQK_OW46h4U7SLSIoJkNYOa0m4;h4W7TLQIoJjNYOc0m48h4[7SLPITK]OQ47h4]7ULlHSK@P46h4_7WLiHRKAo36i4a7WLdHTKCn36g4f7WL]Hj0LP3g7_LnGl05e2o7P4oGQLS8m3lGSLW8l3hGTLY8k3fGUL[8k3dGUL^8k3^GXLc8l=000O100O01N1O2J5K6M30O010O100O1O1O101O001N3N1O1O0O2O00O001N10100O1O1N20VIaG^E_8a:dG]@1V3[8\\<gG[@OX3Z8^<hGX@OZ3X8b<fGT@2Y3X8[>fGfAZ8Zc0O1O10O01O11O1N2O0O2SJaGbCa8]<`GbC`8^<`GaCc8]<]GcCT9fa03L3N1N2c\\OcF`?_9W@aFeL2Rc0`9W@iFg?X9W@iFi?X9V@gF`>C__Oi9o1aFo?b9o_OVFoLNaa00j_Oo9d0PFlN2c`0:l_Og9a0oEoNOb`0=n_Oj9nb0QFi[OGY1[:m3hER90fA<b1o9T3bEbK9j=b0_Cf9R3aE^K=[=AfB210Mi0b1e9Z3nE]9O^CT:U3kEg;U:YDcESKOf`0^:PC_E^M4g?_:iB^EaM1a3N]7c:aG_E`MOH0k2O[8e:aG]E`N2b1M\\8e:aG]E_N3S1KXM0d;g:aGZE[N0UN5Q3Ko3c0fMS:iN[E[N1TN4S3In3k0aMn9nNYE\\N;V1Dn3n0^Mk9ROXE[N<k0E`MNi6Q1]Mh9TOXE[N<j0FaMMh6T1[Mg9WOTE]N=h0GbMKf6Y1[Md9XOTE]N=h0G`4V1QMc9Z1`ETMG`4Y1QM`9[1`ETMG^4\\1RM]9[1`EUMF_4_1oL\\9]1VEaJ2d2L^4c1oLX9Q1RETK1M4N1c2L^4e1oLW9Y1SEiJ4N1c2L]4g1nLU9\\1SEhJ4N1c2L\\4h1oLT9\\1SEhJ3O2b2M[4h1nLS9_1TEfJ22Mc22W4i1oLQ9`1UEiM1g3j1PMZ8[LSFV5HhM2a3P2UMQ8P2mEXJ0R32\\3U2ZMj7k1nE]J100Q33Z3W2\\Mg7m1nE\\J100R31Z3Y2[Mf7n1nE]J0Y33P3Z2\\Me7h5oEmL\\2[Md7j5oEjL^2\\Mc7n1RFnMMh2^2\\Mb7`1PFjJ1O6_3Jk2_2\\M`7X1QFRK3M024_3Ij2a2^M]7Y1RFQK:OM_3Ih2c2`MZ7Z1SFPK;NJb3Ke2d2`MZ7[1RFPK:OIc3Lc2f2`MX7\\1SFoJ:U:\\2_IW7f1[Fj4_2aIV7e1XFi4f2bIR7kMSFT20O0h2l2[MR7fMVFn1La01^LO]5OWJn2j3Q7_M^FR2Dc01]L0[5Q3TNn6VMjFW6WOUIOY5R3VNn6lLYGZ6hNQOT3iMk6kL\\GZ6dNPOV3lMk6gL^G_<g1jFW7VL[Gl<_1nFQ:U8nElGS:R8nEnGS:RLgB6O\\;W3]HX:ULaB^;W3\\H[:RL`Bb;U3\\H`:c7aE]H_:c7`E^Hb:_7_EaHf:X7]EgHe:U7]EkHd:fLnAf9`3eIg:_LjAh1Ok5`3PHbLi3U>dLjAa1OUN2k7^3THaLg3W>dNQBa5V3RLk:[NPB`5V3VLl:XNnA`5W3YLl:WNcAkM1d7_3]Lm:V6VDkEfM\\4S>h5PDRKQ<m4mCVKR<i4nCXKS<f4\\CiEfNb5o=d4WCoEhN^5R>a4SCWFfN[5W>]4QC[LP=c3oB_LQ=UMaAc2^19Q=TMaAYMOZ4^1Z1R=SM`Ac2_19S=]3lBdLT=\\3kBdLV=\\3jBdLV=[3lBdLT=[3nBcLS=Z3PCfLo<Z3SCeLm<Z3TCfLl<Z3TCfLk<[3UCdLl<\\3TCdLk<]3UCcLj<]3WCcLh<^3XCbLf<`3ZC_LZ:kIPFh9F]LZ:mInEe9I]LZ:nIlEf9J\\LX:QJlEd9L[LX:SJiEc9OYLX:[JaE_95WLZ:^J\\E]9fNkE[1\\6b:dJSEf90iKm:fJ^DmNBP;Q1^KP9bIiGT1[NkNMX;n0WKP9eIiGi<UOcIP9hIiGe<WObIo8mIhGb<TOeIR9nIgG`<QOdIV9PJhGhc0T8^\\OiGcc0T8c\\OiG]c0W8d\\OgG\\c0X8h\\OfGXc0Y8j\\OfGVc0Y8m\\OdGSc0[8S]O`Gmb0`8W]O[Gjb0f8_]OlFfb0S9]2100O100O1O1O1O100O1O100O2O1N4M1N1O010O101N2N2N2N3gNhER\\OZ:jc0jET\\OW:ic0lEU\\OV:ic0lEV\\OV:fc0lEZ\\OU:dc0lE\\\\OU:cc0jE^\\OW:`c0jE`\\OV:`c0jE`\\OW:^c0jEa\\OW:_c0iE`\\OX:`c0hE_\\OZ:_c0gEa\\OY:^c0hEa\\OZ:]c0gEc\\OY:]c0hEa\\OY:^c0iE`\\OW:ac0jE^\\OU:bc0lE]\\OS:ec0nEZ\\OP:gc0TFU\\Ol9kc0XFP\\Of9Td0ZFk[Ob9Zd0_Fe[O\\9c9cEo0h;o9O001O1O1O1O10O01O100001M3N2O0O2O0O2N2YEVDa0l;\\OXDa0k;XO\\D`0l;]OVDKGPGW<Q9TDLJgFI0^<Y9PDNj<OWC0l<NUC0m<OSC0o<NRC1o<MSC2o<[I[BP4g0e2n<WI`BS4b0f2n<VIbBR4a0g2m<VIeBQ4>i2n<UIhBo3:l2m<TIlBn37o2m<RIPCk33S3m<RIVCd3N[3k<QI[C_3Ka3i<PI]C^3Id3i<nH`C\\3Gf3j<nH`CZ3Gh3h<oHaCY3Gg3h<PIcCW3Ei3i<oHcCX3Bk3l<kHbC[3Ci3l<fGZB5X1[4Cj3k<dG]B5U1^4Dh3k<bG_B6S1`4Cg3n<_G^B8R1b4Bh3o<YGbB;m0e4Ah3P=WGcB:n0f4_Oj3n=_GcBg4AeJQOQ9l>`GdBg4Fh3f=_GeBh4I`KgN\\7l>[HdBd4aNmJ[1c0iN^7i>\\HbBf42[KhNb7d>]HbBf42QKTOj7X>^HcBf4o0l2_<\\HcBh4o0j2c<UHbBP5m0k2[>hLRBX3l=iLUBX3h=jLXBV3d=nL[BS3c=nL^BR3`=PM`BP3\\=SMdBn2Y=TMhBl2V=TMkBm2S=SMnBm2n<WMRCi2l<YMUCf2j<\\MUCd2k<\\MUCe2h<^MWCb2h<`MXC^2i<cMWCZ2h<jMWCU2h<nMWCR2h<PNVCR2i<oMVCP2k<RNTCm1l<TNRCj1Q=WNoBg1R=ZNmBd1V=\\NiBd1W=^NhBa1X=`NfBa1Z=`NeBa1Z=`NfB`1W=dNhB[1V=hNjBX1U=iNjBX1R=lNmBU1P=nNoBS1m<ROPCP1o<QOmBS1R=mNnBT1R=lNlBU1T=lNjBV1V=iNjBW1W=hNiBX1X=hNhBW1Y=iNgBU1[=jNeBV1\\=jNdBU1]=kNbBU1_=kN`BU1a=kNaBR1a=nN`Bo0a=QO`Bn0b=PO^Bo0d=QO\\Bn0R>dNnA[1V>bNiA_1Y>_NgAa1Z>^NfAa1[>`NdA`1\\>aNbA_1`>`N^Aa1c>`N[Aa1e>_N[A`1f>`NYAa1g>^NYAb1h>^NXAb1h>_NWAa1i>_NWAa1i>\\M[_OnKj1g6k>ZM__OlKf1j6k>YMb_OkKc1l6k>WMe_OlK_1n6l>UMf_OmK]1o6m>TMg_OkK[1S7Q?nLf_OnKX1U7V?^HY_OKN`3=QMU1W7Z`0cKb^OVMS1X7\\`0`Kc^OWMP1Z7``0[Kc^OXMm0^7b`0XKa^OZMm0]7d`0XK_^OZMn0^7d`0WK^^OZMo0_7e`0RK`^O]Mm0`7e`0kJd^OdMn0Z7a`0mJe^ObMlNLo1d7``0mJh^O`MP1b7Z`0jJi^ObMQ1`7Z`0hJ`Ao4d>jJbAT5`>iJbAU5k>]JWAc5i?nHd@T7\\d0101O0O2O1L301N3J5O1O100O010001O000VIVWOj5kh0SJYWOk5gh0SJ\\WOl5dh0RJ^WOn5bh0QJ`WOn5ah0PJ`WOP6bi0XNSVOiLli0V3YVOgLgi0Y3ZVOfLei0[3]VOcLci0]3^VObLbi0^3^VObLbi0^3^VObLbi0`3]VO_Lbi0d3]VO[Lci0e3_VOYL`i0h3aVOWL]i0k3cVOUL\\i0m3cVOSL\\i0n3dVORL[i0P4eVOnK[i0S4eVOmK[i0T4dVOlK\\i0T4eVOlKZi0W4dVOhK\\i0Z4cVOeK^i0[4aVOeK_i0[4aVOeK_i0c0ZVOP26]Mai0`0]VOQ22^Mbi0`0]VOS2O^Mei09`VOZ2K\\Mfi09_VO\\2K[Mgi07_VO^2J[Mgi07^VO_2KYMhi08\\VOa2IYMki05]VOh3di0WL\\VOj3ei0TL\\VOk3fi0TLYVOf11oNii0ZORVOi18kNgi0]OnUOi1=gNhi0YOiUOW2`0_Ngi0ZOjUOV2`0^Ngi0\\OjUOU2`0\\Nhi0_OiUOT2?\\Nii0BeUOS2d0eM]OG^j0e3VVO`L_j0`3cUO[L`j0d3aUOZLbj0e3aUOoKVO3\\k0l3X1M2M2OOO101O001O00001O010000000000O1001O2XNYSO@fl0>_SO_Ocl0>`SOA`l0>aSOAal0<cSOB]l0=dSOB]l0=dSOCdl04]SOKel02^SOMbl02_SOMal03aSOL_l03cSOK^l03fSOJZl06gSOIZl06gSOH[l03jSOLXl01jSOOVl0OlSO0Ul0OlSO0Ul0NmSO1Ul0HQTO6Rl0ERTO9ok0ETTO9kX\\1"}}]}