{"categories": [{"id": 0, "name": "background", "supercategory": "background"}, {"id": 1, "name": "coral", "supercategory": "coral"}], "images": [{"id": 0, "file_name": "images/0379_BW05_01.jpg", "width": 1044, "height": 1044}], "annotations": [{"id": 0, "image_id": 0, "category_id": 1, "bbox": [18.0, 42.0, 988.0, 961.0], "area": 949468.0, "iscrowd": 0, "segmentation": {"size": [1044, 1044], "counts": "cnb03`P12N1O1O2N3M2O1N2O1O001N100`ROAjj0?VUODgj0=XUOFfj0:YUOGfj0:ZUOGej09ZUOHfj08XUOJgj08WUOIij07VUOJkj05TUOMkj03TUONmj02RUOOmj01RUO1nj0NRUO2nj0NQUO4nj0LQUO6nj0KoTO8Pk0HnTO:Zc0TO]Ba0jH^Ol0o0jc0VO^B=kH@l0m0jc0XO^B;lHAj0m0jc0[O^B7nHBh0m0jc0^O^B3PIDf0j0kc0B^[O^O_6c0bIDd0j0lc0B][O@`6`0cIDc0j0mc0C][OA^6>eIFa0g0Pd0D[[OC^6<fIG?d0Td0GX[ODQ5InKa0VOG>b0Xd0IU[OEP5InK`0WOH<`0\\d0JS[OFn4IPL?WOH;?_d0JQ[OJl4GPL`0XOG:>ad0JR[OKj4FQL`0XOG:=bd0KQ[ONg4CTL`0XOH8;fd0KP[O0e4BUL`0XOI6:id0JQ[O0b4DUL`0ZOG4;jd0KQ[OOb4DUL`0ZOH2:md0JQ[O0a4DUL`0ZOH19od0KQ[O1_4DTL`0\\OHO8Qe0LQ[O0_4DTL`0\\OIM7Te0LP[O0^4ETL?^OIK6Ve0MP[O0]4FSL>_OKH3[e0NnZO0]4FRL?AJC4`e0NmZO0[4FRL`0Cb0Ue0WOlZO1Z4GdKEHm09>Ue0XOmZO1Y4G`KP15OVe0XOmZO2X4G_KQ16MUc0gNZ^Ob0dN2W4I^KP18LSc0kNY^O?gN2V4I]KP1:JSc0oNW^O;jN3T4K\\Ko0<HSc0ROU^O:lN2T4a1hKPOTc0UOP^O9QO2Q4a1jKnNTc0XOo]O6SO4a3[ORLU27mNUc0ZOl]O5VO5]1WOK7UNR2=lNTc0[Oj]O5XO5[1WOMe2cN^NSc0]Oh]O5ZO5X1YOOb2dN]NTc0^Of]O6[O4X1ZOMa2gN]NSc0_Od]O5^O5U1[ON_2iN\\NSc0@a]O6A3S1]O0]2hN]NSc0@`]O7B2R1_O0Z2jN]NSc0B]]O6E3o0@2m0XNLc0KRc0D\\]O3I45UOC<V1j0]NM>MSc0DY]O3L41YOD:X1f0_NN<MTc0FW]O2M4O[OF8X1f0`NM<MSc0HV]O0O5L]OH7X1e0_NM=MSc0IT]OO16J^OJ6W1d0`NM=MSc0JS]ON25IAK4X1c0`NM=MQc0MR]OL55FBN3W1b0aNN<MQc0NP]OL74ECO3W1`0bNN<MPc00o\\OK83DF01Y1>`N0<MPc00n\\OK:3BG01[1<`N0;Nob02n\\OI;3AH10[1<`N0;Nob02n\\OI;3@H21\\1:_N1;Nob02m\\OJ=1^OJ30]19^N2;Nob03l\\OH?2\\OK4O]19_N1:NPc04j\\OI?2[OL5O^15`N39NQc03h\\OJa02XOM8N]15`N38NSc04e\\OId02UON;M\\15`N38NSc04e\\OId03RON?L[15`N46MVc04c\\OIf0T1_OjN\\15^N57KWc04c\\OIe0T1AjN[15]N67JZc04_\\OJg0R1AlN[14]N76H\\c05]\\OKh0P1BmNZ14\\N92Ibc02[\\OKj0o0AoNZ14[Ne1ec0_NZ\\OJj0n0DoNY16XNe1hc0]NX\\OLk0l0EoNY17WNd1hc0`NW\\OIm0k0EROX17UNd1dc0fN[\\OCo0i0FROW19TNd1j2\\MZ=j1i_OSOS1g0FSOV1:RNc1k2_MV=l2PAeNHSOT1T3k0[LX=j2QAcNISOS1V3j0[LY=h2RAdNHSOS1U3i0^L[=e2QAdNHUOR1U3e0bLa=^2QAdNIVOQ1U3d0dLa=\\2RAdNIWOP1U3c0eLc=Y2RAeNHYOP1T3c0dLe=X2RAfNFZOP1T3c0dLf=V2RAfNG\\On0T3b0eLh=S2QAgNH]Oo0S3`0eLi=T2PAfNI^On0S3`0eLj=S2o@fNJ@l0R3a0eLj=R2o@fNLAk0Q3?fLm=Q2m@eNNCi0Q3?fLl=R2m@dNODh0Q3?fLj=T2PAaNODh0Q3?fLc=Z2XAZNNFh0P3>gL`=]2\\AVNMGh0P3?fL^=_2^ASNMIg0P3?gL]=^2`AQNMKg0P3=gL^=^2aAoMNLe0Q3>gL]=]2bAnMOMc0R3>hL]=[2cAnMOMc0R3=jL]=X2eAoMNMSOVOn0m3n0iL^=X2eAnMONQOYOl0k3Q1iL]=W2fAnMOOoNZOm0i3Q1jL_=U2eAoMOOoN\\Ok0g3S1iL`=V2dAoMOOoN^Oh0f3T1iLd=T2bAoM10lN@g0d3T1jLi=Q2_AQN10kNBf0c3U1iLm=o1\\ASN11jNBe0c3U1iLQ>n1YASN21jNDb0b3V1iLT>m1XARN32hNG?a3X1hLW>l1WARN33eNI?`3h0gKTOP1i?j1TASN2S1SO[2g0jKjNT1W`0a1RASN4T1nN]2i0SMV?X1o@TN4V1iN^2l0nL\\?[1P@[M4h0j0Q6E_Ja?]1j_O]M5e0k0S6D\\Je?4]_OG9RO7c0j0T6C[Ji?2^_OI2UO:a0i0U6DWJm?MW_OlN5U1NVO<`0i0U6CUJQ`0O__O4BVOb0=i0U6CTJR`02Q_OiN8j19ROh0V6CRJV`06U_O`0:ROh0V6BQJY`08R_O><SOg0V6AmI``0;m^O>;TOg0V6_OlIe`0<j^O>;TOf0W6^OlIh`0;i^O?:TOf0V6^OlIj`0;h^O?:TOe0W6^OkIm`0:f^O`09UOf0V6]OkIo`0:f^O?8VOe0W6[OlISa08e^O>9WOc0X6ZOlIVa06f^O>7XOc0Y6XOlIXa05f^O>7XOb0Z6WOlIZa06f^O;7YO`0]6WOjI\\a06e^O:8YO?_6UOiI_a07d^O89YO=b6SOiIba05e^O79ZO9P8j`0`Hc^O6:ZO6S8m`0^Ha^O6<YO3V8Pa0\\H`^O5=YO1W8Sa0\\H]^O5>YO0X8Wa0TJi^OgMGZ8ba0nIg^O_7Za0`Hf^O`7[a0_Hd^Ob7]a0]Hb^Oc7aa0[H^^Of7da0XH\\^Oh7fa0VHZ^Og1ET1Tb0SMW^Oi1E\\KO_5Wb0[MS^Ok1E]K2\\5Xb0ZMQ^OW2G>Zb0[Mn]OW2I=Zb0]Mj]OW2L<[b0^Md]Oo1NYK2[5]b0_2d]OSHN^5`b0^2f]OfM[b0Y2e]OgM[b0Y2e]OgM\\b0[2_]OQHO`5cb0_2\\]ORH2^5cb0^2e]OaM[b0_2f]O`M[b0]2h]ObMo0hJc?e7__OcMh0oJi?]7__OdMe0RKk?\\7__ObMb0VKo?Z7]_OaM`0XKR`0Y7]_O_M9dJ[Og0m`0X7__O]M6bKX`0U7b_OYM3dKZ`0U7b_OXM2dK[`0V7c_OVM1dK]`0X7__OVM2bK``0\\7X_OUM5_Ke`0a>1N2N3M3M4K5M2M3N1N3M3O1O2M4M3N10000O0000mLbAnCe=RMQCm>^OoCZ=]MWCc>AnCW=`MXCb>BmCT=cMZC`>ClCR=eM\\C]>DmCP=fM\\C]>ElCn<hM]C\\>FjCm<lM\\CZ>GjCl<oM[C<F_<4UEk<PN[C;I^<1VEk<SNZC7M_<OVEj<TNZC33a<KVEg<WN\\CN8b<FXEf<XN\\CM;a<FmBBo1P=fN^CJ>c<NlDU<gNaCH=e<NkDT<hNbCE>h<MjDS<hNdCB`0k<JjDQ<jNgC[Oa0R=HgDQ<lNWE]<iNfDP<lNWE`<hNcDQ<nNWE_<iNbDP<oNWE_<iNbDo;oNYE`<gN`DQ<POYE`<fN_DP<ROZE_<fN_Do;SO\\E]<eN`Do;RO^E]<cNaDn;SO`E[<bNbDn;SObEY<`NcDn;UObEW<`NeDn;SOcEX<_NdDn;TOeD[OPOm<>dDl;TOcDKfN]<l0cDl;TO`D2bNY<T1`Dj;TO`D]=G^Ci;UO_D^=I]Ch;TO^D`=LZCf;VO^Da=MVCf;VO`De=KSCf;TO`Dk=LmBg;VO\\DP>NhBg;VO[DS>0bBi;YOXDU>2]Bj;[OUDW>6YBg;_ORDY>;RBh;@nC]>?oA\\=P>iBkAU=W>PCdAm<_>b200101OPO^^OaBONda0b=o0O10O00O2O2O000100O2O001O0100O2N2N2M2OX^OoBn?o<o_OXCn?g<R@\\Cm?b<T@_Cl?_<T@cCk?\\<e_OQC^Oc0n`0Z<^_O[CC;Pa0X<Y_ObCG7o`0W<U_OiCKOQa0W<Q_OlC0LPa0X<l^OnC9El`0a=__OTBb`0l=S1001OUDc]O_9]b0`Fd]Oa9[b0^Fg]Ob9Xb0^Fh]Oc9Wb0\\Fj]Oe9Tb0ZFn]Og9Qb0XFP^Oi9oa0UFS^Om9ka0SFT^Oo9ka0PFV^OR:ga0nEY^OU:ea0jE\\^OW:ca0iE\\^OX:da0gE]^OY:ca0fE]^O[:da0cE]^O[:da0eE\\^OY:ga0eE[^OZ:P8VDiGKd8>ZG>8S;n7jDfGUOb8>eG>5T;n7TE7XOhG?4T;n7WE4TOlG`03T;m7ZE3oNPHa01V;l7]E3hNRHc01X;e7bEQ1UOZGZ;d7aES1TOZG[;2XD_6Z1T2RO\\G^;CfDi6j0Y2PO]Gb;[OjDl6d0\\2oN_Gg<S6ZD^2oN_Gh<R6ZD_2mN`Gj<o5YDa2mNaGk<l5YDc2lN`Gn<k5WDd2jNbGX=`5oCm2iNdG]=Z5kCQ3gNeGa=X5hCR3hNeGb=X5fCR3hNgGd=U5eCS3fNhGg=T5cCS3gNiGg=T5iASJc1o8mNjGi=Z5XCk2oNlGi=[5VCg2ROnGj=[5TCd2TOPHi=LmA^4U1c3WOSHg=K]BR4c0n3[OUHf=HaBS4=o3\\OXHf=EeBQ49Q4\\OYHf=FgBo36R4]OXHg=FhBn35T4[OYHg=DlBn32U4[OXHh=@QCR4MU4ZOYHg=ASCP4MU4XO[He0XOa;7fDQ4LU4WO[Hd0\\Oa;4iDo3LT4VO^H?Ad;NmDn3JU4VO^H=Cf;KoDo3GU4VO_H<Dh;HREn3EV4SObH9Gm;@VEQ4@U4TOeH5Io;\\O[Eo3^OV4ROhH2JS<WO`En3YOX4ROkHNKX<ROaEP4UOY4SOlHIMb<jN_ES4ROZ4UO]Jh>X1QB\\4VO]Jk>U1oA^4UO^Jm>U1mA\\4TO`JQ?U1jAY4UOcJR?V1gAV4WOdJR?X1eAT4YOdJS?Y1aAT4[OdJT?Z1_AR4ZOgJX?X1[AS4[OfJZ?W1ZAT4[OfJ\\?V1WAV4[OeJ^?V1VAW4XOeJb?T1VA_7l>aHSA_7l>bHSAU6^OcF_?Y3QAR6J_FT?`3QAn53]Fk>f3QAl56^Fh>i3PAh59_Fe>m3o@e5=^Fb>o3PAb5?`F_>P4PAa5a0`F^>P4PA`5c0_F\\>S4m@`5h0]FZ>g>gAYAX>h>hAXAW>h>jAXAT>j>kAWAR>l>nASAQ>o>oAQAP>o>QBPAn=R?RBn@l=T?TBl@k=U?TBk@l=V?TBj@j=W?UBk@i=V?XBj@;XOn;n?gCk@9ZOn;l?iCj@7]Om;k?jCj@8\\Om;j?jCl@7]Om;h?kCl@7]On;f?jCo@7\\On;f?iCPA9[Om;d?jCRA8[On;c?iCSA9ZOn;b?iCUA8ZOn;b?iCUA8ZOn;c?hCTA9[OT;D]Do?3UA;YOS;[`0aD^@;XOF]Og:n`0VE_@<XOACj:e`0YEa@;YO]OHk:_`0\\Ea@;;Q:T?cEb@;?o9o>cEd@=b0m9j>bEh@?a0o9e`0oE^_OR:b`0jE`_OW:a`0dEb_O^:Wc04M101N1N2L4YNTEb]OP;\\b0UE_]Om:`b0XE[]Oi:db0\\EW]Oe:hb0aEQ]Oa:mb0fEk\\O]:Uc0a1N2O1OeMd\\O`GZc0`8l\\O[GTc0e8o\\OYGob0i8R]OVGlb0m8U]OPGkb0Q9V]OnFib0T9W]OjFib0W9X]OhFhb0Y9X]OfFgb0\\9Y]OcFgb0]9Z]ObFeb0`9]]O\\Fdb0e9_]OVFbb0k9a]OPF`b0OX]OY89eG`b0Jc]O^8NdGbb0Ie]Oc8I`Ghb0\\On]OU9[O[Gcd0f8^[OVGed0j8][OkFjd0W9X13D;K5L4M4K6J6G7K5J7K4M101O00iMR[OiHnd0W7T[OaHSe0_7oZO]HTe0b7mZOZHWe0e7jZOUH\\e0j7eZOTH^e0j7bZOVH`e0h7aZOWH`e0h7`ZOXHae0g7`ZOXHae0g7_ZOYHde0d7\\ZO]Hfe0`7[ZO_Hge0`7XZObHke0Y7VZOiHke0T7TZORIhc0]Nk]O_8^NVI\\c0mNn]Ok7gNZISc0YOo]O[7nN^IPc0ZOR^OV7oN`Ilb0_OT^Oo6POcIib0BV^Oj6ROdIfb0FS]OgNc0m7DgIeb0:d]On5GiIdb0;e]Oj5GnIab0;g]Oe5IQJ^b0>f]O_5MTJ]b0?b]O^53QJ]b0c0[]O\\5:PJ^b0l8j]OmF]b0k8f]OQGlb0_8T]O`Gob0]8R]ObGob0]8R]ObGnb0_8Q]O`GPc0`8Q]O^GPc0c8o\\O]GQc0c8o\\O[GTc0e8l\\OXGVc0i8i\\OUGZc0j8f\\OUG\\c0k8d\\OSG]c0m8e\\OnF_c0Q9b\\OhFec0W9\\\\OdFic0Y9Z\\ObFkc0W9]\\ObFic0[9PNfFb^O3@V9ia0RG`^O0Bk8ka0\\G`^O1^Ob8Pb0aGa^O0[Oh7_OfGeb0e0`^O1XOh6@iH:A_b0o0_^O1UOe6I^H_c0n0c]O1oNe6Rd0[IP]O5dNa6_d0[Il\\OP8Wc0SHh\\Oi7[c0^H^\\Oa7bc0cH\\\\OZ7fc0hHY\\OV7gc0lHX\\OT7hc0nHW\\OQ7ic0PIW\\Oo6jc0SIT\\Ol6lc0VIS\\Oi6mc0ZIQ\\Od6Pd0^Io[O`6Rd0bIm[O\\6Td0eIk[OX6^1iGY`0o1Z^OV6\\1oGX`0l1[^OT6\\1VHU`0g1^^OS6Z1`HQ`0_1c^OQ6W1gHT`0Y1d^OS6Q1hH[`0V1c^O]6f0^Hg`0V1b^O`64WG^OV1la0T1a^Ob61gH^a0g0b^Oc6MfHba0h0`^Ob6LfHfa0h0^^Oc6JeHia0i0]^Oa6HgHka0i0]^O`6GfHna0k0[^O^6FfHPb0m0Z^O]6EeHRb0P1X^O[6EeHSb0Q1X^O[6AbH[b0U1S^On7oa0SHQ^Ol7oa0VHP^Oi7Pb0XHQ^Of7oa0[HQ^Od7Pb0]Ho]Oa7Sb0_Hm]O`7Tb0aHk]O]7Yb0aHg]O^7nb0nGR]OP8Rc0oGm\\OP8Vc0oGh\\OP8[c0PHd\\On7_c0QHa\\Om7cc0RH[\\On7hc0QHW\\On7kc0RHS\\On7mc0\\21000O001O1O1N101N2O0O2O01O01O101O0O2O001O1O101Z]OSCaa0R=X^OPCja00g]Oc<9_Cab0P1W]On96TEcb0j0[]OR:0UEfb08j]Od:^OUEhb06k]Of:ZOVEkb04j]Oh:YOUEnb01i]Om:VORERc00h]Oa;Yb0^Dh]Ob;Xb0]Dh]Oc;Yb0\\Df]Of;Zb0YDf]Oi;Yb0VDh]Oj;Yb0UDf]Om;Yb0RDg]OP<Yb0nCh]OS<FQDfb0T<l\\OYDPc0i<M6I3N2N1M4N14K8I0O0[NS]OcEnb0X:X]OeEib0Z:Y]OeEgb0[:Z]OcEgb0\\:]]O`Edb0^:`]O]Edb0a:_]O[Ecb0d:`]OXEbb0h:d]OPE_b0n:g]OkD\\b0S;g]OiD\\b0V;e]OfD_b0Y;V2WO2O0000O1L4L4M3K6K6b]OfDZ?c;`@_DY?j;^@SDhM3da0P<k@oCQ?V<n@iCo>\\<b22O10OX^ObC\\?^<c@cC\\?^<d@bC]?^<c@aC]?_<\\2100O2N4L4M1M100S^OSCQ`0o<n_OSCZ?9S_Oj<c1mBY?e=h@ZBW?g=k1O00100O10001Ne0\\O6I4M3L3M3M3M2O1N01O01O0O1O2N2WOf[OPEbd0m:d0O1001N3M2F;G9L4M6I6K1O100O01O0O2N2O100O1[Di[Ol:Yd0lDP\\OR;Pd0lDS\\Oo:Qd0PEP\\Ol:Td0RET\\Of:oc0VEV\\Oh:jc0XEX\\Of:ld00001N4M00O0100O0101O1N2N1O1O2O1N1O1O1O1O1O0001O1N1O2N101N1N3NXO\\Eb[Oc:]d0`Ec[O^:]d0dEb[O[:^d0fEc[OX:]d0iEc[OV:]d0kEd[OT:7kElb02m\\OT:3PFmb0LQ]OT:LVFRc0FS]OT:G[FTc0BU]OT:B^FWc0_OW]OU:\\OaF\\c0ZOY]O_;eb0aD[]Ob;bb0^D_]OP<Rb0QDm]OR<Pb0nCP^OV<la0kCT^O[<ea0eC[^O^<aa0dC_^OOYOk;Sb0XDd^OK]Ol;la0\\Dg^OF_Oo;fa0^Dj^OBBP<ba0_Dl^O@DQ<^a0aDn^O\\OFS<Ya0cDR_OXOGU<Ta0fDW_OnNJ\\<l`0hDP@X;n?jDR@W;j?lDV@T;g?oDY@R;e?PEZ@P;e?PE]@o:c?QE]@n:d?QE^@n:b?QE`@n:`?fDP_OSOd1U<[?eDVAY;i>dD_AX;`>eDgAY;X>aDQBa;k=ZDYBm;c=mCaBT<o`00O1N2O1N2N2N2O2M2MnC[\\OZ;dc0cD_\\O^;`c0^Dd\\Oc;[c0\\Df\\Oe;Zc0YDg\\Oh;Zc0UDg\\Ol;Zc0oCi\\OR<lc0000000000000O1OXMoCo@P<m>^Dk@a;S?gDi@V;W?nDh@P;Z>^DP@d0g1KUNg9i=_EPDb0VN?o1BVNn9]=oElC7_N<V2oN^Na:m<TFgC6eN7Y3a9Z:VF`C9hN3]3_9X:YF\\Cd1[2U8T:^FVCe1c2Q8T:^FRCe1i2o7n9TJQFn5j9VJUFk5d9[J]Fe5a9]J`Fb5\\9aJfF^5W9eJjFY5R9kJPGT5m8oJTGo4k8RKXGl4e8WKZESJ=e:V:[KZEUJ`0^:n4]EUNS6\\LUJa0Y:k4fEkMU6iLPJ?<XNg8e6kFeMW6lLoIb02^Nk8]6PGWMd6QMmHXOg0d1FcNR9X6QGQMk6SMiH[Oe0h1\\OgN[9P6QGmLo6XMgHYOe0i2h8`3nFRMR7[MdIU2[8\\3SGPMo6]MjIS2R8`3VGoLo6]MjIS2Q8a3VGoLo6]MlIQ2o7c3WGnLo6]MoIo1i7g3YGmLo6\\MRJBWNU2_9P4YGlLQ7\\MYJf1]7R4YGlLQ7\\M_J`1W7X4ZGkLP7]MaJ^1T7[4[GiLS7[MfJY1k6d4^GeL[7UM`J_1g6g4^GcL_7TMbJ]1`6m4`G]Lj:_NfMT5`G[Lm:`NeMS5^G\\Lo:`NeMR5[G^LV;ZNaMW5YG_LX;XN`MX5WG`L\\;\\MjCd0f9^5TGbLc;mM[M`5RGdLi;dMXMf5nFgLm;]MZMj5iFiLWf0T3jYOmLWf0P3jYOQMXf0j2iYOXMXf0d2jYO]MWf0`2jYOcMUf0Z2lYOgMUf0T2nYOmMTf0o1mYORNUf0k1kYOVNVf0i1hYOYNYf0g1eYOZN[f0f1dYO]NZf0b1eYOdNVf0\\1iYOROWOTLN0Uf0j4fZODXe0gMnYO8i0S2We0eMSZO7e0S2Xe0eMVZO9`0P2[e0gMWZO:<l1_e0jMWZO;8i1be0lMWZO;7f1ce0PNXZO:5RNZOh2^f0lNTZO;4oM\\Of2]f0QOTZO:4mM]Ob2_f0WORZO=5cMZOe2bf0\\OoYO>3aM[Ob2ef0@oYO=1aMYOR14Mef0S1nYO>OlNA@bf0W1oYO=NjNC@_f0[1PZO=MfNFAZf07_YOHf0j1LdNFBTf0;gYODd0m1IaN2YOhe0e0lYOCa0n1I`N6VOde0i0mYOBb0n1GaN7UOce0h0PZOC`0m1HaN8UO`e0g0SZOE?l1GcN8SO_e0b0[ZOK9l1EdN;oN^e0>aZO23k1BgNXg0XOXYO43i1]OkNXg0TO]YO71f1[OoNWg0QOaYO8Og1XOQOZg0lNcYO:Mh1TOSO[i0TObWOi1POUOai0nNbWOm1jNWOei0jNdWOn1]NhM0`1Pj0iNdWOX2XNQOUj0fNcWOo3_h0PLaWOo3`h0PL`WOQ4_h0nKcWOQ4^h0nKbWOS4^h0jKeWOU4]j0001O0000DlSOXLTl0d3`0O0O2O1N2N2M2O2O00100O100lLPSOc2Rm0XMTSOe2_m0N2N101N101N2O2M2N3N0O2O0O2N2N5L1N2N2O1N2N3M2N2N2K5J6M3M3N2N3M5L4K5JoXV1"}}]}