{"categories": [{"id": 0, "name": "background", "supercategory": "background"}, {"id": 1, "name": "coral", "supercategory": "coral"}], "images": [{"id": 0, "file_name": "images/0409_C01_01.jpg", "width": 1044, "height": 1044}], "annotations": [{"id": 0, "image_id": 0, "category_id": 1, "bbox": [15.0, 15.0, 1015.0, 1016.0], "area": 1031240.0, "iscrowd": 0, "segmentation": {"size": [1044, 1044], "counts": "Ua?o1Y6^N_a0o1S^OfN_a0_1[^OfNjMlNU`0b2lAeNfMUOZ`0X2nAeNeMWO[`0T2oAfN^M@a`0m1mAdN`MCa`0k1mAbN[McNbMU1Rc0k1lA]N_MfN`MU1Tc0i1kA]N`M2c`0a1mA\\NYMdNkMc1nb0\\1mA_NWM?j`0Q1oAaNVM?k`0P1oA`NUMb0m`0m0mAbNUMb0o`0Q1fA\\N[Me0o`0S1`AYN^Mm0m`0P1]AUNlKG1_1ib0g0QAi2i>]MQAg2k>[MSAh2j>]MQAe2m>]MQAj2g>YMWAi2d>^MXAg2_>fMXA^2b>fM\\A\\2_>hM`AX2]>kMbAW2U>RNh@hJTOW7R`0UNd@iJdNN5U7_`0ZNd@VKcN[OMW7d`0eNd@g2[>mNk@Z1l>UOf@Y1n>Z8]A]^Oo=da0oA]^OP>ea0oA[^O\\60j0fa0iH[^OV6<j0Za0nH[^OV6`0i0Va0PIZ^OT6e0j0Sa0oHX^OS6k0n0Va0nNn^OR1Ra0lNQ_OS1o`0lNT_OS1k`0lNX_OT1g`0jN[_OW1c`0iN^_OW1b`0gN__OY1f`0aNX_Oc1m`0UNQ_Oo1[8gHTOm4aH^2Y8fH\\Oe4\\He2X8fH@`4YHj2Q8dHcF2U9]4YHl2o7fHaF2Y9X4YHP3l7nH:`3mGb3h7oHk0l2`GV4b7PI^1S2VGn4;cHd4<Z4b1iF`57eHd49e4R1gFP6OgHd47_8R7mBhHc46`8S7kBiHd44a8S7kBkHb42c8T7jBkHb41c8V7jBSIY4BdIKY?a7hBUIY4^OiIJU?e7hBUIX4\\OT9a7UBYHjNm0k5XOV9d7TBXHiNm0m5WOW9d7RBZHgNm0P6SOY9g7mA\\HhNi0U6QOX9k7iA\\HiNd0ne0Q7X[O^HhN>Rf0U7T[O^HjN12IQf0i7R[O]HkN04GQf0l7P[O]HkNN`f0g7dZO[HlNMaf0i7dYORHb07ZOMaf0X8SZOjG]ON`f0_8lYObGFL`f0i8cYOYGlf0l8nXORGTg0n8lXOQGVg0m89B`XO`Ghg0]89M3N2M4L3N2M4K4F:J6N10EjHXWOU7fg0]1g\\O_GgKm04_Om?c8jCRGTL3Ml0OFS`0X8oCRGRL5Kl01ES`0W8RDRGnK6Lk03EQ`0T1i_OS5[4SIkK7Lk07An?S1o_Oh4JhI]4JiK7Lj09Al?R1Q@j4IfI]4LhK9Ih0>@j?T1o_Oi4McI]4OfK]18TOi?k7dDdG[K\\1:UOf?Gm_ON2T7i4eHYK<Gb0b0Df?Ea@OZOg6Y5^IeJc0a0Dg?@d@5TOe6T3WIoN7nMd0`0Ch`0d6lA[IbNI\\Nc0?Eg`0b6^AUI\\M`0^1C_Nf0>Ai`0b6^@UK]OnMPOk2e`0S4e@mKhNm0LdL;_Om<R1[C^6d0X1g9PHREQ94dFo0a8Y9V2mEWEh0f8Y9S2PFWEg0f8Z9cGfE]90QF894C4T9j9_GQFV97cFKD3T9l9WGeFJSOf8?`GKF0U9\\;QGYDd8`0`G@IOO:T9Z;7^DfF27KMNM5Y9V;<jD[F16Kl9W;FmDXF16Kl9W;FnDVF18Jl9V;GPETF0:Ik9V;IPERF1d:n:]OlDS1T;W:21DcZOZE]e0e4cZOP12\\J[e0k3dZObL1T52^JYe0e4cZOm05^JWe0a:iZO_EWe0a:jZO^EVe0a:`0UISZOl2oe0RMZZOQMGh4Qf0VNYZO_LI5OHOT5Rf0`NXZO^LH7NF2l40SKQf0g3UZO`LG<2Z4Yf0kNmYOVMJm3[f0QOfYOSMNm3]f0[5\\JmE_DR:[;dFTD\\9jLhE\\=W1bEP9QMoEW=X1bEi8VMQFV=Y1bEg8WMPFW=[1`Ee8ZMnEV=_1_Ec8[MnEU=b1^E`8]MmEV=g1YE\\8`MoEU2<g6[1cI[8`MoEQ2b0i6T1fI\\8_MoEo1d0k6R1fI\\8^MRFk1c0Q7Q1dIQ7WLRHZ1XOi1f0R7Q1bIm6\\LRHX1ZOg1g0S7W1[Id6eL^GKIN5P1G[O:g2k0U7W1YI`6gL^GMGO6]11a1o0W7Z1RI_6hLPH^1UOiNNZ2V1g7Y1mHc7ZNlEkN5HIo1a1Y8R1iHc7kN\\FIU1e8m0dHb7nN]FCY1n8g0_Hc7PO\\F[Oc1W9>]Hc7QOYFXOl1Z99\\Hb7ROVFUOU2^95XH`7UOUFROZ2b92bF[MmN02Nk0W:Q1SFjNb2j9LVFcNBm8d1RFbNj2S:KhEcNHk8l1kESN[3b:R<iGoCW8Q<cGUD^8j;bGVD^8j;bGVD_8i;`GXDa8h;]GYDc8h;[GYDg8V<gFkC\\9[<mEl_OZOj3l:Y<nDm_O3M1>Ma3R;]<PEd_O0c4Q;h;oDf_ONc4T;f;nDg_ONc4X;c`02N2N5K1O1O2UJ[DcFf;[9\\DdFg;X9ZDgFh;P9`DPGa;l8aDTGi;d7kC\\C1\\O=c5T<W7jC_C6[5R<U7hCaC2]5W<Q7gCdCM]5^<n6_ClC0W5c<l6]CoCH[5m<c6\\CTJh<f5ZC[Jg<a5SCiC0f6o<]5RCoCKf6V=X5oBRDJ\\53gKU=i:nBdI5]KP=l:jBhI7\\KR=GhBQ:0ZEKZ5<dKS=ZOcBG8f:2dJ1dKR>g9oAdJ2fJH>^>R:ZA`E>`4ATLo0ER60=\\9fHRG;e3FWLj0CP69>V9dHTG>c3FPLLHf0N[O3j6`0>n9UIiIFPLLH6K5>i5HRJk0Q7c9RI]EH\\43PLLH5M4<j5W1P1Q9TInILiKNG2049n5Z1m0P9SInINgK5KN5S6\\1g0P9TInINeK7KM6T6^1d0P9SImI1cK8LK7U6_1RKWNn3c?fJe@:KK6V6a1nJ[Nn3^?iJe@:KJ7W6b1kJ]Nn3Z?lJe@:KG:Z6`1iJ_No2AiLg?SOd@6LK>[6_1cJ_N\\OCm2JkL3i0d?TOd@5J0?X6a1`JSOY2iNkL4j0a?VOd@5J0`0X6c1ZJUO`2kNiMV?ROj@6JOa0X6i1SJUOb2hNPNQ=ESC@NJL6JO8b6T2eIVOd2hN\\N[<H^CUO1EL45?0Y6X2`IWOe2gN^NW<:aC`N291[6W2^IWOg2gN[MF>b<o0^C`N471]6X2\\IVOh2iNWMH`0]<a1dCRN4c6T2YIXOi2gNXMH?^<4aC:2TO6e6U2VIUOm2gNVMH`0`<HiCf0IRO5h6V2TIUOm2gNVMGb0k<WO`CX1HoN4h6X2TISOn2hNVMEb0^=a0hBkN2i6Z2TIROo2fNYMB`0a=b0iBhN1j6^2RIoNR3YNnL8X1W=4kBgN0i6\\4[LbKQNV=5lBeN1i6\\4]L`KQNV=4gBeN=f6Y4`L]KnLHi0]=?eBgN`0]6_4VLTLnM^<h0_BfNa0[6b4TKXM^NcM4l=g0XB\\OOKa0Z6c4nJi;oNV_OL?I2\\6c4eJQ<XOR_OGS1[6k3`JW<WO_^OOP2Y6[3]JZ<@[@>oMl4^5SK[<CX@:SNn4[5TK\\<CV@:UNl4\\5QK]<JR@9UNj4ig0RK[XOFW1=fNk4gg0SKZXOG:K<?XOl4ig0TKTXOK=H==WOn4kg0aKaXOTOMN1`0BP5mg0`KdXOPO<S6of0nJdYOR5Yf0QK[YOnNSOR6ag0QK[YOPOQOQ6gg0kJWYOb5]e0`IjZO1oN<i0`6nd0^Ib[O1_Od6md0\\Ic[O0@5POj5le0QJd[O0@f6kd0ZIe[O0@1ROR6he0lIg[O1^O1TO8OQ5ee0eJj[O0@JQOJ3c0OU5be0dJk[O0AGD5@b5^e0bJl[O0DBI2_Oj5We0aJn[O0S1`5nb0`Jo[OOT1b5lb0[Jg[OGSO<Z2d5jb0YJh[OKQO6`2f5gb0WJi[ONPO3a2i5eb0UJj[O1oN1LHa2R6Vd0XJ]YONKJb2T6SN\\JVd0@U[O`03N^2X7ja0\\Jd]OmMRNk7Ub0\\Hk]O1T1n1h0kMUNl7ka0nHW_OZ1j0mMSNn7ja0]HT^OMU1e1P1SNmMo7ia0[HW^OMT1c1Q1WNjMP8ha0XHZ^ONS1a1S1YNhMU8ba0SHb^OMQ1`1S1]NhMT8aa0RHc^OMS1[1m0iNlMo7OeG[a0;k^OMX1b0bNDU1FRO029HS8Ya0kGl^ONX1>fNDQ1NmNN47KS8Xa0jGn^OMX1LcN83Na0GD9GN46LS8Xa0kGm^OK[1KbN;3Fe0M@9GN47KS8Xa0cGf^O172d17]OBTO9GN57IS8Za0bGg^O054d17]OAUO:GL59HU81]GRa01__O4Y16MOYNL78Hb8ca0TGY@ODLkNf0NIGd8ba0QG[@NDNhNh01YOGi92YFQa0<m_OAl02UNk0?n8^O[FSa0:o_O@l02UNk0?X9``0WFTBDnLl0?Y9``0QFXBJjLk0>[9Yd0VFU[O0b0i9Rd0mE_[Oi0?Z9Qd0RGe[OT9^c0WF\\\\OQ1O`8OSFfc0V2Z\\Of72QFfc0Y2W\\Of7Rd0YHP\\Oe7Qd0XHS\\Og7mc0XHT\\Of7nc0gFk[Om07W8Zd0bFe[O0L:0c9bd0PFf[OLON;T:Rd0PFe[ONe0Q:hc0PFd[OMe0R:ic0oEf\\OQ:id05L4N3M2N3O0M4M3J501O000O1O10O1O10O0O01M4G9L5OK401L3100O1N3N00XMoEP_Oo9Ta0eEi\\ONU2\\:Ua0dEg\\ONS2`:Ya0_Ef\\O0P2a:ic01O1000000J\\E]ZOd:Ze0_EfZO0N`:Ue0jEiZOH1^:Ve0SFiZOl9ae0>8H2MiN\\Ec\\Ob:^c0_Ea\\Oa:_c0_Ea\\O`:`c0`Ea\\O_:_c0aE`\\O`:^c0cEa\\O]:LbEXb06i]O[:KdEYb06g]OX:MfEXb05j]OW:IjEYb00n]OW:EdFca0VOi^OX:@gFba0POR_O7oNU9;kG_a0hNZ^O^Og0j0VOW94oGfa0_NX^OCe0X=Ta0jB]^O11NJ^=Qb0T1H2N0000001O0O2O0000000000O1N10J40`B^^OS<ba0nC^^OQ<da0oCZ^OQ<ha0gBZ^O72f=ma0WBU^Og=oa0UBT^Of=^b0O2O1O1O1M3N2O1N2O1O01001O0VCj\\OW<Uc0hCm\\OW<Sc0iCm\\OX<Sc0gCm\\OY<Sc0gCm\\OZ<Rc0fCo\\OY<Pc0hCP]OBNa<fb0^C]]Ob0O^O0b<ab0ZD`]ORO0j<Yb0UDm]Ok;Sb0UDm]Ol;Tb0QDl]OQ<Vb0TCa]O<?d<Qc02M2O0010ON101OEk\\OXCUc0g<n\\OWCQc0d<i\\O\\Cdc0b<B^CZ]Oa<fb0aCZ]OZ<ib0hCU]OW<hb0oCS]Ok;FjC[c0a0h\\Of;\\c0i00103L8]OeB_]O]=]b0fBb]OZ=]b0hBa]OY=_b0hB_]OY=`b0>0lBb]OXOKd<db0RDj]Ol;Vb0RDl]Oj;@aCdb0c0n]Ol;_O`Ck03e`0?S_OS<9]CZ`0MP_O?JBd0S94dIXa0^N_^On7d0\\Ii`0mNU^OhNOP9Y1WInNhMk`0U;[@oFhNPNj`0R;e@gFaNXNi`0P;j@eF]N\\Nh`0OX_O3K1O]9m1PHYNaNh`0K\\_OM01Ne9f1PHXNcNg`0Im_ON_Of9f1PHUNcNj`0Hm_O5WOa9S2kGmMgNm`0Fm_OU:[1lGh>oMl_OV:a1fGc>SNl_OX:c1cFdMOia0b9c@ZFlMO\\a0m9i@QFPNNVa0T:l@gEZNMi`0]:ZB^E`=j:[3VE[[OZ;dd0;O2O001O001O2N3M2N2N3M4L3M2N3L7J7I3M2N1O3M2N3M4L6J3M7I6J4L1O2N4L4LnLY^O\\Gba0l;O3L4MgLi^OVGVa0i8l^OVGTa0j8n^OTGQa0m8P_ORGPa0n8P_OSGo`0m8Q_OSGo`0n8P_ORGPa0n8P_ORGo`0o8R_OQGm`0m8U_OXGg`0g8Z_OZGd`0e8^_O[Ga`0e8__O\\G``0e8`_OZG``0g8__OYGa`0h8^_OXGb`0i8^_OVGa`0k8]_OnCIT3k`0o8[_OnCKQ3j`0Q9[_OnCMo2h`0T9Y_OnC1l2f`0W9Y_OlC2l2e`0X9Y_OkC3m2d`0Y9c_OgF\\`0[9c_OeF]`0^9`_OUFJcMh`0\\<[_OlETa0U:l^OhEWa0W:i^OgEYa0Z:f^OmCJM0m0`a0Z;g^OiCJO1m0^a0[;i^OeCJ3Om0^a0[;k^O`CL6Ln0^a0];V_OcC]OP1^a0\\;c_ObD_`0^;`_ObDa`0];__ObDc`0];]_ObDd`0_;[_OaDe`0_;[_OaDe`0`;Z_O`Df`0b;X_O^Dh`0c;X_O[Dj`0e;V_OZDl`0UOX^OT<l0lCoNe0Zb0];h^OkCPOg0Yb0_;k^OaDTa0`;l^O`DSa0a;n^O^DRa0c;m^O\\DTa0d;m^OYDVa0g;o^ORDSa0n;m^OnCWa0R<h^OlCZa0T<g^OkCZa0V<d^OjC\\a0W<d^OhC\\a0X<b1N5L3L2N10O010O001001O1N11000O0O102M101N1O10000O010N100TNW[OcFM10:ld0R9X[ObFM2N:nd0S9S[OcF0k0ld0]:001dMR[OPG73Jl0nd0_7S]OnGQc0o7S]OgGVc0X8d2N1O2O00YZOcGWc0]8a2N101O000O2O00001O1O2O10O4L0O102M5L4K2N2O1N101N2N101O3M1O0O1O1O2O1N2N3N2N2M2O1N2OO1O1N2O1OkZObFZNOad0_9S]OdFZNLed0`9Q]OeFYNKgd0_9P]OkFQc0U9o\\OkFRc0T9n\\OmFRc0S9m\\OnFRc0S9l\\OPGSc0o8m\\OSGRc0k8o\\OVGPc0i8Q]OYGmb0f8S]O[Gnb0b8i\\OiFhNf0^d0\\8m\\ORHSc0h7e\\ORGPOX1[d0c7e\\OXGnNY1JhNYd0e8o\\O\\GlNa1Vd0o6R]O]GiNe1Td0m6U]O\\GhNg1Td0k6_]OUIbb0i6_]OWIab0h6`]OnHTNjN]d0V8U]OfGbNZ1NiN[d0V8U]O\\IaN]N[d0U8T]O_IaN]NZd0T8U]O_IaN^NYd0S8V]O`I_N^N\\d0Q8U]ObI^N^N\\d0P8W]OlIkb0R6a]OXIPNjN`d0k7c]OYIoMjNad0i7b]O\\InMjNl60`6g7hD]ImMkNk63`6c7iD^ImMlNj63b6`7hDaImMjNj65b6\\6^B]JY28nMhNj67b6R6iBcJn1;nMiNi67b6Q6oB]Jj1c0kMhNj69b6l5RCZJk1i0gMjNh69c6g5WCmIV2X1WMmNh67e6e5XFWK[LnNf68^ICl<n5fFYKZLnNf68^IBn<m5eF[KYLnNf68j6\\5YF]KWLoNf68j6\\5[FZKVLROe68dMFa4e5UKSKVLTOe66n6c5jF]JQa0b5S5N2M[KcJT^O^5ka0aJW^O^5ha0dJX^O[5Q9^JXK2iK_5m8`JZK2jK[5k8fJTKNaG0c4Y5g8kJRKNdGMi4U5a8QKPKOeGKn4Q5]8VKXHHPM6\\MMP5m4[8ZKXHGPM;_2b4Y8]KVHGSM9a2`4V8bKTHEUM9c2a0kJVOO_3\\=fLXHJYMOb24aJ88R3Yl0eLjSOX3kl0M3M2O2M3M3M2N3M2O3M3N010O1O20N102M100O2O1N3N1N2N8H6J2N1O1O2N1N2O1N2N101O01O01O0O2N1O2O1000O10O00001N20O00000]MaSOQ1`l0jNfSOU1Yl0hNmSOU1Sl0jNSTOR1lk0nNVTOP1jk0oNYTOo0hk0POYTOP1fk0PO[TOP1dk0PO]TOo0ck0QO_TOm0ak0SOaTOk0^k0UOhTOg0Wk0YOkTOe0Uk0[OmTOc0Sk0]OoTOa0Qk0@oTO?Qk0APUO>Qk0APUO?oj0ARUO>nj0BSUO=mj0DSUO<lj0DVUO;ij0EZUO8fj0I[UO5ej0K^UO2bj0O`UOMaj05eUOB[j0`0hUOZOYj0j0hUOPOYj0V1cUOhN^j0Y1bUOeN_j0\\1aUOaNQi0LZVOb1Pl0^NPTOd1ok0[NQTOg1mk0YNTTOh1jk0XNVTOi1[m00O1O1O001N4L5K7I8H3N101N2N2N1O1O1O001O0QORMYTOn2fk0SMaSON;1DP3^l0YMeSOV3Zl0kLcSOZ3[l0c0L5K8H5K3M5L1N2O1O1N2N1O2N3M4L3L3N11N2N1O1O100O[UO_JXj0`5gUOcJXj0]5gUOdJYj0[5fUOgJ1GPj0a5oUOiJOIQj0]5oUOWKoi0i4QVOWKmi0j4UVOgJONii0]5[VO_J12di0U5TVOkJi0NSi0V5WVOiJi0OQi0X5VVOjJh01Pi0T5XVOkJh09ih0k4_VOmJf0:jh0i4_VOoJf0:jh0f4`VOPKf0<hh0d4aVORKf0;ih0c4`VORK;HMd0Wi0n4kVO_JNd0Vi0m4kVOaJNc0Wi0l4jVOaJOc0Wi0l4iVObJ0b0Wi0l4iVOcJOa0Xi0^4aVOVK8LNb0Xi0[4gVOoJ74Jc0Vi0Z4[WOSK^Oe0Ui0X4^WOSK]Oe0Ui0X4^WOSK]Of0Ti0X4^WORK^Of0Ui0W4]WOSK]Og0Vi0V4]WOSK]Og0Vi0V4]WOSK]Og0Vi0V4]WOSK^Og0Ti0V4mVOPK54If0Ui0W4kVOQK62Jg0]<ZOKm4gCQK61Ji0[<_OIS5PDfJKj0W<CiC]Ol;`5YDfJJk0V<EiC]O01c;]5cDeJKl0S<FlC[O02b;j4cDXK2OIn0Q<DSDXOM2d;k4dDXKN[1h;RO=[4nCWKO\\1b;fNTD4^<c4nCVKO\\1X;oN_DJ\\<f4nCUKO]1T;QOdDF[<f4oCVKM^1U;oNfDFY<g4oCVKM2GR1\\;lNeD63L[<g4mCXKL1HR1Y;nNjD31HMO^<m4mCWKM2GS1V;oNmD2ON\\<d4oCWKN2EU1U;oNlD3OM^<c4PDUKO3CV1S;QOmD`0]<P4RDUK11A?O7j:k0c1Y3fDWKmN>08g:l0f1W3eDhLd9SOZE5]<P4eDiL_9mN`EB1g0[<Q4eDiL\\9iNbEF2O1f0[<R4fDjLX9jNdEE2O0g0[<S4gDiLU99S2n2iDkLl8<[2i2jD_KjNo0o1iNa5X2l4a2kD^KiNf1P1_N[6n1Q5^2QEfMfNaM1m0R7^1V5\\2UEVOf5^LhH_1]<l2WEbK\\NW3X7kLjH^1\\<n2dEcNPNdLV7>jH]1\\<n2eEiMPN_M34f5LgK>]N^1]<l2gEaM[4SNcIKP1V2[;[2gEZKTNX11gNV6m0dIROg0^2c;Y2iEYKTNX1b4gNPMX1nNW1b;X2YFcLdMjNR4O\\MX1SOT1b;W2gC[KV23hMV17lNR45RMS1^OQ1b;W2gC\\KS24kMT17mNP4;hK:4e0h0m0`;X2hCZKU24hMV17mNQ4P3aLXOm2aMl4e4TJeLbMkNR4:QLl1<4c;U2_FfLXMhNm4ObKh2FHR<S2bFmLh2Q4e6ROeF_KUMV1>jN^4m0^KT3k;a0nFcL[MlN^4>TKF;l3j;a0oFbLZMmN^4:ZKH5n3U:mKPGc4j1^LTMRO^49[KI4m3f9mKZF20Oe0b4\\2WLcLYO`00_48ZKKJK2R4m9mKZF20Oe0b4\\2XLbLXOf58cJMHV4b:cKPGa4l1ZLZ2@]J`4R<EXGZLZ2e4^6QOXD_K_2j0k2f4^6QOWDbK^2f0n2g4]6ROjC_K73d2c0n2j4]6QOhCcK61h2>n2CTJQ5Y9iJUGOo1h4iM^Km28j2ISJQ5Y9jJSG0P2g4jM[KQ34i2Y5j3_JbHj4a7h0Z2XOSHVK43_La5X;VOUHYKHc0^L_OCZ5g:gJ\\EJb0l4b3WKH;PLE>2EY5Y8cJlI3gNg4[3UKJ;cLG^O\\51cJj72RHMd10Ij4T7XKhH[5jNfJj70RHOc1OKi4e8b0RFgJh71SHNc1OM\\4^NjKm9KVF[54fJc7MYH2`3W4cLiKj9c5WF^Jb7N[HO`3X4h6]1kE]Jc7ORLU4a6_1jE]Ja71TLS4S5lKZHc5nN]Ja71TLT4Q5VLRHX5YO\\Ja70TLV4o4YLQHU5[O\\Jb7OSLX4YLmKW8?\\HT5\\OYJe;W4[DnKX8>[HW5ZOWJh;W4YDoKi8KmGo5P;[NVDlKn8HlGR6m:hNhMUKeFX6g6RJXIIT4j4X5TKcFW6[6hIoI<FGU4j4X5TKcFV6Z6mIeIO29\\4a4Z3SKjI3^NT6Z6UJgI0]4a4Z3SKjI3]NT6\\6VJdIO`4a4Y3SKjI\\6i4hIPJM\\4l4V4TK^G\\6];_NeKWKdHOT11SOZ6b;^NcK_KfILSOW6o5dI\\Oj4hKVK41dN22Ml38UMOPOU6i;\\NZEZK4a0b2CYM0oNV6h;\\NZE[KD6UO>k3]O]M1nNW6g;]NZDVKd06OQ1o2nN_M1nNW6l5cIFj4^JXKd040R1o2kN`M3mNW6k5dIGi4_JWKd036m0X4XOhJV6P6bIHo4YJRKg00b0d0o3j5eJkIQ6HC0\\Jn32kL0WOg20e2[6eJlIn5IbNNjK1N3El33kLMXO\\6MaK[6XNnIn3IeM2g20kK0O1HP5j2kJe0O]N[6YNoIm3IeM1h21jK0O1HP5j2mJc2V6iJRJl3GfM1g22kKN02FQ5i2PKb2R6lJSJk3GgMNh25iKN02FQ5i2PK_MLf4V6YKSJl3F[23mINO3FS5g2oJ_MMg4T6ZKSJk3GgMOi21ZL0WOX5OkJX23kMMg4T6ZKRJl3GfM0k2OaLf55YJB:XOK`3MQM2EV6LQJl3IfMOS4e5]K[JB8XOL\\32TMMGT6MQJl3HgM0R4f5\\K[JB8XOL[33UMLF5JZ50\\J69m3FfM1R4f5[K\\JTO0Mc0T3DlLHL523MY50]J4:j5GKh5WJXJj04\\OONd0T3IeLC2441NY50^J3;j5EKQ6PKTJ\\O0Od0R31gL@400X50^J3:l5EHS6QKSJ[O2Nd0S3o0iLj32\\J4:i;i5kDRJ[O8J?W3P4kLfM0`M29\\:OdEF0190ET6g0iKZ2k2XM]N\\9kLcF4G80O1Y6e0[K[2CoLW11WM?P3T9TM_FP8c0kI[2CoLV1i0[MYOa2a9bM^Fo7f0jIY2CPMW12UMb03B`2P6]MTM8hLo7d0kIY2BQMW12VMc0OFh1FkNT6^OUM7hLo7d0cHYO=o2a3ZNcLROWOk5@UM5hLQ8d0kIW2e2[N_LVO[Og5_OYM1fLX80fG9T2_2e2[N^LWOnNA6W6EaMa8gLbGAk1m2l2^MXK=U1GnNB5P:b0oEg6?`HAl1k2o2YMZKN52l0:YOc9:PFg6=bJQ1kMJ^7nNXIj97oEi6;aJR1kMnN103HY8m9<UF^IV1kMjN52d8g9a2ZGhDkN7Nd8\\2PGQNOa00O1WOOj02W2OQM`;0`D:0BR:i1oEVN<N02E020N03NN4N02L94D`09Z1HmN4VOn;8XNQ1jJb0oJ_NMI[g0d0[^OXO[J41NN30O001Nb0OVg0:hm="}}]}