{"categories": [{"id": 0, "name": "background", "supercategory": "background"}, {"id": 1, "name": "coral", "supercategory": "coral"}], "images": [{"id": 0, "file_name": "images/0470_BW02_01.jpg", "width": 1044, "height": 1044}], "annotations": [{"id": 0, "image_id": 0, "category_id": 1, "bbox": [40.0, 50.0, 990.0, 981.0], "area": 971190.0, "iscrowd": 0, "segmentation": {"size": [1044, 1044], "counts": "nWY15]P15L3L3DC]PO`0_o0<O3N1fPOUOin0l0TQOXOjn0Z1O1O1N10001N101N101ZRO\\NYl0f1dSO]N[l0d1cSO]N]l0c1aSO`N^l0a1`SO`N_l0a1`SO`N_l0a1`SOaN_l0`1_SOaN`l0`1_SObN`l0_1^SObNal0c1ZSO^NPl0]OSTOY2G\\Nbi0XOfXO7nMX3Th0cL`XO4AMP17hNW3Ph0lLbXOb0e0^OcNW3Sh0PM`XO>i0U3ef0aL`XO;j0U3df0cL_XO;k0R3ef0fL^XO8m0R3ef0gL^XO7l0S3df0gL`XO7l0Q3bf0kLbXO3l0R3bf0kLbXO4k0Q3bf0mLbXO4j0o2df0mLcXO4h0o2ef0nLcXO3g0o2gf0nLbXO5EfNf0W4Ug0mL_XOd08^2[g0mL]XOf06]2^g0oLYXOe08\\2`g0TMRXOc0;Z2cg0TMPXOd0;\\2bg0PMQXOg0;_2_g0RO`XOo0`g0PO`XOQ1_g0PO`XOP1ag0PO^XOQ1bg0oN]XOQ1cg0PO[XOR1eg0POWXOQ1ig0m31O0000cXO`Gff0a8WYOeGef0[8ZYOiGbf0Y8]YORHWf0P8gYOUHTf0l7lYOVHQf0l7mYOVHQf0l7nYOUHQf0k7nYOVHRf0k7mYOVHRf0k7lYOVHUf0U9O02O0O1O1O0O10jLkEm_OT:S`0PFj_Oo9V`0TFh_Oj9Z`0XFd_Og9]`0ZFb_Oe9^`0]Fa_Ob9``0_F__Oa9b`0_F]_Oa9b`0`F]_O`9d`0`Fe^OJZNh9Qc0_Fc^OV:^a0jEb^OV:^a0kE`^OV:`a0kE_^OV:`a0kE]]O^O6i:\\b0kEY]OC6d:_b0mEV]OC8a:ab0QFl\\OI=Y:db0PGU]OU9W1QEi?\\=S@iBj?Y=S@kBk?U=R@PCm?o<Q@UCn?k<n_OZCQ`0e<l_OaCS`0_<Z_OSDf`0n=0O1O0O1O1N3N1O100O1O100O100N3F9H9F9N2N3UCf]OY;[b0fDg]OX;[b0eDi]OW;Yb0hDi]OU;Zb0jDf]OT;\\b0lDd]OR;_b0mDa]Oo:cb0QE]]Oj:hb0WEU]Oj:lb0WER]Oi:ob0YEn\\Og:Rc0^10001O00001O0001O001N2O1N1O1O1O100O100O1001O1O0O2O001O0O2O1O2N2N1O2nNiBc^OY=Xa0mBd^OV=Wa0oBf^OT=Ua0X1[OSA`_On>]`0f0O1N2M3L3L4001O2O2M4M4M4K3N01O1O20O=C03M1N10OV@e@Y>\\?dAj@X>W?fAm@V>U?gAo@W>R?fAQAX>R?fAPAW>S?fAQAV>Q?hARAV>o>hASAV>o>gATAW>;^AcNLR>;RCZ>7jAh<GUC]>2nA_>Q>ZAUBg>l=UATBn>l=o@VBR?k=j@XBV?j=X@aAHi0Q`0]?010O100W@S@k>n?o@W@Q?i?k@\\@T?e?g@_@X>FTBj`0j=P101O10O1O1O1N3N2N2N3M;F;D4M2N1O10O101N10001O010O03M6J9H00O3M2M2N2N3L3c@^_Od>e`0UAa_Oh>Xa0M2N2M3N1N3nMl]O`EWb0\\:o]O`ESb0^:S^O[Eoa0e:]^OmDfa0R;\\^OkDea0U;[^OkDea0U;\\^OiDfa0V;Z^OiDga0W;Z^OhDga0X;X^OgDja0X;W^OgDja0b0a]OQ9d0]Fma0;g]OU9?]FTb01c]O`9>ZFSb0Ob]Of9>XFTb0Jd]Ol99ZF^c0d9c\\O[F_c0c9b\\O\\F`c0b9a\\O]Fac0a9_\\O_Fcc0_9^\\O_Fdc0_9_\\O^Fdc0_9_\\O^Fdc0^9`\\O_Fcc0^9l1M3N2O1O11N3N3MO11N001O4L1O0O02N1O1O1N2N2L5K5M2N4L6J6J6K2N2M3N1O001N3N2N2QO\\WOjIeh0R6`WOlIah0Q6bWOnI_h0P6bWOPJ]h0P6dWOQJ[h0m5hWORJVh0n5lWORJRh0m5RXORJmg0m5UXOSJkg0k5WXOUJig0j5YXOVJfg0i5]XOTJeg0k5\\XOTJdg0k5^XOTJcg0j5aXOSJ`g0l5eXOmI^g0R6d1M3N1N3L5L5K2O1N2N2O0nNRUO\\LQk0a3UUOXLnj0d3[UOULgj0c3Y1K6L4M3N110O10000O1N2O2M2N2M4L3M4L3M4M3M3N1O1O10nROmMbk0S2PTO]Nnk0j1fSO\\NXl0g1aSO^N_l0m2N010O1O2N2N1O1O1O1O00O100001O002N2N2N2N1O1OO10000O100XNTTOhNlk0V1YTOgNgk0X1]TOeNck0Z1_TOfN`k0X1dTOfN\\k0Y1fTOiMYOb0Pl0V1WTOoMg05VOe0kk0U1jUOhNVj0X1lUOfNTj0Y1oUOfNPj0Z1QVOeNoi0\\1SVO`Nni0b1a22N2N1O1O1O2N1O1O1O1O00N2O1O1001O2WOhMRSOf2\\l0`MbSOf2Vl0]MiSOf2Sl0\\MlSOg2Pl0[MoSOS3bk0nL]TOU3`k0nLWTO]O1f3fk0UMYTOl2fk0Q101OO010O100O100O1001O010O1O2`TOSKVk0W5O0O010O010O01O01O1N2O1N2N2N2N1O00000O1O1M3H9K401O100O1O1O2N2K5[OcIjVOd6Ti0?O1000O10000O100O100O101O000O100O1N2O1N2O2M2O2N1O2O0O1001O2N4L4L4L2N2N2N1O2SXOhHZf0Z7ZYOXI^f0V7nXORIPg0Q7gXOVIXg0V8N2M1000O1O2N1O1N100O1N2M3O1O10OWNaXO^J_g0a5gXO[JXg0e5jXOZJUg0f5mXOYJQg0i5PYOVJmf0m5SYOTJhf0P6YYOoIUf0mN]YOY7?jIle0i6VZOVIge0m6[ZOQIce0Q7^ZOnH`e0S7bZOlH^e0R7dZOmH\\e0e6T[OYIld0f6V[OZIjd0e6X[OYIhd0h6Y[OWIfd0i6][OTIcd0m6_[OQIad0P7`[OmH`d0T7a[OjH`d0W7a[OfH`d0\\7c[O^H]d0d7Y21O001O00N2N1O2N2N2O1N2O1K4M4N2000000001O3M4L3M1O2M4L7I5K3L5L=C4L2N1O1N2O1O00000OH9M2001N3N2N2N2l[ORGa`0o8]_O[GQMFhb0Q9T@nGi?S8T@UHf?m7X@VHd?l7Y@YHe?g7Y@\\He?e7Y@^He?c7Y@`Hf?_7X@eHf?Z7Z@hHe?X7[@jHc?V7\\@lHc?T7\\@nHfMbMfa0`9e@mHc?Z6Z^O`GU2V2b?X6TAiIl>W6TA_IiLQNVb0`8QA[IZ?e6e@\\I\\?c6]@dId?Z6[@iIe?U6\\@lIc?S6^@nIb?P6_@QJa?n5_@SJ`?n5_@SJa?l5_@TJa?m5\\@UJe?l5S@YJn?k5k_OQJ]`0Z6V_OeIm`0_6n^O_ITa0d6i^OmHha0V7S^OgHQb0]7j]OSHhb0m7V]ORHlb0n7R]OSHPc0l7n\\OUHUc0i7j\\OVHYc0i7f\\OUH^c0j7a\\OTHcc0j7]\\OTHhc0j7W\\OUHmc0i7R\\OVHQd0i7m[OXHUd0g7h[O[HZd0d7d[O^H\\d0b7c[O^H`d0`7mZO]GMT1We0`7hZOTIYe0S9O1O2N2M;E<A8K3M3N2N2M2O2O1O2M2l\\OYCIOna0h<X^O_CBMUb0S<S^OhCNc0EDZb0P<U^OgCDZ1Vb0n:\\^OREda0n:]^OPEda0o:]^OQEda0n:]^OPEda0P;]^OeDXOXO`b0R<[^O`DPb0S:_]OVFd0ARb0U:`]OVF`0VOSO5Pc0^:_]OTFRd0i9Q\\OTFRd0j9P\\OSFSd0k9o[OQFUd0l9[1N2M3K6H7L3N3N2O01O1O2M4L3M3G9H7M3N3UZOhEUe0n:M4M2Y\\OcDSb0^;Z]OjDUO2]c0U;S]ObElb0_:o\\OfEPc0]:j\\OgEVc0k;4M9F6J4M3L1O1O1O1O1N2N2N4L:F6J8G8H7I4M3N1O0O2O01M2N2J7H7b[OSEQc0R;m\\OQEob0Q;P]OQEYa00Q_OQ;DPEZa04m^OP;EmD^a06i^OS;ChDda09e^OR;CgDga08e^OU;]OeDoa09`^On;`a0ZDX^Od;ka0aDl]Oa;Ub0^12L5L5M3L6J3M3M3L2N3M3N2N2N10000O11N2O1N3M2N3N1O1N23QDj\\OY:Yc0^En\\Oa:Tc0XER]Oh:nb0SEV]On:jb0jD^]OW;cb0bDb]Od;ec02NOO1O000g_OYDd;h;RDSDTL6j?g;QDXDPL1o?h;PDYDPLNP`0j;oC_DS<a;lCZDY<g;gCWDY<k;fCTD[<m;eCRD[<n;fCRDY<n;hCQDY<n;iCPDX<o;X4M2N2L4O2N^\\O[DWb0f;X]O^D\\O3Zc0`;T]OQEjb0^<TOSCo]Om<ja0]CQ^Of<aa0]1N3N1O2O01O01k@mAh;R>WDPBj;o=TDRBn;l=RDUBo;j=PDVBT<g=kCYB[<b=cC_Bb<\\=^CdBe<Z=YCgBi<X=VCgBm<Y=PChBU=T=jBlBZ=Q=dBPC_=n<`BRCa=m<_BSCb=l<^BTCc=k<]BUCd=i<^BVCb=i<`BVC_=j<bBVC]=k<dBTCZ=m<gBTCV=n<jBRCR=Q=oBoBl<V=TCjBi<Y=XCeBf<^=ZCbBd<`=\\C_Bb<e=]C[B]<l=bCSB]<o=cCoA_<R>`ClAb<T>fBVAWOe0U>T>bB\\AVO?Z>U>_B]AUO=a>S>YBcATO8h>R>SBhATO5n>o=mAoARO2X?i=fAXBmNOb?g=_ARCd>l<\\ASCV2jNSO1Y7o=]GUCX2oNlN1a7h=ZGWCY2SOgN3i7_=WGYCZ2WObN5P8W=TG]CY2ZO_N5U8R=SG^CY2^OYN6\\8m<QG`CY2_OWN6^8k<SGaCV2@gM@VOe0j9k<SG`CT2CdMe0S9Z<UG_Cf11dMa0`4YNMj=WL\\Cf14aM?f4YNHk=YLZC^1?fM5k4YNEl=ZLXC]1c2e2YLCn=UL[C]1b2l2WL@P>QLZC_1a2Q3WL^OQ>mKYCb1`2T3WL]OS>gKXCf1^2W3XL\\OQ`0[MhCc0nK3;n1o?ZMeCh0VLM6R2o?WMdCk0ZLI6U2j?QLh_O?n3b1\\LG80EAP`0cNo_O?h3f1^LE;LFFi?_NS@c0c3i1bLB=HFNBVNY`0h0^Cn1cL]Oa0FEd0`?YNfCR2dLZOd0EDl0V?RNmCU2eLWOf0DEn0Q?RNlCZ2fLQOj0DDn0P?RN]Cl2SM`Nm0CEm0o>SNTCX3YMUNo0CGj0n>VNlB`3^MnMQ1BHh0m>XNlBm5_NTKHf0n>XNkBn5`NTKHa0Q?]NgBm5aNVKF>S?_NfBS5_MgJT1Y1D>S?^NgBR5fMbJl0a1D=S?\\NiBR5[OWLiN:S?\\NiBS5\\OWLiN9R?\\NiBR5^O[LgN6R?\\NiBa4^MRKU2l1bN4R?]NhBb42nLSN4R?[NiBd42nLRN4R?XNkBg41nLRN3Q?VNnBi4NPMRN3Q?PNRC]5[O`LbN3Zb0`3Q_O^LdN3Zb0b3o^O[LgN3[b0e3j^OXLkN4Zb0g3h^OULnN3\\b0k3b^OSLQO2]b0l3a^ORLSO1\\b0m3a^O_KVNoNm0e1[b0n3a^O\\KaNiNd0m1Yb0\\1n\\OjNd1SOKg0ca0Nj\\OUO8P1a1UOL_ObN0ob0S1P]OVO5Q1_1WOK]OgNOib0S1V]OXO1o0_1[OJ[OROF]b0\\1Y]OYO1k0_1_OHZOVODXb0_1[]OXO2h0_1DFYOXOATb0d1^]OVO3e0^1GEYOYO^OSb0h1_]OUO4b0\\1KEWO`b0\\1Z\\OQO6`0Z1MFVOZb0a1`\\OmN8=W1OHVOWb0c1b\\OkN9<V10HUOWb0d1b\\OlN;:S11IUOWb0c1c\\OlN=:o02KSOWb0d1b\\OmNc06h07KROXb0b1d\\OnNe05c09LQOYb0_1g\\OQOe04>:OQOWb0Z1n\\OVO?6;83POVb0n0o[OiNR1j0>76Hf0^Ofa0m0^]OE184Ek0@ba0k0a]OG082Dn0@`a0j0c]OJO7ODP1^Oba0d0i]O3H6LER1[Oca0d0j]O6J3EGU1[Oca0c0k]O8K1BHW1XOba0g0k]O8K1@Gfe0OoZO:L1^OEge0NP[O=L0]ODge0GW[Og0EO[OCle0AV[On0DOYO@dh0c0UXOMUO^Ogh0g0UXOKRO\\Ojh0j0WXOGPO[Okh0o0VXOESOTOjh0X1UXOB^i0?cVO_O\\i0b0eVO]O[i0b0gVO]OXi0d0iVO\\OUi0e0lVOZOTi0e0nVO[OQi0e0PWOZOPi0f0QWOYOSi0b0PWO\\OWi0=jVOBWi0>iVOAXi0>oVOZOSi0e0_300O1O1O2O0O0O2O1N2I7L8I4Mde="}}]}