{"categories": [{"id": 0, "name": "background", "supercategory": "background"}, {"id": 1, "name": "coral", "supercategory": "coral"}], "images": [{"id": 0, "file_name": "images/0470_BW02_06.jpg", "width": 1044, "height": 1044}], "annotations": [{"id": 0, "image_id": 0, "category_id": 1, "bbox": [43.0, 58.0, 988.0, 973.0], "area": 961324.0, "iscrowd": 0, "segmentation": {"size": [1044, 1044], "counts": "RT\\17\\P13M7Ic0^O2M2N2O1N2O0O100O2hNaNYSO_1dl0iNWSOW1gl0nNUSOT1il0nNVSOR1jl0POSSOQ1ll0QOSSOo0ll0TOQSOm0nl0UOPSOl0nl0XOnROj0Qm0YOkROi0Tm0ZOhROi0Vm0ZOeROi0`l0UNUTOS3jk0SMPTOn2ok0TMPTOl2nk0WMPTOj2ok0YMoSOg2Pl0\\MlSOf2Sl0^MhSOd2Wl0n0N100WOfKWUOZ4cj0QLWUOR4gj0SLRUOP4nj0k0O2O1O1O0YUOdJUj0^5fUOfJZj0[5dUOgJ[j0e3dUObMMkN^j0b3iUOPNVj0P2jUOPNVj0o1lUOPNSj0Q2nUOoMQj0Q2oUOoMQj0Q2PVOnMPj0S2PVOlMPj0T2PVOlMPj0T2QVOkMoi0T2RVOmMmi0S2TVOlMli0T2UVOkMki0U2UVOkMki0U2UVOkMki0U2UVOkMki0V2TVOjMli0W2TVOiMki0Z2RVOfMmi0\\2RVOeMmi0[2SVOeMmi0[2SVOeMmi0[2SVOeMli0[2UVOeMki0[2TVOfMki0]2RVOdMni0]2PVOdMoi0^2lUOfMSj0^4O1O1O1O1N3\\VO_Ilh0h6QWO]IT3MQb0l6iZO[In20Tb0k6jZOWIo22Tb0[7i]OhHVb0Y7h]OiHWb0Y7f]OiHXb0Y7f]OiHYb0W7g]OjHWb0X7g]OjHWb0X7h]OiHVb0Y7k\\OPHPOi0Td0W7l\\OQHoNh0Ud0X7k\\ORHmNh0Wd0V7k\\OUHkNf0[d0T7j\\OWHiNg0]d0Q7j\\OZHdNi0cd0l6h\\OmIYc0Q6g\\OPJYc0P6e\\OQJ]c0n5b\\OSJic0a5W\\O`Jjc0^5V\\ObJkc0^5T\\OcJlc0\\5T\\OeJkc0[5U\\OeJlc0[5S\\OfJlc0Z5T\\OfJmc0Y5T\\OgJkc0Y5U\\OgJkc0Y5U\\OgJkc0Y5U\\OhJjc0X5V\\OhJjc0Y5U\\OgJkc0Y5T\\OhJlc0X5T\\OhJlc0X5T\\OhJlc0X5T\\OhJlc0X5T\\OhJlc0X5T\\OhJlc0X5T\\OgJmc0Z5Q\\OgJnc0Z5R\\OfJnc0[5Q\\OdJPd0\\5P\\OdJPd0\\5o[OeJQd0\\5n[OdJRd0\\5n[OcJSd0]5l[OdJTd0]5k[OdJTd0\\5k[OfJTd0[5j[OgJUd0Z5i[OhJVd0X5i[OjJVd0V5h[OmJWd0S5d[OSK[d0n4b[OWK[d0i4e[OXKZd0h4e[OZKZd0f4f[O[KXd0g4g[OZKYd0e4g[O[KYd0e4f[O\\KZd0d4f[O]KYd0c4f[O^KZd0b4f[O^KYd0d4e[O]K[d0c4e[O]KZd0e4d[O\\K[d0f4d[O[KYd0h4e[OYKYd0j4d[OXK[d0k4b[OVK_d0_81O2N2N1O000000001O1O1O5K1O1O2N1O3M3M2N2fEcZOY9^e0eFfZOX9Ze0hFfZOW9\\e0gFfZOX9Ze0fFhZOZ9Xe0eFjZOZ9We0dFkZOZ9Ve0dFlZO\\9Ue0bFmZO]9Se0aFoZO_9Re0^FP[Ob9Qe0[FQ[Oe9Pe0XFR[Og9oe0O1O1O1O2N8H4L4Lb0^O2N1O10O01O01O0ZAdGT5]8gJkGV5U8eJRHX5n7dJYHY5h7cJ^HZ5c7cJaH[5`7aJeH]5\\7WIeGfIS1Q=Y7UIhGhIR1Q=W7UIjGgIQ1R=W7TInGdIo0V=T7SIRHbIn0Y=R7RITH_Io0]=m6SI`Jj6a5TIcJi6^5UIgJ_K]LR9l8_KjJTKeLZ9b8aKkJQKgL]9^8`KoJmJiL`9Y8bKQKhJkLd9U8cKRKcJoLi9o7bKTKaJQMm9k7aKWK[JTMT:d7`K[KUJWMZ:]7aK`KnIWMa:Y7`KbM_4^2_KdMa4\\2_EUGb5`6n4j2PKWMo4j2PKWMo4i2QKWMo4j2QKVMo4i2QKWMo4k2oJVMP5l2nJTMR5m2nJRMS5n2lJRMT5o2kJQMU5o2kJPMV5Q3iJoLW5R3hJnLY5R3fJmL[5T3dGlFMQ6_8T3]GSG2i5a8U3XGYG3b5f8V3^FVF\\OU1^1`5h8U3XFbFZOl0e1]5i8U3VFhFWOi0g1Z5m8U3SF_Ho0\\4n8U3QFbHo0Z4P9U3mEeHR1U4S9U3eEnHU1m3W9V3`EQIX1h3Y9X3]EQIZ1g3Y9X3[EUIZ1b3\\9Z3XEVI[1_3^9[3VEXI[1]3_9\\3SEYI^1Z3`9k6_FUIa9l6^FSId9n6ZFQIg9P7XFoHi9R7VFnHj9S7TFmHm9T7RFlHn9T7RFkHo9V7aEbB^OY6Q;W7^EXIb:i6[EXIe:fJoDW::TKg:cJTEW:4VKh:bJUEY:1VKj:aJUEZ:0TKl:`JVE\\:MUKm:^JWE^:JVKn:[JYEa:FUKQ;YJ[Ema0e:R^O\\Eoa0c:P^O^EPb0b:P^O_EPb0`:o]OaEQb0^:o]OdEQb0[:n]OgEQb0Y:n]OhESb0W:l]OkETb0Q7m\\OlJm0VNTb0m6Q]OlJk0ZNRb0i6T]OlJi0\\NSb0h6U]OkJh0^NSb0e6W]OlJe0aNSb0b6Z]OlJb0bNVb0`6Z]OmJ`0bNXb0_6[]OmJ=dNYb0^6[]OmJ;eN\\b0\\6[]OoJ5hNab0X6[]OoJ3iNdb0W6Z]OPK1iNfb0U6[]ORKMjNib0S6[]ORKLjNlb0Q6Y]OVKKhNob0m5X]OmJUOVNe0m0Qc0g5]]OPKVOZN<m0Sc0e5]]ORKXO\\N6l0Xc0d5Z]OSK\\OYN4m0Zc0e5W]OSK;eNUc0S6`\\OWJlN0c1^O]c0T6V\\OZJPO1^1]Occ0T6P\\O\\JSONnf0d5oYO]JVOLnf0e5mYO^JYOGof0h5iYO_Jf5DZ:l5P@`Je5F[:j5P@^J[g0a5fXO]J[g0c5eXO\\J\\g0d5fXOYJ`51b:e5WG`Jd8`5\\GaJd8^5[GcJe8]5[GcJe8]5[GcJe8]5\\GaJe8_5[GaJe8_5\\G_Je8a5]GYJg8f5S910000001OU^O]Jg8a5]9I2N1N2O10O01O00001O0010O01O00000O10000O1O1N2M3L4E;L4_Oa0K5N2O1O1O1O1000000000000O100000000001O00001O1O1O1O1O1O1O2N1O1O001O00001O000000001O0000001O00001O1O3M3nSOlK^k0g4N1O1O001O1O0000001O00001O1O1O1O000000001O0000001O00010kUOPKdh0R5WWORKhh0o4SWOVKlh0l4mVOYKSi0i4gVO\\KXi0g4bVO\\K^i0m5000001O001O1O000000001O00000000001O00000000001O0000001O1O1O1O2N2N3M5K1O2N1O1O1mXO^HRe0c7eZOfHZe0\\4XYOPNY1jM^e0U4\\YOoMT1PN^e0o3aYOPNP1RN_e0m3dYOoMn0SN^e0m3fYOoMl0RN`e0o3eYOnMk0QNbe0P4eYOoMh0oMee0Q4eYOoMf0PNde0Q4gYOPNd0nMfe0Q4hYOPNb0oMfe0c3PYOWLl0W2?nMh0Dfb0m3b\\O`N8fM?7^b0a3o\\OaN[2RNc`0\\3T]OaNV2VNe`0Y3W]O`NQ2[Ng`0U3Y]O_Nn1^Ni`0R3Z]O`Nl1_Nj`0Q3[]OhL`Nl0Z3]Ok`0o2\\]OfLcNk0U3Al`0n2]]OdLeNj0R3El`0l2_]OcLgNg0o2Kl`0j2^]OcLiNe0n2Ok`0i2_]OaLjNc0n24i`0h2a]O^LiN?R3=e`0e2a]O]LiN<U3c0a`0d2_^OfLP1h0b`0a2^^OfLo0k0c`0`2^^OcLo0o0c`0]2`^O`Lm0U1c`0[2a^O^Lh0\\1g`0V2c^O[L?h1m`0n1SBVNl=j1TBWNk=j1TBXNj=i1UBYNi=g1XBYNg=h1XBZNf=f1[B[Nc=f1\\B[Nc=e1]B[Nc=e1]B\\Nb=d1^B\\Nb=d1^B\\Nb=d1_B\\N`=d1`B\\N`=e1_B\\N`=d1`B]N_=d1aB\\N^=d1bB\\N^=e1aB\\N^=d1bB\\N^=e1aB\\N^=d1eBZNZ=g1fBYNY=h1gBXNX=k1c\\OPLb5V2j=m1\\\\OTLi5n1k=^2TBcMk=^2TBcMk=]2VBcMi=^2VB`L[JD^c0l3XB]LaJDUc0P4\\BXLbJHPc0P4_BVLcJJmb0P4aBSLeJMa2]Ok<c4oESLfJMc2XOi<g4oESLfJNfb0o3eBQLgJ0cb0o3gBoKhJ2\\2ZOi<d4VFmKiJ3V2^Oj<b4[FhKgJ7S2@k<a4\\FgKgJ8P2Am<_4]FhKgJ7m1Do<]4^FgKfJ8l1EP=\\4^FfKgJ9j1GP=Z4`FeKgJ9h1IQ=Y4QHnKnJIQ=Y4RHmKlJJS=X4VHiKgJ0S=W4YHfKbJ5U=U4ZHbKbJ;T=R4[HbKbJ<S=R4[HbKaJ=T=n3`H_K`Jc0P=k3bKWL]4f3_KdKiDg0h?c3aKfKgDg0h?a3cKiKcDh0i?^3dKkKcDh06ZOT?Q4ULmKaDh07YOS?o3YLoK]Di07YOS?m3[LQL[Di08XOR?l3]LRL[Dh08YOP?k3fLkL]D_Oe>e3SMgLmC@49g>_3ZMfLkCD39IIe>d3eMcLnCFNc0^>T3fMaLSDGEf0b>Q3gMaLSD<D_Oa>d3gMbLTD:F@MN[>f3oM`LVD:E]O_>i3gM^LYD8Y>Z3_M\\L\\D7U>]3`M[L`D3P>b3`M[Lg3e3YL[L]DOZ>g3YMYL\\D1[>f3YMYL\\D1[>f3ZMWL]DO\\>j3`=1O001O1O1O1O1O2N5K5K3M2N3M1O1O1O1O1O1\\UOWK[i0j4aVOZK^i0f4aVO\\K^i0e4`VO\\K:Neg0g4oWO^K9Ofg0d4oWO^K:0fg0b4oWO`K9Ohg0b4mWO`K91jg0^4kWOcK:0kg0]4kWOcK91lg0]4iWOcK;0lg0]4hWOdK;0lg0^4fWOeK<Nng0]4fWOeK;Oog0]4cWOfK>Mog0_4_WOfKa0LQh0_4YWOhKf0IQh0b5mWO_JRh0b5nWO^JRh0b5nWO^JRh0b5mWO_JSh0b5kWO_JUh0a5jWO`JVh0a5hWO`JXh0`5gWOaJYh0`5eWOaJ[h0`5bWOcJ]h0]5bWOdJ^h0]5aWOcJ_h0^5^WOeJah0h6O2N3N`0_O001O0000000000000000O1000000001O0000000000001O0000001O0000001O0000001O00001O1O1O001O001O1O1O2N2N2kNoFcZOS9[e0mFeZOT9[e0kFeZOW9[f0001O000oYOhFfd0Y9T[OmF`c0Ig\\OZ9HoFkd0Q9S[OQGmd0o8R[ORGnd0o8oZOTGPe0l8oZOVGPe0k8mZOWGSe0b5]ZOjL=gMbc0]OX]OP6mNlL6iMdc0\\OW]Oi5WOSMKiMgc0[OW]Og5ZOUMCnMkc0UOY]Og5\\O^NZc0kKZ]OV4hNPMf0[3kb0^Kh]OU4kNoLe0]3gb0_Ki]OT4oNlLe0^3cb0bKj]OP4TOkLk0Z3Vb0jKl]OP4UOjLm0Y3ec0L`[OjLl0`0aNY1Se0]1a[OhLl0b0aNX1Re0]1d[OgLj0b0bNY1Pe0^1d[OfLk0`0jNV1Xc0eMe]Oo3_OcLm0?kNY1Tc0fMe]Oo3B]Lo0b0hN[1Rc0gMe]Oo3o1mL]M[1nb0jMf]Om3Q2kL_M\\1jb0lMf]Om3Q2jLaM\\1hb0mMf]Om3Q2jLbM[1gb0nMf]Ol3S2jLaM[1gb0nMe]Ol3T2kLaMZ1fb0oMe]Ol3U2iLaM\\1eb0oMe]Ol3U2iLcM[1ab0QNg]Ok3V2hLdM4mN9`c0QOi]Oj3W2gLdM2RO9Yc0TOj]Ol3U2dLiM0QO=Tc0TOm]Ol3T2cLkMNRO?Qc0TOn]Om3S2bLmMLROc0nb0ROP^On3R2aLnMKSOd0mb0ROP^On3R2aLoMHUOg0[d0Q3`^O`LSNCTOl0Yd0Q3`^O`LPO>`b0S3_^O^LSO>^b0T3`^O]LRO?^b0U3`^O[LSO>]b0Z3_^OWLTO?]b0[3^^OVLUO?]b0\\3^^OTLVO?\\b0^3_^OPLVOa0[b0a3`^OkKVOd0Zb0b3]A\\Lc>e3]AZLh=YOe\\O_4b5XLi=YOd\\Ob4a5ULlJ[O_b0b4eBRLlJ^OQb01m\\Ob4U6nKnJ_Ona0P5TC_KoJAna02m\\Oc4W6hKoJBoa00n\\Of4S6gKQKBZb0f4fBfKi>Z4VAfKj>Z4VAeKj>]4UAbKl>_4SAaKm>U3oZOfMT6SOn>U3Q[OgMQ6SOo>T3S[OiMP6oNn>V3V[OiMo5mNm>U3X[OnMl5lNeKOm`00Y]Ol2e0YNa7oN^:L\\]Oi2h0]N\\7POXI2[?HZ_Of2j0`NW7ROVI4^?D[_Oe2m0`NS7TOTI6h?W2R@^NS7ZOjH5P`0R2U@_NP7[OhH7Q`0P2X@^No6\\OnGN0;k`0m1Z@\\Nn6ROlG2OZ1l`0V1]@[N[7d0Y8o0_@\\NW7e0eH\\NW>c2nA[NV7f0eH\\NX>b2nA\\NU7d0\\8P1d@WNQ7h0\\8P1e@VNP7h0\\8R1e@UNo6h0^8R1e@UNm6f0`8U1e@SNk6g0b8V1c@RNk6g0c8W1c@QNj6g0e8X1a@oMk6f0g8\\1iI`NZ6`1gI^NZ6b1fI]N[6d1dI[N]6f1bIYN_6i1`IUNa6k1_ITNb6m1]IRNd6o1[IPNf6Q2YInMh6S2WIlMj6U2UIkMk6U2UIkMk6W2SIiMm6X2RIhMn6X2RIhMn6X2RIgMo6Z2PIfMP7Z2QIeMo6[2QIeMo6[2QIeMo6[2QIeMo6[2QIfMm6[2SIeMm6[2SIeMm6Z2UIfMk6Y2VIfMj6Z2WIfMh6Y2YIhMf6W2[IjMd6U2]IkMc6T2_IlM`6S2aInM^6P2dIQN[6m1hIUNU6j1lIYNY3UOlCa2m8[NT3UOnC_2P9`Nn2QORD\\2T9hNe2kNWD[2V9nN_2gN[DZ2X9ROY2dN_DX2Z9[OP2]NfDW2\\9De1TNPEW2]9K\\1nMXEV2]9NY1kMYEX2^91U1gM]EX2_94P1dMaEX2`98j0`MfEX2`9:^3FcL:\\3FeL;Z3DgL=W3CjL=U3CnL:R3FPM8P3HQM7n2KRM4n2LXMMj23WMKi26XMHh28[MDf2=ZMBf2?ZM_Og2a0ZM^Of2g0VMXOj2l0oB\\Md7d1^5R1jB`Mg7[1_5W1gBaMi7V1a5Y1eBdMi7R1a5\\1cBeMm7m0`5^1bBfMP8j0^5`1aBhMR8f0\\5c1`BjMT8b0\\5e1^BjMW8`0\\5f1[BkM\\8<aGmNl;l2VDlM_8:PG@W<[2YDkMa89lFFY<V2XDlMd88hFH\\<V2VDjMh87dFK]<V2TDiMl85aFN_<V2QDhMQ93[F2c<U2oCfMW90UF6e<V2lCeMGTOe8f0nF>i<V2kCbMEYOj8d0bFa0T=Q2iCbMFZOl8W2e3o0gC`MH[Ol8U2d3U1cBhLc0c0:\\Om8S2c3d1UCmL:]Oo8Q2b3g1SCkL:_OR9n1a3i1QCkL;_OS9l1b3k1nBkL<^OV9k1`3m1lBkL=^OW9i1b3n1iBkL=_OX9h1b3o1gBkL>^OZ9g1b3S2_BmLc0ZO]9d1b3^3oBPK_9a1c3`3lBPKa9^1e3d3eBPKe::i2i5P<001N2O100000000001O1O010O000000O1O100O101O0001O1O001O001O0000O1O1N2N2M30000000000O1O100O1Z\\OiHo=W7nAoH_JK\\c0V7jA_IU>a6hAbIW>_6gAbIY>^6cAgI]>Y6_AkIa>T6[APJe>Q6ZAoIg>Q6WAQJi>n5UAUJk>k5d]OjH\\2\\1Q`0j5a]OnH\\2W1T`0j5`]OQIZ2U1W`0j5^]OSIY2S1Z`0j5\\]OUIX2R1\\`0i5[]OWIW2Q1^`0h5Z]OZIU2o0a`0g5Y]O_IP2l0g`0d5Y]OcIm1j0j`0c5Y]OcIm1k0i`0b5Y]OeIm1i0i`0c5Y]OeIn1i0h`0c5X]OeIo1i0h`0c5X]OeIW2\\OUMj0\\c0U6X]OeIk0VO9j0da0\\6V]OeIk0YO;e0ca0]6W]OeIj0ZO?`0aa0b6S]OfIl0ZOe08]a0g6o\\OiIP1YOh00[a0n6k\\OkIQ1YOj0I]a0T7f\\OkIS1YOdd0Z8[[OhGdd0X8Z[OkGed0U8X[O\\HZd0d7f[O\\HZd0d7h[OZHXd0f7j[OWHVd0k7k[ORHVd0n7l[OPHTd0P8o[OmGPd0T8V\\OfGjc0[8X\\ObGhc0^8Y\\O`Gic0`8Y\\O[Gic0f8eZOTGRg0m8lXOTGTg0m8gXOWGYg0S9O001O001aNRG[ZOCd0_9CaFg;5XKKkH2424Q1DnN<n9FYFo6FmL4QL:^6EVJ0^O2066U1J\\9N`E5DO2\\4>PL8o2<bLQO15o4GSK;M2Oa00f<8SDS1ZNPOS1JOKnN>OG1L`0o0_OTO^4MnK002FO03ON0;NH1Lc]="}}]}