{"categories": [{"id": 0, "name": "background", "supercategory": "background"}, {"id": 1, "name": "coral", "supercategory": "coral"}], "images": [{"id": 0, "file_name": "images/0559_BW02_05.jpg", "width": 1044, "height": 1044}], "annotations": [{"id": 0, "image_id": 0, "category_id": 1, "bbox": [37.0, 49.0, 959.0, 982.0], "area": 941738.0, "iscrowd": 0, "segmentation": {"size": [1044, 1044], "counts": "U\\V1`0jm0GWTO>`k0NXTO5ek04QTO0lk06nSOMPl06mSOKRl07lSOJTl06lSOKRl07mSOIRl09lSOHTl09kSOGTl0;jSOFVl0;hSOFWl0<fSOFZl0;cSOG]l09aSOJ_l06_SOKal05^SOLbl04^SOLbl05\\SOLdl05[SOKel05ZSOMel04ZSOLfl06WSOKil07USOIkl08TSOHll0;PSOFQm0n1001O1O00001O00000000000O2O1O1N101O001O00001O00010O0010O01O0000000O100000O100000O2O0O2O1N101O0O10100O01O100O1O1O1O010hROTMfl0m2VSOYMhl0g2VSO\\Mgl0e2YSO\\Mfl0d2YSO^Mfl0b2ZSO_Mdl0b2\\SO_Mcl0a2]SO`Mbl0`2^SOaMal0_2_SObM`l0^2`SOcM`l0\\2`SOfM^l0Z2bSOkMYl0U2fSOPNVl0P2jSOQNUl0o1kSOSNSl0m1mSOTNRl0l1nSOVNPl0k1oSOWNPl0h1PTOXNQl0g1nSO[NQl0U30O001O0O1O1000000O101O001O001O0OZZOkKo>U4m@QLR?n3m@ULQ?k3n@YLP?f3o@^Ln>b3QAaLn>^3k\\OoKl1g0Va0Z3l\\ORLl1S1j`0j2V]OYLn1P1j`0g2V]O]Lm1n0l`0e2U]O_Ln1o0k`0b2U]ObLn1n0l`0a2R]OdLQ2l0n`0_2P]OgLo1m0Pa0\\2P]OhLj1S1Ua0U2o\\OkLc1X1^a0m1n\\OlLb1Y1`a0k1l\\OnLc1X1ba0i1j\\OPMc1Y1ba0g1j\\OQMc1Y1da0f1e\\OTMg1V1ea0f1b\\OTMi1W1fa0f1^\\OTMl1V1fa0h1[\\OSMn1V1ga0i1X\\OQMP2X1ia0g1U\\ORMP2Z1ka0e1S\\OQMo1]1na0c1Q\\OPMl1c1Tb0^1n[OPMn0SOjNb2[d0[1k[OQMn0WOgN_2ad0Z1h[OPMn0\\ObN^2W`0oLSDX4TLoLP1e2g>YLRDT4VLnLP1f2f>\\LSDo3VLoLQ1g2e>]LSDn3VLnLQ1h2e>^LSDm3ULnLR1h2d>_LUDl3TLlLT1i2b>aLUDl3RLkLV1i2b>aLVD_5WMQNc>`LVD_5VMRNc>`LWD^5UMRNd>bLVD[5UMUNd>aLXDY5iL`No>XLXDX5fLaNT?WLWDW5bLdNW?VLWDU5aLdNZ?XLVDS5_LcN^?ZLSDR5_LcN_?\\LSDP5]LdNa?\\LSDn4]LdNa?^LTDm4ZLdNa>iKdAf0b3l4XLdNa>TL]A=k3k4VL`Ne>[LWA;n3o4PLXNn>aLQA9S4Q5gKUNV?PNSEX8n:gGSEW8n:jGSET8n:lGRER8o:oGQEo7Q;QHoDm7R;SHoDk7S;UHmDi7U;WHkDg7W;YHiDf7X;ZHgDg7Y;YHgDf7[;XHfDh7Z;XHfDg7[;YHfDe7\\;[HdDc7];]HcDa7`;^HaD_7a;bH^D[7f;dHZDW7k;iHUDT7n;mHQDn6T<RIlCj6X<VIhCc6^<_IaC_6`<cI_C[6R<WJnCf5R<]JmCa5T<aJkC^5V<dJhC[5Y<gJeCW5]<jJbCT5`<mJ_CR5c<nJ\\CQ5f<nJZCP5h<QKWCl4m<TKSCh4Q=XKnBf4U=[KiBa4]=_KaB_4b=bK\\B\\4g=eKWBZ4k=fKUBX4m=hKRBW4P>iKoAV4S>jKlAT4X>jKgAV4[>jKdAU4]>lKbAS4`>mK^AS4d>lK[AT4h>kKVAT4o>jKPAT4V?iKh@V4\\?jKf]OWMQ2m6^`0jK]]O^MT2e6d`0lKS]OdMW2^6l`0gLS_OX3Pa0gLo^OY3Sa0eLn^OY3Ta0gLl^OX3Ua0gLk^OX3Va0iLi^OW3Wa0iLj^OV3Wa0jLh^OU3Ya0kLg^OU3Ya0lLf^OS3[a0mLe^OR3\\a0oLc^OQ3^a0nLa^OR3`a0oL^^OQ3ca0oL\\^OP3fa0PMX^On2la0RMS^Om2oa0SMP^Ol2Rb0TMm]Ok2Ub0UMk]Og2Yb0YMf]Ob2`b0^M`]O_2cb0bM\\]O]2fb0bMZ]O]2gb0cMX]O]2jb0cMV]O[2kb0eMU]OY2nb0gMQ]OX2Qc0gMo\\OX2Tc0fMl\\OY2Wc0eMh\\OZ2\\c0eMc\\OZ2`c0dM`\\OZ2dc0dM\\\\OY2hc0fMX\\OY2jc0gMU\\OX2mc0gMS\\OW2oc0iMQ\\OV2Qd0jMn[OV2Rd0kMl[OV2Td0kMk[OU2Ud0lMi[OT2Yd0lMe[OT2\\d0mMb[OT2_d0lM_[OT2bd0mM\\[OS2ed0oMY[On1kd0RNT[Ol1nd0UNQ[Oh1Re0YNmZOd1Ve0]NiZOa1Ye0`NgZO]1Ze0eNeZOZ1\\e0gNcZOW1^e0kNaZOT1^e0PO`ZOP1_e0RO`ZOn0^e0TObZOk0^e0WO`ZOj0^e0YO_ZOh0`e0[O^ZOf0ae0\\O\\ZOe0ee0\\OYZOd0k>^KlFP4VJb0n>bKiFm3WJa0P?eKgFl3WJ>Y>SKlAf0d5i3UJ>Y>\\KfA`0n5f3PJ<]>jLdGi2mI<_>mLdGh2kI:a>SMdGa2hI;f>XMbGV7`8PI]Gk6d8[IYGb6g8`IYG]6i8cIWG\\6i8eIXGY6i8hIVGV6l8jIUGT6k8mIUGR6l8nIUGP6l8PJUGn5l8RJUGl5k8UJVGi5k8VJXGg5h8ZJZGc5f8^J\\G`5b8bJ_G]5`8cJcG[5[8gJeGY5Z8hJgGW5X8jJhGU5X8mJgGS5X8nJhGR5W8PKhGP5V8YKcGf4]8`K^G`4`8dK^G\\4a8fK^GY4a8jK^GV4a8kK`GT4^8oKaGQ4^8PLbGP4]8QLeGm3Y8ULhGk3T8YLmGe3R8\\LoGc3S8\\LnGb3T8\\LPHa3P8^LTH^3n7aLSH]3P8`LRH^3P8`LQH_3Q8_LoG`3S8_LnG`3R8`LnG`3S8_LmG`3T8`LmG_3T8aLkG^3W8aLiG_3Y8`LfG`3]8_LaGa3b8^L^BaLT3Q7b:\\LVBfLW3m6g:]LmAiL[3j6j:]LgAmL^3e6l:^LdAoL`3b6l:aL`APMd3^6l:cL]ARMg3Z6m:dLXAVMl3T6l:gLTAYMP4o5l:iLPA[MU4k5k:jLl@`MX4f5`8QIWEj3nMbM[4b5[8\\IWEa3PNcM^4`5Y8dITE[3PNfMa4Z5Y8iIUEm4`2Z1Z8lIVEj4_2Y1Z8oIZEf4Z2[1[8RJ]Ec4T2[1_8TJ^El4f1o0l8YJ]Eh4e1n0n8^JZEe4h1j0o8cJXEc4i1i0P9dJWEb4k1h0n8gJWEa4l1f0n8jJUE`4n1d0n8oJQE\\4R2d0n8RKmDZ4V2c0n8TKjDY4Y2b0m8VKjDW4Z2a0m8YKhDV4\\2a0l8YKgDW4]2?l8ZKRDcN[Oe5i3<k8\\KnCo4[OcI\\3Q6]9\\KjCe5f2nNa9]KgCh5f2kNd9\\KfCl5d2gNg9]KcCn5f2dNh9^K`CP6h2aNg9dK]Cl5l2_Ng9gKZCl5LcH^2j5[:jKYCk5IfHb2d5[:nKWC_6\\2cMe8\\JkD3=a1D`6]2`Mb8[KYEi0DP7o1kLP9aK[EP:c1_JP9fKYEn9f1[Jo8h7QGWHm8k7TGTHk8n7UGQHk8P8TGPHl8Q8TGnGm8R8aE^Bi0_5f9T8^EbBj0Y5i9W8VEfBo0S5k9S9TFlFm9T9TFjFl9X9TFfFm9[9TFcFk9_9TF`Fl9b9TF\\Fl9g9RFYFl9k9RFTFn9n9QFQFm9S:RFlEm9X:QFgEn9_:nE_ES:e:jEZEV:i:gEWEY:j:gEUEY:n:dERE\\:Q;aEoD`:R;\\EPEf:^`03M3M5K4M2M4M4K4M3M3M3M6J4k[OfCgc0h<L1O3L3N2M4L9H2M1O10O010O01001Oj]O`BWa0b=d^O`B]a0d=g010O2N1O1N2N2N2O2M2O0O2O1N3N1N3N2M2NPCXCW6e<SH]C^L:W;V<XHgC]L?R;g;^HPD]La0POBQ;k;`IVD]L`1P:Y:`I\\D]L`1Q:R:^IcD`L_1\\OhMm9U<RJkDbLT2Y9P9nISEgLT2V9h8PJXEgLX2U9_8RJ\\EgLY2T9\\8RJ]EjLY2S9Y8RJ`EiLZ2T9V8QJaEiL`2Q9o7UJdEeLd2S9h7VJhE_Lj2V9mKmF^:]3RLd5\\IXG\\:R3\\Le5UI^G\\:l2bLf5nHbG1^Od9Z3^Mf5kHeGNAf9T3aMh5fHjGKAj9n2fMo7W2PHjMR8S2oGmMT8o1lGRNV8k1jGVNX8g1iGYNY8e1fG\\N[8b1dGaN\\8oHYD^7X3Fb8gH[D`7P3Me8_HaDa7e26l8RHeDf7\\2<S:VHUCD6Q6^2[2Z:fGSDk5`1c2T<YMlCi2g<cLWCa3n<XLnBo3T=kKjB^4R=`KmBc4Q=\\KoBh4n<WKRCk4n<TKQCo4m<QKRCR5kM_FZ>_4kCk5S<VJkCn5R<RJVBcKb0b:R=lIWBhKd0a:Q=lIQBjKl0]:P=mJnBW5o<kJnBY5P=fJPC\\5n<cJTC]5k<bJWC^5h<aJZC^5f<bJ[C^5d<aJ^C^5b<aJ_C_5a<`JaC_5_<_JeC_5[<_JiC_5W<_JmC_5S<`JPD_5o;`JTD^5l;`JXD_5g;_J]D`5b;^JbDb5\\;]JfDd5X;]JiDb5V;^JkDc5S;]JPEa5o:`JSE_5k:aJWE^5h:bJZE]5e:cJ\\E`5`:`JbE_5]:aJdE^5\\:bJgE\\5X:eJkEP5oLdEV=\\5RF_4UMQFj<_5XFR4`:nKbEm3a:RLcEn0hLTJ0k0g=S4cEk0`NWJo;o4bEf0fNQJm;\\5[Ea0]=BaB<`=J[B5e=4TBIm=:SBCm=?[BVOf=k0\\BQOe=P1\\BlNf=V1YBgNi=]1TB`Nn=b1QB\\NP>g1oAVNR>m1mAPNT>S2kAkMU>W2kAfMV>[2kAcMU>_2lA^MT>c2mA[MS>g2mAWMS>j2QBnKhLbMXa0a6QBjKkLaMUa0f6QBeKnLbMRa0i6QBcKQM`Mo`0n6PBaKTM[Mo`0T7mAaKS?`4m@_KS?b4m@]KS?d4m@[KS?f4n@WKS?j4RAPKn>Q5TAlJl>V5TAgJm>[5SAbJn>d5m@YJU?m5f@lI`?W6`@aIe?a6]@VIh?j6k@`HX?a7j@ZHX?f7j@WHW?i7k@THV?l7l@oGW?Q8f4001O00001O000000000000OSFnGZKR8_4^HXKb7e4mHoJS7n4RIPKo6l4XIPKh6l4bInJ]6d4WJWKi5f4]JWKc5g4bJ_CZMn6S8b5eJ^C\\Mn6o7b5eJcCZMl6P8a5dJ^K[5b4dJ`K[5`4bJdK[5^4cJeKV5a4jJ`KT5`4mJaKR5_4nJbKQ5^4PKbKo4]4RKdKn4Z4UJjBSOl8g6W4UJUCQOd8i6V4UJ\\CnN_8l6T4oIjCPOS8P7R4nITDkNl7V7n3QJ[DcNi7[7k3RJfMn5o1\\JRNd5b1fHgCm1h:\\5l0PI^Dn1f:R5g0bKZO\\4e0fK[OY4f0fKYNUMTGU7d:dKTNbMSGj6j:bKRNnMkFa6S;]KUNm5j1QJXNo5i1nIWNU6h1jIWNY6h1fIWN]6h1cIWN_6h1`ITNf6k1YIRNm6k1TISNo6j1mH\\NT7a1kHaNX7[1jHeNW7Z1hHgNZ7W1eHkN\\7S1cHnN^7Q1`HROa7k0\\HYOe7e0[H\\Of7`0]H@c7=_HDa7;`HE`79aHH_75_H0b7hN]FkGS2_9_7eNfFdGk1i9]7cNTGVGc1X:W7bNkI^1T6aNnI`1Q6^NRJb1n5SMdF_I`3_9k5nLmF]IZ3f9h5jLTG\\IU3k9g5eL[GYIo2V:e5]LcGTIg2g:e5hJnL]5Q3]JRMg5m2VJTMn5j2oIWMV6e2gI]M^6_2_HdNc7Z1VHmNk7g0_D[Gh3P8j7`0_HBb7<YH\\OVLZHc;Y8THZO`8g0\\G[Of8d0WG^Oj8b0iFJX97cFL_93_FNc91[F0g9OVF2m9MRF2Q:MmEOY:1eELa:3]EMf:3XELj:4TEMT8mGnGW8KLV8SH\\EI[2X81LW8\\HgGi7NL]8[HeGi7LM`8ZHdGi7JNd8XHbGk7FOi8VHaGk7ZO:W9jG_Gm7RO`0_9dG^Gm7nNc0e9_G]Gn7jNg0j9ZG[GR8fNg0o9XGZGZ8[Nb0[:TGYG]8TNe0b:oFYG^b0d8c]O[G_b0c8b]O\\G_b0c8b]O\\G_b0b8c]O]G_b0a8c]O]G^b0a8e]O]G[b0c8i]OXGWb0h8k]OWGTb0i8n]OUGRb0l8o]OSGPb0m8Q^ORGna0o8S^OoFma0R9T^OmFka0T9V^OkFja0W9U^OgFja0]9V^O_Fla0c9S^OXFQb0j9n]OQFVb0Q:i]OkE[b0V:e]OfE^b0[:a]ObEbb0^:^]O_Eeb0b:Z]O[Eib0f:W]OWEkb0j:U]OSEmb0n:S]OPEnb0R;Y13L3N1M3F;J6L4M;E5K3M3M2N2N101N1O1O1N2O1N3N1N200O1O2N1O1O2O1N2O2e]OYBda0]>N2O1O1O0O101O00XI\\^O`Nca0_1a^OQJIY2fa0e3d^OoIIZ2ba0g3g^OmIJZ2^a0i3j^OmIHX2^a0a3V_OVJ]OV2]a0`3Z^OaHn0j1[OR2\\a0d3`_OZJTOP2Qa0Q4l_OoISOl1[`0\\Lj_OP8g0gIVOe1\\`0\\5^@nHXOZ1d`0n5o_OhH^OV1e`0o5Q@iH]OV1b`0Q6R@hH]OU1a`0T6S@fH^OT1^`0X6S@dH@T1\\`0j4P_OhIT1:AS1Z`0[6U@aHBS1Y`0^6U@^HBT1X`0a6T@ZHFT1U`0c6U@YHFT1U`0a6W@ZHET1T`0b6Y@YHCU1R`0d6[@WHCT1o?i6_@QHCV1h?o6f@jGBV1g?S7g@fGBW1e?V7l@^G@[1d?Y7n@YG^O]1d?[7PAUG]O_1c?]7RAQG[Ob1d?]7SAnFZOd1c?c7PAfF_Of1a?e7RAaF_Oi1`?g7YAoE_O[2V?h7kBWHS=l7lBUHf<X8ZCiGd<W8^CiG_<Y8aChG]<Y8cCiGZ<X8fCiGY<X8fChGY<Y8gChGX<X8hChGU<[8kCeGn;a8RD`Gh;f8XDZGf;g8ZDZGd;g8]DYGc;f8^DZGa;e8aD[G^;d8cD]G];^8hDcGV;Z8nDfGQ;Y8QEhGl:U8XEnG_:P8dAUEQ4Q3o9n7XFXH]9l7dFXHU9e7bBPEZ4a3k8_7]GeH\\8Y7hGiHS8Z7nGfHo7\\7QHfHm7[7RHfHm7[7SHeHl7\\7SHeHl7[7UHdHk7]7THdHl7\\7THdHl7\\7THeHj7\\7VHdHi7]7WHeHg7[7ZHfHd7Z7]HfHb7Z7_HfHa7Y7`HgHhKQLS;U;VIjHaKWL];j:SIPIYK\\Lg;`:QIkIQ7R6nHnIX7ZL[Dm7^4hK\\7RLkDd7j3ZL^7lKmDh7e3[Lc7[KWEf2^Nb2h4]Oa9mMPB`2_4Cb9iMTBb2Y4Fd9eMVBd2U4Gf9cMWBf2S4Gg9aMWBg2R4Jf9]M[Bh2o3Md9XM`Bj2l31b9TMcBk2j34a9oLfB6QO:h4e2_9gLjB9UO6b4o2\\9_LoB;WO4]4T3]9[LoB=ZO1[4W3\\9ZLoB?ZO0[4W3]9WLnBd0[ONY4W3_9TLnBg0[OOW4V3a9QLnBk0[OMW4V3a9PLnBl0\\ONV4T3a9oKnBP1[OMZ4P3_9PLlBS1\\ON]4QNmJ^4`>]LkBU1]OOh4U1aJgMa>LkBX1\\O3d4R1eJfMb>FnB^1YO6`4P1eJgMf>]OSCd1TO;Z4S2c9cKWCm1mN>X4R2n;_Mk_O?V4R2o;^Ml_O`0U4R2o;\\Mn_Ob0S4DQK0Pa0Il_Oc0R4CUKMPa0Lk_Oc0P4CWKJQa00h_Oc0P4CWKGTa02f_Oe0n3AZK]NH`0^a0m0b_Oe0m3B\\KZNJ=^a0R1__Of0l3A^KVN65Sa0^1]_Of0m3@_LRNaNNga0k1\\_Oe0m3@d>K`]Oe0l3@b>La]Of0l3^Ob>Lc]Oh0j3[Ob>Nd]Oi0i3XOc>Od]Ol0S4hNY><d]Om0S4fNZ><c]OQ1Q4bN\\><d]OS1P4`N]><d]OT1n3`N_>:e]OU1m3_N`>;c]OW1l3^Nb>:c]OW1k3_Nc>9c]OW1j3`Nd>8h]OR1e3eNd>8k]OP1a3gNd>9m]Oo0`3eNe>;l]Oo0b3cNb>>l]OP1c3_Nc>?k]OR1d3\\Nb>`0l]OT1d3YNa>b0l]OU1d3WNa>c0l]OV1d3UNa>e0j]OW1f3oMe>i0d]OZ1dh0eN\\WO\\1eh0cN[WO]1fh0aNZWO`1fh0^N[WOc1fh0YN]WOg1eh0TN]WOm1eh0PN\\WOP2fh0lM[WOU2gh0fM\\WO[2eh0]M`WOd2bh0UMbWOQ1bMd0_m0ZOgROd0Xm0[OjROe0Um0YOnROg0Qm0XOQSOg0ol0WOVSOf0jl0WO\\SOe0el0XO`SOf0`l0YOcSOd0_l0YOfSOc0[l0[OjSOb0Wl0YOoSOd0Rn0M;F5ImX`1"}}]}