{"categories": [{"id": 0, "name": "background", "supercategory": "background"}, {"id": 1, "name": "coral", "supercategory": "coral"}], "images": [{"id": 0, "file_name": "images/0640_C01_04.jpg", "width": 1044, "height": 1044}], "annotations": [{"id": 0, "image_id": 0, "category_id": 1, "bbox": [11.0, 13.0, 1020.0, 1019.0], "area": 1039380.0, "iscrowd": 0, "segmentation": {"size": [1044, 1044], "counts": "X`;i0eo0`1`POiMZ7]3c9bLm_O11j2Q6m0Q9[LR@`5f6\\NS9P2hFUNS9P2hFUNT9n1gFVNW9l1eFXNY9j1cFZN[9h1`F]N^9d1`F_N^9b1^FcN`9_1[FgNb9Z1XFmNg9S1VFQOg9Q1UFTOf9Q1VFROg9Q1VFSOh9n0UFUOj9m0SFVOl9j0RF\\Oj9d0TFAi9`0UFGe99YFLb1VIQJ1O0]7m6PM4R1kIi1S6SM[1@[Im2]5cMa1TO[IR3U5iMf1nN[IU3P5kMj1fN_I\\3h4lMP2`N\\Ib3d4mMU2ZNZIj3a4jMZ2UNYIP4]4jM]2RNXIS4]4jM]2oMWIX4\\4hM`2lMVI[4[4hMb2iMTI_4\\4gMa2hMTI`4]4fMa2gMSIc4_4cM`2gMSIe4`4aM_2gMSIh4`4^M_2hMQIk4a4[Ma2fMPIo4`4YMb2eMPIR5b4UM_2eMQIX5`4QMa2dMQI\\5^4oLc2_MRId5\\4kLc2\\MUIi5Z4iLa2\\MVIm5Z4eLa2[MWIQ6Y4aLa2[MYIU6V4_La2UM`I]6Q4[Li6g3WIWLh6m3VIRLj6a4eH]K[7Q5ZHlJe7Y5ZHdJf7]5[HaJd7a5]H]Jc7d5_HYJ`7h5aHXJ]7j5cHUJ\\7l5fHSJX7o5hHPJV7S6kHlIR7V6PIhIl6]6UIbIg6a6ZI_Ic6c6_I]I^6f6cIXI[6j6eIVIW6n6jIQIo5V7RJjHi5Z7XJfHc5^7^JbH]5a7dJ`HW5d7iJ`HQ5b7oJ^Hn4f7QK[Hj4i7VK\\Ha4h7_KRId3P7\\LVI\\3m6dLSIZ3o6fLQIX3Q7gLPIR3W7mLlHn2W7QMkHj2Z7TMhHh2[7XMfHc2]7]MeH^2_7aMcH[2a7cM`HZ2d7eM]HU2h7jM\\Ho1j7mMXHo1n7_HWD_3l3n3V8XH\\D`0ASNNd2Q4\\6\\8UH^D9VOcN:0HX2o3d6i:ZHfAkNFR2P4d6l:WH_ASOGo1Q4c6m:YH[AUOMi1m3f6o:cGc@0n1a1n2^6T=[IPCa6Y=TIXC\\6V=UIWC^OSJl6kb0^IeCX6PM`ISb09\\ZOX6^3eIca0Z7W^OnHea0U7W^OQIda0Q7[^OSI`a0n6`^OTI^a0l6b^OVI\\a0i6c^O[I[a0d6f^O_IWa0b6h^O`IXa0`6d^OdI[a0e5h[ORI07l2T1[a0b5S\\O]I]2S1^a0c5l[OgI\\2k0ga0c6m]OeISb0j4R\\OcJe1e0Xb0h4T\\OfJ_1d0\\b0g4S\\OiJ]1b0`b0g4n[OlJ^1?cb0X4Q\\OgKY12fb0V4S\\OiKS13jb0d6S]O]Ilb0g6m\\O\\ITc0g6g\\O[IYc0i6P\\OhF:b2gc0V3Q\\OiMMYORd0j2V\\Oi0jc0kNQ\\OiJ:[6fc0UNY]Oj1ib0WNT]Oh1nb0\\Nl\\Od1Vc0`Nd\\O^1`c0cN]\\O[1hc0hNR\\OW1Qd0UO_[On0bd0`52O2N1N3M2O2M2N3M2N3KQJQEcF`:d9mEVFi9n9^FQF\\9o9kFoER9R:QGnEm8R:VGlEi8T:ZGkE`8Y:cGZAVOc2R9U<lGRA_Oa2b8^<UHg@Dg2S8c<bHY@CR3g7g<gJWCU5j<mJVCP5k<RKVCk4j<WKXCe4h<\\K[C^4g<fKXCV4j<mKVCl3m<VLTCe3POhHa:e3_F`3kNTIc:^3cFZ3[NiIR;n2bFX3QNVJ];d2bFS3cMhJj;W2cFP3]MoJP<S2aFo2XMTKW<n1`Fc6_9]IaFc6_9^I_Fc6a9^I]Fc6c9]I[Fe6d9^IXFd6h9]IUFe6k9]ImEi6S:XIeEo6[:RI_ES7b6SDgJj4dNV7_6YDjJb4aNZ7a6YDmJ^4^N[7d6\\DkJY4\\N`7f6[DmJV4WNd7j6ZDmJT4RNg7o6XDnJR4nMj7S7VDoJP4jMm7V7UDoJn3hMP8X7TDoJm3fMQ8[7TDnJj3eMT8\\7TDnJh3cMW8^7SDnJg3aMX8`7SDoJe3_MX8a7XDnJb3[MY8e7ZDnJ^3YMZ8h7[DmJ\\3WM[8k7\\DnJXa0P5k^OoJTa0P5P_OnJo`0R5S_OmJl`0R5W_OmJh`0S5[_OkJc`0U5`_OjJ^`0V5e_OiJX`0Y5j_OfJT`0[5o_OcJP`0]5R@bJj?a5W@_Jf?b5]@]J`?d5c@ZJ\\?f5g@YJU?j5m@TJQ?m5SAPJm>o5VAoIj>Q6XAnIf>S6\\AkIc>V6_AiI`>V6cAhI\\>X6gAgIW>Y6lAeIQ>^6RB`Ik=b6WB\\Ii=d6YB[IP7eNdF3h1o7d0YIm6nN^FOM6_Og7[3TIj6TOZF6bNSO88Lm0a0[7g3SI^6^NUEQ1Y1[2SOX5S4lH[6L_FS;Y3oDW61`Fn:[3oDU64`Fl:\\3PES64dFi:[3QEQ65lFc:T3XEP64TG\\:n2^En56XGX:k2bEl57]GQ:j2fEi58dGl9d2kEh59iGh9_2nEh5:mGd9]2QFf5:QHb9Y2SFg5:UH^9V2WFe5;XH[9S2YFe5<_HT9n1^Fd5>aHP9l1aFd5?fHi8h1eFd5a0jHe8b1iFe5b0mH`8`1lFd5d0nH^8^1lFf5f0oHZ8]1mFf5i0oHX8[1nFg5i0SIT8X1PGg5l0UIP8U1oFi5Q1XIk7o0QGl5S1[Ig7j0SGm5U1\\If7h0QGn5X1^Ie7Y<ZHiCe7W<XHnCf7R<XHQDg7n;XHUDg7k;WHXDh7h;TH^Dj7b;THaDk7^;THeDk7[;RHiDm7V;RHlDn7T;PHoDo7Q;PHQEP8m:nGVER8j:kG[ES8e:kG]EV8b:gGbEX8`:dGcE\\8Za0010O100000000O0100001O0O1000O010O0001O0eF]GfJc8T5QH]Jo7]5[H_Jf7^5]HbJb7^5]HcJc7\\5\\HfJd7Y5ZHjJf7V5WHmJi7T5THnJl7S5lGTKT8m4fGWK[8j4bGXK]8j4_GYKa8]>bGWXOQ8hg0oGYXOP8hg0PHXXOP8gg0>\\F\\GYKe8W4`G_BM1Mk8h8f4_G]BLN4i8d8l4[G^BMM4g8e8o4ZG^BLL50H`8o8V5WGaBJJ8NI^8Q9Y5TGcB7DF]8P9]5SG`B>R8_8_5SG^B?d6]O[JT9c<QG]B?a6ERJQ9Q=kF[B`0b60`Ik8c=eF\\B8JCh6b:R7bE_B5h6X:j6bEnI^:R6aEPJ^:P6cEoI\\:R6eEnIZ:Q6hEoIW:[JfEX96\\LQ:\\JkEU98^Ll9]JkEQ9`0QE]OS7X9dH^GZ2]Oj8S1XLf7iHSGN`0]2Dc8U1YLa7lHUGK?_2Ea8W1ZL^7kHYGJ<a2F`8V1\\L\\7jH]GI:b2Fb8U1ZL\\7iHaGH7d2F^8NoDW1_7[7hHdGH6d2EV8OZE2KU1c7Y7gHfGG6d2DT85YEV1d7T7dHVHV=P1YJh6bHWHY2[Oo7m1WMa6aHYHW2ZOm7n1\\M^6bH[HS2]Oj7j1cM]6aH^Ho1]Oh7k1hMY6bHcHGTO]17_NNm9o1oMT6cHjG_Od05ZO\\1:`NKm9o1QNS6dHhG@e03\\O[19aNLk9o1SNS6iH\\HS1DXNNg9o1WNS6gHZHT1FXNNb9P2^NR6eHYHR1HYNM`9P2bNQ6dH\\Ho0GZNKe9m1_NU6cH]Hn0G[NIi9j1ZNZ6dH]H0DG2AIl9g1YN]6cH^HNEH0BIn9e1VN`6dH]HNF]OC2;LIS:`1QNf6cH]HNG[OD2:OEZ:\\1iMn6cH\\HMIZOC48f:n0[MS7dH[HM1\\ODX;;lLf7cHZHLd0m:ROeLQ8bHYHKe0ec0S7`\\OWHKg0T6POW6S8jCVHJg0U6TOS6P8nCkGVOJe0U1V6WOo5P8PDcGVOM32c0V1V6YOl5P8SD`G_OO=X1U6\\Og5o7XD]G<V1g5C^5l7lE^Hh4IX5j7TEYG\\Oo0]6OQ5k7UEXG\\Om0_61m4l7XEWG[Ok0a62nHSOb;j8dEWGZOi0c64jHVOb;g8hEUGZOh0c66iHWO_;h8mEQGXOi0d67hHQON1`;o8mEoFYOh0e68eHTOON`;R9fFdGV5f0R4l7fEgFEf0c6h0Q4o7dEcFHe0d6i0P4Q8hDbF?05d0W6YOTI4L]1\\;P8jDbF>O6d0W6[OQI4N\\1\\;o7eE`FIg0W6YOSI4M\\1\\;n7aFXGT5ZORI3N]1[;n7`FXGV5ZOQI2O^1Z;o7_FWGV5]OoH11\\1\\;P8aEcFGb0]6FmHV1^;R8]EgFD<d5CaJf1k:f7XEgFG:d5H]Ja1R;n7dDWFM;OIO?Q6K[J]1V;n9`JgDPJc1a;e9^JbEoI2d;[:\\JdEQJ0d;[:RJXD\\JP3d;g8kIdGW6\\8fIeG[6[8dIfG]6Y8`IjGa6U8_IjGc6U8\\IlGd6T8\\IlGe6S8ZInGg6Q8XIPHh6Q8UIQHl6n7PIVHP7j7PIVHP7j7PIVHP7k7oHUHR7j7oHVHP7j7oHWHQ7i7mHXHU7g7jHZHV7f7]HfHe7Y7ZHkFZLeN\\;a:YHeFjL`Nm:k:YHbFQM^Ng:Q;fE]Da0S2VO]Nc:T;dE^Db0o1_OYN[:Z;cEaD`0k1W<e9WCdD?f1[<f9UCgD>c1]<g9TCgD=b1_<f1dAV4^1cH?`1`<d1gAY4Y1dH`0^1_<b1lA\\4U1dH`0]1_<^1RBb4m0eH`0[1Z7bN\\Ki2QLf4h0gHlN\\OQ1m1i7POXKX2]Lj4a0YIDhNROP2S9ROUKo1hLo47kITO9f8VOPKc1UMT5OmITO5g8[OmJ\\1^MX5GRJRONm8_OhJY1dMY5ATJVOIn8CdJU1kM^5UOVJ]ODo8G_JQ1RN`5lN_Lc8SM[Jm0YNa5gN`Ld8VMWJOjL_NMGl1S7mNoHFb4c8[MSJDG]5gNbM`7`MnIYO5c5`NcM\\7eMiITO?b5dN^MT7RNdIlNf0b5gN\\Mo6XNdIhNg0b5jN[Mj6_NdI]Nn0h5hNXMf6fNdIWNo0i5nNTM^6jNmITNh0j5VORMS6nNXJlMe0Q6UORMi5UOaJeMb0Q6XOSM]5_OkJ[Ma0Q6YOUMS5EVKTM>P6[OVMm4H`KoL8Q6^OVMg4MfKjL5R6BSM_44mKfL2S6DQMY48VLaLMU6HnLU4:ZLaLJV6LkLo3==g2fKkLl3>?f2fKkLn3<bLgLZOQ68kLn3:aLjLYOP69ZLQLSNm7f2bLmLWOo5;oIQLU21XNk7f2bLoLVOo5c0PLkK\\Nn7_2bLVMQOn5j0oK`K^NX8V2cL_MkNm5m0\\Lh33dLdMfNm5[1]JSKQ1Z8l0eLiMcNl5^1YJUKT1V8j0gLmM`Nl5^1YJUKS1Y8g0fLQN^Nk5_1ZJUK0Hh0a8n0hLUN[Nk5`1YJbKd0n7o0gLYNYNj5a1ZJaKd0P8j0iL]NUNk5a1[JRKNOe0b8d0kLbNRNl5`1[JQKR1e8ROWG2g9_5]K\\JmJR1ac0b4bA^JkJP1cc0b4bA^JkJP1cc0b4bA_JjJn0ec0c4aA_JjJn0ec0d4aA]JjJo0ec0d4fAWJfJT1ec0f4gARJeJX1dc0f4lAYKU>h4jAXKV>h4jAXKV>i4hAXKX>h4hAXKX>i4gAWKY>j4fAUK[>k4eASK]>n4cAPKi:oNYCS6m1mJi:ROZCR6l1kJj:SO[CS6j1iJl:SOZCU6j1gJl:TOZCW6i1dJn:UOXCX6j1\\JT;]OQCY6k1PJ];GU@Lb1a6m2`If;3k_OMY1i6Xd0[I_ZOLT1o6[d0VIbZOJo0T7_d0RI[\\OS7ec0lHP\\O`7oc0aHZ[OW8fd0hG[[OW8hd0eG`[OT8jf0F4MVM[He\\Oc7Zc0_Hf\\O`7Vc0_HTZOOg2b7Sc0`HWZOMf2c7Rc0aHXZOLf21ZM\\7he0fHZZOLd20]M]7fe0fHS]OMYMZ7Si0N2N4K8H3L7GkKeI\\^OQ6ka0oIW^Oj5ma0XJS^Od5Pb0\\JQ^O`5Qb0bJn]O[5Ub0eJk]OZ5Ub0gJl]OV5Sb0nJl]Oo4Ub0UKi]Oi4Yb0XKf]Of4[b0\\Kc]Oc4_b0]Ka]Oa4ab0_K_]O`4bb0`K_]O^4cb0`K^]O_4cb0aK]]O]4eb0bK\\]O]4eb0cK[]O\\4fb0cK[]O\\4eb0eK[]OZ4gb0eKY]OZ4hb0gKW]OY4ib0iKU]OV4lb0jKT]OV4lb0jKT]OU4kb0mKU]OS4hb0PLX]Oo3hb0RLX]O]3SLRLef0a0X]O\\3TLSLff0>W]O^3ULSLff09oXOCV4o3WLULff06X]Oc3ULVLff04U]Od3XLWLdf04T]Oc3\\LWL`f05U]Oc3\\LXL_f05U]Oa3^LZL]f05U]O`3`LZL[f07T]O^3kc0hLP\\OW3Qd0jLn[OT3Td0mLk[OQ3Yd0mLg[OQ3T:jLiK0SJT3P:XMhKDWJR3o9`MiK\\OYJS3n9cMiKXOZJT3m9eM5Z2JjM4V2KlM4S2LoM3P2MRN2m1dCmLa:X1i1j1gCoL^:Y1j1h1jCoLZ:Y1l1g1lCoLX:[1l1e1lCQMV:\\1m1b1nCSMS:]1n1`1oCSMR:^1n1_1RDQMP:a1n1^12dN\\LbNoHi2d:gN]LhNgHa2l:gN_LeNfHd2i:gN3X1MhN4X1KgN6Z1IfNiM^NgFm21QMo8d1:fN]Ff2OQMVN1R;b1=lNTFb27PMTN1S;`1`0QOkEa2>mLQN4U;]1b0UO\\Eg2l0cLPN5V;[1c0AXDQO01Oc3o1dLV9V1e0m3UFcJQN5S;\\1h0l3ZFgJl8^1j0m3cE`JWO2[:a1k0n3bEeJTOK\\:c1TO^NSF05b6T1dIROIY:g1XOh5\\GgHTOJW:g1ZOh5[GcHeNL?2W:f1[Oj5YGaHZOOP:h1]Oi5XG_H\\O0l9j1Ah5WG\\H]O2j9j1Bi5WG[H]O2l9g1Am5oG\\Hh8^1YOW6oG\\Hj8Z1WO[6nG[HR9R1POd6nGZHR4MjNS1V5h6lGYHT4LkNR1U5j6kGYHg24ZLIo3n0T5o6kGVHe2>VLA]4c0k4[7lGTHc2c0TL\\Oh4;f4b7kGUH`2m0nKROZ5O]4o7kGRH]2T1nKmN_5J[4U8jGQHZ2W1QLkNd?m7PBSHY2V1SLkNb?n7QBRHX2U1ULlNb?o7oAQHX2U1WLlN`?P8PBoGW2[1ULgNc?o7QBPHU2\\1VLfNb?o7TBoGR2]1XLfNa?o7UBoGo1]1[LeN]?S8ZBlGk1]1^LeN[?Dg@U8c1XHj1[1aLeNZ?Bj@<KV7f1nHg1Z1dLfNV?BPA0JM1c7c1RIc1W1iLgNR?AXAI2d7Y1VI_1R2j;]MmAGVO\\7g1_IY1R2l;]MSBj6Q1jIj0R2P<[MVBa6W1ZJ9R2R<UM^BHmN]6]2iJOR2R<SMgBBPOW6^2VKDQ2S<RM[C@_Nd5c2lK\\Oo1V<RMiCEnMk4k2gLoNj1[<QMQD\\OSNf4h2ZMaNe1^<SMnDX3=XNnM_1e<cLWBMn2S3j0POYM]1f<eL\\BHS3i2g0AoLZ1e<iLcBC_3Y2=4iLW1e<kLhB@]4W1@Z1bLV1d<mLoBYO^4V1_Oa1[LU1Y5VL[1g0SN;oNe1WLT1Z5YLY1`0kH\\O]5P1oNj1kKY1e5SLU1`0PIYO]5P1mN[6e1gHQ1f0PIXO]5o0nN\\6j8cIXH1mN]6n1bH>U1gNKjNa6Q2eH3f0hICS5`0QOb6S2hHWJ7_4>UK@Q5`0SOa6S2kHjIb0b46`KROV5j0lN^6U2SJSNZObK^Oi5f0_N]6T2VJlMVOcK_O9Nf5i0aNZ6T2ZJdMYOiK[O9Oe5h0^NUOeKT7d6]J^M[OmKXO:N2OR5i0oNVOdKR7h6`JSM^OTLSO;ON3T5e0oNWOeKo6k6cJiLA]LnN:NM60Lf4h0^OVOdKi6R7lJ]L[OaLQOQ14VONg4g0Bn5d2lJZL\\OkMROT4h0SOm5e2nJVL]Oa3HdMl5g2oJRL^Oc3GdMl5i2oJPL\\OiLoNd6j0fMXObKe6[7nJQL[OeLSOf6g0fMT6n2eJQLC[3DfMU6n2dJQLB[3EfM[2dKf0X1VLc4a1aMBZ3FfMZ2fKi0S1TLf4a1bMAY3GgMY2eKk0R1SLh4`1aMAZ3GgMY2eKm0P1RLi4a1aMYO`3NaMX2fKo0n0QLk4`1aMZO^3NaMX2iKo0k0PLm4a1aM_OW3IgMW2jKQ1j6aM]L_OW3HhMV2kKT1h6_M^LCR3DmMU2lKU1g6`M]LCR3CnMS2nKW1e6aM]L@S3EmMZObKb2>_1b6aM]L\\OW3HkMXObKa2`0b1`6aM[L[OY3IoMg1mKe1`6aMZLZOZ3IoMn1_Kf1n6XM[LZOY3JoM`6`2ZJXL[OY3KoMa6XLfH[5b1UM[OnLTOn5h0\\Nb6WLfH\\5`1UM\\OnLTOn5h0\\Nb6b2VJUL[OZ3NoMb6b2TJUL[O[3OnMb6c2TJSLTOhL_Od6g0nMb6e2SJQLTOc37gMc6e2QJQLUOb38hMb6f2RJnKTOd38hMb6g2RJlKTOe38hMb6g2RJlKUOc38jMa6h2RJkKTOc39jMa6h2RJkKTOkL_Oa6k0QN`6h2SJkKROjLAb6j0RN_6h2TJkKPOhLDc6i0RN_6j2SJiKPOiLEa6i0SN`6m2QJdKPOlLE:Mh5m0aNa6RMeH\\NOO2U5[1mMoNPMI0Lo5j0cNa6oLZI^3g0QNnNQM2n5>cNa6oL^I[3b0UNnNPM3m5?dN_6PM`I[3`0UNlNPMOMIP6m0dN]6PMbI[3?VNkNoLOS6h0]N]6PMbI\\3>WNjNlL2T6g0]N]6oLdI]3<XNgNiL8V6d0]N^6nLdI^3:_NROg2b0^Nb6jLaIa39_NSOi2`0]Nc6jLbIa38^NSOj2`0]Nc6jLbIa38^NTOi2?]Nc6lLaIc38[NTObLEQ6k0cNb6nLaIc37YN]Ob29cNc6oL_If37VN]OeM]Of3m0Ie6oL]Il32SNAaM_Oh3l0Hg6nL\\IR4NSNWO[L6l0Eo3m0Gi6fKZHk0P1b4KSNUO[L;1E=3Z4j0Gm6`KaH0IOO8n0`5GVNBSLG?2Z4j0Gn6^KaH2HOO8m0c5FTNCRLI>1[4j0FP7^KWH4M110N7o0b5GSNBQLK?1Z4i0FQ7hLQIf4FSNBPLL?2Y4h0GQ7iLoHi4FPNBnKO3M56`4f0HQ7iLoHk4DPNBlK21N55b4e0GS7iLlHn4DnMCkK32O26d4a0HT7iLkHP5ElMAlK51d0b42LT7iLkHP5FoMEjKm0Z4H3V7jL[HhN0Z64oMBhKS1Y4F4W7iLZHiN0^60PNj0LE4W7iLZHiNOa6OmMl0LE4W7iLYHjN0a6NkMo0LC4Y7iLWHkNOg6IlMn0FJ2[7hLWHkNOh;?cH02]7aLhGTOl0g;McH20_7`LgHn:GbH30d7ZLcHW;B`H7Oe7YLaH[;TOQD5\\4a0Nf7[L_H\\;ROPD8[4b0Me7\\LaG[Oh0Z<XOhCOZ4k0Mj0hKR5c0YI]Oi0`<XOkGi0Ll0iKR5b0XI_Og0^<\\OlGg0Kk0lKS5`0XI_O<NJ`<NlGf0Il0nKT5MXI<MG<OJ]<1lGd0Im0nKZ5`0ZI@H`<2iGf0H`0lKnN2c6NWIc08BD`<6gGf0H?nKnNOe61TIa09Z<J`Gh0EFPL12d60hH`0;Y<J`Gh0CFUL0Oe6f0RIU<I_Gj0CDWL0Kh61iH>6Ra0f0\\B_O^L3Dj60kH=2Wa0g0[BWOfL:YOl61lH<0[a0f0YBVOhL[2ZOU37fJ_a0e0XBSOiL>VO\\16h37aJ\\a0k0UC_OSK\\16i38_JZa0n0SC^OVK\\15i3Ub0^K_B\\OYK[14k3Tb0_K_BYOZK]13k3Sb0aK`BVOZK^13k3Rb0cK`BSO\\K_12j3Sb0eK_BQO\\K`12i3Sb0hK]BPO^K_12k3Qb0gK^BoN_K_12l3Pb0gK]BPO`K]13m3oa0hK[BoNbK^13R4JUJka0]1eBnNcK_11X4fa0\\KcBoNeKa1MV4ja0[KcBPOdKg7ha0\\I_BZ7`=gH\\B^7hL^G]?U1hCj7^LUGg?S1iCi7XL^Gm?i0iCn7SLaGo?d0kCU9S<nFjCXN[Lb:k?WGhCVN_Lb:i?[GeCSNcLb:g?`Gk@TNc1IlMd:e?gGU@]NW2YOoMd:d?eHZBhLRNd:c?dHZBiLSNd:b?cH[BiLSNf:`?`HaBeLQNl:]?^HnBc7Q=\\HPCi7k<WHUCk7i<THXCm7g<RHZCn7n4lD0V3RKo7j4PE2o2VKQ8g4RE2l2XKS8c4TE4g2[KV8^4VE6b2^K\\8Q4ZE`0Y2`K^8d2fFj1j0dKb8a2cFj1k0fKd8_2aFj1k0gKf8c2ZFd1P1jKh8`2YFd1m0oKk8^2WF`1n0ULk8c2oER1Z1\\Li8Q3\\DjIf0b6[2dLkLiLb;d6WEFYOcIT3b3\\8U3WEDc2XMU8V3VEBe2YMU8W3UE^Of2^MR8U3XE[Of2bMQ8S3ZEWOh2fMn7R3\\ESOj2lMj7o2_EoNk2RNf7n2dEYNoNTK2Og3f3d7o2dEWNoNUK2Og3e3e7R3bETNPOVK02h3b3f7T3bEPNPObKh3Y3f7X3aElMQOcKh3Z3e7W3cEjMROYKP4g3[7V3cEgM]3TOn6W3eEcM]3WOm6W3gEZMoNfK]4j3l6Y3fEWMc3Ag6Z3eETMd3Bg6\\3cETKTO]Ob4S2g6^3aEPKYO^O^4U2g6_3iDdHb0X2D]O[4X2f6_3iDdHc0U2G]OW4\\2e6e3]E`JL[OS4`2d6f3\\E]J1ZOP4c2b6h3]EXJ5[Ol3e2b6j3[ETJ:[Oj3g2a6l3YEPJ?\\Og3h2a6n3WElId0]Od3j2_6o3YEgIg0^Ob3l2^6P4YEcIk0^O`3o2Z6R4[E]IP1^O]3Z3P6m3bEZIT1XO`3f3d5i3hEUIQ7R3V3k3jEmHU7X3P3l3mEhHU7[3m2o3oEcHV7]3k2S4mE^HZ7^3i2U4VFjG[7P4^2W4fNhKZ1Y4fNeK[1^4dN`K\\1b4cN\\K^1f4bNVK`1j4aNVK^1k4bNVK[1k4eNVKZ1j4gNVKX1h4jNYKU1f4dE\\GR9m3oFPLV:o8jNRKoFoKW:P9iNQKPGoKV:Q9jNTKV1m4hNUKX1j4fNXKZ1h4eN[KY1d4gNbKT1_4gNeKY1\\4eNeK[1]4aNeK_1]4]NfKb1]4XNfKi1X4TNlKl1S4RNQLn1m3QNULP2j3nMXLS2h3jMZLW2f3fM\\L[2e3aM^L^2c3^M`Lc2`3XMdLj2Z3TMhLm2W3RMjLP3T3nLnLS3R3kLoLV3P3iLQMX3P3fLPMjKPJa4R9BoL^3Q3`LoLc3o2]LQMe3m2ZLSMj3j2VLVMk3j2SLWMQ4f2nKZM]KoI^6d8UN^MZKQJc6_8RN`M[KRJnMLe82[GO5l7^6VN^KXJW7b7YMVN_KYJY7b7VMUNmJlIRO?k8a7UMTNlJoIQO?n8^7TMTN^JmIXO:N`0Y9U7RMTNoImIN3HX1:dNa8o7aMTNmIoIH:LR1<dNK1Z8m7mMSNVJXJ^OS11dN0>^8_7nMRNhJoInN1012?JEO:d8\\7lMUNcKYKc6`6jMhMbIgJT2P1a6`6jMhMbIeJU2T1_6]6kMkM_IgJT2S1b6X6nM[N^K^Kd6U6oM]N\\K_KMbNh4a70^NZK`KLbNj4_71_NXKbKM_Nk4]73bNaJRJSOa1Y8i5TNdN]IUJ4MN4ILOe16\\NQ8Y7cNcNYIZJ4KO4Jf14WNS8V7cNeNWI[J3MO3Je15XNU8Q7cNiNUI[J0O2S2MlM]1F\\5T76MSIkKY1WM^5l694nHjKY1YM_5g6<V3TJUF`5U6k0g3cIVFiNJi32hNm5]5R4VI^FW2BfL8_2^5d5c4gH\\FW20]Ol4i5i4bH\\FZOVO:Ok1l05i4i5l4dHZFVOZO9Nn1j06f4i5o4eHaFTORO102Lm1n0>b4i5Q5fHWGQ1WO`0`4i5S5gHUGo0[Oa0\\4h5S5iHWGf0Bi0U4d5S5oHVG`0Fm0S4`5Q5TIZGUOTNk0_1]1S4\\5P5YI[GPOTNm0`1]1R4\\5m4\\I^GmNTNm0_1_1S4X5lL[H[5V1RJkNUNm0`1^1S4W5QK\\HQ12R6W1TJgNWNn0^1`1T4T5PK]HS13o5W1dJjNfMN04d1X2P4X5iL^HV5X1XMP1i0^5dL\\HY5X1YMn0k0^5aL]HY5Z1ZMk0m0\\5aL`HV5Y1^Mj0k0\\5aLcHT52dHf0m4W1m0[5_LfHS50fHh0k4W1n0Y5^LjHR5JjHm0h4U1o0Y5^LkHP5HmHo0g4U1n0X5^LnHm4GPIo0g4S1P1W5]LRIi4DTIQ1e4S1Q1U5]LUIf4CVIQ1f4jNTKT2l5Y5^LVIe4AXIR1k4n0j0X5_LYIb4]O[IU1P5g0c0^5^JdHd1h0n4XO^IW1b4iN]Ko1b5]5^JfHd1k0X5;fMhN_Ko1`5^5]JfHf1l0V59VNh0a0\\5\\JhHg1j0i4SObIX1Q5h0`0[5]JhHg1i0Z4UORJ1JZ1W5c0`0\\5ZJlHf1e0\\4WOiIO32L[1\\5a0?\\5YJmHf1c0^4XOiIN2e1Y5:?Z5YJhHMOi1i0_4XORJc1R5:>[5ZJgHLOi1j0a4VOQJe1V568_5[JgHMNh1j0c4UOPJg1V566_5\\JfHk1h0m4m0gN64_5]JeHl1h0m4n0mN0Ka5[JhHZ2h0c4P1nNNJa5iL_Ia4R1mNNHa5iL_Ic4Q1mN0Fa5iL]Id4S1mN0cK\\NZ2W7^N[Ii4R1lNZNTJa1Y1jN[2P7aNZIg4U1POUNVJc1Q1PO^2i6fLeHa1d0S5X1YOGiJUOa2f6dLgHc1?o2[O^K2a1R2a4BbJ\\Oc2`6fLhH`1=U3[O\\K2Q1LYOV2k5A[JBd2P7SN]H_3GQLEYO26R2P6b1jLe4SNZHc3H_KAN0N4Nb2W6U1gLb4UNZHd3LZK@1OO2Ob2X6V1aLd4YNXHe33[KWO01Nb2[6V1[Lf4]NVHe35XKWO3MOe2[6U1WLb4]McGS1i0c35YKVO9b2U6U1SLd4gNZHY3YO`Kl0OVO9b2V6W1mKc4kN[HX3ZO`Kj01VO2f2^6S1hKe4nNYHT3>gKlNNg2b6Q1dKh4POUHV3?fKk1d6f0^KP5mNRHY3?gKi1f6f0XKW5kNoG`3c3]2YOSK[5jNlGf3a0fKW1i6R1lJ_5jNjGj3?gKV1i6S1iJc5gNhGP4Z3a2]O`J[7o2WIc2@iIj7d3gHd2B_Il7m3bHf2P<ZMoCi2o;WMQDi2o;VMRDk2m;UMSDk2m;UMSDl2l;TMTDl2m;TMRDm2m;SMSDm2m;SMRDo2m;QMSDP3l;PMTDQ3k;nLVDR3k;dL^D]3b;aL_D`3`;^LbDb3_;]LaDd3_;ZLbDf3_;YLaDh3^;XLbDh3^;XLbDi3^;VLbDj3^;ULcDk3^;TLbDl3_;SL`Dn3a;QL_Do3b;PL^DP4c;oK^DP4c;nK^DR4c;mK]DT4d;jK\\DU4f;iK[DW4g;gKYDY4i;dKXD\\4j;_KYDa4h;^KYDa4h;^KXDb4h;]KYDc4i;ZKXDe4k;XKVDh4l;TKVDk4l;SKUDm4m;PKTDP5m;mJUDR5n;lJSDS5o;jJRDU5P<hJRDV5R<gJPDQ5Y<kJkCm2\\J^KJ[1Xb07dCc2`K[LXa0g0bCc2aa="}}]}