{"categories": [{"id": 0, "name": "background", "supercategory": "background"}, {"id": 1, "name": "coral", "supercategory": "coral"}], "images": [{"id": 0, "file_name": "images/0792_BW02_03.jpg", "width": 1044, "height": 1044}], "annotations": [{"id": 0, "image_id": 0, "category_id": 1, "bbox": [13.0, 13.0, 969.0, 1019.0], "area": 987411.0, "iscrowd": 0, "segmentation": {"size": [1044, 1044], "counts": "^_=26O90=>e7Mh<Z1jZOUOc2\\O\\MM<NGm0[3DW`0FV]O^31cL_O<EP1U2dN\\Nc0DUOia0a0c^Oe4O\\KAS26]Mn0X2jNjMc<3aFMnMT1VOW46QNEkL=GDf2\\<eM]FMcMJCU74fHKV49nNT<]M\\FLbMY7GgL1lNk0hL\\O6LJS:c0_H0\\MU?h0Z@\\O7G1T:;dHO^MS?e0^@[Oj0g9IhHM]MV?9U@O7IQ1T9gNTGk0Z2o?`MZ_O3R2m8gNaIY`0ZM\\An8]NXH[ONbc0h7S]OYH^OMbc0f7R]OZH_O0`c0b7S]O\\H_O4]c0h6T\\OdHR1=@9Xc0d6[\\ObHm0`0B<Sc0_6g\\O^He0f0C<Vc0X6S^O[IkN8Wc0Y6o]O^ImN4Zc0Z6j]ObInN2\\c0a0i[OP4n1\\KSOM]c0<m[OT4d1dKSOIhc0Im[Oi4X1eKTOGUe0b4h[OgKVOCTe0d4g[OiKZO\\ORe0j4d[OjKWf0U4iYOkKWf0U4iYOkKWf0U4hYOlKXf0T4hYOlKXf0T4iYOkKWf0U4iYOkKXf0T4hYOmKVf0T4jYOlKVf0T4jYOlKVf0T4jYOmKUf0S4kYOlKUf0U4kYOkKTf0W4kYOhKUf0Z4jYOfKUf0\\4jYOcKVf0_4iYOaKVf0a4iYO_KUf0e4iYO[KTf0k4iYOUKVf0m4iYOSKUf0o4kYOQKRf0S5mYOmJne0[5oYOeJoe0`5nYO_Joe0g5oYOYJhe0Q6WZOoInd0o6oZOQIld0V7R[OjHmd0V7T[OjHjd0V7X[OjHgd0d4dZOYLe0TOed0c4jZOTLc0YObd0c4T[OgJgNo0d1G`d0d4`[O\\K30ac0@X[OT5\\1PK0<Zc0JQ[Ok4P4[Km`0b5T_O^Jl`0b5T_O^Jk`0c5U_O]Ji`0e5W_O[Jh`0f5X_OZJf`0h5Z_OXJd`0i5]_OWJ^`0n5b_ORJ\\`0Q6c_OoI[`0S6e_OmIY`0U6f_OlIY`0U6g_OkIY`0U6g_OkIY`0V6f_OjIZ`0V6g_OiIY`0X6f_OhIZ`0X6f_OhIZ`0Y6e_OgIZ`0Z6e_OgI[`0Y6e_OgI[`0h1i[Of1k3bL\\`0b1R\\Oj1a3dL]`0_1W\\Ol1[3eLi5YOf0U2XFm1X3eLf5Dc0h1bFo1T3eLe5Gd0c1fFQ2P3eLc5Jg0^1iFS2l2eLc5Kh0\\1kFT2i2eLe5Kg0Y1nFY2QOlKV3g0Z6F`0\\1RGn2l1PLc6G?X1SGS3i1nKf6H=T1WGX3c1lKi6J;P1[G\\3_1jKk6J<o0ZG]3_1jKl6VOWFa0T:P1[G`3]1iKR7F6o0\\Gb3\\1iKS7E5o0]Gd3Z1hKZ7@OQ1_Gg3X1hKZ7@0n0`Gk3U1gK\\7@Ol0aGm3T1gK\\7DLe0fGQ4Q1fK^7CKd0gGT4P1eK_7BKb0hGW4n0eK^2EXOMe5`0hGZ4l0dK[2J\\O]OaK7T:a0iG^4k0cKm19NTOb5?jGb4h0bKl1;2POa5>kGf4e0aKl1=3nN`5=mGh4c0`Kk1?7jN_5=lGl4b0_Kj1?e:UOPCn4`0^Kj1`0f:SOQCo4>_Ki1a0i:oNQCR5<]Kj1c0i:mNRCU59[Kk1d0h:kNWCX54YKl1e0h:hN\\C[5NXKi1j0X1\\NT46PI]5IWKj1k0Y1\\NR46UIH_M_5T2\\Kk1l0\\1[NQ44^I[5VOZKn1m0^1XNQ44aI`5lNXKQ2o0R;WN`D`5SNZKY2P1U;UNfD_5hM\\K[2Q1W;TNjD`5_M\\K^2Q1[?a3V^O^K\\2S1a?Aj\\O[2V1RM^2R1^;PNREX1WLe2f0RMb2Q1`;PNRET1]Lh2;UMd2o0e:RNdBN\\3R1^Lk27TMf2n0c:YNcBH_3R1^Ln23RMi2n0c:[NbBEb3o0`LS3LQMl2m0d:^N`BCc3m0bLV3YOnK3X1[3f0e:aN[BCf3g0gL_3TOQM_3d0e:eNYBAh3c0jLn4_2ZLf:fNWB_Ok3a0jLP5]2ZLh:hNSB_On3=lLR5Z2ZLh:ZOSFYOkLS5Z2ZLh:ZOTFXOjLT5Y2ZLi:\\OTFUOjLU5Y2ZLi:]OTFSOjLV5Y2ZLh:_OTFQOkLV5X2ZLi:ATFnNkLW5X2ZLf8VNjE]1]2kNlLW5V2[Lg8YNhE[1_2hNmLZ5T2ZLf8\\NhEZ1`2fNnLZ5T2ZLc8`NjEV1a2fNnLZ5S2[Lb8bNkET1b2dNnL[5S2[La8dNjET1c2bNPM[5P2[Lc8eNjET1b2aNQM\\5o1ZLd8fNiEU1b2]NSM`5k1YLg8fNgEV1c2[NTMb5i1WLi8fNgEW1b2ZNVMb5f1XLk8fNfEW1b2YNWMb5f1XLk8fNfEW1c2XNVMc5e1YLl8fNeEW1c2WNWMc5d1ZLm8eNeEW1d2VNWMc5b1\\Lo8dNcEX1e2TNWMd5b1]Ln8dNcEX1f2RNWMd5b1_Ln8cNcEY1e2QNXMd5a1`Lo8bNcEZ1e2nMZMe5_1aLo8cNcEY1S4c3ZMbLQ9aNbEZ1S4c3ZMbLQ9bNaEZ1S4b3ZMcLR9bN`EZ1S4b3YMdLT9_N`E[1S4d3WMbLV9`N_EZ1T4d3VMcLX9^N_EZ1S4f3SMdL[9]N^EY1T4l1QK[Mn1V1^9ZN_EY1T4l1RK\\Mh1X1c9XN^EW1V4m1QK]Mf1X1e9WN^EW1V4n1PK\\Mf1Z1d9WN_EU1W4m1RK]Mb1[1f9VN_EU1W4k1UK^M]1`1f9SN`ES1Y4e1[KeMR1g1h9kMbET1Y4c1^KgMm0i1i9iMcET1Y4?mJSNb0h0k0l1g9hMeES1Y4<VKoM:n0j0R2c9bMjES1Y4:]KmM2R1k0U2`9`MlER1[48^KoM0Q1j0Z2]9]MPFQ1[47bKlMMU1i0\\2[9\\MQFQ1[44lLSO]O]2Z9[MRFR1Z40PMVOYO^2[9ZMSFR1X4GZM_OPO_2Z9ZMSFS1W4^OcMFhN_2[9[MSFT1U4oNQKgNf2\\1fN_2[9\\MRFX1RO`Mk4W1]N6YN^2\\9]MQFo1[3oMPO7YN\\2\\9_MoER2Z3jMTO9VN\\2^9`MmES2Z3_M]Ob0nM[2_9bMkET2Z3kLOT1]MY2a9eMhEU2k7mMlHX2b9fMfEW2k7kMmHW2c9hMdEW2k7jMnHV2d9jMaEX2l7hMoHT2e9nM^EY2l7eMQIS2f9QNZEZ2m7bMSIQ2i9TNSE[2Q8`MSIo1k9XNmDZ2V8_MRIm1n9[NfD[2Z8]MSIk1n9_NaDZ2_8\\MRIj1P:d2PMbKoHj1S:a2PMeKmHi1U:_2PMhKjHi1X:\\2PMkKhHg1Z:]2oLlKgH]1e:d2fLoKeHP1S;n2ZLRLcHk0Y;P3VLULaHh0\\;R3TLVL_Hh0_;o2TLYL\\Hg0b;n2TL[LYHg0d;m2TL\\LWHh0f;j2TL^LUHh0i;g2TLbLQHg0l;e2ULdLnGh0n;b2VLgLiGh0Q<`2WLjLfGf0S<_2WLmLdGe0U<]2XLoLaGe0W<\\2XLPM^Gf0Z<n0hBoMa9=\\Gg0[<i0mBQN]9a0XGf0^<f0QCPNZ9f0UGd0`<d0VCnMV9k0RGd0b<a0ZCmMS9P1mFd0f<>\\ClMR9T1gFf0i<;_CjMQ9Y1_Ff0P=8bCfMP9\\4]3nMeCeMn8^4[3nMjC`Ml8b4X3oMoC]Mi8e4V3oMRD[Mh8g4T3oMUDXMh8j4Q3oMXDVMg8m4l2PN^DRMf8Q5d2SNgDjLe8U5W2fJQD_3T1eLd8Y5Q2\\N]EYLb8c5i1TNgEWL`8S6Z1gM5[2TMWJgI^3U9\\2PM\\JhIY3W9\\2nL_JiIU3Y9\\2lLbJjIR3Z9\\2kLdJjIQ3P1aLk4k58gJkIn2h0jLT5a58iJkIl2e0oLW5\\55oJmIg2d0RMX5X56RKlIe2>[M]5n47UKlId28bMc5d49XKkIc25fMe5_4:ZKjIc24hMf5[4;]KiIa23kMg5V4<aKhI_25kMf5T4=dKeI`27iMf5R4>hKbI_29iMe5n3a0mK]I^2>lM^5g3h0QLZI^2?lM]5c3k0VLVI\\2b0nMZ5\\3P1]LQI\\2e0mMW5W3T1dLmHZ2g0mMV5R3X1jLgHY2l0kMT5m2]1RM_HX2P1kMR5h2a1YMXHW2T1iMQ5d2e1j2ZIbJQ5a2g1n2XIaJQ5^2i1\\1jGoJ]1U1P5^2k1]1lGmJZ1X1o4V2R2f1hGhJX1[1n4k1_2P2_GgJV1]1l4i1a2R2cGbJR1b1k4h1a2R2iG^Jn0f1i4h1a2T2lGZJk0i1i4h1`2U2nGWJl0j1g4h1`2X2oGRJl0n1e4h1_2W2WHlIh0S2c4i1]2Y2gJmKm2h1[2Z2lJmKi2h1X2Z2VKkKc2j1o1oK\\G]6X4hK^2j1i1f2mK]K[2l1f1e2XL[KS2n1e1d2^L\\Km1o1f1a2gLZKc1T2f1_2nLZK\\1W2f1\\2VMXKT1[2\\LZLP2o5f0ZKn0\\2[L_Lo1f5n0^Kh0\\2YLdLP2`5S1^Ke0\\2WLhLQ2[5X1_K`0]2VLlLQ2U5^1aK:]2WLoLQ2n4d1dK4^2VLUMo1e4m1fKN_2ULaM]MTOf3S5o2hKH`2ULZNQ1X3Z3kK@c2SL^NQ1n2f3lKWOg2RLbNo0h2Q4hKoNn2mKgNR1a2c;hNYCjNT1[2e;lNUCjNV1X2g;nNQCmNX1S2h;POnBoNZ1o1j;SOjBPO[1l1k;UOhBQO^1h1l;WOdBSO_1e1n;XObBTO`1c1o;ZO_BUOb1`1o;[O]BXOc1\\1P<^OZBXOf1Y1Q<_OWB[Oh1U1Q<ATB^Oi1P1T<CoAAl1l0U<CmAFk1g0X<DjAIm1a0Z<GfALn1=3QLa8g3[ENP2:O]L_8\\3^E2R26MbL`8W3^E4T23HlLb8n2_E6V20ERMd8i2^E8W2OYO^MQ9\\2\\E9Y2NTOdMV9W2ZE8\\2NgNPNb9l1XE8]2MeNSNf9j1TE8`2M`NVNl9i1lD8g2J^NXNo9f6aGUKZNZNU:a6_GWKYN[NX:^6\\G\\KUNZN`:Z6WGbKSNXNf:W6nFlKRNTNP;P6iFOW92gFOoNhFn8Y9RH0kNoFP9R9TH0hNSGR9m8UH1cNZGV9f8VH1bN^GS9b8ZH0bNfGn8[8^HLfNoGg8V8bHG`NjFAR2k8^7RIFbNWIV8U7VIBhNYIP8W7VI^OmN\\Ij7Z7VIXOTO^Id7\\7VIUO^O_IS7a7\\InNFbIi6e7\\IjNNbI_6k7\\IfN8^IX6R8YIdNb0lF_NW2b7_8RIeNT1jHi5gb0XJb[OYNQ1\\7_c0dJV[OSNZ1W7bc0hJoZOUN^1Q7ec0XKZ\\Of4hc0[KV\\Od4lc0\\KT\\Oc4lc0_KS\\O`4nc0aKP\\O_4Qd0bKm[O^4Td0bKl[O^4Td0dKh[O^4Xd0dKd[O^4\\d0dKa[O^4^d0cKgZOYM2N0Y7Ve0XLfZOj3[e0ULeZOl3[e0RLgZOn3Xe0QLiZOo3Xe0PLiZOP4Ve0PLjZOR4Ue0mKkZOU4Te0jKmZOV4Se0iKmZOX4Se0gKmZOZ4Se0eKmZO\\4Se0cKmZO^4Te0aKjZOa4Ve0_KgZOd4Ye0[32O2M1O001O1O10O01O0000UM]Ee_Od:U`0eEg_O[:W`0iEg_OW:g<RE^Dk0iNS:i<SE[DP1hNm9m<UEWDS1iNh9o<YETDR1dMTO1a:Q>QE\\A8l2X1\\MUO:Z:Q>SE\\A7l2Z2gM[8Q>dEVDS2hMY8l=lEZDl1]M[M1m:W>UFRDX=n;jBoCV=R<lBkCU=U<nBfCT=Z<nBdCQ=\\<PCcCQ=X<aAgA`1P2o<X<WCfCj<Y<WCgCi<Y<XCeCi<[<WCgBYNTO0=c>h=WCaBbN[OR<4eEP>HkARN?X<E]D5_1l=JjATN>V<JYD5a1j=LiATN>U<MVD4e1h=LiATN=V<2lC5n1c=LhAUN>U<n0iEl<MhAUN=V<o0gEm<4PBX:U1aEm<6mAZ:W1^Em<8lAZ:W1^Em<8lAZ:W1]En<:kAX:W1]EP=:mAU:S1aEP=;hAX:Y1[EP==dA[:\\1VER=?aA\\:^1SER=a0^A^:a1oDR=c0\\A^:e1lDR=d0YA`:h1iDQ=Z=oBdBS=[=nBdBS=[=nBcBS=]=nBbBS=\\=PCaBQ=_=PC_BQ=a=PC]BQ=b=QC]BP=a=RC]Bo<c=RC[Bo<d=TCYBm<f=UCXBk<g=YCUBi<g=^CTBd<Z=h@]BU33T<`=c300000O1N2N2O1O1O1O1O1O2O1O2N1O1O10O01O1O1O1O100O100O010N2O1O2M2N1O2N1O2M3M2M4K5K5L4I7LQN^_OSDa`0k;d_OSD[`0l;h_OSDW`0l;l_OSDR`0n;Q@PDn?P<S@PDk?Q<V@oCi?Q<Y@mCf?T<[@lCc?U<_@jC`?V<a@jC^?V<d@hC\\?X<e@hCZ?X<g@hCX?Y<h@fCX?Z<i@fCW?Y<j@fCV?[<k@dCU?\\<j@eCV?[<j@dCX?[<i@cCY?\\<g@dCZ?Z<g@eC`?U<`@kCk?i;V@VDl?i;U@UDk?k;U@VDi?l;W@SDi?n;W@QDi?P<W@oCh?S<W@mCi?S<X@mCf?V<Y@iCg?X<X@hCg?[<W@eCh?^<W@aCh?a<W@`Cg?c<W@]Ci?d<W@[Ch?f<X@ZCh?g<W@YCh?h<X@XCg?i<Y@WCg?j<X@VCg?k<Y@UCf?l<Z@UCd?l<\\@TCc?m<]@SCa?o<_@QC^?R=b@nBW?Y=i@gBo>`=RA`Bk>c=UA]Bj>c=WA]Bh>d=XA]Bf>d=[A[Bd>e=]AZBd>f=\\AZBc>f=^AZBb>e=_A\\B`>d=aA[B_>d=bA\\B^>d=bA\\B]>d=dA\\B\\>c=eA]BZ>c=hA\\BX>c=iA]BX>a=iA_BW>_=lA`BT>^=nAbBS>Z=QBeBo=Y=SBgBm=o<^BPCb=n<`BRC`=n<`BRCa=n<_BQCa=P=^BPCc=o<^BPCb=Q=^BnBc=Q=^BmBd=R=\\BnBf=P=[BoBf=P=ZBnBg=T=ZBhBg=Y=\\B^Bi=c=YBVBl=j=^21O100OjMd]OVF[b0h9l]OUFRb0i9T^OTFka0k9Y^OSFfa0m9\\^ORFca0n9`^OQF]a0P:e^OoEYa0R:i^OmEVa0S:l^OmESa0S:n^OlEQa0U:Q_OiEo`0V:S_OiEl`0X:V_OfEj`0Z:W_OeEi`0[:X_OdEh`0[:Y_OeEg`0[:Z_OdEf`0\\:Z_OdEf`0\\:[_OcEe`0]:\\_ObEd`0^:\\_OcEc`0]:^_ObEc`0]:]_OcEc`0\\:__OdEa`0[:__OeEa`0[:`_OeE``0Z:`_OfE``0Z:a_OeE``0Z:`_OgE_`0Y:b_OfE``0X:a_OgE``0X:`_OhEa`0W:`_OiE_`0W:a_OiE``0V:a_OiE``0V:`_OjEa`0U:__OkEa`0U:`_OjE``0V:a_OiE``0V:a_OiE_`0W:a_OiE_`0W:b_OhE^`0X:d_OfE]`0Y:d_OeE]`0\\:c_ObE_`0]:b_OaE_`0_:c_OYEd`0g:a_OoDd`0R;^211VHlZOQ4Ue0lKoZOR4Re0YIgZOe1:Q5Pe0TIkZOj15R5Re0oHmZOm12U5Re0fHS[OT2LW5ie0hJXZOZ5fe0fJ\\ZOY5ce0fJ_ZOZ5`e0fJaZOZ5^e0fJcZOY5]e0gJdZOY5[e0fJgZOW3[O_Lne0:gZOV3^O]Lle0<hZOU3^O^Lje0=hZOT3@^Lhe0>hZOQ3D`Lde0`0gZOn2HaLae0a0hZOk2JcL_e0b0fZOj2LdL^e0d0dZOg20eL[e0f0cZOc25fLXe0m0]ZO\\2<gLWe0P1YZOZ2a0fLVe0Y6lZOfITe0Z6mZOgIRe0W6P[OiIPe0V6Q[OjIod0U6R[OkInd0S6T[OmIld0R6U[OmIld0R6U[OnIld0o5V[OQJld0l5U[OTJmd0i5T[OWJnd0e5T[O[Jod0a5R[O_JSe0[5mZOeJVe0W5lZOiJVe0T5kZOkJXe0R5iZOnJXe0P5iZOPKXe0o4hZOQK[e0k4fZOUK^e0f4cZOYK`e0e4`ZO[Kbe0b4_ZO]Kce0a4^ZO^Kde0`4]ZO_Kee0`4[ZO`Kfe0^4\\ZO`Kfe0_4ZZO`Kge0_4YZOaKge0_4ZZO`Kge0_4ZZO`Kge0_4[ZO_Kee0a4\\ZO^Kde0c4\\ZO\\Kde0d4]ZOZKde0g4^ZOVKae0l4`ZOQKae0o4bZOmJ_e0T5bZOiJ_e0X5bZOdJ`e0]5`ZOaJ`e0a5bZOVJde0j5b22O001N2OVNeUO\\MYj0d2jUO]MRj0c2oUO^Mni0c2TVO]Mii0e2WVO\\Mgi0e2YVO\\Mei0d2]VO\\Mdg0`NbYOU4jN\\Mag0cNbYOR4mN[M`g0eNaYOP4PO\\M]g0QOUYOe3^O[M[g0TOQYOd3EXMYg0ZOiXOa3NUMXg0c4iXO^KUg0c4kXO^KSg0c4nXO\\KRg0d4nXO^Kof0c4QYO]Knf0d4SYO\\Klf0d4TYO]Kjf0e4VYO[Khf0f4YYOZKef0g4[YOYKef0g4[YOZKdf0f4]YOYKcf0g4]YOYKcf0g4^YOYK`f0h4bYORJ]O4Rg0i5iYOfI^O>if0l5eZOSJ[e0m5fZORJZe0l5iZOSJXe0k5jZOSJWe0k5mZOSJSe0k5P[OQJWd0LPZOP6Q2jImc0c0kYOb5mh0n03M4OO1QOiHTXO1G^7Sh0j0J4ON4K501N200O11O0O2O1O1O20O0000001O0000000000001O1O2N3M1O0O2O0O2O1N2N2N2N6J8Hb0]O8I3K3N3M2O1O1O0010O0O2O001O010O010O00N2O1O2iNdUOTL^j0k3fUOoK\\j0Q4hUOiK[j0W4iUObKZj0]4jUO\\KYj0e4k0O01000O10001O00001O000010O0001O01O10O00010O0001O100O1O2N100O1N3N3L3M2M3N3L6JkMZUOeN_j0[1fUOdNVj0\\1mUOeNni0]1TVOcNii0]1YVOdNci0_1^VOaN_i0`1bVO`N[i0c1fVO\\NXi0e1iVO[NTi0h1mVOWNnh0n1RWORNih0S2XWOlMdh0W2]WOiM_h0[2aWOeMZh0`2gWO^MRh0j2nWOUMhg0W3WXOiLfg0Z3ZXOfLdg0\\3]XObLbg0`3^XO`Lag0b3^XO]Lbg0d3^XO\\Lag0e3_XOZLbg0g3^XOXLbg0h3^XOXLbg0h3^XOXLbg0i3]XOWLcg0i3]XOWLcg0j3\\XOVLdg0j3\\XOVLdg0k3[XOULeg0l3ZXOTLfg0l3ZXOULeg0l3ZXOTLfg0l3ZXOTLfg0m3YXOSLhg0m3XXOSLgg0n3XXORLhg0n3XXORLig0n3WXOQLig0o3WXORLig0n3VXORLjg0n3WXOQLjg0n3WXOQLig0o3XXOQLhg0o3ZXOnKgg0Q4[XOmKgg0R4ZXOkKhg0T4ZXOjKjg0PObWOZ4f0dL_h0]3cWO_L^h0a3eWO\\L\\h0d3fWOYLZh0f3iWOXLXh0g3jWOVLWh0j3lWOlK\\h0S4gWOiKZh0X4P200O1M3_O^TOoKdk0P4?2O000O2N2M3L4N2N101N200O100000O2O0O2N100]NmSOdNTl0X1TTOcNmk0[1WTOaNkk0]1XTOaNik0^1[TO^Nfk0a1^TOZNdk0e1^TOYNck0g1_TOUNck0j1aTOoMck0P2fTOfM\\k0Z2`1N100O1O101N2N3M3M3M2N2O1N2O0O2O001N3M2O2M5J9G6J5J;@Zmn1"}}]}