{"categories": [{"id": 0, "name": "background", "supercategory": "background"}, {"id": 1, "name": "coral", "supercategory": "coral"}], "images": [{"id": 0, "file_name": "images/0817_C01_04.jpg", "width": 1044, "height": 1044}], "annotations": [{"id": 0, "image_id": 0, "category_id": 1, "bbox": [14.0, 15.0, 1016.0, 1016.0], "area": 1032256.0, "iscrowd": 0, "segmentation": {"size": [1044, 1044], "counts": "Qd>3mi02aVOL`20PN5NNB0K5\\72iHF04M4MIh27VMMg0KT:;RE07EU28eM32OL25NK42;3^O4Jc04MOY3]2VNjNjMkN6O1OY8N`G3OMc0[1_OkNf1MZNj4NoL2[N1b0V2m1GUOQNnN2\\Od7e0YHa13kMR1V9ZOdF@4?2Df2f1c0e54cHfLg0I\\O_96RGJILc2b1Q1hNPLb0Ng4W4RKd:j0[EhNoKb0Mi4V4bJiK8j>`0XA@U4JmKc0Ng4W4bJiK8j>>[AAR4KmK4J42U5V4aJjK8k>8aADl3NlK4J44^5j3UJWL:i>0hALe3NmK4H46d5l3WJP;OfAMe3MPLf0JZ5]3PJgL5k>MfFc0\\J[5j3UJ_a06gZOe5j3UJ`a05fZO9Hg4R4kJaa04dZO:Jg4T4hJaa04aZO;MHLe4Sj0SKUVO`0MC7b4Tj0iKZVOW4ei0gK^VONWOL2\\3Yj0hLbVOMVOK5\\3Sj0dLjVO5nNJ7\\3`k0jLZTOJ6[3`k0kL[TOJ5Z3`k0lL\\TOJ4Z3^k0mL_TOG4\\3\\k0nLRUOR3mj0oLSUOR3jj0PMVUOP3jj0PMWUOo2jj0PMVUOP3jj0PMVUOP3kj0oLUUOR3kj0lLVUOU3oj0dLRUO]3Si0bLhXO^3Wg0eLgXO\\3Xg0dLaVO0^1^3og0bLdVOO^1_3mg0aLgVON]1b3kg0`LiVOM\\1d3jg0^LkVON[1e3jg0[LkVO2Z1e3ah0]L_WOf3]h0[LcWOf3\\h0ZLdWOf3]h0YLcWOf3^h0ZLbWOf3_h0YLaWOf3ah0YL_WOg3`h0ZL`WOe3`h0\\L`WOc3ah0]L_WOc3`h0^LaWO`3ah0^L`WO`3bh0`L^WO^3eh0aL[WO^3fh0bLZWO^3fh0bLZWO]3fh0eLXWO\\3gh0eLYWO[3Y1bLoc03hZO[3Y1bLoc03hZO[3hh0dLXWO\\3]1`Lkc03hZO]3jh0bLVWO^3Pk000O010001O1O001O2N2N001O2N001O1O5K4L1N100010O0001O001O000000001N10000O2N01O1O2M2O1O1N3N1O10000N2K5M2N200100001O00010O01O2O0O1O1O6J2M1000000000000001O01O00O10000N2N2E;N20O11O00000001O10O00000O1O1N2L4J6M3O100O100000kWOVM`b0j2^]O\\M]b0e2c]O\\M\\b0c2e]O^MZb0`2i]O`MVb0X2R^OiMna0R2W^OnMha0P2o[OeMaN<`e0n1j[OnMmMGgNO4OL>dg0m1i[OTNhMKmNIK;3B_g0[2o[OYNaMHQO80]O^g0Y2P\\O\\N`MFRO71^O]g0Y2P\\O\\N`METO7O^O^g0Z2o[O\\NaMCUOHJ;hg0n1h[O\\NbMAZO2^g0Q2e[O^NbM_O[O2JH[g0V2k[OfNdM]OUO5OD\\g0R2l[OjN]MQOZO<O51D\\g0m1o[OnNYMSO[OP10RO^g0j1P\\OQOWMSO[OQ1OQO_g0j1P\\OQOWMRO\\OR1MRO`g0h1Q\\OSO^M:bf0c0o[OTO_M9bf0b0n[OWOQMSODT1^g0a0j[O]OPMSOFi0NnNbg0h1j[O_OoLTOE8OHig0\\1_[OHmLJLQOhg0]1_[OJiLJ0oNgg0]1a[OJgLK1nNgg0[1c[O]1fLYMfg0X1f[O^1eLZMeg0X1d[Oa1fLWMfg0W1b[OU2`d0iMTZOnNYNGMh3gg0aMoYOk3Qf0ULmYOg3YNkJlg0\\1lYO`3YNUKRh0[1eYO_3cf0aL]YO]3ef0cLYYO^3hf0bLTYOc3kf0^LbXOeNVOS5Xh0XL`XOW4_g0iK`XOX4`g0hK^XOY4cg0gK\\XOX4fg0hKZXOW4gg0iKXXOW4ig0nKdWO_NMh5`h0S21O100N2L4O100O1O100O1N2O1TORWOPJPi0h5ZWOfIVi0T6h0ZMlUOdN\\j0Z1bVOXMPj0f2UVOnLTj0o2QVOhLVj0X3c1001O0001O000O100O100O1N2N2N2[OeROoM]m0P2fROmM[m0Q2hROlMZm0P2lROkMWm0R2g0L4C=N2O1O1O1N2M3M3N2N2O1O10000O1000000000000000000001N1000000000000P\\OQO[8P1dGQO[8o0dGUOY8l0gGQO[8o0e;1O2N2M3M3N2L4L4M2O1O0O01000O01O2O0O2O001N101O1O001N1000N2N2O001001O000O2N1N3M3N1N2O001O2O1O000O2O00O1000000000000N2N200002N2O0O1O001O01O2N2\\QOnNWONVn0Z1ZROSOdm0n0TROYOkm0n0lQOVORn0g1O1O1O1O001O001O1O1O1O1O1O1O1O001O00001O001O000001N1O1O1N2K5O1O1N2N2N2\\Od0H8M3O0O2I7M3O1O10000O1000000O101O00000000000000000001O00001O001O1O0O2O1O1N2O2N1O1O1O100O000001O000O100O100O1O100O1O1O1OUROoNaNO]m0Q1QTO[Omk0e0nSOARl0=oSODPl0<oSOEQl0:PTOFPl0:nSOHRl07mSOJTl06hSONXl02`SO6`l0I`SO8`l0H_SO9al0G]SO;cl0E\\SO;el0EZSO;gl0EWSO<jl0DUSO;ml0FQSO:Pm0GnRO:Rm0N`RO7am0K\\RO5em0]10O1N2N2O1O100O10000O100001O1O2N3XROYM]m0h2aROZM^m0g2`ROZM<Lel0Q3ZSOQMel0n2\\SORMdl0n2\\SORMdl0n2]SOPMdl0P3\\SOPMdl0P3`0N2J5K6N2O1N2O1O100O1O100O100O1O1O1N2N2O1O1O100O100O100N3N1N1O2N2N2O100O1O1O1000000O1M3K4N3O1O10000O]TOUO_g0j0_XO@XLCg02Ri0k0bXOZOaNd1jh0QO_XODdN^1kh0nN`XOFdN_1ih0kNaXOHeN^1jh0iN`XOMdN[1kh0hN`XOOdNY1lh0hN`XO0bNY1nh0gNeWOUO]Om0MY1Qi0eN`WO\\O_Og0NZ1Si0cN^WO_O@e0MY1Vi0cN\\WOA_Oe0LY1Yi0aN[WOC_Od0KY1[i0`NZWOD@c0KY1[i0`NXWOGAa0KX1\\i0aNVWOHAX3Yi0QMSWOK^OV3ai0SMkVOP4Vi0e12O2O000O100O1O1G9H7L5N2O1N2DYUOfJlj0m4d0J6M3N200O2N1O1M2L5M3N2O1O1M3N2O1L4O1O2O0001O002N2N1O1O2N001O1O00000000O1000000001O2N2N2N1O6J3M3Mf0ZO2[UOeJmi0b5eUOfJZj0k5O1O1O001O00000000001O001O001O001O000000O1L4F:G9L5M2O001N2M3M3L4M3D`TOcKak0Y4dTOeK]k0Y4`0M3I7VOj0M3N200O100O1O1O1O1N2N2O100O1O1L4M3N200O10000001O1N4M2cRO_Mcl0k2QSOZMll0Z3L3N4L3M3L4M2M2O1N101N11O0010O001O1N2Oo0QO5K4K6K:F1O1O1O1N1O2N100O2O1O0001O1O1O1O1O000O1N2L5QOPVOTKTj0j4l000O100O1O1O1N2N2O100O1O1O2L3O1O1O100000000O1O1OnNcKnUO\\4Tj0dKlUO[4Uj0eKkUO[4Uj0eKkUOZ4Vj0fKjUOZ4Vj0fKjUOX4Xj0hKhUOW4Yj0iKgUOU4[j0kKeUOT4\\j0mKdUOQ4\\j0PLcUOP4^j0PLbUOP4^j0PLbUOo3_j0QLaUOa3SObLak0L]UO_3Rl0L4O1O11O0000O1N3L3L4O1O1N2N2O1M3N2N2NUTOfM`i0X2aVOjM]i0V2cVOmM[i0Q2gVOoMYi0P2gVORNXi0m1hVOVNWi0g1iVO]NUi0b1hVOdNVi0[1kVOgNSi0Y1lVOjNQi0V1PWOmNmh0S1SWOVOch0j0]WOYO_h0g0bWOZOZh0i0fWOYOog0`NlUO[2T2WOoe0\\NhYOa2<UOje0[NiYO_2>WOie0ZNhYO`2?VOie0ZNhYO_2`0WOhe0ZNhYO_2?XOie0YNgYO`2HbMROe1^g0[NfYO`2GdMROb1ag0ZNeYOa2DhMTO^1cg0YNcYOd2BiMWOZ1dg0YNaYO\\3nNRMKZ1T1WNod01S[Oa3jNoLL[1S1RNhN4[f0OT[Ob3hNPMK\\1T1YNTe0IT[Oj6H]ITe0IT[Oi6H`IRe0HU[Oi6GaITe0EV[Oj6AgIXe0_OW[Oi6_OkIYe0]OX[Oh6]OnIZe0ZOY[Oh6[OPJ]e0WOY[Oh6YOSJ]e0UOZ[Oh6YOSJ]e0UOZ[Oh6XOTJ^e0TOZ[Og6XOWJ^e0QOZ[Oh6WOXJ_e0PO[[Of6VO[J`e0mN[[Oh6TO]JUg0c5jXO]JWg0c5hXO^JXg0b5gXO_JYg0a5fXO_J[g0a5cXO`J^g0`5`XOaJ`g0a5\\XOaJ`e0gNV\\Oi6WN`Jee0hNS\\Oi6VN_Jhe0hNR\\Oj6TN^Jje0iNR\\OZ8nc0fGR\\OY8oc0gGQ\\OW8Qd0iGo[OT8Td0lGl[OR8Vd0nGj[OQ8Wd0oGi[OQ8Xd0nGg[OS8Yd0mGg[OS8Yd0mGg[OS8Yd0lGh[OS8Zd0lGe[OU8[d0kGd[OQ7VNlIVh0P6XXOgIRf0]OmZOl6SOgIPf0^OlZOc6dN[Ib0c0ne0_O^YONY1`6IQJ_e0B_YONW1^61hI_e0LYYONW1[6Pg0cIlWO3NOU1Z6Qg0hIkWON0NU1[6nf0mI_YOR6af0PJ^YOP6bf0PJ]YOQ6bf0oImWOF\\1\\6gf0nIlWOH[1[6if0mIlWOH[1\\6jf0iI]YOW6ef0gI\\YOY6ff0cI[YO^6^h01N2M2G]I^VOe6ai0\\I]VOf6ai0\\I^VOf6`i09N2M2O00VIeVO\\6Yi0eIhVOZ6Wi0gIiVOY6Wi0gIiVOX6kg0YI_YO>gNY6ig0[IPYO1@9HZ6ig0\\IjXO7E0J]6gg0\\IfXO<BDO80\\6hg0]IdXO>DB08OZ6jg0^IbXO`0CA20M21^6fg0^IZXO2<g0GWOM40]6gg0fIeXOb0G@MW6lg0dI_XOd0IU6ig0WI_XOc0IT6kf0UI\\YO0L53`0LV6hf0WI[YOON52?MV6hf0VI]YOOL53a0KU6jf0UI]YONM6HJ3j00S6Sf0TI\\[O3^NN2b0L_O67IV6Rh0bISXOO0c0L_O58JW6Qh0^I^XOb0D@2_7Rh0bHkWO1:o7Rh03ZYOkGid0V8P[OWHid0GgYOj7^1bHjd0DhYOj7U1QHnNe0ne0\\OQZO3Ok7P1QIgd0PO\\ZO3M2Oj7o0SIXd0oNU[O2E[8l0gHYd0nNmZOOOd8i0aHlc0kNZ[O3NS9k0PHi=hN]Ge9jJeGg=hN^Gc9kJeGg=iN]Gb9kJfGg=iNWGM\\J3L21o8h0XHi=fNVGN\\J2N2OP9f0[Hnc0cN][O2O9OW8e0oHnc0`N^[O019OW8c0SInc0]N`[ON14NM2`8`0VInc0[Nh[O1JL1b8=YIoc0XNb[ON130L1c88\\ITd0TNa[O0110N1b84`IXd0oMb[O1001N1d8MeI]d0hMd[O1001N1U;Vd0]Ei[O_O0V;Ud0[Ek[O_OOX;Sd0S1N3M2O0O2N\\CV\\Oa<oc01OO1003L1N2O1O7H2M3K4e@hBY;Y=dDkB[;U=eDkB[;V=cDkB\\;V=dDjB\\;U=cDlB^;S=`DoB`;Q=^DPCd;o<dCmBdM5h>n<cCoBbM5j>l<dCRC^M4n>j<cCTC]M4j>m<hCRCXM6n>h<jClCU<T<jCmCW<Q<jCoCV<Q<jCoCQ<gNWA[=h2nCP<W<PDjCd6fNjKa=bMjC]6mNoKX=dMlC\\6nNoKImJU=g2UD\\6oNPLEoJT=S2iB[N_1c8ROSGAb4M]KS=n1WCXNV1d8DQLk;RMaCRNS1X8`NQHT1g4^;oLgEW6mMnGQ1R5S;hLQFU6oMPHm0T5R;gLSFS6PNPHl0o4hNnJX<Q2TFQ6CmGnMo45PKW<R2TFQ6HjL\\:TMlER6JhL[:TMlES6MeLY:nLTF[64WHRMf3h<dMTF^6c0YHcLQ3j<UNQFa6c0WHdLi2ORMo<X1kEf6d0VHeLh2NUMW=m0bEP7d0THhLi2KVMY=j0aE\\6QM\\IR4V2j9nMTE[6ZMXIn3`1iKcN0FT><PET3oM_NT4\\NTKAH4Qc0R1l\\OoN0W1<fNP1g1hh0bNnUOIQ1=b1D[MN:4]e>"}}]}