{"categories": [{"id": 0, "name": "background", "supercategory": "background"}, {"id": 1, "name": "coral", "supercategory": "coral"}], "images": [{"id": 0, "file_name": "images/0836_C01_02.jpg", "width": 1044, "height": 1044}], "annotations": [{"id": 0, "image_id": 0, "category_id": 1, "bbox": [13.0, 12.0, 1018.0, 1018.0], "area": 1036324.0, "iscrowd": 0, "segmentation": {"size": [1044, 1044], "counts": "mm=62N21_>e0eJJ^GE`20mNi0P<3UCG16b0QOgNS16NC@f1o0_OI^<LWCJL8:Y1lNgN0^Oa1`1WOYO^3fNj4S1lGKK>Nj2VO_Lb1g1dN^OP4\\Nm4n0lGLL>Hk3n0]Od2cKl4l0mGKL`0El3R1ZOc2dKm4k0mGLK`0Bn3V1VOc2fKm4k0lGLJa0Ao3Y1ROa2jKn4i0lGLJb0^Oo3]1oNa2lKn4h0mGLHc6l0kLb2oKm4h0lGLHb6m0iLc2QLn4h0iGMHa6n0hLb2TLo4f0iGNG`6o0fLc2WLn4e0jGNE`6P1eLc2YLo4d0hGOE_6P1eLc2ZLQ5c0hG0A_6S1bLc2^LR5`0hG2^O^6U1aLc2^LT5a0fG4[O]6W1`Lc2_LV5a0dG4YO^6Z1\\Ld2aLV5b0cG^5WOfJL^O`1Z3c2cLX5b0aGZ5\\OgJI@^1Y3d2fLX5`0aGX5^OiJG@^1X3d2gLY5a0`GU5_OkJF@^1W3c2iL[5a0^GS5AmJD@^1U3d2jL\\5a0^GQ5ASLQ1a1c2jL^5b0]Go4ASLR1a1b2kL`5a0\\Gn4@VLQ1_1c2lLOTO\\1^1bKk4_OXLQ1]1c2oLK[O]1V1fKi4_OZLP1[1d2QMH_O_1Q1fKj4_OZLo0[1e2RMEBa1n0gKh4_O[Lo0[1d2RMEEb1j0gKh4@\\Ln0Z1d2SMCHd1g0hKg4_O]Ln0Y1d2TMBJe1f0hKb4BaLj0Y1d2UMALh1b0hK]4E]KAFU1k2c2YMAKk1a0gKV4HcK@FQ1j2e2[M^OOn1<hKS4GfKAFP1h2e2_M[O0Q2;gKo3HiKBEm0h2f2aMZO1S28fKP4GjKBEn0f2e2cMYO2W25dKo3HmKADm0f2f2cMXO3Z24bKm3IoK@Dl0g2f2bMXO4\\23aKl3IPLADj0g2g2bMVO5a22^Ki3JSLADh0g2g2cMUO6e20\\Kf3LUL@Ee0h2h2bMUO7h20ZKa3NZL^ODe0g2g2dMTO8l2MYK`3M\\L_ODc0f2i2eMRO9n2LXK`3L]L@Cc0e2h2gMQO:Q3JXK^3L_L_OCb0d2j2hMnN;V3HUK_3K_LAC`0d2j2iMmN<Z3FSK]3KbLAA`0d2j2kMhN?a3BRK\\3IcLCA>b2l2mMeNa0f3@oJZ3JdLDA<a2l2oMcNa0m3_OmJS3KlLAA:`2l2QNdN?Q4_OjJl21SM[OB9_2k2RNeN?S4@hJh23UMZOC7^2l2TNcN?X4^OfJh22UM[OD6]2k2VNcN>\\4]OcJi22UM[OD6\\2k2WNbN>`4]O_Ji23UM[OD6[2j2YNcN=a4^O^Jf23WM\\OD5Z2j2ZN`N>h4]OYJf24WM\\OD5Y2j2[N^N?m4[OWJe24XM\\OE4X2j2\\N]N>R5\\ORJe25WM]OF3W2h2_N]N>U5ZOQJd25YM]OE3V2g2aN]N=Y5ZOnIc25ZM]OE2V2h2aN\\N=\\5ZOlIc25ZM]OE2V2f2bN^N<^5ZOjIa25]M]OD2U2d2dN`N;`5ZOiI\\27cMZOC2T2b2fN_N<g5XOfIU2:jMWOC1R2b2hNZN`0P6TOcIo1<QNTOB1P2`2kN\\N?S6UO`Ik1=UNSOA1l1b2oNYN?W6UO^Ij1;WNTO@1k1a2QOYN>Z6VO\\Ig1<ZNQO@3i1`2TOYN<\\6WOZIe1>\\NoN_O4h1_2VOZN9_6ZOVIc1?_NnN]O4h1_2WO[N7a6[OUIa1?bNkN]O6f1_2WO[N8c6\\ORI_1`0dNjN]O7d1^2WO]N9d6]OPI\\1`0gNjN\\O7b1\\2[O`N5f6_OmHZ1a0kNgNZO:b1Y2[OcN5f6@kHW1d0lNfN[O8b1Y2\\OeN2h6AhHW1d0nNeN[O9a1W2\\OhN2h6AhHT1d0QOeN[O8`1V2]OiN3i6@gHS1e0QOdN]O8_1T2^OkN1l6AdHQ1e0ROfN^O6^1T2^OjN2P7B`Hn0g0QOhNB2]1T2\\OkN6S7@\\Hh0m0UOfNCO^1P2]OoN7W7]OWHe0Q1YOcNDO[1l1@WO5V7^OSHc0S1ZOdNEL[1l1@YO5V7_OQHa0T1ZOfNEK\\1j1@ZO5X7^OoGb0R1ZOjNEH\\1k1@ZO6Y7]OmGb0R1ZOkNFH[1j1_O\\O7Z7]OjGb0R1YOnNGE[1h1A@6Z7[OiGb0Q1YOROHBZ1f1CC5Z7\\OgGa0Q1YOTOGA[1c1CH5[7\\OcGa0Q1YOVOG_O[1b1AN5[7^O^G`0R1[OVOE@[1`1YO9=T7_OZG`0R1[OXOE_O[1^1TOa0a0Q7@VG`0R1\\OXOE_OZ1^1SOd0b0Q7@SG?S1^OXOC@[1Z1ROj0a0S7@nFa0R1^OZOC^O[1W1ROQ1b0R7_OjFa0T1]O[OC]O^1T1QOT1a0U7_OeF`0X1[O[OF[O^1n0VO[1<V7_OaF?[1[O\\OFYO`1f0ZOd14[7A[F?[1\\O]OFXO`1>@l1M_7BUF`0[1]O^ODYOa15HT2Cc7DPF?\\1]O@DXOa1OMZ2]Of7EkE?^1^O@CXOa1H3a2VOi7FgE?_1^O_ODXOa1F3e2UOj7GbE>b1_O_OBYOf1XO7o2POo7D^E>d1_O_OBZOe4U2YLR8EYE:h1B]OA\\Od4T2ZLS8GUE8k1B]OB\\Ob4T2[LU8GQE8m1C\\OB\\Oa4V2ZLU8JmD7o1C]O@]Ob4T2[LW8j1jFjM]O@^O_4U2]LW8i1iFlM\\O@_O]4Q2bL]8d1eFnM^O_O@[4n1fLb8`1bFPN^O@_OX4P2hLe8^1[FTN_O@BQ4S2kLd8_1WFWN_O_OBn3V2lLe8_1SFXN@@Am3W2jLi8`1mE[NB^O@l3Z2gLk8d1gE\\ND]O@k3[2hLl8c1dE]NF]O^Ok3\\2gLo8c1_E_NI\\O\\Oj3^2fLR9d1ZE_NL]OYOj3^2fLW9c1TE`NN]OYOj3^2eLZ9c1PEaN0]OXOh3_2eL\\9e1mD`N1^OVOh3`2eL^9d1jDbN2]OVOg3_2fLb9c1eDdN5\\OTOh3^2fLf9a1aDgN6[OUOf3]2iLh9^1]DkN9WOUOh3\\2hLl9\\1VDPO>TOSOi3[2hLQ:X1QDVO?ROTOi3Y2fLV:X1kCZOb0nNTOk3X2cLZ:Z1dC_Od0jNVOk3V2bL^:Y1`CDd0fNWOo3S2_Lc:X1[CLc0^N\\OQ4o1^Li:V1WC1b0[N^OR4h1fJhMg1[=T1TC5a0XN@X4a1\\L\\;n0QC?9PNIY4^1YLb;n0lBj01hM2^4Y1oKl;Q1dBV1J^M=d4Q1fKV<Q1_Bn29=P1cK[<R1WBS3<9R1aK]<R7`B^MS1_K_<R7]B`MT1]Ka<S7WBcMo0bKm<k6nAhMQ1_KS=\\=jBeBX=S3lAoJOP:f0oG`=c2hB`4POUG0Og0i1c=`2TCl4YOcHd=`2VCk4UOfHe=^2YCi4ROiHg=[2`CeKTNl8c0UIj=V2iCc4[NXIn=R2kCULeMS8a0eIQ>R2VDT2VNmJAn0U>o1UDR2_NkJVOS1X>o1UDo1bNmJoNV1[>n1TDn1eNlJiNZ1`>j1SDn1hNlJdN[1c>j1RDn1iNnJ_NZ1h>h1QDm1kN[MU=f0RDl1lN\\MT=b0UDR2hNYMW==XDX2cNYMW=>WDX2cNYMV=?YDW2`N[MW=>YDV2aN[MW=>YDV2`N]MW=;[DW2_N_MU=5aD\\2YNaMU=1cD^2YNcMQ=LjD`2UNgMo<GnDb2SNiMl<EQEc2RNkMk<ATEd2QNPNf<YO\\Eg2mMZN]<lNiEk2iMjNn;VN]FQ3dMQOh;lMfFT3`MTOg;gMiFV3_MXOd;aMnFY3[MZOd;]MPG[3ZM\\Oc;YMSG\\3XM_Ob;UMVG]3VMAb;QMXGf3mL\\Oj;nLYGn3bLXOT<iLZGR4]LYOX<eL[GT4VL]O^<^L\\GW4QL_Oc<YL\\GZ4oK^Oe<XL[G\\4oK\\Of<WL[G_4mK\\Og<TL\\Gk:e8UEZGl:f8SEZG[7ZL^I\\<UO[GU7ZNnG[:l0\\Gm6oNiGf9Z1YGk6ZObGa9c1TGj6Q=VIoBj6R=VImBj6T=UIlBk6U=TIjBm6W=SIgBl6\\=TIbBk6a=TI^Bm6c=SI\\Bm6d=TI\\Bk6e=UIZBk6g=TIXBm6i=SIUBm6m=RIRBn6P>RInAo6S>PIlAR7T>oHhAT7W>mHhAT7X>lHgAU7Y>kHfAV7Z>jHfAV7Y>kHfAW7Y>iHfAX7Z>hHfAX7Z>gHfAZ7Z>fHdA\\7\\>dHbA^7^>bH`A`7`>aH]A_7R8iFQKj1iL\\7W8PGlJh1hLT7`8VGgJh1fLR3_MWNY;PMaJj1cLP3`MWN^;SM[Jh1cLo2eMRNb;YMSJh1cLm2hMnMg;_MlIh1bLk2kMkMj;eMgIf1aLk2nMiMl;kM`Id1bLh2RNhMn;nM\\Ie1`Le2WNdMP6PMFR1Cf1^Le2XNbMS6QMDS1Bf1\\Lh2WN_MZ<RNSIh1ZLi2WN]Mf5RMk0P1nNi1XLk5h3fGP1h0oNg1WLl5c3SHQ1;TOg1TLl5e3ZHo04WOg1QLm5c3aHS1LXOf1PLm5_3iHY1DXOf1nKn5Z3PI`1\\OXOf1jKQ6]3mHc1\\OVOe1iKS6Y3QIi1VOVOf1fKT6o2[IW2kNTOf1eKT6o2\\IY2jNSOe1dKU6m2_I^2gNQOe1cKU6j2bId2dNoNd1bKU6j2cIi2dNkNd1aKT6k2dIk2cNjNe1_KT6g2hIR3_NdKmNf0g2lMT6f2jIW3^NoJDS1Q2oMR6h2jIZ3^NeJg0YOXN7j2AQ6P3iI\\3\\N^JU2\\OX9h2VFc3\\NSJa2[Om8i2[Fm3WNhIl2ZO`8h2hFZ4kMbId?Y2aBV4kM^Id?_2`BT4kM\\Ie?a2`BT4jM[Ie?c2_B\\MlLn5o0SJf?W2\\_OSMX3<UMT6`0WJf?T2nCd3[LYJf?o1nBXMaM`6JYJg?n1dBWMPM6j0\\6JZJf?l1cBlMnMn5H\\Je?i1[B\\MYMc0Q1l5E]Je?h1VBZNdNa5@_Jd?g1nAaNPOY5]O`Je?e1lAdNROW5\\OcJd?c1jAfNSOX5^ObJc?`1iAhNTOY5^ObJd?]1gAjNWOX5]OcJd?[1eAlNYOX5^ObJc?Z1cAmNZO[5@_Jb?Z1aAmN[O]5A^Jc?X1[APOB[5@]Jd?Y1UAQOHY5^O_Jf?X1l@UONV5@^Jg?\\1]@WO8S5C]Jg?Z1m_OE>]MBZ7<[Jg?S4T@Q25mIh?P4P@V27lIS`0b3f_Oc26mIZ`0Y3__Ok25oIn`0c2l^O_36oITa0d:k^O^EVa0a:h^ObEWa0]:g^OhEWa0W1g^OY50bIYa0R1j^O[5McIZa0Q1i^O\\5MdIZa0n0j^O^5KfI[a0j0j^Ob5JeI\\a0:X_Oe8k`0mF`_OT9b`0fFa_OZ9c`0aF^_O`9d`0^F\\_Ob9e`0\\F\\_Od9f`0YF\\_Oe9h`0TF\\_Ol9i`0mEX_OT:o`0dER_O\\:\\a0TEf^Ol:\\a0PEf^OP;Y<aDSG<eLT;W<bDWG5bLZ;Y<^DWG4bL`;^a0\\Dc^Oe;Uc0100O2mHYDVIh;j6XDUIi;oJVDo9OQKn;nJTDm`0m;S_OSDl`0n;T_ORDS<1\\B1l3o;Z;kDcDU;P;\\EkD<`LQ8`>lGaA_Nd2_1bMT8W>nHPDgNQNY8m=TIRD[NXNa8c=XIXDPNWNi8]=]I]DbMZNQ9W=WGiAR1g2]N]N[9P=UGQBW1^2VNbN^9m<TGWBX1\\2SN`Nb9i<TG^BW1[2PN^Ne9f<VGcBT1Z2PN\\Ng9f<TGfBU1Y2oM[Ni9e<RGhBV1i3i7_9PGiBW1f3k7a9lFkBY1c3l7c9iFlBY1^3S8e9aFPC[1V3[8i9WFUC\\1n2b8m9QFWCX1U2VNXMf:[=kEYCV1W2YNPMk:a=bE[CT1Y2aNfLn:e=[E_CR1X2gN]LR;l=TE`CP1Y2kNYLT;n=nDgCLbN>d3S;S:^DiHc;P>4L4O2N100XHoClJR<j<1N2N2N3M1L5K5M3E;E;B>I7D<D<M3M3M2M3K4gIWA`JS?T5[A^JQ?\\5VA_Jn>_5SAYJV?c5n@[JT?`5QA_JP?`5QA`Jo>^5SA`Jo>[5VAdJk>X5YAhJg>W5ZAiJf>W5YAiJh>V5XAjJj>Q5ZAdIfN`MR`0g8\\AeIoNXMi?l8]AkIP`0m5X@PJk?e5`@XJb?R5VAlJk>l4]ASKd>j4`ATKa>k4aASK`>j4cATK_>e4hAXK[>e4iAYKX>d4jA[KX>c4iA]KX>c4hA]KX>d4fA]K[>b4eA_KZ>a4dAaK[>_4eAaK[>^4gAaKY>`4gA_KZ>b4fA\\K[>d4fAZK[>g4dAYK\\>h4dAWK\\>j4dAVKZ>m4eARK[>o4dAQK[>R5cAoJ]>Q5bAnJ_>T5_AlJa>W5\\AiJd>Y5[AgJP4mM\\2_7`IeJR4SNX2\\7bIaJV4VNU2\\7aI`JX4XNV2Y7`I_JW4]NW2V7`I\\JY4aNV2T7_I[J[4cNT2S7`IZJ\\4dNT2R7_IZJ]4eNS2S7]IZJ_4dNS2T7[IYJb4dNR2U7YIXJe4cNR2W7WIVJg4dNQ2W7VIVJi4dNP2X7TIVJk4bNQ2Z7QIVJm4aNR2[7nHUJn4aNT2^7jHRJQ5aNU2f7\\HnI^5\\NU2V8kGaIo5ZNU2^8`G]IZ6VNT2h8VGUIe6SNU2l8PGSIk6RNT2R9\\FjE4U3\\7oMT2i<lMXCS2h<mMXCS2h<lMZCR2g<nMYCR2g<nMZCQ2f<WKWBeMS1T7f<RK_BgMl0V7f<kJgBlMd0Y7e<gJnBmM=\\7f<bJSCQN7Z7h<_JZCSNN[7n<[JZCXNH]7P=UJ_CZNBa7R=oIaC]N_Od7Q=iIfCbNYOf7S=`IiCiNUOh7S=WInCPOoNk7T=mHSDXOiNl7V=aHYDCaNm7[=lGaD8TNm7^=WGnDl0dMn7e=^FWEd1TMo7Tb0QHk]OQ8Tb0nGm]OR8Tb0mGl]OT8Sb0kGn]OV8Qb0jGo]OW8oa0jGQ^OW8ma0iGS^OY8da0nG\\^OT8^a0QHb^OP8\\a0QHe^OP8Xa0QHh^OP8Ta0THk^Om7Ra0UHn^Om7o`0THQ_Om7m`0SHT_Oo7h`0RHY_Oo7c`0TH\\_On7a`0TH__Ol7_`0VHb_Oj7[`0XHe_Oh7Y`0ZHf_Oh7X`0XHi_Oi7S`0YHm_Oi7Q`0XHo_Oh7o?ZHQ@g7n?YHR@i7k?WHW@i7g?XHZ@h7c?ZH^@f7Z?`Hg@a7f>PI[AP7`>TIaAm6U>\\IlAd6P>_IPBb6m=`ISBa6g6`EYNP4PKa6e6gESNi3YK`6c6QFhMa3dK`6]1bE_1c0Z1[3jKb6V1TFW15d1T3oKe6m0eFT11PO]NBX4]Og6k0lFm0=gMmNjNhNP2Y4Hj6j0kFl0b0cMhNU1o2Bm6j0kFj0d0aMfN\\1j2@R7h0lFi0e0ZMiNk1^2ZOY7h0kFh0f0^MYMFf0^2o2mNc7i0iFj0`0\\NdM\\1]3eNg7i0gFm06P2Y1YLl7k0dFn0OV2^1QLP8k0bFP1D`2h1eKS8k0_FP2`Ni1l2\\KV8l0ZFn8]1WFZ8k0WFQ9]1SF^8R1hES9g1lEb8[1WEP9T2eEg8[>VGfAl8[>QGeAP9\\>oFbAU9]>jFcAW9\\>iFdAX9[>hFdAZ9\\>dFeA]9Z>cFeA_9Z>`FgAa9X>_FhAb9W>^FhAd9W>[FiAg9S>\\FmAe9a=lF^BV9Z=PGgBQ9T=SGkBo8P=TGoBo8d<[G]Cf8\\<`GdCc8W<`GhCb8V<_GjCb8T<_GlCb8R<^GoCc8n;^GSDc8i;`GWDa8d;cGZD`8c;cG[D_8d;aG[DX3gNSMm<E\\DT3nNUMe<F^DR3SOVM^<H_Do2XOXM[<D^DS3[OXMY<A[DQ3E^MR<[O[DP3McMk;YOWDP36fMf;VOSDn2?lM_;SOSDk2d0TNZ;mNRDe2P1^N^N\\KZ;_3XEb2U1dNXN^K\\;W3XEa2Z1kNRN^K];S3XE[2`1VOkM^K\\;o2XEX2f1]OfMbKW;g2]EU2k1C`MdKl70kIb2nNU2l1G_McKW6IlI=a1Y2POU2o1K]MdKn50nI9f1Q2QOS2T21YMoK_5HWJ;j1g1ROT2W25VMeLg4VOiJ;o1_1SOh1e2f0iLQMV4POmJ<Y2S1VOe1g2n0hLUMl3h0]M^OXOc1h2V1fLUMg3k0_MVO\\Oa1h2]1fLQMc3R1aMlN^Ob1g2d1fLlLj3P1XMlNBa1e2m1eLfLP4P1PMlNF`1d2Q2eLdLU4m0jLmNH_1d2V2eL`LX4n0eLkNK]1e2]2cL[L[4P1`LhN1^1`2b2dLVL^4S1[LfN3\\1a2h2cLRL`4V1VLdN5X1e2n2`LnKc4Z1oKbN9T1g2U3_LiKc4^1lK`N:o0m2[3ZLgKd4b1gK]N=i0T3c3ULcKe4f1aK\\N`0e0V3i3TL_Kf4k1[KYNd0b0V3o3VLXKf4T2RKSNn0=T3Z4XLkJi4]5kKYKR3h4[L\\Jl4b5gKVKn2V5`LoIl4d5eKQK_2U6PMUIm4b5fKQKX2a6UM\\GnNY1o3dNoMT7HoJU2i6XMUGUOS1g3nNnMQ7ImJU2P7eMQH`2SOlMo6IiJX2W7dMkG]2\\OjMj6MfJT2`7hMcGX2DmMc6ObJP2m7mMQG^N_Oh3c0^L]OP1S7>\\Jn1Y8PNgFbN^Oc3X1ZMo5a0XJm1d8TN]FZ2l0\\LmNKS7_1QJi1k8WNUFZ2Z9eMaGk1U9XNmEX2\\9gM]Gi1_9ZNaEXN0k3d9lMZGe1e9^2oNQLZG^1m9^2eN[LZGU1W:^2\\NbLXGQ1`:\\2WNeLTGl0m:^2oMhLoFj0W;]2hMkLlFk0^;Y2fM:^2FaM6d2J[M3i2NUM1m2OSMNP33nLIW37iLDX1[KSGP5e7CX1`KSGm4e7_OY1hKRGh4e7\\OQ1XLZG[4e7\\Om0_L^GT4d7[Ol0eLbGn3c7[Of0bLTHj3RNoJU9d4`0jLZHb3TNmJR9f4;RM_HZ3UNnJQ9c4:YM`HV3\\7_O0bMdHP2SNhLX9b3OmMfHg1WNSLJ=;@H1`8Y4b0UNjH`1`N`LIOHKQ8R4T1TNkH_1aN_LCf0h7U3]1VNiH^1eN]L]On0c7i2j1\\NdH]1iN\\LUOT1c7d2m1YNiH_1hN^LoNW1a7b2WKXLe3R2nK\\1ROjMR6_2VK_Le3l1SL[1POoMo5Y2UKhLf3f1WLX1QOTNi5Q2_I`Lk0`0c4d1YLW1SOTNe5k1gIjL??f4_1aLV1SOWN\\5h1PJoLJGROn0Q6U1hLW1UOUNS5g1YJUM\\Oo0Y5g0nLW1VOUNk4h1^JXMWOn0Y5e0VMV1TOWNg4e1bJ[MROn0Y5a0`MY1kNYNh4c1dJ]MmNn0W5d0fMU1jNZNh4`1eJ`MjNm0Y5e0gMS1jN[Nf4^1iJcMeNk0\\5g0fMQ1mNZNa4`1lJgM^Ng0c5g0gMQ1lNYN^4b1nJZOQ4IjMQ1lNXN[4b1PK[Om3IPNQ1jNXNX4c1QK\\Oj3HUNQ1kNUNU4d1SK^Oh3HVNP1nNRNR4f1TK_Oe3IYNo0POPNm3f1XKC`3I\\Nm0QOoMl3_1_KLW3I_Nl0TOkMg3b1`K0S3IcNi0XOcMc3l1`K0m2KkNd0W3XMlKW2XO3g2JQOc0P3aMlKn1]O4e2IUOc0m2dMjKl1_O5b2IZOa0l2eMgKm1A4b2H\\Ob0j2fMeKl1B5b2G_Ob0h2gMcKk1D5b2G@a0h2iM`Kj1E7b2DCa0f2kM^Kj1F9_2BI`0c2mM^Kg1E>^2_OM>c2nM\\Kg1Ea0]2\\O0>a2oM[Kh1Fa0\\2ZO3=a2QNWKh1Ic0Y2WO7=_2RNWKh1Id0W2VO;<^2RNVKh1Jg0R2VO`08_2SNSKh1KU1f1iNLeMUMa2]6UNlJh1Oj1o0XN3TNdMk1a6WNhJi1Ng2PNkJ1:NNl0\\2T2WNiM_1f6\\NaJi10c7n0nFjMV1k6`N\\Jh12c7?_GXNc0n6dNWJh13b7>bGZN?o6eNUJh14a7=fG[N;P7fNRJi16`79kG_N5Q7hNoIh17a77nGbNOS7jNjIj18d7OQHlNEU7lNeIl18P8]OnGAXOW7nNaIm18Q<POSCX7oN_Im19R<POQCY7PO]In19R<QOoBZ7QO[In1:R<ROnBZ7SOWHTOd0j2g0S<TOjB[7VOTHXO?h2l0R<WOgB[7WORH\\O8h2R1P<[OdBY7XOQH_O3g2W1P<]OaBY7YOnGB3d2X1Q<_O_BX7[OmGB3d2W1o;D`BU7[OnG@3e2V1n;GbBR7[OPH]O2h2g0a0KX7<gFP7[OPH]O2g2d0c0`0e6MYGm6\\OPHZO3h2`0f0i0^6I]Gj6^OQHYO2h2<i0[1P6]OgGj6_OVHROHS3>e0g1i5SOnGj6@]HS2Of0U2]5fNXHi6D[HP22d0^2Y5]N^Hh6GVHo19b0c2gLWM_7P1`Ig6LQHn1=a0h2`L[M`7i0cIe63nGh1b0`0n3o3nLdIc6`3cHjNP4`MdKQ5W1SKb6`3eHkNQ4\\MlKm4P1YK]6a3iHlNQ4ZMULa4m0cKR6g3lHgNV4[MYLX4l0hKg5n3QIbNY4_M_Ll3d0RLb5Q4TI_NZ4aMfLc3?WL\\5W4UI]N[4bMhLa3b0nKY5c4SI[N[4cMhL_3h8c0VFZNZ4dMkL]3d8e0XFXN[4fMiL\\3c8f0ZFXNZ4fMjL\\3`8e0_FYN=VMl1?hN]3_8e0bFXN8^Mk19lN[3^8f0eFWN3dMm14lN[3^8g0gFVNOhMn11iN^3`8f0jFSNMmMn1KiNa3`8f0mFPNJSNm1GeNf3e8b0PGmMB]NS2^O]Nn3l8<RGkMVOjN^2TOZMk4n9^OVGhMQOPO_2SORMl4V:ZOZGfMnNTO_2o4Y7VN]GeMjNZO^2k4Z7WN_GdMdN_Oa2g4[7WNaGbM`NDc2c4[7WNcGcM^NDc2b4\\7WNdGcM\\NFb2_4_7WNeG`0f0U1h7\\NbGb0d0l0o7bN^Gg0=f0U8eN^Gg0:b0X8iN^Gh08=[8kN]Gk059^8mN]Gl045_8oN]Go01Oe8ROXGT1MDT9WOmF[1JYO_9ZOjF`1_OROo9@aF`1VOSO_:]OYFc1QOPOk:^OTFb1oNnNQ;@oEc1oNlNS;BmEc1oNjNV;CiEe1nNkNX;@jEe1nNlNX;^OlEe1lNnNW;\\OnEc1nNROS;ZOQFa1nNVOP;YORF`1oNYOl:XOVF]1lNAj:SOZFW1POId:POZFX1lNSOZOSKc;a4UFY1_NEIZJh;h4PFQ1gNOCSJh;l4mEo0mN2ElIa;R5nEl0QOkM]OUN3QNc;Q5lEm0QOiMCXNMPNc;Q5mEj0TOlMA\\Ni;k2cEl0TOlMC]Ne;i2fEl0ROlMF^Ne;h2cEm0POnMJ[N]5VNLb4mKm0ROnMJ]NZ5\\NJZ4QLn0QOlMLaNX5]NKV4nKQ1SOkMJdNZ5[NLR4mKU1SOjMHeN\\5\\NLn3mKX1ROjMHdN^5_NJg0RJc1k1i2SOkMGaNa5iNA`3TLb1gNhM2ZNh5POWOZ3XLh5oNoGe5ROQOU3[L`5POZFUOR2a6SOkNo2_L^5TOcHf5TOdNi2cL^5VO_Hi5@ZN`2hL_5VO_Hk5E[NU2dLg5WO]Hl5MYNh1eLm5VO^Hm50VNc1gLo5WO[Ho56QN_1hLQ6WOVHU6;lM]1gLS6WOoG^6a0dM\\1dLV6ZOkG`6e0aMY1dLY6XOiGf6f0\\MY1eLZ6UOgGm6i0VMV1XKgLP1d9BgGR7k0PMT1[KiLLJk0i9JdGV7Q1gLQ1bKoLc0_9K`G[7X1WLQ1PLgLb0c9J\\G_7o1VKd0oLWLLI78Jm99WGi7W2bJg0WNPLSOe;W8TIaHE4e7]7[NcHd1^7\\NbHc1l1iCb2e:`Kb1l1oCa2_:cK`1l1UD_2[:eK_1g1]Dc2S:hK^1d1bDc2P:iK]1d1eDb2n9jK]1c1fDc2m9gK`1d1eDe2l9cKb1f1dDg2n9^K_1i1fDh2lf0WMUYOi2mf0SMTYOn2Rg0iLQYOW3Rg0ZKUXO;k0[4Rh0`KoWOa4Th0YKoWOg4Rh0SKRXOn4hi02O1O1O1O2N100lJfJm^O[5o`0oJj^OR5Ra0UKj^Ol4[?iJS\\OGZ1j0T3f4c<aJcAd0^N=V3_4Z<UKjA`0nMlNGW1R4Y4Z<ZKkA]2e1[2V<bKTBV2c1Z2Y<^KSBZ2c1Y2_<XKlAa2d1X2b<TKiAg2b1W2h<bJRB]3dMXLU3k5P`0WNQ]OnK`2m5[`0XNP]OTL_2]1^M_2mb06S]OTL\\2o0cMfN4Q4fb0:V]OSLX2d0TNkNKT4^b0=Z]ORLW2;mNU3^a0Z1`_OaKVOU3Ua0^1c_O]K[OU3m`0_1i_O]KZOU3h`0^1P@aKVOR3e`0]1W@fKUNhN=W4Sa0]1Z@WLnM^N2o3aa0`1^@dLQNi1aa0f1]@cLPNf1ca0i1\\@bLQNd1ba0l1\\@bLPNa1ea0m1Z@g0`0]Ib<m5mBf0a0`I]<l5PCf0c0dIT<h5ZCd0b0gIo;g5^Cc0d0hIi;f5dCc0c0hIe;g5gCb0d0jI`;f5kCb0e0jIY;f5TDa0b0kIS;f5]Da0?lIo:d5bDb0>RJe1\\OZ4o5eIe0;]JS1F\\4W5VJi0:_Jl0J^4l4]Jm08^Jk0L_4g4^JQ17]Jk0M_4d4_JS16]Jl0N]4b4_JU17[Jm02[4\\4aJX16ZJo02[4Y4_J^16UJS14X4W4_Jb15RJU17W4Q4_Ji14oIW17W4o3]Jm14jI\\1:T4k3^JR21hI_1;S4h3]JW20eIb1<R4e3\\J\\21UIm1k0g3a3\\J`24dHT2[1_3X3^Jk2m4oIh0n2\\JW3i4nIm0f2YJ`3h4lIP1a2WJf3h4jIR1[2YJl3c4kIU1V2XJQ4a4kIY1P2VJW4`4jI]1f1VJc4\\4fIf1`1lIm4^4bIl1X1gIY5\\4_IR2o0dIe5Y4\\IV2h0dIn5V4ZIX2d0bIT6U4XI\\2?`I[6R4XI`26aId6l3WIaNVNbNc1XOQ7a3UIfN`NaNP1[O]7Y3VIkNaNaNe0]Og7P3YIoNaNcN7AS8g2XIUOcNbNKD^8a2VIYOdNcNCDe8^2UIZOfNfNXOEo8V2WI^OeNiNoNDW9Q2XIBdNd2W8hMQIIkN[2V8kMoHIROU2Q8QNlHIYOQ2m7VNRGPKFN]Ok4V2k1h7[NlFVKAR5U2Y1`7^NjFZK\\OP5^2U1]7`NiF]KZOm4c2T1[7bNfFZ1R20Z7iNZF\\1`2GW7POnE`1o2[OV7VOiE\\1W3WOU7_OaEY1_3QOT7c6PIWIS7g6QIVIQ7g6VIRIl6l6XIQIi6m6[IoHg6m6`IoHa6n6dInH^6P7fIkH]6S7gIjHZ6T7jIkHU6T7nImHo5R7TJoHi5o6[JTI`5i6fJ]IQ5`6TKcIg4T6dKoIW4k5RLUJk3j5WLWJh3f5[L\\Jb3b5aL_J]3_5fLdJV3[5kLjJP3U5RMQKh2l4^MSK_2l4gMdEmH3KP5]9X5ZMQFnIg4c8W5\\MXFTJ_4]8X5^M\\FWJ]4X8U5_McFZJ\\4P8P5bMkF\\J\\4k7f4iMSG[J_4d7X4SN]GYJ^4`7S4\\J[Fn0Y1ZMT4[7V4ZJeFm0T1]MQ4[7U4YJjFm0X1eLXN?a5e7T4ZJnFk0^1SM`3g7S4ZJRGj0`1SMgNJ\\3o7[5UJXGm0a1oL`N3QO39LH<c2`7Q7oIbGQ1`2TOcNl5Z7lIgGR1^2@WLcMk1n7h7gIPHU1X24eMP5R8cHeF3`1U2U2;^Mj4X8_HlF0]1Z2S2c0UMe4_8nG`F3g07U1^2R2h0PMa4S<dJoFR1eL\\4]<WI[CXOj3Z3VLY4f<mHaHS3[JS4V=`HhHh;Z7nCmHS<h=2N3N1O1N2L4L4M3N2N1O2N2O02O00Z@dBT<\\=gCTCo;l<nCZCP<d<oC`Co;_<oCeCP<Z<oCjCo;U<PDnCP<P<oCSDQ<k;oCZDo;c;PDbDo;[;QDiDP<R;PDPEP<n:PDSEU<g:jC\\Ed<S:]CPFj<f9VC\\Fm<_9RCeFo<W9QClFS=m8mBTG]=a8cB`Gf=V8ZBkGP8RNYJP:fMPHb6jM_Gc0R4b9mMRHZ6_NQG<a4R9TNTHo5m0^Kn6bNVHj5\\1[K]6kNXHe5d1[KT6POXHc5i1ZKo5ROZHa5k1[Kk5TOZH_5P2ZKf5VO\\H]5R2[Kb5WO]H\\5U2[K^5WO`H[5W2[K]5UO]H]5^2WH_KQ2h98]H[5Y4dI[3P1]HU5U5SIa2e1]HS5f5dHR2W2YHQ5h`0nJY_Oo4i`0PKY_Om4j`0QKW_Om4k`0RKW_Ok4k`0SKW_Ol4j`0RKY_Ol4g`0TK[_Oj4f`0UK\\_Oh4f`0WK\\_Of4g`0]Ii[Od1b3l4Xa0hJk^OV5[a0TJQ[O_OOOi3Y6[a0hIh_OP6if0WM^TOfLN?]l="}}]}