{"images": [{"id": 0, "file_name": "images/u001592.jpg", "width": 720, "height": 405}], "annotations": [{"id": 0, "image_id": 0, "bbox": [531.0, 200.0, 49.0, 44.0], "segmentation": {"size": [405, 720], "counts": "fd`68Z<7J4K4M3M3N2N2N101O0O2O0O101O000O1000000000O0101O000O100000O1000O01000001N1O1O2N1O101N1O2N101O0O1O2M4K4L`Ug1"}, "iscrowd": 0, "area": 1806.0, "category_name": "echinus", "score": 0.9098452925682068}, {"id": 1, "image_id": 0, "bbox": [311.0, 38.0, 57.0, 43.0], "segmentation": {"size": [405, 720], "counts": "Xej36U<;F<L3N1O10O01O0000001O001O001N10001O000000001O01O01O0000O1000000O2O000O1O10O10O2O0O1O101N2O1N3M01M0YDXOf;h0[DYOd;f07L9E6010Qb[4"}, "iscrowd": 0, "area": 1844.0, "category_name": "scallop", "score": 0.8364068865776062}, {"id": 2, "image_id": 0, "bbox": [277.0, 63.0, 45.0, 49.0], "segmentation": {"size": [405, 720], "counts": "[d]3:X<6K4L4L3O1N2O1N1O2M2N3M2O2N100O2O000O1000000001N10001O001N2O1N1O2O2M3M3M3L4M4CPDKTfo4"}, "iscrowd": 0, "area": 1441.0, "category_name": "scallop", "score": 0.9214891791343689}, {"id": 3, "image_id": 0, "bbox": [105.0, 197.0, 34.0, 24.0], "segmentation": {"size": [405, 720], "counts": "ZgY14`<3N1O1O001N101O1O0010OO10000O1O100O1000O101O1O1O0O101N1O2MbUW7"}, "iscrowd": 0, "area": 369.0, "category_name": "scallop", "score": 0.8914574980735779}, {"id": 4, "image_id": 0, "bbox": [113.0, 155.0, 29.0, 25.0], "segmentation": {"size": [405, 720], "counts": "TX]16]<2N2O1N2O1N200O1000O100000O010O10O2O000O2O001N2N2MdWU7"}, "iscrowd": 0, "area": 353.0, "category_name": "scallop", "score": 0.9189158082008362}, {"id": 5, "image_id": 0, "bbox": [378.0, 162.0, 38.0, 30.0], "segmentation": {"size": [405, 720], "counts": "Wee44^<8K2N3M2O0O2OO10O10O01O10O0001O000000000001O00000O2O1N3N2M3M4Jn]j3"}, "iscrowd": 0, "area": 584.0, "category_name": "scallop", "score": 0.8981641530990601}, {"id": 6, "image_id": 0, "bbox": [491.0, 161.0, 32.0, 35.0], "segmentation": {"size": [405, 720], "counts": "bUQ61]<=I2O1O1N2O1O2N2N2N3M2N2N1O0001O2N000O2O001N2O0O1M4M2M3L4M4MfZ_2"}, "iscrowd": 0, "area": 743.0, "category_name": "scallop", "score": 0.8977642059326172}]}