{"images": [{"id": 0, "file_name": "images/u001108.jpg", "width": 586, "height": 480}], "annotations": [{"id": 0, "image_id": 0, "bbox": [380.0, 378.0, 29.0, 30.0], "segmentation": {"size": [480, 586], "counts": "S`b55i>3N1O1O2O2M2O2M2N2O0O1O1kAYOP>h0PBXOP>h0oAYOQ>g0oAYOQ>g0oAYOQ>g0oAYOR>f0nAZOR>f0oAYOQ>g0nAZOS>d0nA\\OR>d0oA[OQ>e05O10O010001N102BgA0^da2"}, "iscrowd": 0, "area": 637.0, "category_name": "echinus", "score": 0.7433559894561768}, {"id": 1, "image_id": 0, "bbox": [407.0, 373.0, 33.0, 31.0], "segmentation": {"size": [480, 586], "counts": "jen52m>6VA0Z><N100O2O1O000000000lAZOn=f0RBZOn=g0QBYOo=g0QBXOo=i0QBWOo=i0QBWOo=i0QBWOo=i041O1O00O1000000O101N1O2N4_OcA7k>Gk`T2"}, "iscrowd": 0, "area": 763.0, "category_name": "echinus", "score": 0.8685410618782043}, {"id": 2, "image_id": 0, "bbox": [529.0, 276.0, 28.0, 35.0], "segmentation": {"size": [480, 586], "counts": "mfh7=b>3M3M3M2N101N10001O000000O2O001N2O1N102M2M6IQV?"}, "iscrowd": 0, "area": 520.0, "category_name": "echinus", "score": 0.9296058416366577}, {"id": 3, "image_id": 0, "bbox": [555.0, 189.0, 28.0, 38.0], "segmentation": {"size": [480, 586], "counts": "U]S8>`>3N101N2O1N2O1N3N1O1O001O1O1O1O001O01O01O01O002N1N2O9FcT2"}, "iscrowd": 0, "area": 793.0, "category_name": "echinus", "score": 0.927847683429718}, {"id": 4, "image_id": 0, "bbox": [471.0, 204.0, 23.0, 21.0], "segmentation": {"size": [480, 586], "counts": "``l6=a>3N2O001O1N1000O1O100O1N2O1O1O2N1O2N1N3O0N4N_\\[1"}, "iscrowd": 0, "area": 324.0, "category_name": "echinus", "score": 0.8830671310424805}, {"id": 5, "image_id": 0, "bbox": [449.0, 224.0, 24.0, 24.0], "segmentation": {"size": [480, 586], "counts": "\\Uc69c>6K3N20O000100O010O0100O1O100O1O1O1N2O1N2O1N3LSYd1"}, "iscrowd": 0, "area": 377.0, "category_name": "echinus", "score": 0.9039472341537476}, {"id": 6, "image_id": 0, "bbox": [430.0, 243.0, 22.0, 24.0], "segmentation": {"size": [480, 586], "counts": "oiY61l>8I4M2M2O3N1N3M1O101O0O10000001O1O0\\OmA;U>ClA<]>O2M3M2Locm1"}, "iscrowd": 0, "area": 474.0, "category_name": "echinus", "score": 0.8560690879821777}, {"id": 7, "image_id": 0, "bbox": [437.0, 252.0, 22.0, 23.0], "segmentation": {"size": [480, 586], "counts": "UU\\67h>3M2N2M3N1O10001O000O1O11O1O0O2N2N2N2N3M4LjVl1"}, "iscrowd": 0, "area": 347.0, "category_name": "echinus", "score": 0.8999601602554321}, {"id": 8, "image_id": 0, "bbox": [405.0, 261.0, 28.0, 21.0], "segmentation": {"size": [480, 586], "counts": "a`o53h>8K3N1O10O00010O001O100O001O1O2N1O1O1O1O3MjkX2"}, "iscrowd": 0, "area": 249.0, "category_name": "echinus", "score": 0.9284474849700928}, {"id": 9, "image_id": 0, "bbox": [363.0, 293.0, 28.0, 24.0], "segmentation": {"size": [480, 586], "counts": "\\\\[5=b>3M2N1O100O1000O100O100O10O01O2N1O1O2N1O2Miol2"}, "iscrowd": 0, "area": 367.0, "category_name": "echinus", "score": 0.9431506395339966}, {"id": 10, "image_id": 0, "bbox": [345.0, 310.0, 24.0, 21.0], "segmentation": {"size": [480, 586], "counts": "oPR58f>4L3N1O1O00010O01O1O1O2N1O101N1O101N2N3MUjV3"}, "iscrowd": 0, "area": 251.0, "category_name": "echinus", "score": 0.9316409826278687}, {"id": 11, "image_id": 0, "bbox": [324.0, 334.0, 33.0, 35.0], "segmentation": {"size": [480, 586], "counts": "hTi46f>7J5M2N2N2O1O1O0O2O010O000001O0000001O0O2N3N2M2N4L4JWl\\3"}, "iscrowd": 0, "area": 603.0, "category_name": "echinus", "score": 0.9367110729217529}, {"id": 12, "image_id": 0, "bbox": [294.0, 381.0, 33.0, 38.0], "segmentation": {"size": [480, 586], "counts": "fgY43W>P1E4M1OO0O2O01010O000O011O01OO0100O2N11N1O10003L3K5J5N2N3GcAGb>7l]j3"}, "iscrowd": 0, "area": 1026.0, "category_name": "starfish", "score": 0.773675262928009}, {"id": 13, "image_id": 0, "bbox": [327.0, 246.0, 44.0, 42.0], "segmentation": {"size": [480, 586], "counts": "YPj44k>2O001O0O1O1N3E:O2O00001O00002N2N2N1O1O00O001L3M4O1O103ZOjA;`>N1N2NleY3"}, "iscrowd": 0, "area": 637.0, "category_name": "starfish", "score": 0.9157271385192871}]}