{"images": [{"id": 0, "file_name": "images/u001646.jpg", "width": 720, "height": 405}], "annotations": [{"id": 0, "image_id": 0, "bbox": [215.0, 179.0, 27.0, 27.0], "segmentation": {"size": [405, 720], "counts": "oPd26\\<7K3N2M2O1N2O0O2O000O2O000000000001O010N101O1O1N2O1O3K5K]Xm5"}, "iscrowd": 0, "area": 637.0, "category_name": "echinus", "score": 0.8964896202087402}, {"id": 1, "image_id": 0, "bbox": [189.0, 237.0, 39.0, 34.0], "segmentation": {"size": [405, 720], "counts": "d\\[21Z<>J4M2M3N2O1N101O0O2O00001O0O1000000010O00000O2O001N2O2M2N3M2M4L4IlmS6"}, "iscrowd": 0, "area": 896.0, "category_name": "echinus", "score": 0.9149969816207886}, {"id": 2, "image_id": 0, "bbox": [1.0, 220.0, 45.0, 43.0], "segmentation": {"size": [405, 720], "counts": "]71b<3K7K4L5K4L4M4L2N2O1O1O1O1O0000001O0000001O01O00001O001O000O2O1O0O2O2N1O1O2N3M2N2M2M4IWT[8"}, "iscrowd": 0, "area": 1404.0, "category_name": "echinus", "score": 0.9175333976745605}, {"id": 3, "image_id": 0, "bbox": [174.0, 286.0, 42.0, 37.0], "segmentation": {"size": [405, 720], "counts": "RmU24]<6M2M3M3M3N2M4M2N1O2O0O2O000000000000000000O100000001O001N3N001N2M3N2M4L7GgjW6"}, "iscrowd": 0, "area": 1015.0, "category_name": "echinus", "score": 0.9182567000389099}, {"id": 4, "image_id": 0, "bbox": [70.0, 317.0, 51.0, 50.0], "segmentation": {"size": [405, 720], "counts": "Z]l04]<i0XO5L3M2N2N2N2O001O1O00100O10000O100O10000O100O1O100000O1000001O1N3N1N2O0O2N1O2N1O2N1N3M3L3M4L4L5Jmb\\7"}, "iscrowd": 0, "area": 2127.0, "category_name": "echinus", "score": 0.8971977829933167}, {"id": 5, "image_id": 0, "bbox": [1.0, 338.0, 40.0, 53.0], "segmentation": {"size": [405, 720], "counts": "e:_1V;0O101N1O1O0100O010O1000O0100O100O1O10O01O2O001O1N2N2O0O101N101N2O0O2N2N3M2M4M2L5LPj[8"}, "iscrowd": 0, "area": 1730.0, "category_name": "echinus", "score": 0.9199255108833313}, {"id": 6, "image_id": 0, "bbox": [129.0, 92.0, 36.0, 24.0], "segmentation": {"size": [405, 720], "counts": "Xgb15Z<8L3M2O2N100O2O0O1000001O0000000001O001O00000000001O1O1OO1000O2O2M3M5K3LP]k6"}, "iscrowd": 0, "area": 753.0, "category_name": "echinus", "score": 0.8793202638626099}, {"id": 7, "image_id": 0, "bbox": [1.0, 162.0, 19.0, 42.0], "segmentation": {"size": [405, 720], "counts": "Y5P1e;0O01O1N3N1O1O100O1O1O101N1O2N2N2N2M4Lned8"}, "iscrowd": 0, "area": 450.0, "category_name": "echinus", "score": 0.9241553544998169}]}