{"images": [{"id": 0, "file_name": "images/u001871.jpg", "width": 720, "height": 405}], "annotations": [{"id": 0, "image_id": 0, "bbox": [491.0, 42.0, 11.0, 17.0], "segmentation": {"size": [405, 720], "counts": "TeP67Y<6N1000001OO10O10O1N3M2O2M]bf2"}, "iscrowd": 0, "area": 168.0, "category_name": "scallop", "score": 0.9299910068511963}, {"id": 1, "image_id": 0, "bbox": [555.0, 345.0, 33.0, 18.0], "segmentation": {"size": [405, 720], "counts": "ojk6;Z<1O1O1O0O101O00010O000001O000001O000000O100O101O0O2O0O2O1N2N2N[Xd1"}, "iscrowd": 0, "area": 428.0, "category_name": "scallop", "score": 0.9531340003013611}, {"id": 2, "image_id": 0, "bbox": [572.0, 317.0, 89.0, 48.0], "segmentation": {"size": [405, 720], "counts": "lnP73a<3M4L4L2M4M2N2N2O1O1N101N101O1N2O002N1O1O001O001O001O001O000000001O00001O0010O000000001O1O001O001O001O00001O1O1O1O6J1O1O0O10000000000010O01M3M3N2N2O0O101O1O001O3M2IdC1a<Ogaj0"}, "iscrowd": 0, "area": 2619.0, "category_name": "echinus", "score": 0.9192088842391968}, {"id": 3, "image_id": 0, "bbox": [70.0, 364.0, 32.0, 18.0], "segmentation": {"size": [405, 720], "counts": "Q_j02`<4N2N2N2N2O1N1000000O10000O100000000O10O10O100000O10001N10000O2O0O2O2M2N2MhXc7"}, "iscrowd": 0, "area": 560.0, "category_name": "echinus", "score": 0.9559600353240967}, {"id": 4, "image_id": 0, "bbox": [116.0, 388.0, 31.0, 17.0], "segmentation": {"size": [405, 720], "counts": "Ql]12`<4M2O100O1O1O1O10000O1O100O10000O100O10000000000001O001O001O1N2MVkQ7"}, "iscrowd": 0, "area": 462.0, "category_name": "echinus", "score": 0.9546664953231812}, {"id": 5, "image_id": 0, "bbox": [180.0, 226.0, 48.0, 33.0], "segmentation": {"size": [405, 720], "counts": "dU\\26\\<4M3M3L5M1N3N2N1O1O1O2N100O110O0010O000001O0001N101M201N100O1N3N2N2N3L7J4JSbQ6"}, "iscrowd": 0, "area": 993.0, "category_name": "echinus", "score": 0.9435278177261353}, {"id": 6, "image_id": 0, "bbox": [155.0, 312.0, 44.0, 28.0], "segmentation": {"size": [405, 720], "counts": "ein142OX<9M3N2N2O1O0O2O1O001O1O00001O00000001O000O2O00001O0O0100000000000O101O1N3N2M2O2M4LS[]6"}, "iscrowd": 0, "area": 860.0, "category_name": "echinus", "score": 0.9295140504837036}, {"id": 7, "image_id": 0, "bbox": [254.0, 292.0, 39.0, 52.0], "segmentation": {"size": [405, 720], "counts": "daU3:Z<5H6L3N4K6J4M2N2O1N100O2O0O2O001O00001O01O000O10001O0@lD^OU;a0mD^OT;`0nD^OS;b0mD]OU;a0mD]OU;a0lD]OX;`0`0L3M4L5K4N_iW5"}, "iscrowd": 0, "area": 1400.0, "category_name": "echinus", "score": 0.9419302940368652}, {"id": 8, "image_id": 0, "bbox": [291.0, 339.0, 29.0, 20.0], "segmentation": {"size": [405, 720], "counts": "oVd39Y<4N2O1N101O1O1O0010O01O01O001O0000001O0O1N3N1O2M3N3Kikm4"}, "iscrowd": 0, "area": 439.0, "category_name": "echinus", "score": 0.9340348243713379}, {"id": 9, "image_id": 0, "bbox": [332.0, 354.0, 32.0, 31.0], "segmentation": {"size": [405, 720], "counts": "QRT47[<5K4M4N1N2K5M3O0O10001O01O00001O1O001O0O2O000O1O2N1O2O1N3L3L5LdQ\\4"}, "iscrowd": 0, "area": 786.0, "category_name": "echinus", "score": 0.9541285037994385}, {"id": 10, "image_id": 0, "bbox": [186.0, 361.0, 28.0, 17.0], "segmentation": {"size": [405, 720], "counts": "UZZ21a<6L2N3N1N101O001O0000000O100000001O001O00000001O1N2N2N3K5JhbV6"}, "iscrowd": 0, "area": 433.0, "category_name": "starfish", "score": 0.8910858631134033}, {"id": 11, "image_id": 0, "bbox": [226.0, 331.0, 28.0, 21.0], "segmentation": {"size": [405, 720], "counts": "Sah21a<4N1N3L6H6L4O0O10100O000001O00001N1O1O2N1O1O1000002N7I2N2Lj[h5"}, "iscrowd": 0, "area": 561.0, "category_name": "starfish", "score": 0.8582527041435242}, {"id": 12, "image_id": 0, "bbox": [240.0, 397.0, 25.0, 8.0], "segmentation": {"size": [405, 720], "counts": "RZo22_<5N1O100O1O10000O10000000000001O00001O00001O001O1NaUc5"}, "iscrowd": 0, "area": 257.0, "category_name": "starfish", "score": 0.905955970287323}, {"id": 13, "image_id": 0, "bbox": [218.0, 271.0, 41.0, 32.0], "segmentation": {"size": [405, 720], "counts": "TSf24a<1O3cCKN1Q<NPD=P<4N1002N3N0002L4M2O1M3O00O100O2O000000O1000000000O20N2O2N1O01O0000000O2M2M3O001O2_OoC;V<O2M205K1M\\lb5"}, "iscrowd": 0, "area": 1081.0, "category_name": "starfish", "score": 0.7076271772384644}, {"id": 14, "image_id": 0, "bbox": [151.0, 276.0, 45.0, 30.0], "segmentation": {"size": [405, 720], "counts": "b\\l16]<6K2O1N2O0O1O2N10001O001O1O2N2N100O000000O10000O1O1O10000O101N2O1O2M8I1O1N2O2M\\a`6"}, "iscrowd": 0, "area": 826.0, "category_name": "starfish", "score": 0.8916141986846924}, {"id": 15, "image_id": 0, "bbox": [262.0, 191.0, 39.0, 31.0], "segmentation": {"size": [405, 720], "counts": "XVZ38[<3J5O2M2N3N101N2XDVOc;n0000M3001O00000001O0O1O1O101N1N2L4N3N1O2N1O2M3Nl`U5"}, "iscrowd": 0, "area": 697.0, "category_name": "starfish", "score": 0.8935496807098389}, {"id": 16, "image_id": 0, "bbox": [333.0, 214.0, 36.0, 32.0], "segmentation": {"size": [405, 720], "counts": "X`U44V<0lC6R<9M2O1O2N2N1N100010O0000001O0O101O0O100O10001N101O0O2O1N2O2M3KhVZ4"}, "iscrowd": 0, "area": 724.0, "category_name": "starfish", "score": 0.898841142654419}, {"id": 17, "image_id": 0, "bbox": [377.0, 62.0, 79.0, 75.0], "segmentation": {"size": [405, 720], "counts": "[oe44a<2M4M2N2N100O1bDE`:<WEMh:4RE1o:0mD2S;h0001O00000000001O0000000000O100O1N2O1N2O1N2O1O1O1O1O1O1O1O1N2O100O12N3M2O1N1O1O2N1O2M2O2M3M2E:L4N3M2N2O1O1O1O1O2N1O1O2N101N102L3NPgX3"}, "iscrowd": 0, "area": 2836.0, "category_name": "starfish", "score": 0.9459884166717529}, {"id": 18, "image_id": 0, "bbox": [576.0, 69.0, 41.0, 32.0], "segmentation": {"size": [405, 720], "counts": "ZSS73a<2N2O0O2N1O2N101O001O1N102M2O1N101N1O010O1O001O100O02O00001O0O2O0O2M2J7M2N2N3L[kY1"}, "iscrowd": 0, "area": 732.0, "category_name": "starfish", "score": 0.9259130954742432}, {"id": 19, "image_id": 0, "bbox": [376.0, 211.0, 51.0, 52.0], "segmentation": {"size": [405, 720], "counts": "]Ze43a<2O1fCNn;`0L3M2O2M2N2O001N3M2O1N2O1N2O001O0000000001O0010O000000O1000000000000O1O1O1N2O1O1O2N1O2N2O2N6J4L<D\\kb3"}, "iscrowd": 0, "area": 1777.0, "category_name": "echinus", "score": 0.9443305134773254}, {"id": 20, "image_id": 0, "bbox": [461.0, 217.0, 61.0, 50.0], "segmentation": {"size": [405, 720], "counts": "laf5131[<7H7L4M4M3M3N1N1O1O2N1O1O101N10001O1O001O00001O00000000001O1O1O0O101O01O100O10O01O00001O0O2N1O2N1O2N1L4N3N2N1O2L4ERDLS<N=M\\_^2"}, "iscrowd": 0, "area": 2182.0, "category_name": "echinus", "score": 0.9375532269477844}, {"id": 21, "image_id": 0, "bbox": [597.0, 111.0, 63.0, 37.0], "segmentation": {"size": [405, 720], "counts": "fQ[77\\<3O2M4L3M3M2O0O2N2O000O2O000000000O101O0000000000000O0100000000O100O100000000O100000001N100O2N100O101O0O101N2N101M3N3M6Ihbi0"}, "iscrowd": 0, "area": 1556.0, "category_name": "echinus", "score": 0.945461094379425}, {"id": 22, "image_id": 0, "bbox": [612.0, 48.0, 103.0, 50.0], "segmentation": {"size": [405, 720], "counts": "oZa79Z<4L3M3M2M4N1O2O0O1O100O2O0O1O002N1O100O1O1O0010O0100O01000000O1000O1000001O0O10001OO10O1000O100000000O1001N1001N1O100O1O10O10O1000O0100O100O10O01O1O001O1O1N2O010O1O1O010O2M2O1O2N2N5K2N2N2N2K^_5"}, "iscrowd": 0, "area": 3212.0, "category_name": "echinus", "score": 0.9309217929840088}, {"id": 23, "image_id": 0, "bbox": [57.0, 338.0, 26.0, 21.0], "segmentation": {"size": [405, 720], "counts": "gXg07]<2N2N2O6J001O000000HPDNm;1TDOk;<2O1001O1OO3M2O1O0O10001O5K5Kgij7"}, "iscrowd": 0, "area": 464.0, "category_name": "starfish", "score": 0.8233860731124878}]}