{"images": [{"id": 0, "file_name": "images/u001905.jpg", "width": 720, "height": 405}], "annotations": [{"id": 0, "image_id": 0, "bbox": [152.0, 294.0, 85.0, 71.0], "segmentation": {"size": [405, 720], "counts": "aPP24U<=@?O2N1N3M2O3J5N3N1N2M2O2N2O001O0O1M3O100000000O10O101O0O10000O1O100O1O100O2O00001O001N2O001O0O2N2O1N101N1O1O1O1O2N1O1O2M2M5I7J6L5IQYR6"}, "iscrowd": 0, "area": 3350.0, "category_name": "echinus", "score": 0.934480607509613}, {"id": 1, "image_id": 0, "bbox": [535.0, 361.0, 69.0, 44.0], "segmentation": {"size": [405, 720], "counts": "SZh6:Z<>B3N2N001O0O10000O1O1O1O1J6O100O11O00001O001O00001O001O001O1O001O001O1O001O1O001O1O001O1O001O1O1O1O1O1O001O1O0O101O001FoCNR<OSDNXY\\1"}, "iscrowd": 0, "area": 1888.0, "category_name": "echinus", "score": 0.9020443558692932}, {"id": 2, "image_id": 0, "bbox": [288.0, 382.0, 70.0, 23.0], "segmentation": {"size": [405, 720], "counts": "kQe31c<201O1N2O1O1N001O000000000O100O1O1O1O10000001O0000000000O1001O002N001O1O001O00O11O00001O001O1O1O1O2Ml`c4"}, "iscrowd": 0, "area": 518.0, "category_name": "echinus", "score": 0.8775649666786194}, {"id": 3, "image_id": 0, "bbox": [215.0, 110.0, 47.0, 48.0], "segmentation": {"size": [405, 720], "counts": "_Tg25[<8H6N2M3O1N2M3N101O1O001O001O1O001O0010O00001O1O001O1N2O1N2N2N2N2N2M3L4L3M4M3Mlie5"}, "iscrowd": 0, "area": 1073.0, "category_name": "echinus", "score": 0.9284562468528748}, {"id": 4, "image_id": 0, "bbox": [305.0, 51.0, 45.0, 43.0], "segmentation": {"size": [405, 720], "counts": "Xli35]<5M2M4M1L5N2O1O1O1O001O1N101M3N101N2O1O0O101O0O100O100001N101O1N2O1N2N2N2TO\\Dd0P<J9ElQc4"}, "iscrowd": 0, "area": 1230.0, "category_name": "echinus", "score": 0.919288158416748}, {"id": 5, "image_id": 0, "bbox": [100.0, 101.0, 53.0, 45.0], "segmentation": {"size": [405, 720], "counts": "b^X1:Y<3N2N3M2L5L5L3L4M2N2N2O1O0O2O0000000001NO2O0100O100O101N1O1O010N101O2N2N2N2N3L4M4K5L3N1N3M2MUgQ7"}, "iscrowd": 0, "area": 1574.0, "category_name": "echinus", "score": 0.9136003851890564}, {"id": 6, "image_id": 0, "bbox": [124.0, 52.0, 37.0, 32.0], "segmentation": {"size": [405, 720], "counts": "Q`a16]<6J3N2M3N2N2N1O2O0O2O000O1000000001O01O01O0O2O1O2N1N101N2N2N2N3L5JUjm6"}, "iscrowd": 0, "area": 781.0, "category_name": "echinus", "score": 0.9242600202560425}, {"id": 7, "image_id": 0, "bbox": [341.0, 253.0, 64.0, 41.0], "segmentation": {"size": [405, 720], "counts": "RaW4:R<=J3N1O010O10O01O10O010000001N10000O1000000O0100000000000000001O00000010O0001O00001O00001O010O1O001O1O001O0O2O1M4M`Yn3"}, "iscrowd": 0, "area": 1397.0, "category_name": "holothurian", "score": 0.9273057579994202}, {"id": 8, "image_id": 0, "bbox": [216.0, 291.0, 53.0, 49.0], "segmentation": {"size": [405, 720], "counts": "m`d29X<6M3M1O2N10001O0O2O1O101N1O2N2jDPOc:T1VEQOh:_1O100O003M010O0001N1L401O001O1N1O11O1O01O0004MO010N2O1N2M7J5K2M3L5K5K4K5Mbkb5"}, "iscrowd": 0, "area": 2064.0, "category_name": "starfish", "score": 0.8502256870269775}, {"id": 9, "image_id": 0, "bbox": [338.0, 129.0, 64.0, 57.0], "segmentation": {"size": [405, 720], "counts": "b^S47Z<7M00OjCHQ<7PDKn;LSD3N3n;IVDOO9k;H[D9d;G\\D:b;G^D;_;c0I7J2O00001O01iNPEg0P;XOQEi0o:VOQEj0];00000O100O1O1O1O2M2O100O1O1O1O1O1O1M3I7N11N101O010000O1000O000ON220O00010QEbNg:h1NC^EfNd:V1`0M3N1O2N101N2O1O1O2M5HVD]Ol;`0VD^On;?RDAP<>nCDT<9mCEQQl3"}, "iscrowd": 0, "area": 2771.0, "category_name": "starfish", "score": 0.8575813174247742}, {"id": 10, "image_id": 0, "bbox": [268.0, 93.0, 29.0, 65.0], "segmentation": {"size": [405, 720], "counts": "ce[36l00_:7VE6b:OVE<c:l0N1001O00000O101N1O1O1M4M2N2O2M2O3M2N5J4M4K4K7Gi\\V5"}, "iscrowd": 0, "area": 1156.0, "category_name": "holothurian", "score": 0.9152907729148865}, {"id": 11, "image_id": 0, "bbox": [163.0, 28.0, 30.0, 33.0], "segmentation": {"size": [405, 720], "counts": "o_P26^<3M4L4M2N2N1N200O1O1O1O0010O010O010O1O001O1O1N2O2M2L6KlUa6"}, "iscrowd": 0, "area": 610.0, "category_name": "echinus", "score": 0.9017555117607117}, {"id": 12, "image_id": 0, "bbox": [44.0, 27.0, 56.0, 40.0], "segmentation": {"size": [405, 720], "counts": "XQa05_<3L3N2N4K4M2O1O1N2O1O1O001O00001O01O0001O001O0001O01O01O00010O0010O0010O00010O001O100O1N3N1O1N2N5K3L^ag7"}, "iscrowd": 0, "area": 1364.0, "category_name": "echinus", "score": 0.9451693296432495}]}