{"images": [{"id": 0, "file_name": "images/u001668.jpg", "width": 720, "height": 405}], "annotations": [{"id": 0, "image_id": 0, "bbox": [217.0, 303.0, 29.0, 33.0], "segmentation": {"size": [405, 720], "counts": "`ge22`<8G6M6J3M2N2O1O1O001O1O010O0000000001O0O101O3K4L3M3K5M6GPbk5"}, "iscrowd": 0, "area": 731.0, "category_name": "scallop", "score": 0.9109011888504028}, {"id": 1, "image_id": 0, "bbox": [446.0, 310.0, 30.0, 31.0], "segmentation": {"size": [405, 720], "counts": "j_a58\\<4M3L3N2N1O2N1O1O1O0010O001O2O1N1O10000O2N2O1N1O2M3L^bP3"}, "iscrowd": 0, "area": 533.0, "category_name": "scallop", "score": 0.9020267724990845}, {"id": 2, "image_id": 0, "bbox": [617.0, 263.0, 23.0, 18.0], "segmentation": {"size": [405, 720], "counts": "clc72^<9K2O1N2O1N2O00001O000001O00001O001O1O1O1O2N3L5J[on0"}, "iscrowd": 0, "area": 387.0, "category_name": "echinus", "score": 0.9219726324081421}, {"id": 3, "image_id": 0, "bbox": [585.0, 238.0, 23.0, 24.0], "segmentation": {"size": [405, 720], "counts": "lPV71`<9I4M3M2N2O1O001O001O001O0000000001N1O2N2O001N2N2N3LPR\\1"}, "iscrowd": 0, "area": 527.0, "category_name": "echinus", "score": 0.8842535614967346}, {"id": 4, "image_id": 0, "bbox": [357.0, 124.0, 39.0, 52.0], "segmentation": {"size": [405, 720], "counts": "Wn\\48Z<6I5L5M2N2N2O0N3N2N3M1O2N100O2O001O00000O1O11O0000001O001N2O0000001N2O1N3M2N2L4L6DXWo3"}, "iscrowd": 0, "area": 1541.0, "category_name": "echinus", "score": 0.9167734980583191}, {"id": 5, "image_id": 0, "bbox": [284.0, 93.0, 30.0, 39.0], "segmentation": {"size": [405, 720], "counts": "Vj`3c0n;8J5L2O1N10000O2O0000000000000001O001O002N2M2O0O2M4M6J5I8IWRP5"}, "iscrowd": 0, "area": 946.0, "category_name": "echinus", "score": 0.9205119609832764}, {"id": 6, "image_id": 0, "bbox": [232.0, 69.0, 38.0, 46.0], "segmentation": {"size": [405, 720], "counts": "kdj2e0m;4M3M3N2N101N2N2N1O1O2N1O2O001O010O000000000000000O10O1O3N2M100O2O0O1O2N3M6H5F:Hmla5"}, "iscrowd": 0, "area": 1592.0, "category_name": "echinus", "score": 0.9081778526306152}, {"id": 7, "image_id": 0, "bbox": [112.0, 129.0, 56.0, 52.0], "segmentation": {"size": [405, 720], "counts": "Qj^18\\<3L3N2N2N101N3M1N3O1O2N1N1O2N1N3M201O11O0O01O1O000010O01O0010O010O012M4L2M2O1M2O2M4L4M3L8Gogk6"}, "iscrowd": 0, "area": 1460.0, "category_name": "echinus", "score": 0.9185106158256531}, {"id": 8, "image_id": 0, "bbox": [206.0, 106.0, 113.0, 126.0], "segmentation": {"size": [405, 720], "counts": "aVa267Nk;6RDMk;?00O1O1O100O5L2N2M7J1N3N1N2O4K2N3M001O1O2N2N2O010O1O1_EoM\\:W2iEiMl9W2:O0O11O2O0O2N103L2N2OO0O100001O002N001O4L1N2OO01000100O3M4L12M0001N1J600102N0O02N1O20OO1002N2M2O2M0010O00001O01O00O1001O000000O11O0000O10O100O1J`FUMb9R1]Fb0i9^OXF`0i9bNVFa07m0e9^N^F<NU1S:iNoEn0HhN]:0cE39NFP1`;\\O_D5a;^OaD15b0^;\\OcDf0[;ZOeDe0\\;[OdDe0f;01BQD5n;IUD6k;IVD7j;IWD5j;KVDM00i;4WDLl;0PD54Kk;;TDFm;6>K2M[ei4"}, "iscrowd": 0, "area": 8978.0, "category_name": "holothurian", "score": 0.7864288091659546}, {"id": 9, "image_id": 0, "bbox": [131.0, 231.0, 128.0, 54.0], "segmentation": {"size": [405, 720], "counts": "Tld11d<000m[21RdM1DORD2m;NRD4W<0KKjC5V<LiC5V<LhC6W<400000O1000O1M3]OBnD?R;BlD?U;@kD`0U;_OkDb0U;^OhDd0Y;\\O`D1Od0W;[OPE0J2Nc0X;[OUE2Cc0i;[OXDe0k;1M3TOWOaE0C12h0j:WOaE0C20g0h;000N2M3O001M3O10000O100O1000000O2O001OOBkN]EV1b:?0O101O0O101N1100O2OO01O01N1L5N1O2O0O100O100000N2O10O3N1O000O10001O1O000O100001O00O011O01O1O001N1001O0000001O1N2O002N2N3M5K5H5M5K2JR_f5"}, "iscrowd": 0, "area": 3901.0, "category_name": "holothurian", "score": 0.8406046628952026}, {"id": 10, "image_id": 0, "bbox": [335.0, 281.0, 60.0, 50.0], "segmentation": {"size": [405, 720], "counts": "hVS42a<<A7TD_O_;o0K3M3JiNjDY1V;4N1N2O1N2N2O101N2O1O00000O1O01O1O2N1N3M3M8K1O00OO1O2N11O1O000O4M1M2J6O01N2N5L5H5M3N1O1011\\DPO_;S11AbDAe;8`DCg;9<OO2O04K2Ok]Q4"}, "iscrowd": 0, "area": 2514.0, "category_name": "holothurian", "score": 0.6322391033172607}]}