{"images": [{"id": 0, "file_name": "images/u001611.jpg", "width": 720, "height": 405}], "annotations": [{"id": 0, "image_id": 0, "bbox": [478.0, 206.0, 33.0, 38.0], "segmentation": {"size": [405, 720], "counts": "Vem5;X<:F6K2N2M3N1O1O100O1O100O100001O00001O0000001O0O2O0O2N1O2M3N3L3N2M4L6Ifk`2"}, "iscrowd": 0, "area": 1140.0, "category_name": "echinus", "score": 0.9084838628768921}, {"id": 1, "image_id": 0, "bbox": [571.0, 258.0, 35.0, 25.0], "segmentation": {"size": [405, 720], "counts": "m_R74a<1N1O2M2O2M2O1N3N1O1O100O1O10000O10000000O101N100O2N2N2N2M4LcP^1"}, "iscrowd": 0, "area": 534.0, "category_name": "scallop", "score": 0.9435338973999023}, {"id": 2, "image_id": 0, "bbox": [29.0, 62.0, 72.0, 74.0], "segmentation": {"size": [405, 720], "counts": "cZ>9W<8J5F:J6M3M2O2N1O1N2N2M2N3N2O1N2O001N10001O000000010O00000000000001O0000001O00001O00001O001O001O1N2O1O2N1O1O2N1O3L3N4J7\\Of0CVme7"}, "iscrowd": 0, "area": 3274.0, "category_name": "echinus", "score": 0.9355372786521912}, {"id": 3, "image_id": 0, "bbox": [145.0, 99.0, 62.0, 52.0], "segmentation": {"size": [405, 720], "counts": "RXj1;V<5K5J6N2M3N1O2O0O2O1O1O1O4L1O2N001O000O101O000001O0000000010O00000001N10001N101O1O0O2O0O2N1O2O0O2O1O1N2O1N101N2N2N5JhU[6"}, "iscrowd": 0, "area": 2318.0, "category_name": "echinus", "score": 0.9171438217163086}, {"id": 4, "image_id": 0, "bbox": [251.0, 255.0, 57.0, 53.0], "segmentation": {"size": [405, 720], "counts": "]ZT3446j;`0K4M2N2N2N2N101N2N2N2N2O1O1O00001O00001O0O1000000000O101O000O10001N1O1O2N1O2O0O2N2N2N3L5K3M3Ia0AjQU5"}, "iscrowd": 0, "area": 2065.0, "category_name": "echinus", "score": 0.920448899269104}, {"id": 5, "image_id": 0, "bbox": [67.0, 340.0, 74.0, 56.0], "segmentation": {"size": [405, 720], "counts": "m^j08Z<7J5L2M2N3M2N2O1O2M2O2M3M3N100O100O1O100O100O100O100O1O2O0O10O10O1000000000O100O100O1O1N2O1O100O2N1N201N100O2O1O0O2N2I6O2N2N2N2N2M5J6Jc]W7"}, "iscrowd": 0, "area": 2734.0, "category_name": "echinus", "score": 0.917573094367981}, {"id": 6, "image_id": 0, "bbox": [189.0, 344.0, 60.0, 52.0], "segmentation": {"size": [405, 720], "counts": "n_[2j0f;9J3N2N1O1O101N100O100O100O10000O10000O100000000O1000000000O1000000O10000O2O0O2O001N2O1N1O2O001N3M4L2N4I:CWmk5"}, "iscrowd": 0, "area": 2351.0, "category_name": "echinus", "score": 0.9247287511825562}, {"id": 7, "image_id": 0, "bbox": [409.0, 335.0, 61.0, 70.0], "segmentation": {"size": [405, 720], "counts": "bZS5;V;<RELg:S1M3N2N2L5N1O100O10000O10000O100000000000000000000O10000001O1O001O1O1O1O001O1O001O001O1N101O2XNZE]1P;N3\\OPE]OS;?d0L5L3M5KoYS3"}, "iscrowd": 0, "area": 3347.0, "category_name": "echinus", "score": 0.9479175806045532}, {"id": 8, "image_id": 0, "bbox": [522.0, 182.0, 46.0, 44.0], "segmentation": {"size": [405, 720], "counts": "m^]6;S<:I5N2N2O1N1O2N101N2N10001O0O101O00001O00001O00000000000000O2O001N101N2N101N2N2N2N3M3L4K9G_Sm1"}, "iscrowd": 0, "area": 1638.0, "category_name": "echinus", "score": 0.9041224718093872}, {"id": 9, "image_id": 0, "bbox": [504.0, 108.0, 52.0, 51.0], "segmentation": {"size": [405, 720], "counts": "ckW6:X<8I4L3L4L3N3M3M2O1N3O0O10001N100000000000O01000000000O011O0O100O100O100O100N2O2M2M3L4N2M4L;CfZR2"}, "iscrowd": 0, "area": 1819.0, "category_name": "echinus", "score": 0.9222924709320068}, {"id": 10, "image_id": 0, "bbox": [586.0, 41.0, 42.0, 46.0], "segmentation": {"size": [405, 720], "counts": "QkU7e0m;5M2M3N1O2N1N2O1O1O100O1O10000O100000O1O100O100O1O2N1O101N1O2O0O2O1N2N2M4KllW1"}, "iscrowd": 0, "area": 1330.0, "category_name": "echinus", "score": 0.8882256150245667}, {"id": 11, "image_id": 0, "bbox": [55.0, 137.0, 89.0, 83.0], "segmentation": {"size": [405, 720], "counts": "glg02a<5L4M3L1M4N13N00N1J6oDZOQ:i0eEAW:`1EUNkEl1U:TNfEQ2Y:QNeEP2Y:7O2N2J6N2O1O01O2N1O00O1O10OO2O10O2O0O100N2O1O2N0100000O2N1O2O1N101N101O00000O2O001N10002M2N2O0000001O1N2O0001O01O3L101O0O1N3I6M3L4]OcDFh;2b0KUeS7"}, "iscrowd": 0, "area": 5101.0, "category_name": "starfish", "score": 0.86448734998703}, {"id": 12, "image_id": 0, "bbox": [138.0, 152.0, 59.0, 64.0], "segmentation": {"size": [405, 720], "counts": "WUg18W<7]Oc0K5N1O101N10000O10O010O010O01000000O010000O1001OO101O010O00001O00000000001O1O1O0O2O4L>A5K8Gkcb6"}, "iscrowd": 0, "area": 1844.0, "category_name": "starfish", "score": 0.9207431077957153}, {"id": 13, "image_id": 0, "bbox": [101.0, 69.0, 48.0, 57.0], "segmentation": {"size": [405, 720], "counts": "ddW1872a;f0I6B<N2O2N1O00100OMVE\\Nk:d1TE^Nk:g1N2O001O1N2O1O1O0000O1000000O100000000O1000001N1O1O2N1O2N2N2M3N3K6J8H8H:APhQ7"}, "iscrowd": 0, "area": 2662.0, "category_name": "starfish", "score": 0.9129910469055176}, {"id": 14, "image_id": 0, "bbox": [1.0, 71.0, 37.0, 71.0], "segmentation": {"size": [405, 720], "counts": "^2R2c:01O1O1N101N2O1O001O100O2N1O2M1M4O1O0O2N2O0001O00M3AeDB\\;?dD\\Oa;f0]DYOd;g0\\DYOd;e08K4L6IYW_8"}, "iscrowd": 0, "area": 1572.0, "category_name": "starfish", "score": 0.8292216062545776}, {"id": 15, "image_id": 0, "bbox": [381.0, 275.0, 36.0, 36.0], "segmentation": {"size": [405, 720], "counts": "TUh4<U<7K3N1O2N1O2N1O1O100O101N100O101N001N101O1O1000O1N4N2M2O1_Ob0M3Lkng3"}, "iscrowd": 0, "area": 966.0, "category_name": "starfish", "score": 0.827336311340332}, {"id": 16, "image_id": 0, "bbox": [463.0, 252.0, 46.0, 43.0], "segmentation": {"size": [405, 720], "counts": "_[i56^<3M2N10O1002kCGb;M`De0^;^OaDd0];]OaDi0Z;XOcDk0\\;7N20ON23M2N11N3M101OO01O1O1O01001O00001O1OK501N1N5I8WOj0Jgoc2"}, "iscrowd": 0, "area": 1335.0, "category_name": "starfish", "score": 0.7425382137298584}, {"id": 17, "image_id": 0, "bbox": [456.0, 166.0, 36.0, 45.0], "segmentation": {"size": [405, 720], "counts": "ZTd5=U<7F9L5L2M2N1O2N1O1O1O1N2O100O101O000000O01000O10001N1O2O0O3N3L4L3M3M2M4M6I6FeVi2"}, "iscrowd": 0, "area": 1534.0, "category_name": "starfish", "score": 0.91385817527771}, {"id": 18, "image_id": 0, "bbox": [510.0, 151.0, 47.0, 41.0], "segmentation": {"size": [405, 720], "counts": "jeX64_<3M2O3M2N2N101VDB[;`0_DEa;h0O001OO100O10000O100O01000O100O01000000O1000000000000O11N101O2N2N:F7H_eR2"}, "iscrowd": 0, "area": 1167.0, "category_name": "starfish", "score": 0.8736345767974854}, {"id": 19, "image_id": 0, "bbox": [55.0, 4.0, 78.0, 55.0], "segmentation": {"size": [405, 720], "counts": "cUd0176n;LPD;j;FRDa0i;`0F`0@1O1N10001O3M1O1O001O0O10000000000000001O0000001O00001O0000001O1O1OLbEQN^:o1bEQN^:o1bEQN^:T2O0000001OO100O100000000O100O1O100O1O100000000O1O1001O000001O00000000000O100000001N1000001M2O4K6J6J9mNaD>caT7"}, "iscrowd": 0, "area": 5664.0, "category_name": "echinus", "score": 0.8685650825500488}]}