{"images": [{"id": 0, "file_name": "images/u002038.jpg", "width": 720, "height": 405}], "annotations": [{"id": 0, "image_id": 0, "bbox": [406.0, 343.0, 29.0, 25.0], "segmentation": {"size": [405, 720], "counts": "nYQ56\\<5M3N2M2O1O10O01O001O010O01O00100O001O1O1N3M4Jena3"}, "iscrowd": 0, "area": 413.0, "category_name": "echinus", "score": 0.9035806059837341}, {"id": 1, "image_id": 0, "bbox": [79.0, 310.0, 37.0, 37.0], "segmentation": {"size": [405, 720], "counts": "mao08\\<3N2M3N0O1O2N101N100O101N1000010O01O01O0001O01O00O2O001N101N100O2N2O0O3LZb^7"}, "iscrowd": 0, "area": 753.0, "category_name": "echinus", "score": 0.9059205055236816}, {"id": 2, "image_id": 0, "bbox": [403.0, 378.0, 43.0, 27.0], "segmentation": {"size": [405, 720], "counts": "inP57Y<7L2O2M200O100O100O10000O10000000000001O00001O00001O1O1O001O1O1O2N1O3M4LZU]3"}, "iscrowd": 0, "area": 726.0, "category_name": "echinus", "score": 0.9367636442184448}, {"id": 3, "image_id": 0, "bbox": [240.0, 244.0, 37.0, 31.0], "segmentation": {"size": [405, 720], "counts": "\\[P34`<3M4L2O2M101O0O2O001O00001O000O20O010O010O001O00100O2N1N3N1N2N6GW[_5"}, "iscrowd": 0, "area": 572.0, "category_name": "echinus", "score": 0.9169743657112122}, {"id": 4, "image_id": 0, "bbox": [107.0, 226.0, 27.0, 21.0], "segmentation": {"size": [405, 720], "counts": "jZ[17\\<3N2O0O2O000O1000001OO101O00001O00001O000O2O1M3MZaW7"}, "iscrowd": 0, "area": 311.0, "category_name": "echinus", "score": 0.9069669842720032}, {"id": 5, "image_id": 0, "bbox": [170.0, 221.0, 25.0, 26.0], "segmentation": {"size": [405, 720], "counts": "_eR23`<5K4M2O1N1O2O001N10000010O000O10001O0O2O0O3M7E[c`6"}, "iscrowd": 0, "area": 380.0, "category_name": "echinus", "score": 0.8876628875732422}, {"id": 6, "image_id": 0, "bbox": [197.0, 198.0, 32.0, 24.0], "segmentation": {"size": [405, 720], "counts": "jS^24_<4M2N2N101N100O2O000O2O000000001O000001O00010O00001N2O1O1O1N2O2M3MYVQ6"}, "iscrowd": 0, "area": 530.0, "category_name": "echinus", "score": 0.9038968086242676}, {"id": 7, "image_id": 0, "bbox": [70.0, 191.0, 31.0, 18.0], "segmentation": {"size": [405, 720], "counts": "Ulk04_<2O2N10001N10000000000000000000O1000001N10001O001N2O1Ooie7"}, "iscrowd": 0, "area": 246.0, "category_name": "echinus", "score": 0.8908823728561401}, {"id": 8, "image_id": 0, "bbox": [19.0, 189.0, 34.0, 17.0], "segmentation": {"size": [405, 720], "counts": "XS83a<2O0O2O000O2O001O000O100000001O000001O00001O0O2O001O01O01O1O1N2O1NjVW8"}, "iscrowd": 0, "area": 286.0, "category_name": "echinus", "score": 0.904891848564148}]}