{"images": [{"id": 0, "file_name": "images/u002608.jpg", "width": 720, "height": 405}], "annotations": [{"id": 0, "image_id": 0, "bbox": [243.0, 186.0, 26.0, 33.0], "segmentation": {"size": [405, 720], "counts": "PYR36\\<<E4M1O0001O000O101O001O1O1O6I4Lbhc5"}, "iscrowd": 0, "area": 311.0, "category_name": "echinus", "score": 0.8923544883728027}, {"id": 1, "image_id": 0, "bbox": [387.0, 219.0, 141.0, 149.0], "segmentation": {"size": [405, 720], "counts": "kZi45]<5L5L4K2N3N1O2M2O3L6J4L3N1O2]OdNiE_1U:eNfE^1Y:cNcE`1]:<01hEmMm9]201N101N2N2N101N1O2M2O2O1N3M4K6K3K301N2N2O1O01N100O1O100O100O11N100O1O2O0O101O1O1O;F0O1O00O2O0O2O001N2O1O1O0O2N1N2N201O01O001O1O00O10O100O2O1O1O1O01O0N4M2O1D<N2N20O1O1000O3L1N3E:01N2O2N00G]M`Fc2j9O102M2M2M3O1M3N2O1N2O3VN_EZ1c:bNaE]1m:O0N2N2M3N2\\OgDI[;5hDHZ;6hDH[;6gDGmb]2"}, "iscrowd": 0, "area": 12746.0, "category_name": "echinus", "score": 0.9320815205574036}, {"id": 2, "image_id": 0, "bbox": [247.0, 365.0, 102.0, 40.0], "segmentation": {"size": [405, 720], "counts": "Z_R32c<0000000O1O1O1K500001O01N10O02L3N2N2M3N2N2O100O1O1O1O1O100L4N200O100001O1O0000000000O10000O100000000000000001O1O2N2N1O001O002N1O1O0000001O001OO1O11O1O1O1O1O001O1O002N6J1O1O002N1O2N0O3NU`e4"}, "iscrowd": 0, "area": 2271.0, "category_name": "echinus", "score": 0.9180116653442383}, {"id": 3, "image_id": 0, "bbox": [263.0, 256.0, 75.0, 105.0], "segmentation": {"size": [405, 720], "counts": "i^[33`<4J<F4J8K4M6J2N2N1N4L2K6J7K4O0O001O1O010O000O2N2N4L4M2M2O1O1O003M2O0ON3L4N1O1000100O001O1N2L4M4M2O0O2N2M3L5K4N2N2J6J6N2I8L=\\O]\\h4"}, "iscrowd": 0, "area": 4010.0, "category_name": "echinus", "score": 0.9151725769042969}, {"id": 4, "image_id": 0, "bbox": [94.0, 234.0, 126.0, 132.0], "segmentation": {"size": [405, 720], "counts": "Y^Y12a<3M2O1O1O1O0O2POJ[E<d:FXE>g:DVE?g:CVE`0i:@UEc0i:_OTEd0i:e0K6N2ZEVN]:W2J3M1N3K4O01000O01O00100O10O1O100O2I:J4M2O2O000OO1O2N100O2N0O2N1O20O1O100001N2M3M3O1N2O00001O0O10000O10O1O1O11N101O000O100O1O1O1O0O2O1N2O1000001N2M2N3N2M2O2N1O1N2_NUEY1j:dNZE]1n:GmDoNU;j0a0\\OZDFU<77LnjY6"}, "iscrowd": 0, "area": 7598.0, "category_name": "echinus", "score": 0.9091256856918335}, {"id": 5, "image_id": 0, "bbox": [4.0, 65.0, 37.0, 36.0], "segmentation": {"size": [405, 720], "counts": "Rk29X<7J4N2O0O1O10001N100010O0000000O2O000O2O00001N2N2N2N3L5Gb^^8"}, "iscrowd": 0, "area": 609.0, "category_name": "echinus", "score": 0.8697885274887085}, {"id": 6, "image_id": 0, "bbox": [282.0, 81.0, 31.0, 23.0], "segmentation": {"size": [405, 720], "counts": "R]`3>U<3O0O10000000000001O001O0000000000001N100O2N1MhkR5"}, "iscrowd": 0, "area": 380.0, "category_name": "echinus", "score": 0.9249852895736694}, {"id": 7, "image_id": 0, "bbox": [85.0, 119.0, 46.0, 41.0], "segmentation": {"size": [405, 720], "counts": "ZaR15U<NnC:n;8O1O1O1O001N101O1O1O1O1O00001O0O10010O0O1000000001O1O2N1O000O2O1N2O2N2M3M4L3M2N_cY7"}, "iscrowd": 0, "area": 1101.0, "category_name": "echinus", "score": 0.8971071839332581}, {"id": 8, "image_id": 0, "bbox": [73.0, 94.0, 37.0, 35.0], "segmentation": {"size": [405, 720], "counts": "\\nn09Y<7K2N2M3N3N1N3N1O101N1O000001N10001N101O00001O001O1O2M3N2M3N5J5L2MZ[`7"}, "iscrowd": 0, "area": 850.0, "category_name": "echinus", "score": 0.8132108449935913}]}