{"images": [{"id": 0, "file_name": "images/u002264.jpg", "width": 720, "height": 405}], "annotations": [{"id": 0, "image_id": 0, "bbox": [447.0, 293.0, 46.0, 43.0], "segmentation": {"size": [405, 720], "counts": "Rfb54^<4J5L4N2O1O1O1O0O3L4M3L5M2N101N100O01000000000100O2N2N1O2O0O100N2N2H8K5K5N2M[ej2"}, "iscrowd": 0, "area": 1153.0, "category_name": "starfish", "score": 0.9367918968200684}, {"id": 1, "image_id": 0, "bbox": [537.0, 118.0, 55.0, 36.0], "segmentation": {"size": [405, 720], "counts": "cgc62b<101K4I7M3N3N100K501O001O1N2O001O001O0O20N100O1O1O1001O00000O02O0010OO1O2O01O001OO1O1O2O2M3L4L5J30010O2M2Ljec1"}, "iscrowd": 0, "area": 1326.0, "category_name": "starfish", "score": 0.6914336681365967}, {"id": 2, "image_id": 0, "bbox": [574.0, 144.0, 69.0, 53.0], "segmentation": {"size": [405, 720], "counts": "^hV76]<2O1O1O4L1M3O1N2J60O01O100O10O0001N2ISOdDn0\\;TObDm0^;40O2000000O101O000000001N10010O0000000000000O1M3G8N3L4N101N2N2O[RQ1"}, "iscrowd": 0, "area": 1366.0, "category_name": "starfish", "score": 0.7985186576843262}, {"id": 3, "image_id": 0, "bbox": [456.0, 154.0, 34.0, 37.0], "segmentation": {"size": [405, 720], "counts": "XSf54[<OgC3n;KSD3N019f;a0N1O10001OO0100O1O10O10JoNhDQ1X;oNhDP1Y;POgDP1_;1O00O2VO]D`0c;@^D9OCc;5]D82Ba;h0520OYDXOa;h0_DXOa;h0_DXOc;d0`DZOd;2XD0iij2"}, "iscrowd": 0, "area": 888.0, "category_name": "starfish", "score": 0.8193356990814209}, {"id": 4, "image_id": 0, "bbox": [290.0, 304.0, 29.0, 39.0], "segmentation": {"size": [405, 720], "counts": "mUd38]<3M2O3K6PD^Ob;P1K2N0O0101O01OO2O000O2O001O0O2O1O1M3N3L4L3M5Hn_m4"}, "iscrowd": 0, "area": 785.0, "category_name": "echinus", "score": 0.845978856086731}, {"id": 5, "image_id": 0, "bbox": [443.0, 114.0, 40.0, 32.0], "segmentation": {"size": [405, 720], "counts": "Ym`58[<6K2M3N101O0000001N101O000O100O10000001O000O2O001N2O0O2O1O1N2M4L5Jl\\n2"}, "iscrowd": 0, "area": 684.0, "category_name": "echinus", "score": 0.9198148250579834}, {"id": 6, "image_id": 0, "bbox": [500.0, 142.0, 55.0, 54.0], "segmentation": {"size": [405, 720], "counts": "elW69X<6I6N2N1O2N1O2O1O0O2O1O0O2O0O1O101N10001O00O010O01O01O1O100O1O1O2O0O100O1O1O101N2N2N2M3O2M3M3L5Ko_Q2"}, "iscrowd": 0, "area": 1480.0, "category_name": "echinus", "score": 0.9162213206291199}, {"id": 7, "image_id": 0, "bbox": [675.0, 24.0, 45.0, 85.0], "segmentation": {"size": [405, 720], "counts": "ZQ[85\\<6@?L3L7G8gDeNQ;b1M2O1N2O3M3M1O1O100O2N2O1OO00fElMU:T2kEnMR:S2nEnMQ:S2nEmMR:S2oElMP:T29O11O1N2O0hEgMT:X2mEiMR:V2oEkMP:U2PFkMP:U2PFlMo9T2QFlMo9S2SFjMo9V2800010O00O1000VO"}, "iscrowd": 0, "area": 2831.0, "category_name": "echinus", "score": 0.8945038914680481}, {"id": 8, "image_id": 0, "bbox": [640.0, 82.0, 66.0, 70.0], "segmentation": {"size": [405, 720], "counts": "[jn72_<;F5K5L3N2M3K5M3L4L4M2O2N2M3N1O2O0O2O1N101O001O0O2O0O1O2O00001O01O0001O0000001O0011OO02N10O01000O1O1O010O0001N1N3M2O1O1L5O0O6K2EnDnNT;2mDN;OIKW;1l_3"}, "iscrowd": 0, "area": 3883.0, "category_name": "echinus", "score": 0.8318502902984619}, {"id": 9, "image_id": 0, "bbox": [687.0, 126.0, 32.0, 62.0], "segmentation": {"size": [405, 720], "counts": "hW`82212NU<7hC1Q<;O1N3N1N2L4O12ON1O1O1N2N2O2N001O1O1O100O0O2N2O1O100O1O010O0lK"}, "iscrowd": 0, "area": 1192.0, "category_name": "echinus", "score": 0.8948280811309814}, {"id": 10, "image_id": 0, "bbox": [19.0, 377.0, 60.0, 26.0], "segmentation": {"size": [405, 720], "counts": "Pg64_<2N2N2N2N2O2N1N2O1O100000000O1O1O100O100O1O10000000000000000O100O100O1001O001O00001O001N2O1O1O1N2M3N1N2O2M3L4MVmo7"}, "iscrowd": 0, "area": 1200.0, "category_name": "echinus", "score": 0.908074140548706}]}