{"images": [{"id": 0, "file_name": "images/u002765.jpg", "width": 720, "height": 405}], "annotations": [{"id": 0, "image_id": 0, "bbox": [198.0, 139.0, 30.0, 31.0], "segmentation": {"size": [405, 720], "counts": "[k^25_<5J4M2N3N1N1O2N100O1O100O1O100O1O010O01O1O1O1O2N3K5GoWS6"}, "iscrowd": 0, "area": 608.0, "category_name": "echinus", "score": 0.9013556241989136}, {"id": 1, "image_id": 0, "bbox": [370.0, 111.0, 40.0, 33.0], "segmentation": {"size": [405, 720], "counts": "lXa45Z<8L2M5M2M3N100O2N101N1O100O1O1O0100O010O1O100O100O100O101N2N2N2N2N1O2N2N2N2N1O4KTYk3"}, "iscrowd": 0, "area": 1011.0, "category_name": "echinus", "score": 0.9084759950637817}, {"id": 2, "image_id": 0, "bbox": [613.0, 85.0, 52.0, 45.0], "segmentation": {"size": [405, 720], "counts": "Vb`7:Y<4M1O2M3M3N3M2N2O1N2O1N2O1O1N2O001N10001O0O1000000O100O1000000O01000O11N10000O2O0O2N4L2O1N101N2O1N2O0O3M2L4J7K4LQee0"}, "iscrowd": 0, "area": 1968.0, "category_name": "echinus", "score": 0.9261860847473145}, {"id": 3, "image_id": 0, "bbox": [393.0, 227.0, 59.0, 56.0], "segmentation": {"size": [405, 720], "counts": "l_j45\\<6J5L6K4L3M2O1N3N2M3N2N2N2N2N101N2O0O2O2N1N2O0O100O101N0100O01000O010000000010O01O1M4N2M3M3N0O10000O2N1O2N2L3O2M3M4L4L4K5J7Kd[Y3"}, "iscrowd": 0, "area": 2858.0, "category_name": "echinus", "score": 0.8825779557228088}, {"id": 4, "image_id": 0, "bbox": [510.0, 43.0, 72.0, 53.0], "segmentation": {"size": [405, 720], "counts": "e[Y63`04Z;OaD5^;M]D7a;?00O2O00001O0O101O001O001O0000001O000010O01O001O1O001O001O0010O01O1N101O1O1O001N1010O01O01O001N1O2O001O001N2N3M2I6I8M2O2N2O0O2N1O1O2N2N2NWmf1"}, "iscrowd": 0, "area": 2613.0, "category_name": "starfish", "score": 0.888834536075592}]}