{"images": [{"id": 0, "file_name": "images/u002627.jpg", "width": 720, "height": 405}], "annotations": [{"id": 0, "image_id": 0, "bbox": [525.0, 304.0, 32.0, 29.0], "segmentation": {"size": [405, 720], "counts": "T[`63^<7J5K4N2M2O1O2N1O100000000000000000O2O0O2N1O2N1N4L3L5L3LfnP2"}, "iscrowd": 0, "area": 613.0, "category_name": "echinus", "score": 0.899898886680603}, {"id": 1, "image_id": 0, "bbox": [614.0, 324.0, 40.0, 39.0], "segmentation": {"size": [405, 720], "counts": "Q\\b75_<3N2M3N2M3M2N2O000O2O00001O001O1O001O010O0010O010O001O001O001N1N3N2M3M4KThk0"}, "iscrowd": 0, "area": 823.0, "category_name": "echinus", "score": 0.871934175491333}, {"id": 2, "image_id": 0, "bbox": [272.0, 208.0, 43.0, 38.0], "segmentation": {"size": [405, 720], "counts": "\\\\[32c<2M2O0eCMT<3jC4Q<MnC61Je;g0000000001XOYD`0g;7O1O100O2O00000010O0000O2O001InNjDQ1U;POlDP1T;oNlDQ1T;oNlDP1V;oNjDQ1];0N2O02N2O1O2M1O2XOWD>n;@TD002^<O1000LNfC0Pbo4"}, "iscrowd": 0, "area": 1220.0, "category_name": "starfish", "score": 0.7225303649902344}, {"id": 3, "image_id": 0, "bbox": [146.0, 351.0, 98.0, 54.0], "segmentation": {"size": [405, 720], "counts": "a_n14P<O[D4c;`0O1N2O1N2A?M3O101O000000000001O00000000000000000000O10000000000O1000000O100000000O1000000000000O10000000000001O1O1O3M3M4L4L3M2N2N1O3M3M2N3M1O1O2N1N3N2N1O2N_dn5"}, "iscrowd": 0, "area": 3243.0, "category_name": "starfish", "score": 0.9361457824707031}, {"id": 4, "image_id": 0, "bbox": [369.0, 241.0, 34.0, 47.0], "segmentation": {"size": [405, 720], "counts": "P\\c4=S<9H8K6K1O2N1O0010O0001OO10000O1O100O1O1O2N3M2N3L3N:Bgfn3"}, "iscrowd": 0, "area": 907.0, "category_name": "echinus", "score": 0.9261068105697632}, {"id": 5, "image_id": 0, "bbox": [385.0, 211.0, 29.0, 34.0], "segmentation": {"size": [405, 720], "counts": "^lh4;W<5K3K5N3N100O1000000O02O0O1O1O2O1N1O2N2N2MPVk3"}, "iscrowd": 0, "area": 521.0, "category_name": "echinus", "score": 0.9129848480224609}, {"id": 6, "image_id": 0, "bbox": [502.0, 378.0, 41.0, 27.0], "segmentation": {"size": [405, 720], "counts": "VZW66]<3N1O2N1O2O1N10001O001O1O001O001O00001O0001O001N2O1O1O1O1N3N1N3N1N3MTcW2"}, "iscrowd": 0, "area": 574.0, "category_name": "echinus", "score": 0.928942084312439}, {"id": 7, "image_id": 0, "bbox": [425.0, 387.0, 30.0, 18.0], "segmentation": {"size": [405, 720], "counts": "nQZ56]<3M3N1O100O100O10000001O00001O001O001O1O1O1O001O1O3LhPX3"}, "iscrowd": 0, "area": 330.0, "category_name": "echinus", "score": 0.9446784853935242}, {"id": 8, "image_id": 0, "bbox": [392.0, 342.0, 30.0, 31.0], "segmentation": {"size": [405, 720], "counts": "Xbl41a<7K3M3M2N2O1N2O001O00001O00010O01O1N2O1O1M3N4K`ff3"}, "iscrowd": 0, "area": 425.0, "category_name": "echinus", "score": 0.9312189221382141}, {"id": 9, "image_id": 0, "bbox": [354.0, 359.0, 38.0, 34.0], "segmentation": {"size": [405, 720], "counts": "la]42a<9H3M2N2N101N1O2O0O2O000000001O00000000O2O001N2N2O001N2O1N2O6I`aR4"}, "iscrowd": 0, "area": 641.0, "category_name": "echinus", "score": 0.922020673751831}, {"id": 10, "image_id": 0, "bbox": [297.0, 175.0, 54.0, 47.0], "segmentation": {"size": [405, 720], "counts": "iPh36[<7K3N2N3M2M4N1N3N1O001N101O010O00001O0000010O00010O01O1O001O001N2O001O0O2N2N4L5K9CmSd4"}, "iscrowd": 0, "area": 1217.0, "category_name": "echinus", "score": 0.9372527003288269}, {"id": 11, "image_id": 0, "bbox": [398.0, 88.0, 33.0, 31.0], "segmentation": {"size": [405, 720], "counts": "cYn45]<6L2N2N2N2N2O1O00001O001O000001O00001N2O0O2N2N2N2N3LWic3"}, "iscrowd": 0, "area": 501.0, "category_name": "echinus", "score": 0.940541684627533}, {"id": 12, "image_id": 0, "bbox": [241.0, 69.0, 44.0, 42.0], "segmentation": {"size": [405, 720], "counts": "^io25]<5M2N2N3N1N1O2N2M201N2O1O1O001N101O1O01OO2O00000000000000O101O1N101N4L2N3K6Ida]5"}, "iscrowd": 0, "area": 1053.0, "category_name": "echinus", "score": 0.9184726476669312}, {"id": 13, "image_id": 0, "bbox": [195.0, 108.0, 51.0, 48.0], "segmentation": {"size": [405, 720], "counts": "hW]25^<4M3M2N3M2N2N2N3M101N2N2O2N2N1O1O100O1O1O010O0010O000010O0001O001N101O001O1N4L3L3M4M2M3O3LYZm5"}, "iscrowd": 0, "area": 1422.0, "category_name": "echinus", "score": 0.9205379486083984}, {"id": 14, "image_id": 0, "bbox": [200.0, 173.0, 66.0, 65.0], "segmentation": {"size": [405, 720], "counts": "_kb26]<<E2N3M2N3L3M2O2M3N2N2N101N1O2N2N100O101N100O100O1O100O2O00O101O001N101N1O2N2N1O2M3M3M3N2N3M4L3M4FdTf5"}, "iscrowd": 0, "area": 2126.0, "category_name": "echinus", "score": 0.9233129620552063}, {"id": 15, "image_id": 0, "bbox": [101.0, 250.0, 88.0, 70.0], "segmentation": {"size": [405, 720], "counts": "\\VZ13a<2N2N2O1M4M3M2N2N2N3M2N3N1N2O0O2L4M3N2N1N3M2O1O1O1O101O0O1000000O2O000000001O00010O0001O001O00001O000O100O101N100O100O100O2N101N2M3N2N2N3L3QO_D9M2[<KhRf6"}, "iscrowd": 0, "area": 3191.0, "category_name": "echinus", "score": 0.9309982061386108}, {"id": 16, "image_id": 0, "bbox": [1.0, 233.0, 92.0, 90.0], "segmentation": {"size": [405, 720], "counts": "P8S2b:000O10O0100O100O100O100O10O01O100O1O1O001O1O10O01000O010O10O0100O1O10O01O010O001O010O010O001O001O001O1O1O1O010O1O1O100O0O2N2N2O1O001N2N2N2O1O1N2L4L4L5M3L4CZDHh;6ZDGi;7=L3Mgfk7"}, "iscrowd": 0, "area": 5295.0, "category_name": "echinus", "score": 0.9256744384765625}]}