{"images": [{"id": 0, "file_name": "images/u002726.jpg", "width": 720, "height": 405}], "annotations": [{"id": 0, "image_id": 0, "bbox": [554.0, 80.0, 52.0, 55.0], "segmentation": {"size": [405, 720], "counts": "edi61a<8I4M1N2O1O1N2O2N1O2L3N3N2N1O2O0O2M2J7N10000000O1000O10000O100O1000000O100O1N20O002N3N2M3N1O3M4K3N2M3XOXD?i;_OYD?Y<E4Ki[]1"}, "iscrowd": 0, "area": 2022.0, "category_name": "holothurian", "score": 0.8079685568809509}, {"id": 1, "image_id": 0, "bbox": [124.0, 52.0, 88.0, 77.0], "segmentation": {"size": [405, 720], "counts": "jZ^1330X<9N1M3N2J7N2N9G2O2M2O0O1GhNTEX1k:lNPEV1P;8O5J3M2O0O1O2O10O01O001O00001N20O01O010O1O10O01O1O0O1000001N101O01O00001O00010O0010O0100O2N7J0N2O0O2O1O0O2O00001O1N2O001N2O1N2O1O1O1N2J6M3N2I7M3M4FQDHeb[6"}, "iscrowd": 0, "area": 5120.0, "category_name": "echinus", "score": 0.9215487837791443}, {"id": 2, "image_id": 0, "bbox": [551.0, 20.0, 29.0, 46.0], "segmentation": {"size": [405, 720], "counts": "hai64`<3N5K7H3N1O2M3N2M3N2M4J5M3N2N22M4K1O1N2N3N3L5L2N3M1M5KiSh1"}, "iscrowd": 0, "area": 859.0, "category_name": "starfish", "score": 0.9257067441940308}, {"id": 3, "image_id": 0, "bbox": [475.0, 30.0, 26.0, 104.0], "segmentation": {"size": [405, 720], "counts": "_\\j53a<4K8H6L4K4L3L5L2O01O1OO0001O10ON3OO1003M4K3M3L5HmCGX<2ZSh2"}, "iscrowd": 0, "area": 719.0, "category_name": "holothurian", "score": 0.5768358111381531}, {"id": 4, "image_id": 0, "bbox": [250.0, 273.0, 96.0, 66.0], "segmentation": {"size": [405, 720], "counts": "V\\T34]<5O2M3kCDm;<RDFk;b01O0100O1O1N101OO10011O1O3MO100O1O100O2N100O2O0O10010O0O2M2O2N2K5N1KgNmD[1P;8L2O2OdNVEm0j:>1YNVEa1l:_NTE_1o:`NPEa1P;3O0O2M3L4O0O1N2O1N2O10O010O010O100O1O1O0H_E]Nb:b1_E^Na:b1_E]Na:d1_E[Nb:e1^E[Nb:f1\\E[Nd:k1000J]EXNe:h15O01O01001OO01O0001O1O3N4K2N3M5K3M2O1O1N2M3M4_O]DIg;1VR`4"}, "iscrowd": 0, "area": 4467.0, "category_name": "holothurian", "score": 0.7016388177871704}, {"id": 5, "image_id": 0, "bbox": [299.0, 358.0, 33.0, 26.0], "segmentation": {"size": [405, 720], "counts": "PWf38[<5K3N2N2N2N1O2O1O0O10001N10000O0100000001N100O2N2O1N1O2N2N3L4Ldli4"}, "iscrowd": 0, "area": 733.0, "category_name": "scallop", "score": 0.9648860692977905}, {"id": 6, "image_id": 0, "bbox": [0.0, 285.0, 45.0, 62.0], "segmentation": {"size": [405, 720], "counts": "o8l1i:00000001O1O1O1O2N1O3M2N2N1O1O00001O0000000O10O1O1O1O1O1O01O2G9I7K6K4M3M3M3N2N1O2N2Nd^[8"}, "iscrowd": 0, "area": 1714.0, "category_name": "starfish", "score": 0.9580256938934326}]}