{"images": [{"id": 0, "file_name": "images/u002992.jpg", "width": 720, "height": 405}], "annotations": [{"id": 0, "image_id": 0, "bbox": [189.0, 329.0, 56.0, 43.0], "segmentation": {"size": [405, 720], "counts": "W_]23`<:F3N1N2M3M2O2O1O1M2N2N3N2K41M4N1O2O0O10O0N3OO2O1N100O10100O100O2M2O101N2N101N1O2N1N3O2L3M3N2NfZl5"}, "iscrowd": 0, "area": 1205.0, "category_name": "holothurian", "score": 0.669624388217926}, {"id": 1, "image_id": 0, "bbox": [274.0, 300.0, 31.0, 79.0], "segmentation": {"size": [405, 720], "counts": "Sa[32V<OVD1];2^DO5OZ;8[DM:Kl:6nDb0OZOm:a1L3L5\\EWNU:X2O1N10000O01O100O011O0O101N1O2L3M4M2M3O1kN`E5`:GgE5Z:IjE4X:KiEK]OKn:OoD3h0OTbT5"}, "iscrowd": 0, "area": 1861.0, "category_name": "holothurian", "score": 0.8084143996238708}, {"id": 2, "image_id": 0, "bbox": [306.0, 215.0, 33.0, 22.0], "segmentation": {"size": [405, 720], "counts": "`eg31Z<:01N1000000O1000000O1000000000000O10O001O1O001O1N2O100O100O2O0O100O2Mlkf4"}, "iscrowd": 0, "area": 407.0, "category_name": "starfish", "score": 0.8867748975753784}, {"id": 3, "image_id": 0, "bbox": [242.0, 301.0, 29.0, 26.0], "segmentation": {"size": [405, 720], "counts": "_PP32a<3N2cCMV<9O2O2K6L1O2N1001N2N1O101N200O1OO100000O2O00O10O1BmC:S<FmC202T<KlC310Y<LiC3^<MlR`5"}, "iscrowd": 0, "area": 552.0, "category_name": "starfish", "score": 0.6644963026046753}, {"id": 4, "image_id": 0, "bbox": [252.0, 270.0, 31.0, 25.0], "segmentation": {"size": [405, 720], "counts": "haS33`<2O1N2N2M3N200O100O2O0O100000O100O10O010O000010O010O100O109F3MRb\\5"}, "iscrowd": 0, "area": 466.0, "category_name": "starfish", "score": 0.9166949391365051}, {"id": 5, "image_id": 0, "bbox": [1.0, 280.0, 66.0, 72.0], "segmentation": {"size": [405, 720], "counts": "P9a1T;0O2O1N2N2N1O1O1O1O2N101N100000001O000000000000000000000001O000010O00000001O00001N101N1000O11O0O100001O01O001N1O2O0O2N2O001O1O1N2O1N3M4L6UOjDL[;NQ]P8"}, "iscrowd": 0, "area": 4114.0, "category_name": "echinus", "score": 0.9478141665458679}, {"id": 6, "image_id": 0, "bbox": [189.0, 267.0, 44.0, 49.0], "segmentation": {"size": [405, 720], "counts": "]][2224T<;L6K3N1N2O1M2O2N2N3M2O1O1N2O1O2N2N1O2N1O100O01O1O1O0O2O1N101N2N2M3O1N2N2N4J6K4N3L5J5Kjmo5"}, "iscrowd": 0, "area": 1680.0, "category_name": "echinus", "score": 0.9507958889007568}, {"id": 7, "image_id": 0, "bbox": [107.0, 234.0, 56.0, 45.0], "segmentation": {"size": [405, 720], "counts": "VbZ19U<InC:j;=M3M3M2O2O3L2O1N2O000O2O00000O1000000000000000001O000001O00000001O0000000001O000O2N2O1N2O2N1N3N1N3M3M2M4M3L5KPek6"}, "iscrowd": 0, "area": 2227.0, "category_name": "echinus", "score": 0.9518669843673706}, {"id": 8, "image_id": 0, "bbox": [217.0, 201.0, 27.0, 25.0], "segmentation": {"size": [405, 720], "counts": "nPf2:X<5M2O1N2O0O10000O10000O100000000O10O10000O100O2N1O2O2M3L6Klkj5"}, "iscrowd": 0, "area": 585.0, "category_name": "echinus", "score": 0.930186927318573}, {"id": 9, "image_id": 0, "bbox": [243.0, 159.0, 30.0, 23.0], "segmentation": {"size": [405, 720], "counts": "hXP36]<4L2N3N1O2O0O2N100O2O000O101O0O10000001O00001O0O2O0O2O1N2N6AiW`5"}, "iscrowd": 0, "area": 624.0, "category_name": "echinus", "score": 0.9493653774261475}, {"id": 10, "image_id": 0, "bbox": [55.0, 195.0, 43.0, 26.0], "segmentation": {"size": [405, 720], "counts": "]Tg03_<5M1N3N2O1N2O1N2O1O2N002N1O000000O1000000000001O0000001O001N3N1O1O1N3M6Jeof7"}, "iscrowd": 0, "area": 737.0, "category_name": "echinus", "score": 0.9488240480422974}, {"id": 11, "image_id": 0, "bbox": [68.0, 168.0, 46.0, 25.0], "segmentation": {"size": [405, 720], "counts": "UXl0=U<4M3N1O100O1O1O1O100O10000O101O000O1000O10000O100O100O1O10000O100O100O1000001N101N1N3L;EPg^7"}, "iscrowd": 0, "area": 1062.0, "category_name": "echinus", "score": 0.9502850770950317}, {"id": 12, "image_id": 0, "bbox": [282.0, 376.0, 78.0, 27.0], "segmentation": {"size": [405, 720], "counts": "Pfb31c<3N1N2O4L00001O0000000O100N2N2N20000001O000000O1O1O10000001O00000000O10000O11O0000001O00001O00001O00001O001O001O2N1O1O1O1O1O3M2Me[`4"}, "iscrowd": 0, "area": 1030.0, "category_name": "echinus", "score": 0.9050774574279785}]}