{"images": [{"id": 0, "file_name": "images/u002339.jpg", "width": 720, "height": 405}], "annotations": [{"id": 0, "image_id": 0, "bbox": [517.0, 297.0, 28.0, 30.0], "segmentation": {"size": [405, 720], "counts": "[[^6<X<5K2O1N100000001O01O0O100000000O2M2N3L5K]SV2"}, "iscrowd": 0, "area": 381.0, "category_name": "echinus", "score": 0.8902509808540344}, {"id": 1, "image_id": 0, "bbox": [537.0, 287.0, 29.0, 26.0], "segmentation": {"size": [405, 720], "counts": "\\Xf6:Y<3M2N2O1000000000000000000000O1O2N2O1M3O3Khim1"}, "iscrowd": 0, "area": 336.0, "category_name": "echinus", "score": 0.877587616443634}, {"id": 2, "image_id": 0, "bbox": [591.0, 326.0, 27.0, 25.0], "segmentation": {"size": [405, 720], "counts": "ZRZ77]<3M1O2O0O2O0000001O0000000001O0000001N101O1O1N6IeiX1"}, "iscrowd": 0, "area": 330.0, "category_name": "echinus", "score": 0.8517907857894897}, {"id": 3, "image_id": 0, "bbox": [658.0, 278.0, 32.0, 28.0], "segmentation": {"size": [405, 720], "counts": "_SV85^<5L2N2N2N101N101O0O10000000001O01O001N10001O1O1O1O1N2O1N2O2M4Klo9"}, "iscrowd": 0, "area": 516.0, "category_name": "echinus", "score": 0.9003814458847046}, {"id": 4, "image_id": 0, "bbox": [41.0, 329.0, 44.0, 49.0], "segmentation": {"size": [405, 720], "counts": "oU`01c<0L3@6WDMe;d0N2M2O1O1O1O2N1O1N2O100O101N01O010O1000O01O100001N10O0MiDjNW;V130010N100O3mNgDh0c;KVD_Ok;4VD11Ji;5VD03Ij;4UD0\\<N3Njij7"}, "iscrowd": 0, "area": 1448.0, "category_name": "echinus", "score": 0.6722830533981323}, {"id": 5, "image_id": 0, "bbox": [152.0, 272.0, 41.0, 47.0], "segmentation": {"size": [405, 720], "counts": "jbm14^<8I<D4M2N001O101N10O01O1O10000O1000000O11O001N101O001N2O0O2M4L3M4L4L9ESn`6"}, "iscrowd": 0, "area": 1058.0, "category_name": "echinus", "score": 0.9068843126296997}, {"id": 6, "image_id": 0, "bbox": [275.0, 326.0, 40.0, 46.0], "segmentation": {"size": [405, 720], "counts": "bl]34^<7I5L3M4M3M2N2O1N2N2O00001N101O01O00001N2O2N1N1O2O0O2N2N1N3M4LTWR5"}, "iscrowd": 0, "area": 902.0, "category_name": "echinus", "score": 0.9047330617904663}]}