{"images": [{"id": 0, "file_name": "images/u002630.jpg", "width": 720, "height": 405}], "annotations": [{"id": 0, "image_id": 0, "bbox": [284.0, 196.0, 31.0, 27.0], "segmentation": {"size": [405, 720], "counts": "bm`32`<5L4M2N1O2N2N2O0O101N10O010000000O1000000O2O001O1N2O2M4JT\\P5"}, "iscrowd": 0, "area": 522.0, "category_name": "echinus", "score": 0.9108166694641113}, {"id": 1, "image_id": 0, "bbox": [285.0, 266.0, 30.0, 28.0], "segmentation": {"size": [405, 720], "counts": "ji_38[<3M3L3N3N1O2N1O1N3N100O100000O10000O100O101N101N2O2L4L6In_Q5"}, "iscrowd": 0, "area": 670.0, "category_name": "echinus", "score": 0.9175032377243042}, {"id": 2, "image_id": 0, "bbox": [211.0, 334.0, 35.0, 31.0], "segmentation": {"size": [405, 720], "counts": "`ic21_<:H4N3L3M2O1O01000O100O2O0000000000O1000000O100O1O1O101N7GgSm5"}, "iscrowd": 0, "area": 673.0, "category_name": "echinus", "score": 0.9163683652877808}, {"id": 3, "image_id": 0, "bbox": [191.0, 297.0, 36.0, 42.0], "segmentation": {"size": [405, 720], "counts": "jQ[27]<6I6K2N3M2M3N1O2O0O2N100O101N1O100O10O10000O1O101N1O1O2O0O2O0O2N2L4L5L3M3M3L[YR6"}, "iscrowd": 0, "area": 1129.0, "category_name": "echinus", "score": 0.9374592304229736}, {"id": 4, "image_id": 0, "bbox": [172.0, 351.0, 37.0, 38.0], "segmentation": {"size": [405, 720], "counts": "mhT28[<4K4I8M2N2O100O001N1000001O000O1000O2O0O1O2O0O2N100O100O2N1N2M6KWnZ6"}, "iscrowd": 0, "area": 851.0, "category_name": "echinus", "score": 0.9213250875473022}, {"id": 5, "image_id": 0, "bbox": [257.0, 342.0, 34.0, 35.0], "segmentation": {"size": [405, 720], "counts": "UiV3:W<6M2N1O2N1O2N1O1O1O2N100O100O100O10000001O1N1O1O1O1O1O2N1N2O1O2N2M4L3M2M4OenV5"}, "iscrowd": 0, "area": 890.0, "category_name": "echinus", "score": 0.8688704967498779}, {"id": 6, "image_id": 0, "bbox": [276.0, 326.0, 34.0, 38.0], "segmentation": {"size": [405, 720], "counts": "US]38U<LmCb0e;8O2N1O2O1N2O1N100O01O1O1O1O1O1O1O1O2M2O2O1N2N4L3M3L6I^VT5"}, "iscrowd": 0, "area": 865.0, "category_name": "echinus", "score": 0.8816328048706055}, {"id": 7, "image_id": 0, "bbox": [302.0, 315.0, 26.0, 32.0], "segmentation": {"size": [405, 720], "counts": "[nh38[<5K4M2O2M1O101N10O0100001N101N2O1N2N3N1N3M3N1M[Zj4"}, "iscrowd": 0, "area": 438.0, "category_name": "echinus", "score": 0.902899444103241}, {"id": 8, "image_id": 0, "bbox": [336.0, 299.0, 31.0, 35.0], "segmentation": {"size": [405, 720], "counts": "PVU48Z<6L3L4M3N1N3N2M2O1O00001O0001O2M3N2N2M2O1O1O1N2O1N2N3M6HTS\\4"}, "iscrowd": 0, "area": 678.0, "category_name": "echinus", "score": 0.9103484153747559}, {"id": 9, "image_id": 0, "bbox": [98.0, 146.0, 46.0, 42.0], "segmentation": {"size": [405, 720], "counts": "alX1>U<4L3N2N1O2O001N100O2O001N10001O01O00000000001N2O1N1O2O1N2N2O1N3M2N2N3JZdU7"}, "iscrowd": 0, "area": 911.0, "category_name": "echinus", "score": 0.9303144216537476}, {"id": 10, "image_id": 0, "bbox": [116.0, 244.0, 39.0, 41.0], "segmentation": {"size": [405, 720], "counts": "^m^17\\<5K4M2N2O1N2O1N2O1N2O001N1000001O01O0000001O001O1N2O1O1N3N2M3M3N1N2O2M3M_Vo6"}, "iscrowd": 0, "area": 852.0, "category_name": "echinus", "score": 0.9159549474716187}, {"id": 11, "image_id": 0, "bbox": [129.0, 284.0, 41.0, 41.0], "segmentation": {"size": [405, 720], "counts": "n_d17]<3L4L3M4L3N2M3N2N2O0O2O1O000000010O00O2O001O0O3N1N2O2M2N4L4L2N4KjVk6"}, "iscrowd": 0, "area": 882.0, "category_name": "echinus", "score": 0.9124548435211182}, {"id": 12, "image_id": 0, "bbox": [212.0, 370.0, 41.0, 35.0], "segmentation": {"size": [405, 720], "counts": "f]c25_<3N1N3M4L4M4L4K1O2O000O100000000O1000000000000001O001O1O1O1O1O1N4L_lk5"}, "iscrowd": 0, "area": 923.0, "category_name": "echinus", "score": 0.9414087533950806}, {"id": 13, "image_id": 0, "bbox": [303.0, 375.0, 25.0, 30.0], "segmentation": {"size": [405, 720], "counts": "WPi31^<:lCHa;=YDFf;f0N100O100O11O00001O001O1O1O1N3N1]OQD=W<J_^k4"}, "iscrowd": 0, "area": 518.0, "category_name": "echinus", "score": 0.9230054020881653}, {"id": 14, "image_id": 0, "bbox": [426.0, 316.0, 28.0, 32.0], "segmentation": {"size": [405, 720], "counts": "aVY51^<:J4L3N1O2N2O1N101O0000001OO10000O2O1N2N3M4K5K\\RZ3"}, "iscrowd": 0, "area": 493.0, "category_name": "echinus", "score": 0.917617678642273}, {"id": 15, "image_id": 0, "bbox": [443.0, 342.0, 30.0, 36.0], "segmentation": {"size": [405, 720], "counts": "]n_55^<5K6K5K2M3N101N1000001O000001O0O1O1O2N1N4M3L3L5JkmR3"}, "iscrowd": 0, "area": 569.0, "category_name": "echinus", "score": 0.9022631645202637}, {"id": 16, "image_id": 0, "bbox": [63.0, 339.0, 59.0, 48.0], "segmentation": {"size": [405, 720], "counts": "nQj0;Y<3L4N1N2N1O2N2N2N101N100O1O100O1O100O100000O0100000O10001O0O1000O010001N1O101N2N1O1N3N1N3M2M4L_g_7"}, "iscrowd": 0, "area": 1365.0, "category_name": "echinus", "score": 0.9266585111618042}]}