{"images": [{"id": 0, "file_name": "images/u002005.jpg", "width": 720, "height": 405}], "annotations": [{"id": 0, "image_id": 0, "bbox": [107.0, 198.0, 55.0, 52.0], "segmentation": {"size": [405, 720], "counts": "n`Z19X<7J6K3M3M3N2N1O2N101N101O001O0O2O001O00001O001O01O0001O00001O01O01O0001O1N200O1O1O2N1N2O1O1N2N3M4J7]OnC8Z<N2M`Xm6"}, "iscrowd": 0, "area": 1969.0, "category_name": "echinus", "score": 0.8997641205787659}, {"id": 1, "image_id": 0, "bbox": [87.0, 161.0, 49.0, 46.0], "segmentation": {"size": [405, 720], "counts": "f[S17]<3M3M2N3M3N1N4L3N001O000000001O000000000000000001O001N2O1O1O00001O00001O00001O1N2O7H7H`oW7"}, "iscrowd": 0, "area": 1082.0, "category_name": "echinus", "score": 0.9241300225257874}, {"id": 2, "image_id": 0, "bbox": [151.0, 114.0, 57.0, 47.0], "segmentation": {"size": [405, 720], "counts": "QRk11[<2jCOS<=M1O2N1O2N2N101O1N101O1O0O2O001O1O001O1O0O2O00001N10000000000001O00001O0O101O0O100N2O1O2N1N2O1N3M2O2N1O2N2N2O1M3MU\\Z6"}, "iscrowd": 0, "area": 1635.0, "category_name": "echinus", "score": 0.9022891521453857}, {"id": 3, "image_id": 0, "bbox": [216.0, 145.0, 47.0, 40.0], "segmentation": {"size": [405, 720], "counts": "`be25Z<9L3N2M2O2N7H2O2N001O001O0000001O0000000001O000000001O0O100O2O0O2O0O2O0O2O0O2N1O2M2N3K4L5Jnod5"}, "iscrowd": 0, "area": 1312.0, "category_name": "echinus", "score": 0.9136387705802917}, {"id": 4, "image_id": 0, "bbox": [172.0, 240.0, 37.0, 33.0], "segmentation": {"size": [405, 720], "counts": "`eT27\\<4L3N2M3N1O2N1O1O1O1O101N100O10000000000000O1O2N1O2O0N3N3M2M4MY^[6"}, "iscrowd": 0, "area": 746.0, "category_name": "echinus", "score": 0.9159371852874756}, {"id": 5, "image_id": 0, "bbox": [191.0, 281.0, 84.0, 93.0], "segmentation": {"size": [405, 720], "counts": "TV`29Z<7J8I4K2O1N6]DnNQ;OSEZ1j::N2O1N2O1O1O001O2N2N2N1O001N101O00000O100O2O00001O001O001O0000001O00000001N102N3L3N2M2M2O2N4M3L3N2M4K4L3N2N2N2M3N1O2N4M4K3M2M4M2Jie_5"}, "iscrowd": 0, "area": 4043.0, "category_name": "echinus", "score": 0.9188730716705322}]}