{"images": [{"id": 0, "file_name": "images/u002055.jpg", "width": 720, "height": 405}], "annotations": [{"id": 0, "image_id": 0, "bbox": [598.0, 260.0, 73.0, 62.0], "segmentation": {"size": [405, 720], "counts": "hb[72b<3N1N2O1O2N1O2M2O1O1N2O1O10O10O0100O01VD\\Oa;d0_D]Oa;a0`D@_;`0aDA^;?cD@];`0eD^O\\;a0=O001001O0O100000O1O10O11N01O0010O10O1001O11ON1O1O11O0000O1O10O100O10O10002O0O000001OO2O0O3M2NXXd0"}, "iscrowd": 0, "area": 1144.0, "category_name": "holothurian", "score": 0.8292131423950195}, {"id": 1, "image_id": 0, "bbox": [680.0, 107.0, 40.0, 46.0], "segmentation": {"size": [405, 720], "counts": "geZ86^<2O100O010O1O1O1O001O001N2O100O1O10O01O100O2O0O001O10000O00100O0012M3N0O2O0O1O010O000010O0oK"}, "iscrowd": 0, "area": 806.0, "category_name": "holothurian", "score": 0.8939828872680664}, {"id": 2, "image_id": 0, "bbox": [3.0, 103.0, 52.0, 40.0], "segmentation": {"size": [405, 720], "counts": "ce35_<4L2N3N2M2I601O1O001N1O2N2M2O2O0004L001O000000001O1O001O0000001N2O1N2O1N2N2N1O2N7J2M_RX8"}, "iscrowd": 0, "area": 1041.0, "category_name": "echinus", "score": 0.9167959094047546}, {"id": 3, "image_id": 0, "bbox": [201.0, 156.0, 65.0, 99.0], "segmentation": {"size": [405, 720], "counts": "X_`2<U<<D:G8J5K7H4N1N1M3N2O2O1O0O2O001O1N3N1N1O2M2O101O000001O00O1O2OO100O2M2O1O1O101O1N2O1N2O1N2O3L5K1N3N1O100O103L3M3N2L3oNbDO2O83V;LcD0_<N^hc5"}, "iscrowd": 0, "area": 3924.0, "category_name": "echinus", "score": 0.9275954961776733}, {"id": 4, "image_id": 0, "bbox": [336.0, 15.0, 49.0, 46.0], "segmentation": {"size": [405, 720], "counts": "elV49X<HjCa0m;6M2O1N2M3O1O0O2N1N3O000O11O1O000001N10O2O000000O1000O1L5N8H3M1O1O2N2M3M4KY^V4"}, "iscrowd": 0, "area": 1197.0, "category_name": "echinus", "score": 0.9328831434249878}, {"id": 5, "image_id": 0, "bbox": [268.0, 5.0, 37.0, 28.0], "segmentation": {"size": [405, 720], "counts": "ZV[35_<2N1N3N1O2N1O10001N101O001O001O1O1O0001O0O101N101N2N2N1O2N2M2O3Lc`T5"}, "iscrowd": 0, "area": 513.0, "category_name": "echinus", "score": 0.9216582775115967}, {"id": 6, "image_id": 0, "bbox": [221.0, 1.0, 29.0, 18.0], "segmentation": {"size": [405, 720], "counts": "fig22c<2N1O2N2N2N1O2N2N1O001O000000000000000002M5L3Go^k5"}, "iscrowd": 0, "area": 322.0, "category_name": "echinus", "score": 0.9228895902633667}, {"id": 7, "image_id": 0, "bbox": [226.0, 17.0, 40.0, 60.0], "segmentation": {"size": [405, 720], "counts": "U]i27[<;F4K<F4L4M3M2N3M3M1O2N1O1O1O00O2O1O0O2N2N2L4N2M4L4M2N2J6M3N3K6DkC0`<M_le5"}, "iscrowd": 0, "area": 1371.0, "category_name": "echinus", "score": 0.9373544454574585}]}