{"images": [{"id": 0, "file_name": "images/u002177.jpg", "width": 720, "height": 405}], "annotations": [{"id": 0, "image_id": 0, "bbox": [197.0, 177.0, 43.0, 69.0], "segmentation": {"size": [405, 720], "counts": "[S`21a<6TDNm:6PEKn::nDHo:=nDDj:e0SE[Ol:g0TEYOi:k0UEUOk:l0TETOk:P1QEoNQ;Z101N2O10N10001O1N101F:N1O2J6N2O2M2N3M3I8Gm]P6"}, "iscrowd": 0, "area": 1094.0, "category_name": "holothurian", "score": 0.8763297200202942}, {"id": 1, "image_id": 0, "bbox": [97.0, 253.0, 52.0, 70.0], "segmentation": {"size": [405, 720], "counts": "]QW11f06[:M`EO18]:KaEMIb0e:BaELC01c0k:]OSE09NJ2N100O>k:F]EKI7O>a:YOgE8JIOW1`:hNfEj1X:XNdEk1\\:UNcEl1]:TNbEm1^:SNbEl1^:VNaEi1`:WN`Eh1a:7O1N100O1000HdEWN[:h1hEWNX:h1iEWNW:g1kEXNW:g1jEXNW:h1iEXNW:i1gEXNY:h1gEXNX:i1hEWNX:g1iEYNW:g1jEWNY:h1:00[NUE[11cNk:1VEX1R;gNnD7Nf0V;ROmDU1MlNQ;OWEX1h:iNXEW1h:iNXEW1h:iNUE4Ko0P;mNVE0MR1n:nN[E`0EM`;1cDJb;3cDFh;NVbS7"}, "iscrowd": 0, "area": 2378.0, "category_name": "holothurian", "score": 0.617798388004303}]}