{"images": [{"id": 0, "file_name": "images/u002713.jpg", "width": 720, "height": 405}], "annotations": [{"id": 0, "image_id": 0, "bbox": [283.0, 228.0, 39.0, 40.0], "segmentation": {"size": [405, 720], "counts": "Xo`36W<4jCIQ<<PDCi;d0XD[Oe;h021O2N2N2O1N2N2O100O101O0001O2OO0000O11O0010O4_O^DBg;;;01OUD@a;`0XDA30M1_;b0kD^OT;b0nD\\OT;c0d0F7LjUm4"}, "iscrowd": 0, "area": 1071.0, "category_name": "starfish", "score": 0.6772772669792175}, {"id": 1, "image_id": 0, "bbox": [441.0, 361.0, 56.0, 37.0], "segmentation": {"size": [405, 720], "counts": "fb]5:V<9K6J6J2O1O1O001O1O001O01O01O0000010O0001O01O01O01O01O00010O0001O00000000001O0001O001O1O1O001O1N2O1K5M2L6L3L5L5JQdh2"}, "iscrowd": 0, "area": 1886.0, "category_name": "starfish", "score": 0.9135094881057739}, {"id": 2, "image_id": 0, "bbox": [570.0, 261.0, 63.0, 46.0], "segmentation": {"size": [405, 720], "counts": "efQ77W<:K6L1N2O1O1O1O0O101O0O2O0O101O001N10001N101O0O2O001O00001O010O01O001O00000O1N3M2N20000O2O0O2O0000000[O[DI84`;OPTV1"}, "iscrowd": 0, "area": 1796.0, "category_name": "starfish", "score": 0.8847874402999878}, {"id": 3, "image_id": 0, "bbox": [131.0, 361.0, 38.0, 33.0], "segmentation": {"size": [405, 720], "counts": "kUd134Om;OVD5LNl;OUD6MLm;0TD<k;DUD=g;FXD<f;;O2N1N1000001O0001N10000O010O2N1N200O10O1O2OO2O001O1N9H2M2N2O1N2M4N0O101M_bg6"}, "iscrowd": 0, "area": 1055.0, "category_name": "starfish", "score": 0.7820076942443848}, {"id": 4, "image_id": 0, "bbox": [73.0, 312.0, 57.0, 44.0], "segmentation": {"size": [405, 720], "counts": "Rcm04`<1M4M2O8jC@i;g0M3M3N2O0O010O0O10100O010O000LnNeDT1Z;301000O1O1O10000O1O10000O100O10001N2O001N1O2N2M3H7N110O1O100O1O001O1O001N2O1O3LURW7"}, "iscrowd": 0, "area": 1621.0, "category_name": "starfish", "score": 0.8556394577026367}, {"id": 5, "image_id": 0, "bbox": [214.0, 200.0, 58.0, 59.0], "segmentation": {"size": [405, 720], "counts": "iWg26U<;L3L5J5O2N101O1O7I00001O000000000O10000000000O101N1O1O1N2O2O0O100O1O10O002N1M3K6M9G4M1N5K3N1N2O2N2L4M3Jdb`5"}, "iscrowd": 0, "area": 2003.0, "category_name": "starfish", "score": 0.9242053031921387}, {"id": 6, "image_id": 0, "bbox": [516.0, 197.0, 65.0, 57.0], "segmentation": {"size": [405, 720], "counts": "lR]64X<>F7L4L3N3M2N2O1O1O1N2O1O1O001O1O001O001O001O00001O01O00000001O0001O0000001O00001O001O001O0O101O0O2N1O2N1O2O1N2N2O2M3I=D6JmTg1"}, "iscrowd": 0, "area": 2619.0, "category_name": "echinus", "score": 0.9355455040931702}, {"id": 7, "image_id": 0, "bbox": [95.0, 141.0, 39.0, 27.0], "segmentation": {"size": [405, 720], "counts": "Y`V16[<5N4L5K4M1N2O1O0O101O0O1000000O10O1000000O2O000O2O1O1N2O1N3M101N2N2N4LaPX7"}, "iscrowd": 0, "area": 876.0, "category_name": "echinus", "score": 0.9398536086082458}]}