{"images": [{"id": 0, "file_name": "images/u002561.jpg", "width": 720, "height": 405}], "annotations": [{"id": 0, "image_id": 0, "bbox": [333.0, 328.0, 95.0, 58.0], "segmentation": {"size": [405, 720], "counts": "^RT41c<3M2N2N2O1N2O1N2O0O2N1O1O000O3O1N1M2N3^DUOX;m0gDTOW;U1N2O100O010M3N300N3M2N1O2N2O1O10000000O01O0N4N1O2O0O1001O1O0O01OOfEPNS:o1nEQNS:m1nESNS:l1mESNT:m18TN]Ej1c:UN_Ej1f:100O00O1O100O1O1000000O102N1O11N0OO2]NRE_1m:bNSE^1m:50O3N4K2FkDQOV;o0mDmNT;S1701N2O1E\\DBf;=\\D\\O01d;b0?EnCHcmc3"}, "iscrowd": 0, "area": 4325.0, "category_name": "holothurian", "score": 0.8223052620887756}, {"id": 1, "image_id": 0, "bbox": [345.0, 384.0, 51.0, 21.0], "segmentation": {"size": [405, 720], "counts": "mV[43a<1O1O1O1O1O1N2O1O100001O00O10000000000O1O1O10000001O1O001O00001O3M1O3M2M[mR4"}, "iscrowd": 0, "area": 417.0, "category_name": "echinus", "score": 0.9132265448570251}, {"id": 2, "image_id": 0, "bbox": [498.0, 165.0, 44.0, 54.0], "segmentation": {"size": [405, 720], "counts": "igT62b<2N1O2N2M3\\DIg:9VEKf:9VEIi:9UEIi:9TEIk::QEHm:Q1N11000000O100O2N1O2N1O2N2N101N101O1N4M3L3N3M2M4M2M3N1N3LSVX2"}, "iscrowd": 0, "area": 1232.0, "category_name": "echinus", "score": 0.9513006210327148}, {"id": 3, "image_id": 0, "bbox": [550.0, 21.0, 49.0, 70.0], "segmentation": {"size": [405, 720], "counts": "Rhj64_<5K5^DEd:d0RE^Ol:e0QE]On:g0mDZOS;T101O0000000O100000O100O0100O010O0100O01000O101N1O2N2N2M2O1N3M4K6I8HVVb1"}, "iscrowd": 0, "area": 1494.0, "category_name": "echinus", "score": 0.9258845448493958}, {"id": 4, "image_id": 0, "bbox": [681.0, 323.0, 38.0, 39.0], "segmentation": {"size": [405, 720], "counts": "^^^88\\<3N1N3N1O00001O001O00105J2N2N1O010O1O100O00O2N2N2N2N2N3L5K7G[Q2"}, "iscrowd": 0, "area": 650.0, "category_name": "echinus", "score": 0.8520260453224182}]}