{"images": [{"id": 0, "file_name": "images/u002136.jpg", "width": 720, "height": 405}], "annotations": [{"id": 0, "image_id": 0, "bbox": [374.0, 188.0, 97.0, 124.0], "segmentation": {"size": [405, 720], "counts": "[nd43a<2M8I2M3cND^F>a9D[F?d9CXF`0g9BSFd0k9^OoEg0P:[OiEk0V:l0O0O00100O1O1O2O2M5K8H1O1O2O0O2N2N2N101N1O2O0O1O100O01O0O2L3K6H7N201N100O10001N10000O10000O10000O10000O010000000O10004L9G4K3N3M4L3M2N2N2N2N4L4L3M6J3M3M4L3M2N3L^iS3"}, "iscrowd": 0, "area": 6223.0, "category_name": "starfish", "score": 0.9663724899291992}]}