{"images": [{"id": 0, "file_name": "images/u002614.jpg", "width": 720, "height": 405}], "annotations": [{"id": 0, "image_id": 0, "bbox": [478.0, 213.0, 118.0, 112.0], "segmentation": {"size": [405, 720], "counts": "jem578KJ5:J31]:8WE8e0AP:;YE6f0An9P1RFoNS:5ZE1NN^<ON2XOHhD0G:^;IhD`0n:^OmD32c0o:[OnD32c0P;[OkD45b0n:FmD?o:f0L4O14LXE[N`:5[EL0^1Z:bNkE5IM0]1[:cNjEl1T:UNjEm1V:SNiEo1U::N2O1N3M:UFSM\\9U3M2N2N2N1O1O1OhLmFP3S9PMmFQ3R9PMmFP3S9900O10000O100O10O001O1O:G1kLfFm2d9LHVMfFk2Z9VMdFl2[9TMcFn2]951QMcFe2\\9\\McFe2\\9[McFg2\\9:M1100O1O2O0N2L5N100O10O1O100_FRM[9n2eFRM[9n2eFRM[9n2dFSM]9k2dFVM[9i2fFXMZ9g2fFYMZ9f2fF\\MZ9c2fF]MZ9b2gF^MY9b2gF]MZ9c2fF\\M[9d2iFYMV9g2iF[MV9e2jF]MT9g2gF[MX9f2fF^MV9S3N1OO1N2TOlFVNT9i1oFSNT9k1nFhMKOMN\\9X2mFhM40ENV9X2RGjM31CNX9V2SGkM3NP9V2mFlMd9S2\\FoMb9Q2_FnMa9R2_FnMa9Q2`FnMd9V1QFZOc:c0bEkNM8d:k0gERO\\:l0^EoNL2j:n0ZEQOL0k:c0SEA6No:`0jDA:Lo:a0fDEi;9XDFi;:WDFj;7WDK0Jc;9_DKP<LQD1Wi`1"}, "iscrowd": 0, "area": 9569.0, "category_name": "holothurian", "score": 0.8047941327095032}, {"id": 1, "image_id": 0, "bbox": [173.0, 1.0, 77.0, 109.0], "segmentation": {"size": [405, 720], "counts": "g_V24\\;OcE7X:0_E4`:5VENi:o000O010O1O10O01N4M3M2N2O0N2O2N1O100O1O1O10O0001O00010O01O0N2L4NL5J3O4N1012N2N2O1O1O100O100O10000O10000O100O1O2K4M4M2M3M3M3N2N3M2N4Cnej5"}, "iscrowd": 0, "area": 4061.0, "category_name": "holothurian", "score": 0.9235672950744629}, {"id": 2, "image_id": 0, "bbox": [585.0, 262.0, 128.0, 82.0], "segmentation": {"size": [405, 720], "counts": "lfS71c<1O2O010O1O001BK[D5R<00O1O11N1000O1ODOWDOi;2WD3c;O\\D4NHY;5hD4b;L`D1a;0]D1b;0]D1b;3YDNg;a0N1O2JUO`Dk0b0SOW:T1hEmNW:T1iEmNV:S1kEjNX:4XEi0f;WOXDN0?i;AYDOO?g;CXDc0h;5O2cDTOh:1PEl03TOK5l:MTEm02_Oe:\\10N201N2O0[NUE`1k:6O2M0OH810101O00OM3O03O1\\NRE`1S;N11N001SE_Nd:c1ZE\\Ng:i101O0000001O000O2N100000001O000O1O1M3M3N2OQNgEd1Y:\\NhELO_1Y:eNhEK1_1W:eNiEM0^1V:eNjEM0^1U:fNkEM0]1U:dNlENO_1W:`NkE0O`1W:_NiE3O_1U:bNjEi1U:YNjEg1V:YNjEh1U:WNmEh1S:XNmEh1R:>00O10010O01O3M2N1O002N2N1O2M4M2N1M2N200000000O1I8N3N1O4L001N101N2N02N1001N100001N2001N2N00cF"}, "iscrowd": 0, "area": 6859.0, "category_name": "holothurian", "score": 0.720960259437561}, {"id": 3, "image_id": 0, "bbox": [367.0, 266.0, 69.0, 139.0], "segmentation": {"size": [405, 720], "counts": "klc48P<>XOh0M3M5K3M2L4H9ZOf0I6K5O2I6G9N2M3M3N2O100O100O10000O1001O1O1O2N1O1O1O2N1O1O1O1O1O3M2N5K4]NiFWN4o0T9h0UGUOl8j0VGUOk8JeF4c01l8WOjFNKh0a0B\\O1`:0iEHM4N1_:0gENI040_:OgENG1X;N^EOe:O`bc3"}, "iscrowd": 0, "area": 5310.0, "category_name": "holothurian", "score": 0.9342157244682312}, {"id": 4, "image_id": 0, "bbox": [581.0, 39.0, 109.0, 81.0], "segmentation": {"size": [405, 720], "counts": "QZT72b<1K5N201O0M3O2N1O101N1O2N101N10O0100O100O1O1O1O1O010O1O1O1O010O100O100O1O1O00100O100O1O1O001O1O0100O0100O1O010O010O0100O010O0010O01N101O0O2O1N1O2M20100O001N101O0BYDNi;0YDNh;3YDJi;5XDHj;8:2N2M10O000HnCMT<3lCLT<6kCIV<64010O010O00010O01O10001N3Mei="}, "iscrowd": 0, "area": 2936.0, "category_name": "starfish", "score": 0.8572705984115601}, {"id": 5, "image_id": 0, "bbox": [102.0, 213.0, 140.0, 118.0], "segmentation": {"size": [405, 720], "counts": "nVZ15_<101N1O010O1O1O100O1O1O001O1O1O100O1O1O1O1N2^NAlF`0T9CiF>W9DeF>[9E_F>`9FZF=g9FPF?P:S10000001O00001O000000000001O010O0000001O001O001O001O1O1O1O1O001N2O1O1O1N2O1N2O1O1N2O001M200O10O10O1O101N01O1L4L4N2N1O2N1O1O2O0O101O001O1O1O100O2lMPF`1R:\\NTFa1e:J3N2M4L4M1N3N1O1N3N1O1N2O1O2N1O1O001O001O1O001O001N3N0O2O3Lnnm5"}, "iscrowd": 0, "area": 7272.0, "category_name": "starfish", "score": 0.9714263677597046}]}