{"images": [{"id": 0, "file_name": "images/u002686.jpg", "width": 720, "height": 405}], "annotations": [{"id": 0, "image_id": 0, "bbox": [146.0, 1.0, 33.0, 20.0], "segmentation": {"size": [405, 720], "counts": "jgi11d<1O3M4L5K2N1O00O100000000000000000000O100O1O1O1N2N2O1O1O1MSUg6"}, "iscrowd": 0, "area": 364.0, "category_name": "echinus", "score": 0.9036374092102051}, {"id": 1, "image_id": 0, "bbox": [561.0, 1.0, 107.0, 68.0], "segmentation": {"size": [405, 720], "counts": "[Sm64_<3N2N2O1N2O0O2O0O2O0O2K]OVDd0i;5O2M2O2N2N2N001O000O101O1O2N<D3M3M1O1O1O000000000000000000001O000000000000001O00001O000000001O0000000000000000O1000000001O001O001O1O00O11O1O1OO2M2O1O1L4O1O1PO^ELc:OdEN^:MiEN^:KfE1]:KjEN[:MlZi0"}, "iscrowd": 0, "area": 5013.0, "category_name": "starfish", "score": 0.9058133363723755}, {"id": 2, "image_id": 0, "bbox": [138.0, 298.0, 75.0, 78.0], "segmentation": {"size": [405, 720], "counts": "h_h13\\<OgC3W<61O4GeC0`<0K0eC0e05f:2eDL8:m:8hD0S;k0N3O1O000001O0`NQEZ1n:gNREY1k::N2O2dEUNl9k1TFXNf9k1YFXNf9h1ZFWNg9i1XFSNl9o1<1fETNi9l1VFVNh9IQFP26WNj9j1XFUNh9k1ZFQNd9NSFQ2:PNb9U2ZFPN]9L\\FW26oM]9V2cFiM_9O[Fn17mMI1e94]Fk16oMJ0b98^Fj15oMI1b98_Fi15TN[93^Fk17RNZ9[2fFeMZ9Z2kFaMV9_2a0OUFaMI1b9^2dFhM\\9W2dFhM^9W2bFdMJ0f93ZFn18mMd94VFn1^:0mEoMW9OdFS23PNc9o1^FQNU9MiFQ2j9oMUFR2k9oMTFR2k9PNRFQ23lM`94[FR23lMa93[FP26kMd92UFR2S:mMkEY2V:30000000O10100O:D7TN^EX1R;N2O1O0O2I=\\OWDIQ<2;M3McPU6"}, "iscrowd": 0, "area": 4686.0, "category_name": "starfish", "score": 0.7946875095367432}, {"id": 3, "image_id": 0, "bbox": [257.0, 160.0, 30.0, 30.0], "segmentation": {"size": [405, 720], "counts": "[cV3>R<7N0O3N001O000O1O2O00O1001O00000000O2O1N3Kn^]5"}, "iscrowd": 0, "area": 551.0, "category_name": "echinus", "score": 0.8416982293128967}, {"id": 4, "image_id": 0, "bbox": [219.0, 174.0, 47.0, 52.0], "segmentation": {"size": [405, 720], "counts": "dog29Y<4N2M4M2O1N2N1O2N2N2O1N3M2N2O2M101O2N10000O1N1100O10O01O1O01O01O001M3N1O1O3M3K7K2N0M4O2N7H4L11O1JJmC1M1V\\a5"}, "iscrowd": 0, "area": 1605.0, "category_name": "echinus", "score": 0.8719109296798706}, {"id": 5, "image_id": 0, "bbox": [585.0, 369.0, 84.0, 36.0], "segmentation": {"size": [405, 720], "counts": "TTZ7:Z<2O0O2N1O1O100O100O1N2O10000001O000000O100O100O1O1O1O100001O00000000000000O100000000000000001O00001O0000O1O1N2L4O10000O10000O11O0000000000000000001N10001O00:F4L2N001O2N1O1O1O2N1O2N1OiW>"}, "iscrowd": 0, "area": 2239.0, "category_name": "echinus", "score": 0.8963057994842529}, {"id": 6, "image_id": 0, "bbox": [338.0, 371.0, 55.0, 34.0], "segmentation": {"size": [405, 720], "counts": "k]X48Z<;G2O1N100O10000N2M3N200000000001O00001O1O001O2N1O1O001O1O001O00O1001O001O1O1O1O1O1O00001O00001O0O2O001O3M3MTbn3"}, "iscrowd": 0, "area": 1139.0, "category_name": "echinus", "score": 0.8978732228279114}, {"id": 7, "image_id": 0, "bbox": [211.0, 359.0, 66.0, 46.0], "segmentation": {"size": [405, 720], "counts": "k\\g25\\<4M4M2N2M3N2N2L4N2N2O1O1O100O1000000O100O1O1O1O100001O00001O1O1O001O001O001O001O1O2N2N3M3M2N3L<Daoa5"}, "iscrowd": 0, "area": 1501.0, "category_name": "echinus", "score": 0.9307687878608704}]}