{"images": [{"id": 0, "file_name": "images/u002370.jpg", "width": 720, "height": 405}], "annotations": [{"id": 0, "image_id": 0, "bbox": [167.0, 203.0, 55.0, 69.0], "segmentation": {"size": [405, 720], "counts": "keR22`<7XOK]D3N9^;d000HnNlDT1Q;oNmDS1Q;oNmDR1S;8nD`Nn:`1SEaNl:_1TEaNk:a1SE`Nl:d110O2N2N12M2O1O0LSE`Nn:^1SEcNl:]1TEcNk:d10MVE]Ni:f1100JTEbNn:b1001N2N2M2O1000kDcNR;]1nDdNQ;\\1nDfNQ;OPEU10lNV;S1jDlNX;S1iDlNY;S16I7M5LN2O101O01O3L7I6F7MYgT6"}, "iscrowd": 0, "area": 2255.0, "category_name": "starfish", "score": 0.6902188658714294}, {"id": 1, "image_id": 0, "bbox": [229.0, 325.0, 53.0, 64.0], "segmentation": {"size": [405, 720], "counts": "V`l21`<9H4M3M2[Oe0O3N2N100O0100O010O0000010O0100O1O00000O10O1000010O01O10O0O100O2O:F3L3M9F5M2OOO2M3N[e]5"}, "iscrowd": 0, "area": 1756.0, "category_name": "starfish", "score": 0.8659483790397644}, {"id": 2, "image_id": 0, "bbox": [374.0, 178.0, 92.0, 94.0], "segmentation": {"size": [405, 720], "counts": "Pkh43a<2N101O1N2O1O1O1O01O0001O001^DGf::YEGf:;XEFg:;XEGf::ZEEg:=[E]OAOo:e0eE\\O[:d0_E]O_O1R;b0]EDAKl:`0bEN^:2fEIZ:7hE@_OMj:b0hE_O`:a0iE]OQ:a0TEA9NL0g:b0REBh;f0nDWOV:i0eEWO_O1l:h0SEVO3502k:e0TEZO20j:f0TEZO20k:P1UEQOk:o0UEROi:P1UEPOONc:Q1^EnN12a:P1^ElN34_:Q1]EkN44`:R1fEmNZ:S1gElN[:T1dEjN^:Y1^EfNc:Z1^EdNd:\\1:1QEeNb:\\1]EeNc:Y1=00O2O00001N2HdDUO\\;e0fDVO13Z;;eDH8KT;;gDGh;9:0000O2N2M2O2NWPY3"}, "iscrowd": 0, "area": 1940.0, "category_name": "starfish", "score": 0.7206435799598694}]}