{"images": [{"id": 0, "file_name": "images/u002595.jpg", "width": 720, "height": 405}], "annotations": [{"id": 0, "image_id": 0, "bbox": [160.0, 324.0, 116.0, 48.0], "segmentation": {"size": [405, 720], "counts": "SUU22<4V;MiD0N7U;MgD204X;k0O10000001N100O2O1O0O101O00O1O11O1O1O00000000M3O101O0002N1N100O1O101O00001O000O100O10000000000000O10O10000000000000000XOXDc0h;]OXDc0h;]OYDb0h;\\OYDd0g;\\OZDc0f;]OZDc0f;^OXDc0h;]OXDb0i;^OWDc0h;\\OZDc0f;]OZDc0e;_OYDa0h;_OXDa0h;_OXDa0i;]OXDc0n;N10J_OWDb0i;^OWDb0o;O001NK@UDb0j;@UD`0k;50O1O100O1O1O2N0O1O001O2O1N3N000L5Oi_^5"}, "iscrowd": 0, "area": 2819.0, "category_name": "holothurian", "score": 0.7363344430923462}, {"id": 1, "image_id": 0, "bbox": [129.0, 346.0, 44.0, 59.0], "segmentation": {"size": [405, 720], "counts": "[bf15[;McE9Z:LaE6Y:2bE1\\:7UE2j:m0N3N1000ONYNXEg1k:00000000001N1O010000000O100000O1O1N2M3N2N3L4K5J6I7FXDAn;:9M3M4LePf6"}, "iscrowd": 0, "area": 1857.0, "category_name": "holothurian", "score": 0.8904056549072266}, {"id": 2, "image_id": 0, "bbox": [41.0, 172.0, 37.0, 51.0], "segmentation": {"size": [405, 720], "counts": "Pd?4^<7J2N3M3M3N2M2N2O1N2N2O1N101O100O100000000O10000O1000000O10000O11O1Oi0WO5K2M4Mgfm7"}, "iscrowd": 0, "area": 1184.0, "category_name": "echinus", "score": 0.9041346311569214}, {"id": 3, "image_id": 0, "bbox": [390.0, 50.0, 24.0, 22.0], "segmentation": {"size": [405, 720], "counts": "cYj45_<6K2M2O1O0000001O00000001O00001N101N3Kiaj3"}, "iscrowd": 0, "area": 288.0, "category_name": "echinus", "score": 0.8762969374656677}, {"id": 4, "image_id": 0, "bbox": [329.0, 53.0, 32.0, 26.0], "segmentation": {"size": [405, 720], "counts": "RoR49Z<3O1O1O1N2O001O1O2N1O00001OO100O1O010O100O100O0O2O2L3O1N3N1O2MbT]4"}, "iscrowd": 0, "area": 527.0, "category_name": "echinus", "score": 0.8651739358901978}, {"id": 5, "image_id": 0, "bbox": [338.0, 73.0, 31.0, 40.0], "segmentation": {"size": [405, 720], "counts": "iaV4;W<7K2M3N2N101M3N2O001N1000000001N2O1N2N2O2L5K6J9FTZ\\4"}, "iscrowd": 0, "area": 643.0, "category_name": "echinus", "score": 0.9283751845359802}, {"id": 6, "image_id": 0, "bbox": [178.0, 107.0, 53.0, 44.0], "segmentation": {"size": [405, 720], "counts": "VYY24^<=E2O1M2O2N4L3M100000O10000000O11O00000000O10000001O000010O0001O1O1N2N2N3J6L4M1O2NfkR6"}, "iscrowd": 0, "area": 1107.0, "category_name": "echinus", "score": 0.9193000197410583}, {"id": 7, "image_id": 0, "bbox": [323.0, 148.0, 52.0, 49.0], "segmentation": {"size": [405, 720], "counts": "oRQ45_<3M3M4L4M1M3N2M3N1O2O1N101O1O2N2N1O100O0010O001O001N101O1O1O1N2O1O001N2O1N3M2N3M3K9EQeZ4"}, "iscrowd": 0, "area": 1262.0, "category_name": "echinus", "score": 0.9398592114448547}, {"id": 8, "image_id": 0, "bbox": [453.0, 67.0, 45.0, 39.0], "segmentation": {"size": [405, 720], "counts": "P^d53^<5J6L4M3M3O1N101O00001O0000001O0000000001O0000001O00001O001N1O2M3N2N2N2L7HjYi2"}, "iscrowd": 0, "area": 878.0, "category_name": "echinus", "score": 0.9454250335693359}, {"id": 9, "image_id": 0, "bbox": [347.0, 218.0, 45.0, 47.0], "segmentation": {"size": [405, 720], "counts": "c^[4;V<8I4K5J6L3N20000O10000000001O00000000000000000001O001N2O0N3J7K5FnXT4"}, "iscrowd": 0, "area": 1177.0, "category_name": "echinus", "score": 0.9211081266403198}, {"id": 10, "image_id": 0, "bbox": [284.0, 250.0, 48.0, 47.0], "segmentation": {"size": [405, 720], "counts": "U\\a33a<3M2N3L4M2N3M3M2O2M2N10000O101N1O101O00000O100010N1000001O000O101O0O2N2M3M4L4K6IdUk4"}, "iscrowd": 0, "area": 1108.0, "category_name": "echinus", "score": 0.918490469455719}, {"id": 11, "image_id": 0, "bbox": [454.0, 330.0, 73.0, 73.0], "segmentation": {"size": [405, 720], "counts": "lkg55\\<7K4L3M4M2M3N2N2N2O1N2O1N2N1N3N101N10000O101O1O001O001O0000001O000000101N0100O2O0O1O1O001O1O1O001O2M2O2N3M2N4L2N3Mc0]O5JZT]2"}, "iscrowd": 0, "area": 2467.0, "category_name": "echinus", "score": 0.9185206294059753}, {"id": 12, "image_id": 0, "bbox": [36.0, 276.0, 56.0, 37.0], "segmentation": {"size": [405, 720], "counts": "hde05_<1O2[OJiD6X;IgD8k;0O10000O2O0O2O000O2O00000010O0001O010O10O00100O1O1O1K6M3MZei7"}, "iscrowd": 0, "area": 440.0, "category_name": "starfish", "score": 0.8719698786735535}]}