{"images": [{"id": 0, "file_name": "images/u002652.jpg", "width": 720, "height": 405}], "annotations": [{"id": 0, "image_id": 0, "bbox": [458.0, 36.0, 28.0, 24.0], "segmentation": {"size": [405, 720], "counts": "XVe55]<4L3M3N3N1O1O100O10000000000000O101N101O1O2M4L4L3MYYm2"}, "iscrowd": 0, "area": 442.0, "category_name": "echinus", "score": 0.9075591564178467}, {"id": 1, "image_id": 0, "bbox": [335.0, 85.0, 75.0, 33.0], "segmentation": {"size": [405, 720], "counts": "jiS41c<3M2N3M0CI^D7b;J\\D7d;I\\D7d;I[D8e;HZD8g;HUDOM:n;HRD=n;50001O00CSD3l;LUD4k;;1O0\\OSD`0m;@SD`0m;@SDa0l;410O000000001O00002O1N00010O000O11N1O2O0O20OO101M2O1102M00O2N10001O0O1O1IlCKW<810001N1O2N1Om^n3"}, "iscrowd": 0, "area": 1309.0, "category_name": "holothurian", "score": 0.7932065725326538}, {"id": 2, "image_id": 0, "bbox": [406.0, 166.0, 74.0, 38.0], "segmentation": {"size": [405, 720], "counts": "``S54a<4K3M3M3N0O2O001O001O1O001O1O001O001O0001O000001O00000O2O00000000000000000001O0O2O01O000010O00001O001O0O2O0O1O2O000O101N100DmC4V<JmC3oYP3"}, "iscrowd": 0, "area": 1446.0, "category_name": "holothurian", "score": 0.9080455303192139}, {"id": 3, "image_id": 0, "bbox": [522.0, 368.0, 81.0, 37.0], "segmentation": {"size": [405, 720], "counts": "VW_62a<7J4L3M4L4M1N2O1O000O1O2N10000O10000000000O1000000000000O10000000000000000001O00000000001O00000000001O00001O001O001O1O001O001O1O001O001O1O1N4M0000001O1N2M4L4Lal]1"}, "iscrowd": 0, "area": 2229.0, "category_name": "echinus", "score": 0.8995184898376465}, {"id": 4, "image_id": 0, "bbox": [225.0, 352.0, 63.0, 53.0], "segmentation": {"size": [405, 720], "counts": "baj25[<7K4N2N3M2M4L3O1N3M3N1M3N1O1O1O101O0O10000O100O100001O00001O0000001O0000001O1O1O1O1O001O0O2O1N3M3M2N4M1M6K5K7FRR\\5"}, "iscrowd": 0, "area": 2077.0, "category_name": "echinus", "score": 0.9398525953292847}, {"id": 5, "image_id": 0, "bbox": [582.0, 89.0, 44.0, 43.0], "segmentation": {"size": [405, 720], "counts": "m_U76]<3N2N2N101N2O0O3M2N3M2N2O0O101O0O101O000O10000000000000O10001N101O0O2N2N2N3M4L4K5JReV1"}, "iscrowd": 0, "area": 1062.0, "category_name": "echinus", "score": 0.9160003662109375}, {"id": 6, "image_id": 0, "bbox": [441.0, 96.0, 41.0, 32.0], "segmentation": {"size": [405, 720], "counts": "VS`59[<3N1N101N2O1O1O0O2O0010O010O010O0010O0001O010O1O1O1O2N1O1O00101N1O2N1O2M`Pn2"}, "iscrowd": 0, "area": 614.0, "category_name": "echinus", "score": 0.9238131642341614}, {"id": 7, "image_id": 0, "bbox": [466.0, 122.0, 43.0, 32.0], "segmentation": {"size": [405, 720], "counts": "dPj551M[<9L3N2N2N1O1O2O0O100000001O000000000000001O0001O1O1O001N101O1O0O2O9Fgld2"}, "iscrowd": 0, "area": 715.0, "category_name": "echinus", "score": 0.9361907243728638}, {"id": 8, "image_id": 0, "bbox": [303.0, 64.0, 32.0, 24.0], "segmentation": {"size": [405, 720], "counts": "jYh36]<3M3M2O2O0000000000000O1000000010O00000000001O0O3M3KTii4"}, "iscrowd": 0, "area": 407.0, "category_name": "echinus", "score": 0.9127507209777832}, {"id": 9, "image_id": 0, "bbox": [13.0, 102.0, 47.0, 47.0], "segmentation": {"size": [405, 720], "counts": "Rd7=V<5L2N3L4M2O1N2O1O1N10001N100O101O000O10000000O1O100O1O2N1N3L4M3N2N2N2L4K5MeSV8"}, "iscrowd": 0, "area": 1156.0, "category_name": "echinus", "score": 0.9220327138900757}, {"id": 10, "image_id": 0, "bbox": [23.0, 153.0, 38.0, 28.0], "segmentation": {"size": [405, 720], "counts": "fQ:2a<4A3PD0n;<O2N101N101O00001O0000000010O001O1O100O1O2N1O1O1O2M3N2M3M4IVeU8"}, "iscrowd": 0, "area": 711.0, "category_name": "echinus", "score": 0.9162894487380981}, {"id": 11, "image_id": 0, "bbox": [109.0, 191.0, 85.0, 78.0], "segmentation": {"size": [405, 720], "counts": "`l^12b<6J3N3L3N3L3M2M3N1O3L3M3M2N3M201N1O2O0O100O101N10O01000001O0000O010000001N100000001N10000O101O0O2O001O001O001N101N2N2M3N1O3J5M3L4M5K3M4Mlbb6"}, "iscrowd": 0, "area": 2742.0, "category_name": "echinus", "score": 0.9193277359008789}, {"id": 12, "image_id": 0, "bbox": [70.0, 359.0, 92.0, 46.0], "segmentation": {"size": [405, 720], "counts": "`jn02`<e0\\O3M2O2N1O1N2O1O1O1O1O1O1O1O1O1O1O1O1O1O100O100O10000O10000O10000O1000000001O9G2N2N000000O1O1000000001O1O1O1O1O001O001O001O1O2N1N3N1N2N2O0O2M2N3IlCIW<5mXP7"}, "iscrowd": 0, "area": 2841.0, "category_name": "echinus", "score": 0.9317556619644165}, {"id": 13, "image_id": 0, "bbox": [63.0, 342.0, 59.0, 53.0], "segmentation": {"size": [405, 720], "counts": "\\kj08\\<3M2O1M3N3N2M2N2M4K9I4K6J3NGTEjNk:S1\\EkNc:R1TElN;0a:U1TEkN;0a:W1`EiNG0c:R1ZEoNc0OS:o0m0OjDROh:m0WEUOj:h0REDJCh:h0^EFIBj:g0]EFJCj:c0_E^OE0102Oj:a0_E_OE10O30j:`0dE@_O030k:?kE@XO1m:?jEAYO0n:>bEB_O21Nn:>aEC@2ONQ;<[ECE2N21MQ;<[EDD1O21MQ;<[EDC91GQ;<[EDD81GP;>ZEBF72In:>ZEBF63Im:`0`EB^OOZ;?h02O000ZD_OH0O03Ok:c0[E^OHOZ;c0c0N2000002ATD1Y<0O01Mfa\\7"}, "iscrowd": 0, "area": 1436.0, "category_name": "starfish", "score": 0.8033342361450195}]}