{"images": [{"id": 0, "file_name": "images/u002672.jpg", "width": 720, "height": 405}], "annotations": [{"id": 0, "image_id": 0, "bbox": [21.0, 1.0, 66.0, 40.0], "segmentation": {"size": [405, 720], "counts": "km53b<3M2N3M2N1O1O1O1O1O1O1O1O1O1O001O1O1O1O1O1O1O001O1O0000001O001O0000001O00000000001O0000001O00O10000N2N2O1O1000000O100O1O3L5L3Hd`m7"}, "iscrowd": 0, "area": 1748.0, "category_name": "echinus", "score": 0.9239263534545898}, {"id": 1, "image_id": 0, "bbox": [108.0, 1.0, 55.0, 28.0], "segmentation": {"size": [405, 720], "counts": "Uf\\12c<2N1O1O2N1O1O2N1O001O1O001O001O1O1O001O00O10000000000001O001O0000O1N2O1O1O1O1O1N2O1N2Naen6"}, "iscrowd": 0, "area": 655.0, "category_name": "echinus", "score": 0.9134998917579651}, {"id": 2, "image_id": 0, "bbox": [266.0, 283.0, 84.0, 49.0], "segmentation": {"size": [405, 720], "counts": "ZX^35U<0PD3l;=N1SD\\Oi;i0O0001N1001OO100O1O10000001O1O00O100O1O010O0100O101O001O00000001O0000O100O1O2L5M10O1O2O0O10001N1^OYD6g;;1O1O103L2NO2O0102M1O100N101N2N2ON1O20O100O2O1N2O3LVY_4"}, "iscrowd": 0, "area": 1784.0, "category_name": "holothurian", "score": 0.7059148550033569}, {"id": 3, "image_id": 0, "bbox": [226.0, 176.0, 85.0, 49.0], "segmentation": {"size": [405, 720], "counts": "Ybi23a<4L3M3L3N2N3N1N101O0O2O001O0O8I1O1O001O000001O000O1O2O00000000001O00001N11O00000000000O100O0100O1O101O00000O10000O1O1O1O1O002O0O100O100O2O0O1O1O2O0O2N101M3N3KjaS5"}, "iscrowd": 0, "area": 2114.0, "category_name": "holothurian", "score": 0.9090917706489563}, {"id": 4, "image_id": 0, "bbox": [51.0, 22.0, 82.0, 49.0], "segmentation": {"size": [405, 720], "counts": "XWb02b<1O2N101O001O00001O1N2O1O002N3M2N2M7J2M3N2M2O2N1O1M3N101N1O001O2O000001N101O0O2O0O1O1gNhDU1Y;31O2M1O1000000O101N10O1000O101N10001OO10001O01O0001O100O11O0O1N2RO]D0Od0U<H2N2M2N]_Z7"}, "iscrowd": 0, "area": 2537.0, "category_name": "holothurian", "score": 0.8066532015800476}, {"id": 5, "image_id": 0, "bbox": [237.0, 95.0, 42.0, 28.0], "segmentation": {"size": [405, 720], "counts": "Pel23`<7I3M3N1O001O1O1O1O10O102N01O000N101O2O0O1000O2O01OO10O100001N10001O00001O001N101O4L1O0O2O1O2MST]5"}, "iscrowd": 0, "area": 910.0, "category_name": "holothurian", "score": 0.7479727268218994}, {"id": 6, "image_id": 0, "bbox": [456.0, 227.0, 41.0, 54.0], "segmentation": {"size": [405, 720], "counts": "o\\c51b<4L4L3N2N4J6H7J8K4M5K10O001O001O112M2N2N2N4L1N3M2N100N101O1N2N2O1M4M3M4M1N2OVmi2"}, "iscrowd": 0, "area": 1079.0, "category_name": "starfish", "score": 0.8885059952735901}, {"id": 7, "image_id": 0, "bbox": [422.0, 258.0, 36.0, 45.0], "segmentation": {"size": [405, 720], "counts": "eaW55[<<I2M4XD^OX;P1O010N10000000001O1N3N2N1O1O0000000000O100O1O1O1EnDROS;m0;M3N3O0O2N3M3N3L7HQiU3"}, "iscrowd": 0, "area": 1333.0, "category_name": "starfish", "score": 0.8666461706161499}, {"id": 8, "image_id": 0, "bbox": [462.0, 301.0, 52.0, 65.0], "segmentation": {"size": [405, 720], "counts": "ZQg56>O\\;5aDM];6bDEIOd;=hDCW;`0=4L1O2VD[O`;h0]DZO`;U1G5L6K3M2N2OO1N2N3L3M5M3L3L4L3M4K4J6M6DYi0NPWO1100O100000nff2"}, "iscrowd": 0, "area": 1030.0, "category_name": "starfish", "score": 0.8536877632141113}, {"id": 9, "image_id": 0, "bbox": [405.0, 303.0, 57.0, 64.0], "segmentation": {"size": [405, 720], "counts": "j_P53`<4M2HHmC>R<42NZDBR;R1N01O000001O0000OO1L5K5O101O001O0003L3M2O2O1O0O102NO01000O1O001O110O0O01O1O0mNcDn0g;VOXD;T<J5O0MgCJY<55L^RX3"}, "iscrowd": 0, "area": 1719.0, "category_name": "starfish", "score": 0.7919647693634033}, {"id": 10, "image_id": 0, "bbox": [497.0, 119.0, 32.0, 38.0], "segmentation": {"size": [405, 720], "counts": "`SU63_<4K4N2O1M3D<N2O100O01000000O101N101N1O3L3M3M:EjU^2"}, "iscrowd": 0, "area": 552.0, "category_name": "echinus", "score": 0.9299015402793884}, {"id": 11, "image_id": 0, "bbox": [428.0, 212.0, 43.0, 42.0], "segmentation": {"size": [405, 720], "counts": "klY55]<7I4M3N2N2N1O101N1O1O2O0O1O101N100O10O10O01O1O1O2N1N3N2M2O2M5I7J]jU3"}, "iscrowd": 0, "area": 841.0, "category_name": "echinus", "score": 0.9160659909248352}, {"id": 12, "image_id": 0, "bbox": [358.0, 169.0, 65.0, 74.0], "segmentation": {"size": [405, 720], "counts": "i[_4?T<7H5L4M2O0O2O0O1O2O1N2N1O2O0O2N101N2O1N10000O010O1N2N101001O001O01O00000O0011N1O2N3M100O101N4fNgDQ1b;M2M3M2KWD[Om;`0:D\\Qh3"}, "iscrowd": 0, "area": 2383.0, "category_name": "echinus", "score": 0.9143897294998169}, {"id": 13, "image_id": 0, "bbox": [260.0, 1.0, 40.0, 35.0], "segmentation": {"size": [405, 720], "counts": "cPX32c<4L3M3M3M3M2N2N2N1O2N1O1O1O1O001O00001O000000000002N4L3M3N4K4L3M2N2NRlV5"}, "iscrowd": 0, "area": 814.0, "category_name": "starfish", "score": 0.9296611547470093}, {"id": 14, "image_id": 0, "bbox": [453.0, 28.0, 34.0, 47.0], "segmentation": {"size": [405, 720], "counts": "\\ib51d<3M4L4M0O1N3M21000O1N3M2N2N3M1O2N2N1O2O0O2O0`0_O2N3M101N2N2O0O2O0O2N5L0OQfk2"}, "iscrowd": 0, "area": 681.0, "category_name": "starfish", "score": 0.8855757117271423}]}