{"images": [{"id": 0, "file_name": "images/u003798.jpg", "width": 720, "height": 405}], "annotations": [{"id": 0, "image_id": 0, "bbox": [295.0, 164.0, 26.0, 24.0], "segmentation": {"size": [405, 720], "counts": "bWe38Z<5M2N3M2N10001O00001O01O0O101N2O1N2O1M3MWWo4"}, "iscrowd": 0, "area": 381.0, "category_name": "echinus", "score": 0.9461933970451355}, {"id": 1, "image_id": 0, "bbox": [306.0, 290.0, 33.0, 30.0], "segmentation": {"size": [405, 720], "counts": "dSj32b<2O1N3N2M4M2M1N3N0O2N2N1010O2O1O1N101O001O000O001K6L3Mlbg4"}, "iscrowd": 0, "area": 469.0, "category_name": "starfish", "score": 0.9409745931625366}, {"id": 2, "image_id": 0, "bbox": [344.0, 263.0, 30.0, 19.0], "segmentation": {"size": [405, 720], "counts": "cSY42a<3N1O2N101N101O0O2O000O1000O10000O100O10000O2N4L2On[Y4"}, "iscrowd": 0, "area": 280.0, "category_name": "starfish", "score": 0.932299017906189}, {"id": 3, "image_id": 0, "bbox": [373.0, 288.0, 20.0, 16.0], "segmentation": {"size": [405, 720], "counts": "X]c44`<7J000O100O100O10000001O0O2N1N2N3N1OkjQ4"}, "iscrowd": 0, "area": 199.0, "category_name": "starfish", "score": 0.9353114366531372}, {"id": 4, "image_id": 0, "bbox": [439.0, 282.0, 36.0, 30.0], "segmentation": {"size": [405, 720], "counts": "nS]52b<3M101O0O101N101N7I2O000O100O1O1O011N11O1O1O2N1O1O010O01O00000000O0N4H7M_PQ3"}, "iscrowd": 0, "area": 607.0, "category_name": "starfish", "score": 0.923216700553894}, {"id": 5, "image_id": 0, "bbox": [488.0, 271.0, 33.0, 27.0], "segmentation": {"size": [405, 720], "counts": "beQ61c<3N5`CNS<;O0000000O1000001N101O001O001O01O000M4N2N1O2N2N101N2N3L_j^2"}, "iscrowd": 0, "area": 516.0, "category_name": "starfish", "score": 0.9284709692001343}, {"id": 6, "image_id": 0, "bbox": [525.0, 124.0, 22.0, 16.0], "segmentation": {"size": [405, 720], "counts": "_h_63b<2M2O2N1O1O001O000000O10O0100000000O1O1O1N3M2N\\`S2"}, "iscrowd": 0, "area": 218.0, "category_name": "starfish", "score": 0.6976206302642822}]}