{"images": [{"id": 0, "file_name": "images/u003145.jpg", "width": 720, "height": 405}], "annotations": [{"id": 0, "image_id": 0, "bbox": [109.0, 151.0, 41.0, 33.0], "segmentation": {"size": [405, 720], "counts": "ZfY15Z<7M3N2N1O2N10000O2O0O1O1N20O0100O1O100O100O1O100O100O100O1O100O100000000001O0O2O010O2N2N2M3@[DKZ<KfRP7"}, "iscrowd": 0, "area": 1337.0, "category_name": "echinus", "score": 0.8275872468948364}, {"id": 1, "image_id": 0, "bbox": [137.0, 339.0, 63.0, 51.0], "segmentation": {"size": [405, 720], "counts": "\\[e12^<<E6L4M2O0O2M2O2N2N1O3M2O1N101M2N2O1O1O2O000O10000O10000000000000000O1001O000000001O0000001N100O100O2O0O2N2N2L4M3N2O1N2O2M2O1O1O1N7Eam\\6"}, "iscrowd": 0, "area": 2782.0, "category_name": "echinus", "score": 0.9468774795532227}]}