{"images": [{"id": 0, "file_name": "images/u003986.jpg", "width": 720, "height": 405}], "annotations": [{"id": 0, "image_id": 0, "bbox": [224.0, 110.0, 59.0, 51.0], "segmentation": {"size": [405, 720], "counts": "]be25^<3N2M3N2N1N3L3M4N1N2O2N1O100O100O100O1O10O0100O10O10O010O0100O10000O1O010O100O10O0100O101O000O2O1O1N2O2M101N101N2_OoC:id`5"}, "iscrowd": 0, "area": 1690.0, "category_name": "echinus", "score": 0.8950430750846863}, {"id": 1, "image_id": 0, "bbox": [121.0, 140.0, 100.0, 126.0], "segmentation": {"size": [405, 720], "counts": "gm\\1;X<3M2N3N2M3N2N1N3L4L3M4N1N3M2N2N2N3N1N2M3O2M2O1N2M3L4M3O100O10O10000O010OAgMcFZ2\\9mMZFW2e9ZOaFPO^9d0XGSOg8j0aGQO`8m0gGnNX8Q1mGiNV8U1e101O1O1O0010O0100O0010O001O0100O01O001O00010O10O100O100O01000O0010O0001O01000O010O10O01000000O0100O010O10000000O10000UOeD<\\;AgD=Z;BhD=Y;@jD?f;O3N2L3O2LhcS6"}, "iscrowd": 0, "area": 4713.0, "category_name": "holothurian", "score": 0.8930892944335938}, {"id": 2, "image_id": 0, "bbox": [416.0, 233.0, 32.0, 24.0], "segmentation": {"size": [405, 720], "counts": "UUU51b<3O001N2O2M3N2M2O00000001O1O101N1O01000O2N1O3M2Lef]3"}, "iscrowd": 0, "area": 260.0, "category_name": "starfish", "score": 0.8463189601898193}, {"id": 3, "image_id": 0, "bbox": [334.0, 292.0, 43.0, 43.0], "segmentation": {"size": [405, 720], "counts": "\\VU46]<3BNRD7f;`00000001O1O1O1O001O1O01000O10O101N10O010O4L3M3M1O3L5L3KaY[4"}, "iscrowd": 0, "area": 688.0, "category_name": "starfish", "score": 0.8856909275054932}, {"id": 4, "image_id": 0, "bbox": [272.0, 126.0, 19.0, 18.0], "segmentation": {"size": [405, 720], "counts": "g_\\313<Q<6N0000000002N001O00001O001O01O00DlC7T<HSD0TTY5"}, "iscrowd": 0, "area": 301.0, "category_name": "starfish", "score": 0.7746409177780151}]}