{"images": [{"id": 0, "file_name": "images/u003619.jpg", "width": 720, "height": 405}], "annotations": [{"id": 0, "image_id": 0, "bbox": [62.0, 224.0, 62.0, 51.0], "segmentation": {"size": [405, 720], "counts": "S[j07]<2N2M4L2N3N1N3O0O1O2N101N100O2O000O2O00001O000O1000000O1000O101O0O2O001N2O1O0O2O001N2N3M2O2M3M2M4Kgd^7"}, "iscrowd": 0, "area": 1348.0, "category_name": "echinus", "score": 0.9357898235321045}, {"id": 1, "image_id": 0, "bbox": [135.0, 321.0, 78.0, 84.0], "segmentation": {"size": [405, 720], "counts": "_Yi1:Y<4L3N3L3I\\OYDh0a;9M6J8I3M2N2O0O10000O2O00000010O0001O1O010O00000010O01O010O0001O0O2N100O1O1O2N1O100000001O0000001N101M201N2O0XOoDKS;1REIS;4j0M3JhhY6"}, "iscrowd": 0, "area": 3241.0, "category_name": "echinus", "score": 0.9040085077285767}, {"id": 2, "image_id": 0, "bbox": [389.0, 297.0, 64.0, 59.0], "segmentation": {"size": [405, 720], "counts": "cZm46\\<5L4L3J6N2N2N2O1N2O1O1N2O0O2N101O1O001O001O001O00000001O1O1O2N1O1O001O000O2O0O2N1O2N2M4M5J5K4M2NdQ\\3"}, "iscrowd": 0, "area": 1617.0, "category_name": "echinus", "score": 0.9341953992843628}, {"id": 3, "image_id": 0, "bbox": [201.0, 194.0, 67.0, 75.0], "segmentation": {"size": [405, 720], "counts": "V_b2f0k;7J6I5N2N2N2N2N2O0O2O0O2O0000001N100O2O000O1000000000001O00000001O00001O1O001O00001O00001O001N1O101N1O101L4L4LoTd5"}, "iscrowd": 0, "area": 2930.0, "category_name": "echinus", "score": 0.9141367673873901}, {"id": 4, "image_id": 0, "bbox": [296.0, 109.0, 42.0, 40.0], "segmentation": {"size": [405, 720], "counts": "Xoe35^<9H7I2N101O0O2O1O1O1O010O001O000001O0010O01O001O0O101O001O0O2N3M2O2M2O1O1N2O1N3Mnaf4"}, "iscrowd": 0, "area": 961.0, "category_name": "echinus", "score": 0.9322068095207214}, {"id": 5, "image_id": 0, "bbox": [345.0, 131.0, 43.0, 50.0], "segmentation": {"size": [405, 720], "counts": "`oX45_<3L4M2N3M101O2N1O1O1O2N2N1O1O2N1O1O001O0010O1O00100O1N2O1O1N3N1N3M6H7ESaU4"}, "iscrowd": 0, "area": 903.0, "category_name": "echinus", "score": 0.9357743263244629}, {"id": 6, "image_id": 0, "bbox": [139.0, 1.0, 51.0, 54.0], "segmentation": {"size": [405, 720], "counts": "Sbh17\\<5K4M3M2O2L4N3M2N2N1O2N2N3M2N1O001O00001O000001O1N2N3M3M6J4L3M3M4K3N3M3Mbae6"}, "iscrowd": 0, "area": 1185.0, "category_name": "echinus", "score": 0.9195073843002319}]}