{"images": [{"id": 0, "file_name": "images/u003680.jpg", "width": 720, "height": 405}], "annotations": [{"id": 0, "image_id": 0, "bbox": [226.0, 64.0, 28.0, 23.0], "segmentation": {"size": [405, 720], "counts": "mWj26]<4L3N2N3N1N101O1O000000000000O101N101N2O1N3Kd]i5"}, "iscrowd": 0, "area": 412.0, "category_name": "echinus", "score": 0.9181703925132751}, {"id": 1, "image_id": 0, "bbox": [331.0, 114.0, 33.0, 29.0], "segmentation": {"size": [405, 720], "counts": "icT49Y<6L2M3N1O1O2O00001O00000000000001O0O2O1O2M2O3K6IYX^4"}, "iscrowd": 0, "area": 518.0, "category_name": "echinus", "score": 0.9228123426437378}, {"id": 2, "image_id": 0, "bbox": [514.0, 64.0, 37.0, 32.0], "segmentation": {"size": [405, 720], "counts": "S[]62_<8J4M2N1N3N1O2N101N10000O10000000O1000000O100O1O2N3L5K6JcnS2"}, "iscrowd": 0, "area": 615.0, "category_name": "echinus", "score": 0.925544261932373}, {"id": 3, "image_id": 0, "bbox": [487.0, 16.0, 31.0, 27.0], "segmentation": {"size": [405, 720], "counts": "d]Q6:Y<5K3N2N1O2O0O2O0O100O01000001O001N101N1O2N2N3L4Ma^a2"}, "iscrowd": 0, "area": 528.0, "category_name": "echinus", "score": 0.9256684184074402}, {"id": 4, "image_id": 0, "bbox": [379.0, 167.0, 25.0, 33.0], "segmentation": {"size": [405, 720], "counts": "WRf43_<7J4L4M2O1O2M2O1O2O1N2N1O10O001O002M4L5I5Kiom3"}, "iscrowd": 0, "area": 520.0, "category_name": "echinus", "score": 0.8869411945343018}, {"id": 5, "image_id": 0, "bbox": [367.0, 212.0, 39.0, 43.0], "segmentation": {"size": [405, 720], "counts": "anb41`<;cCMh;d0L7I6K1N3M1O2O0O1O10000O1000O10001N101N101O0O1N3N2M3]OgDCa;6f0Gham3"}, "iscrowd": 0, "area": 1268.0, "category_name": "echinus", "score": 0.8865640163421631}, {"id": 6, "image_id": 0, "bbox": [245.0, 227.0, 54.0, 41.0], "segmentation": {"size": [405, 720], "counts": "XZR36]<5K6K5K3M2N2O1N1O2O0O101O0O101O001N10000000O10001N1O101N1O2O1N1O3M2O0O2N1O1O10O10O10O11O1O1N2O1N1OO11N3Le_U5"}, "iscrowd": 0, "area": 1398.0, "category_name": "echinus", "score": 0.9021550416946411}, {"id": 7, "image_id": 0, "bbox": [270.0, 262.0, 50.0, 58.0], "segmentation": {"size": [405, 720], "counts": "ad\\35_<5J5L2M5L5K3M4L2N3N0O2O0O10000O10000000O1000O1000O2O00000O2N101N2M3N2N3M4L4K5J5FVmo4"}, "iscrowd": 0, "area": 1353.0, "category_name": "echinus", "score": 0.9166128635406494}, {"id": 8, "image_id": 0, "bbox": [223.0, 274.0, 57.0, 55.0], "segmentation": {"size": [405, 720], "counts": "mXi26\\<4N3M2N2M3N8H3M1O2N2M2O2N100O2O0O100000000O10000000000000O100O100O1O2N100O2N3N1N2N3M3N1N3M4L8GR``5"}, "iscrowd": 0, "area": 1646.0, "category_name": "echinus", "score": 0.9177204370498657}, {"id": 9, "image_id": 0, "bbox": [173.0, 228.0, 59.0, 51.0], "segmentation": {"size": [405, 720], "counts": "`dV21b<:G6J3J]OTDf0g;7O0O2O1O001O1O001N2O000001O01O00001O000O10000001O0010OO2O001O1N1O2N2N3K3O2J6M2O2M3N4K`TS6"}, "iscrowd": 0, "area": 1455.0, "category_name": "echinus", "score": 0.9408148527145386}, {"id": 10, "image_id": 0, "bbox": [220.0, 173.0, 34.0, 32.0], "segmentation": {"size": [405, 720], "counts": "kbg26\\<5L3N2N2O2M2O0O1O100O1O1000000001N100O1O2N101N2N3M4M3J\\Sj5"}, "iscrowd": 0, "area": 549.0, "category_name": "echinus", "score": 0.9281023740768433}, {"id": 11, "image_id": 0, "bbox": [86.0, 200.0, 47.0, 41.0], "segmentation": {"size": [405, 720], "counts": "U]S14_<3N3M4L2M3N2N101N101O1O001N1O100O2O00000000O10000O1O1O2N1N3N3M2O1N2N3M3KWgZ7"}, "iscrowd": 0, "area": 826.0, "category_name": "echinus", "score": 0.9413440227508545}, {"id": 12, "image_id": 0, "bbox": [19.0, 265.0, 60.0, 48.0], "segmentation": {"size": [405, 720], "counts": "][;4_<3L4L4M3L6L2M3N2N1O1O2O1N101N2O000O1000001O000001O01O01O001O1O1N2O001O00001O000XO_D<b;B`D<b;B`D=a;AaD>`;AaD=l;N3N2Kd]n7"}, "iscrowd": 0, "area": 1514.0, "category_name": "echinus", "score": 0.9265600442886353}, {"id": 13, "image_id": 0, "bbox": [186.0, 357.0, 48.0, 41.0], "segmentation": {"size": [405, 720], "counts": "ll[2<X<7H4M1O2N2N101O1O1N101O00000O2O000000000000O101O0O2N2N2N1O2N1O2N3L7HdPS6"}, "iscrowd": 0, "area": 1019.0, "category_name": "echinus", "score": 0.9231560230255127}]}