{"images": [{"id": 0, "file_name": "images/u003107.jpg", "width": 720, "height": 405}], "annotations": [{"id": 0, "image_id": 0, "bbox": [40.0, 17.0, 73.0, 59.0], "segmentation": {"size": [405, 720], "counts": "b_=1W<3oC1m;?M3N2M2O2M1O2M201N1O2O0O100O101N101O1N8I2N2N1N2O0O10000O1000000001O010O0010O01O001O010O01000O010O001O001O00001O001N101O0O10000O101N100O2O1N4L6J3L3I8I7L6HRQ`7"}, "iscrowd": 0, "area": 3687.0, "category_name": "echinus", "score": 0.9411673545837402}, {"id": 1, "image_id": 0, "bbox": [147.0, 163.0, 82.0, 73.0], "segmentation": {"size": [405, 720], "counts": "fSi12c0OA0g;0]Db0g;5N2M5K4K6J7G6L3O2L3O100O2N1O1O1O1O010O000O2O001O001O0000001O000O10000000000O1000000000O10O100O100001O1O1O0O101N100O100O100000001N100000000O2N2O0O2N2N2N3L5J5L6J6J6J5E;K6JlVQ6"}, "iscrowd": 0, "area": 5376.0, "category_name": "echinus", "score": 0.9339196681976318}, {"id": 2, "image_id": 0, "bbox": [348.0, 2.0, 38.0, 23.0], "segmentation": {"size": [405, 720], "counts": "gWY45`<3M1O2N2N1O1O2N1O2N2N1O1O001O000000000000O100000000O100O100001O000000@SD8P<BZD6V<LZ_T4"}, "iscrowd": 0, "area": 755.0, "category_name": "echinus", "score": 0.943501889705658}, {"id": 3, "image_id": 0, "bbox": [476.0, 142.0, 71.0, 51.0], "segmentation": {"size": [405, 720], "counts": "nil53a<2O1O100O001O1O1O1O1O1N6K4L1O1O0O2O0O101N1O100O100O2O000O2O0O100N2N3N1N2O2N101O1N1010O016I1O2O2L2O1N2A>M4M2N2O1O100O2O000O100O1000001N101NcXT2"}, "iscrowd": 0, "area": 1729.0, "category_name": "starfish", "score": 0.9580779671669006}, {"id": 4, "image_id": 0, "bbox": [258.0, 210.0, 59.0, 67.0], "segmentation": {"size": [405, 720], "counts": "nlU3<X<2L4M3M2O0O2M2M3M3N2O1O2O0O101O0O1O1O2N100L5M201M2O101M2O2M201O10O10001N3N1O1N2O1O1O2N1N2O3M1N2O0_OiDCY;;iDCZ;:jDAY;=a0N2O0O2N1O101N2M3MW\\n4"}, "iscrowd": 0, "area": 2449.0, "category_name": "starfish", "score": 0.8281954526901245}, {"id": 5, "image_id": 0, "bbox": [296.0, 218.0, 72.0, 65.0], "segmentation": {"size": [405, 720], "counts": "][c35^<3M4M1O1O1O1O100O100O1O101N1_O^OmDd0R;_OkDb0T;?0100O1000O01O100O1M2O2O100O2O000O1N3N1L4O2O001O1O1O001O1O01O1O5K102M2M2O1O000\\Od0O1O2N1O1O2M2O100O2N1O2N100O1O101N1O1O2N2MnbZ4"}, "iscrowd": 0, "area": 2802.0, "category_name": "starfish", "score": 0.8892600536346436}, {"id": 6, "image_id": 0, "bbox": [201.0, 233.0, 30.0, 62.0], "segmentation": {"size": [405, 720], "counts": "nT`21Y<1nC2P<;O9F4K3\\OROVE3In0Q;oNUEY1i:iNTE]1g:dNXE_1f:bNXE`1g:_NZE`1h:_NXEa1h:`NVEa1i:6O2O2N01N1O001O1O1O1N2oNXE1l:MYELk:3YE_OC6V;8_EAj:9l0KX\\P6"}, "iscrowd": 0, "area": 1317.0, "category_name": "holothurian", "score": 0.667380690574646}, {"id": 7, "image_id": 0, "bbox": [235.0, 160.0, 56.0, 111.0], "segmentation": {"size": [405, 720], "counts": "a]j23`<6K3L5K4M1N2O2M3N1N2M1O3O0K6N2N1N3K5L3O2N2L3O1O2N1N3N100N3M2N2O1O10O1O01OO2L4N011O2O0O2O0O1O2N1O2M2N3L3N3L4N2M3N2M3M4E?F>DmlY5"}, "iscrowd": 0, "area": 3202.0, "category_name": "holothurian", "score": 0.8871642351150513}, {"id": 8, "image_id": 0, "bbox": [373.0, 169.0, 46.0, 59.0], "segmentation": {"size": [405, 720], "counts": "Rnb43270Hl;a0SD@l;d00OL6O0O2N2L3N21O2N100OO100IQOhDQ1W;QOgDo0Z;6O01O1N2N3N10OO1O101O010O1N101O10O01O1O1WOWDd0n;O101N0ON@SD>o;BQD<Q<EnC9T<GlC7V<IjC6W<IjC7U<JlC4T_f3"}, "iscrowd": 0, "area": 1425.0, "category_name": "holothurian", "score": 0.7284104228019714}, {"id": 9, "image_id": 0, "bbox": [464.0, 202.0, 48.0, 48.0], "segmentation": {"size": [405, 720], "counts": "Sod5410Y<9M2N2L6J4N2N1O1O102M2N1O2N3L3M3J6N1O2N2O2M10001O01N100O10000H8N2K5O1O1O1O100O2O0O2OO010OO2N2O1N2N2M3M4CTDNm;0WDMk;1WDLk;4<N1NXl`2"}, "iscrowd": 0, "area": 2193.0, "category_name": "holothurian", "score": 0.8267301321029663}]}