{"images": [{"id": 0, "file_name": "images/u003362.jpg", "width": 720, "height": 405}], "annotations": [{"id": 0, "image_id": 0, "bbox": [72.0, 69.0, 53.0, 38.0], "segmentation": {"size": [405, 720], "counts": "Wnl05]<5M3N3L3N1N3N2M3N3M1O1O1O1O010O001O0010O01O1O010O010O0001O001O001O001O0O2O002N1O1O002M2O1O1O1O3_OoC7]<JfP\\7"}, "iscrowd": 0, "area": 1474.0, "category_name": "echinus", "score": 0.9351071715354919}, {"id": 1, "image_id": 0, "bbox": [253.0, 119.0, 46.0, 49.0], "segmentation": {"size": [405, 720], "counts": "XPS3<X<3M2M2O3M3M3M2N2N2O1N2O2M101O1N2O1O10O0010O00010O000010O001O00001O0O2O000O2O0O2N2N3N1O1M3G9M4M4L3JXoU5"}, "iscrowd": 0, "area": 1736.0, "category_name": "echinus", "score": 0.9467887282371521}, {"id": 2, "image_id": 0, "bbox": [241.0, 215.0, 62.0, 56.0], "segmentation": {"size": [405, 720], "counts": "`hn25_<2M2O2K9H5L3WDVOb;Q1N1O1O101N2O1N101N1O2O0O1O2N10O10O1000000O010000O1001O0O10000000O2O000O1000000O101N101N2N3N2N2M101N101N2N101N2WOXDb0o;N2N2N2N1O3LlfR5"}, "iscrowd": 0, "area": 2668.0, "category_name": "echinus", "score": 0.9282006025314331}, {"id": 3, "image_id": 0, "bbox": [371.0, 68.0, 42.0, 42.0], "segmentation": {"size": [405, 720], "counts": "nib46[<6M2N5L3L3M3N2M2N2N2N3N1N2O1N101O001O000001O001O001O2N1O1N100O2N101N3M2N4L3M<CnSj3"}, "iscrowd": 0, "area": 1369.0, "category_name": "echinus", "score": 0.9299398064613342}, {"id": 4, "image_id": 0, "bbox": [313.0, 144.0, 45.0, 35.0], "segmentation": {"size": [405, 720], "counts": "cak39[<4L3N1N2M3N2N2N2N2O0O100O2O000000001O01O01O001O0O10001O00000001O0O101N3M2O0O1N3M2N4CSDLhb`4"}, "iscrowd": 0, "area": 1265.0, "category_name": "echinus", "score": 0.9261910319328308}, {"id": 5, "image_id": 0, "bbox": [314.0, 189.0, 53.0, 40.0], "segmentation": {"size": [405, 720], "counts": "]\\l38\\<3L3M3M3M3N2N2M3M3N2O0O2O1N101O0O2O001O00001O00000001O000000000O1000000O1O1N200O2O001N2O1N4L2N3M3G9K7JQj[4"}, "iscrowd": 0, "area": 1749.0, "category_name": "echinus", "score": 0.9411792755126953}, {"id": 6, "image_id": 0, "bbox": [393.0, 186.0, 53.0, 45.0], "segmentation": {"size": [405, 720], "counts": "Pkj43_<5L4L3M4L3M4L2O2N2O1N2N101N2N2O1O1N1000001O00000O1000010O0000000000O2O2N1O00000O2O001O000O100O100O6J4L3M2N1O2Loh[3"}, "iscrowd": 0, "area": 1986.0, "category_name": "echinus", "score": 0.9417976140975952}, {"id": 7, "image_id": 0, "bbox": [359.0, 237.0, 55.0, 49.0], "segmentation": {"size": [405, 720], "counts": "Rk]47[<7I5K4K5L3O2N2O0O2N2N101N100O100O100O10001N1001O01O001O0O100000000001N101O2M2O0O1O101N2nNbDj0f;O0O2M2O2N2M3K>Deni3"}, "iscrowd": 0, "area": 1981.0, "category_name": "echinus", "score": 0.9464565515518188}, {"id": 8, "image_id": 0, "bbox": [457.0, 158.0, 39.0, 30.0], "segmentation": {"size": [405, 720], "counts": "[`d58\\<7I2N2N2N2N2N2N101N10001OO100000000010O01O001O001O1O0O2O1O001N2O1N3M3M3Lgci2"}, "iscrowd": 0, "area": 899.0, "category_name": "echinus", "score": 0.94245445728302}, {"id": 9, "image_id": 0, "bbox": [456.0, 256.0, 51.0, 41.0], "segmentation": {"size": [405, 720], "counts": "YPe58\\<3M2N2N3M3N2M2N101O0O10000000O01\\DXO[;h0dDZO[;f0dD\\OZ;Q1O0000000000000001OO010000O100O2O0O100O2O0O2N2N1O1O1O2M4L6JS\\d2"}, "iscrowd": 0, "area": 1507.0, "category_name": "echinus", "score": 0.9081388711929321}, {"id": 10, "image_id": 0, "bbox": [535.0, 289.0, 51.0, 46.0], "segmentation": {"size": [405, 720], "counts": "Rma65`<2M2N2M3N2O2M2N2O1N3N100O00101N1O1O1O100O100O1O10O010O100O0100O001O010O0100O2O0O00001O001O1O2N2M4M2N3L3N2L4M3M2NSYd1"}, "iscrowd": 0, "area": 1508.0, "category_name": "echinus", "score": 0.9327304363250732}, {"id": 11, "image_id": 0, "bbox": [291.0, 11.0, 34.0, 35.0], "segmentation": {"size": [405, 720], "counts": "WYd3k0i;101O0010O01O010O001O00001O00010O01N2O1O1N3N1N3L3N1O2O1M3MVcl4"}, "iscrowd": 0, "area": 786.0, "category_name": "echinus", "score": 0.9093362092971802}, {"id": 12, "image_id": 0, "bbox": [610.0, 315.0, 66.0, 63.0], "segmentation": {"size": [405, 720], "counts": "bVa7370a;N\\D11`0b;_O\\D3Oa0c;]O^D2Nf0a;:N5I4M4N1O01N3N00MeNmDZ1T;dNnD\\1V;001N0OO2000010O1O001O001O1N3N2N000002ON2O2M3O001N2N1O1O00010O2M2N2O2N3NO01N2OO2O1N2OO103M2N1O2N2N1N_ja0"}, "iscrowd": 0, "area": 2004.0, "category_name": "starfish", "score": 0.6692159175872803}, {"id": 13, "image_id": 0, "bbox": [417.0, 99.0, 40.0, 50.0], "segmentation": {"size": [405, 720], "counts": "fdT57S<2nC8f;>M3M2O2O2N0O2O0O20O000001N21OO0001000O00001O010O0011N5jNdDj0[;TOiDj0X;SOkDm0^;000IROfDo0Y;3dDnN^;d0aD^Om;>VD@n;<;H4N2NR`W3"}, "iscrowd": 0, "area": 1494.0, "category_name": "holothurian", "score": 0.736653745174408}, {"id": 14, "image_id": 0, "bbox": [430.0, 271.0, 45.0, 75.0], "segmentation": {"size": [405, 720], "counts": "bT[55a0N[;5]D0IKW;0QE6N64B^:5[E<L36\\Ob:7XET14gNb:c1]E_Nb:l1O0\\EQN_:S200N11O1N200O1N2N2O100O2N1N3M4L4M2N3M3M3N1N2N2M3L3O2N100O2N:F4I^iQ3"}, "iscrowd": 0, "area": 1792.0, "category_name": "holothurian", "score": 0.6746293902397156}, {"id": 15, "image_id": 0, "bbox": [410.0, 164.0, 60.0, 62.0], "segmentation": {"size": [405, 720], "counts": "W]n41d<0g<1YB3RE3k:n0N1N2O1N2O0O101O000O1000001O0000000000000000O2O2N0000O10O012N2N1O0O100O00100O;D3N2N2L4LfoZ3"}, "iscrowd": 0, "area": 1832.0, "category_name": "holothurian", "score": 0.8351330161094666}]}