{"images": [{"id": 0, "file_name": "images/u003072.jpg", "width": 720, "height": 405}], "annotations": [{"id": 0, "image_id": 0, "bbox": [640.0, 310.0, 26.0, 37.0], "segmentation": {"size": [405, 720], "counts": "XQm7c0P<6K2N2O1O0O2O001O000000000O100001N100O2O1N3M2O2M2O2M3M3L5KXkc0"}, "iscrowd": 0, "area": 813.0, "category_name": "echinus", "score": 0.937536358833313}, {"id": 1, "image_id": 0, "bbox": [182.0, 325.0, 30.0, 27.0], "segmentation": {"size": [405, 720], "counts": "h`W28Y<5N2M3N1O2N1O2N1O2O0O010O10O01000O1000000O10000O2O000O2O0O1O2N9FZVX6"}, "iscrowd": 0, "area": 755.0, "category_name": "echinus", "score": 0.9473477602005005}]}