{"images": [{"id": 0, "file_name": "images/u003076.jpg", "width": 720, "height": 405}], "annotations": [{"id": 0, "image_id": 0, "bbox": [450.0, 151.0, 24.0, 26.0], "segmentation": {"size": [405, 720], "counts": "lZa59Z<4M2N3N2M3M2O001O1O01O001N2O0O2N2N2N2N3L5JSgR3"}, "iscrowd": 0, "area": 431.0, "category_name": "echinus", "score": 0.9164623022079468}, {"id": 1, "image_id": 0, "bbox": [429.0, 226.0, 28.0, 30.0], "segmentation": {"size": [405, 720], "counts": "T`Y5<X<2N100O2O1O1N2O1O1O001O0O101N2N10001O01O0001OO2O1N2N3FSDEQbX3"}, "iscrowd": 0, "area": 656.0, "category_name": "echinus", "score": 0.8627916574478149}, {"id": 2, "image_id": 0, "bbox": [371.0, 363.0, 48.0, 42.0], "segmentation": {"size": [405, 720], "counts": "afb4b0R<2N2M5L4L4L2M2M3O1O1O100O1O1N200001O1O0000000000001O00001O00001O1O00000000O100001O2M4L6J3N1N5FRDCR<9;JkXf3"}, "iscrowd": 0, "area": 1969.0, "category_name": "echinus", "score": 0.949713408946991}, {"id": 3, "image_id": 0, "bbox": [445.0, 271.0, 28.0, 26.0], "segmentation": {"size": [405, 720], "counts": "lR_58Y<6J6L2N3N101N2O001O001O01O01O00O101O1O1N101N2N2O2M2N3M3M2M4MW]Q3"}, "iscrowd": 0, "area": 718.0, "category_name": "echinus", "score": 0.9067729711532593}, {"id": 4, "image_id": 0, "bbox": [427.0, 189.0, 25.0, 22.0], "segmentation": {"size": [405, 720], "counts": "ZlW54_<4L3N3M3M3M2N2O1O001O1O001O000000O101O1N101N2O0O3M3N3KjiY3"}, "iscrowd": 0, "area": 595.0, "category_name": "echinus", "score": 0.9112380146980286}, {"id": 5, "image_id": 0, "bbox": [299.0, 114.0, 15.0, 16.0], "segmentation": {"size": [405, 720], "counts": "P\\f36]<4M101N1O100O1000000000O2O0O2N2N2LkXo4"}, "iscrowd": 0, "area": 216.0, "category_name": "echinus", "score": 0.9355684518814087}, {"id": 6, "image_id": 0, "bbox": [161.0, 195.0, 26.0, 15.0], "segmentation": {"size": [405, 720], "counts": "kko16]<4M2O1N2O0O2O1O001O1O1N10000000000000000001N2N=@TPc6"}, "iscrowd": 0, "area": 444.0, "category_name": "echinus", "score": 0.8797491788864136}, {"id": 7, "image_id": 0, "bbox": [175.0, 156.0, 19.0, 20.0], "segmentation": {"size": [405, 720], "counts": "jUT2<X<3M1O2N100O1000000000O01000O100O100O2N:DlX`6"}, "iscrowd": 0, "area": 367.0, "category_name": "echinus", "score": 0.8872170448303223}]}