{"images": [{"id": 0, "file_name": "images/u003057.jpg", "width": 720, "height": 405}], "annotations": [{"id": 0, "image_id": 0, "bbox": [150.0, 194.0, 35.0, 34.0], "segmentation": {"size": [405, 720], "counts": "STk1a0S<4L3M2O1O0O101OO010001N10000000001O01O01O01O000000001O0O101O1O1O1N2N2L5EXPc6"}, "iscrowd": 0, "area": 1024.0, "category_name": "echinus", "score": 0.9133779406547546}, {"id": 1, "image_id": 0, "bbox": [209.0, 126.0, 26.0, 22.0], "segmentation": {"size": [405, 720], "counts": "koa29[<3M2N2O1O0O2O1N101O001O0001O00000O2O001O0O3N1N2KZlP6"}, "iscrowd": 0, "area": 461.0, "category_name": "echinus", "score": 0.9024360775947571}, {"id": 2, "image_id": 0, "bbox": [239.0, 100.0, 32.0, 34.0], "segmentation": {"size": [405, 720], "counts": "\\Wn24`<4L4M4L2N2N1O2N1O2M3N1O001O00000000000000000000O2N2N;Da^c5"}, "iscrowd": 0, "area": 700.0, "category_name": "echinus", "score": 0.9106151461601257}, {"id": 3, "image_id": 0, "bbox": [409.0, 231.0, 46.0, 40.0], "segmentation": {"size": [405, 720], "counts": "\\cQ54]<9I7I4N1N2O1O1N101M2O2N101N100O2O0O110O0000000O10O101N100O2N101N2N1O2N1O2N2N3M3M3M3M3M5K`[Y3"}, "iscrowd": 0, "area": 1369.0, "category_name": "echinus", "score": 0.9357669353485107}, {"id": 4, "image_id": 0, "bbox": [262.0, 302.0, 26.0, 24.0], "segmentation": {"size": [405, 720], "counts": "RaW36Z<7K5L2O2O001O0O1000000O10000000O1O100O2O1N2N4L5IW[[5"}, "iscrowd": 0, "area": 511.0, "category_name": "echinus", "score": 0.9216987490653992}, {"id": 5, "image_id": 0, "bbox": [336.0, 370.0, 33.0, 35.0], "segmentation": {"size": [405, 720], "counts": "TST41a<3M4L3N2O1N2O1N2N2K5O100000000O100O1O1O1O10000O1O1O1O10O100O6I<D4M3LnjZ4"}, "iscrowd": 0, "area": 831.0, "category_name": "starfish", "score": 0.9306361675262451}, {"id": 6, "image_id": 0, "bbox": [586.0, 187.0, 84.0, 73.0], "segmentation": {"size": [405, 720], "counts": "QiV74`<3N1O2N3M4L2N2M4M3M4L7I1N3N1O0O2O000O1O1O1N2O1O100O2N1O100O101N10001N100001O010O1O1O001O10O00010O0001O0010O01O10O1O010O10O01000O001O001O0O1^OTE[Om:a0YEYOj:e0d0M4M2N3M3N3M1N3N101N1O2O0O1O2O]Uc0"}, "iscrowd": 0, "area": 3749.0, "category_name": "starfish", "score": 0.9277730584144592}, {"id": 7, "image_id": 0, "bbox": [633.0, 65.0, 28.0, 30.0], "segmentation": {"size": [405, 720], "counts": "PRh73`<2O2M3N2N2M2O2N1O1O101N100O1O2O000000000000000O11O0O101O0O2M4L4M2O1N2N3M]Rf0"}, "iscrowd": 0, "area": 705.0, "category_name": "echinus", "score": 0.9025708436965942}]}