{"images": [{"id": 0, "file_name": "images/u003315.jpg", "width": 720, "height": 405}], "annotations": [{"id": 0, "image_id": 0, "bbox": [287.0, 183.0, 52.0, 51.0], "segmentation": {"size": [405, 720], "counts": "SSb3135T<<F=E6IlNgDX1V;6M2O2M3N3L5L1N1O00030O00O0O10001O001O0O100001O01N2O1O2N1O1O2N2N1O1N3N1O2M5L3L4M3L3N2M2N9Fmkf4"}, "iscrowd": 0, "area": 2393.0, "category_name": "echinus", "score": 0.879602313041687}, {"id": 1, "image_id": 0, "bbox": [18.0, 134.0, 76.0, 74.0], "segmentation": {"size": [405, 720], "counts": "Vl6<W<4M2M3L4I7N3N1N3M2N2O000O2N1O4M5J3M2N2N2O0O2N101N1000001O000O2O000O101O0000000O101O0000001O00000000000000000000O10001N10000000001N1000001N2O1O1XNdET1_:eNhEY1k:N3L4K4L5L4K7G:FW^e7"}, "iscrowd": 0, "area": 4904.0, "category_name": "echinus", "score": 0.9258184432983398}, {"id": 2, "image_id": 0, "bbox": [585.0, 51.0, 48.0, 46.0], "segmentation": {"size": [405, 720], "counts": "fjW7:Y<5K7I4M3M2N2M3N1O2N2O0O2N101O001O0000O00100O1O1O1O100000000000000000001O00000O1O2M2M4N1O2N1O2L4J7K4M5Io[P1"}, "iscrowd": 0, "area": 1824.0, "category_name": "echinus", "score": 0.9030075073242188}, {"id": 3, "image_id": 0, "bbox": [437.0, 172.0, 31.0, 29.0], "segmentation": {"size": [405, 720], "counts": "gj[5;Y<2N1M4I6M4M3N1O100O100000O10000O10000O100O101N2N2N2N2O0O2M3N2N3K`lS3"}, "iscrowd": 0, "area": 850.0, "category_name": "echinus", "score": 0.8972908854484558}, {"id": 4, "image_id": 0, "bbox": [421.0, 218.0, 58.0, 45.0], "segmentation": {"size": [405, 720], "counts": "bnU52b<2M4HJkC9S<7L2O2O1O00001UDYOf;n0FSOeDP1W;9N100O0010O10000O100O10000O2O0O1O100000000O100O3N1O00OSO`Dg0`;ZO^Dg0a;700000000000000000ZOcD4];KiD0V;2jDLW;0_DI<5U;1REKQ;OUZP3"}, "iscrowd": 0, "area": 1826.0, "category_name": "starfish", "score": 0.760627031326294}, {"id": 5, "image_id": 0, "bbox": [525.0, 223.0, 53.0, 49.0], "segmentation": {"size": [405, 720], "counts": "[R_62a<4N2M5Lb0^O2N0001O1O001O1O1O001O001O001O000010O101N100O100O2O000O10O1O0O2N1M3L5N1O1O2N1O2O00001N101N100O2O0O2N^mg1"}, "iscrowd": 0, "area": 1198.0, "category_name": "starfish", "score": 0.8953214287757874}, {"id": 6, "image_id": 0, "bbox": [375.0, 269.0, 38.0, 30.0], "segmentation": {"size": [405, 720], "counts": "[Vd45[<6K5M3N2N100O101O0O101N100O100O10O010O1O1O100O2O000O101N1O2N2N2M3N3Kdgj3"}, "iscrowd": 0, "area": 765.0, "category_name": "scallop", "score": 0.9629122018814087}, {"id": 7, "image_id": 0, "bbox": [535.0, 289.0, 100.0, 73.0], "segmentation": {"size": [405, 720], "counts": "idh66^<2N2M2O2N3M2N2N2N2N2N3M2O1N2O001O1O00001O2N1O1O001O2N1O001O100O100O00100O1000O010O100O010O010O1O1O2N100O2N100O1O010O1O1O1O1O1O1N2O2O0O001O1O1O2N1O001O1O1O1N101N1O2CkC8^<J2O1NQRR1"}, "iscrowd": 0, "area": 2952.0, "category_name": "holothurian", "score": 0.9045674800872803}, {"id": 8, "image_id": 0, "bbox": [663.0, 279.0, 57.0, 50.0], "segmentation": {"size": [405, 720], "counts": "hlV81c<2O100N101O4L3SDFZ;;cDG\\;:bDH^;9`DGa;<[DDe;=YDDh;;XDEh;d01N100O2O1O01O01O01O10000O010O0000001O0001O1O010O01O00001O01O01O0000001O001O010O1O0aF"}, "iscrowd": 0, "area": 1269.0, "category_name": "holothurian", "score": 0.8226813077926636}, {"id": 9, "image_id": 0, "bbox": [462.0, 149.0, 45.0, 29.0], "segmentation": {"size": [405, 720], "counts": "eYe56^<3M3M2N2N2O1N101N2O0O10O010O10O10O100O10O02O000O10000O10000O2O001O1O001O1O001O1O1O1O1O001O1N2OX_d2"}, "iscrowd": 0, "area": 805.0, "category_name": "starfish", "score": 0.9042059779167175}, {"id": 10, "image_id": 0, "bbox": [381.0, 0.0, 0.0, 25.0], "segmentation": {"size": [405, 720], "counts": "`Yf4e0o;20ISDBPeU4"}, "iscrowd": 0, "area": 62.0, "category_name": "echinus", "score": 0.5193735361099243}]}