{"images": [{"id": 0, "file_name": "images/u003408.jpg", "width": 720, "height": 405}], "annotations": [{"id": 0, "image_id": 0, "bbox": [87.0, 191.0, 59.0, 65.0], "segmentation": {"size": [405, 720], "counts": "PQS15V<NnC7l;?EZO]Dl0_;UO`Dl0^;7EjNSEY1j:jNTEX1j:jNUEW1h:kNVEX1g:<O1001O1OO1M3N1101OO10O001O4L2N1O1O001O10O01O100O10000O2O0O1L4O011N1O1O101N1O1O1O1M4M3N1N2N2M3N2_OPD<Z<H4N101NRkP7"}, "iscrowd": 0, "area": 2697.0, "category_name": "echinus", "score": 0.7063846588134766}, {"id": 1, "image_id": 0, "bbox": [211.0, 160.0, 68.0, 55.0], "segmentation": {"size": [405, 720], "counts": "d^b28X<7I6D@`Da0^;B^Da0\\;?01O0O100O101N1N2O010000001OO100O11O0000000000001OO10O0110O01OO100000O1000O100O2O001O000O11O0O02O001JhDlNZ;S15N1O2N1O1O10000O1O1L5O1N3M2M3N1O1O2KfCM\\<OkX\\5"}, "iscrowd": 0, "area": 2870.0, "category_name": "echinus", "score": 0.7281529307365417}, {"id": 2, "image_id": 0, "bbox": [133.0, 42.0, 62.0, 65.0], "segmentation": {"size": [405, 720], "counts": "`Rc14\\<8J8J6I8I4JkNfDW1W;;H3M2N2N2N3N2N0010O0O2O010O01O001O0O0010O1O1O100O1N2001O01N100N3O10O0O0103L3N10OO1O10O1L5N1O10O1\\NTE^1m:aNTE^1R;0000dNoDT1P;kNSET1Z;L;]OUDBS<1T\\`6"}, "iscrowd": 0, "area": 3341.0, "category_name": "echinus", "score": 0.7658835649490356}, {"id": 3, "image_id": 0, "bbox": [190.0, 18.0, 50.0, 60.0], "segmentation": {"size": [405, 720], "counts": "chZ21o02c:0fD100K2_;9dD2Y;n0]ObN]E`1`:bN[Ee1`:^N^Ee1^:]NbEe1\\:[NdEg1Y:ZNgEg1X:;02N1OO100001O0000001OO100L41O1OO1O100O10001N2N1O1000001N2N2N2O1N:F3L4M2N2O3L4L5K4K5J9Hdcl5"}, "iscrowd": 0, "area": 3236.0, "category_name": "echinus", "score": 0.7502726316452026}, {"id": 4, "image_id": 0, "bbox": [207.0, 284.0, 61.0, 75.0], "segmentation": {"size": [405, 720], "counts": "ebb25_<3XDKi:9QENl:6mDOQ;7fDMY;g0010O01O01O01O01O0100O01000O00010O00001O00001N1O2O1O1N101M3O2M2O1O00O10101O:F3L3N1O1N2O0N3M3AaDF`;8cDE^;:`0M3N2N2MZXc5"}, "iscrowd": 0, "area": 2340.0, "category_name": "starfish", "score": 0.9195516109466553}, {"id": 5, "image_id": 0, "bbox": [423.0, 74.0, 44.0, 38.0], "segmentation": {"size": [405, 720], "counts": "eVV5<V<6K5J4N1O1O1O1O1O1O1O1N2N2000000O1000O0100O1000O10000O100000000O2O0O2O0O1O2N1M3KXD[Oj;c05O1M4M3K5N2OkbS3"}, "iscrowd": 0, "area": 1512.0, "category_name": "echinus", "score": 0.8083604574203491}]}