{"images": [{"id": 0, "file_name": "images/u003611.jpg", "width": 720, "height": 405}], "annotations": [{"id": 0, "image_id": 0, "bbox": [371.0, 88.0, 149.0, 134.0], "segmentation": {"size": [405, 720], "counts": "g]f41c<1O2N2XDMl:3RE0k:3SENf::XEGg::XEGg:d0nD]Oo:g0oDZOQ;f0oDZOP;g0oDZOQ;g0mDZOR;U1O1O2O001N4M1O1^E\\NP:h1iE^NT:S2N101N2O1O0O10OO2M3O100000000O101N100O2O001N1000000O20O001O00O100O1N2O1O1O1O100N2O001O0101O1N2O1O1O0O2O001O0O110O002N100O1O1O2N00000000O1N2N01O0110O00ZMbFV2^9iMdFV2\\9iMfFV2[9hMgFX2X9gMkFX2U9gMlFY2h910O01O0000000O10O010O0010OmMPFb1Q:]NQFa1P:]NSFa1m9_NUF_1m9^NUFa1l9^NVFa1k9\\NXF]1d:M3K6H:L3L2\\OVD7X<LRmb2"}, "iscrowd": 0, "area": 10292.0, "category_name": "echinus", "score": 0.9313467741012573}, {"id": 1, "image_id": 0, "bbox": [2.0, 329.0, 64.0, 68.0], "segmentation": {"size": [405, 720], "counts": "WT36_<2M2JHlC:Q<9K6K2M2O100O1N2N2N2O1N2O2N2O0N3N1O1O00100O100O0100O10O01O1N2N10000M4O00001O0O101N101O1N100O2L4J8L3K4M3N1O2N2N2M[nQ8"}, "iscrowd": 0, "area": 2150.0, "category_name": "echinus", "score": 0.914124071598053}, {"id": 2, "image_id": 0, "bbox": [398.0, 2.0, 74.0, 101.0], "segmentation": {"size": [405, 720], "counts": "Rmk45^<2O2M2M4M3N2N2M3M3O1N2N2K5K5O2M102N0O001M3K6M2O10O10O0L402N1O2O0_OnMTF13R2h9XNTFi1k9a0O10O01N2M3O00010000O100O1O1O10000O100O1N3L3M5L4L4L3N2M2UNZEf1n:L4Ka0_O4VO\\D=g;_O_D7UoU3"}, "iscrowd": 0, "area": 4157.0, "category_name": "holothurian", "score": 0.914009690284729}, {"id": 3, "image_id": 0, "bbox": [460.0, 262.0, 179.0, 114.0], "segmentation": {"size": [405, 720], "counts": "Uji59[<3K7K3M2N3N2M2N4L4M4K2O000O1iNiNQF6a0P1\\9^OaFb0_9A[Fb0e9_OWFd0e9^NYFf2f9\\MXFe2g95OXM[Fb2e9^M]F`2c9_M^Fa2a9aM^F^2c9bM\\F_2d9aM\\F_2d9`M]F`2b9aM_F^2b9aM^F_2b9`M_F`2b9_M^Fa2b9_M^Fa2b9_M^Fa2Y9^MhF2N`2l902N1O1O0010O01O10O000102M100O001O3M1N1O100O100O2N100O1O01N1N300O2O2M102NLfEmMZ:W2O2O0O000010000O01D;O110O000000M3O2O0001O010O1O01L3O011O0010O010O1O100000001OO100000100O3MCiE\\NW:c1kE\\NU:c1mE\\NT:c1lE]NT:b1TFWNl9i1TFWNl9i1`0000000000001O0002N1O010O00GYEdNg:[1]EbNc:]1^EcNb:]1_EcN`:]1aEbN_:^1bE`N_:_1<00000000O101O0O3L4L3N2O1N101O001O1N2O4L1DRDOn;1TDMl;2VDLk;4VDKj;5WDIk;6=Lnnn0"}, "iscrowd": 0, "area": 10599.0, "category_name": "holothurian", "score": 0.8996586799621582}, {"id": 4, "image_id": 0, "bbox": [58.0, 276.0, 36.0, 37.0], "segmentation": {"size": [405, 720], "counts": "mPh06\\<5M2M4L2N2N200O1N2N110O0L5O01O0O101O1N1O1O1N3M3M4M3L3O2N2Mhlh7"}, "iscrowd": 0, "area": 630.0, "category_name": "echinus", "score": 0.916352391242981}, {"id": 5, "image_id": 0, "bbox": [178.0, 77.0, 23.0, 38.0], "segmentation": {"size": [405, 720], "counts": "i_V23a<<C4K4N001O00O10000000O1O10O2N101O1O1O1M9Gjb]6"}, "iscrowd": 0, "area": 446.0, "category_name": "echinus", "score": 0.913275957107544}, {"id": 6, "image_id": 0, "bbox": [106.0, 181.0, 45.0, 91.0], "segmentation": {"size": [405, 720], "counts": "WVV12b<2O0O2O1N2F;M1aD]Ok:e0mDCo:b0lDAR;P1M22002N1N2O1O100O01N2N2OPEaNl:^1UEcNj:Y1SEgNS;Z1mDfNS;Y1nDhNP;Z1oDfNP;[1PEeNo:a10O0O1LQEcNo:]15I601000fDjNT;W150O10N110O0O2O1O010N2K5O1O1O1O5J:Ee^P7"}, "iscrowd": 0, "area": 2125.0, "category_name": "holothurian", "score": 0.826469898223877}]}