{"images": [{"id": 0, "file_name": "images/u003865.jpg", "width": 720, "height": 405}], "annotations": [{"id": 0, "image_id": 0, "bbox": [288.0, 14.0, 99.0, 112.0], "segmentation": {"size": [405, 720], "counts": "gSc39k0M_:7ZE1a:2[E1d:9PEJn:o001N3N1N3N1N3N2N2M2O3M6J2N2N2M2O2N1O3M4K3N1O1O1O1O00001O000010O00001O00001O00001N1000001OO1000O1000000O100O1O2O0O2N1O2N1[MXF\\2S:L2N3IeEPN]:o16N1O2O0O2M3M2M<D4nNeDf0];YOeDd0];[OeDb0^;\\OdDb0h;O2N2N2O0O2DlC4\\<N2Nn\\V4"}, "iscrowd": 0, "area": 6590.0, "category_name": "echinus", "score": 0.933546781539917}, {"id": 1, "image_id": 0, "bbox": [442.0, 11.0, 33.0, 55.0], "segmentation": {"size": [405, 720], "counts": "lW]55_<3N3L4`DF_:>ZEEe:W1O0000000000O101O000O2O001N2O1N101N2O3K5L3L4M4KTQT3"}, "iscrowd": 0, "area": 1004.0, "category_name": "echinus", "score": 0.8944723606109619}, {"id": 2, "image_id": 0, "bbox": [477.0, 108.0, 36.0, 49.0], "segmentation": {"size": [405, 720], "counts": "`Um55]<;D6L5K6K3N2M3N1O001O000000O101N100O1O2N1O1O1O2N1O1O2M2M;E^gc2"}, "iscrowd": 0, "area": 1004.0, "category_name": "echinus", "score": 0.9028794169425964}, {"id": 3, "image_id": 0, "bbox": [400.0, 355.0, 60.0, 50.0], "segmentation": {"size": [405, 720], "counts": "fim44\\<5L5G8M3N2N2O1O1O1O1O1O1O1O1O1O1O1O1O1O1O1O100O1O1O1000000001O000000001O00001O001O001O1O001O001O00001O00002POdDc0i;N2GRDFmiX3"}, "iscrowd": 0, "area": 2182.0, "category_name": "echinus", "score": 0.9479355812072754}, {"id": 4, "image_id": 0, "bbox": [406.0, 3.0, 43.0, 67.0], "segmentation": {"size": [405, 720], "counts": "lUP52c<1O0O101jCOf;a0RD\\O12OO10O001l:d1O5K004LM]ETNc:k14000000001O4L00000O11O00000O1M33M1O00000000[NaET1_:kNcET1^:kNcET1]:fN\\E0;S1FjNj:1cER1V;Lj0UO2OQZ\\3"}, "iscrowd": 0, "area": 2053.0, "category_name": "starfish", "score": 0.667752206325531}]}