{"images": [{"id": 0, "file_name": "images/u003727.jpg", "width": 720, "height": 405}], "annotations": [{"id": 0, "image_id": 0, "bbox": [396.0, 158.0, 83.0, 56.0], "segmentation": {"size": [405, 720], "counts": "ZgR52a<4mCN^;4]DIL1f;:WDK2Jg;c0ZD^Od;b0\\D_Od;a0[D@d;b0ZD_Oe;i0O1O1O1N3N1N2000001O1O0004M5LO1O01N10N100CUOPEj0R;VOkDk0W;72O1N2O1O1O010O0100000O01000001O0000O1N20000O001M3N2000001N1L7L2M2O1O2N1KhCK[<0]hn2"}, "iscrowd": 0, "area": 2108.0, "category_name": "holothurian", "score": 0.8495264053344727}]}