{"images": [{"id": 0, "file_name": "images/u003452.jpg", "width": 720, "height": 405}], "annotations": [{"id": 0, "image_id": 0, "bbox": [497.0, 357.0, 70.0, 31.0], "segmentation": {"size": [405, 720], "counts": "kgS69[<3M2N3N0O2N1O1O100O10001O0O10000O100KWO^Di0f;10O10010OO1O1N2N2000O100O01O100000O101N1O100O2N10000O101O002M3O0O0O101M10O3N10000002N1N2O3L2N3Mb<O_C100000O\\hk1"}, "iscrowd": 0, "area": 1553.0, "category_name": "holothurian", "score": 0.7427269220352173}, {"id": 1, "image_id": 0, "bbox": [152.0, 233.0, 179.0, 169.0], "segmentation": {"size": [405, 720], "counts": "TaQ24a<2M4M1O1O1O001O0fFGX69gIJW66hINU63iIOV61gI2X60dI3\\6MbI6]6JbI7^6IaI9^6H`I9`6G^I;b6E]I<c6E[I<e6DYI>g6BXI?g6CWI>i6BVI?j6BTI?l6ARIa0n6@oHb0Q7^OnHc0R7]OlHe0T7[OjHg0V7YOiHh0W7XOhHi0X7WOfHk0Y7WOdHk0\\7UOcHl0]7TOaHn0_7SO_Hn0a7RO_Hn0a7RO^Ho0b7RO\\Ho0d7QO[HP1e7QOYHP1g7POWHR1i7nNVHS1j7nNTHS1l7mNRHU1n7kNQHV1o7kNoGV1Q8jNmGY1R8hNlGY1T8gNkGZ1U8fNiG\\1W8eNfG^1Y8bNfG^1[8cNbG_1^8aNaG`1_8`N`Ga1`8_N_Gb1a8^N^Gc1b8^N\\Gc1d8]N[Gd1f8U100000000000000000001O00000001O00O100N2N2N2N2M3O1N2N2O1N2O1N2O1N2O1O1N2O1O1O1O1O1O1O100N200O1002N1O2N3M7H9H5L5J5J7J1O001O000000000000000000001O0000000XMQGj1o8VNRGi1n8WNUGg1k8XNXGe1h8[NZGc1f8\\N_G`1a8aN_G^1b8aN[Gb1e8W1001XMmFl1S9SNoFl1Q9RNQGn1o8RNRGm1o8QNRGo1n8QNSGn1m8QNTGn1m8RNSGn1n8PNTGo1l8PNVGo1k8PNUGP2l8nMVGQ2j8oMWGP2k8kMZGS2f9N1O2M3N2M3N2M3M3K5A`0G:J5K8FUne4"}, "iscrowd": 0, "area": 17259.0, "category_name": "starfish", "score": 0.8935670852661133}]}