{"images": [{"id": 0, "file_name": "images/u003425.jpg", "width": 720, "height": 405}], "annotations": [{"id": 0, "image_id": 0, "bbox": [2.0, 194.0, 62.0, 78.0], "segmentation": {"size": [405, 720], "counts": "V6S2a:1O2N3N2N0O10O1000000000000001O000000O10000O10000O100O10000O100O101O2M101N1O100O1O10O010000O2O0O2OO10O1O001]NVEZ1k:dNWE\\1Q;O1O001N2O1O3M2M6K3K4^OZDKi]R8"}, "iscrowd": 0, "area": 4219.0, "category_name": "echinus", "score": 0.9320089817047119}, {"id": 1, "image_id": 0, "bbox": [103.0, 222.0, 72.0, 64.0], "segmentation": {"size": [405, 720], "counts": "U]W14^<4M4jCGj;d0L4F;K5M1N3M3M2O2M3N1O1O01O0O100010O100O101N10000000000010O01O001O00000000O10000000000000O11O2M2O0O10000O101O1N2O1N2N2N1N3N1O2M2O2M4M3M2M3M4L4Lhfg6"}, "iscrowd": 0, "area": 3786.0, "category_name": "echinus", "score": 0.9366123676300049}, {"id": 2, "image_id": 0, "bbox": [238.0, 171.0, 69.0, 63.0], "segmentation": {"size": [405, 720], "counts": "Pgn2?Q<9H5M3N2N2N1O2N1O1O2M4N1N2O0O101O1O1N2O1N1O101N100O010001O0001O000O1000O10000O100O100O1O2O0O2N101N2M3N2N2N1O2N3M2M2O1N3N1N3N2M4M3LanS5"}, "iscrowd": 0, "area": 3123.0, "category_name": "echinus", "score": 0.9471088647842407}, {"id": 3, "image_id": 0, "bbox": [378.0, 301.0, 72.0, 75.0], "segmentation": {"size": [405, 720], "counts": "n^c44^<5I8J8J2M4K7J2N3M101N1O2N2O1O1O1O2N2M4ZEVN\\:R2O0O2O0O1000010O10002M4M1N100O1000O101O1O0O2O0001O0O1O1O1002M4L2O0O2N101O1O00O010N110O000001N1PNdEh1g:L3L4M2fNlDQ1V;lNnDR1S;lNPER1Z;N3N1N2O1N2^OYDJT<0aYY3"}, "iscrowd": 0, "area": 4789.0, "category_name": "echinus", "score": 0.9505369663238525}, {"id": 4, "image_id": 0, "bbox": [137.0, 314.0, 96.0, 91.0], "segmentation": {"size": [405, 720], "counts": "jTf1;T<<B:L4M2N4L4K5J4N1N3N1N2O1N2O2N1O1O1N2O1O1O1N2O1O1O1O100O1O100O100000000O1000000000000O1000000O10000O1O100O10000O1000000O10000001O001O001O000000000O2O0000001N2M5I5M2N2M3O2N3QN]Eg1k:M1O2N2N2N2N1O2N3M3L4XO`D5V<I2N6JnXn5"}, "iscrowd": 0, "area": 7350.0, "category_name": "echinus", "score": 0.9576408863067627}, {"id": 5, "image_id": 0, "bbox": [53.0, 78.0, 95.0, 80.0], "segmentation": {"size": [405, 720], "counts": "WXd031O41b02^ONl:b0XE^OK?i:W1N4MZNYE^1h:_NZEb1m:1N1M3L4M3N2N2N1O100001PNfEOM\\1]:dNiENJ^1\\:fNiEa1V:_NjEa1V:_NjEc1T:]NlEe1R:[NkEj1S:VNmEk1R:UNnEk1S:TNmEl1T:SNjEP2X:mMhES2X:mMhES2X:lMkER2V:mMkEP2V:QNiEQ2V:oMiET2U:mMiET2W:6O000O2N2N1O10O01O1O2N01000O100O100000O10O11O0O2O1O0O10001N100000002M3N0O01O10O11O00O10O01O1O101CfE\\N[:d1<WNYEa1i:]NYE^1R;N7INiNhDS1[;oNdDP1b;M2N4^OZDOi;N^DKe;3b0JVTR7"}, "iscrowd": 0, "area": 6785.0, "category_name": "starfish", "score": 0.7874170541763306}, {"id": 6, "image_id": 0, "bbox": [165.0, 76.0, 82.0, 73.0], "segmentation": {"size": [405, 720], "counts": "Ujo13`<3N1N2O1N2N2N2N2N2N2N2M3N2N2N1O1O2M210N1O001O10N2O10O11N10010OO10O100M3O0001KPOeDP1\\;SObDj0a;UO`Dj0`;WOaDg0`;YO_Dg04VOW;P1hDSOU;n0kDROU;l0nDQOT;f0a0O201N1O10O1^E_OP9a0oFAP9`0PG^OP9=dEE\\1LT9:i1IfC0\\<MgC0[<041E0QD0o;OVgS6"}, "iscrowd": 0, "area": 1630.0, "category_name": "starfish", "score": 0.7420655488967896}, {"id": 7, "image_id": 0, "bbox": [440.0, 224.0, 80.0, 73.0], "segmentation": {"size": [405, 720], "counts": "Pf^53_<3K6M2N2HCWD>];CdDk0m:TOTEW1U;04hNdDo0a;1J7@lNYEW1[:UOaEo0^:c0O2O100000000KkMjEU2V:kMkET2[:00010O0000O10000010O1N101O0QFjM_9V2`FkM_9U2bFlM^9S2bFmM^9R2cFnM]9R2dFlM]9T2cFlMU90aFU2o9mMPFS21kMg92XFS2P:lMPFU2o9kMRFU2W:001eEiMW:V25N1000O1O10N3K4N3N2N1N3\\NSE\\1V;M1O00001N3N2N1O2N1N3[O\\D5h;F\\DLL9i;F_D0J8S<41O2M6Kj^^2"}, "iscrowd": 0, "area": 4300.0, "category_name": "starfish", "score": 0.7237954139709473}, {"id": 8, "image_id": 0, "bbox": [312.0, 179.0, 103.0, 106.0], "segmentation": {"size": [405, 720], "counts": "kjj32b<5K2O1ONP\\2MfWMNZ<8O2N1O1O1bDDa:=[EGe:LiD7?Oh:IjD9;0k:FkD;62n:8iDNW;i0O001N101O000O2O0O101N2M3N3L2O1O1O1O10O010O1N2O1N2O1O2M2O1O2N1O2N1N3N1O1N2O1O1O2N1N2O2O0O2N2N1O2O0O2O00001N1000jN[O]Fc0b9@]F`0a9B_F=b9C_F<`9E`F;_9EcF9^9GbF9]9HdF7[9IfF7Y9FkF:U9EmF:f:0101O00000O10001N1O2NQ\\j3"}, "iscrowd": 0, "area": 3252.0, "category_name": "starfish", "score": 0.8857325315475464}, {"id": 9, "image_id": 0, "bbox": [40.0, 277.0, 82.0, 78.0], "segmentation": {"size": [405, 720], "counts": "of?364k;b0ZD_Oi:IoDi00YO17k:h0SESO15k:j0SEQO25k:]1O_OUE[Oi:f0XEYOg:[1O1N2O2O2M1O1O0010O10000O10000000000O1O10O02O000O101N1O10O01O11O1O0YEUNc:P2O1O01;D1O00O10000O1O2N101M3M4J6K4M3L4M2M3O2M2N3N2M5L2N2N3M100O1N3N1O2JlCHU<85NT]]7"}, "iscrowd": 0, "area": 4378.0, "category_name": "starfish", "score": 0.7228105068206787}, {"id": 10, "image_id": 0, "bbox": [556.0, 344.0, 45.0, 45.0], "segmentation": {"size": [405, 720], "counts": "X_k64]<5I7M2N2O2N1O2M3N1N2O1O1O2N101N101O0000000000O10000000001O0000001O0O2N3M2N2M4M2N4L4J_Y`1"}, "iscrowd": 0, "area": 1301.0, "category_name": "scallop", "score": 0.9254378080368042}, {"id": 11, "image_id": 0, "bbox": [481.0, 254.0, 69.0, 89.0], "segmentation": {"size": [405, 720], "counts": "jgo59X<5L4L4M2L5M3M2N3M2N2N2N2M3M2K5O1O100O1O1000001N101O00001O000000001O0O100000000010000000O100O1M3G9M3N2N3L3N3L3O2N1_O_DKd;1c0M2N3MVbT2"}, "iscrowd": 0, "area": 2966.0, "category_name": "holothurian", "score": 0.9406380653381348}, {"id": 12, "image_id": 0, "bbox": [1.0, 46.0, 42.0, 51.0], "segmentation": {"size": [405, 720], "counts": "_1d1Q;10O001O00001O001O0O2O00001O001O1O001N101O0O2N1N3M2O2M3N1N3N2N4L2M4L4Lg^^8"}, "iscrowd": 0, "area": 1401.0, "category_name": "echinus", "score": 0.9080519676208496}, {"id": 13, "image_id": 0, "bbox": [15.0, 30.0, 32.0, 31.0], "segmentation": {"size": [405, 720], "counts": "oo33`<3M4K4M2L5N101N1O2N101O100O0O2O0O2O001O0O2O100O10OO2O1O03K4M2N1N3CZDGh;:WDGi;c0O01]OUD22Jl;OXD2WgY8"}, "iscrowd": 0, "area": 1053.0, "category_name": "starfish", "score": 0.7374271154403687}]}