{"images": [{"id": 0, "file_name": "images/u003617.jpg", "width": 720, "height": 405}], "annotations": [{"id": 0, "image_id": 0, "bbox": [209.0, 226.0, 61.0, 79.0], "segmentation": {"size": [405, 720], "counts": "eYc26\\<6L;D5K7I6J3M4M2M3M3N3M3N1N101O1O1O1N2N100O11O0000000000O1001O00001O1N101O001O001N2M3M3L3M3M3O2M2O2Ma0_O4J7I7Jbfc5"}, "iscrowd": 0, "area": 3013.0, "category_name": "echinus", "score": 0.9083357453346252}, {"id": 1, "image_id": 0, "bbox": [300.0, 311.0, 73.0, 46.0], "segmentation": {"size": [405, 720], "counts": "f[i33^<6L4J4N2N2O1O1N101O001O100O1O1O100O100O10O1O001M3O010000O100000000O10000000000O1000O100O2O000O2O0O2N1O1O2N1O2O0O2O1N3M4J`Y[4"}, "iscrowd": 0, "area": 1473.0, "category_name": "holothurian", "score": 0.8934374451637268}, {"id": 2, "image_id": 0, "bbox": [523.0, 132.0, 43.0, 42.0], "segmentation": {"size": [405, 720], "counts": "jb^66^<3N1O1O001O2N3M1OO0105K1OFVDJj;OUDJ3<e;I^D8a;H_D8a;G`D:a;C`D=l;10O0101O1OO2N01O01O010O000000001O00001N2O3L2O1N2Mmgl1"}, "iscrowd": 0, "area": 645.0, "category_name": "holothurian", "score": 0.8629899024963379}, {"id": 3, "image_id": 0, "bbox": [427.0, 270.0, 62.0, 43.0], "segmentation": {"size": [405, 720], "counts": "P[Z52b01[;2bD0];1`D1`;0^D1a;2\\DNe;a000000O1000O0100000000O100000O100000001O2N1O1N2O2N1N2O0O1O1O01N3M3K6L5K4L3N1O2N101O001O001N10001O00001O001OaRk2"}, "iscrowd": 0, "area": 1186.0, "category_name": "starfish", "score": 0.9456676244735718}]}