{"images": [{"id": 0, "file_name": "images/u004422.jpg", "width": 720, "height": 405}], "annotations": [{"id": 0, "image_id": 0, "bbox": [260.0, 217.0, 43.0, 44.0], "segmentation": {"size": [405, 720], "counts": "PRW32_<6iCNe;c0N2N2N1O101N100O1N2O1O100O1O10000O11O000O2O00001O0O2O001O0O2O1O0O3L3M4@TDLM0T<0_YV5"}, "iscrowd": 0, "area": 1240.0, "category_name": "echinus", "score": 0.9304161071777344}, {"id": 1, "image_id": 0, "bbox": [492.0, 77.0, 40.0, 32.0], "segmentation": {"size": [405, 720], "counts": "bRS67[<4M2O2M1O2O1O010O1O1O010O10O01O100O100000O1000000O100O2N1O2N101N1O2N2N2LUR[2"}, "iscrowd": 0, "area": 681.0, "category_name": "echinus", "score": 0.9040810465812683}, {"id": 2, "image_id": 0, "bbox": [496.0, 125.0, 36.0, 39.0], "segmentation": {"size": [405, 720], "counts": "alU6<W<4M2N2M2O1O1O1O001O1O1O10001O00001O0100N2O1N1O2O1N1N3N2M3IdP[2"}, "iscrowd": 0, "area": 722.0, "category_name": "echinus", "score": 0.9274909496307373}, {"id": 3, "image_id": 0, "bbox": [508.0, 312.0, 52.0, 90.0], "segmentation": {"size": [405, 720], "counts": "nQX63a<=B6L4K4L5L2M3M3M1O2N101M2N3M201N2O2N2M2O2L3N2N2N101O3M3N1O00O2N1OO1N3N11O1O1_ORFYNP:f1nEYNV:e1jEZNX:e1hE[NOJU:j0jE\\O18?Bl9b0SFH2HP:8SFH11m90PG3i:10O1O001O0O2OVYo1"}, "iscrowd": 0, "area": 2722.0, "category_name": "holothurian", "score": 0.8800530433654785}, {"id": 4, "image_id": 0, "bbox": [509.0, 267.0, 68.0, 31.0], "segmentation": {"size": [405, 720], "counts": "ibY65_<2N2N1O2O0O101O0O10001O0O1000000O100000000000000O2O000000000000000O101O00000001O0001O000001O01O0001O0O101O001O0O2O0O2O1N2N2N3Lgki1"}, "iscrowd": 0, "area": 1111.0, "category_name": "holothurian", "score": 0.9435992240905762}, {"id": 5, "image_id": 0, "bbox": [569.0, 314.0, 66.0, 90.0], "segmentation": {"size": [405, 720], "counts": "PWl61b<5J4N101O1N2O0010O01O0010O0100O10O02N11O02N0O2N101N101N1O1O2O0aDTOS;m0jDXOT;W1M2N2O0O5L2M4M2N1N5MO2M4L2N1O2N3M1lNSE>o:[OoDI2l0P;YOPEI10Nj0c;VO]Dj0g;000GUOdD1Nj0];VOdDo0\\;51lNaDP1c;QO_Dh0a;XOdDc0h;O1O001O1N3N1O1O3L8HmoS1"}, "iscrowd": 0, "area": 2203.0, "category_name": "holothurian", "score": 0.8720849752426147}, {"id": 6, "image_id": 0, "bbox": [86.0, 218.0, 62.0, 50.0], "segmentation": {"size": [405, 720], "counts": "[XP15Y<NhC7T<8M5J5M4K3M2eDmNR;V1jDkNV;Y11001N100001O01O001O0000000000000001O001O01N1O1O02O1N2O001O0O2O0000O01N3NcDlN[;T1eDmN[;R1eDnN\\;Q1dDnN];R140O1O00O2O000O2ZO]D8Q<N2O001O2M2HhCOQbS7"}, "iscrowd": 0, "area": 2403.0, "category_name": "starfish", "score": 0.7006994485855103}, {"id": 7, "image_id": 0, "bbox": [85.0, 124.0, 52.0, 36.0], "segmentation": {"size": [405, 720], "counts": "caR11a<5J:E5O2N100O1O1M3N20000O100O2O0O100010O1O1O10O0O1O1001O1O0O10000O2O0O10O1001O1N2O5J4L6Ib]X7"}, "iscrowd": 0, "area": 1267.0, "category_name": "starfish", "score": 0.7523298263549805}, {"id": 8, "image_id": 0, "bbox": [317.0, 321.0, 59.0, 45.0], "segmentation": {"size": [405, 720], "counts": "aZk36_<2M101N10001O0O1O1N3N2J8L3N12M1ON4M2N2O4L3M1N1O2N1000000000O100001O01O0000002N1N10001O00000000O100O1000O101N1N3N2H`DYOk;M]D2I1k;L]D2H2X<5000000001N1O2Nk`V4"}, "iscrowd": 0, "area": 2115.0, "category_name": "starfish", "score": 0.7183215022087097}, {"id": 9, "image_id": 0, "bbox": [439.0, 321.0, 55.0, 44.0], "segmentation": {"size": [405, 720], "counts": "en]52b<2O1N2O1N101O1N1O2N2N2N3M2M3N2O1N2N2O2N01O000000O01O1000001N2O1O2N1O1O1O0000IZO`Df0_;ZOaDf0g;0001O002N1O1O6J4K4Mocj2"}, "iscrowd": 0, "area": 1151.0, "category_name": "starfish", "score": 0.8925845623016357}, {"id": 10, "image_id": 0, "bbox": [661.0, 209.0, 52.0, 32.0], "segmentation": {"size": [405, 720], "counts": "_kT84^<4N1O2N100O101O0lCCP<>nCDP<c0N2N1O000000O2L31O1J[OZDe0f;\\OXDf0g;ZOYDg0f;YOZDg0f;YOZDg0f;YOZDg0f;YOZDg0f;400O1000000000000O10000O1000O1O0100O11O0N3M1010001N1O1O2O10OL5@QD5hn0"}, "iscrowd": 0, "area": 1412.0, "category_name": "starfish", "score": 0.8226110339164734}, {"id": 11, "image_id": 0, "bbox": [117.0, 377.0, 57.0, 26.0], "segmentation": {"size": [405, 720], "counts": "WR]183NP<=O0O100O1N2O1O1O11O0000O1O10000O10000001O001O00O1001O001O000000001OO10000001O000000001O0000N200001O001O0000001O000000001O0DRD1]<L1O00000O101Nnoc6"}, "iscrowd": 0, "area": 1551.0, "category_name": "starfish", "score": 0.8019082546234131}]}