{"images": [{"id": 0, "file_name": "images/u004141.jpg", "width": 720, "height": 405}], "annotations": [{"id": 0, "image_id": 0, "bbox": [15.0, 322.0, 54.0, 59.0], "segmentation": {"size": [405, 720], "counts": "Xm3:X<5L3L3G:I7L3N3O0O1O100O101N100O10000O100O100000000O10000000001O0O100000000O100001O000O1O2N100O100O1O1O2N1O1N3N2M3N1O2O0M4L3N4Aabo7"}, "iscrowd": 0, "area": 2882.0, "category_name": "echinus", "score": 0.9034528136253357}, {"id": 1, "image_id": 0, "bbox": [497.0, 227.0, 50.0, 54.0], "segmentation": {"size": [405, 720], "counts": "o]R62c<0M3M9I2H8M4M2O1N2O2N1O1N101N2O10O02OO00010O001O00001O100O001O001O2O1N0010O0001O1O010O100O1O1O001O1O1O1O1N2O2K5N1N2N2MibR2"}, "iscrowd": 0, "area": 1844.0, "category_name": "echinus", "score": 0.7377142906188965}]}