{"images": [{"id": 0, "file_name": "images/u004138.jpg", "width": 720, "height": 405}], "annotations": [{"id": 0, "image_id": 0, "bbox": [329.0, 71.0, 85.0, 84.0], "segmentation": {"size": [405, 720], "counts": "UXP42c<1N1O2M2O1O2N100O2M2O2N3M2N3N1N2O1N3N1M4L3N3M2N2N3M2N2N2N2N2N1O2O0O1O2N1O2N100O10O10O010N2O10O01001O000000O11O001OO101O01O0O1N2O1O2N1O1O100O101N100O2N1O2N1O2O1N2O2M3N3L3K5E_D]Od;?<@oC4efi3"}, "iscrowd": 0, "area": 4554.0, "category_name": "echinus", "score": 0.9198179244995117}, {"id": 1, "image_id": 0, "bbox": [415.0, 172.0, 67.0, 42.0], "segmentation": {"size": [405, 720], "counts": "YaS52a<4I6L4M2O2N1O100O1O1N10100O100O001O0O2N101001N2O010O01O100O0001O000O2O1O0010O0100O1O001M3JfQW3"}, "iscrowd": 0, "area": 1163.0, "category_name": "holothurian", "score": 0.887092113494873}, {"id": 2, "image_id": 0, "bbox": [133.0, 2.0, 79.0, 47.0], "segmentation": {"size": [405, 720], "counts": "mPe14n;MaD7^;I`D:_;F`D;`;F^D;c;F[D:o;1JEQD<d;BdD2H;`;GjDLG>];GPE9P;FPE;e;0O10000\\O@REa0a;0O100O1_O_OmDa0T;@jDa0d;1O1O1D]OeDd0[;]OaDf0_;80000000001O00001O00001O001O1O1O001O00001O001OO100O100^OmD@U;>nD_OT;?oD^OS;b0`0O100O10000000000O100O100000003M3N0O0N4M4LgSX6"}, "iscrowd": 0, "area": 2046.0, "category_name": "starfish", "score": 0.850919246673584}, {"id": 3, "image_id": 0, "bbox": [336.0, 349.0, 91.0, 56.0], "segmentation": {"size": [405, 720], "counts": "TXW41a<5M2O1N2N1O100O2O0O1O100O100O1O1O1O2N1O1N2N3M2M3]OnNXE]1e:<N1O1000000001O1O1O2N1O1O1O2N1O1O001O001O1O001O001O0000000000O10000O10000O10000O10O0100O1000ZOQEFn:8YEAj:=i0N1N2N3M2N3L_`e3"}, "iscrowd": 0, "area": 2938.0, "category_name": "starfish", "score": 0.9478867053985596}, {"id": 4, "image_id": 0, "bbox": [420.0, 245.0, 45.0, 38.0], "segmentation": {"size": [405, 720], "counts": "inW52Y<:JEQD<o;DQD114n;KYD4f;NXD3a;d0N102N4L1O1O0101O3M0000000001O000OO2O100001OO10001N3N2N1O001N100O1O3_OmC6foT3"}, "iscrowd": 0, "area": 1048.0, "category_name": "starfish", "score": 0.7563884258270264}, {"id": 5, "image_id": 0, "bbox": [374.0, 261.0, 48.0, 45.0], "segmentation": {"size": [405, 720], "counts": "Qbf44`<2cCMV<;M5D<I4N2O100KkNhDV1U;lNjDU1U;60O10000eNiDW1[;00O2N2O1N1000M21mNaDP1c;O000000001O1N101O0D[DGf;7_DDd;;<M3MUif3"}, "iscrowd": 0, "area": 1228.0, "category_name": "starfish", "score": 0.8705606460571289}, {"id": 6, "image_id": 0, "bbox": [483.0, 181.0, 62.0, 55.0], "segmentation": {"size": [405, 720], "counts": "mco53a<4M2M4L4M1N5L00O1001YD[O[;g0cD[O[;i0bDXO];P1O100O2O1O00O1N11O1N2L4N2O101OMnDdNR;[1oDdNR;[15O1O1O1O1O1O00101N010O00000001O00000001O00001\\OiDFY;4PEIP;6h00001IgCN[VV2"}, "iscrowd": 0, "area": 1939.0, "category_name": "starfish", "score": 0.7470986843109131}]}