{"images": [{"id": 0, "file_name": "images/u004456.jpg", "width": 720, "height": 405}], "annotations": [{"id": 0, "image_id": 0, "bbox": [249.0, 342.0, 49.0, 51.0], "segmentation": {"size": [405, 720], "counts": "njR33_<5L4M3L2O2N2M3N2N2N2N2N101N2O1O2N1O1O00O1N2O1O1000001N1O1N3N1O2O0O101N2M3M4L4LdSZ5"}, "iscrowd": 0, "area": 1116.0, "category_name": "echinus", "score": 0.9402111768722534}, {"id": 1, "image_id": 0, "bbox": [172.0, 226.0, 32.0, 35.0], "segmentation": {"size": [405, 720], "counts": "PeT23_<7K4L2N3N1N2O001O001O00000000010OO101O0O101N101N1O2N2N2M3N2N3M]^[6"}, "iscrowd": 0, "area": 570.0, "category_name": "echinus", "score": 0.9313715696334839}, {"id": 2, "image_id": 0, "bbox": [131.0, 361.0, 44.0, 37.0], "segmentation": {"size": [405, 720], "counts": "Zic1133k;O]D7a;K^D5a;MWD:g;;N2N20000000000O2O00001O2M3N001O00000010N10001O00000O2O0O101O0O1O2N100O2O0O101N1N2N3Nm\\f6"}, "iscrowd": 0, "area": 1522.0, "category_name": "starfish", "score": 0.8318536281585693}, {"id": 3, "image_id": 0, "bbox": [38.0, 362.0, 36.0, 39.0], "segmentation": {"size": [405, 720], "counts": "Tj=;Y<5K1N3N2M5TDYOc;n0O0O10000000000O100000000O100000000O1M3O100O1O11O0000O100001BiDUON2[;g0=L6M3J401O00kam7"}, "iscrowd": 0, "area": 1440.0, "category_name": "starfish", "score": 0.8262280225753784}, {"id": 4, "image_id": 0, "bbox": [356.0, 360.0, 54.0, 43.0], "segmentation": {"size": [405, 720], "counts": "i[\\44`<2N2O2N1N2N4M2M2N2O1O1O1O001O1O001O2O0O2N2N3N1N2N01O10O01O7I1O1O001O00001O001O001O001O001N2O001O2N2N:F2N1NYPk3"}, "iscrowd": 0, "area": 1354.0, "category_name": "starfish", "score": 0.9274331331253052}]}