{"images": [{"id": 0, "file_name": "images/u004062.jpg", "width": 720, "height": 405}], "annotations": [{"id": 0, "image_id": 0, "bbox": [27.0, 110.0, 85.0, 76.0], "segmentation": {"size": [405, 720], "counts": "gh>4_<9G4M2N2N2N2M2N3N1O2N101N2N2N2O0O2N1O2O001O00001O0O2N2O0O110O00001O000000000001O0O2O1O00000O101O2M10000O1O1O6K1N4L2O1N2N3L5L2L6K5J[lc7"}, "iscrowd": 0, "area": 2599.0, "category_name": "echinus", "score": 0.9260314106941223}, {"id": 1, "image_id": 0, "bbox": [86.0, 82.0, 53.0, 46.0], "segmentation": {"size": [405, 720], "counts": "oXU11b<4H9J5N1M3N2N2N2O001O00001O1O001O0100O00001O1O1O00001O0O2O1N2O1N2O1O1N2N2M4MnQX7"}, "iscrowd": 0, "area": 961.0, "category_name": "echinus", "score": 0.9370097517967224}, {"id": 2, "image_id": 0, "bbox": [167.0, 197.0, 54.0, 52.0], "segmentation": {"size": [405, 720], "counts": "YWT25`<4K5K4M3L3N2N3M2N1O2O0O1O1O1O1O1O1O2M2O010O0001N101O1O1O1O1N101O1N2O1N2O000O1O1O1O2N2M4I^gV6"}, "iscrowd": 0, "area": 1428.0, "category_name": "echinus", "score": 0.9345896244049072}, {"id": 3, "image_id": 0, "bbox": [267.0, 128.0, 44.0, 55.0], "segmentation": {"size": [405, 720], "counts": "imZ3>V<5K4K3M3N2N2O0O2J5O1O1O1O10O0100N2O10O011O0O2N3M2O2L3N2N2N3L3N2M3M4KQPT5"}, "iscrowd": 0, "area": 1208.0, "category_name": "echinus", "score": 0.9310422539710999}, {"id": 4, "image_id": 0, "bbox": [82.0, 194.0, 84.0, 71.0], "segmentation": {"size": [405, 720], "counts": "`iU19S<IQD=g;?F8M2N2O1O1O00001N1O100000000O101N100O2O1N2O001O01OO100O010O1000O2O1N10001N100O10001N2O1N101N2O1N3N1N2O1N2N2N2N2N2N2N1O100O2@QD6Y<M3N3M[Rl6"}, "iscrowd": 0, "area": 2806.0, "category_name": "echinus", "score": 0.921231746673584}, {"id": 5, "image_id": 0, "bbox": [2.0, 251.0, 104.0, 88.0], "segmentation": {"size": [405, 720], "counts": "_X22b<5K3DKRD7NHj;f0M4M3O0O2N2O1N2cDkNV;[1N2O1O1O002O3L2OO01O1O100O1O2O0O101N10000000000O1O01001N1000O10O100000O100000001O00000O10002N2N1O1O00001N3N1O0O2O0O2O0O3M2N2O2M3N1N2O1N1O2L9I2L5K9Fh_h7"}, "iscrowd": 0, "area": 4388.0, "category_name": "echinus", "score": 0.9298638701438904}, {"id": 6, "image_id": 0, "bbox": [1.0, 28.0, 40.0, 37.0], "segmentation": {"size": [405, 720], "counts": "n0Q1d;01O010O0010O0001O1N10001O0O101O001O1N3N2M2O1N2M4M4JYQb8"}, "iscrowd": 0, "area": 686.0, "category_name": "echinus", "score": 0.9373111724853516}, {"id": 7, "image_id": 0, "bbox": [1.0, 1.0, 58.0, 25.0], "segmentation": {"size": [405, 720], "counts": "07^<001O001O001O1O1O1O001O1O1O1O001O001O1O001O000000000000000000O100001O00O1000000000000O10000O102M2N3MmbX8"}, "iscrowd": 0, "area": 864.0, "category_name": "echinus", "score": 0.9461164474487305}, {"id": 8, "image_id": 0, "bbox": [116.0, 1.0, 39.0, 24.0], "segmentation": {"size": [405, 720], "counts": "SR_18]<3M2N2N1O1O1O1O001O001O00O10000O100O100O100O100O100O1O1O3LgjQ7"}, "iscrowd": 0, "area": 495.0, "category_name": "echinus", "score": 0.941608190536499}, {"id": 9, "image_id": 0, "bbox": [268.0, 2.0, 44.0, 35.0], "segmentation": {"size": [405, 720], "counts": "TV[35Y<9L4N1O3M1O2N1O1O2N1O1O1O00001O0000O100O1000000O100O1O100O1O1N2N2M3M3N4K4N3LoTR5"}, "iscrowd": 0, "area": 964.0, "category_name": "echinus", "score": 0.9208983778953552}, {"id": 10, "image_id": 0, "bbox": [303.0, 24.0, 45.0, 46.0], "segmentation": {"size": [405, 720], "counts": "UXj35^<5L2N2N3M2M3N2N2N2O1N2N1O1000000O1000O1000001N2N2N1O2M3M4M3L5Dgke4"}, "iscrowd": 0, "area": 788.0, "category_name": "echinus", "score": 0.9143118858337402}, {"id": 11, "image_id": 0, "bbox": [348.0, 49.0, 28.0, 30.0], "segmentation": {"size": [405, 720], "counts": "h_Z44_<4K4L4N1O2N2O1N100O100000O100O2N1O2N2N2N4IdbY4"}, "iscrowd": 0, "area": 395.0, "category_name": "echinus", "score": 0.9173314571380615}, {"id": 12, "image_id": 0, "bbox": [447.0, 170.0, 66.0, 44.0], "segmentation": {"size": [405, 720], "counts": "`U`51d<2N2M2O1O1O1O001O2N002N001O00000000001O001O001O0001O01O0010O01O1O001O100O02N10O0100O0100O100O0010O101N2N1O1O0FPDOQ<ORDO[<NPde2"}, "iscrowd": 0, "area": 960.0, "category_name": "holothurian", "score": 0.9126086235046387}, {"id": 13, "image_id": 0, "bbox": [617.0, 119.0, 55.0, 48.0], "segmentation": {"size": [405, 720], "counts": "bad77[<5L3N4M2M101O1O1O2N1O1O1O0O2O001O100O1O1O0000000001O011N2O000O1O01O00000001O4L3N0O011N2N2M2O2M2O1O3L5JPdc0"}, "iscrowd": 0, "area": 1382.0, "category_name": "holothurian", "score": 0.8654739856719971}, {"id": 14, "image_id": 0, "bbox": [185.0, 252.0, 42.0, 52.0], "segmentation": {"size": [405, 720], "counts": "f^Y25Z<6N2N2N1N3O00001O0O1@]OnDe0o:_OnDb0R;AiDa0X;>O2OO010M3O10O10K5N2O10MSO^Dm0b;30O0O2O2M2O3ZOVD;S<N3N1GiC2^<01OWmS6"}, "iscrowd": 0, "area": 997.0, "category_name": "holothurian", "score": 0.7407823801040649}, {"id": 15, "image_id": 0, "bbox": [209.0, 191.0, 36.0, 30.0], "segmentation": {"size": [405, 720], "counts": "Rec24`<2M3M2O2L6K4M1O0001O0010O0100O01O0001O1O1O00100O10001N10000O10000N2L4Kblj5"}, "iscrowd": 0, "area": 651.0, "category_name": "holothurian", "score": 0.8638770580291748}, {"id": 16, "image_id": 0, "bbox": [242.0, 169.0, 40.0, 55.0], "segmentation": {"size": [405, 720], "counts": "b_Q3b0o;9J4K3M3N1N2O1O1O000O10010OO1O2O0O2O0O1J7K4N20010O1L5M3L4M3K4O2O1NZk]5"}, "iscrowd": 0, "area": 985.0, "category_name": "holothurian", "score": 0.8806487321853638}, {"id": 17, "image_id": 0, "bbox": [586.0, 90.0, 30.0, 42.0], "segmentation": {"size": [405, 720], "counts": "hYV73`<3M3M2_OIbD9^;FaD=];C^Dd0a;\\O^De0a;]O]Dd0b;8O10000000000000O1O10001O100O1O1N3M3N2O1N2O0O7H4IcPY1"}, "iscrowd": 0, "area": 828.0, "category_name": "holothurian", "score": 0.7810907363891602}, {"id": 18, "image_id": 0, "bbox": [462.0, 112.0, 36.0, 33.0], "segmentation": {"size": [405, 720], "counts": "njf54a<1O1O1N3HHnC;n;HPD;n;7N2O01O6J01O1O100000O10O001O01O001OL_OTDa0Q<O1O2@nC9R<GoC9o;HPD9o;HQD9U<01N3N001KcC0]<O5O`_f2"}, "iscrowd": 0, "area": 599.0, "category_name": "holothurian", "score": 0.7579967975616455}, {"id": 19, "image_id": 0, "bbox": [460.0, 59.0, 38.0, 37.0], "segmentation": {"size": [405, 720], "counts": "c\\h54^<5J4L4O0O2O1O1O100M2N200010O000000001M3N2O2N1O3J7LcSj2"}, "iscrowd": 0, "area": 514.0, "category_name": "holothurian", "score": 0.881234884262085}, {"id": 20, "image_id": 0, "bbox": [717.0, 76.0, -25.0, 42.0], "segmentation": {"size": [405, 720], "counts": "`hl8"}, "iscrowd": 0, "area": 0.0, "category_name": "echinus", "score": 0.4367196261882782}]}