{"images": [{"id": 0, "file_name": "images/u004039.jpg", "width": 720, "height": 405}], "annotations": [{"id": 0, "image_id": 0, "bbox": [286.0, 104.0, 78.0, 77.0], "segmentation": {"size": [405, 720], "counts": "`oe36[<5L5L5L4M2M4K5L4L3N1O2N1O2N1O1O10O01O2N1O2O1N2N2O0O2N001O100O010OO2O2M2M3L5J5M3N2N2N1O2N2M2O2M4K4M4J5BQD3Z<Ndia4"}, "iscrowd": 0, "area": 2316.0, "category_name": "echinus", "score": 0.9451538324356079}, {"id": 1, "image_id": 0, "bbox": [300.0, 195.0, 85.0, 84.0], "segmentation": {"size": [405, 720], "counts": "Y^j34_<3L5L6J5L3L3M4M2N2N2M4L3M2O2N1O2N101N100O2O0O1O1O2O0O10000O1000O2O000O2O002M2O2N001O001N2O001N10001N100O100O2N2M3N3M3M4L3L=@P]Y4"}, "iscrowd": 0, "area": 2907.0, "category_name": "echinus", "score": 0.9506505727767944}, {"id": 2, "image_id": 0, "bbox": [289.0, 280.0, 81.0, 63.0], "segmentation": {"size": [405, 720], "counts": "inf33T<a0H:F6L4M3N1O2N2N101N1000000O10001O0O101N101O1O000000O10000O101N100O1O2O000O2O0O101O001N101O0O2O0O2N100O2N2N2M3L5L3L5G7N4JgY]4"}, "iscrowd": 0, "area": 2730.0, "category_name": "echinus", "score": 0.9235132932662964}]}