{"images": [{"id": 0, "file_name": "images/u004103.jpg", "width": 720, "height": 405}], "annotations": [{"id": 0, "image_id": 0, "bbox": [343.0, 177.0, 70.0, 72.0], "segmentation": {"size": [405, 720], "counts": "WeX46[<6F:I6H7M4N1O1N2O101N10001O000O10001O00001O0O101O0O1O1O1O100O1O00100O10O1000001N1000001N101N2O000O2O1N1O2N2M3N4L6J3K5M2H=FVck3"}, "iscrowd": 0, "area": 2808.0, "category_name": "echinus", "score": 0.9206876158714294}, {"id": 1, "image_id": 0, "bbox": [409.0, 167.0, 67.0, 72.0], "segmentation": {"size": [405, 720], "counts": "ZmS59Z<;F8I3L2N2O1N3L4M2N3N1N3N1N3N1O01O01O01O00000001O01O1O1O1N10001N1O2O001O001N2O0O2N2N101N2N2O0O2L4J6M4KlXT3"}, "iscrowd": 0, "area": 2286.0, "category_name": "echinus", "score": 0.8974817991256714}, {"id": 2, "image_id": 0, "bbox": [638.0, 162.0, 82.0, 127.0], "segmentation": {"size": [405, 720], "counts": "oXS85]<8WDFl:`0cDOX;k0L2L3K5E<K4N3M2N2N2O2N1O2O0O1O2N1O2N1O1O1O1O2N1O2O0O10001N10000000O1000000O2O0O10O100O010O10000O10O2O0O101N1O101N1O101N2N10`J"}, "iscrowd": 0, "area": 5724.0, "category_name": "echinus", "score": 0.9445153474807739}, {"id": 3, "image_id": 0, "bbox": [607.0, 112.0, 84.0, 72.0], "segmentation": {"size": [405, 720], "counts": "ind7=S<7J5M3M4K3O2N2M2O1O2N1N2O2O0O100O1O10000O1O2ZE\\NX:e1hE[NX:e1hE[NX:e1<001N2O00000000001O0000000O1001O000000001O001N101N1O1O1N3M2O1N3N1N3M3M3M3M3K5M3N2M2N4L4K\\T<"}, "iscrowd": 0, "area": 3239.0, "category_name": "echinus", "score": 0.9241111278533936}, {"id": 4, "image_id": 0, "bbox": [72.0, 170.0, 69.0, 62.0], "segmentation": {"size": [405, 720], "counts": "P^o06]<4M2N2K6N2N1N3N1N2N2O1N2O1N2N2N2N1O2N2O001O0O2O001N101O000O101O00000000000001O001O001O001O1O001O01001N0jNlDl0T;:0iNlDm0d;I=UOQiV7"}, "iscrowd": 0, "area": 2374.0, "category_name": "echinus", "score": 0.7957139015197754}, {"id": 5, "image_id": 0, "bbox": [385.0, 229.0, 83.0, 72.0], "segmentation": {"size": [405, 720], "counts": "jTh46]<2N3N0AM\\D3e;>O3N1O2_DSOX;P1dDROZ;V1O0OO1010O2N2O2N1O0O10O00N3N200N1N3O1L4N111N10000000O2UN[Ed1e:\\N\\Ec1d:\\N]Ed1c:\\N]Ed1c:YN`Eg1`:YN_Eg1b:7O000010O1SN[Eh1e:XN\\Eh1c:WN^Ej1f:2N1O2N0JSNdEm1\\:TNcEl1]:SNdEm1]:RNdEm1\\:RNeEm1b:01O0O2L3N2O10000000001N2ATEoNLNQ;1oDk0g;[O^DNj;NYDNk;O\\VV3"}, "iscrowd": 0, "area": 3818.0, "category_name": "starfish", "score": 0.7912256121635437}]}