{"images": [{"id": 0, "file_name": "images/u004452.jpg", "width": 720, "height": 405}], "annotations": [{"id": 0, "image_id": 0, "bbox": [70.0, 271.0, 33.0, 33.0], "segmentation": {"size": [405, 720], "counts": "Rhl09[<2N3M2N2O0O2N101OO0100O0100O10O01O100O010O101N101N2N1O2N3MmTd7"}, "iscrowd": 0, "area": 529.0, "category_name": "echinus", "score": 0.9125397205352783}, {"id": 1, "image_id": 0, "bbox": [426.0, 128.0, 30.0, 34.0], "segmentation": {"size": [405, 720], "counts": "_]Y51a<7I4M3N1O1N3M101O100O1001O1O1N2O001N2O1N2O1N3LakY3"}, "iscrowd": 0, "area": 407.0, "category_name": "echinus", "score": 0.9006713628768921}, {"id": 2, "image_id": 0, "bbox": [462.0, 355.0, 26.0, 50.0], "segmentation": {"size": [405, 720], "counts": "WYh5>o;9M2M4J5N2N2O001O1O000000O2N2M2L6N2K5M3M3N2M3N2Ihcj2"}, "iscrowd": 0, "area": 704.0, "category_name": "holothurian", "score": 0.9256314039230347}]}