{"images": [{"id": 0, "file_name": "images/u004483.jpg", "width": 720, "height": 405}], "annotations": [{"id": 0, "image_id": 0, "bbox": [232.0, 69.0, 168.0, 178.0], "segmentation": {"size": [405, 720], "counts": "^ag22c<000O101O0SDMX;3gDOONf:3ZE0M1h:0YE1M1h:OYE2OOe:2\\EOM2e:0]E0F7l:K\\Ec0d:]O[Ee0d:\\OZEe0f:[OZEe0f:[OYEf0g:[OWEf0h:]OTEd0m:b0`N]NnGc1Q8_NnG`1S8bNkG^1V8cNgG^1Y8dNdG\\1^8dN`G]1a8dN[G^1f8bNWG`1j8`NTGa1m8^NSGb1n8^NPGc1Q9]NmFe1AQN]9:PGg1@QN`99mFl1T9TNjFm1W9SNhFm1Z9RNeFn1IhM^9:hFo1GPN[91nFZ2Q9gMnFY2S9hMkFX2V9hMhFY2X9jMdFV2^9`0001N10000000O1O1O1K5O2O0O2O2M3D_L_Gi3W8?J3N2O10001O010O01O0001N2N2N1O100O100O1O101N2N1N4M3L3O00001O0000O10001O3L3M8G11O02O1O000000O11O1O10O000010O2M2O2aKRHS4n7lKUHQ4X801N100O001O1O1O010O10O1O01O020UL_G`3k810O01O0O1O10FZGeLf8Y3;O2M3K501N2O0O101N1O2O2QOXFlNk9Q1YFlNi9Q1XFnNj9Q1WFnNj9Q1WFnNi9Q1XFoNi9P1WFPOi9P1XFoNh9Q1WFPOi9P1WFPOi9o0XFQOi9n0XFQOh9o0XFgNEOT:Z1WFgNGMS:[1WFgNIKP:`0jE;>XOY:5\\Ea0<YOX:5_EJJb0?^OZ:4cE=P;BRE=n:CSE;m:EUE:l:DWE:i:FXE9h:GYE8f:H\\E7d:I\\E7e:G\\E9a;N10000O1O100O100O10001O001NfRh3"}, "iscrowd": 0, "area": 18549.0, "category_name": "echinus", "score": 0.9198252558708191}, {"id": 1, "image_id": 0, "bbox": [498.0, 54.0, 81.0, 100.0], "segmentation": {"size": [405, 720], "counts": "g^U66Z<:G7H7K5L5K6J5K:G3M2M3N001N2O1N10101O0VFfMX9[2hFeMX9[2`001001N100O00002O0O2OO1M3O1000O10O1O10000O1N2O1O100O1O2N101N1O2N10000O10000O101O0O101O0O100FUEiNl:T1[EfNf:Z1;N2N2O2N1O3M3M4TOXD>V<J4N2N3Lglf1"}, "iscrowd": 0, "area": 4894.0, "category_name": "echinus", "score": 0.9049026966094971}, {"id": 2, "image_id": 0, "bbox": [392.0, 279.0, 72.0, 102.0], "segmentation": {"size": [405, 720], "counts": "Wol42c:5QG2i84nF3l86iF2R9=^FI`9g1O1O1O20O01O10O1000O00001O000O100O10000O100N3O0O10000O11O001O0000001O001O0O100O1O2N100O101O3L4M1O001O00000FlESNY:h1hEWNY:i1fEWNZ:i1gEVNY:j19mN\\E4d:M\\E\\O0=c:6^E]OO=c:5_E]O0=b:4`E^ON>c:3_E_OO=f:^OZE5NK450;m:BYE2M:[;FeD9\\;GfD7Z;IgD5[;JeDOHMd;4eDMb;2_DMb;3`001O0OWio2"}, "iscrowd": 0, "area": 5778.0, "category_name": "echinus", "score": 0.9118766784667969}, {"id": 3, "image_id": 0, "bbox": [419.0, 310.0, 82.0, 95.0], "segmentation": {"size": [405, 720], "counts": "kfS53a<2N3K5iCFn;c0N3VDXOa;o0O0O100O2N1WOoNlES1T:lNmET1l:N1N1000O100O1mNTOdE1=l0n9_OQFb0o9_OoEb0Q:_OnEa0R:^OPFa0P:]ORFc0n9nNdE6b0l0j9oNfE2`0o0k9nNhE05MKV1Q;kNnDU1R;kNmDV1Q;8J6D<EUNkEl1U::5K1OJkMkEV2T:6O100OgMmER2S:nMmER2S:8O100000[NnEg0S:YOlEg0T:YOlEg0l9`NXF]2h9eMVF[2i9fMXFY2h9hMWFX2i9gMXFY2h9gMXFY2i9fMWFZ2k9cMVF^11YOQ:d0RF[On9`0YF]Oh9b0ZFSOCKS:=iE2];NcD0_;b0010ZOdD3\\;IiD6X;GjD9V;FlD2EL_;OoD4DLR<3801N2O1N1O\\Wj2"}, "iscrowd": 0, "area": 3824.0, "category_name": "holothurian", "score": 0.6806085109710693}, {"id": 4, "image_id": 0, "bbox": [476.0, 132.0, 51.0, 79.0], "segmentation": {"size": [405, 720], "counts": "Rdm5a0j;g0^O6G9K3H8O2L3O1N2N3N1O11O010N1O1ON13O2M3M3N4L3L5K4iNREb0T;XOQEb0S;WOhDO7f0e;N2O1O1O1O1O00001O1O1N2IgCN[<1`a^2"}, "iscrowd": 0, "area": 2027.0, "category_name": "starfish", "score": 0.8768383264541626}, {"id": 5, "image_id": 0, "bbox": [606.0, 2.0, 103.0, 55.0], "segmentation": {"size": [405, 720], "counts": "PoZ76^<100O2N100O1O001N2O1O1O1O100O101O000O0100000000000O10O100001O=B10O10000O010O100O010O1O010O10O10O10O010000O100O100O101O001N2O4L100O0000ZO^OZEa0f:_OZEb0e:^O[Eb0e:^O\\Ea0d:_O\\Ea0d:_O\\Ea0];O1O1O1O00001O0O101O000O2O1N2O0OXOLRE2o:Ok00O100\\h2NeZ6"}, "iscrowd": 0, "area": 1906.0, "category_name": "starfish", "score": 0.8724864721298218}]}