{"images": [{"id": 0, "file_name": "images/u004308.jpg", "width": 720, "height": 405}], "annotations": [{"id": 0, "image_id": 0, "bbox": [364.0, 220.0, 36.0, 44.0], "segmentation": {"size": [405, 720], "counts": "Uia42[<:J5M4L4M3M2O1N2N2O000O1000O1000000O2O000O2N1O1M4I8H9Hamo3"}, "iscrowd": 0, "area": 766.0, "category_name": "echinus", "score": 0.9023886919021606}, {"id": 1, "image_id": 0, "bbox": [383.0, 123.0, 45.0, 41.0], "segmentation": {"size": [405, 720], "counts": "\\\\j45_<4L2M6J3N2O0O001O2N1O1O2O1N2O2N1O1O1O00O2M2N2N2N2O1O2N1O1O2N2M3MjZe3"}, "iscrowd": 0, "area": 820.0, "category_name": "echinus", "score": 0.8869962096214294}, {"id": 2, "image_id": 0, "bbox": [262.0, 193.0, 30.0, 29.0], "segmentation": {"size": [405, 720], "counts": "\\jW39[<2N3M3N0O2O0O101N10O10O10O10O010000O001O1O1O1O1N2O2M3N2M[_Y5"}, "iscrowd": 0, "area": 498.0, "category_name": "echinus", "score": 0.912966251373291}, {"id": 3, "image_id": 0, "bbox": [648.0, 65.0, 59.0, 57.0], "segmentation": {"size": [405, 720], "counts": "Y[R86]<5L5K3L3N3M2N1O2O0O2O1N1O100O2O1N10001N1000000O10000O1000O10000O10000O100O100O100O1O1O100O1O101N100O1O1O1O2N1O1O1O2I6K6KhY2"}, "iscrowd": 0, "area": 1978.0, "category_name": "starfish", "score": 0.9028061628341675}]}