{"images": [{"id": 0, "file_name": "images/u004447.jpg", "width": 720, "height": 405}], "annotations": [{"id": 0, "image_id": 0, "bbox": [169.0, 219.0, 46.0, 44.0], "segmentation": {"size": [405, 720], "counts": "ceR26\\<5L4M2N2O0O2O1N101XDZO^;h0^D^O^;n0M3N2N101O000001O0O100000001N1000000O101O001O001O0O2O0O1O2N2N1N3N1N3M3MX`W6"}, "iscrowd": 0, "area": 1563.0, "category_name": "echinus", "score": 0.897810161113739}, {"id": 1, "image_id": 0, "bbox": [7.0, 21.0, 36.0, 27.0], "segmentation": {"size": [405, 720], "counts": "XP25]<6L3M2N2O1O1N2O001N10000000000O100000000001O0O10001N2O1N2O001N2N2N3LZm\\8"}, "iscrowd": 0, "area": 696.0, "category_name": "echinus", "score": 0.9074611067771912}, {"id": 2, "image_id": 0, "bbox": [33.0, 65.0, 38.0, 39.0], "segmentation": {"size": [405, 720], "counts": "_g<5^<4M2N1O2N1O2O1N2O2M2O1O1N10001N10001O00000000O10001N101O1O1N1O2N2N3K5M_iQ8"}, "iscrowd": 0, "area": 806.0, "category_name": "echinus", "score": 0.9265701770782471}, {"id": 3, "image_id": 0, "bbox": [514.0, 279.0, 78.0, 100.0], "segmentation": {"size": [405, 720], "counts": "UiZ65^<4M2N2N2N2M3N1N3N101N1000000O1000010O00002_DTOV;Y1L1O100O2N1O2O0O01O0012N1N100O11O001O1O1O01`E`Ng9c1SFcNj9a1jEhNU:m1O10O01O000001O103dMgET2_:OO1O00O1001O0000O2N0ZNaEX1_:gNcET1a:bN]E35Z1_:cN^E05X1b:gNhES1Z:lNhE=^O5d;^OfD`0i;AlC;X<N2Hhkc1"}, "iscrowd": 0, "area": 3578.0, "category_name": "holothurian", "score": 0.9027892351150513}, {"id": 4, "image_id": 0, "bbox": [484.0, 206.0, 54.0, 37.0], "segmentation": {"size": [405, 720], "counts": "Ukn57\\<3O1N2N2O1N2O1N2O1N2O11O00O10O10O10O001O102M1O1O1O01O01O000001O000001O001O1O0001O01N101O0010O01O000O1000001O1O1N][W2"}, "iscrowd": 0, "area": 960.0, "category_name": "holothurian", "score": 0.9191172122955322}, {"id": 5, "image_id": 0, "bbox": [232.0, 116.0, 47.0, 57.0], "segmentation": {"size": [405, 720], "counts": "_el25_<2N2N2N2O1O001O1O001O100O10O01000O010000O1O2O0O2_D\\On:e0mD_OR;b0kD@V;`0hDBX;>fDC^;h01O1O1O2^O\\DOe;O\\D0f;N\\D1e;L]D3g;I[D6f;F]D9P<01N2N2O2LPe^5"}, "iscrowd": 0, "area": 865.0, "category_name": "holothurian", "score": 0.882683277130127}, {"id": 6, "image_id": 0, "bbox": [132.0, 154.0, 49.0, 33.0], "segmentation": {"size": [405, 720], "counts": "Uib17\\<3O2M5L1O1O0010O02N2N100O0000O2N1000O10000000000000000000000000O100N2O1O1O1N2O1O100O1O100O1O100O1O2N3MV]e6"}, "iscrowd": 0, "area": 890.0, "category_name": "starfish", "score": 0.8752711415290833}, {"id": 7, "image_id": 0, "bbox": [110.0, 178.0, 47.0, 37.0], "segmentation": {"size": [405, 720], "counts": "ZmZ11a<4N1O2N1N2O1N2G9O1O1O2M200O100O2O000001O0000000O2O000O1O2O0O101N2N2O1O2M3N000O2O000O2O0O3N2MfXo6"}, "iscrowd": 0, "area": 959.0, "category_name": "starfish", "score": 0.8825743198394775}, {"id": 8, "image_id": 0, "bbox": [492.0, 297.0, 50.0, 54.0], "segmentation": {"size": [405, 720], "counts": "[SR64a<1N2O1N2O1O1N2O1O1N1O2M3N3M4_DVOP;Y1N2N1O10O010O2O1N1O2N2N2O0O2O1N2O0001O01O01O000O10010O02SOfD;l;N2N101N2N1O2Mn^V2"}, "iscrowd": 0, "area": 1408.0, "category_name": "starfish", "score": 0.9267481565475464}, {"id": 9, "image_id": 0, "bbox": [565.0, 286.0, 61.0, 57.0], "segmentation": {"size": [405, 720], "counts": "jnP76k;2WD:g;;O1N2O1O00001N1000001KnNeDR1[;4010O2N1OO2O0O1N2N3OO2O0O101O0000004L0UOaDa0^;^OcDb0];^OcDc0\\;]OeDa0\\;^OfDa0Z;^OhDa0\\;ZOgDd0Z;[OhDc0g;N2N2O000O1O102M2N3KkcW1"}, "iscrowd": 0, "area": 1587.0, "category_name": "starfish", "score": 0.8504687547683716}, {"id": 10, "image_id": 0, "bbox": [580.0, 353.0, 49.0, 44.0], "segmentation": {"size": [405, 720], "counts": "aaV79Z<5K4M2N101M2K6O0O2N1O2O0O100O10001O103M0O00mNgDj0Y;UOiDj0X;TOiDk0Y;TOgDl0a;0000001O01O000F^DAb;=cD_O^;?=O1O100O101N1O2N1O2NlPT1"}, "iscrowd": 0, "area": 1223.0, "category_name": "starfish", "score": 0.8241581320762634}, {"id": 11, "image_id": 0, "bbox": [595.0, 177.0, 30.0, 30.0], "segmentation": {"size": [405, 720], "counts": "\\ZZ73`<3N3M6J1O2O1O1O0010O010O3M3M001O0001O0001O0O101O1N3N3L^[W1"}, "iscrowd": 0, "area": 388.0, "category_name": "starfish", "score": 0.9041470289230347}, {"id": 12, "image_id": 0, "bbox": [676.0, 132.0, 42.0, 35.0], "segmentation": {"size": [405, 720], "counts": "hfZ81Z\\22TPN6L2N3O0O1N2O2N100O2O0O1O2O000011N2OO01O001O00001N100O100O2N2M3N2K\\W2"}, "iscrowd": 0, "area": 621.0, "category_name": "starfish", "score": 0.8758341670036316}, {"id": 13, "image_id": 0, "bbox": [27.0, 245.0, 37.0, 31.0], "segmentation": {"size": [405, 720], "counts": "\\Z;9[<1N2O10001O0000000O2O0O2O1O0O2O100O001O001O00O1000000O01N20O2M3N2M3N2M3M4M3LbPR8"}, "iscrowd": 0, "area": 677.0, "category_name": "starfish", "score": 0.8284751176834106}, {"id": 14, "image_id": 0, "bbox": [18.0, 120.0, 32.0, 24.0], "segmentation": {"size": [405, 720], "counts": "Zk67U<KoC8Q<ImC9R<500O1O1O101N2O01O1\\ORD?n;AQD`0P<200O10000000O1000010N2N1O1001O10N1HmCMU<1mCLX<0W_X8"}, "iscrowd": 0, "area": 600.0, "category_name": "starfish", "score": 0.7420175075531006}, {"id": 15, "image_id": 0, "bbox": [124.0, 104.0, 20.0, 19.0], "segmentation": {"size": [405, 720], "counts": "eaa14a<0J6O1O0010O100O101O00O010001O001O2MbfS7"}, "iscrowd": 0, "area": 166.0, "category_name": "starfish", "score": 0.7796062231063843}]}