{"images": [{"id": 0, "file_name": "images/u004126.jpg", "width": 720, "height": 405}], "annotations": [{"id": 0, "image_id": 0, "bbox": [345.0, 1.0, 97.0, 96.0], "segmentation": {"size": [405, 720], "counts": "]P^41c<2N2O2N0N4J?_O8L4Gc0nD[N[:R2N001O000O10000000O010001O2N4L1O2N2N1O1O2N10O01O010O0010O1O2ZMTF1OY2[:L2N2O0O1O1O1O0O2N2N10101M1O2N2N2N2N2O0O2O001O1O000N4K5M2O1N3N1IWD_Oj;;^DBc;>;M8EhX`3"}, "iscrowd": 0, "area": 4344.0, "category_name": "echinus", "score": 0.8927969932556152}, {"id": 1, "image_id": 0, "bbox": [438.0, 199.0, 183.0, 71.0], "segmentation": {"size": [405, 720], "counts": "hYi51\\o31W]L3kN4YE3`:2lDD8`0j:4QENn:3TEKk:7UE_OKMQ;d0TEZOI0\\;f0jD[OJO\\;Q1eDoN1OT;R1kDnN\\;P1fDoN\\;e0bD]O0Of;b0ZD_Ol;`0UD_Oj;b0VD]Oj;e03OTD]OO0d;a0]DEa;=]DDa;>_DBa;i00E_D]O0Oa;c0`D]O05\\;=dD_ON5^;o0N3NO2OO1OnNfDM0g0Y;\\OgDM0n0R;UOnDM0n0R;oNoD110OQ1P;nNQE0010P1o:nNWE2JQ1X;oNhDQ1W;QOgDo0Z;6N2OMjDiNU;X1kDhNT;]10NN21M31O101O7J0O2O5J010OO1UNZE`1R;O001O0OK6000000O10N1M301O100cNlDX1U;4000001O1lDbNo:b101O1N20N1O4N000O2N000O101N1O2O2O00O0GnNoDS1P;:N_NRE]1n:bNTE^1k:bNUE^11`Nf:0YE`1Q;00O6K1N02K5^OcNhE_1W:bNiE^1W:aNkE_1g:N3L2O1O1N2N11O1O1O1O10O01O01O2N1N2O0O2O1O4K3N2M2N3L[YY1"}, "iscrowd": 0, "area": 5828.0, "category_name": "holothurian", "score": 0.5406898260116577}, {"id": 2, "image_id": 0, "bbox": [317.0, 184.0, 40.0, 70.0], "segmentation": {"size": [405, 720], "counts": "bUo3l0e;6J5J6N1N2O1O1O0001O1O1O1O001001O00010O0000000000O1O001oNoD>Q;AQE<Q;BRE:Q;DSE4T;Ijb`4"}, "iscrowd": 0, "area": 1402.0, "category_name": "starfish", "score": 0.9133440852165222}, {"id": 3, "image_id": 0, "bbox": [326.0, 242.0, 56.0, 57.0], "segmentation": {"size": [405, 720], "counts": "Rco32c<011RV13hiN4gCMh;b0N2O1N2N5J3O0003MO2N101O1O2N2fDgNS;^102M2O1N4M3MM201O3N0\\NSE`1R;N1O2N1000O1001N104L1O001O2N1OO1001O1O100N4M2N5WOTD`0T<M6Hj\\U4"}, "iscrowd": 0, "area": 2144.0, "category_name": "starfish", "score": 0.749464750289917}, {"id": 4, "image_id": 0, "bbox": [318.0, 348.0, 59.0, 57.0], "segmentation": {"size": [405, 720], "counts": "[lT42c<0O2M2L5L3N2K5K5L4G9@`0O1O1O1O11O1O0000001O00000000000000000000001O1O001lNYE8V<[OZkX4"}, "iscrowd": 0, "area": 1626.0, "category_name": "starfish", "score": 0.9326529502868652}, {"id": 5, "image_id": 0, "bbox": [376.0, 89.0, 49.0, 50.0], "segmentation": {"size": [405, 720], "counts": "ibg44V<?YD_Oo:W1L3L2010O100O1O01000O1N3N10000O2O001O001O00O100O100O1000ZOiDNW;OREJo:5TEGQ;3hhg3"}, "iscrowd": 0, "area": 1247.0, "category_name": "starfish", "score": 0.8731415271759033}, {"id": 6, "image_id": 0, "bbox": [326.0, 122.0, 42.0, 45.0], "segmentation": {"size": [405, 720], "counts": "c_Q44P<6QD2i;a0K4K3O1O1O2M3O101N100000000000000001N2N4L1O1O2M2K^DWOb;i0_DVOa;j0_DUOc;j05N2L2GTDF00j;<:O1N2Jke\\4"}, "iscrowd": 0, "area": 1237.0, "category_name": "starfish", "score": 0.8228603005409241}, {"id": 7, "image_id": 0, "bbox": [392.0, 149.0, 47.0, 56.0], "segmentation": {"size": [405, 720], "counts": "obm43^<7@>N4M2N2N1O1O0O1O1J60O000O1O2O0011N1N2O1OLiDlNW;T1iDlNV;U1jDjNW;V1jDiNU;X1301O1XOhD4W;HnD7R;ESE:i;J4K4LiZa3"}, "iscrowd": 0, "area": 1146.0, "category_name": "starfish", "score": 0.7829691171646118}, {"id": 8, "image_id": 0, "bbox": [545.0, 266.0, 67.0, 84.0], "segmentation": {"size": [405, 720], "counts": "`Xh68S<JnC?k;9@[OlDh0`:[OYEL1Z1e:a0M2O2O0O100O1O100O1O10000O1O1O1N2N2M210001OO1O2O_MPF20U2P:6oEcMQ:^23000KbMRF_2n9aMRF`2Q:2O00O2N010O1cMmEW2S:gMoEX2X:000O1O010N1O1DdMZF3KY2R:fMoEZ2V:]OlEeNT:S1YFhNg9V1n0M3M4M5K2O1NXOVOhEi0X:XOhEf0Y:YOjEe0V:ZOnEb0V;M3L3N6GojX1"}, "iscrowd": 0, "area": 4391.0, "category_name": "starfish", "score": 0.8275402784347534}, {"id": 9, "image_id": 0, "bbox": [479.0, 250.0, 56.0, 78.0], "segmentation": {"size": [405, 720], "counts": "YSn57m;a001oD[OP:e0kEAT:?kECT:?gEDY:>bEE_:X10O100O10000O3N2N00N2O1O1O1O1O101M2O2N1O1IQNhEP2W:PNhER2W:nMiET2V:kMiEW2Y:3N200O1O0O10O100O1O2XOoEgNT:R1m0K6J9G6XOWD8W<M4LnkZ2"}, "iscrowd": 0, "area": 2697.0, "category_name": "starfish", "score": 0.7632439732551575}, {"id": 10, "image_id": 0, "bbox": [621.0, 270.0, 67.0, 63.0], "segmentation": {"size": [405, 720], "counts": "oki73W<2mC1P<;N3G9\\OTORE4Nk0m:ROTEZ1R;2EdNWEb0M:g:ZOYE\\1f:910000O101N3M2O1N2O2M10001O1N2O001O1O010O001O001O1O1O10N1000101O0N2O2N1O1O10O0ROWE0i:M]EOe:LbE1`:HgE6];O3JVT="}, "iscrowd": 0, "area": 2242.0, "category_name": "starfish", "score": 0.6213430166244507}, {"id": 11, "image_id": 0, "bbox": [530.0, 1.0, 185.0, 128.0], "segmentation": {"size": [405, 720], "counts": "nea61d<1kNOdE3^9MdE4LN:27MJ4S:m0nEROJMJ6]:n0gEkNO7O5Z:j0gEkNN706Y:j0gEiN26O7W:l0mEkNM:U:j0nEmNM9U:h0oEPOL8U:h0oEoNMLM70HT:V1RFoNM<Q:f0RFlNN1L5T:n0RFlNN1L6S:n0QFoNL<S:i0mEBS:>mEBS:>mECR:=oEDo9=oEFo9d1L1O1O1O6J00O1003M2M1000O1JeFRM[9o2dFRM[9o2cFRM]9n2dFPM^9o2bFQM^9P3aFPM^9T301O1gFiLR9Y34001O1O1O2N2O0O1N4M1O1O1O000000000001O00O01O1O100O1O1O101N1O1O1000O01IlFmLT9R3mFmLT9S3mFkLT9T3mFlLS9U3kFmLT9[3O00O0JmFjLU9U36000gFjLS9V3mFjLS9V360000001hFiLP9V38O1O100000000000000000000001O2N7I00O1O11O1O00N2M3O100000000O1001O00O100O100O10QHlL]6T3b1O11O010O00O0O21O001O00000gFkLR9U3nFmLQ9R3nFPMQ9Q3nFoLQ9R3PGkLR9U371eFlLS9]3N0QGdLe8]3XGdLi8b3200N2N2O1K5N2M3O1N2O100O1001O00O1O1002N1O1O001O00O10000000000"}, "iscrowd": 0, "area": 19138.0, "category_name": "starfish", "score": 0.874680757522583}, {"id": 12, "image_id": 0, "bbox": [394.0, 1.0, 65.0, 39.0], "segmentation": {"size": [405, 720], "counts": "Y]m42a<`0A3N3M1O1O1O1O1O001O1O1O001O1O1O1O1O1O1O1O001O001O00000000000000O100O10000O1N2N2O1O1M3N2N200O1O2N1O1N3M2ElC3V<MlC1U<MmC2S<MoC2[<Mm\\X3"}, "iscrowd": 0, "area": 1760.0, "category_name": "starfish", "score": 0.9278563857078552}]}