{"images": [{"id": 0, "file_name": "images/L_1091.jpg", "width": 256, "height": 256}], "annotations": [{"segmentation": {"size": [256, 256], "counts": "bj?1m74M2F9N2N2O1N3N1O2N1O1O1O100O100O1000O010O100O01000O2O0O101N1N3L5K5L21O0O2OO1O0O2LZfU1"}, "iscrowd": 0, "area": 975.0, "image_id": 9, "bbox": [62.0, 53.0, 41.0, 34.0], "category_id": 1, "id": 27}, {"segmentation": {"size": [256, 256], "counts": "Rb^11m73N2N1O2N2M4L3M3M3N1O1O2N10000010O000000001O001O1O001O1N3L4H8N01N10001O00M3J[f7"}, "iscrowd": 0, "area": 747.0, "image_id": 9, "bbox": [185.0, 48.0, 38.0, 29.0], "category_id": 1, "id": 28}, {"segmentation": {"size": [256, 256], "counts": "_jm01n72O2ZHM\\73cHO4Ml65oHN5OI0l64UIL1ON7m6NSIM0<n6LSI3n6LTI1n6NRI3o6LPI4f6E^I6K7e6F^I4K9d6F`I0K<c6GaIb0_6@_I>b6`01N2M1N021O2O001O2N0000O2O1OoNYIj0n610OO100M4M20001NROXIf0h6WO]Ih0n6O1O1O6J0O2O001N1N3I^HLd74401N101NjTd0"}, "iscrowd": 0, "area": 1432.0, "image_id": 9, "bbox": [118.0, 73.0, 56.0, 44.0], "category_id": 2, "id": 29}, {"segmentation": {"size": [256, 256], "counts": "ncb01o71O2M2O1O002M9H2M8I1N2O1O1O1O1O001O0010O1O000000000O1O100O1O01O1001O0O101O0O2O1N101O1N101N3N2M6K4K2N2Mb[P1"}, "iscrowd": 0, "area": 1294.0, "image_id": 9, "bbox": [74.0, 121.0, 51.0, 37.0], "category_id": 2, "id": 30}, {"segmentation": {"size": [256, 256], "counts": "W]P12m73M3M3M2eHLg66VINg65WILg66XIJg68XIIf69ZIFd6=[ICb6o0N2PJhNX5X1eJlNZ5U1cJnN\\5U1`JmN_5V1\\JmNc5i1001N2O0O1OL5J500O4M3L3N2N1N2O0O2O00001O01^OVKlMj4T2YKiMh4V2\\KfMd4Y2^KeMc4[2_KcMa4]2b0001N2N7I2N1O001O000100O3M001O001O0001O2O1N1O0O2O001O_MPKR2P5mMRKR2m4mMWKP2j4oMXKP2i4mMZKQ2i4lMYKR2i4kM[KQ2\\5K6L4L4\\OgIWO`6h0?K8H4L5K4Lgi9"}, "iscrowd": 0, "area": 6197.0, "image_id": 9, "bbox": [129.0, 144.0, 85.0, 105.0], "category_id": 2, "id": 31}]}