{"images": [{"id": 0, "file_name": "images/L_1036.jpg", "width": 256, "height": 256}], "annotations": [{"segmentation": {"size": [256, 256], "counts": "l41d61PJOB061V64nIME15OU67mILHO4OT6;mIHJ12MU6=mIGJ13LS6?oIDK12M2Kj5e0UJNOCNMn5b0UJNNIm5;SJM0Hl5=SJ:;VOl4f1oJQNK9V5f1nJSNK7W5f1mJ`NT5`1jJaNV5_1iJbNX5R201WK]MU4b2^K]M65Y4_2_K^M64\\4^2]K_M53_4d2`K\\M`4f2\\K]Mc4o21O010O2N2N2NKnLaKo2Q4RMVLOIn2R4WMQLLLm2S4[MlKI1l2S4_MhKF4k2T4dMlK\\2T4fMjKY2:WM[3a0[LW24^Mb3;YLW22bMe3U3XLnLi3i3DiKfLU4X3RLeLk3[3<O3N1100OZM]KQ2c4mM^KT2a4kMaKU2_4hMcKY2^4cMdK_2\\4^MeKMGb2e4\\MgK0Fe2P5[MQKf2m4[MSKf2j4\\MVKb2k4_MUK^2m4cMSKY2o4iMQKT2Q5fMmJ21Y2Q5dMPK20Z2U5fMlJZ2T5eMmJ[2S5dMnJ\\2Q5cMQK]2Y50OKaJlM]5U2fJjMV5X2lJhMQ5X2SKgMj4Z2YKeMd4]2^KbM_4_2`02ON1^NeJb0Y5YOoJe0P5lNbKS1g5N2O0OL5H7J7JLTJ_Ni5a1\\J\\Nb5d1bJ[N[5e1?^NlIZ1U6eNmI\\1P6dNRJ]1l5bNVJ_1g5_N\\Jc1n54L3MN1M4O1O2O6N5M3ONF]IUOa6e0cIUOc6g0;O12N2K5I7308JL3M2N1NKN3M22O1XO[I7d6J]I5b6L_I3a6M`I3^6ObI1\\60fINZ62gINT67lIIX62iIOS702O1OL3N33LnH_Oe6c0WI@f6n0G:N12N7I4M2M4L3M[O^OPJ?Q6FmI6V61cILd6HXI1O5U7;1O0O:GjHIc6g04L3MM3\\Oe0L52O1NlIaNl5[1SJgNg6>XICg6?WIBh6?WIAh6a0UIBi6j001L3M4003N3L4LPOQOSKm0n4TOZJ0<i0[5XOZJO9i0^5YOYJN7i0b5XOXJ8L?m5ZOVJ;H;S6ZOUJW1m5iNQJW1P6iNPJV1Q6kNnIT1T6kNlIT1U6mNiIT1m5hNVJ7JP1Q6jNTJ`1m5aNRJ_1a5_NdJ2K^1a5aNcJ2L^1`5aNcJ1M_1=^N]43XK0N^1:aNb42UKOO]16dNi41QKN0[12jNo4MoJN0Z1OmNX4F\\L7\\OMNZ10mN>FU46_KMMZ1OnN`0E[3OnL8ZOLLj1?TN^3NnL9XOi1;QN`3NlL;WOe1<RNb3NlL]2AfMd3NjL\\2AfMd0LQ22jM[2@hMe0KS22[MOL\\20iMe0KT21[M1JY22jMe0KU22ZM1HW24kMe0LU22YM1GW26iMe0Mj1NbM521DV29jMd0Mk1NaM52^2MbMe0Ml1N`M71Z2NeMd0Mm1N`M60Z2NeMe0Mn1N_M70W2NhMd0Mo1N^M70W2NfMe0NP2N]M9OV2LfMg0LT2OYM;NV2KeMi0KV2OXM=M]2e0WMo1M]M31=M\\2e0XMP2L]M31>LZ2f0ZMP2L\\M3NKOc00Y2f0ZMR2L[M3NKOd0OX2f0[M4Ig00iN3J2MK0a3e0gLg1HmM3J2MLO`3e0hL4Gi01fN4K1MK0_3e0jL4Fi01fN4K1M]3e0fL^OH`00>O^O1I4Kf3a0_L^OH`0O`0O]O1I5Je3a0`L]OIb0M`0O]O0J6Hg3`0eL0_Ob0OUO1LO57Gf3`0fL1^Oa00VO0LO57Gf31SL<c03^Oc00TO2LM6Z42ZL5\\Od01SO3KL7Z42ZL4]Oe00SO3LL6Z40ZL6]Oe01SO3KK7Z40ZL6]Oe01RO4LJ7Z4O[L6]Of00RO5KI8[4NZL7]Of0OSO7JH7[4N[L7]Of0OTO6JH7[4M\\L7]Og0NSO8JF8\\4K\\L9\\Og0NSO:2R4HZL<]O?K[O20;1k45mJ9K_O0131:1k44nJ:J_O1021<1i44oJ:J@0021=0h44PK;I@1N23<Oi45oJ:JA0N14=JA1Y56oJ<J@0M15`0Lf45PK<JBNL25a0Ke43SK?HA41<LW58TJO6L30\\63\\I15L4O\\61]I35L2O_6OZI75J4Ob66\\IJd70_L"}, "iscrowd": 0, "area": 41422.0, "image_id": 36, "bbox": [0.0, 6.0, 254.0, 247.0], "category_id": 2, "id": 126}]}