{"images": [{"id": 0, "file_name": "images/L_157.jpg", "width": 256, "height": 256}], "annotations": [{"segmentation": {"size": [256, 256], "counts": "gZU12k73G:O0000000bHBZ7>dHD\\7`001O1O00000L4O1000000000O1000001O00kHZOP7k0001O01O1OO100O2O0O100O2O001O001N101O1O2N1N3N1N3N1O2NW]="}, "iscrowd": 0, "area": 1118.0, "image_id": 182, "bbox": [149.0, 70.0, 52.0, 30.0], "category_id": 1, "id": 671}, {"segmentation": {"size": [256, 256], "counts": "cfR12l72N3N000dNJPK5ZOMn4OeK4^OOi40\\KN]O3?Oe43fJK6O13L3a0Oe42eJK7O13L3NJ>4j49lJD12M:ME72R59lJD02O:LF61S59lJD010;KF2LN5Z58iJH12L9OE1MO3\\58gJH13M80D0NO3Z5:hJG22M81INLY5f0kJ00EU5:mJ1MEV5:jJ7N^OX5;iJ9N]OX5b1hJ^NX5V200[OZMnKh2o3YMhK0Mh2Y4ZMfK20d2Z4[MdK31c2Z4[MdK31c2Z4[MeK20c2\\4[MdK11d2Z4\\MdK02d2[4fMdKZ2]4fMcKZ2_4dM`K\\2b4`010001N102M2M3I6L9G8ImJhMd31gLi2k2UMfL3>h2l2VMeL4OL2i2Z3XMdL4OM2f2[3ZMcL7KN4`2^3\\MbL8JO6T2d3eM\\L:H05b1W4WNgK9MO3a1Z4WNdKl01o0Z4[OeKf0[4_111O01N1[ObKgM]4Y2cKhM\\4X2eKgM]4W2cKlMa4m1_KUN`4k1`KUNa4i1_KXNe4Q1ZKYN35Oa0f4f0XKgN0M35Od0f4?YKjN1N060b0h4=XKmN0N0608OGj4m0XKPONO16O71Gk4j0WKQON100N11:3Hn4e0SKWOM107017Hi4h0ZKXOF80N9If4i0\\KWOF1N1258Hf4i0]KXOE1N252X5c0PKXOE1N345U5>UKYOD2N235W5<UK[OC3N045W5;TK^OC2N045Y58SKAB2O033[58RKD@10033`5OPKN]O01O21b60[I0102Oa62\\IO102Oa61]I0002O`61_I0O03N^62aI0N03N^62aI0OO3N\\64bI0NN4N[65cIOOM4NX68eIM0Le65_IOLLe65_INNKc67`INk60VI0]700O3MZa4"}, "iscrowd": 0, "area": 7100.0, "image_id": 182, "bbox": [138.0, 119.0, 98.0, 136.0], "category_id": 2, "id": 672}, {"segmentation": {"size": [256, 256], "counts": "e8l1U6OO2M3M3N101O000O10O3N1O00A>001O001O100O1000001O000O1O2N2M4L8gNlI9b6YOaId0b6ZObIa0_6_ObIJHb0h6BjI:U6BmIb0Z5HRK;j4HTK:j4`1N2N1O00O101N2N1OM4O1O10O001O1nN]JEf55^JLb5KbJ9`5E_J5G[Ok52dJf0EWOj5NcJm0]6HRI]Oo6a09O1N3M3L5L3NPg^1"}, "iscrowd": 0, "area": 4080.0, "image_id": 182, "bbox": [0.0, 1.0, 68.0, 82.0], "category_id": 2, "id": 673}, {"segmentation": {"size": [256, 256], "counts": "eg35i77J2N1N2G9M3N101O2N1N2N2N2N2N2O1000000001O00000000001O001O00O1N20000O100O100O10000O100O100SOaNXK`1f4dNWK]1i4m000O1N020N2N200O010O010O0002M2N2O1N3M3N1O2N2N31M2O010O02M:F3ZNlIZ1_6M3L4M<D03N2nHUOk6P110O1O10O0O100O2N2N2N3M2MRiS1"}, "iscrowd": 0, "area": 4920.0, "image_id": 182, "bbox": [13.0, 164.0, 97.0, 91.0], "category_id": 2, "id": 674}, {"segmentation": {"size": [256, 256], "counts": "YRj04l71N2O0nNNVJ2i50UJ1k50TJ0c5MeI5h0O`5NgI4?9h50WJ1f53XJO_5\\OWJh09L]5@XJf09K^5>aJD]5>aJC^5>bJB^5>aJC`5;aJ[Oi5d0WJ[Oj5e0WJ[Oe5i0ZJZOc5f0YJhNNe0e5f0[J@d5_1OO100O1O1O1O1O1O100002N001O2O0O1O2N1OO1M3O1O1001OE[J[Ne5g0]JXO06NKe5f0_JVO17LMd5f0aJSO02J133b5g0RKSOB1]5d0YJ@R7=PIAQ7?83NFgHJ\\7MlH1U7OXPg0"}, "iscrowd": 0, "area": 3201.0, "image_id": 182, "bbox": [104.0, 0.0, 59.0, 81.0], "category_id": 3, "id": 675}]}