{"images": [{"id": 0, "file_name": "images/L_189.jpg", "width": 256, "height": 256}], "annotations": [{"segmentation": {"size": [256, 256], "counts": "QUi04i75\\HMU7b0L3DXO\\Il0`6<N1O2O2M2O000O001O1O0O1O2O0O1010O001O0100K40100M3N2O100O1N101N2N2N3N1N1O011O0001O010OO101O10O010O1O00O2M2N300O100N2N2O100OgNoJEQ5;QKCo4<RKDn4:UKEj49YKGg48ZKHf46[KKe43]KMc41_KO`42`KMa43_KMa43_KLb44_KJb45_KIc47^KFd4:_KYOj4g0XKWOh4j0ZKROf4o0_KlNa4T1aKjN`4U1cKhN]4X1V1N2O0O1O1N3N1O1L5N1010LYOnHg0Q74001O2@lH1U7NnHH[769M3N3MXf;"}, "iscrowd": 0, "area": 6406.0, "image_id": 28, "bbox": [100.0, 51.0, 107.0, 135.0], "category_id": 1, "id": 90}]}