{"images": [{"id": 0, "file_name": "images/L_205.jpg", "width": 320, "height": 240}], "annotations": [{"segmentation": {"size": [240, 320], "counts": "m[m03\\79I7J7I6H2O4J:F2O1O12N0OO1O3N1O40L10O1L4O100cJ[Nn4e1oJ]NS5b1iJaNZ5GjJj1b5K2O1N2O1O0000O01O2N2O2N2N2O0O101N10000O1O10000000000O1O1O1O1O1O10O01O1O1O1O2N1O2N100O1O2N1N3N1O1O1O2N4KaXk0"}, "iscrowd": 0, "area": 2994.0, "image_id": 222, "bbox": [125.0, 75.0, 77.0, 89.0], "category_id": 1, "id": 785}, {"segmentation": {"size": [240, 320], "counts": "cm:54No64oHNP73oHNQ780O2O0000000O2O1O010O000001O1OHlH4S7KoH5V70000O1OV^j1"}, "iscrowd": 0, "area": 241.0, "image_id": 222, "bbox": [45.0, 145.0, 23.0, 15.0], "category_id": 1, "id": 786}, {"segmentation": {"size": [240, 320], "counts": "W[b08W72O0O2O1O1O00001O00100O10O01O1O1O10O001O001O01O1O10O0100O0001O01O0001O2@RI:T7N1O1O10O01O1N101O1O2MR\\]1"}, "iscrowd": 0, "area": 703.0, "image_id": 222, "bbox": [78.0, 68.0, 46.0, 28.0], "category_id": 1, "id": 787}, {"segmentation": {"size": [240, 320], "counts": "PmS12]73M3N2N1O00010O1O1O001O010O10O10O001O01N2O1O00100O1O001O1O1O1O100O1OQln0"}, "iscrowd": 0, "area": 360.0, "image_id": 222, "bbox": [152.0, 46.0, 35.0, 18.0], "category_id": 1, "id": 788}, {"segmentation": {"size": [240, 320], "counts": "T_n12^72M2O1O2N1O3M1O001O011N1O001O010O01O00100O1O1O2O010001N00O2M3M2N2N2O1O1Odj3"}, "iscrowd": 0, "area": 447.0, "image_id": 222, "bbox": [266.0, 130.0, 36.0, 30.0], "category_id": 1, "id": 789}, {"segmentation": {"size": [240, 320], "counts": "^Vi02]72N102N1O001O001O100O0010O000010O0001O00100O1O1O1O1O0010O010O010O102NO1N2MUlX1"}, "iscrowd": 0, "area": 296.0, "image_id": 222, "bbox": [107.0, 123.0, 36.0, 21.0], "category_id": 1, "id": 790}, {"segmentation": {"size": [240, 320], "counts": "cii15[73L3N2M3N2O0O2O000O2O1N10O02O1O00O11O1O1O01O1N12O1O5KN3N2M3L8I2N3L2O2MQg8"}, "iscrowd": 0, "area": 750.0, "image_id": 222, "bbox": [246.0, 145.0, 35.0, 54.0], "category_id": 1, "id": 791}]}