{"images": [{"id": 0, "file_name": "images/L_218.jpg", "width": 320, "height": 240}], "annotations": [{"segmentation": {"size": [240, 320], "counts": "XU32]73M2O1kH3d6NYI5f6;O1001O4MN100O101N10000O2N1O22M1O1O001O2N1O2N100O2N4CRIOZaP2"}, "iscrowd": 0, "area": 701.0, "image_id": 232, "bbox": [12.0, 114.0, 32.0, 30.0], "category_id": 1, "id": 819}, {"segmentation": {"size": [240, 320], "counts": "gSU11=0d60\\I1b61]IOc61\\I1c60XI4h691O2N2002M0N3M2O2O0O101O00000000000000001O02N0O101N1N3M4IoHJT72kem0"}, "iscrowd": 0, "area": 652.0, "image_id": 232, "bbox": [158.0, 82.0, 33.0, 25.0], "category_id": 1, "id": 820}, {"segmentation": {"size": [240, 320], "counts": "eQk01^71dH1T78N6J2N1101N1O000000001O1O000O2O002N3MfP[1"}, "iscrowd": 0, "area": 301.0, "image_id": 232, "bbox": [114.0, 94.0, 21.0, 19.0], "category_id": 1, "id": 821}]}