{"images": [{"id": 0, "file_name": "images/L_225.jpg", "width": 256, "height": 256}], "annotations": [{"segmentation": {"size": [256, 256], "counts": "S[i06i73L4N3L3N2N1N2O1O1O002M2O1O1O1O0000001O00N200000O10000O10001O001O1O0010O1O4M0O2N100O0O1O2N>B4F`dj0"}, "iscrowd": 0, "area": 1360.0, "image_id": 239, "bbox": [101.0, 90.0, 46.0, 39.0], "category_id": 1, "id": 835}, {"segmentation": {"size": [256, 256], "counts": "gZ13m72ZHL[76cHL\\74dHM[73dHN]72bHOk0Lb55cIO3N<0o53aIO30<OP61aI030;0Q60aI13ONN43[6NaI120NO32\\6O`I04OM023]6N`I13OMO33]6N_I24NMO32^69aIFNO32^69aIGMN42_68`IHMN42V6MjI;0GMN33<Km44eJ1180HMM35:Lo41fJ2080GNM37OI13W51gJ1O82K1OOI13W51gJd00A00OI11[5o0dJWO080C\\5R2dJmMW51iJl006V5POjJT2T5=O1O01O0O3N4KJ^MUK^2k4eMVKY2k3gMcL2BV2j3iMdL3ZOZ2Q4dMeL3YOY2n3hMjLNWO[2o3gMkLa2U3eMeL[2[3fMdLZ2[3hMeLW2[3ZNULe1k3X113NN1O00TMSLe1m3ZNULe1l3ZNTL`1S4_NmKa1T4^NlKb1U4]NkKc1U4]NkKc1U4]NkKc1U4]NkK]OKi1[4jNkKZOLl1U4mNPLVOLm1T4mNPLUONm1R4mNQLUONn1Q4mNQLTO0P2m3kNTLSO2S2h3jNdL`1R3`NnL\\1V3cNkL\\1W3bNiLZ1^3cNbLZOZOm1V4hNgLV1\\3WNPLOe0j1Q51O8H5KO1O10O1000HaJPN^5n1;N2M4M2O1O1O1O0L41000bNfIV1c60`IgNW6Z1dIhN^6[12N2O1N3002]IiNV6_11M210N2O1N200100O1O1N2iIdNi5]1VJcNj5h11OO0111O00010O\\JVNS5k1jJWNV5j1fJZNZ5e1fJ[NZ5f1dJ\\N\\5T20N1O200O010O0100hJgMh4Z2RKoMk4S2PKPNP5`2O01N3N2O0O1O010OQK]MINf4e2`KbM`4^2_KcMa4]2]KdMd4\\2[KeMe4j21O100O1K410000O100WKPMb4W3000001O00O0O2O102L3N1O2M2O1O`0A2N_JhM_5S2_JUN\\5V22O000000cJcMW5^2eJeM[5`200001O14D[MSKc2n4`MoJ`2Q57O2O10000SKSMf4o2XKSMe4U3M3O2N4ZO_LeL]3a3dL[LY3j3hLoK^3R47100001N9QLRL\\3o3bLRL^3n3aLTLV3JlL_4S3bKlL_4S3aKmL_4S3aKmL^4T3bKlL\\4V3dKjLZ4X3fKhLY4X3iKgLW45kKe2NUMX45jK6KR24bMV45mK6JS2`4gMeK6KT2a4dMeK8IT2d4bMcK:IU2o4jMRKV2o4hMQKY2P5eMQKe1NhNQ5BQKg1NgNR5@SKf1LjN^5a0aJ\\O1GO1`5k0aJ\\O1GO2_5j0bJ]O0GO1`5k0aJ\\O1HN1`5j0bJ\\O1IL1b5i0bJUOLO52KNd5l0aJTOL051JOd5k0bJUOLN53INd5j0eJWOJM44INd5c0lJ^OCL55HNd5c0lJ^OCK66GNd5b0mJ_OM1BNc5b0oJ_OL7U5:oJ_OL6W59nJ@L1AOe5?oJAK7W55QKBI9Y5ORKFF;Z5LdK3_4HdK8R6I\\H2j7NY3"}, "iscrowd": 0, "area": 33982.0, "image_id": 239, "bbox": [5.0, 0.0, 249.0, 218.0], "category_id": 2, "id": 836}]}