{"images": [{"id": 0, "file_name": "images/L_288.jpg", "width": 320, "height": 240}], "annotations": [{"segmentation": {"size": [240, 320], "counts": "i55Z74K3N1O1N2O1hNDZK>e4CYK>f4CWK`0i4AVK`0i4@WK`0i4@WK`0i4@XK?h4AYK?f4AnJLBO0c0`5APKM_O00c0Y2[Oj05_MM^O0Oc0[2\\OHOjN5EN^Oh0[2VOG0jN4Gk0j1QOC0lN5Gj0j1QOB1kN5Ij0k1PO@1jN9Ie0n1RO^O0iN<Ic0Q2QO[O1jN<Jb0c0nN;3=2jN;Jc0d0mN;5;0jN6^OJ>m0d0PO;3UOM?3^O9BE=P1d0oN<3SON?2]O5CJc0P1?nN=2ROO?2ZO7HGa0Q1>oN?1POO`02WO9LE90DS1Q1mN`01nNOa02TO;0C7X1f0iNa00lN02ML4E=3B6X1g0hNa01kN01OL1F?3_O8Y1f0hNb00jN11OL1F?3_O7Z1f0hNc00iN02OLg0IWO6\\13cN63S11fN12OLg0IUO6_14bN43U11fNO21Kh0Of05^N43V11dNO31Ke23XM423Ka06WO021Kd24XM343Ic06VOO22Kd24XM2h0g0[OVO011Lc25YM0i0i0ZOTO021Kc27YMMk0k0YOSO020Lc26ZMLl0n0VOmNK0572Ka28[MJl0h0QOWO5KM1471La27\\MJk0j0SOUO8MM60Ma26]MJj0m0TORO6NN70Ka26^MJh0Q1UOnN51O40La26^MIh0S1VOmN3203OLa26`MGh0W1UOjN3402NLb26`MFi0Y1TOiN1521NLa26eNP1iNgN3501NMa26dNR1iNfN44O2OKa26dNT1jNdN44O2NLa26cNV1jNbN64N2NKa26cNX1kN`N65M2NJ`28bNY1mN^N66M1NI`25eN_1WObNE1g2L]Nc1WO`NF1e2J_Nf1WO_ND2S4a1ZL[NC5Q4a1]LZNB5n3c1aLWNA7m3c1cLUNA6k3f1eLSNA7i3f1hLRN^O8k3e1RMTNkN4R4>nKe0V1hNkN4R4>mKf0V1hNlN4P4=oKg0Y1lNg2=QLg0Y1kNd2?TLf0T1hNlN2k3`0VLf0S1hNmN1j3a0VLf0S1hNnN0h3b0XLf0R1hNl2c0RLe0R1iNk2a0TLf0Q1jNj2?VLg0Q1jNg2?YLg0P1kNf2=ZLi0P1kNd2;^Lj0o0jNc2:aLj0m0mNa24gLo0i0lN`23iLP1i0lNZ3Q1jLnNV3Q1lLoNS3Q1mLoNS3Q1oLnNP3R1]1oNUJP1k5POVJP1U6OCPO\\J0Dn0^6ROdIk0]6UOdIj0V6\\OlIb0R6@oI?o5CQJFJe0S6GUJ9h5KXJ4f5NZJCH8l58\\J_OI8j5;]J\\OK7h5?eJ_OZ55XJM>MZ53\\J18Ln54SJKP63oINP63oIMQ64nIMQ63PJMo54RJJn57SJGm5;QJEo5;SJAo5`0`01O1OO100N2BVI5k6JXI3i6NWI1i6OXIOi62:1O1O1O1O2N9G001O0000000000000_IAQ6?nICQ6=mIAW6`0gI@Z6a0cI@^6h0100O1000000O1000dI_Oi5a0VJBh5>WJEg5:ZJFf5:ZJFf5:YJGg59YJFh5:XJFOIZ5a0fJF0H\\5c0aJH1E_5Z1`JeNj0Mf3_1^KdNl0Oe3d1[L^Nd3a1kK^NM4W4]1jKhNHM]4Z1jK\\OT4c0kK@T4`0kKAU4>jKEU4;jKGU4:hKIW4i1OO1N2M3K5M3O1O100O1O100O1N2O1001O2N2N1O1O1O2N001O1O2N3M1O2N3M1OO10000000000000O100000000000lNlKlNT4U1PLeNQ4\\1TL^Nl3c1WLjME9T4n1^LPNb3Q2^LnMb3T2\\LkMe3W2[LgMe3Z2[LeMe3\\2[LcMe3_2e02N2N5K3M2N2N00000000O10000O10000000000000000000000O1000000O1000000000000O10iKSMk3m2ULSMk3]2PLlM5Hj3\\2SLiM3Lj3Z2TLjM2Mi3Z2ULgM3Oh3[2TLeM42g3Y2ULcM64e3Z2cLhM\\3Y2cLgM]3Y2bLhMCHc3a2iLgMDIb3a2hLfMFKa3_2hLgMFKb3_2fLgMGKc3_2dLfMJJc3`2bLgMJJd3`2aLeMLKc3d2\\LaM1Kd3T3\\LlLd3S3\\LnLd3R3\\LmLe3R3\\LnLd3R3[LnLf3T3XLlLh3]3\\L^L\\3b3dL^L\\3a3eL_L[3a3dL`L\\3_3eLaL[3_3dLbL\\3]3eLcL[3]3dLdL\\3[3eLeL[3Z3eLgL[3X3eLiL[3W3dLjL\\3U3eLkL[3T3eLnLZ3R3eLoL[3P3fLPMZ3n2gLSMY3l2gLUMY3j2gLWMY3h2gLYMY3f2gL[MY3e2eL]M[3c2`LbM`3W300000TL"}, "iscrowd": 0, "area": 48733.0, "image_id": 279, "bbox": [0.0, 0.0, 319.0, 239.0], "category_id": 2, "id": 950}]}