{"images": [{"id": 0, "file_name": "images/L_303.jpg", "width": 256, "height": 256}], "annotations": [{"segmentation": {"size": [256, 256], "counts": "WS>4i74M203M1O1O0010O00lNEdJ;Z5HYJ1_O9j5B\\J86OC8h5D]J671C6e5F`J560E5c5I`J37OF7a5IaJ17f0X5YOaJ16g0Y5XOaJ150I7a5J`JO5h0[5YO_JO6j0Y5WObJO4k0Z5WOaJN5k0Y5HhJ6Y5JgJ5Z5LdJ[OL:a5H_J24K08\\5L`J04K29Z5KbJ10K4:Y5JcJ`04FL\\OX5?hJ>4NR5DjJ=50Q5CiJ=43n4ROnJ?O:1:l4UOSK\\2l4=O002N2N2M2M4QLkLj2]3nLhLR3S4O1O2O01TLgLn2Z3RMgLj2\\3gLUMV3n2fL\\MP3i3I8O\\OTMWLf2j3cMQL_2m3eMPL[2Q4gMkK[2T4gMiK[2W4f0102M3M2N1N35K00O2O7H1O1N100001O003K4N0000000O101N101]LfL^2[3hLdL:NC7X3Y3iLkL31T3f3iL[LW3W400105J0O1N2N?B001N3NNYLoKd3k3]LULf3m352N2N2O0K6O2O1N2N1iLeK0L^2a4]MkK4DS2[5nMcJR2]5:L4M3M2M3N20000000iMRK\\1n4bNUK]1l4_NYK_1g4_N[Ka1f4SNQK1;l1n4oMUKQ2_5N1O1OOO2N111O1O001O001O1N2O2M2N5K1O000O2N2nNYId00ZOR7c07AgH5b701O000O1O1O2MkS:"}, "iscrowd": 0, "area": 13538.0, "image_id": 50, "bbox": [56.0, 34.0, 157.0, 170.0], "category_id": 2, "id": 157}, {"segmentation": {"size": [256, 256], "counts": "f]i04j75K3N2E:O2M3K5N1M5N1O2N2N3M2M3N2L9G9G4004KO2N101N1O1N2O10O100O2O0O000001O0001O1gN]J3d5PO^J80F1Q1o5UOZJj0n5mNSJS1]6O1000N2O0N3O001O01N10O001N111O100K6O00001N1O2N0O2O000001010O0001O000O102N5K01K4M30O010O100O1O1M4M2N2F]IUOf6i0;N1N2N2M6H6KYR="}, "iscrowd": 0, "area": 5183.0, "image_id": 50, "bbox": [101.0, 148.0, 100.0, 92.0], "category_id": 2, "id": 158}, {"segmentation": {"size": [256, 256], "counts": "Se:5k70F0cH2[7OdH2W7LgH302X7>lH_Oi6a0TIBl6i01O05L00001O01NO1XIoN_6R1aIoNX6X1hIiNW6V1hImNW6^1100O1O3M0000N1O200M6K3M2N3OO1O1O1M62K1O000001SNSJd1T6010O1O1OO2O010O2N2N211OO05mNhI3[6GgI:P70O13L100O1O1O1O1N1O2O1O2N2N10gQS1"}, "iscrowd": 0, "area": 3028.0, "image_id": 50, "bbox": [42.0, 135.0, 71.0, 70.0], "category_id": 2, "id": 159}, {"segmentation": {"size": [256, 256], "counts": "U[b17i71N2PKJS28iMNT23jM0S21mMOR23lMOS22lMNT23iMOW21dM4i1B\\L;j13h1F\\L7Z1f0X2UO]L3[1l0U2KfLnN`0[1f2HiLPO>b1`2^ORMQO<d1`2[OSMRO<e1`2YORMUO<d1a2XOQMUO=d1c2VOPMWO;e1X2oM^MU1NXO;e1W2B\\MjN=e1U2B^MkN;d1V2B^MQO5]1]2B^MUON]1c2^O_Mc1b2]N]Mb1e2k13L5L3L4N2M5M00O0YOgKhMX4X2nKbMW4X2kKgMV4X2kKhMU4W2kKlMR4U2nKQNk3P2WLnMg3T2ZLlMd3T2]LlMb3R2W1O1O100O1000002N4L2ZN"}, "iscrowd": 0, "area": 6985.0, "image_id": 50, "bbox": [200.0, 51.0, 54.0, 186.0], "category_id": 2, "id": 160}]}