{"images": [{"id": 0, "file_name": "images/L_420.jpg", "width": 256, "height": 256}], "annotations": [{"segmentation": {"size": [256, 256], "counts": "QZc02n73L4M2N1O2O1N2N1O10O0100O2N5L3L2O1O1O1O1O2O1N2N2N1OO101N1O2N2O1N3L4M2M4L3KmTS1"}, "iscrowd": 0, "area": 1005.0, "image_id": 395, "bbox": [76.0, 64.0, 38.0, 57.0], "category_id": 1, "id": 1457}, {"segmentation": {"size": [256, 256], "counts": "R1n6S1O001O1O1OO100HVIYOk6f0WIXOj6g0XIWOi6g0ZIXOf6g0:O1O1O11O2N2N1O1O1OO1M3J6J6K5M3O100O1O1O10P80PH001O001O1O1O2N1O5KIaHM_737000004LkWZ1OVheN0O100O100O1O100O100O100O10000O10000O100O100O1N2M3N2M3N2N2O1O1O1O100O1O1"}, "iscrowd": 0, "area": 64199.0, "image_id": 395, "bbox": [0.0, 0.0, 255.0, 255.0], "category_id": 2, "id": 1458}]}