{"images": [{"id": 0, "file_name": "images/L_446.jpg", "width": 256, "height": 256}], "annotations": [{"segmentation": {"size": [256, 256], "counts": "1o7101O00001O001O001O1O001O1O001O001O1O001O1O001O1O2N1O2N1O2N2N1O2N1O2N1O2N2N2N2N2N2N2N2N1O2N1O2N2N2N2N2N2N2M3M3M3M2N2N2N2M3WKgMh3[2mKQNP4R3L4M3M2M3N2M3M4M3UNSL]OQ4?j1M4L3N3M2N1O2N2N1M4I9I9HccZ1"}, "iscrowd": 0, "area": 15470.0, "image_id": 419, "bbox": [0.0, 1.0, 84.0, 254.0], "category_id": 2, "id": 1547}, {"segmentation": {"size": [256, 256], "counts": "jSl0=]77N2N2N1O1000OPI[Of6f0YI^Od6d0YI_O_6V1J5M3O010O1O0001N101O1O2O0O101N4M1N1OBhNTJY1i5mNTJR1k5SOSJm0k5e0N2O2M2O1O2N1O1N10O10000O010O2O0N3L3M4L6J8I20O0100O100O100O2^O]IDe6:]IDd6<\\IDe6:\\IEf69[IFg68ZIFi69XIDk6:VIDm6:TIDo67mla0"}, "iscrowd": 0, "area": 3632.0, "image_id": 419, "bbox": [112.0, 95.0, 71.0, 76.0], "category_id": 2, "id": 1548}, {"segmentation": {"size": [256, 256], "counts": "QoR12l74ROOhI4R6a0[IC`6T1F9I6M1O2N1O2N1O2O1N101O1N5L4K100O1O1O1O1O1O1O1N2N2N2O100O1O100O1O1O100O1O100O100O100O10000O10000O100O10000O10000O100O1O1O100O1O1O100O100O100O1O1O1O100O1OVNWL_Oh3a0cLUO\\3l0eLSO[3m0eLSOZ3m0hLROX3n0iLQOW3o0jLPOU3P1mLoNS3Q1nLnNQ3S1oLmNQ3R1QMmNo2S1RMlNn2S1TMlNl2T1VMjNk2T1XMjNh2U1[MiNf2U1]MiNc2W1_MgNb2W1`MhN`2X1bMfN_2X1dMfN\\2Z1fMdN[2Z1gMeN[2Y1eMgN]2V1eMiN\\2V1dMjN\\2U1fMjNZ2U1gMkNY2T1iMkNW2U1iMkNW2T1kMkNU2T1lMlNT2S1nMlNR2R1RNlNn1R1XNjNh1T1^NhN"}, "iscrowd": 0, "area": 11120.0, "image_id": 419, "bbox": [139.0, 121.0, 116.0, 134.0], "category_id": 2, "id": 1549}, {"segmentation": {"size": [256, 256], "counts": "mZ_1a0Y78J6L4N2N2M4M2N7I0O001N1N3N1O20O010O10O100O010O1O001O0011N2O1N2O1N2O1N2O1N101N100O101N100O101O003L4M1O1N3N1O1N3N2N2M:G3L5LeT1"}, "iscrowd": 0, "area": 2800.0, "image_id": 419, "bbox": [189.0, 61.0, 60.0, 69.0], "category_id": 3, "id": 1550}]}