{"images": [{"id": 0, "file_name": "images/L_45.jpg", "width": 256, "height": 256}], "annotations": [{"segmentation": {"size": [256, 256], "counts": "jRi05h77\\O0nH4n6b0M2N3L4M2O2M6K1O1N2O001O100O1O001O6J2O1N0010O1O2N2QNSJh1R61L4M3O0010O11O1O1M6J3O0110O2M2M3kM[Jj1m51N2O1N101O00000VJlMh5V20010O01O1O1O2O3L5KO101N1O1O100000000001N2N2N1O2N1O2N100O2O0O2N1O2N2N2N3N2M6K1N2O0O2M3M4I7GQl="}, "iscrowd": 0, "area": 5643.0, "image_id": 422, "bbox": [100.0, 61.0, 98.0, 108.0], "category_id": 2, "id": 1571}]}