{"images": [{"id": 0, "file_name": "images/L_467.jpg", "width": 256, "height": 256}], "annotations": [{"segmentation": {"size": [256, 256], "counts": "\\`h01n7101N1ZHM_74^HOa71^H13LW7<gHGW7:gHIW7a0FXOVIk0k6WORIh00YOk6i0UI]Og6P1NO100O1N2M3O1000gIoNc5Q1[JROd5n0[JSOe5m0YJVOf5j0XJXOh5h0WJZOh5f0VJ]Oi5d0TJ^Ol5d0oI@P6Y1O001OERJdNn5[1YJ`Nf5`1=O1O1O100O1O1000000000iIcNk5]1UJdNj5[1VJgNi5Y1WJhNh5X1WJjNh5V1XJjNh5V1WJkNi5V1VJjNj5X1SJiNm5Y1QJgNo5d110000000000000000000000001O2N2N1O0000001O0000N2N2N2N2N2N2N2M3J6L4N2N2N2N2N2I7G9NQ`?"}, "iscrowd": 0, "area": 4496.0, "image_id": 438, "bbox": [98.0, 0.0, 94.0, 67.0], "category_id": 3, "id": 1620}, {"segmentation": {"size": [256, 256], "counts": "h`33j75CLhH8T7<GZOTIj0j68N2N2N2N1O000000001O1O1O1O7I1O001O1O00O100O100G9K5J6M3DUIAm6<=K6K401N3Mmgb1"}, "iscrowd": 0, "area": 1419.0, "image_id": 438, "bbox": [13.0, 0.0, 39.0, 56.0], "category_id": 3, "id": 1621}, {"segmentation": {"size": [256, 256], "counts": "n]29[7a0_Oa0_Oa0_Oa0@`0F8M2N1O2N1O2N1O2N]NQLVOn3KTM4^5N3M2O1N2O1N101N100O0O1O2N1O2N1O1O2N1O1O2N2NRM7gMGS2j0bMVOZ2X1^LQOAGP4f1PLZOo3T1cKmN]4[21Oh0XO3MXOh000000000001WMhKh1d5D8HZMeNoNS1h0@SO;g04TOHj0b0ROZOm0o0QOkNP1\\1oN]NR1j1mNoMT1Z2iN_M_1f2WNWMR2P3^MPMg2Z3jLfLh2>dLR3:`Lj2a4oL_Kj2l4RMTKj2S5O1N2O1O_KfM^3Y2_LYNS3f1iLeNQ3Z1kLQOo2R1jLXOP3Q3K4L4Lb0^Ol0TO:FO100O1gNY1iNW1N2N2N2L4AYLaLk3_3;0000O100002N4LJ6K5M3lNdKdN\\4\\1mKZNT4f1PLVNP4k1SLRNl3n1XLUNa3k1fLmM[3U2W13N2M4L3M3M3M3M4L3M4L6J5K6J4L4L4L4L4L3MK5L4LSMnKT2n3kM[LQ2b3mMfLP2Z3kMeL[2[3`MdLf2[3WMeLm2[3PMeLS3[3iLgLY3m33M3M3M3N2M3M3N2N2N2N2N2M3L4L4K5LjMoLEl2gNSM;=P1\\2fNYM2a0[1R2eN^MKc0c1k1cNdMEd0h1XOaM^2Q1gMBg0j1XOcMW2R1kM^Og0l1[OdMQ2R1mM^Og0j1_OfMj1S1PN]Og0h1ChMd1S1RN\\Oh0g1FjM]1T1UN[Oh0e1JlMW1h0PNB75h0d1MmMQ1h0VN@47h0b11oMk0f0\\N]O2<g0`14QNd0f0nNI:^17TN>e0QOJ:\\18WN:b0UOK:[18ZN7?XOL9Y1:^N2=[OM:V1:bNN:_ON:U1:eNI9DM9S1<iNC8HM9Q1<mN[O;NI;n0=nN`N@c0P13F=l0=nNbN@=R15E`0j0=oNbNA9R16Fb0g0>POcNA5Q17Ic0e0>POeNA3o05Me0b0?QOfNA1m040f0a0?POhNCOj041g0a0b0nNfNFMc098b0a0e0kNeNIM5`0g08`0i0iNbNMP1j0E?m0gN_N1l0j0G?Q1cN]N5i0f0Lb0b1jN`N?2h0^1kN^N89m0Y1mN^N1;S1V1oN_NK;W1V1PO_NF<Z1U1ROaN_O:a1S1SO6n0JTO4l0KUO4l0LTO30ZM1b203O\\M1a203M^M4Z237IaM3V268GcM3V257GeM3U255HgM3V233HiM5U215GhM8R219CfM<Q21;_OfMa0n10?XOgMh0j10W12gNOY11eN1Z11dN0\\11bNO^12`NOa12]NNc13\\NMe14XNMh14WNLi15WNIk15VNKj14XNKi15VNKj16VNIj18VNGk19TNGl1:TNEm1MTLEn1>o1MSLEn1<Q2ORLDl1=S2NTLCi1>T2NVLCd1?W2NWLAb1`0X2N[L^O\\1d0Z2MYN2h1MXN2j1NVN1l1MUN2o1JQN7R2EoM;T2BkM?X2]OiMc0i40bL"}, "iscrowd": 0, "area": 23467.0, "image_id": 438, "bbox": [9.0, 10.0, 246.0, 245.0], "category_id": 2, "id": 1622}, {"segmentation": {"size": [256, 256], "counts": "bl6R1j6>A<E7I6L5K5J5L4L2N2N2N2N2N101N2N2N2O1N2N2NVN_LXOa3f0oLmNP3T1]M_Nb2a1o10Ol0TOK5F:L50O001O3fJ`No3Q3G9H5JSM\\L`1c3YNmL^1S3[N\\M^1b2`NjMX1R2mNTNl0j1VO^Na0d1_OcN9^1JeNN\\1;cN\\O_1l0_NkNd1Y1_N^Na1[1f2E:K5K6J5N3N2O\\IN\\51^Jb0V5]OcJQ1W5RO_JZ1[5l0J5K6Jk0UO7I4L001O001ND=VOj0]Oc0G9L4L4M4L3G9O2O000O18IL3K5K6L021mNeIa0[6_OhI?W6BkI;V6EmI`0k5@YJ9j5GZJ2i5OT13M3L4L4M3L3M3M4M2M3N4K7J6J5K5J5L2NM2L`JUNT5f1nJ`No4[1RKlNk4o0UKWOi4e0WK\\Om4a0PK@U5>fJC`5<YJFl5S15K5M3L4M3L4L4M3L4L4M3L4L4L5K4M2M410ORJ5g3JoK=T4DdK`0_4AYKc0k4\\OnJh0U5YOcJk0`5UOZJn0j5ROPJo0T6QOhIP1[6QO_IQ1e624L6H8F;El[b0"}, "iscrowd": 0, "area": 9123.0, "image_id": 438, "bbox": [27.0, 69.0, 154.0, 144.0], "category_id": 2, "id": 1623}]}