{"images": [{"id": 0, "file_name": "images/L_582.jpg", "width": 256, "height": 256}], "annotations": [{"segmentation": {"size": [256, 256], "counts": "c3W1i61O010O1O2N2O0O2N1O2N2O1N3M3M3M2O2M3M3M2O0O2N1O1O10O0000001O0000jJeMg4[2UKiMk4W2nJPNS5^200RKWMe4i2YKYMg4g2XKZMi4e2VK]Mi4c2WK]Mi4c2VK^Mj4b2UK_Mk4k21O01O0[NmL]NS3c1nL\\NR3c1oL^NP3b1QM[MM`0S3n1mLVM4;M`0R3P2mLUM3:0`0P3Q2nLTM3:0a0n2R2oLSM3909W3\\2fLQM3:16Y3^2eLQM1936X3a2dLoL2935X3c2dLoL0:41Z3g2hLWMN1Z3j2hLUMNO[3l2gLVMNM[3n2gLTMNM\\3P3fLSMNL[3R3gLSMNI\\3U3fLRMMI]3U3gLQMMI\\3W3fLQMNF^3Y3dLQMMF_3Y3eLPMd3Q3[LPMd3Q3\\LnLd3R3]LnLc3R3\\LnLd3<RLo1;eMb3;TLQ2:cMb3<TLR29bMc3;ULS29bM`3<VLT2:_M`3<WLb1N]N<D^3=WLc11ZN;E]3=XLd11ZN:D]3=XLf12YN9C\\3?YLd15XN7D[3?ZLe15XN7CY3`0ZLf18UN6DX3`0[Lh17TNo33jKl16QNn34lKl17nMm35lKo17lMl35mKQ26jMl34oKS26gMj37oKT27eMi36QLW26aMi37QLZ26_Mi36QL\\26^Mh35SL_25ZMi36QLb26XMh35SLd26VMf35TLh25RMg36TLi25QMg34TLm26mLf36TLo25kLh33TLS34jLh32SLV3Y4hLhKZ3V4fLiKe2MnM`4S2`KmM^4U2cKkM[4V2eKjMZ4W2fKiMZ4W2gKiMW4Y2hKgMX4Y2hKgMW4Z2iKgMV4Y2kKfMT4[2lKdMU4\\2kKdMT4]2mKbMR4_2nKaMQ4`2oK_MQ4n1lKRN30P4JkKh17[NN2P4ImKh1<XNG7o3HoKi1`0TNB:Q4FoKm1a0oM@=o3FPLS2f0WNY3EQLY2d0QNZ3ESL^2b0jM[3GSLd2a0cMb3b2^L[M`3j2_LTM_3Q3e04M1N2NSO^K`N_4_1eK`NZ4_1iK`NV4a1kK^NU4c1lK[NS4g1mKXNP4l1PLTNk3Q2ULnMh3V2XLiMg3Z2YLdMe3_2[L`Mc3c2]L]M`3f2`LYM_3i2eLRMY3R3fLmLX3V3iLhLU3[3lLcLS3_3mLaLP3e2bLnM?[Om2h2hLlM:YOn2k2lLkMe3U2_LiM^3Y2dLfMY3]2hLbMU3a2mL^MP3d2QM[Ml2h2VMVMg2n2bMhLZ2]3Q15J5K61O;E5KM3M3M2J7E;F;D=L3L5JM5B>C=K6J8H6J4L5KXLfLR3Q3QMRMR3h2nL[MV3d2eL^M^3a2^L`Mn0Fb00bNj2EfM`0_OO6S10hN\\37_LN7o03jNU38dLN6n03kNS35gL15n03kNP33lL33m03lNn20oL71k05mNo2IoL=0k05nNb37ZLj06nN_38[Lk07mN\\37^Ll08lNY37aLHZOl0m0UOV36dLG[Oo0m0ROT36eLH\\OP1l0ROR33hLLZOo0m0QOQ32iLNZOn0n0ROm20nLOXOo0n0ROk2NPM2WOn0P1QOh2MRM4VOo0Q1POh31WKP1R1nNg32VK2Kf0Z1TOd34WK2Nd0W6ZOkI21b0S6]OkI15?P6@kI0c04b5KkI1e03_5MkI0i01[5OmIOY70gH0Y71fHO^7MbH3e70000O100000jc6"}, "iscrowd": 0, "area": 25338.0, "image_id": 511, "bbox": [0.0, 62.0, 228.0, 191.0], "category_id": 1, "id": 1850}]}