{"images": [{"id": 0, "file_name": "images/L_601.jpg", "width": 256, "height": 256}], "annotations": [{"segmentation": {"size": [256, 256], "counts": "P2W2W1^Ng2b1WMaNg2`1ZLjMe0h0Q3^1VLoMg0d0R3h1kLZNU3f1iL[NW3e1hL]NX3b1gL`NX3_1hLcNX3\\1hLdNX3\\1gLfNX3\\1^LlNb3j2iMiKc0V4]OkKc0T4]OmKc0R4]OoKb0U4ZOlKe0W4XOjKh0X4TOjKk0Y4ROhKm0Y4ROhKn0X4^NdKN5c1X4^NjKHOj1W4^NmKDMn1V4]N]Lc1c3QNiLn1e400000O1K5O1O100O1O2O0O100O2O0O10001O0O10001N1N2N2N3O0O1O1O2O0O2I7M3M3N3M2N2L4D;N3L3M4M2O001O0O2M2O2K5JmKSM^3l2`LYM_3g2^L^M_3c2^LaMa3`2\\LcMb3^2]LdMb3\\2]LfMa3[2^LgMa3[2[LhMc3[2YLhMf3Z3O1O1O0000O10000L41OJ61O2O2M2OO10O010@kKSMU4FkKo25XMX4d2mKYMU4e2mKXMV4g2c0N2O0O1M3N3M23M4K4L2M3N@e0J1O2N1O20O1N3N1N3I8L3M3NK4N2O1003N^MhJ^2\\52N2OO0G9N2O2N10J51O2O0010]KjMZ3V2aLoM^3R2dKgMf0=e3o1oKdMKa0U4k1oKgMIa0S4l1RLfMH?W49jKb04^OR41lK`0O@V40mK_1T4bNnK[1Q4gNPLW1o3kNSLR1g3UOaLb0a3]OaL1@oNP4o0bLLEQOk3R1bLHHSOh3T1eLAGXOg3V1eL\\OU4c0lKkNQO9X5k0mKnNY4Q1\\1O1ROUIe0j3@TO>f0LWO3:>OWONn00ROOP10PONT10lNOU11kNMV14jNJX17gND]1=cNYOg1g0YNWOi1i0WNUOj1l0VNROl1n0TNPOm1Q1SN[NGoNW2g0iMf08AKPOV2h0iMf06@MQOU2c0nMl00^O7iNm1m0lMm0OdNi39XLS1OcNl39TLR12cNj3=ULm03fNf3?YLi01hNf3?\\Le0OlNd3`0jL7BYOd3`0nL3^O\\Od3a0QMO]O@b3a0QML@C^3=XM@kNLc07Z3GSL;X1IG5W33SMFF7X33UMAD2mN5Z46]ND[M5Y44^NF[M5[4O\\NK[M5d7O1O2Nd_:"}, "iscrowd": 0, "area": 31926.0, "image_id": 520, "bbox": [0.0, 0.0, 213.0, 255.0], "category_id": 2, "id": 1874}, {"segmentation": {"size": [256, 256], "counts": "ai555M^7<N1O2N2M2O1000O0100L[OmHe0Q7^OnHb0P79L3L4M3M4M2N2O101O0O101N1O1O2N1N2O2M2N201N101N2O1O2N1O1O1O1O0010O010O1N101N2O1N101O1N100O100O100O100O0100001O2N00001N01N2O1O1O110000O0100N2NAXJgNg5Y1]JeNb5Z1bJcN_5]1cJaN\\5`1fJ]N[5d1?101OO1O1O25K1N3M3M2N2O\\Oc0N2O1010O120O1K4M4L30L6J5J5K4M23L3N1O1O100OF;M2N3N9H3L3M3N2O[IL_51[J5e5OTJ5l5JhIIM`0[6GfILJb0^6BgIg0Y6YOeIh0[6ZObIg0_6<0O2N10101_O^IAc6;dIA^6:gIDZ6:jICX6:n0Hbnd0"}, "iscrowd": 0, "area": 7505.0, "image_id": 520, "bbox": [22.0, 0.0, 148.0, 89.0], "category_id": 2, "id": 1875}, {"segmentation": {"size": [256, 256], "counts": "eWR15h79G3N2N2O1000000O10000N2N2001O00O100O1O1O100M3L4N2000000000000001O001O1O1O1OjL\\OXO<d0NXO0<?C_O9f0OQOOR10nNOS11mNMV12jNMX12hNLY16fN_Oe1a0[N[Oh1f0XNXOj1h0VNVOk1k0UNTOl1l0TNSOl1POiMf0;9m1QOiMf098o1jNhMVO2g178o1lNkMRO0i168T2iNmMP1N6Z2gNgMQ118W2hNhMm04:T2jNjMj02;T2lNlMg00<T2oNVN;Ee0V2POYN6Bj0T2oN_N2_On0S2oNaNN_OS1o1nNfNJ^OW1m1kNjNBDc1a1WNbM;]1GBg1h1bNgNDBj1h1bNL_14^NNb14ZNNf14VNNj1T31O1O1O1O0000O10000000000O100O1N2L4L4N2N2N2O1O1O100O1O1O10O01O010O00010O00O2N1N2N3L300101N2RO"}, "iscrowd": 0, "area": 14302.0, "image_id": 520, "bbox": [135.0, 29.0, 120.0, 226.0], "category_id": 2, "id": 1876}]}