{"images": [{"id": 0, "file_name": "images/L_622.jpg", "width": 256, "height": 256}], "annotations": [{"segmentation": {"size": [256, 256], "counts": "dSa07h73^HNQ75kHMU7?O1kH[Oh6NZIQ1c68M2O2N1N1O00100O003L5L2O1O0N3N2O001L30001O001N1N3N2O001O1O1N3L3O1O101N2L4M2O2N2O0O2M2O0O11N10100O101N1N103L100O101N2O2N1N3N2N2M4M2K3N3N6K1O1N2O2M3N2\\NgI\\1`6N101I_IlNb6R1<J2M9B9Lbch0"}, "iscrowd": 0, "area": 6332.0, "image_id": 535, "bbox": [67.0, 80.0, 89.0, 108.0], "category_id": 2, "id": 1924}, {"segmentation": {"size": [256, 256], "counts": "\\b<4e78J5cHBV7g0K9G6I5K5L4M3N2O1O1N2L4O001N1M2O20ON3M12O1O2O0O001N110O010O0O100100O00100O2O0N10O2N3O0O2O0OO2O11N101N100O10O01O100O1N1O3O2OO00N1O202M3N2N1M2M3N2O7DTIWOm6g08M6J8H6Jfnn0"}, "iscrowd": 0, "area": 4821.0, "image_id": 535, "bbox": [50.0, 13.0, 80.0, 92.0], "category_id": 2, "id": 1925}, {"segmentation": {"size": [256, 256], "counts": "Pjn01m74I6cHHn6<lHJQ7f0K4L4L4H7O2N2N2L3M3N1O2001OM2O2O4L4L1O1O0O2O1N3N3M5K6J3M2M2N2O01O010O1N2M3N18IO2N1O1O002N2N001O3M1O1O2N2N2N2N2N2N2M3N3M1O2N1N2O2M2OOM4H;M2N1O2D^ITOg6i0;FlHC\\74eHK_7NRU="}, "iscrowd": 0, "area": 5758.0, "image_id": 535, "bbox": [123.0, 32.0, 79.0, 111.0], "category_id": 2, "id": 1926}, {"segmentation": {"size": [256, 256], "counts": "eeU11m73[H2S72jH0Q7b0K5TISOb6P1\\ITO`6X1N1dIcNo5b1oIaNQ6g1N2M3SJQNh5T200O2XJkMc5Y2O101O5K2N1O00O10iJ]MQ5i20O101N100O1O1O12gJ\\MR5h22O0O1O1N21O1O1O1O1OO1N3M22N2O0OO2M3M31N100ON3K4K6L4O1N2O1N4IlI\\NW6R1iIYO1CW6T1jIVO[6h0hIUO^6f0?O1N3M5CiHHda8"}, "iscrowd": 0, "area": 5025.0, "image_id": 535, "bbox": [149.0, 145.0, 72.0, 93.0], "category_id": 2, "id": 1927}, {"segmentation": {"size": [256, 256], "counts": "m4270]73_H11LU7a0hHBQ7o0F4N3N4L3L3N3L4M2N3N1N2O1M2N3L4M3M4L3M3K4M4L3N3M2N3M2N1010O01N101N10010O010O0100O001N4M3M0O2O1N2N2N2O1N7J4K3M3K5L4K5K6K4M3M4K5K5K5I>A;GTT^1"}, "iscrowd": 0, "area": 5734.0, "image_id": 535, "bbox": [0.0, 86.0, 69.0, 123.0], "category_id": 2, "id": 1928}, {"segmentation": {"size": [256, 256], "counts": "PV>4j74YHMU7MmHb0n6BoH?o6?I2N3I8N4L2M3K4L5N1O1O2M2O2N2N2L4L3M4M2001O1O1N2OO10O1000O10O10000O1O1O1O1O001O100O001O1O1O1O2M2N2M2O2N2M3M4L4K3N3L8E7FSjQ1"}, "iscrowd": 0, "area": 4386.0, "image_id": 535, "bbox": [56.0, 153.0, 62.0, 102.0], "category_id": 2, "id": 1929}, {"segmentation": {"size": [256, 256], "counts": "aQ\\14a7=L3M3N3L4M3M4K4M3L3M4K5L4J6J5I6M303M2N0000O1000000O1000000O1000000O1000000O1000000O10000O100O10000O100O100O100O1N2N2N2M3M3N2M5K5L3L4hN\\IP1m6K5J6J6Hco1"}, "iscrowd": 0, "area": 4616.0, "image_id": 535, "bbox": [176.0, 0.0, 70.0, 83.0], "category_id": 2, "id": 1930}, {"segmentation": {"size": [256, 256], "counts": "Ui06d7:A=L4L3N3L4L4M3L3M2N2N2N4N1O2N2N1O2N1O2N1O001O001O00001O001O001OO100O1O1O101N100O1O1O1O1N2M3N2M3K5L4N2N2O1N2O1O1N2O1O100O100O2N1N3M3M4M3L4N2N2M3N2N2M3L\\o[1"}, "iscrowd": 0, "area": 4025.0, "image_id": 535, "bbox": [2.0, 0.0, 76.0, 78.0], "category_id": 2, "id": 1931}, {"segmentation": {"size": [256, 256], "counts": "\\cb14`70dH7X7g0A6K5J6J7I4L100O100O2O1N2O1O00O100O1000O11O2N000O1O1O3L3N1O1N6J4L4L4L4L<XOld3"}, "iscrowd": 0, "area": 2142.0, "image_id": 535, "bbox": [202.0, 85.0, 38.0, 71.0], "category_id": 2, "id": 1932}, {"segmentation": {"size": [256, 256], "counts": "T_8i0U75L1O1N2O1O100O100O100O1000000O100001O001O001O001O001O0000001O001O2N2N2N1O2N2N1O2N2N2N1O1O1O1M3J_X[1"}, "iscrowd": 0, "area": 1508.0, "image_id": 535, "bbox": [32.0, 216.0, 49.0, 39.0], "category_id": 2, "id": 1933}, {"segmentation": {"size": [256, 256], "counts": "ggc11m74M2J7M2O1G8M4M2N2N2N2N2O1N2O1O1O100O1O1000000000000000000O1001O001O1O00O11O1O2N0000004K4K3K6GW9"}, "iscrowd": 0, "area": 1807.0, "image_id": 535, "bbox": [206.0, 208.0, 47.0, 47.0], "category_id": 2, "id": 1934}, {"segmentation": {"size": [256, 256], "counts": "^]g12l74M4K5K4M1hH_Oo6d0PI^Om6c0RI^Oo6b0PI^OP7i0KTOVIl03SOV61kIR1KPOY64hIQ1X6;O2O4L3MM33M3MO1O20O2O4K4MK5O12N1OO1N3M2O10hK"}, "iscrowd": 0, "area": 1738.0, "image_id": 535, "bbox": [220.0, 134.0, 34.0, 72.0], "category_id": 2, "id": 1935}, {"segmentation": {"size": [256, 256], "counts": "`bj14h77J5J9I6J4M4K4M4L4K4M3L4L3M4C<E<L3G9M4M3M3^O"}, "iscrowd": 0, "area": 1322.0, "image_id": 535, "bbox": [234.0, 16.0, 21.0, 114.0], "category_id": 2, "id": 1936}, {"segmentation": {"size": [256, 256], "counts": "Q`n09g74L3M3M2N2N2N3M3M4L2NO1O1O1N2O100O100O100O1O100O100O100O1O100O100O11O001O001O1O1O1O1O000000001O00000000O100O1O1O1O1O1O1M3M3N2N3N5Jlo`0"}, "iscrowd": 0, "area": 1648.0, "image_id": 535, "bbox": [121.0, 0.0, 65.0, 36.0], "category_id": 2, "id": 1937}, {"segmentation": {"size": [256, 256], "counts": "n1V1j6V1jNO100O1O100O1O101N2N2M3N2M3M3N2M3M3M4L3M3L4M4L3L5J6K6I]eh1"}, "iscrowd": 0, "area": 1501.0, "image_id": 535, "bbox": [0.0, 61.0, 27.0, 75.0], "category_id": 2, "id": 1938}]}