{"images": [{"id": 0, "file_name": "images/L_649.jpg", "width": 256, "height": 256}], "annotations": [{"segmentation": {"size": [256, 256], "counts": "P8b2^5O1O1O100O1O1O1N2O1O1O1O1O1O1O1O1O1O1O1O1O1O1O1O1O1O101N1O1O1O1O1O1N2N2N2N2O1O1N2O1N2N2N2O1N2N2L4N2N2N2L4K5N2NQha1"}, "iscrowd": 0, "area": 2832.0, "image_id": 553, "bbox": [0.0, 0.0, 55.0, 80.0], "category_id": 2, "id": 2008}, {"segmentation": {"size": [256, 256], "counts": "W3i4T33M3N2N2N00N2O2M3M3K5K6L3O1O1O1N100O2M2N3M4N1O2N1O2PNlKoNM;Y4g0mKjNK<Y4k0lKhNM:Y4o0iKgNO7Y4S1hKgNN4\\4V1fKcN14Z4Z1eK^N54Y4`1aKWN<3V4h1^KPNa02U4Q2o0O3^OUJiNQ6U1QJhNQ6W1PJgNS64iIi05QOS65jIh05POT67hIh0b6VOaI?k6^OWI;bld1"}, "iscrowd": 0, "area": 5063.0, "image_id": 553, "bbox": [0.0, 60.0, 44.0, 195.0], "category_id": 2, "id": 2009}, {"segmentation": {"size": [256, 256], "counts": "jXZ11o71O2O0O1O1O010O001O2O1N1O00005K0bHOn6`01O1O1O16J8UIiN^6U1aIPO\\6Y11N2O1N3N1O21lIgN]5_1\\JbNd5^1[JdNe5[1ZJlN`5U1^JkNd5T1[JlNf5T1YJkNj5T1UJlNl5U1RJjNQ6`1SJYNg5c1YJ_Ni5]1WJeNOMa5[1`JjNN2^5Q1cJoNO3]5k0bJTO11f5b0XJ_O2Nm5<oIH4Ml5n0TJQOl5o0TJQOl5P1SJPOm5P1TJPOk5Q1TJoNl5Q1UJoNj5Q1TJQOl5b1O1O001O1O1O0100O1O100O1O1O100O1O1O1O2M2O1O1N3N2M3M3M3M3L4M4K5K5JXN"}, "iscrowd": 0, "area": 3814.0, "image_id": 553, "bbox": [168.0, 26.0, 87.0, 95.0], "category_id": 2, "id": 2010}, {"segmentation": {"size": [256, 256], "counts": "mc63n72M0kHL_64`IM_63`INa1Nj24dKO`1Nl23eKO\\1OQ33aKO3LH0=3W44_KM4NF0HNd04\\46ZKK7ND1JN>ND6o46UKFJ2a01B59HE4^4KQL=DK;NA6:FF4]4NQL<CH>=JGQ3DgM5ZOi02HJHT3CeM4ZOi02IJGW3DaM5XOi05HJGZ3CVMMA8Ml06GKE8Bd22cMNB5Lo07FKD6Ei20_MOC[13^OKD5ER2OZN2LND[1NB0_O6ES21XN1KMEa2OlM5DU22UN4IJIV31jLY24SN2IJKW3NhL]26fMF3;0KM`3X2dLeMI580KOe3S2fLlMK1K0b3P2WLoM`0OL1LO`3U2ZLkM>OL1MO[34^Lk13QN;OM0MOW39aL[1NhN7Dj00i2<XLY12dNR53mJX19^Ni4:nJ[1a5dNbJ\\1\\5cNeJ`1X5_NiJd1S5\\NoJd1g5IoI]N1Mm5f1SJZN22i5d1[J]Nc5d1^J\\Na5V1PKgNo4Y1l010O04L7H6KOmIWNQ6d1VJ]Nf5e1[JZNd5h19L4H82OJbIjN\\6W16001OK]InNa6T1`IkN_6T17L41N20mNXIf00\\Ok6e0ZIWOd6k082MNQIXOk6h0XIYOe6g0]IYOa6f0bIYO]6i0<4KM41O1O1O2N10GZIWOe6g0^IZOd6b0]I^Ob6b0_I^O`6c0>O1N2N2NgHGo6a041O2N2N2N4LK5H82NLiHDR7<QIGi6:YIEe6;_IB`6>eI@X6?e01O00M3K57IO12N2N1O00O1K5L4K5M]H3Y79fHAU7?kH@V7?6O1OcHD40j6=QID03o6:oHG2Mn6e062N2N1OL4L4M3L4N200O10_HE30S7>kHEU7:iHI7Jf6f0TI@l6i012N1]IoNU6P1kIROT6m0lIROV6m0jISOW6Q1eInN\\6Q1dIQO[6o0dISOZ6m0fIRO\\6P1aIoN`6X11N102O0016_IiNl5V1PJmNQ6R1nIPOR6o0mIROT6]10O100OWJXN\\5h1\\J`Nd5m1NkM[JT2d5410O01200O2nJdM\\4\\2SKdM:1U40kK^20cMEOY44PLZ21gMP41mKX22gMR43jKW22eMW45eKV23eMZ46aKU25dM[48_KT25dM^48\\KT25cMa4T32MdKlLM2f3Q3\\LoLM7a3h2bLRMM8a3d2`LWMO3c3e2[L\\M1Oe3d2VLbM5Ig3V3YLkLg3T3ZLkLh3T3WLmLj3Q3VLoLl3o2TLRM7GU3U3cLUM8FOOf2k3ZMWLN0d2m3\\MTLO0d2m3]MTLN0e2l3\\MTLO0f2l3ZMULKLL5]1K2n3iNWLL3Z1I1l3hNYLM1Z1LQOO;[4YOiK]1NmNO=[4WOhK>I`07]OM>[4VOhK?Ia08\\OK2OJh44WKc09\\OI20Ki41UKg0:ZOI20Kg42WKf0:\\OIO0Me41XKg0<[OHOONd40[Kg0;\\OGN1Nb40[K1M<a0^O^O6602N`41]K1L;e0E@02N`40]K2N9d0G_OO4N]41_K2M8e0I]ON5O[41`K2M8f0H^OM5OY42bK2L7g0I]OM6NW43dK1L8f0J\\OL7MW41hK4G8l0FWO08Kg47nJ8m0EWO0]52`J9l0FVOO^52_J0N2P1LUO0^51`JOO4[1JU43kJ1g6NZI2f6M\\I2d6M]I3c6Li0O[K"}, "iscrowd": 0, "area": 39651.0, "image_id": 553, "bbox": [26.0, 5.0, 228.0, 250.0], "category_id": 2, "id": 2011}, {"segmentation": {"size": [256, 256], "counts": "Tid13j76K5L3N3L4M2M0010O01O010O01O010O001O010O1O100000000010O00000000001O00001O002O1N2N1O2Nj0:`NaN"}, "iscrowd": 0, "area": 1122.0, "image_id": 553, "bbox": [210.0, 21.0, 44.0, 60.0], "category_id": 2, "id": 2012}]}