{"images": [{"id": 0, "file_name": "images/L_712.jpg", "width": 256, "height": 256}], "annotations": [{"segmentation": {"size": [256, 256], "counts": "c]Z17g7:F6K5J4L3N2N2N2M3N2N2N2O1N2O0O2O0O101N1000001O0O101O00000000O1000000000001N1000001N100O2O0O2N101N2O0O2O1N101N101N2O0N3L5L4K6I7I6J_R5"}, "iscrowd": 0, "area": 3107.0, "image_id": 611, "bbox": [168.0, 157.0, 65.0, 60.0], "category_id": 2, "id": 2582}, {"segmentation": {"size": [256, 256], "counts": "jjW13j75L3M3N3L3M3TIAR6d0dIDZ6R1N21O010O00000O10O0100O10G:K4M4O000O1000000O1001N3N1N3M01O00001OEQJfNo5\\1RJ_NP6b17100O010O01O00100O1O1O1N0O2O0O2N3N1N3M2N3M2N3O002O2M2N3_OhH4c70O01N1N3M2N\\m4"}, "iscrowd": 0, "area": 3439.0, "image_id": 611, "bbox": [159.0, 53.0, 76.0, 70.0], "category_id": 2, "id": 2583}, {"segmentation": {"size": [256, 256], "counts": "ie>4h76dHLf68VIJh6i0N1O2N100O1O100000O2O0O100O3N4K3NO1N2N2000O1005K1O001O10O01O1O001O001OO001O0010O2O00000000000000N2M3L4N201O101N4L<BPRR1"}, "iscrowd": 0, "area": 2086.0, "image_id": 611, "bbox": [57.0, 172.0, 61.0, 44.0], "category_id": 2, "id": 2584}, {"segmentation": {"size": [256, 256], "counts": "0P1P700O10000O10000O100O1O1N2O10000001O0000002N4L4L001O0WImNe6T1[ImNc6S1]IoNa6R1_InN`6R1`IoN_6R1aInN^6R1bInN^6Q1dIoN[6R1dIPOZ6^1M00001O0000O100O10000O1000000O2O0O10000000000O1O1O100O1O1O1B[I@f6`0ZI_Og6`0ZI_Og6a0XI_Oi6k01FVI]Ok6b0WI[Ok6e0VIXOl6h06O1000000000000000000000000BkH1U7MnH2R7MoH3Q7KQI5o6KQI5o6KQI5o6KQI5o6KQI5o6KQI1S7OmH0T70lH0T70mHNT70nH0R7NPI1PoV1"}, "iscrowd": 0, "area": 3452.0, "image_id": 611, "bbox": [0.0, 0.0, 99.0, 53.0], "category_id": 2, "id": 2585}, {"segmentation": {"size": [256, 256], "counts": "b[c0;d73M3M4L4L3M1O10001O00000O10O10000O2O001N1O01N1N3N2001N10001O000000FXO\\Ih0d6:000000000O101O1N2O0O2N101BPIIR76oHHT75nHIU74nHJV72kHLZ7OhHOk[o0"}, "iscrowd": 0, "area": 1586.0, "image_id": 611, "bbox": [76.0, 92.0, 54.0, 45.0], "category_id": 2, "id": 2586}, {"segmentation": {"size": [256, 256], "counts": "_T22j76K4L9F4M4L3M4K4N200O01000O10OLiNaIX1o5jNWJ]1c5mNWJV1e5d001O001O00O100001O00001O010O1O1001jMaJh1j52N1O2M2O1O2N1O00O101O1N2O2M2N2N3N2N2M3N2N2N2O7H3M2O0F[IXOg6f0=M3L3N2M4I[\\\\1"}, "iscrowd": 0, "area": 3773.0, "image_id": 611, "bbox": [8.0, 82.0, 69.0, 84.0], "category_id": 2, "id": 2587}, {"segmentation": {"size": [256, 256], "counts": "oYb02<1S72iH1U71gH0Y73dHM9Lg6>WIGh66XIMg62RIH16c6GeIm0Z6WObIk0\\6XO_Il0`6;NOLcNhI\\1X6gNhIX1W6iNjIY1R6iNoIU1Q6mNnIS1m5SORJl0k5YOUJd0k5@SJ`0k5l0N2N2000G:N00O2O0O11G:L4NOgNdIP1[6oNgIR1W6nNiIS1b6O1O2N3M2QOTI31:l6CTI04:j6DUIN4;j6E^I8W7KP^R1"}, "iscrowd": 0, "area": 2009.0, "image_id": 611, "bbox": [72.0, 27.0, 44.0, 73.0], "category_id": 2, "id": 2588}, {"segmentation": {"size": [256, 256], "counts": "lPm01n72O2M2N2N3\\OJXI9g6NQI5l6b0N1O2M2O02N2N2OLnNYIQ1g6QOXIn0h65O100K5000001O001O000000O100O100O100O1O100O0101O0000001O000000O1000000O100O1O1O2N1O2M2O1O2N1O1]OnH6T7HoH6R7GQI7]7N2Le_a0"}, "iscrowd": 0, "area": 2507.0, "image_id": 611, "bbox": [116.0, 0.0, 68.0, 47.0], "category_id": 2, "id": 2589}, {"segmentation": {"size": [256, 256], "counts": "^jk17b7M`H6[79M3M4M2O1O0100O1O0010LWOQIh0o640000_N"}, "iscrowd": 0, "area": 430.0, "image_id": 611, "bbox": [238.0, 50.0, 17.0, 37.0], "category_id": 2, "id": 2590}, {"segmentation": {"size": [256, 256], "counts": "VdQ12l76J5L3N2N2N1N2O001O001O000O010O1001O1O2N0000001O00002N3M3M2Kfcf0"}, "iscrowd": 0, "area": 625.0, "image_id": 611, "bbox": [133.0, 125.0, 31.0, 26.0], "category_id": 2, "id": 2591}, {"segmentation": {"size": [256, 256], "counts": "P[l1;d73M4M2M3M2N2N2N2O1N2N2O1O00OZM"}, "iscrowd": 0, "area": 410.0, "image_id": 611, "bbox": [240.0, 86.0, 15.0, 37.0], "category_id": 2, "id": 2592}, {"segmentation": {"size": [256, 256], "counts": "UdY14l73M001O001M2N3M2O2O0000001O00010O0010O01M2O1N2O2O3M001O0O2O001O001O0010O01O0001DUIBk6=WIAj6=YIAh6>YIAh6>YIBk69VIFk62^ILd60_I0Y7OPS:"}, "iscrowd": 0, "area": 1084.0, "image_id": 611, "bbox": [166.0, 120.0, 48.0, 40.0], "category_id": 2, "id": 2593}]}