{"images": [{"id": 0, "file_name": "images/L_81.jpg", "width": 256, "height": 256}], "annotations": [{"segmentation": {"size": [256, 256], "counts": "aT><b74M3M3M4iH]Oj6o0M2O1N1O2O000N3N10000000001O001O1O1O00000001N100N2M3N3N1N3L4M2O2O1O1N2M4L3GfHG]778MacV1"}, "iscrowd": 0, "area": 1713.0, "image_id": 693, "bbox": [55.0, 132.0, 44.0, 52.0], "category_id": 2, "id": 3189}, {"segmentation": {"size": [256, 256], "counts": "oUY18h71N7H4M3M2N2O1N2O1O1N2O1N3N1O1N2O001N101N1000000000000000000000O2O001O0O2O1N2N2N1O2M3N1N3N2N3N2G<HmY:"}, "iscrowd": 0, "area": 1733.0, "image_id": 693, "bbox": [163.0, 178.0, 49.0, 46.0], "category_id": 2, "id": 3190}, {"segmentation": {"size": [256, 256], "counts": "ek68b77M3M3M3M3N2O6I3N2M2N2O1N2O0O2O0O2O001N1000O1000000O100O1N2L4N2O2N101N2N2M3N2M3N2M3M4L3M2N3N3LdT]1"}, "iscrowd": 0, "area": 1727.0, "image_id": 693, "bbox": [27.0, 94.0, 47.0, 52.0], "category_id": 2, "id": 3191}, {"segmentation": {"size": [256, 256], "counts": "Wnf01o70N2L4M3O1O1O1O1O101N101O1O2M3N3M2N2N1O1O1O01O001O001O001O1O2N1O2M3L3M3CWjo0"}, "iscrowd": 0, "area": 787.0, "image_id": 693, "bbox": [91.0, 183.0, 35.0, 33.0], "category_id": 2, "id": 3192}, {"segmentation": {"size": [256, 256], "counts": "U43:4P7b0L1O100O101N101N101N2O1O001N2O1O1N101O00O100O1O2O1N1O2O1N2O1O1O1O1O2N4M4K3M2M3N1M4LYSe1"}, "iscrowd": 0, "area": 1299.0, "image_id": 693, "bbox": [0.0, 123.0, 42.0, 41.0], "category_id": 2, "id": 3193}, {"segmentation": {"size": [256, 256], "counts": "QS2:d73M2K6G;K4L4M2M3M3N1O2N1O1O100O100O01O000O2L4M3N2N2O1O2O0O2O0O2O2M2O1N2O2M4M3L=DVec1"}, "iscrowd": 0, "area": 1579.0, "image_id": 693, "bbox": [7.0, 62.0, 41.0, 57.0], "category_id": 2, "id": 3194}, {"segmentation": {"size": [256, 256], "counts": "TY82l73N3L5L3L3M3M3N2O2M2O1O1N101N2O0O2O0O2O001O000001N2O1O0O2O1N2O1N2N2N2N3M3L4LPo]1"}, "iscrowd": 0, "area": 1156.0, "image_id": 693, "bbox": [32.0, 18.0, 39.0, 41.0], "category_id": 2, "id": 3195}, {"segmentation": {"size": [256, 256], "counts": "f>`0\\74N2O2N1O1O1O2N100O1O2O001O1O001O1O1O1O10O0O2O001O0O2O0K6K5L3M4M4L4Jaif1"}, "iscrowd": 0, "area": 1014.0, "image_id": 693, "bbox": [0.0, 199.0, 34.0, 39.0], "category_id": 2, "id": 3196}, {"segmentation": {"size": [256, 256], "counts": "Qfo03k7c0]O2N3N1O2O0O101N100000O1000001N100O2N1N3M3M4LUZj0"}, "iscrowd": 0, "area": 651.0, "image_id": 693, "bbox": [126.0, 182.0, 23.0, 33.0], "category_id": 2, "id": 3197}]}