{"images": [{"id": 0, "file_name": "images/L_834.jpg", "width": 256, "height": 256}], "annotations": [{"segmentation": {"size": [256, 256], "counts": "bW[11n7100O0O2N2101OO1O001O010O010O010O0010O001O0O2O2NY`>"}, "iscrowd": 0, "area": 135.0, "image_id": 715, "bbox": [172.0, 235.0, 23.0, 14.0], "category_id": 1, "id": 3313}, {"segmentation": {"size": [256, 256], "counts": "Qfn01m72N30O2OO10O01O1O00001O01O001O001O2Njal0"}, "iscrowd": 0, "area": 93.0, "image_id": 715, "bbox": [121.0, 189.0, 19.0, 10.0], "category_id": 1, "id": 3314}, {"segmentation": {"size": [256, 256], "counts": "ZUh01n72N210N1O0100O00100O1O1NabT1"}, "iscrowd": 0, "area": 55.0, "image_id": 715, "bbox": [96.0, 167.0, 11.0, 10.0], "category_id": 1, "id": 3315}, {"segmentation": {"size": [256, 256], "counts": "lU61o71N10100O1O100O100O10O00100O1MPje1"}, "iscrowd": 0, "area": 83.0, "image_id": 715, "bbox": [23.0, 187.0, 15.0, 10.0], "category_id": 1, "id": 3316}, {"segmentation": {"size": [256, 256], "counts": "[V31m72O20O10N100010O000001O000010O010O1N2Mdig1"}, "iscrowd": 0, "area": 97.0, "image_id": 715, "bbox": [11.0, 199.0, 20.0, 9.0], "category_id": 1, "id": 3317}, {"segmentation": {"size": [256, 256], "counts": "Y]g11n7100K51O001O1O01O001O1O0010O010O0000010O00001O0O2OeR2"}, "iscrowd": 0, "area": 151.0, "image_id": 715, "bbox": [221.0, 163.0, 24.0, 11.0], "category_id": 1, "id": 3318}, {"segmentation": {"size": [256, 256], "counts": "oTo01o70O101O001N10100O0O1100O001O00001OoZl0"}, "iscrowd": 0, "area": 82.0, "image_id": 715, "bbox": [124.0, 156.0, 17.0, 8.0], "category_id": 1, "id": 3319}, {"segmentation": {"size": [256, 256], "counts": "Z\\j01l73001O0100O001O001O010O01O001O1O1ObSQ1"}, "iscrowd": 0, "area": 77.0, "image_id": 715, "bbox": [104.0, 135.0, 17.0, 7.0], "category_id": 1, "id": 3320}, {"segmentation": {"size": [256, 256], "counts": "dk^11o71N1O2000100O0O0100O100OUl="}, "iscrowd": 0, "area": 60.0, "image_id": 715, "bbox": [186.0, 113.0, 13.0, 12.0], "category_id": 1, "id": 3321}, {"segmentation": {"size": [256, 256], "counts": "Z[e12m7101N1100O01O000001O100O1ObT7"}, "iscrowd": 0, "area": 56.0, "image_id": 715, "bbox": [213.0, 104.0, 12.0, 7.0], "category_id": 1, "id": 3322}, {"segmentation": {"size": [256, 256], "counts": "V_i01m72^H0S72jH1T70fH6Z79O0O100O100O1O1O1O2N2N100O1000000OO2O1O1000O100010O02N2N00O2O0O100O2N100O1011O0O0O2O1OO2N1O10000ASIKm65UIJk66UIIk67VIHk66VIIk67VIGm66`0N3LoXg0"}, "iscrowd": 0, "area": 1518.0, "image_id": 715, "bbox": [101.0, 214.0, 60.0, 34.0], "category_id": 2, "id": 3323}, {"segmentation": {"size": [256, 256], "counts": "o_W11n71O1O1CNkH3T70iH1V7=O100O1O1O10000O1000AiH5X7IiH7W7HjH8V7GkH9U7EmH;T7ElH:T7GkH9U7GlH8U7HkH7U7IkH7V7HkH7U7JjH6W7IjH6V7KiH5X7JiH5W7KiH5X7JiH5W7KiH4Y7LfH4Z7LgH2[7MeH1l_?"}, "iscrowd": 0, "area": 534.0, "image_id": 715, "bbox": [157.0, 231.0, 36.0, 24.0], "category_id": 2, "id": 3324}, {"segmentation": {"size": [256, 256], "counts": "Yo:9g72M3L3O001N101O001O001O000000000001O1O1O1L4O1OO100O1O0100O001N20100O01O01N101N2O1N101N101Nb`Y1"}, "iscrowd": 0, "area": 667.0, "image_id": 715, "bbox": [43.0, 229.0, 45.0, 21.0], "category_id": 2, "id": 3325}, {"segmentation": {"size": [256, 256], "counts": "o_:1o7000N200O100O010O10000O0100O1O2O0OWPa1"}, "iscrowd": 0, "area": 60.0, "image_id": 715, "bbox": [41.0, 249.0, 16.0, 6.0], "category_id": 1, "id": 3326}, {"segmentation": {"size": [256, 256], "counts": "Qfd0381W7?D@QIe0m67O100O100O10O0100O03N3M3M1N100O01N1001000O4M2MKQI\\Om6l001OFTI@Q78PIKo6c001O0000O10000O1]OoH7g6_OaI9I7g6A_I6M8d6D[I526d63\\ILd65[IJf67YIIg67YIIg68YIGg69YIGg69YIGg6:XIFh6:XIFh6:XIEi6;XIDi6;WIDj6<VIDj6<VICl6<UI@n6a0VI^Of6c0TICl6h0N3L300O1010O001N1O2N1011M3L4K5L2000001O1O100O101O00000O0O100O1100O0000O10O1O2M4`NdIT1g6O0010O1O0010O00101N00000O01O012O0O100O10iN\\IQ1k6O0O1N2QOQIk0R7O2N1O2N2N2F:L300O1OdY9"}, "iscrowd": 0, "area": 4852.0, "image_id": 715, "bbox": [81.0, 166.0, 136.0, 61.0], "category_id": 2, "id": 3327}, {"segmentation": {"size": [256, 256], "counts": "\\Wb1231b72]H2^7;N1O1N100O100O100000O100O100O2O001N1011O00N3N3L4L3N2M\\`6"}, "iscrowd": 0, "area": 494.0, "image_id": 715, "bbox": [200.0, 227.0, 28.0, 23.0], "category_id": 2, "id": 3328}, {"segmentation": {"size": [256, 256], "counts": "f^e1<c72O0O2000O010O11N2O1O2N1OO1O1O1O2N1O6J2N2LfP5"}, "iscrowd": 0, "area": 342.0, "image_id": 715, "bbox": [212.0, 212.0, 21.0, 27.0], "category_id": 2, "id": 3329}, {"segmentation": {"size": [256, 256], "counts": "`]d12m7200O1O1O010O10O2M2O[j8"}, "iscrowd": 0, "area": 51.0, "image_id": 715, "bbox": [209.0, 174.0, 9.0, 9.0], "category_id": 1, "id": 3330}, {"segmentation": {"size": [256, 256], "counts": "Vcn03k73O1N02N2O000001O0001O100O1O1Of\\m0"}, "iscrowd": 0, "area": 69.0, "image_id": 715, "bbox": [122.0, 98.0, 15.0, 8.0], "category_id": 1, "id": 3331}, {"segmentation": {"size": [256, 256], "counts": "RRU15k70100O0100O1N3N1000O1O1O1O00O12O2Mc]f0"}, "iscrowd": 0, "area": 116.0, "image_id": 715, "bbox": [147.0, 65.0, 18.0, 14.0], "category_id": 1, "id": 3332}, {"segmentation": {"size": [256, 256], "counts": "^U85k71O01O0O1000000000001O00`bd1"}, "iscrowd": 0, "area": 56.0, "image_id": 715, "bbox": [31.0, 173.0, 12.0, 6.0], "category_id": 1, "id": 3333}, {"segmentation": {"size": [256, 256], "counts": "QSa17g72O1000O100000000000000001O00000000O10000000000001O001O0010O010O01O001O0000O100O0100000O10O10001O001O001O01O01O001O001PM"}, "iscrowd": 0, "area": 675.0, "image_id": 715, "bbox": [195.0, 93.0, 60.0, 18.0], "category_id": 2, "id": 3334}, {"segmentation": {"size": [256, 256], "counts": "Z52n72M3N2O0O2O1N2N2M10001N10O010O0L5N20000001O1O1O00001O0O10001N10GhHIMNX79PIIo67mHNR72mHOS71mH0R70mH1S7OmH2R7NnH4P7MoH5o6KPI7o6IQI8n6>OO11O1O00010O01O000000O2OHUI[Ok6e0VIZOj6e0YIYOg6g0:HkHAW7?501O001O1N101O1O1N2O1O1O001O1O1O1O1O100OZZ[1"}, "iscrowd": 0, "area": 1463.0, "image_id": 715, "bbox": [0.0, 163.0, 80.0, 35.0], "category_id": 2, "id": 3335}]}