{"images": [{"id": 0, "file_name": "images/L_842.jpg", "width": 256, "height": 256}], "annotations": [{"segmentation": {"size": [256, 256], "counts": "]ee0a0X7>E8H6J5K5K5M3M2N2N3M2N2N2O1N1O2N2O1O001O010O001O0012MN20010O01O0XNfJk0\\5oNgJQ1]5gNhJX1Y5eNjJ[1W5cNlJ\\1S5cNQKZ1R5bNQK[1m5K4K6L3M3M>BM4M2012M3M4LX[m0"}, "iscrowd": 0, "area": 3109.0, "image_id": 721, "bbox": [85.0, 112.0, 52.0, 94.0], "category_id": 1, "id": 3356}, {"segmentation": {"size": [256, 256], "counts": "0`1o2jN81XM;o18f0^O[M9f1d0m0SO]M9f1f0k0RO^M9O^OV1X1\\1RO_M7LBX1W1\\1PO`M7KDX1W1[1oNbM5JFX1Y1Z1lNZMF1?2HW1Z1Z1TO\\MH3KV1Z1[1UOZMF3NW1X1[1VOZMC21X1W1\\1UO\\M7V1e0^1UO]M5R1i0`1RO`M4m0l0c1QOaM1j0P1e1oNbM1g0R1f1nNbM1f0R1h1mNcMMJSOj0T2X1oMYNn0K_O6A<U2Y1PNWNk0N^O8F3S2W1hM^N71j00]O8IMS2Z1iM_N51h03]O5NIQ2NiMS10kN43g05ZOKP3OmLo00oN323J2?JFS31mLl0ORO311L1b0ICV3OoLl0MSO400S1FnN[30nLl0MRO600[1P3fNlLn0OPO7O0Z1OiN[20`Mn0d0nNC[1JUOV2DiMn0W1;fNUOZ2BhMo0X1\\O`N>1G`2]OjMR1U1[OcNU1l2@bNZOeNS1h2EbNXOhNR1e2GcNWOjNo0b2LdNTOmNm0^21eNQOPOk0[29[MdNi08Eg0X2j0QNaNIa0V2o0PNbNM6W2Z1^MXND;g0L[2b1ZMTO5ZOa2b1ZMUO4YOa2c1[MTO4YOa2c1[MUO3XOc2j0mL[O>f0OWOd2f0SM[O:k0LVOe2a0XM^O7m0KTOf2>ZMA5o0ITOf2:^MB44B45Nf24bME23ION8b2OgMG01OMG=c2KkMHM14K@b0e2GmMIK1;FXO3I?Q3DPNNF5c0JhN=Z5ImKJkN;Y5KkKJnN:W5KkKKQO7U5NiKKUO4S51gKKXO1S55cKJ]ONQ58aKJAKo4<_KHX59gJGY5j0VJUOk5l0TJTOl5k0UJTOl5l0TJTOl5k0UJTOl5l0TJTOl5k0e0CSIEo69=O12N2N2N2N2N2N2N2N3M1OSO`I9W7M2N1N2O2LTg`00mX_O100O1O10000O1000000O1000000O1000000O100000000000000O1000000000000000001O2N00O100O100O11O010O001O01O0001O01O00000O2O000O101O00001O00001O00010O0010O2N2N;E4L2]IXOj5i0PJ\\ONKc5k0YJ^O2Ie5\\1ZJeNg5[1UJhNl5X1PJkNQ6b1YJVNX5i1hJXNX5g1hJYNY5f1fJ[N[5d1eJ\\N\\5d1cJ]N]5b1bJ_N_5`1^JcNc5l11O1O_JQNS5n1jJXNT5g1jJ_NS5Y2N"}, "iscrowd": 0, "area": 56332.0, "image_id": 721, "bbox": [0.0, 0.0, 255.0, 255.0], "category_id": 2, "id": 3357}]}