{"images": [{"id": 0, "file_name": "images/L_946.jpg", "width": 256, "height": 256}], "annotations": [{"segmentation": {"size": [256, 256], "counts": "lSg0<]7:H7L5DQO_Ia1o5;M2N2N3M2O1N3M2N101N100O101O0O101N10001O01O0001O01O01O0001N10000O2O0O2O001N101O0O2O0O2O1O0O2O1N2O001N2O0O2O0N3M2N3M3M4L4L4L4L4L4L4L4M3L3M4IUTf0"}, "iscrowd": 0, "area": 4943.0, "image_id": 817, "bbox": [91.0, 87.0, 75.0, 88.0], "category_id": 1, "id": 3773}, {"segmentation": {"size": [256, 256], "counts": "Q3o4P3100O100N2N2O100O1O1O100O1O1O100O1N2N2N2N2L4J6J6^Ob0J6M3O100O100O10000O100N2O1O1N2O1O11O1O1OO100O1O100O11O1O1O1O1O0000001O000dIZO^5g0[J_Oe5b0SJEm5=kIIU6Q1000000000N2LhJcNU4Y1mKhNT4V1lKlNT4T1gKQOY4n0bKWO_4l0WK[Oi4j0lJ\\OT5g11N2L4L4L4L4L4L4L4L4KlJgNk3U1WLROd3j0_LXO`3e0aL^O^3f0\\L^Ob3Z1eK[NHKb4i1eK\\Nj4d1UK[Nm4d1RK\\NP5d1oJ[NS5d1lJ]NU5c1iJ]NY5c1fJ]N[5c1cJfNV5Y2I2N0000O1O1O100O1A?L4N2N2O1O1N2O1O100O100O100O100000000<D2N3M2N2N3M2N9G6J001O0000001OZOf0N2N2N2N2N2N2N2N2O1N2N2O100O1000000O10mI\\Nj5d1VJ`NQ10W3`1hKK[45eKH^48aKFb4:^KCe4=[K@h4c0UKZOn4j12N2N2N2N2N2N2N2N2N2N2N2N2O14L2NN2NRKkMU4S2kKnMV4Q2hKQNY4o1dKSN]4m1`KUNa4k1]KUNe4j1YKXNh4h1VKYNk4g1UKWNm4g1TKYNm4e1TKZNn4e1SKZNn4d1SK[No4d1QK\\NP5e1mJ\\NT5d1kJ]NU5d1hJ]NY5d1dJ]N]5R210hJfMj4Y2UKjMj4U2UKnMj4R2UKoMk4P2UKRNj4m1VKUNi4j1XKWNg4i1XKVNj4i1VKTNn4l1QKTNP5l1oJTNR5l1mJTNT5[212\\K\\Mh3h2oK[MS4i2dK[M]4R32NoLhL^1W3YNQMi1m2RNXMP2g2mM[MU2c2iM^MZ2`2eMaM]2a1]NaNe1^1YNcNi1\\1TNfNn1Z1nMhNT2W1iMjNZ2U1bMnN`2U1YMmNi2X1mLkNU3Z1aLiNa3h23N2N2N2N2M3N2N2N2N2K5J6J6L41O"}, "iscrowd": 0, "area": 47430.0, "image_id": 817, "bbox": [0.0, 19.0, 255.0, 236.0], "category_id": 2, "id": 3774}]}