{"images": [{"id": 0, "file_name": "images/L_96.jpg", "width": 256, "height": 256}], "annotations": [{"segmentation": {"size": [256, 256], "counts": "g2X5f22N2O12N4[K^Md3R3kKRMR4o2mKUMo3m2nKXMn3a3L3M8H2N2N3M4L4L2NSO\\M^Ld2Y3SNYLm1e3VNYLk1d3YN[Lg1b3]1N2N2N2K5O1O100oNZKgNg4Y1ZKcNi4]1XK_Nk4a1dKmM_4S2g01O001O4L3M2N5K0000N2L4N2N2N2O100OeJQNg4o1UKUNk4j1TKVN3G]4S2^KWN5I[4o1`KZN2J]4l1`K]NOK_4g1cKQO[4P1cKWOW4j0fKYOY4Y2N[OZLQMe3n2g0O1FTK^Mn4^2<L4N2N2M3N23cJRNb4`26M3N2N2N2[Oe0M30000O1N2M3M3N200O10000001RJgNS5Z1iJmNS5T1hJXOP5i0lJ^OP5n1KM3dNmJHV57lJFV5:kJBX5>iJ^OZ5b0fJ\\O\\5d0eJYO]5h0cJSOa5n0h01O1O1O2gJ]NQ4d1lK\\NV4e1eK^N\\4d1^KZNh4n1mJRNV5Y23K5N2N2O1N2O1LiJXN^4e1^KbNb4]1]KdNd4\\1ZKdNh4[1WKeNk4Y1UKgNm4W1SKiNo4U1QKkNQ5T1PKjNS5T1mJkNU5S1iJnNZ5h0WJUO>3^5g0WJRO:8a5f0dJZO^5f0`JZOb5f0]JYOe5h0YJWOi5j0UJVOl5l0PJTOR6j0oIVOR6i0oIUOS6k0lIUOU6j0jIVOX6j0eIWO]6U11N2O1O100O10oJPOR3o0lLTOT3j0jLZOV3e0gL_OY3`0fLA[3?cLB^3>XKoNf00Cc0`4>VKoNf02D`0a4?SKPO<ON22`0b4?RKPO;1M04a0b4`0]KoNN02a0d4?\\KPON02b0d4>ZKQO1O1a0e4?WKSO2M2b0e4?UKSO4L1b0g4?RKUO5J3a0g4a0nJWO5I5?i4X1WKhNj4X1UKhNl4X1TKgNm4X1SKhNn4X1QKiN1]Oc4i1\\KjN0@c4f1]KiN0Bc4d1]KjN0Cc4c1]KiN0Ec4b1\\KjN0DNL^4f1dKiN0FNK^4f1cKiN1GMJ`4f1bKhN1IMI`4f1bKhN0IOH`4g1`KhN2INH`4g1`KgN2KNFa4h1_KgN1KOFb4g1_KgN1LMGc4f1_KgN0MMFe4f1^KgN0MMFe4f1^KgNOMNFf4e1^KgNONMEg4f1\\KhNONMEh4e1\\KhNO2m2@eNf1^NiN01l2CdNc1_NjN1Ok2HcN_1aNjN1Nl2K`N]1bNkN2Ll2N_N\\1aNkN4Kl2O^NP2fNPNm20]NP2gNnMm22\\NP2gNmMn24ZNo1hNmMn24ZNP2gNkMP35YNP2gNjM4Ib2;eNS2dNiM4Ic2:gNU2bNfM4Kd24aNOiN^2LdM5K21W22mN2iNd21WM13X2OlN5jNb20YMO<4Bb13@5kN`20RNOXOe11B5jN`2O\\Nd1POB5kN]2OaN4iNS1405jN[2OeN0lNV1O06kNV4T1dK17kN`40UK`05e04mNd4LUK`03f03POg4GVK`01i00ROT51mJl0NUOT50nJk0MVOU5NoJl0KWOU5MQKl0IXOV5LQKl0IXOV5KRKm0GYOW5JRKm0FZOZ5FQKP1EZO]5BPKh1R5TNPKl1b500000001O0000000UOoIGR66oIKQ64nINR61nI0S6OmI1S6NnI2S6LnI4R6KoI5R6IoI7Q6HPJ8R6FnI:U6BlI>U6AkI?U6@lI`0T6@lI`0T6_OmIa0S6_OnI`0R6@nI`0R6@nI`0R6@oI?Q6@PJ`0R6]OPJb0T6XOoIg0"}, "iscrowd": 0, "area": 39717.0, "image_id": 828, "bbox": [0.0, 31.0, 255.0, 224.0], "category_id": 2, "id": 3827}]}