{"images": [{"id": 0, "file_name": "images/XL_1351.jpg", "width": 640, "height": 480}], "annotations": [{"segmentation": {"size": [480, 640], "counts": "^\\Z11n>3N2M3M3N2M4L3N2M3M3N1L5J6bBiNk<\\1QCgNk<_1PCeNl<i1M4K4N3O001O0O2O0000001O0O101O0000001N1000000O100004L2M10000O1000000O10000O10O100000000000001O000O1000000001O001O1O001O001O1O001O1O001O1O0O2M2O2N2M2O2N3L4M3M3L4K5J6I7I7J6Igia6"}, "iscrowd": 0, "area": 6516.0, "image_id": 1163, "bbox": [90.0, 168.0, 101.0, 85.0], "category_id": 2, "id": 5759}, {"segmentation": {"size": [480, 640], "counts": "jok33k>8H5L1N2N2M3L3O2N2cBSOf<n0ZCVO`<l0_CWO^<j0bCVO]<k0bCUO]<m0VCnN45e<m0VCSO11h<m0UCUO2Ng<^1WCbNi<`1VC`Ni<l1N2cClMm;T2SDQNh;P2WDQNg;R2XDnMg;S2XDnMg;T2WDmMh;U2VDlMi;U2WDkMi;V2UDkMj;W2UDiMj;h2N1O2O1N2N1010O01O010O01O010O2O1NkNkLaFT3^9RM]Fm2c9UM]Fi2c9YM]Fe2c9^M\\Fa2c9aM[F_2f9bMXF^2h9dMVF\\2j9gMSFZ2l9iMPFX2P:jMnEV2R:mMkES2U:\\10O10001O000000000O100000000O1000000O10001N1[O_EkLa:S3g0O1O1N22N2N2N1O2N2N2O2M3N2M2O1N2O1N101N2O1N10O001N101O001N101N2N2N3L3N2N3M2N2N3M2M3N3M2N2M4L3N3L4L4L4M3L4L4M3L4L4L5J9E;E;D<EWQ\\3"}, "iscrowd": 0, "area": 15033.0, "image_id": 1163, "bbox": [264.0, 171.0, 144.0, 152.0], "category_id": 2, "id": 5760}, {"segmentation": {"size": [480, 640], "counts": "VUb7?_>6K1N2O100O010O100O101O2SBUO`=m0[BWOe=S1O001N101O0000O101N10000O101N101N101N1ROVBe0l=XOXBe0U>L2N1O1O1O1O1O3L4KbVU1"}, "iscrowd": 0, "area": 1323.0, "image_id": 1163, "bbox": [515.0, 283.0, 44.0, 44.0], "category_id": 2, "id": 5761}, {"segmentation": {"size": [480, 640], "counts": "obl73i>5K5L4N2O1N2O1N2O1N2O1N2O1N2O001O0O2O001N2O001O001O01N10000O3N2M3N2M3L3N2N2M4M5J6Jnfk0"}, "iscrowd": 0, "area": 1197.0, "image_id": 1163, "bbox": [538.0, 396.0, 41.0, 41.0], "category_id": 2, "id": 5762}]}