{"images": [{"id": 0, "file_name": "images/XL_1323.jpg", "width": 640, "height": 480}], "annotations": [{"segmentation": {"size": [480, 640], "counts": "^am2=`>?A5K5K5K5K5L3OO1N3N1O1N3N3M2M4M3M2O23L3N2J4L4L4L4L4L4M2M4M2M3M4M2M3M4L3M3NO2M2M4K4K6F;O0100O10O011O1N3N1O1O1N2O1ROkBOT=NnB3Q=JSC6l<GXC:f<D\\C=c<A`C?_<@bCb0\\<^OdCc0Z<]OgCd0X<[OiCf0V<YOkCg0U<YOkCh0T<WOmCj0R<UOoCl0P<TOPDm0o;SOQDn0n;RORDn0o;QOQDP1n;PORDQ1n;nNRDS1m;mNSD6[O6h<DmC5_OIP=1aC5m<KSC4n<LRC3P=KQC5o<KQC4Q=KPC4P=LPC3Q=MoB3R=LnB3S=MmB3S=MmB2U=LlB3U=MkB3V=LkB2V=NjB2R>O100OPoP5"}, "iscrowd": 0, "area": 4697.0, "image_id": 1138, "bbox": [198.0, 233.0, 97.0, 97.0], "category_id": 1, "id": 5593}]}