{"images": [{"id": 0, "file_name": "images/XL_122.jpg", "width": 640, "height": 480}], "annotations": [{"segmentation": {"size": [480, 640], "counts": "^VQ47g>7I3M4_L\\OaHf0^7\\O_Hf0`7[O^Hg0a7YO_Hi0_7XO_Hk0_7UO`Hm0_7TO^HP1_7QO`HR1^7oN_HU1^7lN^HZ1`7fN\\H`1a7aN\\Hd1b7\\N\\Hh1a7YN\\Hl1b7TN\\HP2b7PN[HT2d7lMZHV2f7jMVH[2i7fMRH_2m7bMZFIY1i2X8PN_GX2^8lMTGa2h8dMoFc2o8i1M3M2N3N3M2O1N3M2O1N3M2O1N101O00oNaGlJ;OS8S5fGkJ82R8R5hGjJ73R8Q5jGjJ55Q8o4nGiJ28P8m4aHRK`7k4cHUK]7h4fHVK\\7g4gHWK[7f4hHXKZ7f4a1M3N2N3M3M3L3L5K5K5K5L4K5L4[MXDl1m;QNWDi1S<nMRDj1g<F<Gh0YO]eX4"}, "iscrowd": 0, "area": 8891.0, "image_id": 1042, "bbox": [275.0, 155.0, 71.0, 208.0], "category_id": 2, "id": 4939}, {"segmentation": {"size": [480, 640], "counts": "dka4`0^>5J5L4J5J6L3N3M3M3M3M2N3M3N101N101N1O2O0O2N1O2O0O2N1O2O0O2O0O010O10O0100O010O010000O10000O10000O1000000O2O000O2O000O101O0O101N100O10001N100O100O101N1O1O2N101N1O2N1O2N1O2N2N1O2N1O2N1O2M3N3M3L4M3M3L;FkX[3"}, "iscrowd": 0, "area": 6390.0, "image_id": 1042, "bbox": [311.0, 35.0, 98.0, 86.0], "category_id": 2, "id": 4940}]}