{"images": [{"id": 0, "file_name": "images/XL_2678.jpg", "width": 640, "height": 480}], "annotations": [{"segmentation": {"size": [480, 640], "counts": "fTh01o>0O2O001N100O2O001N10001O001O0010O01jBFd;;XDGi;:RDIo;7nCKS<6iCLX<5dCM]<4^COc<1ZC1g<R13M2O1N2O1N2N2O1N2N2N3M2N2N2N2OO100O1N2N2O2O1O0O2O1O1O001N2O1O001O1N2O1O1O1O1N101O1O100O1000O10O01O100O1O1O100O1O100O1O2N2M3N2N2M2O2M3L5L6IYlV7"}, "iscrowd": 0, "area": 3163.0, "image_id": 392, "bbox": [51.0, 204.0, 95.0, 99.0], "category_id": 1, "id": 1888}, {"segmentation": {"size": [480, 640], "counts": "dYQ3:g>b0]O:GN1N3M2N3N2M2N3M2N3OO010O010O010O010M3I7L4O1O1O100O1O1O1O100000000000001O000O10000O10001N100^BkNY=`1N1N01O1O0O2O1N1O2N2N101N2O2N1N3O0O2O001N101O0O2O0O2O1O1N2O1O1N2O1N2M4L4L4LbmQ5"}, "iscrowd": 0, "area": 2725.0, "image_id": 392, "bbox": [207.0, 251.0, 86.0, 62.0], "category_id": 1, "id": 1889}, {"segmentation": {"size": [480, 640], "counts": "fPU68Y>?G8O2M3N2M2O2N2O001O001N10001O0000001O00001O0O101O0000001O0O1O1001N101O1O1O0O2O1O1O001O1N2O001O5KO0O2M3M3N2M2O2M3O03L5K4G9N3M2N2M4M2N2N2N2M3N2N2M3NhlS2"}, "iscrowd": 0, "area": 3053.0, "image_id": 392, "bbox": [420.0, 53.0, 73.0, 103.0], "category_id": 1, "id": 1890}, {"segmentation": {"size": [480, 640], "counts": "l^Y61n>3M3M3dAGl=<RBDm=?PBCn=`0PB@o=c0oA^Oo=j0O2O00001O001O001O002O0O2O0O2O001N101O0O100O1000O101O000010O1O100N2N2N2NcNgBU1V=kNPCR1n<lNXCT1d<kNbCU1Y<jNmCV1n;hNXDY1k<O2LXSZ2"}, "iscrowd": 0, "area": 1931.0, "image_id": 392, "bbox": [428.0, 370.0, 51.0, 102.0], "category_id": 1, "id": 1891}, {"segmentation": {"size": [480, 640], "counts": "_oa55h>9H7K2M3N1N3N1O2dBQOd<Q1WCTOf<o0UCVOi<k0SCZOj<i0QC\\Om<^1O1001N1J6I8H7WOeU`3"}, "iscrowd": 0, "area": 879.0, "image_id": 392, "bbox": [379.0, 327.0, 19.0, 79.0], "category_id": 1, "id": 1892}, {"segmentation": {"size": [480, 640], "counts": "V`g53k>7I5K2O100O100O010O11O1O00100000001O0010M2N2M3NDlAOR>NUB0i=M^B1b=LdB1X>NQlV3"}, "iscrowd": 0, "area": 482.0, "image_id": 392, "bbox": [390.0, 220.0, 29.0, 35.0], "category_id": 1, "id": 1893}, {"segmentation": {"size": [480, 640], "counts": "^bY4h0Y>O2N14L0L3N3M30N2N1O2O1N2N3M3K8F[^j4"}, "iscrowd": 0, "area": 423.0, "image_id": 392, "bbox": [293.0, 236.0, 15.0, 32.0], "category_id": 1, "id": 1894}]}