{"images": [{"id": 0, "file_name": "images/XL_2767.jpg", "width": 640, "height": 480}], "annotations": [{"segmentation": {"size": [480, 640], "counts": "[Ql3=a>4M2N2N1O2N2O1N3M3N0O2O001N100O1001O00001O0010O010O0100O100O1O001O001N101O001O001O1O100O1O1O100O2N2M2O1O0O10000O10000O100001O0010O0001O00010O00GbA1^>MgAOY>O`i\\4"}, "iscrowd": 0, "area": 1826.0, "image_id": 2383, "bbox": [263.0, 287.0, 75.0, 42.0], "category_id": 1, "id": 14213}, {"segmentation": {"size": [480, 640], "counts": "QX_32l>4L3M2O1O1O1O2N1O2N2N1O2O1O000000001O000000000000001O01O001YOlA`0\\>N2N1N10001O0G900O100OQRY5"}, "iscrowd": 0, "area": 741.0, "image_id": 2383, "bbox": [237.0, 145.0, 40.0, 26.0], "category_id": 1, "id": 14214}, {"segmentation": {"size": [480, 640], "counts": "kY\\53j>4L3N3M2N3N1N2N2@`0M31O0O2O1N2O1N<C5K4DnZf3"}, "iscrowd": 0, "area": 478.0, "image_id": 2383, "bbox": [367.0, 246.0, 18.0, 42.0], "category_id": 1, "id": 14215}, {"segmentation": {"size": [480, 640], "counts": "[fd5325_>=H4L3N2N2N2N100O2O0OO2O2O010O3Le0\\O5JT\\^3"}, "iscrowd": 0, "area": 543.0, "image_id": 2383, "bbox": [384.0, 223.0, 19.0, 36.0], "category_id": 1, "id": 14216}, {"segmentation": {"size": [480, 640], "counts": "VfY34g>6L3N3N1N2N3M2O1O101N1O1000001O02M5J5Abnh5"}, "iscrowd": 0, "area": 432.0, "image_id": 2383, "bbox": [224.0, 208.0, 20.0, 30.0], "category_id": 1, "id": 14217}, {"segmentation": {"size": [480, 640], "counts": "hQ^24S>0[B6c=d000000109F3N2M2O1O1NO2N2M5J8G=_OUae6"}, "iscrowd": 0, "area": 624.0, "image_id": 2383, "bbox": [166.0, 214.0, 17.0, 49.0], "category_id": 1, "id": 14218}, {"segmentation": {"size": [480, 640], "counts": "^Yn01m>3L4O0O1O1O1O100O10000O10O100O0100O10O101O0O100O100O100O100O2N1N2Nohm7"}, "iscrowd": 0, "area": 336.0, "image_id": 2383, "bbox": [63.0, 289.0, 33.0, 15.0], "category_id": 1, "id": 14219}, {"segmentation": {"size": [480, 640], "counts": "]Pb81n>1O2O0O1O1O2O0O1O10O01O1O100O001O010O001O01O01N101O0O2O01O1O1O0O2O1O1N4L4LZV8"}, "iscrowd": 0, "area": 418.0, "image_id": 2383, "bbox": [584.0, 244.0, 36.0, 27.0], "category_id": 1, "id": 14220}, {"segmentation": {"size": [480, 640], "counts": "R_e8;d>6K3L4L3N2N2N1N10000001O1O001O1O1O001O001O001O1N3N2N1O2N2N1O2N1O2N2N1O2N1O001OSh3"}, "iscrowd": 0, "area": 835.0, "image_id": 2383, "bbox": [590.0, 445.0, 39.0, 32.0], "category_id": 1, "id": 14221}, {"segmentation": {"size": [480, 640], "counts": "bmR63k>6K5K3N2N1O1O1O1O1O1O001O1O1O1O1O1O10O01O00001O01O001O0O101O001O001O00001N1O2O0O2N1O2N2O2M1O0O2N1N2M\\Ua2"}, "iscrowd": 0, "area": 1190.0, "image_id": 2383, "bbox": [414.0, 397.0, 50.0, 34.0], "category_id": 1, "id": 14222}, {"segmentation": {"size": [480, 640], "counts": "gmY32l>2N2O2N100O001O010O0010O01O010O01O00001O001O0100O010O10O100O1000000O1000000O10O10O010O010O010O001LXA0g>1YANh>1301O010O00W\\W5"}, "iscrowd": 0, "area": 419.0, "image_id": 2383, "bbox": [225.0, 442.0, 56.0, 30.0], "category_id": 1, "id": 14223}, {"segmentation": {"size": [480, 640], "counts": "bnm23m>5J4M0O2O0O1N2O2N1O100O100O100O10O011O2M3N3L4M5J[ZR6"}, "iscrowd": 0, "area": 428.0, "image_id": 2383, "bbox": [199.0, 198.0, 25.0, 24.0], "category_id": 1, "id": 14224}]}