{"images": [{"id": 0, "file_name": "images/XL_2016.jpg", "width": 640, "height": 480}], "annotations": [{"segmentation": {"size": [480, 640], "counts": "0?a>1O1O1O1O1O1O1O2N1O1O1WKEkJ=Q5GmJ:P5JnJ7o4MoJ4n40PK2l42RKOl43SKNj46TKJj4:TKGi4=UKCi4a0UK@h4c0WK]Oh4d0XK]Oe4e0[K[Od4e0]K\\O`4f0`KZO^4GQHNa3<\\4EYHK[3`0Z4DbHHT3f0W4AlHDm2m0S4^OWI@g2T1n3\\OaI\\Oa2Z1k3XOkIZOZ2_1h3WOiMj0S2WOoMj0l1YOUNh0e1\\O\\Ne0_1^ObNc0Y1@hNa0U1@lN`0R1AoN`0m0BTO>j0CWO>f0C[O=b0E_O<>EC<:DH=5DM<0E2:LG78GH;8BI`08]OHf07WOJl06POKT13jNMY12dNO^11_N0c1O[N1g10VNOn12nMMV25gMH]29aMDb2>\\M^Oh2b0WM\\Om2d0RMYOQ3g0oLVOT3k0kLTOV3l0jLTOW3l0hLTOX3l0hLTO_3f0_L[Ob3e0]L[Oc3f0\\LZOe3e0[L[Oe3f0YL[Oh3e0VL[Ok3f0TLZOm3f0QL[Oo3f0oK[OR4e0lK\\OT4e0jK\\OW4c0iK]OW4d0gK]OY4d0eK]O[4d0dK]O\\4c0bK@\\4a0cKB_4:_KI`47_KK_45aKN]42aK1]40bK3\\4MbK6\\4KcK8[4HcK;\\4EcK=]4AcKb0[4^OdKd0\\4[OcKh0[4XOdKl0X4UOgKn0W4QOiKS1T4mNkKV1R4kNmKY1P4gNoK\\1o3dNPL_1m3aNSLc1j3]NULf1i3ZNVLj1f3WNYLl1e3TNZLn1e3QN[LQ2d3oM[LT2d3kM[LW2d3iM[LZ2b3gM]L[2a3fM^L\\2`3eM_L^2eNPLa076\\1c0_2VNdLIa0^1<c0a2fMUOg1[Nb0^6^OcIa0]6@cI?]6CbI<^6EbI:^6GaI_OYNnNV8e1`I\\O\\NmNT8g1`I[O^NmNR8h1`I[O_NlNQ8j1`IXObNlNn7l1`IXOcNkNm7m1`IYOcNiNm7n1aIYObNhNg7U2gITOcNeN\\7b2RJhNbNeNR7m2^J]N`NeNh6X3iJSN_NdN^6i3oJbMcNdNT6^4QKmLlNcNj5m4WK_LU5j3lJULl4R4UKnKb4Z4`KeKX4c4hK]Ko3k4QLVKi3P5WLPKd3S5]LnJ^3T5eLlJV3V5lLkJo2W5TMhJi2\\5VMeJg2^5YMbJd2a5[M_Jc2d5]M\\J`2g5_MYJ`2j5_MVJ^2m5aMTJ\\2o5dMPJZ2S6eMnIX2U6hMkIV2X6hMhIX2\\6eMdIY2a6dM^I[2e6cM\\I[2f6eMZIZ2d6iM[IV2c6mM^IQ2c6PN]In1e6RNZIn1f6RN[Il1g6TNXIk1i6UNXIi1j6WNVIh1j6YNUIf1m6YNTIe1m6\\NRIc1P7]NPIb1P7^NPIa1Q7`NPHWN?X3b7bNkGYNb0T3d7eNfGZNe0P3f7gNcG\\Ne0m2i7hN^G^Nh0m2g7TOXHT1`7QO[HX1\\7nN]H[1\\7hN`H_1Y7dNdHa1W7cNeHb1V7Y3K4M3L3M6J8I7H8G9F:F8H8I6I8H7I7I8H7I8H5L1O1O1O1O100O1OgL]NWIb1f6kNQIT1l6ZOjHe0S7HdH7Y72kG[M9b2i79nG[M1[2n7?RH\\MHT2S8f0UHJh7<XHBd7c0]HZOa7k0_HROa7P1`HmN`7V1`HgNf7V1ZHgNS8n0nGmN[8o0eGkNa8T1_GfNg8[1WG_NP9b1nFXNZ9g1eFVN_9k1_FUNc9j1\\FVNh9h1VFWNo9g1oEYNT:e1kE[NY:c1eE]N^:P34M4L3M3M2N2N2N2N1O2O1O100O2N1H9H8I6J7K5K4L^MgMdHT2_7nM`HP2`7SN`Hi1b7YN]He1c7_N[H_1e7dN[HX1g7jNXHT1h7oNXHm0j7VOTHh0l7\\ORHd0l7ARH`0k7CSH?i7EVHe0^7_O_Hj0V7ZOiHc0W7AgH=Z7DgH8Z7KeH3\\7NdH0\\72bHN`73]HMd74ZHLh75UHJm77QHIQ87mGIT89iGGY89eGE^8=_GBX6aNcJo1QO_O^6cN`JQ2nNZOd6gN^JQ2jNWOi6jN]JP2gNUOn6lN[JQ2cNTOQ7lN\\JS2_NSOT7kN]JT2[NSOV7kN_JS2XNTOX7jN`JT2TNSO\\7jN`JU2PNQOa7TOUJn1VNnNe7VOUJc3l5^LTJa3l5`LTJ^3m5dLQJ[3P6hLlIX3V6iLgIV3\\6lL`IQ3e6PMXIm2l6UMQIf2V7\\MfH^2b7dMZHV2n7nMlGm1Z8XN]Gg1h8^NlFf1V9P23M3M201O1O00]GhJ_7W5YHQKh7n4SHVKn7k4oGWKR8h4mGXKT8i4jGXKW8g4gGZKZ8g4_G_Kb8^5101N1O2O0O\\HPJ[6o5dITJZ6k5fIXJY6f5gI]JW6c5hI`JW6^5iIfJT6Y5mIlJo5S5PJRKl5m4TJWKj5g4VJ\\Kh5d4WJ_Kk5ARIQ4S1`LQ6POVI]4i0fLf6W3ZIkLf6T3YInLh6o2WIUMi6i2VIYMj6g2TI[Mk6e2SI_Mk6a2TIaMl6^2SIdMl6]2QIgMm6Y2_HYN`7d4M3M2M4M2N3O1N10113O2M3M3M3N1N0001O000M3M4L3M4L4M3002N2N1ON2O1O1N2O1jJoHZ2R7SM_Im2c6kLcIV3^6bLhI_3[6XLkIg3\\6lKjIU4[6_KkI`4[800O100O100O1O100O100O1O100ON3L3L4L5L3\\FSKR9R5jFRKQ9R5kFTKP9`5L5K5J5L5bN`IVJd6i5aInIc6S6aIeIc6Z6bI^Ia6c6eISI_6l6k00O0100N1N3N1N3dIjGl5X8RJlGk5T8TJoGj5R8TJRHi5o7VJSHh5e2RJT25[Kh5_2UJU21_Kj5[2UJU20dKj5U2XJV2LgKn5Q2VJU3j5iLXJV3i5iLWJX3i5fLYJY3i5eLWJ[3l5aLVJ_3l5^LTJb3P6YLRJg3P6ULQJk3R6RLnIn3V6mKkIR4Z6jKfIV4^6eKcIZ4b6bK^I^4h6[KYId4P7TKPIl4U7nJlHS5S7mJmHS5S7lJnHU5Q7jJPIW5P7gJQIY5o6fJRI[5m6cJUI]5k6bJVI^5i6bJXI^5f6cJ[I]5d6cJ]I]5b6cJ_I]5_6dJbI\\5]6dJdI\\5[6cJfI^5[6`JfI`5`6YJ`Ig5g6RJYIn5l710O000000kIPJZ3R6eLSJU3n5jLXJP3i5PM\\Jk2d5UM`Jf2a5PKkIk1j0o2\\5TKnIl1j0j2Z5WKPJn1h0g2Y5XKUJo1c0f2Y5YKXJP2a0h2k5WMVJk2ZOaKa5c1VKUNmN`47jKg5_1_Kj2fNhKl5]1^Kn2aNgKS6Y1\\Kd3e4[LZKf3g4YLYKg3g4YLYKg3h4XLXKjNfNV4R6PMXKeNkN[4m5QMWKdNmNZ4l5RMWKdNnN24W3h5RNVKdNoN3a2i0Z3a0TKdNRO2b2f0X3d0TKdNRO3c2c0X3e0SKeNSO2e2a0U3i0RKdNUO2f2>S3l0RKdNUO2i2;P3o0RKdNVO2i29P3Q1PKcNYO3i26n2T1PKcNYO3l23l2V1nJeN[O2l21m2W1kJfN]O2m2Nm2X1iJhN]O2P3Kj2[1iJhN^O2Q3Hi2^1gJhN_O2S3Fg2`1gJgNA3S3Cf2b1fJhNB3e9V1hFgNC3e9V1gFhNE2d9U1gFiNF2b9V1gFhNG2b9V1gFgNI3`9U1gFhNI3`9V1fFgNK3_9U1fFhNL3]9T1hFiNK3]9T1gFjNM2\\9R1hFlNM2Z9R1iFkNN3Z9Q1hFlNO3X9R1hFkN12W9S1hFkN13V9R1iFkN23U9Q1hFmN32U9Q1hFmN42S9R1hFkN73P9R1iFkN74o8Q1jFkN84n8P1jFlN93m8Q1jFlN94l8Q1iFlN<3j8Q1jFlN=3h8U1gFgNb05g8Y1aFbNi05e8]1^F^Nm05e8`1[F[NQ15c8b1ZFYNT15a8d1XFXNW15`8b1ZFYNW15_8a1ZFYNY16\\8`1\\FZNY16Z8_1^F[NY15Y8_1_F\\NY15W8_1_F]N[14V8]1`F_NZ15U8[1bF_N[16R8[1cF_N\\16P8Z1eF`N\\15o7Z1fFaN\\15n7X1gFcN\\15l7X1gFdN^14j7W1iFeN^14h7U1lFfN^15e7S1oFhN]14e7P1QGlN[14c7P1RGlN\\14a7P1SGlN\\15`7P1RGlN_14^7P1SGlN`14\\7Q1SGkNb14[7P1SGlNc13Z7R1RGkNe13X7R1SGkNf13V7R1TGjNh14S7R1UGjNi14Q7Q1WGkNi14P7P1WGlNj13o6Q1VGmNl12m6Q1WGmNl13l6P1XGmNm13j6P1YGmNn13h6o0[GnNn13g6n0[GoNo13e6n0\\GoNP22d6o0\\GoNQ22b6o0]GoNR22`6P1]GnNT22^6P1^GmNV23\\6P1]GmNX23Z6P1]GnNZ21Y6Q1]GnN[21W6R1]GmN]21U6R1^GmN_20R6T1^GlNa20Q6S1^GmNb20o5S1_GmNc20m5S1`GmNd20k5S1aGlNf21h5S1bGlNg22e5R1dGlNh22d5Q1dGmNi22b5Q1eGlNk23_5Q1fGlNl23]5R1fGkNn23[5S1eGkNQ32Y5T1eGiNT33W5T1dGiNV33U5S1fGjNW32R5S1hGkNW32P5R1jGlNW32n4Q1lGmNW32m4o0mGoNW33j4o0nGnNY33h4Q1mGlN\\33f4R1mGkN^33e4S1kGjNa33c4V1iGgNe33a4Y1gGdNi33_4[1fGbNl33]4[1gGbNm33\\4Z1gGcNn33Z4Z1hGcNo33X4Z1hGdNQ42V4Z1iGdNS41T4Z1iGeNT42Q4X1lGfNT42o3X1mGfNU42m3X1nGfNV42l3W1nGgNW42j3W1oGgNX42h3W1PHgNY42\\L"}, "iscrowd": 0, "area": 133818.0, "image_id": 1697, "bbox": [0.0, 0.0, 639.0, 479.0], "category_id": 2, "id": 8572}]}