{"images": [{"id": 0, "file_name": "images/XL_2794.jpg", "width": 640, "height": 480}], "annotations": [{"segmentation": {"size": [480, 640], "counts": "njh32:0V>5cA1m=P1C7J4I6G:L3N3N101OO1O0QO_CAb<<oCUOR<h0XDPOi;6]COS>0?O0100^AI[>7eAKY>5fAN=Kf;0YE7dNO:Nd;OTE>mNF90b;0UEj0TOYOc;1XEi0POYO^;8aEQ1[:SOeEm0X:VOgEk0W:WOiEh0X:XOhEh0X:ZOfEf0Y:\\OfEd0Z:\\OfEd0Z:]OeEc0]:\\OaEe0e:gNcDMg0\\1h:\\NjD9=[1Z;eNeD[1[;fNeDY1\\;hNbDX1_;YOnCh0R<S11N2O1N2M2N2O1N01O01O1O1000001N01O2aCfMV<l2E4L3M2G9M4K4M3NBSEjLn:W3;2O101N101O0O2N1fGWL]5k3aJXLT51VHh3Y2WLlM2c7Q4`JoKhM5e7m3dJ[L[5f3eJ[LZ5f3dJ[L\\5e3cJ\\L]5e3`J^L_5b3_J`Lb5`3]J`Lc5h3UJXLk5k3RJULn5X4eIhK[6[4_IhKa6Z4[IhKe6Y4YIhKg6Y4XIgKh6Y4XIfKj6g3_HeKe0e0m6f3dH]K?n0n6g3`IZL`6g3^IYLb6j3ZIWLg6P3XHnLd01V7Q3ZHkL=4[7P3ZHmL73a7P3ZHlLHWO1m0P8P3XHXNj7[1oGdL7n1l7]1mGfL:g1k7b1mGgL:_1o7i1hGgL:[1R8c1cGmL15<R1W8h1_GQMO5>h0[8Q2XGSMO4`0c0\\8T2VGUMO4a0=^8Y2RGWMO3c08^8^2QGVMO4f00^8e2mFXMO3h0I`8k2jFYMO3W:J^Ei2=ZMO3P:l2RFPM04i9o2XFmL04[9Z3fFbL04V9\\3lF`LN5R9]3PG^LO5o8]3SG^LO5l8^3TG^L14i8^3WG^L14g8^3WG_L42c8_3ZG^L53_8`3\\G]L53_8T1jFk0b0oM62]8Q1oFm0>PN63]8n0QGm0=RN63\\8k0SGo0<SN63Y8b0`GW11TN73V8b0dGU10UN94P8c0iGQ1OYN84m7b0nGo0O[N64k7c0RHj0O`N52i7c0UHi0OcN21j7b0WH2QO[OOOm023Oh7b0_HJoN\\OO7j0210g7`0`HHYOFa020Od7c0bH^O_ON=2ON`7f0hHWO^O2>1NO\\7h0hIXOPO0L2Y7h0iIVOSO1K1X7h0iIWOUO0J1V7j0iIUOYO2FOW7j0hIVO]O0E1T7j0hIUOA0C1R7j0kITOB0B1Q7j0lITOB2A1P7h0lIUOE3^O0P7i0lISOG5]OOo6j0lIQOJ6[ONo6k0kIROL5ZONo6k0jIQOO5ZOMn6l0jIQO05XOMo6l0iIQO25WOMn6n0iIoN27XOHo6R1gIoN27`7k0^HnN36_7m0]HmN47_7k0\\HPO36b7i0[HQO38b7e0YHUO49b7a0XHWO79a7?VHYO;9]7>WHYO`07X7?XH[Od02U7b0WH[Of03R7c0WHYOh04S7a0TH[Oj04T7`0QH[Ol05U7>oG\\On05T7=PH]Ol06T7=RHZOk09T7;eJD\\5;eJE\\59fJF[57hJG[56k4Lbdl2"}, "iscrowd": 0, "area": 18098.0, "image_id": 2403, "bbox": [257.0, 150.0, 184.0, 281.0], "category_id": 2, "id": 14344}]}