{"images": [{"id": 0, "file_name": "images/XL_463.jpg", "width": 640, "height": 480}], "annotations": [{"segmentation": {"size": [480, 640], "counts": "gfg31n>1O2M2QOKRC7m<KPC6P=LjB8V=IcB>f2_O`75aEc0m2[Ob7Q1]HQOa7o0_HRO`7o0_HRO`7n0`HSO_7m0aHUO^7k0aHVO^7j0bHXO\\7i0cHXO\\7h0dHYO\\7f0dH\\OZ7e0cHDV7<dH3T7MbHd0V7\\ObHT1V7mNaH`1Z7bN\\Hi1b7WNVHS2g7UNcG]2Y8X2M3M2N1O1O1O1O1O1O001O1O1O1N2O1N2O2L4J6D;jNW1D<N2M3N3M3M2M4Ma0_O000O101O000O1000kLfKdKZ4V4RLeKm3T4[LkKe3o3bLPL^3i3jLULW3e3PMXJoNP1Q4:cKW2e1YLnNS1k31oK^2]1XLPOW1c3MWLc2^2\\M\\1M[Le2\\2[MZ1N\\Lf2^2YMV1O_Lf2^2XMT10`Lf2`2WMP12bLf2d2QMl07bLc1[OQN^3Mg0=bL]1FSNX3Kb0d0aLV11VNl7c0UHQ1c9nN^Fo0e9PO\\Fm0g9ROZFk0i9TOXF3bNKX;1XFLlNLo:7VFEVONg:5dYZ4"}, "iscrowd": 0, "area": 15588.0, "image_id": 2899, "bbox": [254.0, 80.0, 89.0, 336.0], "category_id": 1, "id": 17303}]}