{"images": [{"id": 0, "file_name": "images/XL_417.jpg", "width": 640, "height": 480}], "annotations": [{"segmentation": {"size": [480, 640], "counts": "aTl21n>1O1TONiB3W=MiB3W=MiB3W=NhB2X=NhB2X=NhB2V=0jB0U=2jBNl00b:2bDNk00d:2aDNk00[9MZF5@Nj00^9MXF5_OOi0Oa9NVF4@Oi0Ob9NTF4AOh0Oe9MRF5AOg00f9MQF4BODLg03T:NnE5BNELf03W:NkE5CNDMf03Y:MjE4CODLd00TO3X;OhE3DODLc01TO2[;NfE5CNDMc00UO3\\;MdE5DNDMb06c:KbE4ENDMa01WO2^;N`E4FNCNa06h:J]E5FMDMa07i:K\\E3FNDM`08k:JZE3YOJ74JNa06m:JXE4YOJ74JN`06o:KVE4YOJ73KN`06P;KTE4ZOJ73JN8NJ8a;KQE4[OJ73JN7OK7b;KoD6ZOH93JN60K6d;LnD5ZOH83JO6OM5e;LlD7YOG93JO6OL6g;KjD7ZOG93JO50M4h;MhD7ZOG92KN52L3k;MaDLA;NG92JO52M2l;M_DMA:OG93IN53M1R1Jc94fEMA90H82JN43O1P1Ld92fELB>7FIO52N1Q1LZ8MkG4UONA=8FIO43N0Q1M]8MgG4VO>JBIO34OOP1M`8MeG4UO?JAI034ONQ1Ma8NcFNh05^O>JBI0250MP1Md8O`FNh04^O>KBIO27OLQ1Lg80]FO<NF63>KAJO180JP1Nj80[FM;0G43?KGK1OKP1Mm80YFN:OH43>KHJ11Jo0Nn82WFM9NJ52>K5K]OP1NP92VFL8OJ51>L5K]Oo0Nm8LXF62M6OL5O=N<j0TOo8LVF71M6NL7O:O=h0UOS9LSF63M3ON7M:0;i0VOU9LRF61M4OM9L82;h0VOW9MQF51N2N0:I74:h0WOY9MoE51O1M1P1LK6RO74h9NlE61M0O1o0MJ6SO65k9NiE52NON2n0MK5TO64n9NhE50ONN4m0LK5TO74CNW:0lE51NMO3m0MJ4WO78l9IkE50NLN6l0LK3WO88n9IiE5051c0MK2WO89Q:IgE3150d0LJ3YO78h0FU83lF4041a1NVN88e0H[81iF405O_10XN77c0Ja8OfF5O40^1OYN87?Mg8MeF3N6O\\1N[N:6<Om8LaF2O7MZ10]N86;0S9J^F3N6Na18\\N82Y9H[F3NX25kM64_9FXF4LV27lM45d9EVF3KU27nM26i9ERFb21dM17n9DPF_21fMO7k0^OU86PG^20gMN8h0B]81nFh3`0[Lf8MjFe3<aLn8KeFa38gLX9H`F^33nL`9G[FX31TMh9GUFn3o9>2N0O4M4L3M3N3M2M4M00M2N3M8I`0_O=C20M`GhJk7k4QH_KP8_4gGkKV8X4`GnKa8T52MARJWHj5S8YJeG=:Q4[8cK]H^5d6dJWI[5m6fJPIX5T7iJhHV5\\7lJTHl4b83EgJ[HR5j7PKVHi4Q8WKoGb4X8^KhG\\4]8eKcGT4d8lK\\Gm3k8SLlFo3Z9RL_FQ4e9oKYFP4j9PLVFm3l9TLTFl3l9TLTFo3h9RLXFQ4e9oK[FT4b9lK^FT4a9mKUFW4Q:68H0014K6K5J6KCXFjKb9Y4cFdKY9_4kF_KP98iFd3<RLe89QGj3<kK^88ZGQ4:eKV89bGV4;^Ko79jG]4i8bKZG4@m3Q9lKbG7^OP4k8hKjG7\\OU4f8`KQH:\\OX4^9gKcF]4Y9bKhFm3JZLY9InFP4MSLR9KSGV4OkKj8NXGZ42eKa81_G]43^K[83dG1AY4[9fKUG0A]4W9bKYG0A8Ml3U9jK_G1A8L3O\\3R9WLcG2@7O2Ma3f9TL_F8O3Md3j9YLZF2Mg3g9UL]F4Mj3b9RLbF3Mm3^9oKfF4MP4Z9jKkF5LT4U9gKPG4LW4Q9dKTG5LOGR4U9iKZG5K0GS4R9gK\\G6L0FV4a9iKjF0Ff3NfL^9DoF0Eg32bLX9FRG1DU1OT18nMo8HWG0D1Mm02\\1;kMi8JZG1C1Ml04Z1`0jM`8N]G1B1M00d05^1g0iMX82^G1B2L00c07^1l9kM`F2A1M10b07_1i9kMcF2A0L20c075H:o9iNfF2A1L01d066G;l9hNjF2@1L013M99>H:j9hNlF3_O1L022MNO59f0HXOOi0b:ROeE1L112M99`0HBN5`:\\OgE1L121MON5:f0HXON11=^:]OhE1L121N98a0HWON20=\\:\\OkE2L022MNM6;f0HXOM13<X:]OmE2L022MNM6<f0HWOM22;W:^OnE1M121MOL5=h0FVON23;T:]ORF1K221NNK7=g0GVOM23;^:^OcE230NOJ6>h0FVON130L2_:HeE230NOJ7>g0GUOM33NM2]:IgE131MNK7>h0FVOM14OL2[:HjE221NNI7`0h0FUOM23NM3X:HlE24OMOI8?h0FUOM24MM3_:JTF0YO7a05_O47DL24LO3[:KWFOYO8`05_O47DM14MN3Y:K\\F7G5^O48CL34KO3X:K]F7G6]O48DL15KO4U:K_F8G5]O49CL24K01T:N`F7G6\\OI039KL25J00S:0`F8G4^OIN4:KK2n;1bD5]O48DK2m;1dD5\\O49DJ2l;1dD6]OIN3:KL1j;2fD6\\OIN3;JK3i;0hD7\\OHM4;KK1h;1jD7[OHM4<JK2f;1kD7[OHN3;KK2e;1mD7ZOHN3<KJ2d;0oD8YOHN3<KK1b;1QE8XOHN4<IK3a;0RE8YOGN4;KK1`;1TE8XOGN4<JK2^;0VE9WOGN4<JK2];0XE9VOGN4=JJ2\\;0YE9VOHN2=KK1Z;1[E9VOGM3>JJ3Y;O]E:UOGM4=JK1X;0_E9UOHM3=JJ3W;O`E9UOHM3=JK2U;0bE4nNL61M3>JJ2T;OdE5mNL61M3>JJ2S;OfE5lNL70M3l0M]:OgE5lNL70M4l0K\\:0iE5lNK61M4l0L[:NjE7lNJ60N5l0JZ:0kE2jN01N71N4Y<KgD2jN01N71N4X<KiD2iNO3N61M5X<JjD3hNO3N60N6V<JlD3gNO3N60O6T<JmD3gNOh04c;JoD2gN0g04o<L[BOf05o<L[BOg02P=NZB0f01W=OiB1W=OiB1W=OjBOX=0hB0X=0l0000k_m2"}, "iscrowd": 0, "area": 23618.0, "image_id": 2861, "bbox": [196.0, 141.0, 242.0, 243.0], "category_id": 2, "id": 16980}]}