{"images": [{"id": 0, "file_name": "images/XL_481.jpg", "width": 640, "height": 480}], "annotations": [{"segmentation": {"size": [480, 640], "counts": "ico22n>2M3HM_A4`>600M300O100O100000000O1O1O1O1001OcE]O[6e0eF\\Ol12^7c0bFHZOK5HZ16c8`0]F=FmN5Oa0;V9=\\F>H\\OJ@>?d97\\F>HD7Hd96]F>FF8Gb3Bk1c0eJ>CJ8Ec3Cl1`0fJd1J[Nb3Mc14QKf1F[N_3UO`Lh0V55UKe1B[Nc3TO^Li0V54XKc2S3aL]Ll0U51[Kb2S3cMg0nN[Lm0Kb2S3eMe0POXLj00a2T3iM>oNZLi04_2T3jM=nNZLj0GWO1V3`3mM;nN^Lj4W3WL;POaLe4S3[L>POaLc4o2]La0QO`Lb4n2\\Ld0SOmKF:k4T3WLj0_ORLZ4S3XLk0_OQLY4Q3\\Lh0fNPLe07X4P3_LiLjNc3L\\Ld09V4n2aLhLmNe2JPNj0AROKl4h2UKbMi1X2aNlMm0Cd3e2XKaMg1Y2eNkMi0Ec3d2ZKcMf1V2hNkMg5Z2mIcMe1V2iNmMg5IfIV26oMc1m1ROUNh5l1eIRNb1k1SOSNj5m1dIUN_1h1UOSNk5b1UIbN?7Y1^1YOVNl5V1SInNk0:k0\\1\\OUNl5S1WIQOe0<l0Z1a6VOQHROc0=k0\\1b6ROTHSO>`0k0[1e6nNTIG5]1h6hNVIK0^1k6UNdG8d15K_1V7YNRI8F_1Z7VNUI8Ab1Z7UN[I4[Of1[7UNUKk1l4TNSKl1o4RNRKn1P9O1aNSCk0o<oNWCn0^=01N100O2N101N2O1N2N100N3K4M3M5L4IRYS5"}, "iscrowd": 0, "area": 188809.0, "image_id": 503, "bbox": [203.0, 0.0, 436.0, 479.0], "category_id": 2, "id": 2563}, {"segmentation": {"size": [480, 640], "counts": "_Wh32_>4iANU>7gAIY>9dAH[>>011O0100O0101N`0A]e]5"}, "iscrowd": 0, "area": 204.0, "image_id": 503, "bbox": [256.0, 221.0, 11.0, 22.0], "category_id": 1, "id": 2564}, {"segmentation": {"size": [480, 640], "counts": "]ad32m>10000O100000000VA2b>9L0O1O02O001O00010O0010O10O2O001MoX[5"}, "iscrowd": 0, "area": 279.0, "image_id": 503, "bbox": [248.0, 289.0, 25.0, 23.0], "category_id": 1, "id": 2565}, {"segmentation": {"size": [480, 640], "counts": "WVj31n>100O2O000O2O0O2N3N1N2NM4O0010O010O1000O101O000O101O0O2O0OQhS5"}, "iscrowd": 0, "area": 233.0, "image_id": 503, "bbox": [260.0, 317.0, 28.0, 17.0], "category_id": 1, "id": 2566}, {"segmentation": {"size": [480, 640], "counts": "TSR13m>1N2O0O2O0O1O0JKbA6\\>8O1O1I_OnAb0g=IWB8h=a0N100010O001O001O002O1N3N1N2_OPBOR>MQB1Q>NoA1T>LPBNU>O\\_j7"}, "iscrowd": 0, "area": 794.0, "image_id": 503, "bbox": [71.0, 313.0, 33.0, 48.0], "category_id": 1, "id": 2567}, {"segmentation": {"size": [480, 640], "counts": "Ufi02m>1O1O100KN[A5a>8L2J7M10O1J70O00100O0010N3L3N3M4JeaW8"}, "iscrowd": 0, "area": 339.0, "image_id": 503, "bbox": [54.0, 362.0, 21.0, 33.0], "category_id": 1, "id": 2568}, {"segmentation": {"size": [480, 640], "counts": "jmZ21o>1O001O4J10O11O0010O10O01O1O1O1N_Si6"}, "iscrowd": 0, "area": 100.0, "image_id": 503, "bbox": [159.0, 402.0, 15.0, 13.0], "category_id": 1, "id": 2569}, {"segmentation": {"size": [480, 640], "counts": "_j\\21o>0O101M2N2O1O1O1O1O01O1O1N3L3Nleg6"}, "iscrowd": 0, "area": 98.0, "image_id": 503, "bbox": [163.0, 420.0, 14.0, 12.0], "category_id": 1, "id": 2570}, {"segmentation": {"size": [480, 640], "counts": "eX^22l>2M2O2N2N4L3NL5N2O1N2O1O1NkUg6"}, "iscrowd": 0, "area": 120.0, "image_id": 503, "bbox": [166.0, 454.0, 12.0, 17.0], "category_id": 1, "id": 2571}, {"segmentation": {"size": [480, 640], "counts": "RfQ39f>00104L0011M4L2N10O01O1O2NkgS6"}, "iscrowd": 0, "area": 120.0, "image_id": 503, "bbox": [207.0, 191.0, 14.0, 14.0], "category_id": 1, "id": 2572}, {"segmentation": {"size": [480, 640], "counts": "Tdf31o>1WAOa>2\\A0e>0YA0h>40O10O10O0100000000000000001O0O2Ok`[5"}, "iscrowd": 0, "area": 126.0, "image_id": 503, "bbox": [252.0, 34.0, 20.0, 9.0], "category_id": 1, "id": 2573}, {"segmentation": {"size": [480, 640], "counts": "oSX31n>1K6O2M01O01001N2N3LWgn5"}, "iscrowd": 0, "area": 76.0, "image_id": 503, "bbox": [222.0, 55.0, 9.0, 11.0], "category_id": 1, "id": 2574}, {"segmentation": {"size": [480, 640], "counts": "efo25k>1N104I300O0100O20O02O1M3L[gU6"}, "iscrowd": 0, "area": 150.0, "image_id": 503, "bbox": [203.0, 79.0, 13.0, 15.0], "category_id": 1, "id": 2575}, {"segmentation": {"size": [480, 640], "counts": "VUY32l>201O00000K5001O002N00000O1Ooik5"}, "iscrowd": 0, "area": 96.0, "image_id": 503, "bbox": [223.0, 159.0, 15.0, 9.0], "category_id": 1, "id": 2576}, {"segmentation": {"size": [480, 640], "counts": "iRZ24h>4O100O1001N100O001O100O10000O2O\\ni6"}, "iscrowd": 0, "area": 114.0, "image_id": 503, "bbox": [157.0, 18.0, 17.0, 10.0], "category_id": 1, "id": 2577}]}