{"images": [{"id": 0, "file_name": "images/XL_651.jpg", "width": 640, "height": 480}], "annotations": [{"segmentation": {"size": [480, 640], "counts": "ifV11n>1N3N1dANi=4UB1g=OXB4f=MXB5g=KYB7b0CU<7WC81B35l;H_D;]O82GO2P<G`DQ1]OLo;VObDR2[;QNcDP2[;SNcDn1[;UNbDn1Z;VNdDk1Z;XNcDj1[;YNbDi1\\;ZNbDg1\\;Q1M2N2M3TNXLZHl3_7]L[Hh3`7]LhGAKV4]8[LcGEIU4c8WLaGHFU4i8UL`G[4_8fK`GZ4a8gK^GY4a8hK_GW4a8kK]GV4b8kK^GT4b8mK^GS4`8PL_Go3`8TL^Gl3W8SKlGS1Li3g6UK_J4kNR1Md3f6^KZJ1POm5e6ZJSJd5@QJ\\6a0oI]5HPJY6h0kIW5OnIU6Q1gIQ56lIR6Z1bIj4R7[KjHc4W7c1001O0000O2O0O1O10011N2N2O1N7G8I1O100O101O0O1A?L4OB>001O01O0001O00001N101O11O1N3N1O1N3NUK^GZ3a8dLcGX3_8fLeGV3\\8iLgGT3[8jLiGR3Y8lLPHk2S8]LVG1k0a3P8WLZG7i0a3n7RL^G;g0b3Z8]LiGb3W8\\LlGb3T8]LoG_3X8[LjGb3k9N3O001OI`LnD`3Q;eLlDZ3S;:O2N3M3M<C4L4M2M00bKRFj3P:RLWFh3l9YLUFc3n9]LTF_3m9aLVF\\3l9cLVF\\3j9cLWF]3i9bLYF]3g9cLZFZ3h9fLXFX3i9hLXFW3i9iLVFV3l9jLTFT3n9kLSFT3n9kLSFU3l9kLTFU3k9mLUFS3i9nLVFS3a9jLiE4c0V3e9PMZFQ3g9mLYFU3g9iLZFY3f9dL[F]3e9aL[Fb3e9[L\\Ff3]:5dEVL[9U4UFQLj9c4O001O\\Od0I7L4O1N2N100012M3N1N3`EQLk9R4mETLS:\\4O11O5L5K4M2M10000N2N2N1O2N200O100001N101O0O101O3QFQLe8U4`FbL_9\\44G8F;J5O100O2A>N2O1O100010O002O100O1UE[LX:V41N2O2O0000000O2NZOjKcFT4^9mKbFR4]9PLcFo3\\9TLcFk3]9VLcFh3]9ZLcFf3\\9[LdFf3[9ZLeFd3\\9^LcF_3_9bLaF\\3a9dL_FZ3b9fL^FZ3b9fL^FY3c9hL\\FX3e9gL[FX3f9hLZFX3f9hL[FW3f9iLYFX3f9hLZFX3f9hLZFX3g9hLXFX3i9hLVFY3k9fLRF\\3Q:bLlEb3T:]LiEg3W:XLfEl3Z:SLcEZ4S:82O1N2N2NZO^KQGa4m8cKRG[4n8gKRGW4m8lKSGS4k8QLTGn3m8RLSGm3n8SLRGl3o8ULPGj3Q9VLoFj3Q9VLnFj3S9WLlFi3T9WLlFf3V9[LiFd3b8mKbG`0Ka3`8ULcG:Mb3^8VLeG8Mb3]8XLdG60b3[8XLfG5Oc3[8YLfG4Oc3Z8YLgG4Od3Y8YLhG2Of3W8YLjG2Nf3W8YLkG0Ni3T8XLnGONj3S8XLnGONk3Q8WLRHMMj4S7ZKoHLNj4R7[KPILMj4R7ZKQILMk4P7ZKSILLk4o6[KUIJIm4Q7ZKVIIGP5P7YKYIHDk4X7^KTIHAe4a7dKnHP5S7QKnHl4R7WKmHh4S7YKmHe4S7]KmHb4R7`KnH`4R7`KnH`4R7`KnH`4R7`KnH`4R7`KnH`4R7_KnHb4R7^KnHb4R7^KnHb4S5ZJZLT1cNb4S5ZJZLT1cNc4Q5[J[LS1cNc4Q5[J[LS1bNe4P5YJ^LR1aNg4P5XJ^LR1`Nh4P5XJ_LQ1_Nk4o4UJaLc7X3^HhLh7R3YHmLo7j2RHVMZ8^2fGbMV8a2kG_MP8f2QHXMn7i2SHWMj7l2VHTMh7m2YHSMe7n2\\HRMb7o2_HQMa7n2`HQMa7GmGi1d0`N^7DRHk1b0`N\\7BUHm1`0`N]7^OWHQ2=aN^7WOZHW29`MYO=W8BYHe29ZMYO?W8[OeGb3l0cLZO?W8VOgGc1M<l0\\NYO?_8g0_G;k0`NWO<`8g0aG:j0cNUO<`8e0dG:h0eNUO;_8c0hG:g0gNXO6Y8g0hG<i0hNVO3[8f0gG>j0iNTO3]8b0fGb0j0iNSO3_8=eGg0k0iNQO3a89UGY1[1[NPO2b86QG_1_1XNoN4X9c1kGYNnN3V9c1nGZNmN2T9b1RH\\NkN1S9a1TH]NjN1S9`1UH_NiNNT9a1UHaNhNLU9`1THeNhNHV9a1THfNj8Y1WGgNi8a0VEGS2Hg8?YEFR2Ke8<\\EGQ2Mb8:aEGn1Nb89bEGm11a85fEGk14a8OhEKh17d8FiENg1;Q<1O100O010O1O10O010O001O011N1O2N2JbUj2"}, "iscrowd": 0, "area": 94456.0, "image_id": 3069, "bbox": [82.0, 39.0, 364.0, 412.0], "category_id": 2, "id": 18848}, {"segmentation": {"size": [480, 640], "counts": "h?d4]:b4]K10O100O01000O10O1000001N100E;I7L4M2O1N2O2M2O1O1N2O1N3N1000000000001O00000000001O000000001O1O001O1O1O1O001O1O1O001O001O1O001O001O1O001O001O2N2N1O2N1O1QMnDn1S;RNnDl1S;SNnDl1S;TNnDj1S;fMeD59T2];lMdDR2X8fM]J7[MR2W8hM_J5\\MQ2T8lM`J3\\MP2T8mMbJ2ZMP2T8oMiG3R2NRNn1f1RNn3OXJ4R2MRNm1^1]NT4FXJ6T2ISNl1[1cNT4BZJ7>Jd0NUOk1Y1hNa1YOUO5hM9NFO<S1B[Ok1U1lNa1YO^NMoN6B;J`0V1RO[Oj1P1SOb1WO`NLoN7_O9La0Z1nNZOj1m0WOc1WO`NLoNS2i0hMYOi1l0ZO`1XObNMnNQ2k0gMYOh1l0[O?lNnN<e00lNo1n0eMXOh1l0]O;oNPO9f02jNn1Q1cMWOh1l0^O:POPO9g03hNm1j1XO]O@6SORO6h05gNk1l1VO]OAM\\OZOMi08dNi1o1UO]OBL\\OYOMj0:bNh1R2RO]OCL\\OWOOk0P3d0RN@BI^OVONm0R3d0oMABHASOMo0S3e0lMCBDEROLo0S3h0jMDACHoNLn0U3l0eMEBAJlNM4VO>P4]1`MFA_ONiNM4XO<P4a1\\MHA]O\\1UOj1g1XMHCZO]1QOm1l1SMKBXO_1lNP2Q2nLLCVOS6o0YJLETOR6o0YJMKoNk5U1YJL3hNe5Z1YJN4gNb5[1ZJN7eN_5[1[J08dN\\5\\1\\J0:bNZ5]1]J1;aNb4JlId1W11=XNg45cIa1Z12Y7_NZG`1]11Y7aNXG]1`11Y7dNUG[1b11X7c0iH]OW7d0hH[OY7e0hHZOX7g0hHXOX7h0jHUOW7l0iHSOX7l0iHROX7o0iHnNX7R1iHlNY7T1gHjNZ7V1hHfNZ7[1fHaN^7^1cHoMo7R2RHcMY8[2hG_M_8`2S2M5L5K1OO1O2N100O1O1O0A?O10O0100O100O100O010O10000O2O0O2O001N10ZNXD4i;J\\D2e;L`D1`;MeDO\\;\\OSDNf0b0Y;ZOUD3f0`0W;XOVD8e0?V;SOYD=e0=a;BcD;];DfD:Z;EjD8V;GlD9V;ClD<X;_OiDa0l<O010O001O010O001O01O00001O0000001O00010O001O1O1O1O2N1O1001O1O1M3N2M3N1N3M3N2M3N2MeTQ6"}, "iscrowd": 0, "area": 43817.0, "image_id": 3069, "bbox": [0.0, 0.0, 226.0, 466.0], "category_id": 2, "id": 18849}, {"segmentation": {"size": [480, 640], "counts": "mU`7?`>2mAE]==_BOX=3dB84[O^<?[Ck0b<WO]Ck0j;]NiDj0]Ok0f;_NjD`2R;cMlD_2Q;eMmD[2Q;hMkD[2T;gMkDY2S;kMkDU2T;mMkDS2S;QNkDo1T;SNkDm1S;UNmDl1Q;UNnDl1P;S1L4H80000O10O1VM\\EW1e:iN\\EU1e:lN[ER1f:nNZEQ1g:oNZEo0g:QOXEP1h:POXEP1h:d1hEkKe9V4YFkKg9U4XFlKh9U4VFlKj9V4SFkKP9O_GX4^OjKo84aGT4]OiKo88cGo3\\OjKQ99bGl3\\OkK3Ij8c0fGQ4_O_Ki8a0hGo3^ObKi8`0iGm3^OeKg8>mGk3[OiKf8>PHR4P8nKPHR4P8oKoGR4o7oKQHQ4@WKW8i0XHP4_OYKY8i0VHn3_OZK\\8i0THT4k7oKSHQ4AoJY8R1UHR4f7SLYHn3d7VLYHk3f7YLWHh3g7]LUHd3i7`LTH_3m7i10012M5L100O1O1O10O0O10O01O0O2N1010N3N5K4K4M0000000001O1O1100O1O1O001N2O2N1O2M2O1O001O001O001O001O0O2O001N101O0O2O0100O1O1O1O1O100O1O1O1OjM"}, "iscrowd": 0, "area": 25488.0, "image_id": 3069, "bbox": [511.0, 58.0, 128.0, 271.0], "category_id": 2, "id": 18850}]}