{"images": [{"id": 0, "file_name": "images/XL_797.jpg", "width": 640, "height": 480}], "annotations": [{"segmentation": {"size": [480, 640], "counts": "fiY24n>4M4K4M1ON1OI6F;N2O1N2N101N2N2O1N1O2O2M3M3M3M3N2M3M3M2O1N101N2O1N21O1N2O1O9H00O10000L4L4L4M3L4L4M5K8I7H8H5L2M2N2O2M2O2M2O1N3N1O2M2O]NhE_NW:a1nE\\No9e1PF]No9b1QF`Nm9a1RFbNl9^1SF^MIg0S:k1TF]MJi0P:h0nEUO7ZOMj0l9e0RFiNOH51Nj0j9b0WFjNMI311j0g9`0ZFkNLI222l0e9=[FjNML015l0d9:[FlNMMN17m0d9SOUFb06_OMNNO8o0f9jNTFl04[OM1NO7o0Q:EnE[OM2NM7R1n9DQFZOM2OL6U1l9CRFXON5OI7W1h9CUFVOO6NJ6d0@IW:=WFTO08MH6g0_OHV:=XFRO29MG6h0_OHR:>lF\\O20nN332P:=oF]O10oN322n9=SG\\O01nN421l9<VG^ON1oN32Nn9=WG_OK3oN32GR:b0UG@H3QO3]:8mF@G4oN5]:3PGDD4PO4\\:0UGF@5PO6Z:KfHLSM8W:HjHNRM:U>0100O010O001O1O001O001O1O001O1O001O001OmgZ5"}, "iscrowd": 0, "area": 8079.0, "image_id": 3208, "bbox": [157.0, 195.0, 116.0, 174.0], "category_id": 2, "id": 20361}, {"segmentation": {"size": [480, 640], "counts": "STY32m>4oMa0[DC`;U1hCoNT<V1gCnNU<V1gCnNU<W1gClNU<T2K4L4LWM\\D\\2_;]MlDd2j;O01L4L3L3L5L4K4M4K4L5K4L5K^LZEP3b:PMbEQ3W:QMnEn2k9UMYFk2`9XMeFg2V9[MmFe2Q9YMRGg2m8XMTGU2`9hMcFQ2c9mM_FP2d9oM]FP2n9dMTF\\2X;0001N10002N2M3N2N1O0O10O1CPNjCP2m;e0I8K5O1O0O2O00001O02N3M3N2M2N3M3NYOf01O1\\NSEUOn:f0XEWOi:g0\\EUOe:k0]ESOc:l0`EQOa:o0bEiNd:U1_EaNi:_1\\106J;E3LO0M4I7L3101N101O0O2N1M4N111N2N2N2O1N2N2O1N2O1N0001O001O2N5K4L1O2O001O0O10O10O1O1O00100O1O@ZBId=5^BLa=2aBO=FW<8]C52Kc<K^C;NJe<G`Ca0IIh<AaCh0EHZ=:eBF[=o0O100O2N100O10000O2O000O10001O000000001N1O1O1O1O1010O1O1O1N2N2N2N2M3N4^ObB\\Ob=`0bB\\Oc=?bB\\Ob=a0`0N1O1O1O1N2O1O1O1O1N2O1N2O1NiY[3"}, "iscrowd": 0, "area": 11805.0, "image_id": 3208, "bbox": [223.0, 30.0, 186.0, 190.0], "category_id": 2, "id": 20362}, {"segmentation": {"size": [480, 640], "counts": "o`X43l>7H7J5K3M3M3L4M3M3N2N5J8I6J7I?@?B5K6I6K3L1O1O010L2O11N101O1O1O2N20O010000O100O0100001O1O1O1O1O0BaD[M_;_2gDaMZ;\\2hDdMX;[2iDeMW;[2iDeMW;Z2jDfMW;Y2iDgMW;X2jDhMV;X2jDhMW;W2iDiMX;V2hDjMZ;T2fDlM];Q2cDoMc;k1]DUNf;h1ZDXNh;f1XDZNi;f1VDZNl;d1TD\\Nk;e1UD[Nk;e1TD\\Nk;e1UD[Nj;f1VDZNj;b0PD06^Oi;`0RD44]Oi;>SD74[Oi;=SD94ZOh;<TD<4XOh;;TD?2WOi;:TDa03UOi;8UDd02TOh;8UDf03ROh;6UDj02POi;K`DV1GoNi;HaD[1FmNh;FcD`1DjNi;CdDe1BiN]<Y1cCgNc;F`Do1M[N`;V2`DjM];Y2bDhM\\;Y2eDgM[;Y2fDeMZ;\\2gDcMY;]2hDaMY;_2hD`MW;`2kD^MV;b2jD^MV;b2kD\\MV;d2kD[MU;d2mDZMT;f2mDYMS;g2nDWMS;i2a00O2O1O1N101O1O1N101O1O1O001O1O10000O1000001N10000O1O1O1O1O1O1O1O1O100N2M3L4M3N200O10000O100O1000000O10000000O10O100000000O100000O100000O10000000VMZEZ1f:dN_EY1b:dNaE[1_:dNbE\\1_:aNbE`1^:^NdEb1]:]NcEc1]:]NcEc1^:\\NaEe1_:ZNbEf1]:[NcEe1\\:\\NdEd1[:]NdEd1[:]NeEc1Z:^NfEb1Y:^NhEb1W:_NhEb1W:_NiEa1W:_NiEa1W:_NiEa1W:_NhEb1X:^NhEb1X:^NhEb1X:^NhEb1X:^NgEc1Y:]NgEc1Y:\\NhEd1W:]NiEc1W:]NhEd1X:\\NhEd1X:XM`En08j1X:XMaEm06l1Y:WMcEk04n1Y:VMdEl02P2Y:TMdEm02P2Z:RMeEn01P2Z:RMdEo01WOK`2g:YN^EUOO`2c:[N]ETO3`2_:]N]ESO5`2^:]N]EQO7b2[:^N]EoN:c2Y:^NlEb1T:^NlEb1S:_NmEa1S:_NmEa1R:_NoEa1Q:_NoEa1Q:_NoEa1P:`NPF`1P:`NPF`1o9aNQF_1o9aNQF_1n9bNPF`1P:`NnEb1R:^NmEc1R:^NlEd1T:[NkEg1T:YNlEh1T:XNjEj1V:UNiEm1V:SNiEo1W:PNiEQ2V:oMiES2W:lMhEU2Y:kMfEV2Y:jMfEX2Z:gMeE[2Z:eMfEL0_1Z:eNfEF7d1e:SNTE5<h1i:iMlD=>i1o:UNSEk1m:RNVEn1i:QNZEn1f:PN\\EP2d:nM^ER2b:kMbET2]:kMeEU2[:iMhEV2a;00000001N1000000000001O000XNVCZ1j<dNXC[1h<eNYC[1g<cN[C]1d<bN]C_1c<`N^C`1a<`N`C`1_<_NcCa1]<^NcCc1[<^NfCa1Y<`NhC`1U<aNmC_1Q<bNoC_1o;bNRD]1l;eNUD[1i;eNYD[1e;fN[D[1c;fN^DY1a;hN`DX1^;hNdDX1[;hNeDX1Z;iNgDU1Y;lNhDR1X;nNjDP1U;ROkDm0R;VOPEh0m:[OUEc0h:@ZE?d:B^E>a:@bE?_:_OcEa0\\:^OgE`0Z:\\OjEc0V:ZOnEf0R:VORFi0n9TOVFl0j9POZFo0f9nN^F5nMc0k=]OUBa0m=^OTB`0n=_OSB?P>_OQBa0o=^ORBa0o=_OQBa0o=^ORBa0o=^ORBb0V>O100O100O100O100O100O10000O1000000O100000O0100O100O1O1O100O1O100O1O1O100OQL"}, "iscrowd": 0, "area": 31289.0, "image_id": 3208, "bbox": [290.0, 33.0, 349.0, 197.0], "category_id": 2, "id": 20363}]}