{"images": [{"id": 0, "file_name": "images/XXL_193.jpg", "width": 960, "height": 540}], "annotations": [{"segmentation": {"size": [540, 960], "counts": "^UR11j`0101O000S@Oo>1PA1o>0o@1Q?Oo@1Q?Oo@1Q?Oo@1Q?Oo@1Q?Oo@1Q?0n@0V1Nk;2oB0V1Nk;2oB0U1Ol;1oB0U10k;0PC0U10k;0oB1U10l;OoB1U10l;OoB1T10n;NoB2S10n;NoB1T11m;NoB17LL5o<NnB17MK4P=1jBO;LK3R=2gBN<OI2EKQ=6UCN<OI2CMS=5TCM=OH2DNS=5RCL`0OG2DNS=5RCL`0OG2COT=4RCL`00E1FOS=4RCL`00E1D1U=2RCK`02D0D3V=0QCLa01D0B5Y=MPCMa01D0A6Z=LPCLb02B0B7Z=KPCLb02B0B7Z=KPCLb02A0C7[=LnBKc02A0B7]=LmBKc02@0C8^=JkBMc02AOC7_=KjBMc02AOB7a=LhBLd01[OKK4N7a=MgBLd01ZOLL3N6b=NfBLd01YONL1N6d=NeBLd01XOOM0N6d=OcBLf00WO0MOO6e=ObBMe0OXOON0M6g=OaBMJKd05^OOO;e=I`BMH0c00AOO:f=J_B98DC008h=J]B<6AE1182B\\=8fB<6AE1262D[=8eB>6_OD3432GZ=6fB>6_OB4712GZ=6fB`03JLG0JX<2_D2ZOa03IMHMK\\<1\\D2[Oa03ILHNL\\<0\\D1\\Ob02IKINKl;M_D3OLM5Nb02IJIOKm;N^D1ONM3Nc01JKGOLn;O\\D1ONM2Oc01IKINKP<O\\D0N0L2Nc03HJIOMP<M[D1NOM2Nc03HIJO0n;J^DOO0L1Nd02KGG21o;H]D1NOM1Nd02KGG21o;I\\D0O0L1Nc03KFG33o;G\\DOLMH372Nc037H_OQ<E[D1JMJ361Oc027I@Q<EZD0JNL152Nd036GAU<DWD1JNK252Ob03g0o;dNUD2H62KOb03f0Q<eNRDe0J^O0b02e0U<eNoCf0J^OOc03b0X<gNkCf0K^OOc02?]<kNeCf0M^ONb03=`<lNbCg0M^ONb02>b<kN`Cg0N^OMc03<c<mN_Ce0M@Nb02=e<oNZCb01AMa01>i<nNXCa01BMa00>m<lNUCc01`0M1;iNT<2cCd0Nm1;^MU<0bC]38dLW<O`C\\3:eLV<0_CZ3;gLW<N^C[39iLZ<[3eCgL\\<X3bCjL^<X3^CjLc<g31O1O001O01O00000O2HoKcCQ4]<QLaCo3`<7O01O0O2O0O2O0OCkKVDS4i;PLVDo3j;SLVDk3l;ULSDj3n;WLRDg3P<YLoCf3S<ZLmCd3T<\\LlCc3V<]LjCa3W<`LhC_3Z<aLfC^3[<bLdC]3]<dL[CJ3a3d<iL[CW3f<hLZCW3h<gLYCY3h<fLXCY3j<gLTCY3o<91N2N2O1N2H9M2M3N2N2O1NORMWBl2j=UMWBh2i=ZMWBe2k<]MjCO[Ob2h<kMdCEC_2g<VN_CS2c<oMZCo1i<PNVCo1m<PNSCn1P=PNQCn1R=QNoBl1T=SNlBj1X=UNhBh1[=XNfBf1[=YNfBg1Z=YNfBf1[=ZNeBe1\\=ZNeBd1^=[NbBc1a=[N`Bb1d=]NZBV1L_NP>9SBX1Z>hNcAX1a>gN\\AY1g><4M2M3N1N3N1N2O1O1O2N100O1O2O0O100O24KO1N2O1O1O1N3N1N2O1N2O9F3N1N101N1O2O0O2O0O2O0O100O2N1O101N1OZgW;"}, "iscrowd": 0, "area": 15255.0, "image_id": 3472, "bbox": [64.0, 368.0, 212.0, 171.0], "category_id": 3, "id": 21876}, {"segmentation": {"size": [540, 960], "counts": "YZZ92W`00X@3d?1Y@2V?Jj@7N1U?Lj@402S?Nk@111R?1k@010a>K_A;NK1O`>g0^AZO10_>i0_AWO21]>j0`AH`>9`AF`>:`AF`>:`AF`>[10O0100^OiM[BZ2e=jMXBV2h=kMVBU2j=lMVBS2j=oMSBS2m==101N1O100O10001O01O1O101N2N001O00000N3N1N101O010O002N101N104L1O1O001O1O1N010EcLVC]3i<iLSCV3m<<1O1O1O11O2N2N2OO100O1TLTCg3l<WLUCi3o<10O000O100100O1O00O100O2O0N2O101O01O10O101O0O1O1N2O001O0O100O1O100O1O1G9O1010O10O01O01O010UMTBd2l=\\MVBb2k=\\MXBb2i=]MWBT1K9n=bNXBR1M;S>CQB;P>BVBYODi0U>LcB4]=YOkA5k0b0[=VOkA5n04PO1_>IdB3oN5]>DgB5oN6Z>BkB5nN8d?F^@;b?Ba@=o?01N3L4M3LZQU4"}, "iscrowd": 0, "area": 13013.0, "image_id": 3472, "bbox": [565.0, 267.0, 140.0, 133.0], "category_id": 2, "id": 21877}, {"segmentation": {"size": [540, 960], "counts": "VX`54h`01O100O2N1O2S@GQ?<m@Hg>Og@<`0Ie>a0YABc>`0\\ACa>?^AB`>?_AC_>?aAA]>`0fA^OH@W>S1TB[OAFZ>P1UBZO^OH\\>P1VB_Oh=e0WBZOg=i0YBVOe=m0[BQOf=o0[BPOd=Q1]BnNc=R1\\BoNd=R1ZBoNg=P1XBPOn=k0QBVOR>g0mAYOS>h0lAYOT>g0kAZOT>g0kAYOW>f0jAYOW>f0lAWO]>`0fA]O[>b0fA]O\\>a0dA@^>>aAB`>=`ACa><_ADc>:]AFc>:]AFc>:]AEc><^ACb>=^ACa>>_AA]>d0cA\\OX>i0hAWOW>j0iAVOV>l0iATOU>n0kAROT>o0kAROQ>R1oAmNo=V1PBkNo=W1oAiNR>W1mAjNR>W1nAhNS>X1lAiNS>X1mAiNS>U1oAjNW>P1iAPO[>l0dATO\\>l0eASO[>n0eAQOZ>P1gAoNY>R1gAmNY>T1gAkNY>U1gAkN3Jc=[1YBkN4La=Z1XBlN8K_=X1QBUO`0JZ=d1gB\\N]=_1cBaNb=Z1_BfNd=U1]BkNg=Q1ZBoNg=o0YBQOj=l0WBTOj=k0UBVOm=h0SBXOn=f0RB[O_=KPBj0a0[O\\=OSBe0a0\\OZ=2TBb0b0[OZ=5SB?c0]OX=[1hBdNX=JTBY1d0mNX=EXB^1`0mN`=U1_BkN^=X1bBiNY=\\1gBcNX=^1hBcNW=OVBo0b0ROX=MXBQ1`0SOW=J[BNLl0b0[OW=F_BOOn0<]OS>b0lA^OU>a0lA_OS>b0mA^OS>a0nA_OR>a0mA_OS>a0nA_OR>a0nA_OQ>a0PB^OP>c0oA^OP>b0QB^On=c0RB]Om=c0TB\\Om=c0TB]Ol=c0SB^On=`0SB_On=a0RB_On=`0SB@n=>RBCo=<QBCQ>;PBEQ>:oAFV>4jALV>4kALT>5lAKR>6oAJP>7oAIQ>7PBIP>7PBIo=7RBHo=8QBHo=7QBJo=6QBJn=6SBIn=7RBIQ>3oANQ>1PBNP>2QBNo=1RBOm=1SBOm=1TBOl=0UB0j=0WBOj=0VB1i=OXB1g=OYB2f=N[B1f=N[B2c=O]B2`=0aBO]=3cBN[=4eBK[=7cBJ\\=8cBG]=<`BD_=`0_B@`=b0\\B@d=b0YB@g=a0UBAl=a0PBAP>a0kABS>a0jA@U>e1000gMaAT2_>iMdAW2`>100O1mBgMb;Y2\\DhMe;X2ZDiMd;b2QD_Mo;g2jC[MT<h2iCYMV<j2hCWMW<k2fCVMY<k2fCWMY<i2_CnLK:e<i2_CPMI9g<g2_CaMb<^2]CcMc<]2]CcMc<]2\\CdMe<]2XCeMg<X31O001O1O0000O2L3POSLmDQ4n:^LeDe3Y;Q1N2N2M3N2O1O1N10100O10O10N1aN]JdGc5[8hJWG]5h8PKeFW5[9T1012N3M2N01O00000003XIYFU6Z:N1N2N2N1L3L4PLYEk1g:SN`Eg1a:WNdEf1[:YNiEd1X:ZNlEb1U:^NnE]1U:bNVFQ1m9mNWFo0j9QOYFj0j9UOYFa0dNkMU;b1[F?m9@TF1^NfN_;Y1UFnNkNMEI\\;Z1VFnNmNKEJY;]1VFjNQOK[;Y1fEhNTOKX;]1dEfN`;Y1bDcN`;^1o1O012M4M3M1N2O0O10O10O10O1000000000000000O2O1OO1O1O100O100@`0O1O100000000000000O100002N3N2M2OO10O01M2O2M2O2N1O2N1O2O1N2O1nNZNkBh1P=`NlB:C6Y=JPC0H7V=KQCMI9V=KnBNL8T=LkBO25R=R1QClNn<S1UCkNl<T1UClNj<YOoBY18_Oi<POXC^10B\\=;eBFY=9iBGU=:lBGR=9oBGo<:RCGk<:VCFi<9YCGg<8[CGe<8]CGc<8`CF`<POeBS1m0L^<oNgBT1m0Lc<3]CMc<2^COb<O`C0_<0bC0V<ROhBn0S10U<6nCHQ<9QDEo;:RDFm;:TDFl;9UDGj;9WDGi;8YDGf;:ZDFd;;^DD`;=aDC];>dDA[;`0fD@X;a0iD_OU;c0kD]OT;c0mD]OR;c0oD[OR;e0oDYOR;g0oDVOS;k0mDSOT;m0mDPOP;U1REhNk:\\1VEaNl:_1UE_Nl:b1V20000010O01OI]NVAd1h>80O2M2K14O1000VOSAFl>9WAFh>9[AFd>:]AFb>:`AEb>@UAa0;Mc>ASA?;0d>_ORA`0;0e>^OQA`0;2j>LXA3i>KXA5h>KYA4f>M[A1e>0]ANb>4^AKb>5_AJ`>7aAH^>9bAH\\>9eAFZ>:gAFY>:hAEW>;kADU>;lAFR>8RBGn=8SBIm=5TBKl=4UBLl=2VBLk=2WBNj=OYB1f=M\\B3e=K_B3W?Mdaf3"}, "iscrowd": 0, "area": 28831.0, "image_id": 3472, "bbox": [333.0, 51.0, 401.0, 338.0], "category_id": 3, "id": 21878}, {"segmentation": {"size": [540, 960], "counts": "XZl:2g`04C<O2O1N1N3M2N3N101N101O000O101M2N2O101O0O2O001O001N101h@aNQ?_1o@bNP?_1n@bNR?_1m@bNR?e1O001O001O002N2N2N2N2N1O1O1O1O000000000000000000000000O10N1M4N1101N101N101iM^AQ2g>01N100O1O10O0100O3M5L1N3MO2O0100O100O100Ck@POX?Mf@n0h?0100O00101SOT@41:Q`0DR@8Q`0GQ@3U`0Km_O0RVY3"}, "iscrowd": 0, "area": 5247.0, "image_id": 3472, "bbox": [660.0, 239.0, 99.0, 80.0], "category_id": 2, "id": 21879}]}