{"images": [{"id": 0, "file_name": "images/dardanus-guttatuszzqspecies_be_57d92b433962e.w1000.h666.jpg", "width": 1290, "height": 730}], "annotations": [{"id": 0, "image_id": 0, "category_id": 0, "bbox": [374.0, 12.0, 687.0, 627.0], "area": 430749.0, "iscrowd": 0, "segmentation": {"size": [730, 1290], "counts": "PoZ8b0Vf06K6J6I5J9Ga0_O9Be0[O<I6E<K3M2N2JkKe]OX4Vb0;K5J=A:G5M3M3M3K8H6K6J7Fa0B=Cc0^O5K2L3N3N2N2M2O1N3K4O1O4L7H6I6J6K6F?D4L6K3M3K6L3K5N3M1N2O2M2M3O2N4M2M2O1N2N4K3M3N2N1O2O1N4L6K2M101N1O2N1O2O1N2O0O2O1O0O10001O000O2O0000000000001O001O1O1O1N10001O1O2M2O00001OO10000O10000O1000000O0100M3N2O1OZNiGjDX8T;kGkDT8U;oGiDP8W;SHgDm7Y;WHcDh7];^H]D_4ROgMb<nMXDZ4YOVKLP2e<aNSDZ4^OQKNR2a<eNQDY4@oJOR2a<fNPDX4AoJOS2`<gNnCX4CnJOR2`<iNnCV4DnJNT2`<hNnCV4DnJNT2`<hNnCV4CoJOS2`<hNnCW4AoJ0S2`<iNmCX4_OnJ4P2a<kNkCd4DaLa<lNhCe4FoKNbNd<o0cCa4KmK0bNb<X7]CVJ2aNa<Y7]CUJ4aN_<b6XCmI5P15_N^<e6XClI5P17]N\\<g6XCkI6Q17\\N[<g6ZCkI5P1S=T5iBlI4P1S=T5iBlI4P1R=T5lBkI2Q1R=T5lBkI2Q1R=T5lBkI2Q1R=U5kBjI2R1S=U5iBjI4R1`:[NiGi6cMjI4R1_:]NiGh6bMjI6Q1_:_NgGf6dMjI6P1`:aNfGb6gMlI4P1_:cNeG^6lMnI0P1`:fNcGZ6nMoI0P1`:jN`GU6QNhIIL6W1f:WOSGn5XNgIKL4h0GAQ;9oFj5ZNgIKN4U1h:]OnFh5[NiIIO6R1i:@kFf5\\NiIJ06Q1i:AkFc5\\NlII07P1i:CiF[5dNRJDO6:OKk:a0fFY5fNSJDL79b;`0lEW5hNTJFI4;c;c0iET5kNUJ34Y;e0fES5nNUJ23Z;g0dEP5QOVJ12[;h0cEP5POXJ10\\;h0dEP5mNZJEC6<c;g0eEP5mN[JCC8;c;g0eEP5lN\\JCD89d;g0fEo4lN\\JDB7;d;h0eEn4nN[J2M[;k0cEn4QOXJ4LX;P1aEm4TOUJ5LW;S1_El4VOTJ5LV;X1ZEi4[OSJ6KU;b1QE`4DSJ6KU;d1oD^4FRJ6MU;e1mD\\4HRJ6MU;e1lD]4IQJ6LV;f1kDV4XORJb057LT;h1iDT44XJS<d1iCQ47[JP<d1hCn3=]Jj;g1hCk3?^Ji;g1gCl3`0]Ji;g1gCl3`0\\Jj;h1fCl3`0\\Jj;h1eCm3`0\\Jk;h1dCl3a0\\Jk;h1dCl3a0\\Jj;i1cCm3c0ZJj;k1]Co3i0WJTOJZ<]8bDlGQOG\\<^8QDcGK;EE^<^8RDcGJ:EF_<]8RDcGJ`0S<n7SDbGK?R<o7SDaGL6B0^<Z8TD`GL5D1[<Y8hDfGnNOZ<[8jDeGmNOX<[8nDdGmNOT<[8REfGlNMQ<]8UEdGV;^8jDbGU;_8a13gC]GX:e8gE[GW:h8gEYGX:j8eEWGY:m8dEUGX:V9aDfF>6h:_9fD_F>4d:g9iDZF`00_:^:[EYEE9h:f:bESEE7g:h:dERED6g:i:eEQEC7h:h:eE]EZ:d:fE\\EZ:c:gEQEC6g:S:YEUF>AD5g:P:`ESF8FF3b:S:cEoEa;Q:_DnEb;R:]DoEc;Q:]DoEb;R:]DoEh0Jf9W:aEPFi0Ie9X:cEnEh0Jc9Z:fElE[;V:hDkEh:b:ZE_EZ9N]FK6P;4WEU9m;kFSDg1Kn4T<\\IPDf1Mi4W<aIlCf1KlM0f6Y<iIjCg1KkM3NO]6Z<VJfCd1NkM4K1_6W<oLfCdL3[6X<YMfCf2\\<i32N3O100001O000O=cCdEd;l:L5K5J4M2\\EfDf9[;XFiDf9W;YFmDc9<mEm9<hEg99oEo98jEh97PFQ:5iEk97nEW:0dEQ:R<O1O1O1O1O00100O1N2M2O2N2O00001O000001O010O101N010O0010O0O2O1M2N3N2O000010O00000001O0000001O0001O01O10001N10O01O01O0001O1O1O1O001O1O00001O001O1O1O\\EdGj6\\8fFSG`03J?Q9Z8mGWGSO`0o8Y8nGUGUOa0o8Y8lGVGUOa0o8Y8lGVGUOa0P9X8kGVGVOb0Z9m7gHSH[7k7eHUH]7i7cHWH^7h7bHWH`7h7`HXH`7h7`HYH_7g7aHYH_7g7`H[H_7f7`HZHa7d7`H\\H`7d7aH[H`7d7aHZHa7e7k3N\\FlGe4S8XKQHh4n7XKRHi4m7XKQHj4n7XKPHh4P8R5O1O1N101O1O00001O^EXHR6h7lI[HS6e7mI[HT6b7oI^HP6a7TJ^Hk5`7WJ`Hi5_7WJcHh5\\7XJeHh5Y7YJgHh5X7XJgHi5Y7WJgHj5X7UJhHl5X7UJgHl5Y7SJgHn5X7RJhHo5X7QJgHP6X7PJhHR6W7mIhHU6W7lIhHV6V7jIiHX6V7g4O1O1O1NSDPIT8m6^GUIkL4f;f6lF_IZM9j;X6lFXJU9g5jF[JU9e5kFcIZM6l;V6kFaI\\M8i;W6kF_I^M:g;X6jF]IaM:e;Z6iFZIdM<d;Y6iFWIfM`0a;Z6ZGfIf8[6YGdIi8[6XGdIh8\\6WGeIi8\\6VGdIj8\\6VGeIi8[6WGeIi8[6VGfIk8Z6bFTIkMc0c;X6cFYIdMa0i;V6bFZJ_9e5aF[J`9d5`F\\J`9d5`F\\Ja9c5_F]JnMjNP;i6RG\\JoMlNn:h6SG\\JnMmNo:h6RG[JoMnNn:f6TG\\JnMnNn:f6TG\\JnMnNn:e6VG\\JlMPOm:d6WG\\JlMQOl:c6XG\\JlMQOl:c6XG\\JlMROk:b6YG\\JlMQOl:c6XG\\JkMROm:c6VG\\JmMQOn:b6UG]JmMQOn:b6UG^JkMPOQ;a6UG_JjMoNR;b6TG_JjMnNT;`6TGbJhMnNT;_6UGcJgMmNV;_6RGeJhMlNV;`6QGdJiMlNV;a6PGcJiMnNV;`6PGbJjMnNU;a6QGaJjMnNU;b6PG`JkMnNU;b6PG`JjMoNV;a6PG`JjMoNV;b6nF`JlMnNV;b6nF`JlMnNV;b6nF`JlMnNU;c6nFaJlMlNW;c6kFbJmMlNX;b6_FYIWNY12lNX;b6^F[IVNX13lNY;b6\\F[IWNX14kNY;b6[F]IWNW14jNZ;d6XF\\IZNV13kN[;f6SF\\I]N61C0>2G];U7YElIGTOBJ`;V7SEnIMRO_OJ`;W7REoINPOAJ_;W7PEQJOnNCJ^;W7oDRJOlNFK\\;V7mDVJOjNHK\\;V7iDYJ0iNII];W7fDZJ1jNHHa;W7aDZJ3YO\\;d8_D]G`;o901N10001N10000O100O10000O10000O100O1O100O101N1O100O1O1O2N1O4L3M1O1N3N1O1N2O2M2O2N1O2N1O1O1O1O2SFWCg9o<N1O2O1N101N101N101N3N2M2N1O2O0O101O1N102N4L1O001O0O100O2O001N102N1O2M2O1N2O0O101O1O001N2O0O1O1O2O0O2O1N2O0O2O0O2O0O1O2N1N3N1O101N1O2O1N3M1O2O0O1O2N1O1O2N1O2N1O2O2M4J5M1O2N1O2N1O101N1O1O2N1N3N3M2N2Gk^OkJUa0U5m^OhJUa0V5800O101N2^O]^OkKca0F_^OU40PLfa0I[^OV40nKQb0_3l]OjL4EQb0a3k]OjL5CQb0c3j]OiLbb0g3000Fb]OXL_b0e3=M2N5L3M2N1001O000001jLc\\Ol2_c0RMc\\Ol2_c0RMc\\Ol2fc0_OW\\OoMkc0P2V\\OnMlc0R2U\\OlMlc0T2T\\OjMnc0V2S\\OgMnc0Z2901N1O2J5N3EZ[O_Ngd0a1Y[O_Nhd0`1X[O`Nhd0`1Y[O_Nhd0`1X[O`Nid0^1X[OaNjd0]1X[ObNid0l0\\[OUOPe05gZO8ke0FWZO8ke0FVZO9ke0GVZO8ke0FUZO;Uf00001ObnR5"}}]}