{"images": [{"id": 0, "file_name": "images/IMG_2392_jpeg_jpg.rf.cd976c440775ded33b2b0d6046f3d627.jpg", "width": 768, "height": 1024}], "annotations": [{"id": 0, "image_id": 0, "bbox": [216.0, 508.0, 273.0, 196.0], "segmentation": {"size": [1024, 768], "counts": "eeW73mo01N101O0O100\\NOXSO2el03XSONgl05WSOKQl0n0mSOSOPl0Q1oSOoNok0S1PTOnNmk0V1RTOjNik0\\1VTOeNgk0^1WTOcNfk0a1YTO_Nek0c1ZTO^Nck0f1\\TOZNck0h1\\TOXNck0i1]TOWNbk0k1]TOUNbk0l1^TOTN`k0o1^TORNak0o1_TOPN`k0S2^TOnMak0S2_TOmM_k0V2`TOjM_k0W2`TOjM^k0Y2`TOhM_k0Y2`TOhM^k0\\2`TOdM_k0^2^TOcMak0_3N2O1O1O1N10100O1N2N2O1O1N2O1O1N1M4O1O100O1O1M3O10O0100O1O100M3N2O0100O010AZUOdKfj0[4]UObKdj0]4aUO^K`j00ZUOX4Vk0gKmTOU4Uk0kKjTOV4Vk0kKfTOX4Zk070000O2O1O0O2O1O00001O010O001O0000001O000O2O00000O1000001O00000000000000000O10O1000000O1O1O1L3G:K5N101O1O010O100O010000O01000O1000O0100O010O010O10O010O10000O10000O101N10000O100O2O000O2O001N10001O001N2O001N101O1O1N101O0O2O1O1O1N101O1N2O001N3N1O1O2M2O1O2N3M1N3N1O1O1N3N3M001N1000000O010nN]ROFcm0;^RODam0=_ROC`m0>aRO@`m0`0`RO@_m0b0aRO\\O_m0e0fROVOYm0k0jROQOVm0P1kROiNZm0X1gROfNZm0Z1e02O0O2N2N101N1O1O101N100O2O0O2O0O2O010O01O2N8H3M2N5H;oNU_g8"}, "iscrowd": 0, "area": 0, "category_name": "fish"}, {"id": 1, "image_id": 0, "bbox": [280.0, 9.0, 52.0, 92.0], "segmentation": {"size": [1024, 768], "counts": "XQh8h0To05M3L3N2N3N1iQOkNbm0V1\\ROmNam0U1^ROlN`m0W1]ROkNam0X1^ROhNam0[1\\ROfNcm0l10000001O001O000010O00010O01O01O01O01O000001O0O1000001O01O1O0100O2N2N3L4L4L5J8H:A]nb="}, "iscrowd": 0, "area": 0, "category_name": "fish"}, {"id": 2, "image_id": 0, "bbox": [703.0, 134.0, 21.0, 41.0], "segmentation": {"size": [1024, 768], "counts": "YUoe05ho03N2F:I6N11O10O1001O1N2O100O2O1N2O3@dPO5fo0MWk\\1"}, "iscrowd": 0, "area": 0, "category_name": "fish"}, {"id": 3, "image_id": 0, "bbox": [734.0, 46.0, 33.0, 29.0], "segmentation": {"size": [1024, 768], "counts": "lQlf03ko03M3O1N2N101N101N1O2O0O10001O0O10001N1000001N1000000000000000001O0001NaN"}, "iscrowd": 0, "area": 0, "category_name": "fish"}, {"id": 4, "image_id": 0, "bbox": [600.0, 230.0, 64.0, 160.0], "segmentation": {"size": [1024, 768], "counts": "^Zmb0>Zo0?B8L5L7H9G5L4L4H9K4L3K6L2M4L3M3N2N2N2N2N2M3N2O1N2O1N1O2O1N100O2N1CSLhTOn3Vk0>O20O1O100O3M5J5L4K6J5J5L4L4K5J7I7J6K9F8G;AX1eN^fX3"}, "iscrowd": 0, "area": 0, "category_name": "fish"}]}