{"images": [{"id": 0, "file_name": "images/IMG_8476_jpg.rf.33248f8c26e878e8a1b3a1a85746f93d.jpg", "width": 1024, "height": 768}], "annotations": [{"id": 0, "image_id": 0, "bbox": [539.0, 277.0, 47.0, 162.0], "segmentation": {"size": [768, 1024], "counts": "Uli<1mg03O1A3hXO0Sf0`0QZO0ee0Z1I8I7I7BZMY[Om2cd0;N102O1N3NgLW\\O\\2Re0F1ON2N3LhMcZOP2je0L2N3M2N2O1N3L10O1O001N2NhNnYOc0Qf0]OVZO>ie0A_ZO8ae0GjZONYe0NfeY:"}, "iscrowd": 0, "area": 0, "category_name": "shark"}, {"id": 1, "image_id": 0, "bbox": [257.0, 117.0, 72.0, 96.0], "segmentation": {"size": [768, 1024], "counts": "[fT64ig06K3M2N3M101N2N10000O100B=N3002N3M3M1O1000O1O1O1O2M2O1O2MBaYO_O^f0`0eYO_OZf0`0jYO^OTf0c0nYO\\OQf0c0RZO\\Ole0d0VZO[Oie0d0\\ZOYOde0f0k0O001O0100O2NI8O0O2O1O1N11O01O1O2O1O001N200O1O100O2O00T\\[`0"}, "iscrowd": 0, "area": 0, "category_name": "shark"}, {"id": 2, "image_id": 0, "bbox": [566.0, 46.0, 119.0, 69.0], "segmentation": {"size": [768, 1024], "counts": "iRZ=8fg04M2N1O2O0O1O100O1O1O100O1O100O10O01000000O010O100O01000O10O10O10O10O10O1000O0100O001O01O010O0010O010O100O100O010O10O010O0100O00100O0010O01000O10O10O01O1O001O1O1O1O0O2O1N2O10O0100O1O1O2N2L^f^8"}, "iscrowd": 0, "area": 0, "category_name": "shark"}, {"id": 3, "image_id": 0, "bbox": [364.0, 336.0, 83.0, 64.0], "segmentation": {"size": [768, 1024], "counts": "YZa82ng05L8I4OM2N3M1OO110O0O010O00001O00001O0O100O1O2N10O01O01O0001O010O001O10O01O010O001O010O1O100O10O01O00O2OB]O_YOb0bf0=1O3M2O2N2N4M4K3M2OO01O01O01O1O010O001O001O0O2O001N2Njka="}, "iscrowd": 0, "area": 0, "category_name": "shark"}, {"id": 4, "image_id": 0, "bbox": [261.0, 384.0, 64.0, 52.0], "segmentation": {"size": [768, 1024], "counts": "\\TZ63kg03O1O1N2O2N1O1O1O1O100O010O100O10O10O10O01O010O1O0oXO@cf0`0ZYOBff0?WYOCjf0i00O1O1O2NKXOSYOh0gf0;00011O6K:E100O010O1O010O1N2O1O2N1N3M3LmZ]`0"}, "iscrowd": 0, "area": 0, "category_name": "shark"}, {"id": 5, "image_id": 0, "bbox": [395.0, 683.0, 17.0, 48.0], "segmentation": {"size": [768, 1024], "counts": "fnX91ng04K2M3H8I6J7K4L12O2N2O2N3M2L5K8BhZZ>"}, "iscrowd": 0, "area": 0, "category_name": "fish"}, {"id": 6, "image_id": 0, "bbox": [457.0, 649.0, 26.0, 44.0], "segmentation": {"size": [768, 1024], "counts": "bei:1jg06K3N2M003N1O002O1000O10001N1O10O02N2N1O2Nhke<"}, "iscrowd": 0, "area": 0, "category_name": "fish"}, {"id": 7, "image_id": 0, "bbox": [352.0, 650.0, 25.0, 42.0], "segmentation": {"size": [768, 1024], "counts": "[TZ87jg02M3M2O2O001O0O1O00010O101N1O01N3N1N2O2M3L6J`bT?"}, "iscrowd": 0, "area": 0, "category_name": "fish"}, {"id": 8, "image_id": 0, "bbox": [330.0, 524.0, 12.0, 41.0], "segmentation": {"size": [768, 1024], "counts": "a`i7m0Qg0;E3O00O0J9I7J6E=Eaon?"}, "iscrowd": 0, "area": 0, "category_name": "fish"}, {"id": 9, "image_id": 0, "bbox": [485.0, 412.0, 17.0, 39.0], "segmentation": {"size": [768, 1024], "counts": "ZU_;h0Tg04N2N2O1OO2N2O1N2M5J7FRkW<"}, "iscrowd": 0, "area": 0, "category_name": "fish"}, {"id": 10, "image_id": 0, "bbox": [273.0, 569.0, 19.0, 39.0], "segmentation": {"size": [768, 1024], "counts": "ab_62jg09H5J4M3N3M01O1O1O101N2N2O2M3L7GTfSa0"}, "iscrowd": 0, "area": 0, "category_name": "fish"}, {"id": 11, "image_id": 0, "bbox": [638.0, 643.0, 23.0, 33.0], "segmentation": {"size": [768, 1024], "counts": "UTR?7jg04L1N3O00O10O01O1O00001N1O2O0O2M3MS[`8"}, "iscrowd": 0, "area": 0, "category_name": "fish"}, {"id": 12, "image_id": 0, "bbox": [359.0, 727.0, 16.0, 21.0], "segmentation": {"size": [768, 1024], "counts": "U__86ig01N3L3O1N20O0100000O1N2O2LWQV?"}, "iscrowd": 0, "area": 0, "category_name": "fish"}, {"id": 13, "image_id": 0, "bbox": [579.0, 471.0, 11.0, 21.0], "segmentation": [], "iscrowd": 0, "area": 0, "category_name": "fish"}, {"id": 14, "image_id": 0, "bbox": [598.0, 476.0, 14.0, 18.0], "segmentation": [], "iscrowd": 0, "area": 0, "category_name": "fish"}, {"id": 15, "image_id": 0, "bbox": [592.0, 444.0, 13.0, 18.0], "segmentation": {"size": [768, 1024], "counts": "Pnm=6gg07L1O1O0001O2M5JnYk9"}, "iscrowd": 0, "area": 0, "category_name": "fish"}, {"id": 16, "image_id": 0, "bbox": [318.0, 561.0, 10.0, 16.0], "segmentation": {"size": [768, 1024], "counts": "bY^75jg04M2N2N1O01O2N001N4J[^Y`0"}, "iscrowd": 0, "area": 0, "category_name": "fish"}, {"id": 17, "image_id": 0, "bbox": [382.0, 206.0, 8.0, 16.0], "segmentation": [], "iscrowd": 0, "area": 0, "category_name": "fish"}, {"id": 18, "image_id": 0, "bbox": [350.0, 281.0, 12.0, 15.0], "segmentation": {"size": [768, 1024], "counts": "QYR84jg05K4N0O10002N2N1O00O2L4N2N2O2M4Kmn`?"}, "iscrowd": 0, "area": 0, "category_name": "fish"}, {"id": 19, "image_id": 0, "bbox": [365.0, 329.0, 9.0, 9.0], "segmentation": [], "iscrowd": 0, "area": 0, "category_name": "fish"}, {"id": 20, "image_id": 0, "bbox": [377.0, 337.0, 10.0, 9.0], "segmentation": [], "iscrowd": 0, "area": 0, "category_name": "fish"}, {"id": 21, "image_id": 0, "bbox": [295.0, 276.0, 11.0, 8.0], "segmentation": [], "iscrowd": 0, "area": 0, "category_name": "fish"}, {"id": 22, "image_id": 0, "bbox": [352.0, 564.0, 20.0, 42.0], "segmentation": {"size": [768, 1024], "counts": "gRZ86`g0:J7K4M3M2O00K6O1O1O1O1O101O1N2N4De^X?"}, "iscrowd": 0, "area": 0, "category_name": "fish"}]}