{"images": [{"id": 0, "file_name": "images/IMG_8411_jpg.rf.e97cd10f60bc011b5aa539fcc34dcfaa.jpg", "width": 1024, "height": 768}], "annotations": [{"id": 0, "image_id": 0, "bbox": [346.0, 177.0, 223.0, 417.0], "segmentation": {"size": [768, 1024], "counts": "WVU8;ag08H7K4L5L3M3M2N3M3M2O1N3N1N2O2N1N2O1O1N2O2M2M3N2N3L3N3N2M2N2O2N1O1O1O1O1O1O100O2N100O1O101f\\OQM_a0P3S^OhMca0X2P^OWNna0j1i]O`NTb0i3N0O000001M3N2M3N1N3M3M2M4M3K5N1N3N2N1O2N1N3N2N1N3O1O1O1N200O010O1000000000O101O000010O01O1O001O1O000O2O0O2N1O^L[\\Ok2cc0cL`\\O7OW3_c0`Ld\\O9MX3^c0_Lf\\O9KZ3]c0\\Li\\OU4`c01AiKS]OY4kb0hKT]OY4kb0hKT]OZ4jb0gKU]O[4ib0eKW]O]4gb0_K]]Oc4ob02N2N1O2N2N2@YKc]Oh4[b0TK`]O14m4Zb0RKb]O13P5Xb0PKe]O12Q5Vb0oJh]O02S5Sb0nJk]OO2?1m3Pb0lKo]O37Q4ha0mKP^O1;R4ca0eKQ^O018=T4^a0eKU^ON06c0V4Va0fKW^ON05g0V4n`0hK\\^OMO4i0X4i`0iK^^OK03l0Y4d`0iK`^OK03o0X4_`0cKa^O:1JQ1Z4[`0bKc^O:0KS1[4V`0aKg^O91JU1[4Q`0PLk^ODY1Z4j?kKl^OI11]1Z4d?lKn^OI11^1[4a?kKP_OI10`1]4]?jKR_OI1Oc1^4X?jKT_OI2Me1`4S?RLTAo3h>QL[AP4b>PLaAo3]>PLgAo3W>QLjAP4T>oKoAR4n=nKTBT4h=kK]BT4`=kKbBV4[=kKgBU4W=jKnBU4o<jKTCV4j<bKV@OS3a4c<_K\\@MV3d4[<_KoC`4m;bKSD`4j;`KXDb4d;]K_De4^;YKeDh4Y;VKiDl4T;TKlDn4S;PKoDS5n>2N3Nb0\\O<E5J4M4L4L4L3M3NdIY_O^5d`0`Jb_O_5\\`0_Jh_Ob5T`0]JP@d5m?ZJ\\@b5a?ZJe@g5X?WJl@h5R?WJPAj5o>PJ\\Ak5d`0H7J1N5K6I5K4WKj\\O<4a3Pd0H>YM`[OW1\\e0iMmZOQ2fe0_NT[OEcdV;"}, "iscrowd": 0, "area": 0, "category_name": "shark"}, {"id": 1, "image_id": 0, "bbox": [4.0, 644.0, 79.0, 44.0], "segmentation": {"size": [768, 1024], "counts": "UU;3lg03N1N3N0000O01O1O1O1O1O1N2O100O100O100O1O100O1O10O0100O1000O0100O100O10000O100O10000O10O010O01O10O100O1O1O010O100O100O1N2O1O1N2O1O2M2O2N2M5Lccoe0"}, "iscrowd": 0, "area": 0, "category_name": "fish"}]}