{"images": [{"id": 0, "file_name": "images/IMG_8443_jpg.rf.e635a944c002f8cd30aefb8ca18ea945.jpg", "width": 1024, "height": 768}], "annotations": [{"id": 0, "image_id": 0, "bbox": [364.0, 277.0, 57.0, 111.0], "segmentation": {"size": [768, 1024], "counts": "iQb87hg08I?`XO3oe0S1M1O1O00000O010O00000001O000000O1O100N2O1O10O100O2O0O1O100O00O1O1N2H8A`00O002N1O2N1O2M4M2N3L5K4L4I8H9J6E=D<EWVS>"}, "iscrowd": 0, "area": 0, "category_name": "stingray"}, {"id": 1, "image_id": 0, "bbox": [359.0, 430.0, 41.0, 99.0], "segmentation": {"size": [768, 1024], "counts": "Yh`81hg0:E:F:J4N3M2FmNcYOW1Zf08M20O1O1M2O2O1H9H8K4N3N2O100O2M2M2N3NDJnXO:Ug063L3O5L2L2O1O2MXZd>"}, "iscrowd": 0, "area": 0, "category_name": "shark"}, {"id": 2, "image_id": 0, "bbox": [683.0, 569.0, 15.0, 79.0], "segmentation": {"size": [768, 1024], "counts": "fbQ`0l0Pg08I8G7J6K4K3N2M3N2OVNfZOP1Ze0mNT[Og0nd0VOZ[Oc0hd0ZO`[O?Wf0G6L[\\b7"}, "iscrowd": 0, "area": 0, "category_name": "fish"}, {"id": 3, "image_id": 0, "bbox": [621.0, 624.0, 18.0, 78.0], "segmentation": {"size": [768, 1024], "counts": "hlc>b0Rg0b0F7I6I7I6M2O20O1N4M<C8G;C\\cQ9"}, "iscrowd": 0, "area": 0, "category_name": "fish"}, {"id": 4, "image_id": 0, "bbox": [494.0, 490.0, 26.0, 70.0], "segmentation": {"size": [768, 1024], "counts": "gPf;57OSg08kXONkf07UYOKef0:ZYOFdf0<[YOEbf0>_YO@_f0c0aYO\\O]f0g0cYOVO^f0k0cYOTO\\f0n0eYOoNXf0T1640M4B>@`0N201N1O2MbPk;"}, "iscrowd": 0, "area": 0, "category_name": "fish"}, {"id": 5, "image_id": 0, "bbox": [509.0, 310.0, 23.0, 49.0], "segmentation": {"size": [768, 1024], "counts": "nZP<7eg04L4M2O1O1N2O1O1O1N10O101M2N3M3L5L4J\\^a;"}, "iscrowd": 0, "area": 0, "category_name": "fish"}, {"id": 6, "image_id": 0, "bbox": [438.0, 521.0, 11.0, 33.0], "segmentation": {"size": [768, 1024], "counts": "khY:;`g07K4N1N1O01J6H9N2N2Mgo]="}, "iscrowd": 0, "area": 0, "category_name": "fish"}, {"id": 7, "image_id": 0, "bbox": [464.0, 447.0, 12.0, 29.0], "segmentation": {"size": [768, 1024], "counts": "PVm:6jg03M7J2M3002M3L4L2MZYk<"}, "iscrowd": 0, "area": 0, "category_name": "fish"}, {"id": 8, "image_id": 0, "bbox": [531.0, 579.0, 30.0, 22.0], "segmentation": {"size": [768, 1024], "counts": "RZ`<1ng020NTh04iWO2M2N6J5L11O0O000000000000O1000O1O1O00O04JQVl:"}, "iscrowd": 0, "area": 0, "category_name": "fish"}, {"id": 9, "image_id": 0, "bbox": [565.0, 564.0, 17.0, 19.0], "segmentation": {"size": [768, 1024], "counts": "eY[=7ig03N2M1O0100O100O2N1OS^\\:"}, "iscrowd": 0, "area": 0, "category_name": "fish"}, {"id": 10, "image_id": 0, "bbox": [354.0, 655.0, 6.0, 16.0], "segmentation": [], "iscrowd": 0, "area": 0, "category_name": "fish"}, {"id": 11, "image_id": 0, "bbox": [333.0, 675.0, 10.0, 16.0], "segmentation": [], "iscrowd": 0, "area": 0, "category_name": "fish"}, {"id": 12, "image_id": 0, "bbox": [593.0, 718.0, 16.0, 15.0], "segmentation": [], "iscrowd": 0, "area": 0, "category_name": "fish"}, {"id": 13, "image_id": 0, "bbox": [263.0, 560.0, 6.0, 13.0], "segmentation": [], "iscrowd": 0, "area": 0, "category_name": "fish"}, {"id": 14, "image_id": 0, "bbox": [494.0, 439.0, 14.0, 13.0], "segmentation": [], "iscrowd": 0, "area": 0, "category_name": "fish"}, {"id": 15, "image_id": 0, "bbox": [324.0, 656.0, 7.0, 13.0], "segmentation": [], "iscrowd": 0, "area": 0, "category_name": "fish"}, {"id": 16, "image_id": 0, "bbox": [481.0, 322.0, 21.0, 12.0], "segmentation": [], "iscrowd": 0, "area": 0, "category_name": "fish"}, {"id": 17, "image_id": 0, "bbox": [276.0, 534.0, 4.0, 9.0], "segmentation": [], "iscrowd": 0, "area": 0, "category_name": "fish"}, {"id": 18, "image_id": 0, "bbox": [362.0, 628.0, 10.0, 8.0], "segmentation": [], "iscrowd": 0, "area": 0, "category_name": "fish"}, {"id": 19, "image_id": 0, "bbox": [383.0, 649.0, 9.0, 6.0], "segmentation": [], "iscrowd": 0, "area": 0, "category_name": "fish"}]}