{"images": [{"id": 0, "file_name": "images/IMG_2321_jpeg_jpg.rf.77da5a058425f06403464142d4561096.jpg", "width": 768, "height": 1024}], "annotations": [{"id": 0, "image_id": 0, "bbox": [334.0, 451.0, 162.0, 115.0], "segmentation": {"size": [1024, 768], "counts": "U`^:2mo0101O001O000O10001O001O1O0000000001O00O1O2N2N1O1O1O2O0O1000001N10001O001N10001O0O1L4J7L3M3O1N2O2N1O2N1O1O1O2N1O1N2O2N1O2O0O2N2N100O2N101O0O2O0O101O1N101N2O00001N1000001N101O1O2N3M2N1O1O001N2O1OXO^SOSN`l0j1iSORNUl0m1oSORNPl0l1UTOQNjk0o1ZTOmMgk0R2S101O1O100O1O2O0O100O2O0O101N1N2O2N1O1O2M2O2N101N100O2O00001O0O1O2O0O10000O10000000000O2N1O100O10000O2O0O100]OnPO7So0HPQO5Qo0KUQOOln0Oc00001N102N1NXa[8"}, "iscrowd": 0, "area": 0, "category_name": "penguin"}, {"id": 1, "image_id": 0, "bbox": [0.0, 258.0, 91.0, 115.0], "segmentation": {"size": [1024, 768], "counts": "P9P1Po00O2N8H6K4K4XO]NkROi1ol0`NfROe1Ym0c0N3N1N2O1N1O1O001O01O001O3M3M1O1O2O2M2N1O001O001O1N2O2N1O2N1O1O2N1O1O1O1O1O0O2O1eNkQOi0Un0VOnQOh0Sn0XOoQOe0Qn0[OPROd0Pn0]OQROa0Pn0^OQROa0om0_OSRO>om0BSRO8Pn0HTROKVn05j0010O01000O010O010O10O10O01000O0100O1000O10O101O0O010000000O2N2N2LeeSe0"}, "iscrowd": 0, "area": 0, "category_name": "penguin"}, {"id": 2, "image_id": 0, "bbox": [618.0, 224.0, 78.0, 89.0], "segmentation": {"size": [1024, 768], "counts": "mX\\c02jo05M2M3N1E;O0010O1000L40001O1O1N3M3M2N2O1O1O0NO210011N3M3N2M4M2N1O2M3N1O2N1O2M2O2N2N2N1O1O0O10O2L3N2N201O001N1nMVROn1om0O1O1O2N1O2N1O000O2O1N3M2M5J5L5I6J9FRhY2"}, "iscrowd": 0, "area": 0, "category_name": "penguin"}, {"id": 3, "image_id": 0, "bbox": [144.0, 204.0, 58.0, 60.0], "segmentation": {"size": [1024, 768], "counts": "iW^41lo04N2O3L2O2N1O0O1N3N1O1O1N2N2O1O1O00O1N20_OYOjQOg0Un0b000100O10000O2O1O2N2N2N1O1O001O1O10O0100O2O001O0O010O010O1O001O1O1O1O2N1M3N3L6J]hca0"}, "iscrowd": 0, "area": 0, "category_name": "penguin"}, {"id": 4, "image_id": 0, "bbox": [460.0, 181.0, 26.0, 53.0], "segmentation": {"size": [1024, 768], "counts": "TV_>7fo05K5Md0\\O2N1O1O101N1O1000N101O1N2O2N101ZO\\QOMgn0M`QOOen0K`QO0dhk8"}, "iscrowd": 0, "area": 0, "category_name": "penguin"}, {"id": 5, "image_id": 0, "bbox": [276.0, 209.0, 42.0, 51.0], "segmentation": {"size": [1024, 768], "counts": "hWc83jo05M1N3N1O1O2N2N1N3M3N101N1O1O1N2K5M3M3M4N1O1O2O00001O000100O1O2M6J5K4L4M2M2O1N5L1N3N2M3N[ho="}, "iscrowd": 0, "area": 0, "category_name": "penguin"}, {"id": 6, "image_id": 0, "bbox": [442.0, 198.0, 33.0, 46.0], "segmentation": {"size": [1024, 768], "counts": "fVk=4jo04^POKO0K0in09YQO;cn0G\\QO9cn0J[QO0kn0>3L5O2N101O1GnPOCSo0<8010UQOGom09QROHom07PROIQn07lQOKUn05fQO0[n0O`QO2dn0OZQOJon05oPOMRo0`01_OmPO2To0Jd0Nno31hiQ9"}, "iscrowd": 0, "area": 0, "category_name": "penguin"}, {"id": 7, "image_id": 0, "bbox": [408.0, 211.0, 33.0, 42.0], "segmentation": {"size": [1024, 768], "counts": "gWj<4ko01O1O4KM_POL`o018OO3I7L4M3M3M3O10O01O1O2O0O101O001O0002O000XOPQON;1cn0JnQO2XgY:"}, "iscrowd": 0, "area": 0, "category_name": "penguin"}, {"id": 8, "image_id": 0, "bbox": [334.0, 215.0, 51.0, 42.0], "segmentation": {"size": [1024, 768], "counts": "aWh:3ko02O1B>M4M2O1000001O0101N2N2O3L2N10O0000001O001O00100O1O1O10O000O101O1N101N2N101N101N2O0O2N1O4M[hg;"}, "iscrowd": 0, "area": 0, "category_name": "penguin"}, {"id": 9, "image_id": 0, "bbox": [523.0, 208.0, 15.0, 37.0], "segmentation": {"size": [1024, 768], "counts": "SWZ`0>Yo0<J3N3M200O2O1O00O2N1O1O2N1O2L5L4M4L6JPiQ7"}, "iscrowd": 0, "area": 0, "category_name": "penguin"}, {"id": 10, "image_id": 0, "bbox": [226.0, 220.0, 42.0, 36.0], "segmentation": {"size": [1024, 768], "counts": "`WR72mo0100KN\\PO2ao08N3N102M3N2M2O1N2O0O2O00O001O100O1O1O100O1O1O101N101O0FdPOO^o0NYil?"}, "iscrowd": 0, "area": 0, "category_name": "penguin"}, {"id": 11, "image_id": 0, "bbox": [567.0, 202.0, 19.0, 31.0], "segmentation": {"size": [1024, 768], "counts": "RWba01mo07H6K2M3N2N2N2O1N2O1O1O0001O010N2O1N3DmPOHTo07<N2L4Kfie5"}, "iscrowd": 0, "area": 0, "category_name": "penguin"}, {"id": 12, "image_id": 0, "bbox": [541.0, 202.0, 22.0, 30.0], "segmentation": {"size": [1024, 768], "counts": "jVo`0?_o03M2O1O1O1N2O1O001O01O1O1O2O1N3M8HYi^6"}, "iscrowd": 0, "area": 0, "category_name": "penguin"}, {"id": 13, "image_id": 0, "bbox": [699.0, 204.0, 16.0, 27.0], "segmentation": {"size": [1024, 768], "counts": "TWge05ho03N3L3M3M3N2N2O1O1O100000000002N3M3M2N4L3M3Mmha1"}, "iscrowd": 0, "area": 0, "category_name": "penguin"}, {"id": 14, "image_id": 0, "bbox": [590.0, 217.0, 26.0, 26.0], "segmentation": {"size": [1024, 768], "counts": "jV_b02no03]POLTo06fPO1Xo0OdPO4^o06001O001O100O001O1O1O1O2N3N1Ndhm4"}, "iscrowd": 0, "area": 0, "category_name": "penguin"}, {"id": 15, "image_id": 0, "bbox": [747.0, 223.0, 19.0, 21.0], "segmentation": {"size": [1024, 768], "counts": "XWZg05jo04L3N1N10O010O1O001O1O100000000100O2N1O01NlH"}, "iscrowd": 0, "area": 0, "category_name": "penguin"}]}