{"images": [{"id": 0, "file_name": "images/IMG_8477_jpg.rf.e3f065c25272e57128a67a1b06a16631.jpg", "width": 1024, "height": 768}], "annotations": [{"id": 0, "image_id": 0, "bbox": [195.0, 164.0, 73.0, 114.0], "segmentation": {"size": [768, 1024], "counts": "]`e42jg08I5L2N2N2N2O001N2N101OO0O110O10O001O01O01O1N200000O100M3N2O0O2O1O1O0010000O11O00O001M300O100O1O100O10O010N1G:0O2N2O8H3M1OWRla0"}, "iscrowd": 0, "area": 0, "category_name": "shark"}, {"id": 1, "image_id": 0, "bbox": [460.0, 60.0, 111.0, 69.0], "segmentation": {"size": [768, 1024], "counts": "Yki:6hg04L4M1O2N1O100O2O0O100O10O010000O10000O10000O1O1N4L4K5K5L4L3M3M4M2O01N2_OkYOUO_f0?g0J1O1O100O1O100O1O010O10O010O10O010O00100O00100O0010O01O0010O0001O00010O001O010O001O001O0010O01O1O010O001O1O001O1O10O0100O100O2Ooei:"}, "iscrowd": 0, "area": 0, "category_name": "shark"}, {"id": 2, "image_id": 0, "bbox": [298.0, 401.0, 90.0, 61.0], "segmentation": {"size": [768, 1024], "counts": "idS71ng02O1O2O000O1000O010000O100O1000000O10O0100O0010O01O10O01O00100O001O10O01O1O010O000010O010O01O10O01O100O0010O01O0010O01O10O00010O010O01000O010O10O0100O1O100O1O1O1N2O2M3Loal>"}, "iscrowd": 0, "area": 0, "category_name": "shark"}, {"id": 3, "image_id": 0, "bbox": [444.0, 582.0, 30.0, 42.0], "segmentation": {"size": [768, 1024], "counts": "]c`:2kg03N2N1OO11O1N101O1O1O1N20000O10O1O10000010O11HaXOLWUn<"}, "iscrowd": 0, "area": 0, "category_name": "fish"}, {"id": 4, "image_id": 0, "bbox": [259.0, 669.0, 26.0, 39.0], "segmentation": {"size": [768, 1024], "counts": "PeS64kg02O2O1N2N3N1N3N100O10O01O01O1N2O1N2N3M3LXb\\a0"}, "iscrowd": 0, "area": 0, "category_name": "fish"}, {"id": 5, "image_id": 0, "bbox": [472.0, 357.0, 20.0, 36.0], "segmentation": {"size": [768, 1024], "counts": "XcT;5jg07J2N2O3L9H1N000102M4D`0D[da<"}, "iscrowd": 0, "area": 0, "category_name": "fish"}, {"id": 6, "image_id": 0, "bbox": [686.0, 502.0, 14.0, 32.0], "segmentation": {"size": [768, 1024], "counts": "SPS`04cg0?I3M2O1O100O10CPYOIPg04TYOJmf03VYOMif02XYONif00YYOOjnc7"}, "iscrowd": 0, "area": 0, "category_name": "fish"}, {"id": 7, "image_id": 0, "bbox": [281.0, 483.0, 20.0, 27.0], "segmentation": {"size": [768, 1024], "counts": "d_e67gg02N2M3N10000O1000O2O001N2N2LPYo`0"}, "iscrowd": 0, "area": 0, "category_name": "fish"}, {"id": 8, "image_id": 0, "bbox": [251.0, 462.0, 18.0, 22.0], "segmentation": {"size": [768, 1024], "counts": "o^m55fg08H6L4N1000000000O101N101M5J]Yga0"}, "iscrowd": 0, "area": 0, "category_name": "fish"}, {"id": 9, "image_id": 0, "bbox": [707.0, 572.0, 14.0, 19.0], "segmentation": {"size": [768, 1024], "counts": "oac`06ig04M2N1O001O0101O0O001N1O2N1MoUQ7"}, "iscrowd": 0, "area": 0, "category_name": "fish"}, {"id": 10, "image_id": 0, "bbox": [616.0, 520.0, 24.0, 19.0], "segmentation": {"size": [768, 1024], "counts": "chc>4jg03N2M200O1O001O100O0100O2N1N3N3Kf_o8"}, "iscrowd": 0, "area": 0, "category_name": "fish"}, {"id": 11, "image_id": 0, "bbox": [385.0, 622.0, 32.0, 19.0], "segmentation": {"size": [768, 1024], "counts": "m[T92mg01N2O1O1O1O001O001O010O10O10O1000O1000000O100O2O0O2N_\\W>"}, "iscrowd": 0, "area": 0, "category_name": "fish"}, {"id": 12, "image_id": 0, "bbox": [377.0, 251.0, 9.0, 19.0], "segmentation": [], "iscrowd": 0, "area": 0, "category_name": "fish"}, {"id": 13, "image_id": 0, "bbox": [373.0, 318.0, 9.0, 19.0], "segmentation": [], "iscrowd": 0, "area": 0, "category_name": "fish"}, {"id": 14, "image_id": 0, "bbox": [311.0, 480.0, 14.0, 18.0], "segmentation": {"size": [768, 1024], "counts": "\\_Z74kg03L2N1O101O01N2O1O1MQh0LVXO1OOPYZ`0"}, "iscrowd": 0, "area": 0, "category_name": "fish"}, {"id": 15, "image_id": 0, "bbox": [350.0, 272.0, 11.0, 13.0], "segmentation": [], "iscrowd": 0, "area": 0, "category_name": "fish"}, {"id": 16, "image_id": 0, "bbox": [375.0, 196.0, 11.0, 12.0], "segmentation": [], "iscrowd": 0, "area": 0, "category_name": "fish"}, {"id": 17, "image_id": 0, "bbox": [301.0, 662.0, 28.0, 11.0], "segmentation": {"size": [768, 1024], "counts": "jlV74lg01O001N101O0000001O0O1000000000O10000O2N2NWcX`0"}, "iscrowd": 0, "area": 0, "category_name": "fish"}, {"id": 18, "image_id": 0, "bbox": [199.0, 148.0, 6.0, 8.0], "segmentation": [], "iscrowd": 0, "area": 0, "category_name": "fish"}, {"id": 19, "image_id": 0, "bbox": [637.0, 515.0, 19.0, 6.0], "segmentation": [], "iscrowd": 0, "area": 0, "category_name": "fish"}, {"id": 20, "image_id": 0, "bbox": [556.0, 429.0, 61.0, 132.0], "segmentation": {"size": [768, 1024], "counts": "bmR=1mg0n0SO9H7H6L4K4L4N_NQZOP1df0N1M100O2N0O2O0O1O1000O1000N3N0100O100000O01O011N0011N1O001O10N11O010O1O1O0O2O0O2O1N1O2N2N2N3L4L5Hk^a9"}, "iscrowd": 0, "area": 0, "category_name": "shark"}]}