{"images": [{"id": 0, "file_name": "images/IMG_2373_jpeg_jpg.rf.6b8f32a68ab7d25ff0cd7f977bd187fc.jpg", "width": 768, "height": 1024}], "annotations": [{"id": 0, "image_id": 0, "bbox": [228.0, 454.0, 235.0, 191.0], "segmentation": {"size": [1024, 768], "counts": "PbQ77co0`0@>D5K5M2N2N2N2O1O00000O01O10000O100000O10O1000O1000O1000010O01O0O101O10O01O1O10O01O1O001O100O001N2N2O1O0O3M2N2O1O2M3\\OcM`SOa2[l0f0L7J6J5K6J7J6I5L4K5L3M2N2N4L5K3M4M2N4K9H1O00O1O1O1O1N2N2N1N3N1N3N1N2O1O2M2N2N2N3L3N2N3L3M3M4L3M3L5J5L4M4K5I6N3M3N1O1O1O1O1000O100000000O10000000000O1000000000000000001O0000000000001O000000010OUN]SO9cl0F_SO9al0FaSO9_l0GaSO9_l0FcSO9]l0GcSO:\\l0FeSO9[l0FfSO:Zl0FgSO:Yl0DiSO;Wl0EjSO:Vl0FkSO:Tl0EnSO:Rl0FoSO:Pl0FQTO9ok0GRTO8nk0HSTO8lk0GVTO8kk0GWTO7ik0IXTO6hk0JYTO6fk0J[TO5fk0I[TO8dk0H]TO7ck0I^TO7ak0I_TO7ak0I`TO7`k0GbTO8^k0HbTO9]k0GdTO8\\k0HeTO8[k0GfTO9Yk0FhTO:Xk0FiTO:Vk0FkTO9Vk0FjTO;Uk0ElTO;Sk0EoTO:Qk0EPUO;oj0ERUO;mj0DUUO<jj0DWUO<ij0CXUO=gj0C[UO<dj0D]UO<cj0C^UO<bj0D_UO<aj0C`UO=_j0BcUO>\\j0BfUO<[j0CfUO=Yj0CiUO;Xj0DjUO:Wj0EjUO:Vj0FmUO6Tj0JoUO3Rj0LQVO0Pj0OUVOKni04UVOFni0:m2O1O00001O0O2O00001N2N1O2M5KY`g9"}, "iscrowd": 0, "area": 0, "category_name": "starfish"}]}