{"images": [{"id": 0, "file_name": "images/IMG_8318_jpg.rf.ed4eeaebcf971e4f4a8f90bd351fb23c.jpg", "width": 1024, "height": 768}], "annotations": [{"id": 0, "image_id": 0, "bbox": [278.0, 202.0, 381.0, 518.0], "segmentation": {"size": [768, 1024], "counts": "`_a6:7Glf0P1H7I6M5J7J5J6J6K3M4L4L;E6J3N2N1N3N1N2O1O001N2O1O1N2O1O001N2O1O2N1O100O2N001O1O2O1N100O2O0O1O101N10001N1O100O1O1O1O1O1O1O1O1O2N1O1O1O001O1O1O100O1O01QKX]Oe4gb0ZKZ]Og4eb0XK]]Oh4bb0XK^]Oh4bb0XK_]Oh4`b0WKb]Oi4]b0WKd]Oi4[b0WKf]Oi4Yb0WKh]Oi4Wb0WKi]Oi4Xb0VKi]Oi4Wb0WKj]Oi4Ub0VKm]Oj4Rb0VKo]Oi4Pb0XKQ^Oh4na0XKR^Oi4ma0WKT^Oi4ka0WKW^Oh4ha0WKZ^Oj4ea0UK\\^Ok4ca0UK^^Ok4`a0VKa^Ol4\\a0TKf^Ok4Ya0UKi^Ok4Ua0UKm^Oj4Ra0VKo^Ok4o`0UKS_Ok4k`0TKV_Om4j`0RKW_On4h`0RKX_OP5f`0PK[_OP5d`0PK\\_OQ5ja01TBnJf8S5T50O2O0O2O1N101N100O2O1N1O1O1g_O_JR>`5mAaJR>`5W21O000O2O2N1O1N2O1O1O1N100000O1O1O10O01N2M3L4N2N2N2O100001O001O1O1O001OeKc]OU3[b0hLi]OX3Wb0gLi]OZ3Vb0eLm]OZ3Rb0fLo]OY3Qb0fLQ^OZ3na0eLT^O]3ja0bLW^O`3fa0^L]^Od3`a0ZLc^Og3\\a0VLf^Ol3Ya0RLi^Oo3Va0nKm^OR4Sa0lKo^OU4Pa0hKS_OY4l`0aKZ_O_4Sb02O001O001O000O2O1O00001O1O00001O1O0Q^OSKj`0n4k^OaKPa0`4i^OhKUa0Z4c^OmK\\a0]5O001O1O000000000000O2O000O100O1O100O1O1O1O2N1O1O1O2N1OlBRJW8l5eG^JX8`5bGgJ^8W5^GnJd8P5VGUKl8i4RGYKQ9d4nF\\KT9c4kF^KW9a4fFaK[9_4dFaK]9_4aFbK`9`4\\FbKd9_4YFbKi9_4SFbKn9_4PFaKQ:`4lEbKU:_4fEcK\\:^4`EcKa:_4\\EbKe:_4WEbKk:_4QEbKQ;_4kDcKV;^4fDcK\\;a4\\DaKf;b4SDaKn;a4lCaKV<b4cC`K`<d4VC`Kk<j4eBZK]=R5kAYKV>X72M3nGbA^6_>`IcA_6_>_IcA^6_>aIcA\\6_>dI`A\\6a>dI_AZ6d>dI]AZ6e>fI[AX6h>gIXAX6i>gIYAV6i>iIXAU6j>kIVAS6m>kITAT6m>kITAS6n>lISAR6P?lIQAQ6R?nIPAo5S?oIn@o5T?PJm@n5U?QJl@l5X?RJi@l5Y?SJg@g1]Od1n?cLg@f1^Of1l?cLg@d1Af1k?dLe@d1Bf1k?dLe@d1Bf1k?eLd@c1Bg1m?dLb@c1Cg1m?dLb@c1Bi1o?`La@f1Ah1Q`0_La@f1@i1Za0VNf^Oi1\\a0UNf^Oh1]a0VNe^Og1^a0WNc^Og1`a0XNa^Od1ca0ZN^^Oc1fa0\\N[^O`1ia0^NX^OQ1UOkMhb0T1S^Oi0bb0VO_]Oe0fb0ZOZ]Of0fb0YO[]Of0gb0YOZ]Of0gb0YOY]Oh0gb0VO[]Oi0fb0VOZ]Oj0fb0VO[]Oi0fb0UO[]Ol0eb0SO\\]Ol0eb0RO\\]On0eb0QO\\]On0eb0PO]]Oo0eb0oN\\]OQ1db0nN\\]OR1eb0lN]]OS1eb0kN[]OU1fb0jN[]OU1fb0iN\\]OV1fb0gN\\]OX1fb0eN[]O[1gb0bNZ]O^1jb0]NX]Oc1bd00001O10O0001O003M2N001O001O001O1O001O010O0010O01O001O1O001O1O001O001O1O001O1O1N2O001O1O0O2O2N1N3M3M2N5JQmg8"}, "iscrowd": 0, "area": 0, "category_name": "fish"}, {"id": 1, "image_id": 0, "bbox": [390.0, 187.0, 104.0, 159.0], "segmentation": {"size": [768, 1024], "counts": "T`[92lg03O1O1O0O2O1O1O1N3N1O1O1N2O1O1O1N2O1O001O001O1O001O1O001O001O0O2O1O1O010O1O001O1O001O1OO100O1O2M2N2N3M3N2N2N2N2N2N2N3M2MhgV="}, "iscrowd": 0, "area": 0, "category_name": "fish"}]}