{"images": [{"id": 0, "file_name": "images/IMG_3152_jpeg_jpg.rf.e018fb206e9194f3536a290f0c649274.jpg", "width": 768, "height": 1024}], "annotations": [{"id": 0, "image_id": 0, "bbox": [160.0, 130.0, 176.0, 91.0], "segmentation": {"size": [1024, 768], "counts": "UUZ51lo05N1WQOLcm06XRO1em00XRO4fm0MXRO5gm0LWRO5im0LURO6jm0KURO5lm0JSRO7mm0JRRO7mm0JQRO7Pn0IoQO7Rn0IlQO8Un0HiQO:Wn0FgQO;Zn0EeQO;\\n0EbQO<^n0EaQO;`n0b010O01O1N2O001O1O1O0O101O0O100000000O2O000000000000000000000000O1001O000001O0000001O001O001O0000001O001O00001N10001N1O1K6N100O101O0O10000O10001O0000000O10000000000001O00000000000O10O1L3O200GUN\\ROk1dm0ZNXROf1gm090100O0100O100O100TNbROU1_m0jNcROT1^m0kNdROT1\\m0kNeROT1\\m0lNdROT1\\m0lNdROS1]m0mNcROR1^m0nNbROR1]m0oNcROP1^m0PObROP1^m0PObROo0_m0QOaROn0`m0RO`ROn0`m0RO`ROm0am0SO^ROn0bm0RO_ROl0bm0TO^ROl0bm0TO^ROl0bm0TO_ROj0bm0VO^ROj0bm0VO_ROi0bm0VO_ROi0am0WOaROg0_m0XOcROg0^m0XOdROg0]m0VOfROh0[n0O0O1O001O1O1O1O1O1O1N3N2M3Mli`="}, "iscrowd": 0, "area": 0, "category_name": "puffin"}, {"id": 1, "image_id": 0, "bbox": [0.0, 35.0, 58.0, 60.0], "segmentation": {"size": [1024, 768], "counts": "X1_1an000O001O1O1O1O2N1O1O1O1O1O2N1O100O100O100O10000O1O10000000O0100000000O1000000O2O000O101N101N101N2O0O2O1N2N3M4K]nWf0"}, "iscrowd": 0, "area": 0, "category_name": "puffin"}, {"id": 2, "image_id": 0, "bbox": [270.0, 608.0, 164.0, 142.0], "segmentation": {"size": [1024, 768], "counts": "ad^87go07I6J4L3N1O2N1O1O001O0O101O001O1O00100O100O010O10000O100O101O0OnN_QOi0m0WOZl0NkROk0c0B^l0@RSOP1:Fnl0a0iROBVm0c0bROB[m0c1O1O1O2N1O1N2O1O1O1O2N4M2M3M\\M`SOi1_l0TNdSOl1]l0PNdSOQ2]l0mMdSOP2`l0nMbSOm1dl0PN]SOo1el0PNZSOR2gl0kMZSOU2Xm001O01O001O10O00010O01O0010O000000001N1O100N2O10000000O010O1O1O0010001O0O1O2N3N3L4M2N3M7IfNWSOBel0<^SOF_l07dSOK[l03fSONYl01hSO1Wl0JmSO7Sl0GnSO:Rl0DoSO=Rl0@oSOa0Ql0]OPTOd0Pl0[OPTOf0Pl0XORTOh0ok0UORTOk0ok0SOSTOm0mk0QOVTOn0jk0POXTOP1hk0nNZTOR1fk0kN]TOT1dk0kN^TOT1ck0iN`TOV1ak0fNbTOY1Tm0O1O1N3N2N2M3N1O1N2O000O100O100O100O001O1O001N2O1O1O001O1O001N101O001O0O2N2N2N3MQ[]:"}, "iscrowd": 0, "area": 0, "category_name": "puffin"}]}