{"images": [{"id": 0, "file_name": "images/IMG_3140_jpeg_jpg.rf.dd52b96ae1602530456e88bc4b6ac7db.jpg", "width": 768, "height": 1024}], "annotations": [{"id": 0, "image_id": 0, "bbox": [0.0, 468.0, 94.0, 124.0], "segmentation": {"size": [1024, 768], "counts": "_?m2Sm00O1O1O2O0O1000O1000001O0000000000000000000]OWSOnMjl0P2[SOlMfl0R2_SOhMdl0W2c0N101O000O2O0O101O001O1O0100O0010001O000O101O0O10001O00000000O100O1O1N2N3N1O10001N10000O2O00001O0O2O1O0O2N2O2M3M2O1N1O2N2N2M4M2M4M3M6CaPONb_Se0"}, "iscrowd": 0, "area": 0, "category_name": "puffin"}, {"id": 1, "image_id": 0, "bbox": [350.0, 290.0, 58.0, 115.0], "segmentation": {"size": [1024, 768], "counts": "bZW;8_o0?G;F7I5K5K3N4L4L3N1N3M3M2N2M3M3J_MjROb2Um06O0010O001O1`MjROT2Wm0jMkROU2am0O1O101N1O1O1O2N1O2N2M2N4K7I;D;Dod^;"}, "iscrowd": 0, "area": 0, "category_name": "puffin"}, {"id": 2, "image_id": 0, "bbox": [649.0, 168.0, 91.0, 112.0], "segmentation": {"size": [1024, 768], "counts": "UXkd04jo03N2N2N2N1WOGjQO;Qn0JmQO7Qn0KnQO6Pn0LoQO5Pn0MnQO4Pn0NoQO3Pn0NoQO3Pn0NoQO3Pn0OnQO2Pn00nQO2Qn0OnQO2Pn0OoQO2Pn00nQO2Qn0o0O1O1O1O1O010N2O001O000O2ERNcROn1[m0<N20O1O1O1O2O001O001O12cROcMRm0j2L1O01O0O2O0I8F:K5K6L3M4L4L4M0O001O010O2N1N4ZOdQOAcn0:ojo0"}, "iscrowd": 0, "area": 0, "category_name": "puffin"}, {"id": 3, "image_id": 0, "bbox": [398.0, 302.0, 61.0, 94.0], "segmentation": {"size": [1024, 768], "counts": "hZm<4jo06H7L5J5RQOXO\\n0Y1L4L3N2N1O2N100O1O100O100O1O100O10000O1000O10O1000O100O2N100O1N2O1O2M2L6Ic0A6G`ef9"}, "iscrowd": 0, "area": 0, "category_name": "puffin"}, {"id": 4, "image_id": 0, "bbox": [220.0, 316.0, 72.0, 94.0], "segmentation": {"size": [1024, 768], "counts": "Y[R79eo05L3M3M2N2N2M3N1O1O2N1O2N1O101O0O2N100O2N100O2O0^OjNYROW1em0mNWROV1gm0b000O2O00001O0O100001O0O2O0O2O2M2O2M2N2N101N1O2O0O2O4K3M3M3M4M2M4M3L3M3M3M3M3Hmdk>"}, "iscrowd": 0, "area": 0, "category_name": "puffin"}, {"id": 5, "image_id": 0, "bbox": [90.0, 270.0, 45.0, 75.0], "segmentation": {"size": [1024, 768], "counts": "`YZ34lo0010jPO1Yn0OeQO6Xn0KfQO7Yn0HgQO9Yn0GfQO:Zn0FeQO;Zn0FdQO<Sn0NfQOBKb0Qn0EQRO827nm0CnQO647mm09oQOHRn0BlQOU1Un0jNlQOU1Tn0lNlQOQ1Wn0:2M3M3M4L4J7L7I5J5K5L4Jkfic0"}, "iscrowd": 0, "area": 0, "category_name": "puffin"}, {"id": 6, "image_id": 0, "bbox": [395.0, 183.0, 52.0, 71.0], "segmentation": {"size": [1024, 768], "counts": "QWd<451\\o0;N2O01OIAmPO?Qo0DmPO=mn0>M4O0O1O1L3M4N200O1O2O0O1000000000010O01O00003L4M2N6I3NO0N2NUOdQO6^n0JdQO2^n0McQO1_n0ObQO0^n0OcQO0_n0ObQOOYo0Okho9"}, "iscrowd": 0, "area": 0, "category_name": "puffin"}, {"id": 7, "image_id": 0, "bbox": [627.0, 385.0, 91.0, 67.0], "segmentation": {"size": [1024, 768], "counts": "b\\kc06ho03N2N1gPOGjn0<QQOIln09PQOOkn0e0M2O00001O00000O10000000O11O00001O000O1001O01O0001O001O001O010O101N2O6I10O01O01O001O001O001O1O4L1O10O01O1O0001N10001N1O2N1N3N1L5N1O101N2N2M3L5Imbf1"}, "iscrowd": 0, "area": 0, "category_name": "puffin"}, {"id": 8, "image_id": 0, "bbox": [300.0, 193.0, 72.0, 56.0], "segmentation": {"size": [1024, 768], "counts": "dVa95io03M3M3L4N3M101N2O1N2O2N2N2N2N2N2N1O10O010O00001O1O00001N10000000001O0O101O000O2N1O2N1O2N10001N2O1O3M1N2O2N1O1O1N2O1O1O1Onha<"}, "iscrowd": 0, "area": 0, "category_name": "puffin"}]}