{"images": [{"id": 0, "file_name": "images/IMG_8463_jpg.rf.f389f79adb1c5954105342441c289363.jpg", "width": 1024, "height": 768}], "annotations": [{"id": 0, "image_id": 0, "bbox": [362.0, 619.0, 76.0, 67.0], "segmentation": {"size": [768, 1024], "counts": "Qdd86ig05eXOLbf08ZYOJdf0:WYOHif0h0000O01O1N110O001O00001O0AkNSZOU1ke0oNSZOQ1me0POQZOR1me0PORZOP1ne0QOQZOo0oe0QOQZOo0oe0ROPZOn0Pf0SOoYOm0Qf0a000000000001N100O100O100O10O01O1O1O100jNcYOh0^f0XOcYOf0^f0YOcYOf0^f0XOdYOh0]f0VOdYOi0]f0VOdYOj0\\f0UOdYOc0J_Ocf0KfYOd0K_Okf0?XYO]Okf0a0;N101N2N101O000O2N1O10OO3N\\Ti="}, "iscrowd": 0, "area": 0, "category_name": "fish"}, {"id": 1, "image_id": 0, "bbox": [330.0, 568.0, 61.0, 70.0], "segmentation": {"size": [768, 1024], "counts": "Qkk791N]g0`0J3M2O1N1UOSObZOo0\\e0UO_ZOm0ae0TO]ZOm0ce0SO\\ZOn0de0SOZZOn0ee0TOZZOl0ge0TOWZOm0ie0SOVZOn0je0ROUZOo0ke0ROSZOo0me0QORZOP1oe0POoYOQ1Qf0POlYOR1Uf0<001O001O00000000O10000O1O2O\\NPZOX1oe0gNZZOR1fe0lN]ZOS1ce0lN_ZOS1`e0nNaZOP1_e0QObZOn0]e0ROeZOm0[e0QOgZOn0Ye0ROiZOl0Xe0SOjZOj0Xe0VOhZOf0[f0M2N1D>M3N2OM4OO2ON10100cUj>"}, "iscrowd": 0, "area": 0, "category_name": "fish"}, {"id": 2, "image_id": 0, "bbox": [313.0, 542.0, 55.0, 73.0], "segmentation": {"size": [768, 1024], "counts": "`bZ73kg04L3N1O2N100O1O1O1O2SO_OYZOb0ce0EXZO>ee0EWZOa0de0AZZOa0de0AYZOb0fe0_OXZOc0fe0AUZOb0je0k0O0O2O1O00N2N2O2N3M4L>B2TOYYO<hf0C[YO9gf0GZYO7gf0IZYO5gf0KZYO4ff0LZYO3gf0MZYO1hf0NYYOOef05[YOJff07ZYOHff08ZYOGgf0:ZYOBhf0>=1O01000OO2O0O1O2N2N2N1O2LZ^[?"}, "iscrowd": 0, "area": 0, "category_name": "fish"}, {"id": 3, "image_id": 0, "bbox": [280.0, 519.0, 31.0, 60.0], "segmentation": {"size": [768, 1024], "counts": "dYf65cg0`0C7J5K4BmNmYOU1Tf0jNjYOX1Vf0hNiYOX1Zf05001N2N2N2N2N1O1TOYYO>jf0AYYO2Rg0M`000000100O1Ndof`0"}, "iscrowd": 0, "area": 0, "category_name": "fish"}, {"id": 4, "image_id": 0, "bbox": [437.0, 531.0, 69.0, 76.0], "segmentation": {"size": [768, 1024], "counts": "fZR:4lg00O100O101N100O100000000O10000XOLdYO4]f0LbYO4af0H_YO9Sg01J6G9N2O1O1O0O2O1O1O1O1O1O1WOkNfZOV1Ze0mNbZOT1]e0nNaZOS1_e0nN_ZOS1ae0nN^ZOR1be0oN\\ZOR1de0nN[ZOS1fe0mNYZOS1ge0mNXZOT1ie0lNUZOU1le0?1O1O1O001OO_NnYOV1Rf0hNQZOW1ne0iNTZOV1ke0kNUZOU1je0kNXZOT1ge0mNYZOS1fe0mN\\ZOR1ce0oN^ZOP1ae0PO`ZOP1_e0QObZOm0^e0SOdZOl0Ze0UOhZOi0Xe0XOhZOf0Ze0YOhZOd0Ze0[OhZOb0Ye0^OiZO?Ye0@iZO<[e0BgZO:\\e0EfZO7^e0FhZO0^e0OfXY<"}, "iscrowd": 0, "area": 0, "category_name": "fish"}, {"id": 5, "image_id": 0, "bbox": [472.0, 480.0, 60.0, 66.0], "segmentation": {"size": [768, 1024], "counts": "bXS;1ng01N2N101N2O1N101O1N2O1M3L4M3N3M2O1O1O1O1O100O1O101N1O1O1O100O100O10000O101O0O10001O1O2M3N1OM3L4E<J5K5O2O4L9G3N1NXPb;"}, "iscrowd": 0, "area": 0, "category_name": "fish"}, {"id": 6, "image_id": 0, "bbox": [391.0, 487.0, 70.0, 69.0], "segmentation": {"size": [768, 1024], "counts": "cXW96hg05L2YOM]YO7_f0f010O1000O01O1O001O001O001O001O000O2O00000DbNVZO^1je0eNSZO[1me0fNRZOY1ne0iNQZOW1oe0jNPZOU1Qf0oNkYOQ1Uf0<1O100O00100O1O1O1O1O1O1O100O100kNaYOh0`f0WObYO?N]Obf04`YO?0ZOaf06`YO>hf0AYYO=if0CWYO;lf0CUYO;mf0CUYO<lf0CVYO;Xg0O1N101O1O1O00000O101M^`V="}, "iscrowd": 0, "area": 0, "category_name": "fish"}, {"id": 7, "image_id": 0, "bbox": [374.0, 533.0, 46.0, 38.0], "segmentation": {"size": [768, 1024], "counts": "]Qi82jg04N2L4N2O001O100O2O0O2hXO]OQg0d0mXO^OQg0c0oXO]OQg0i0O1000000010O1O1O1O1O1O1O1O001O1O0JeXOF]g09501O001O001O1O1O2N102N0N`VU>"}, "iscrowd": 0, "area": 0, "category_name": "fish"}, {"id": 8, "image_id": 0, "bbox": [464.0, 376.0, 74.0, 76.0], "segmentation": {"size": [768, 1024], "counts": "eTm:2ng04ON01O01O1N21M1011M10O002N4L9F4K5K3N2M2O2N1O1O1O1O2N100O1N2I8N10000O1O\\NoYO\\1Pf0cNRZO\\1ne0cNTZO\\1Yf0O@eN\\ZOZ1ce0gN^ZOX1be0hN^ZOX1be0gN`ZOY1_e0gNbZOX1Tf0O1O1O1O1O1O1N3M2L6G<Dcg6LmcZ;"}, "iscrowd": 0, "area": 0, "category_name": "fish"}, {"id": 9, "image_id": 0, "bbox": [524.0, 248.0, 91.0, 102.0], "segmentation": {"size": [768, 1024], "counts": "Rbd<>]g09J6J3M3N2M2O1N3N1fNiNj[OX1Ud0iNj[OX1Vd0iNh[OX1Xd0jNe[OW1[d0jNb[OX1^d0iN`[OX1`d0hN`[OX1`d0iN^[OX1bd0iN\\[OX1dd0iNZ[OX1fd0iNX[OX1hd0hNW[OY1id0hNU[OY1kd0hNT[OX1ld0iNR[OX1nd0hNQ[OY1Pe0gNnZOZ1Re0hNjZOZ1Te0j0O10O01O100OoMP[OT1Pe0jNT[OT1ld0kNV[OT1id0mNX[OR1hd0nNX[OR1hd0mNZ[OR1fd0mN\\[OR1dd0mN][OS1cd0mN^[OR1bd0mN`[OR1`d0mNb[OR1^d0mNc[OR1^d0mNd[OR1\\d0nNe[OP1\\d0oNf[OP1Yd0POi[On0Xd0QOj[Ol0Xd0SOj[Oj0Xd0UOj[Oh0Xd0WOi[Oe0[d0ZOg[Oa0]d0^Oe[O7ed0Ga[OLhd03d1N[Y2NhfM0l_10S`N1mg0NQXO5L15JVgd9"}, "iscrowd": 0, "area": 0, "category_name": "fish"}, {"id": 10, "image_id": 0, "bbox": [491.0, 303.0, 59.0, 48.0], "segmentation": {"size": [768, 1024], "counts": "eZd;1og00O100N20000O10000O1O2N1L4N3M2N2N2N2N2O1O1O1O1O100O2O0O100000000O1K51O001O3M2N2M2O1O0OUfZ;"}, "iscrowd": 0, "area": 0, "category_name": "fish"}, {"id": 11, "image_id": 0, "bbox": [367.0, 335.0, 69.0, 45.0], "segmentation": {"size": [768, 1024], "counts": "mZg81ng02N101O2N1O1N101N3N1O1O001N2O1O1O1O1N2O001O0O2O001O001O001O001O001O00001O0000001O0000000001O000O2O0O1O2N2N6I2O1O1O1HfXOJYg05:N1OUUj="}, "iscrowd": 0, "area": 0, "category_name": "fish"}, {"id": 12, "image_id": 0, "bbox": [416.0, 259.0, 54.0, 58.0], "segmentation": {"size": [768, 1024], "counts": "m`m94kg08I3L3N1N2N2N2O1N2N2M3N1O2O0O2O1O001O00001O001O00001O0000000O10O0100OO2O1N1Ng0ZO3L4M3KPWR="}, "iscrowd": 0, "area": 0, "category_name": "fish"}, {"id": 13, "image_id": 0, "bbox": [378.0, 225.0, 67.0, 61.0], "segmentation": {"size": [768, 1024], "counts": "]om81ng04N1O1N1O3N2M109G0O2N1O2O0O1O001N2O1O0DROfYOo0Yf0SOeYOm0[f0UOcYOl0\\f0UObYOm0]f0<O001O001O001O001O001O0010O0000001dNgYOP1Xf0nNjYOR1Vf0mNlYOR1Tf0mNmYOS1Tf0lNlYOT1Tf0kNmYOT1Tf0kNmYOU1^f001O1O1O1N2N1]OVYOOmf0MXYO0if0N[YOOgf0O[YO0ff0MWie="}, "iscrowd": 0, "area": 0, "category_name": "fish"}, {"id": 14, "image_id": 0, "bbox": [520.0, 108.0, 62.0, 76.0], "segmentation": {"size": [768, 1024], "counts": "ReW<9fV27f`N;F5L2N2O2N2N2O2N1N2O1O001O10O01O010O0010002M3N0O01N2E;N2N3M2N1N3N1O2N1O2N1N2O2M2O2M2O3L4Jmcc:"}, "iscrowd": 0, "area": 0, "category_name": "fish"}, {"id": 15, "image_id": 0, "bbox": [454.0, 3.0, 81.0, 132.0], "segmentation": {"size": [768, 1024], "counts": "Zif:146^g0N_XO4ag0IbXO5fg0MHM<1m_1OS`N1O1N2O0oXO;A0]e0FnZO[1od0dNmZOd1Qe0YNoZOj1be03L4L4L4M2M4L3M4L4L4J7J5M3M1O1O1O2M101O0O1O1L4O010O11O1N2O1O1O1O1O1O1N6K5J5K3M3N2M3M3N2M5J5L4mMWZOh1me0UN^ZO_1Uf0J;E5RO^YO6hf0IWWf;"}, "iscrowd": 0, "area": 0, "category_name": "fish"}, {"id": 16, "image_id": 0, "bbox": [421.0, 590.0, 59.0, 18.0], "segmentation": {"size": [768, 1024], "counts": "hZo92ng00O1O100O101N100O10000O2O000O100000000O1000000001O1N3N1O0O2O1O2N000000Ph00PXO0O100001O0000Ph00PXO00000000000Wmh<"}, "iscrowd": 0, "area": 0, "category_name": "fish"}, {"id": 17, "image_id": 0, "bbox": [463.0, 249.0, 69.0, 38.0], "segmentation": {"size": [768, 1024], "counts": "f`n:1ng02N100O100O01000O100O1O100O100O10O10O0010O0100O010O1O100O010O100O10000O01000O100O010O100O010O0100O010O1O010O1O100O010O2N1O1O2NT`a;"}, "iscrowd": 0, "area": 0, "category_name": "fish"}, {"id": 18, "image_id": 0, "bbox": [494.0, 79.0, 45.0, 55.0], "segmentation": {"size": [768, 1024], "counts": "Rdb;2mg01N3N1O001O1O001O1O1N2O001N2N2O1O001N1O20O0100001O001O00001N2N1N3M3M3N1O2N1O2O1N`d^;"}, "iscrowd": 0, "area": 0, "category_name": "fish"}]}