{"images": [{"id": 0, "file_name": "images/IMG_2283_jpeg_jpg.rf.4f28032102ddc4534410f9bf474ef1d0.jpg", "width": 768, "height": 1024}], "annotations": [{"id": 0, "image_id": 0, "bbox": [350.0, 490.0, 67.0, 117.0], "segmentation": {"size": [1024, 768], "counts": "g`P;3ko04]POMSo0d0K5K5J5J6@`0H8K5L3N2O2N4K5L3M2N2N1O010O001O01O1O101O010O2N6I2O001O0O2N100O100O2O0O100O1O1O1O1O1O1N2O1N2N2N2O2M4L3N3M6J6J4SO[QO7\\o0Ie]o:"}, "iscrowd": 0, "area": 0, "category_name": "puffin"}, {"id": 1, "image_id": 0, "bbox": [201.0, 266.0, 70.0, 106.0], "segmentation": {"size": [1024, 768], "counts": "UYT6>_o06L2N1O2N1O2N1O2N1O3M2N2O1N2N3L4M2O1N3M2N2N101N2N4M0O2O0O100000000001N101O001O1O002N2M3N3M2N1jNeQOd0^n0YOdQOf0^n0VOeQOh0ln0N1O1N3M2N3M2N4JZfQ`0"}, "iscrowd": 0, "area": 0, "category_name": "puffin"}, {"id": 2, "image_id": 0, "bbox": [493.0, 554.0, 116.0, 91.0], "segmentation": {"size": [1024, 768], "counts": "ob`?3ko03O1N2N2N3M3M3N1N2N2N1N2O1O1N3N2N2N5K3M3L4L3N3N1N2O0O2O0O1O2N1O100O2O0O100O10000O2OO1000O1000000O100000O1000O10000O10OO2N2N20O01O0O2O1O001O010O010000O1O100O2O0O100O1O100O101N101N1O2N2N1N3N1O2N3`NQROj0Xn0kNmQOR1bn0N2N2N2N2N2N2NZO[OTROc0fn0N3M4J_]Q5"}, "iscrowd": 0, "area": 0, "category_name": "puffin"}, {"id": 3, "image_id": 0, "bbox": [194.0, 470.0, 82.0, 71.0], "segmentation": {"size": [1024, 768], "counts": "Y`P63lo03M1O1O1O1O2M101O1O1N3N1O1O3M4L3N1N2N2N2N2N1O2N101N1O1O2N1N2N2N2N2N3N1N2N200O000010O10O01O1O101N102M3N000O1OM[NmQOd1Tn0]NkQOa1Vn033\\NgQO^1^n0O2N100O101N1O2O1O0O2O1N2O1N101N1O2N1O1O2N1O2N3L4M3M2N3L_`X?"}, "iscrowd": 0, "area": 0, "category_name": "puffin"}, {"id": 4, "image_id": 0, "bbox": [0.0, 415.0, 60.0, 69.0], "segmentation": {"size": [1024, 768], "counts": "^=^1bn00O1O1O2N100O100O100O100O2O0O1O1000000O01O100O1O100N1N3O100O010O1M3L4O1O1O100O100O1O1O10000O2N100O3N2M2O1N2O1M3M4L5KbbTf0"}, "iscrowd": 0, "area": 0, "category_name": "puffin"}, {"id": 5, "image_id": 0, "bbox": [85.0, 475.0, 73.0, 66.0], "segmentation": {"size": [1024, 768], "counts": "Z`e25io05J4N2M3N2L3O2N2N3M2O1N3N0O2N2O000O100O1O1O1O001O1N2L4N2O0O2O1O0O2O1O00100O10O100000O10O1000000O10000000000O10001N10001N2O1N2N3N2M4L4L6J3M2N2N3M2M3M3M4M4KT`lb0"}, "iscrowd": 0, "area": 0, "category_name": "puffin"}, {"id": 6, "image_id": 0, "bbox": [338.0, 258.0, 70.0, 53.0], "segmentation": {"size": [1024, 768], "counts": "gXb:9fo04L3L4M2O1N2O2M2O2M2O1N1000000000000000001N100O10O100O1000001O00O100O10O1000000O01O1O00100O1O1000O10000O100O1O100O101O0O1O1O1GRQO^OQo0?SQO^Onn0b09O001N3N1N2O0O2N2McgR;"}, "iscrowd": 0, "area": 0, "category_name": "puffin"}]}