{"images": [{"id": 0, "file_name": "images/IMG_2553_jpeg_jpg.rf.631441b6872f3849ab9f75da6176af0a.jpg", "width": 768, "height": 1024}], "annotations": [{"id": 0, "image_id": 0, "bbox": [333.0, 255.0, 264.0, 470.0], "segmentation": {"size": [1024, 768], "counts": "P__:e0To0=I6J7I8H5K9H4K4M7H4M6J3L4M2N2N2N2N1O2M2O2N1O1O1N3N1O1O1N2O1M3N1M4kNPLRVOW4ii0PLSVOR4fi0ULYVOk3bi0\\L[VOf3`i0`L^VOa3]i0dLbVO\\3Zi0eLkVOZ3Ri0hLVWOQ3fh0QM\\WOo2`h0TM`WOl2]h0WMcWOj2Zh0XMeWOi2Xh0ZMhWOg2Vh0ZMjWOf2Th0[MmWOe2Qh0]MPXOc2ng0]MSXOc2kg0_MUXOa2ig0aMWXO_2gg0bMYXO^2gg0cMYXO\\2gg0eMZXOW2ig0iMWXOT2kg0mMUXOm1Ph0TNQXOc1Wh0]NiWO_1^h0]NcWO^1eh0_N[WO;XO\\Nki0@RVO[1m06[k0VOgTOK]j<^O]XC:TLG17fj0L[UO35Ln1KkMl1b0ZODkNPh0[1nWOhNL[65fIkf0m8QYOSGl0MYO0hd0c9T[O`Ghd0n9N1^[OPE5M]c0V;Y\\ORE8I]c0e;c\\O[D[c0g;e\\OYD[c0h;c\\OXD]c0i;c\\OWD]c0j;b\\OUD_c0m;^\\OSDcc0T<0K5J5IQ\\O_DPd0`;S\\O^Dmc0d;Q\\O^Dnc0k;N3M2OO0O2N1M3O20O010O2P\\OUDic0S<N3L2O1N100O100OO1M4G8J7G8M4E:J6M4M3M2K6A>YOTZOiF^f0a8l0nNgXOaHTh0d6Q1D=H7G:C<H9BQ]O\\K];[4^DbK^Hk0fb0W3oDWMP;\\2QEQNn:i1eDkN[;j0fD_OZ;<^DNf;K[D8g;[O^Dj0e;ROXDg0V<SOfCo0c<hNYCd1g<UN[CP2f<kMUC_2k<TMZCT3f<fLWCc3j<RLZCT4i<cKYCa4lc07jLXK^XOLS2S5od0nKhZOZ4od0mKmZOY4Pe0dKnZOd4dd0gKZ[O^4Xd0jKi[OZ4Ud0gKh[O^4`c0WL^\\On3Sc0_Li\\Og3nb0`Lm\\Og3lb0ZLU]Oj3cb0[L\\]Oj3]b0YLa]Om3Vb0ZLj]Og3Sb0WLP^Ol3la0SLS^OS4ja0kKT^O[4ka0cKS^Oc4ka0\\KQ^Oj4oa0oJS^OW5la0eJU^O^5ka0_JW^Ob5ia0ZJW^Ok5ia0RJU^OR6la0hIQ^O`6Pb0\\IQ^Og6oa0VIn]Oo6Sb0oHk]OT7Wb0dHj]Oa7Xb0YHk]Oh7Wb0THh]Oo7Zb0oG^]OW8gb0`GZ]OP8SOUGic0?X]O\\8ac0`G\\\\Oc8jc0UGT\\Oo8Yd0_Fh[Of9Ye0OO1N2O2002N3L3N2N4L3M4L5L5J3M3M4L4M5J5K4L4L4L4L4L3M3M3M4K5L2N3M3L3N2N2M4L4L3M4K4L5K4M3L5J5K5K5L4J7K4L4K6H7J6J6I8H8G8H9G9F:H:Ek0TOab^5"}, "iscrowd": 0, "area": 0, "category_name": "stingray"}]}