{"images": [{"id": 0, "file_name": "images/IMG_8402_jpg.rf.3a5e6ef286c3710d8440da541aa82f18.jpg", "width": 1024, "height": 768}], "annotations": [{"id": 0, "image_id": 0, "bbox": [732.0, 636.0, 53.0, 126.0], "segmentation": {"size": [768, 1024], "counts": "Wd[a0i0Rg0<H9H5M1N3M3M3L3M3N2N3L2O1O100O100O100O101N10000000O4M3L4L3M4M4K5K<D8H9F4M3L4L3M3N4JXPd5"}, "iscrowd": 0, "area": 0, "category_name": "fish"}, {"id": 1, "image_id": 0, "bbox": [389.0, 333.0, 27.0, 49.0], "segmentation": {"size": [768, 1024], "counts": "][Y9?]g05L2O2N1O1O100O1O2N10N1M4M3N3M2O1M5Dj]X>"}, "iscrowd": 0, "area": 0, "category_name": "fish"}, {"id": 2, "image_id": 0, "bbox": [315.0, 482.0, 67.0, 42.0], "segmentation": {"size": [768, 1024], "counts": "ao^74kg03N1N2N2N101N2N101N2N3M2O1N1O2N2O0O2O0000001N1000000000000000000001N101O1O0O2O1O1O2N2N2N1O001O1O2N101N1O3M2N2O0O1N10001O0O1000000000000OoWm>"}, "iscrowd": 0, "area": 0, "category_name": "fish"}, {"id": 3, "image_id": 0, "bbox": [822.0, 666.0, 60.0, 41.0], "segmentation": {"size": [768, 1024], "counts": "a]Xc01kg04O2O0O2N1O1O100O100O101N100O1000000O100000000O10000000O10001O000O101O0O101O000O2O010O001O1O010O10000O10O10O0010O01N101N_jY3"}, "iscrowd": 0, "area": 0, "category_name": "fish"}, {"id": 4, "image_id": 0, "bbox": [284.0, 532.0, 18.0, 39.0], "segmentation": {"size": [768, 1024], "counts": "jXi69dg07L4L6J2O2N2OO1N4L7F9Bjfm`0"}, "iscrowd": 0, "area": 0, "category_name": "fish"}, {"id": 5, "image_id": 0, "bbox": [226.0, 550.0, 22.0, 19.0], "segmentation": {"size": [768, 1024], "counts": "fiZ54jg02O1N2O010O1O10O01O001O001000O10000O2NgVVb0"}, "iscrowd": 0, "area": 0, "category_name": "fish"}, {"id": 6, "image_id": 0, "bbox": [200.0, 184.0, 102.0, 282.0], "segmentation": {"size": [768, 1024], "counts": "`Zf4k0Xf0Q1G6J6L5K4L5J7J4M4L4K5L4J7H:Fe0WOa0@a0F9H5K5K5K2O1N2N2OZIi^Oc6Za01O1N1N2N1N2O2N1O000000O10001O001O1O0O3M2N3M3L3M3M3M3N1O100O2OO0000000000O00L4J7J5002O3M3M2O2M3M3M3N2N2M3N1N3N2M3N2M3L4M3M3M4K5I7I8I9G9G7K6UN][OOjd0I\\[OOnd0JW[OXOF7_e06c[O]Omd07f1EkWm`0"}, "iscrowd": 0, "area": 0, "category_name": "stingray"}]}