{"images": [{"id": 0, "file_name": "images/IMG_2306_jpeg_jpg.rf.9bba6ce48724517b19474b85178391c1.jpg", "width": 768, "height": 1024}], "annotations": [{"id": 0, "image_id": 0, "bbox": [357.0, 435.0, 81.0, 124.0], "segmentation": {"size": [1024, 768], "counts": "k`Y;5do0;H5K5M2M4L3N1O2N1N0G9VNaNRUOc1Pk0_NjTOc1Zk0]NaTOd1bk0^NYTOc1ik0^NTTOa1Pl0_NmSOa1Vl0_NiSO_1Yl0bNeSO]1^l0cN`SO\\1bl0eN\\SO]1el0cNXSOj1\\l0WNbSOm1\\l0UN^SOQ2`l0TNUSOX2dl0d0O00O1O00000000001O001O001O1O1O1O1O1O1O3M2N5J6K3M3M3M3M2N1O1O1N1K6gNoQO;Xn0CS1010000000000001O000001O02O1N10N2N2N4KP`V:"}, "iscrowd": 0, "area": 0, "category_name": "penguin"}, {"id": 1, "image_id": 0, "bbox": [294.0, 375.0, 27.0, 60.0], "segmentation": {"size": [1024, 768], "counts": "e\\W92mo02XOO^QO3`n01\\QO0cn04YQOMfn07UQOKkn0e0O2O01O0002N2O0O10001N101O2O2N1N10N2N2N2K6I<]Odck="}, "iscrowd": 0, "area": 0, "category_name": "penguin"}, {"id": 2, "image_id": 0, "bbox": [446.0, 377.0, 27.0, 56.0], "segmentation": {"size": [1024, 768], "counts": "P]R>5fo06@?DXO\\QOl0`n0<00000O100010O01O2N3M3M101N2N1O2O0O2N2O1M6HYcS9"}, "iscrowd": 0, "area": 0, "category_name": "penguin"}, {"id": 3, "image_id": 0, "bbox": [565.0, 374.0, 26.0, 53.0], "segmentation": {"size": [1024, 768], "counts": "h\\_a03jo06L7I2M3L3N3M3M2N3M2N2N2N1O2N2O001O1O10O1O1O1O1O1_O_QOCcn02iQOJan0IdQO5^n0IdQO5Uo0O1N3NSc`5"}, "iscrowd": 0, "area": 0, "category_name": "penguin"}, {"id": 4, "image_id": 0, "bbox": [484.0, 351.0, 30.0, 43.0], "segmentation": {"size": [1024, 768], "counts": "j[W?4jo04G8M3I6N10100O2O0000001O010000O1O3N0O3I9J\\dR8"}, "iscrowd": 0, "area": 0, "category_name": "penguin"}, {"id": 5, "image_id": 0, "bbox": [724.0, 369.0, 22.0, 42.0], "segmentation": {"size": [1024, 768], "counts": "\\\\ef03ko04L2N3N1O2M2O2N1O101N1O1000O100O101N1N3H9JSdd0"}, "iscrowd": 0, "area": 0, "category_name": "penguin"}, {"id": 6, "image_id": 0, "bbox": [519.0, 390.0, 42.0, 41.0], "segmentation": {"size": [1024, 768], "counts": "^\\S`02ko05L3O0O101N101O1O1N2O1O1O1O1O2N101N1O2N1O1O10O0O1O2O0O2O0O2O1O1O001O100O1O1O1O1O2O1N1O3M3KSc^6"}, "iscrowd": 0, "area": 0, "category_name": "penguin"}, {"id": 7, "image_id": 0, "bbox": [599.0, 376.0, 24.0, 39.0], "segmentation": {"size": [1024, 768], "counts": "e\\ib01lo01M4N2N3M3N2N2M4M2O101O00000001O3M2N1O2N3M4K7J`c^4"}, "iscrowd": 0, "area": 0, "category_name": "penguin"}, {"id": 8, "image_id": 0, "bbox": [618.0, 373.0, 16.0, 35.0], "segmentation": {"size": [1024, 768], "counts": "l[Yc04jo04L3N3M5L4K7J1N1010N101O=^ORdX4"}, "iscrowd": 0, "area": 0, "category_name": "penguin"}, {"id": 9, "image_id": 0, "bbox": [420.0, 381.0, 16.0, 28.0], "segmentation": {"size": [1024, 768], "counts": "a\\R=3ko02M3M3N3M2N3N2M20O01O1000000001M3N2N3M4M3L5KdcV:"}, "iscrowd": 0, "area": 0, "category_name": "penguin"}, {"id": 10, "image_id": 0, "bbox": [684.0, 390.0, 18.0, 22.0], "segmentation": {"size": [1024, 768], "counts": "Y\\_e09eo04M2N1O100O2O0001O0O101O1N3N1N2O1N3Lecm1"}, "iscrowd": 0, "area": 0, "category_name": "penguin"}, {"id": 11, "image_id": 0, "bbox": [378.0, 379.0, 24.0, 37.0], "segmentation": {"size": [1024, 768], "counts": "d\\i;4jo03M3M2N2N2N2O1N2M2O2O100000000001O002N4L3M2N2N101M3N3K]cZ;"}, "iscrowd": 0, "area": 0, "category_name": "penguin"}]}