{"images": [{"id": 0, "file_name": "images/IMG_8319_jpg.rf.d9c66db153b1293af6ce36c1e4f6455c.jpg", "width": 1024, "height": 768}], "annotations": [{"id": 0, "image_id": 0, "bbox": [128.0, 147.0, 281.0, 426.0], "segmentation": {"size": [768, 1024], "counts": "oiQ35ig04K4N2N2M4M3M3M2N3N3L4M2N2M3M3M3N2L4L4[Od0F;I8H7I7K4M4L;Eb0^O;E5K7I8H4M3L5L4L3M3M4L3M3M2M4M3M3N2L4M3N2M2M4M4M2M4I7M2M4M2N2N3M4L2N1O3L4L3M5J5I7J5H8K5M4K4M2M4L3M4M1O2N2N2O0O2N1O2N1O2N2O0O2OaE_C_9`<`FcC`9[<`FgC_9X<`FjC`9V<^FlCc9R<]FoCc9P<\\FRDd9m;[FUDf9j;WFYDj9e;UF]Dl9b;SF`Dm9^;RFdDo9[;QFeDP:Y;PFhDP:X;oEiDR:U;oEkDR:T;lEnDU:Q;kEnDV:R;iEoDX:P;gEQEZ:n:eESE[:m:eERE]:m:bESE_:m:`ETEa:k:^EUEc:l:[EUEf:j:ZEUEh:k:VEVEk:j:SEVEo:j:nDXES;i;2O1N101O0O2O000O2O1O0O2O001N101O001N101O000O2O001O0O101O^F^Df6a;WIhDe6W;XIPEd6P;[ITEb6l:]IXEa6g:\\IWDWNj0Z8n:_IYDYNj0U8m:dIUDZNP1o7k:[JSEc5m:^JVE^5j:_IVD[OS1R7f:aIZD^OQ1o6e:`I]DBQ1j6b:_IbDHn0g6_:`IdDJQ1a6[:fIcDJT1\\6Z:kIaDJX1W6W:PJ`DJ[1S6U:SJ`DK`1l5P:XJaDLa1j5n9YJbDNa1g5m9[JcDNc1b5k9_JcDOf1^5g9aJeD2e1[5f9bJfD4e1X5e9dJgD5e1T5d9fJhD7i1m4`9jJhD;g1i4b9kJhD>g1d4a9mJiD`0h1`4_9PKiDa0i1\\4`9QKgDf0m1S4\\9VKhDh0l1Q4\\9VKiDj0P2i3X9\\KhDm0Q2e3X9]KgDo0Q2b3Y9]KhDR1o1_3Z9^KhDT1R2X3X9bKgDW1Q2U3Y9bKhDZ1o1R3[9bKgD]1n1SNRMg4[<eKhDb1W2`2S9lKgDe1X2[2T9lKfDk1a2k1n8TLcDR2h2_1S:bNTFU1m9lNTFQ1m9POTFl0n9UOSFh0m9ZOTFb0n9^OVF=k9DVF8l9IVF2l9OWFIm97VF[OU:f0lEiNc:W1aE`Nd:a1bETNb:l1i51N101O1O0O2O00O1N1O2O1N2N110O001O0L5L4L3O200O010O1O1O010O10OO2O1O001N2M2N3M201N1O2N2O1N110O010O10O01O000O101N101O0O2O1N101O0O2O1K4N3O1N3L3L[Q]>"}, "iscrowd": 0, "area": 0, "category_name": "fish"}]}