{"images": [{"id": 0, "file_name": "images/IMG_2625_jpeg_jpg.rf.049cfca5fa7da90878060904a452975d.jpg", "width": 768, "height": 1024}], "annotations": [{"id": 0, "image_id": 0, "bbox": [199.0, 322.0, 165.0, 342.0], "segmentation": {"size": [1024, 768], "counts": "_Z]6V1gn0m0UO6J7J4K8H6J5K7J8Gb0_O5K4K5L5K4K4M6J6J3L4N2N4M2M2N3M4M0O4M2O1O0O2N4Na0^O7H40eH]WOP7jh01O1O1N2N100O12N00O10000O1O1N2O1O001O00001O1N2O1O001N10000O100O2O000O100O010O010OO2O1N1N3N1N3N100hNnWOdJQh0X5VXOeJig0Y5]XOdJcg0Y5aXOfJ^g0X5gXOgJWg0W5nXOgJRg0W5RYOgJmf0W5VYOiJjf0U5YYOkJef0S5`YOkJ_f0T5dYOkJ[f0S5iYOkJXf0S5lYOkJSf0T5PZOkJoe0T5TZOkJke0T5XZOkJge0T5[ZOkJee0T5_ZOiJbe0U5`ZOjJ`e0T5g2N2O1N2O1N2N2O0O2O1O1N2O1N2N2N1O2O1N2N2N101N2N2M3N2N1O2M3M3N1N3N2N2N1N3N2M2O2N2M2O2N1O2L3N3M2N3L4M2M4K4L5M3M2M4L4K4L5K5K6J6I9H\\cY<"}, "iscrowd": 0, "area": 0, "category_name": "stingray"}]}