{"images": [{"id": 0, "file_name": "images/IMG_8405_jpg.rf.23d15e081e0f47fad6b27f18025e3774.jpg", "width": 1024, "height": 768}], "annotations": [{"id": 0, "image_id": 0, "bbox": [130.0, 492.0, 39.0, 171.0], "segmentation": {"size": [768, 1024], "counts": "ijU32jg0:H7bXOc0me0l0J5K4J6K4K5N2L4L3M1O1000O2MbNRMQ^Om2Qb0ZMh]Oa2bb0_MX]O_2ob0eMg\\O\\2_c0fMZ\\O[2ic0jMl[Om0k0kN\\c0Z1W]OcNnb0P1\\]OnNhb0m0[]OPOkb0h0Z2F8L5L3O100O101MUPPd0"}, "iscrowd": 0, "area": 0, "category_name": "shark"}, {"id": 1, "image_id": 0, "bbox": [508.0, 401.0, 92.0, 119.0], "segmentation": {"size": [768, 1024], "counts": "lTQ<4jg06L3L3N1O2M2O1O2N1O1O1O1O10001N1RYOSOhf0U1M010O0010O0010O0100O010O01O1000O10O10000000O01001O0O2O0001O1O00000001O001O1N200O1O1O1O1O100O1000O1003L2O00002M3N11O00N1O2M2M4MVPR:"}, "iscrowd": 0, "area": 0, "category_name": "fish"}, {"id": 2, "image_id": 0, "bbox": [702.0, 450.0, 51.0, 70.0], "segmentation": {"size": [768, 1024], "counts": "kgb`08ag08K4J6L4N1OHWYO]Off0e0901N10100O010O010000000001O0O100001O10O01O00001O0010O0001O00000N200O01003L3N2M2O1N3N1O101NPbU6"}, "iscrowd": 0, "area": 0, "category_name": "fish"}, {"id": 3, "image_id": 0, "bbox": [233.0, 38.0, 25.0, 64.0], "segmentation": {"size": [768, 1024], "counts": "XQa55ig0>C5L6J4L3M3M3N2O1O2N11N6I3N4K2N3L4K4^Oomoa0"}, "iscrowd": 0, "area": 0, "category_name": "fish"}, {"id": 4, "image_id": 0, "bbox": [211.0, 50.0, 24.0, 64.0], "segmentation": {"size": [768, 1024], "counts": "nam48_g0:N3N2N3M3N2M3N2OO01O1O010O1O2O1O2N01N4K6I:WOdUab0"}, "iscrowd": 0, "area": 0, "category_name": "fish"}, {"id": 5, "image_id": 0, "bbox": [393.0, 54.0, 28.0, 60.0], "segmentation": {"size": [768, 1024], "counts": "jQY9;dg07J3N3M1O2N1O1O1O1O2N1O110O10M3N7IY]Y>"}, "iscrowd": 0, "area": 0, "category_name": "fish"}, {"id": 6, "image_id": 0, "bbox": [189.0, 14.0, 28.0, 57.0], "segmentation": {"size": [768, 1024], "counts": "h`a43fg0?G5K6L3M2O000O10O020O001N3M3M3M3K5K8EX^ob0"}, "iscrowd": 0, "area": 0, "category_name": "fish"}, {"id": 7, "image_id": 0, "bbox": [444.0, 37.0, 16.0, 51.0], "segmentation": {"size": [768, 1024], "counts": "]iZ:3eg0`0H3L3N3N001O001O001O1O21001NO3L5J?@`mV="}, "iscrowd": 0, "area": 0, "category_name": "fish"}, {"id": 8, "image_id": 0, "bbox": [386.0, 724.0, 21.0, 42.0], "segmentation": {"size": [768, 1024], "counts": "Q_W9h0Tg05M2O10O1N3M3N3J7FVQa>"}, "iscrowd": 0, "area": 0, "category_name": "fish"}, {"id": 9, "image_id": 0, "bbox": [880.0, 334.0, 34.0, 38.0], "segmentation": {"size": [768, 1024], "counts": "abfd06jg01N2O101N1O1O100O00100O010O010000000001O10000O1O1N3N1N2Nddc2"}, "iscrowd": 0, "area": 0, "category_name": "fish"}, {"id": 10, "image_id": 0, "bbox": [827.0, 487.0, 21.0, 38.0], "segmentation": {"size": [768, 1024], "counts": "jo^c0;`g07L3K6L3N1N10K6M3L4L4N3N3M3MchU4"}, "iscrowd": 0, "area": 0, "category_name": "fish"}, {"id": 11, "image_id": 0, "bbox": [712.0, 537.0, 30.0, 29.0], "segmentation": {"size": [768, 1024], "counts": "]ik`04jg03M3M1O2O0O2O001O000010O001O1O1O1N2O2M3JW_d6"}, "iscrowd": 0, "area": 0, "category_name": "fish"}, {"id": 12, "image_id": 0, "bbox": [52.0, 163.0, 13.0, 27.0], "segmentation": [], "iscrowd": 0, "area": 0, "category_name": "fish"}, {"id": 13, "image_id": 0, "bbox": [609.0, 572.0, 49.0, 24.0], "segmentation": {"size": [768, 1024], "counts": "Rj]>1og0001N2O00001O0O10001O0000001O01O01O0010O01O001O010O1O010O01O010O00101N1O2N10bmd8"}, "iscrowd": 0, "area": 0, "category_name": "fish"}, {"id": 14, "image_id": 0, "bbox": [526.0, 185.0, 13.0, 21.0], "segmentation": {"size": [768, 1024], "counts": "l]^<9fg04L4M01O1O1N2N5HRjZ;"}, "iscrowd": 0, "area": 0, "category_name": "fish"}, {"id": 15, "image_id": 0, "bbox": [306.0, 556.0, 28.0, 19.0], "segmentation": {"size": [768, 1024], "counts": "bQY71og01O1O1O1O001O1O1O001O001N101O1O01N1O3N2M[VW`0"}, "iscrowd": 0, "area": 0, "category_name": "fish"}, {"id": 16, "image_id": 0, "bbox": [28.0, 167.0, 11.0, 19.0], "segmentation": [], "iscrowd": 0, "area": 0, "category_name": "fish"}, {"id": 17, "image_id": 0, "bbox": [147.0, 210.0, 17.0, 13.0], "segmentation": [], "iscrowd": 0, "area": 0, "category_name": "fish"}, {"id": 18, "image_id": 0, "bbox": [362.0, 360.0, 28.0, 13.0], "segmentation": {"size": [768, 1024], "counts": "\\Sb82lg03O001O1N1000001O00000000000001O00001O1N2Nd\\m>"}, "iscrowd": 0, "area": 0, "category_name": "fish"}, {"id": 19, "image_id": 0, "bbox": [90.0, 198.0, 19.0, 13.0], "segmentation": [], "iscrowd": 0, "area": 0, "category_name": "fish"}, {"id": 20, "image_id": 0, "bbox": [702.0, 574.0, 42.0, 11.0], "segmentation": {"size": [768, 1024], "counts": "Ub``01mg03N2O0O100O10000O1000000O10000000O1000001N1000O10O101O000O2O0000000O1000001NPVb6"}, "iscrowd": 0, "area": 0, "category_name": "fish"}, {"id": 21, "image_id": 0, "bbox": [646.0, 317.0, 30.0, 27.0], "segmentation": {"size": [768, 1024], "counts": "TjT?5hg06L3M2O1N101N2O001O1O1O10O103L101N1000O0101N1O100O2O0O1O1O1O2O1MY]R8"}, "iscrowd": 0, "area": 0, "category_name": "fish"}]}