{"images": [{"id": 0, "file_name": "images/IMG_3176_jpeg_jpg.rf.d2ccf3978d7846c94fcb5d7700ea50dc.jpg", "width": 1024, "height": 768}], "annotations": [{"id": 0, "image_id": 0, "bbox": [162.0, 293.0, 843.0, 295.0], "segmentation": {"size": [768, 1024], "counts": "afj32ng0000mLOW^O1ia0OW^O1ia0OW^O1ia0OW^O1ha00X^O0ha01W^OOha03W^OMga06X^OJia05W^OKod0000000000001O00[dn01d[QO00001N10001OO100000O2N2M4N04Kf_1Ja`N1gXO0_f03VYOML1lf04SYO0OMnf03SYOO0Nnf01`YON`f01aYOO_f00bYO1]f0OcYO1]f0OcYO0\\f02eYOLle00cYO1O55Ldf0NXYO2N56Ilf01QYO3[g0MgXO1hf0O^YOOK2`1OXc04\\[OLK1a10Wc03\\[OML1m00\\d03kZOLL1=0D2We02fZOIM44O=2C1Ye01eZOKM25N>6^O0]e0NeZOLM1n0c0md0\\OWZONm0e0md0]OW[O`0nN^Oie05T[O`0kd0_OUZO30Lj0OVO?he05P[O\\OZO=de0:^ZOWO>2A;fe0:[ZOYO>2B:fe0KWZOOOMi0O[O<de0H\\ZOLO0n0a0oNDc0Mnc02W\\OJNn0JXOPd0OY\\OLOl0FZOQd0OY\\OK2j0D\\OQd0Of[OJ0051a0h0E]Ooc00e[OK1O51a0h0E]Ooc00e[OK[1h0TOXOnc04d[OLZ1i0de02O1N3VNQOnZO1Y1n0gc0UOmZON\\1m0fc0VOnZON[1m0ec0VOQ[OLY1o0fc0TOS[OKn04POn0nd0SOi[OKD]1`d0jNk[OKD\\1`d0hNm[OLC]1^d0iNn[OJD^1]d0hNo[OJD^1]d0hNo[OKB^1_d0gNo[OJD_1\\d0aNV\\O0^O`1[d0_NX\\O0_O0G^1_e0`NT[Of1ae00QNZNg\\O0Hg1`c0YNT\\O0418f1_c0[Nk[O10O<1ONJf1Pd0YNk[O41M:30OG9Mm0[d0iNZ\\O1F4D54l0Re0lNU[Oa0Kc0od0lNV[O;ED6U1od0lNV[O;FC5W1nd0kNW[Oa0Ke0ld0lNX[O>Mg0jd0kNY[O>Mh0hd0kN[[Ob0Hd0md0hN][OLIQ2jd0RNg[On1Xd0QNj[Oo1Ud0QNk[OP2Sd0QNn[Oo1Qc0nMW\\O2b036n1ob0VN[\\OG85>o1ob0TN[\\OH10O6b0R2Uc0mMa\\OKI58JG\\2gc0iMa\\OMJ37_2\\c0aMc\\OMK25b2\\c0_Mc\\ONL24a2]c0_Mc\\OOJ26`2]c0_Mc\\OOJ26a2\\c0^M^\\OMM2326b2[c0]M_\\OMM2326c2Zc0\\M`\\OMN0345c2Zc0[M`\\OO91Nf2bc0ZM`\\O0Ng2ac0ZM`\\OOOh2Wc0YM^\\O1<NOi2Uc0ZM_\\OO3J543j2Tc0cMc\\OA444i2Uc0YMb\\OL3M334k2Vc0VMc\\OL;3Km2Wc0RMW]O0Bo2Td0oLl[OS3Sd0mLm[OT3Qd0nLn[OS3Qd0mLo[OS3Qd0nLn[OS3Qd0mLm[OV3Rd0jLl[OX3Td0gLl[O[3Sd0eLl[O\\3Td0dLl[O]3Sd0cLl[O^3Td0cLk[O^3Yc0^L_]O4XO_3Xc0]L`]O4WO`3Td0_Ln[Oa3Rd0^Ln[Ob3Rd0]Lo[Od3Pd0\\LP\\Od3Pd0]Lo[Od3Pd0\\Lo[Oe3Pd0]Lo[Oc3Rd0\\Ln[Oe3Qd0YLR\\Og3Sd0010O1N101O0000000KULU\\Ok3jc0VLV\\Oj3jc0WLU\\Oj3jc0VLU\\Ol3jc0ULU\\Ol3jc0TLV\\Ol3jc0RLY\\On3lc00000001O00001O001O001O000O2O0hNkKe^OU4Za0QL]^Od1TOb0^b0mM\\^OY1WO`N2Y2[b0oMZ^OY1ZO]N2[2Zb0oMZ^O_1[Oc0Zb0oMY^O_1]Ob0Yb0PNZ^O^1]Oc0Xb0PNY^O^1_Ob0Xb0QNX^O[1Cc0Tb0\\NP^OP1MZNIV2Yb0cNn]Om00YNKV2Wb0eNm]Ok08`0ja0gNm]Oj09>ja0hNm]Oj09>ja0iNk]Oj0<<ia0kNh]Ol0?8ia0b30O0bLl]ORON`0Vb0>n]OPOMa0Tb0a0n]OQOJ?Xb0a0m]Ok0Sb0UOl]OUO21Qb0k0k]OUO6Noa0a2V^OZMja0f2^^ORMba0n2_^ORM`a0_2j]OnLe0c0`a0P3P^ORL6n0ja0P3o]OWL4i0la0R3m]OXL9b0ja0e3W^OYLja0g3U^OYLka0m3U^OmKka0j2k]OjM:ROIHRb0U2k]OfN0WO0U19oNMIoa0l4R^OWK2Mla0Y2k]O9e0\\Maa0[2k]O9kb0GT]O:lb0]20MV]OTKfb0U2X]O42hM11cb0S2Z]O43gM03bb0R2[]O51fM45]b0P2^]O:6hMZb0n1`]O99iMUb0n1c]O88jMUb0m1e]O86kMUb0m1f]O85iMVb0o1h]OPNJ^10`N1M84ILUb0T2Q^OPNHO0X10hN0N75JNSb0Q2R^OQNIl14WNNNPb0n1T^O8MmMNOoa0m1V^O8J]Noa0[1V^OY1ia0gNU^Ok0NZMma0S5T^OlJma0R5T^OnJla0S5S^OeJO1na0Z5R^OnJna0Z2R^O>na0@W^Og0_a0YOb^Og0]a0ZOb^Og0^a0YOa^O;LZMaa0[2c^O[OKVN0N180Oaa0Y2c^O\\OLTN000800_a0Z2d^Ok0[a0XOb^Oj0\\a0o2N1N2O1OHj^OgITa0Z6l^OgISa0d6O2N2N1O01oKR_On0n`0ROR_OWOOoM011O0h0n`0R2S_OUOOQN00000i0m`0Q2T_OFNaNn`0j1S_Oo0k`0QOU_OS1g`0oNY_OQ1e`0U3OH\\_OVId`0;\\_Oj52iIc`0<^_Oj5NjId`0=\\_Oj5OjIe`0<[_OP2O`13oK]`0b0`_OP20\\11XL^`0P3a_Oh02YL\\`0Q7b_OnH^`0R7c_OmH]`0S3b_OfN1WN08O91G0I\\`0R3d_OeN1WNO2OO180H17OJ\\`0R3d_OeN0AOXO]`0b2d_OfNO9\\`0Q1e_OP1Z`0POf_OP1Y`0QOg_OdN08\\`0T1d_OdN0`N0W14^NP`0W3l_OTN0PO000W13`NP`0V3l_OSN1PO000W13aNo?T5n_OTK0X13_No?U5n_OTK0[11[NQ`0f5n_OPL0[NQ`0V5n_OSK2[10\\NP`0T5P@TK1[1O^No?[3P@mM0hN1OO03M0S1MPO9Of?]3R@lM0gN2ON22M12L2080G3M2ON3k?]3S@[M0ZOOO2O1ON22M11M209OG<LF6j?Z3V@bL1:ND320O01O0N2:OD3170H;7`?4U@^2>RMc00TO:5j0GlN6;e?4V@]2h1^M\\NHJU1OmN28j?3W@`2?\\M9L[O^1JhNl?3T@i20cMi0UO]O1J;3Q1j?^3RAUKSO4OO2OOb0OIm?_4o@UKUO3OO3M0c0MHo?c4QAUKROO1N0c0MA0Oo?n4XAoJmN00Q1l?^4m@cJ\\Ol0f?c4j@bJAm0HROc?e5PAYJOa0\\OA20c?m5bA]JTOF[?n5PAPJF0G2:0Z?o5l@PJ10I1Z?P6k@oI2OK1X?R6cAmITO3W?Q6iAlIlN4Z?P6iAnIlN3[?o5hAnImN3\\?n5VBRJk=n5ZAmIUOO87Z?:Z@m4o0cJTO00001i??T@m4o0cJ\\O0H1i?Q6kAnIV>R6VBmI^=T6RBnI_NO00_?S6bBlI_=S6nAmIe>S6ZAnIg>?j_On4^1dJh>>j_ODNT5a1iJg>?j_On4[2bJo<b0d@m4\\2cJo<`0e@m4\\2cJo<Q6QCoIo<Q6QCoIP=o5fBPJVN1T?o5eBQJXNOS?P6fBPJf=P6U20a@PJm<Q6SCoIk;OhBQ6]1PJk;OhBQ6^1oIi;2iBn5h?RJX@n5h?RJX@n5h?RJX@n5h?RJX@n5h?RJW@o5j?oIW@Q6l`00000O1000O100001O001O00O100000O1000000000000000001O0aJQ^Ol4Qb0SKP^Ol4oa0UKP^Ol4Pb0UKo]Ok4Qb0b0001O3VJn]O2OV5eb0M00N1O2O1O1GfJl]OZ5Sb0iJj]OX5Ub0iJj]OW5Wb0jJh]O20i4Zb0QKh]OZ5_b000000GdJj]O`5Tb07O001000000001O1N3ZJQ^O5Ek4hb0SKY]Om4Xb0QKR^OV5ma0kJR^OV5ma0kJS^OU5la0mJR^OT5ma0`000O010000000000O2O0PKi]OW4Wb0hKj]OX4Vb0i000O1000O100000000000000O10000000000O1000000O1000000000000O101OO10000000O10000000O1000O10000O1000O100O02O000000O010O100000O01000O100000001N1000O100O10O1000000O10O100000O101bJa]OY5_b0fJc]OY5]b0hJa]OY5_b0gJa]OX5`b0iJ_]OW5`b050O100O01O1O0010eJd]OR5\\b0mJf]OQ5[b0nJf]OR5Zb0mJh]OQ5Yb0oJg]OQ5Yb0oJg]OQ5Yb0oJg]OQ5Yb0oJg]OP5Zb0PKf]OP5eb0O100O10000O10ETKb]Ok4]b0YK`]Oh4_b0ZK`]Oe4ab0\\K^]Od4ab0>0O100O100O101N100000O0101N100O1O01000O100O2O0O1O100O010O1O100O00100O100O2O0O1oKk\\OV3Vc0jLj\\OV3Vc0kLi\\OU3Wc0i0100O0001B]K^]Oc4cb0_KZ]Ob4gb0\\K[]Ob4fb0]K\\]Ob4db0]K]]Ob4Qc000O1O1WLe\\Ol2\\c0TMd\\Ol2\\c0VMa\\Oj2`c0k00O100O101N10O10O10000O1XLa\\Oo2_c0PMd\\Om2]c0RMe\\Om2[c0TMc\\Om2]c0TM_\\Oo2ac0h00O2O0ZL\\\\OP3ec0oL\\\\Oo2ec0QM[\\Oo2ec0QM[\\Oo2ec0SMY\\Ol2hc0VMV\\Oj2jc0UMW\\Ok2ic0SMY\\Om2gc0RM[\\Ol2fc0SM\\\\Ol2dc0TM\\\\Ol2dc0UMZ\\Ol2fc0UMY\\Ok2fc0XMW\\Oi2ic0WMW\\Oi2ic0XMV\\Oh2jc0XMV\\Oh2jc0XMU\\Oi2kc0WMU\\Oi2kc0f00O1000000bLU\\Og2kc0XMV\\Oh2jc0XMV\\Oh2jc0XMV\\Oh2jc0YMT\\Oh2lc0XMT\\Oh2lc0XMT\\Oh2lc0XMT\\Oh2lc0XMT\\Oh2mc0WMS\\Oi2mc0f0OO100000000bLS\\Oi2mc0VMU\\Oi2kc0WMU\\Oi2kc0XMS\\Oi2mc0WMS\\Oi2mc0e000000001O000000O1000001ULR\\Ob3nc0jLR\\Oj2mc0WMS\\Oi2mc0WMS\\Oi2mc0WMS\\Oi2mc0WMS\\Oi2mc0e0000001O00000001O0iMU\\O9lc0EV\\O:kc0DV\\O<ic0FV\\O;hc0FW\\O;ic0FU\\O;kc0EU\\O;kc0EU\\O;kc0UNT\\O\\3mc0cLT\\O\\3lc0cLU\\O]3kc0cLU\\O]3kc0bLW\\O]3ic0cLW\\O]3jc0bLV\\O^3kc0`LV\\Oa3ic0]LY\\OY1Kk0Wd0TOk[Ok0Ud0UOk[Ok0Ud0VOi[Ok0Wd0UOi[Ok0Vd0WOi[Oi0Wd0WOi[Oi0Xd0VOg[Ok0Yd0^100000000000dMi[Oo0Vd0POl[OP1Td0nNn[OR1Rd0lNP\\OT1Pd0lNP\\OT1Pd0mNP\\OQ1Qd0oNo[OQ1Qd0POn[OP1Rd0POn[OP1Rd0nNo[OS1Qd0mNn[OT1Rd0kNn[OV1Qd0kNo[OU1Rd0jNn[OV1Rd0kNl[OV1Td0jNk[OW1Ud0iNk[OW1Ud0gNR\\OT1nc0kNT\\OT1lc0jNW\\OU1ic0jNX\\OV1hc0iNZ\\OU1gc0jNZ\\OVO_Oi1Wd0QOZ\\OUOAi1Ud0QOc\\Oo0]c0QOc\\Oo0]c0QOb\\OP1]c0POd\\OP1]c0oNc\\OQ1]c0oNc\\OQ1]c0nNd\\OR1\\c0nNd\\OR1\\c0mNf\\OR1Zc0mNg\\OS1Yc0mNg\\OS1Yc0lNh\\OS1Yc0lNi\\OS1Xc0lNh\\OT1Xc0kNi\\OU1Wc0kNi\\OU1Wc0kNi\\OT1Xc0lNi\\OS1Wc0mNi\\OS1Xc0kNi\\OT1Xc0lNh\\OT1Xc0lNh\\O8kNO]d0Cc[OGU1f0nNM[d0Ed[OFT1f0PONXd0Ee[OGS1e0SOMUd0Ge[OGU1b0SONTd0HR]O7mN0Rd0FS]O9mNORd0FS]O:kN0Rd0Fe[ONR1;XO1Pd0Di[O0o0;XO1Pd0Di[O0P19XO3oc0Di[O1P16ZO4nc0Hd[ONT15[O4nc0Jb[OMV12]O6kc0Ka[ONW27Yb0J`[OOW27Yb0Ja[ONV27[b0J_[OOW26fb0I\\]O6db0J^]O3cb0M`]OOab01gb10P`N001O0000001O00O1000000000000000000O1000oE"}, "iscrowd": 0, "area": 0, "category_name": "penguin"}, {"id": 1, "image_id": 0, "bbox": [953.0, 205.0, 41.0, 44.0], "segmentation": {"size": [768, 1024], "counts": "aoZf02mg02N2N100O4[XOH\\g0>O001M3N2N1O2N2N2N2N2O00100000O1000000O2O0O2O001O1O0O2O1O2_ORYOLngj0"}, "iscrowd": 0, "area": 0, "category_name": "penguin"}, {"id": 2, "image_id": 0, "bbox": [59.0, 249.0, 34.0, 44.0], "segmentation": {"size": [768, 1024], "counts": "PPX19dg06L3N4K6K1O1O\\OQYO8nf0GTYO9kf0HTYO8lf0IQYO9of0=O2M3N1O1O00010O000001O00001O1O010O1O1O1O1O1O1O2N2N1O1N3Mdoie0"}, "iscrowd": 0, "area": 0, "category_name": "penguin"}, {"id": 3, "image_id": 0, "bbox": [271.0, 247.0, 32.0, 36.0], "segmentation": {"size": [768, 1024], "counts": "_h]6;cg02N3M2ADYYO=ff0?00O10O1000001N101O001O2M2O1O2N2N2N1N3N1O2N2M4Jc_l`0"}, "iscrowd": 0, "area": 0, "category_name": "penguin"}, {"id": 4, "image_id": 0, "bbox": [103.0, 254.0, 30.0, 36.0], "segmentation": {"size": [768, 1024], "counts": "hhY26fg04M4M2O1O1O1O2O0O1O100O101N1O2N1O1O100O100O10000000001O01O001O1N5L4Keokd0"}, "iscrowd": 0, "area": 0, "category_name": "penguin"}, {"id": 5, "image_id": 0, "bbox": [215.0, 254.0, 28.0, 36.0], "segmentation": {"size": [768, 1024], "counts": "ihP53fg0:I4O2M2O1O2M3N2N100O10000OKRYOZOnf0e0UYOXOkf0h07O000100001N10001O1O2N3M4L2M5L^WWb0"}, "iscrowd": 0, "area": 0, "category_name": "penguin"}, {"id": 6, "image_id": 0, "bbox": [153.0, 257.0, 33.0, 33.0], "segmentation": {"size": [768, 1024], "counts": "bhc31ng03N1N2O2M<C3K4N2N2O1O10000000000001O1O2N3M3M2N2N2N2M2O1O1N2NXodc0"}, "iscrowd": 0, "area": 0, "category_name": "penguin"}, {"id": 7, "image_id": 0, "bbox": [39.0, 253.0, 18.0, 30.0], "segmentation": {"size": [768, 1024], "counts": "bhl0=ag01OO21N2O1L3NM4111gXO_OQg0a0nXOAPg0a0nXO@Rg0a0mXO_OUg0d0;D4N2M3O3M1O0OW_cf0"}, "iscrowd": 0, "area": 0, "category_name": "penguin"}, {"id": 8, "image_id": 0, "bbox": [310.0, 228.0, 18.0, 30.0], "segmentation": {"size": [768, 1024], "counts": "QPX72gg09J4N3K4N2N2O1N101O0001O1O1N2O1O2M7_OPiY`0"}, "iscrowd": 0, "area": 0, "category_name": "penguin"}, {"id": 9, "image_id": 0, "bbox": [890.0, 197.0, 42.0, 67.0], "segmentation": {"size": [768, 1024], "counts": "iWPe09^g0;L2O2L3M3M3L5H7L4M3O1O1O10001O00000001O000O1000001O0O101N102N1GbYOmNbf0n0aYOQOcf0g0k0AghT2"}, "iscrowd": 0, "area": 0, "category_name": "penguin"}]}