{"images": [{"id": 0, "file_name": "images/IMG_8520_jpg.rf.68bab0b4a111aa5bdad529f65b21edfd.jpg", "width": 1024, "height": 768}], "annotations": [{"id": 0, "image_id": 0, "bbox": [352.0, 305.0, 103.0, 114.0], "segmentation": {"size": [768, 1024], "counts": "Qj\\89eg03N2N2N2N100O2UYOARf0`0kYOGQf0:mYOHRf0:kYOIRf09lYOHTf09jYOITf09jYOITf09jYOIUf0R1N101O1O10O02N100O101O00021O2N1O0O0N1O1O1N2O00001O00010O01O0010O01O010O1O2N100O2N2O0O2N2N2N2O000000001N100OO2O0O100O100O1000010O0001O010O1O1O2N2N1O3`NeYOT1mf0G:F3L2N2N3L5J_[Z="}, "iscrowd": 0, "area": 0, "category_name": "fish"}]}