{"images": [{"id": 0, "file_name": "images/IMG_2543_jpeg_jpg.rf.a5b21db3b8925f4f5d1f71a7ab39453d.jpg", "width": 768, "height": 1024}], "annotations": [{"id": 0, "image_id": 0, "bbox": [505.0, 712.0, 110.0, 136.0], "segmentation": {"size": [1024, 768], "counts": "bhj?1mo04M2N2N2N100O1O1O1O1aNB[SO?cl0E[SO;el0FYSO<fl0FXSO:gl0HWSO9il0ITSO8ll0LPSO4Pm0MnRO4Rm0NkRO3Um0NiRO3Wm0OfRO3Ym0NfRO2Ym03bROO]m04_RON`m06YRONgm0V1O010000O01001N100O001O1N101O1O1O001O01O1O2N1O2N3L5L3L4M1O1N101N2N101N2O1N1O2O2M2O1N2N2M2N3M3M2O1O2O0O10]OlSO[MSl0c2QTO[Mnk0c2WTO\\Mhk0a2\\TO]Mek0_2`TO`M`k0]2hTO]MZk0;jSOc1[m0[NlRO^1Vm0`NQSOHFY1Zm0mN^SOn0fl0mN_SOo0lm0M2M4K4M3N4L3M3M0L5O1O1O2Nno00QXl4"}, "iscrowd": 0, "area": 0, "category_name": "starfish"}, {"id": 1, "image_id": 0, "bbox": [243.0, 555.0, 105.0, 106.0], "segmentation": {"size": [1024, 768], "counts": "ic]72lo03N101O1O0O100O1O100O100O1O1O0O2O1O1O1O1O001O000000O10O2N101N2N2N2L5^Ob0L4N2N2N3M2O2N2O1N9G3N0O2O000O01O001N1O1N3O0N2O1N3M2M2N3N1N3N2N101N2N101O0010O1O010O1O0000001O001O1O00ROTROIlm06WROIgm05^ROIbm03cROM\\m02gROLYm03iROLWm02lRONTm00nROOTm0LPSO4Rm0HPSO8[n011N10001O0O100O1000001N1O2N2MT]S="}, "iscrowd": 0, "area": 0, "category_name": "starfish"}, {"id": 2, "image_id": 0, "bbox": [530.0, 594.0, 85.0, 103.0], "segmentation": {"size": [1024, 768], "counts": "bde`0d0Yo03B=L4L4K4O2O1O011O00O2O00O0FeNRROY1Pn094M3O1N2O1O11XROhNdl0Z1mROUORm0n1N00O10001N1N2O1O1O1N2M4K4M3N3L3N3N1O101O0010O10O010O010O0100O0100O01000001OnNSRO1lm0K\\RO1dm0L`RO3am0JbRO5_m0HdRO8]m0DeRO=^n001000O0100O1O2M3N2KlZl4"}, "iscrowd": 0, "area": 0, "category_name": "starfish"}, {"id": 3, "image_id": 0, "bbox": [161.0, 656.0, 138.0, 92.0], "segmentation": {"size": [1024, 768], "counts": "bfQ51mo04M3M2N101N100O101O0O10000O00100O010O10O0100O1O010O1O1O1O00100O2O0O1N3N2N1N3M3N<B4M3M2J6L4M3M3N2M3O1O010O11N1000000O2O1O1O1O1O1N3N3M3M3M1O0O2O001O00001N1000O10000O10O10000001O000000000O2O000O100O1O100O2N1O1O1O2N1OmN^ROJam03fROJZm04iROKVm04mROJSm05oROKPm04SSOJml05VSOIjl06XSOKfl03]SOMbl02aSOM^l02dSOOZl0OjSO0Ul00mSOORl00QTOOok00STOOmk00UTOOkk00WTO0hk0OZTO0fk0M_TO1bk0LaTO3_k0KdTO4\\k0HkTO5dm0KPYl>"}, "iscrowd": 0, "area": 0, "category_name": "starfish"}, {"id": 4, "image_id": 0, "bbox": [284.0, 421.0, 58.0, 54.0], "segmentation": {"size": [1024, 768], "counts": "P^i85io03N100O1O2O0O1O2N100O1O100O2O1N3N`0_O3N1M3K4N100001N1O2O0O2O0O2O001O1O1N2O101N101O1O1O1O2O0O10O01O01O^OQQO3Po0IUQO5kn0JYQO2\\o0O1O3M10fa]="}, "iscrowd": 0, "area": 0, "category_name": "starfish"}, {"id": 5, "image_id": 0, "bbox": [235.0, 373.0, 64.0, 63.0], "segmentation": {"size": [1024, 768], "counts": "`]V73io04M3N2O0O2N1N2N2O1O1O001O2O0O2L4L3N3N1O1O2O001O101N1000010O010O0010O0001O01O000O100O100O2N100O2O1O002N1O2N2N1O1O001N3ZOjPO>^o0N2N1O1O2M2N3KUcf>"}, "iscrowd": 0, "area": 0, "category_name": "starfish"}]}