{"images": [{"id": 0, "file_name": "images/IMG_8593_MOV-0_jpg.rf.7af9eba367ddb825b99a4c314856cd80.jpg", "width": 576, "height": 1024}], "annotations": [{"id": 0, "image_id": 0, "bbox": [265.0, 839.0, 108.0, 116.0], "segmentation": {"size": [1024, 576], "counts": "lk]8b0Zo07K4L3N3L3N3L4M3M3N2M3M3M3M2N2O1N2N2N2N2N2O0O2N101N101O001G8N2O2N1O1O2N100O1O2O0O100O1O1O100O1000000O10000O10000O10O100000001O1O3L3N1O1O001O0O2O001N1O2O1N101N2\\MoROV2^m00O0100O1O1O1N1O2M4L3G9K5N200O101O1O1N2O2M3M3N2M3M3L6H8G\\TU6"}, "iscrowd": 0, "area": 0, "category_name": "jellyfish"}, {"id": 1, "image_id": 0, "bbox": [298.0, 310.0, 83.0, 87.0], "segmentation": {"size": [1024, 576], "counts": "mZ^9;co05L3M4L3M3M3N1N3N2M2N2O1N2O1N2O1O1O001O1_OdN\\RO\\1am0hN_ROX1_m0jN`ROW1^m0jNbROV1]m0mNaROS1_m0h0N10000O2O0O10000000000O100000000O1001N10000O10001N10000O10001N2O4K5K010ROTROGmm07UROHlm08VROEkm0:WRODkm0;WROAkm0?ZRO[Oim0c0k0O1N2O00000O101N2N2N4LdeQ6"}, "iscrowd": 0, "area": 0, "category_name": "jellyfish"}, {"id": 2, "image_id": 0, "bbox": [365.0, 932.0, 81.0, 72.0], "segmentation": {"size": [1024, 576], "counts": "jm`;;bo07J4M4L3M2O2N2N2N1O1O2N1O1O100O1O1O100O1DcNSRO]1lm0hNPROY1nm0jNoQOW1Pn0>N2O001N100O2O00001N100000001O01O001O1O001O1O1O1O1O0000O1000O2O1O002M2O2M2O1O1N1O2O0O2UOcQO0_n0NdQOO_n0ObQOO`n0OcQOMcn0M`QO0Zo0M]QV4"}, "iscrowd": 0, "area": 0, "category_name": "jellyfish"}, {"id": 3, "image_id": 0, "bbox": [452.0, 302.0, 63.0, 70.0], "segmentation": {"size": [1024, 576], "counts": "[ZT>5jo03M5L1O1O1GDlPO=Ro0EmPO;So0GlPO8So0ImPO8Ro0ImPO7To0HlPO8To0HlPO8To0:00O100N2O1O2WQOTO[n0m0bQOXOUn0P1hQOROWn0]1O0O2O1O00001N1010O0001O01O1O3M8H2M4M1O1O1O1N3N1O2M4L2O0O1O1O1O1O1O1N3M2N2H9M`en1"}, "iscrowd": 0, "area": 0, "category_name": "jellyfish"}, {"id": 4, "image_id": 0, "bbox": [21.0, 479.0, 54.0, 58.0], "segmentation": {"size": [1024, 576], "counts": "S`d04So03\\QO3^n02^QO1_n02_QO1^n00aQO2]n00aQO2^n0NaQO4]n0MbQO5]n0KbQO7\\n0JcQO8\\n0HdQO8\\n0g0O1O0O2N1O2N101O0000010O01O1O00O1O10000O1000O101O000O101N2O1N1lNeQOc0\\n0[OfQOc0\\n0[OeQOd0]n0[OcQOd0_n0ZOcQOe0_n0WOcQOg0mn0N2M2O2N2M3M5JW`d?"}, "iscrowd": 0, "area": 0, "category_name": "jellyfish"}, {"id": 5, "image_id": 0, "bbox": [332.0, 233.0, 58.0, 52.0], "segmentation": {"size": [1024, 576], "counts": "`W[:4ko01O2N1O1aPO5hn0LVQO:en0HYQO;en0a0N2N3N1O1O010O1O010O0100O001O001O2N1O1O001O00000O1000O001M201O0010O001O1O100O002O1O4L1O1O001N1^OoPO5Qo0JSQO2on0JUQO4\\o0N3N100O2Lngf5"}, "iscrowd": 0, "area": 0, "category_name": "jellyfish"}, {"id": 6, "image_id": 0, "bbox": [375.0, 453.0, 56.0, 49.0], "segmentation": {"size": [1024, 576], "counts": "P_j;8do06M2M3L4L4J6L4N2N101O1O0O2O001O0O1000001O0001O000O101O00000O10000O100O10000O101N1O2N2N2N2N2N3L5K6JZac4"}, "iscrowd": 0, "area": 0, "category_name": "jellyfish"}, {"id": 7, "image_id": 0, "bbox": [182.0, 815.0, 45.0, 48.0], "segmentation": {"size": [1024, 576], "counts": "Pjh5:co05L4L4M2N2N3N0O2N2O1N2O0O2O000O100000000O1001O0000001N1O2O0O2N1O2O1N2M3N1O2M2N2O2N2MWVl:"}, "iscrowd": 0, "area": 0, "category_name": "jellyfish"}, {"id": 8, "image_id": 0, "bbox": [0.0, 651.0, 27.0, 47.0], "segmentation": {"size": [1024, 576], "counts": "]d0Z1fn000001O00000000000000O2O0O101O1N101N2N2N2M4M2M4L5J6HV[Ta0"}, "iscrowd": 0, "area": 0, "category_name": "jellyfish"}, {"id": 9, "image_id": 0, "bbox": [234.0, 628.0, 37.0, 42.0], "segmentation": {"size": [1024, 576], "counts": "Wd[74ho09I4L4L4M2N2N2N2N2N2O1O0000000001O1N3L2N2O1000O101O000001O00001O1N2O1N3M4L:Gc[]9"}, "iscrowd": 0, "area": 0, "category_name": "jellyfish"}, {"id": 10, "image_id": 0, "bbox": [248.0, 55.0, 49.0, 40.0], "segmentation": {"size": [1024, 576], "counts": "VRh78eo06K4L3N2N2N2N1O100O2O0O101N101O000O2O000O100000000000000000000010O000O101O001N2N2N2N3M4L3M4L4K3Nhmf8"}, "iscrowd": 0, "area": 0, "category_name": "jellyfish"}, {"id": 11, "image_id": 0, "bbox": [3.0, 564.0, 41.0, 32.0], "segmentation": {"size": [1024, 576], "counts": "Sb37ho03L3N1O2M2N3N101N101O000O10001O0O100O100O10000000O1000000O100O1O100O2N1O2N2N2M3M5JW^b`0"}, "iscrowd": 0, "area": 0, "category_name": "jellyfish"}, {"id": 12, "image_id": 0, "bbox": [220.0, 188.0, 33.0, 32.0], "segmentation": {"size": [1024, 576], "counts": "[Vm68go02O1O1EHlPO9Ro0JlPO7Ro0<O2O0000001N10000000000001O1O000O1000001N1AjPO4Vo0LkPO2Wo0LjPO3Xo0JkPO3ViT:"}, "iscrowd": 0, "area": 0, "category_name": "jellyfish"}, {"id": 13, "image_id": 0, "bbox": [4.0, 602.0, 37.0, 28.0], "segmentation": {"size": [1024, 576], "counts": "Yc42lo05CMePO6Xo0;O1O0O2O001O00000O1000000O1O100O01000001N10000O10000O2O0O2N2N6J3M3Lo\\f`0"}, "iscrowd": 0, "area": 0, "category_name": "jellyfish"}, {"id": 14, "image_id": 0, "bbox": [84.0, 828.0, 24.0, 19.0], "segmentation": {"size": [1024, 576], "counts": "Tjd27go03M200O2O0O2O0O101N1O100O1O10O10000O100O1O2N1N3N1N3N6IQV_>"}, "iscrowd": 0, "area": 0, "category_name": "jellyfish"}, {"id": 15, "image_id": 0, "bbox": [45.0, 679.0, 27.0, 18.0], "segmentation": {"size": [1024, 576], "counts": "]e^11lo05M2N2N20O01O01O01O01O01O01O001O00001O00001N1O1OcZh?"}, "iscrowd": 0, "area": 0, "category_name": "jellyfish"}, {"id": 16, "image_id": 0, "bbox": [326.0, 418.0, 33.0, 18.0], "segmentation": {"size": [1024, 576], "counts": "T]V:4ko03M4L4L2O1N2O001O0010O00O101O00000000O10000O2O0O1O1O1O1O2N2N3Lnbi6"}, "iscrowd": 0, "area": 0, "category_name": "jellyfish"}, {"id": 17, "image_id": 0, "bbox": [273.0, 733.0, 19.0, 17.0], "segmentation": {"size": [1024, 576], "counts": "Tg^86io01O2O2M2O0O1O1N2O10O01001N101O2M101N101N3LoXk8"}, "iscrowd": 0, "area": 0, "category_name": "jellyfish"}]}