{"images": [{"id": 0, "file_name": "images/IMG_8439_jpg.rf.e784fd1e3cd2e38fb7c169e2e54ad91e.jpg", "width": 1024, "height": 768}], "annotations": [{"id": 0, "image_id": 0, "bbox": [291.0, 99.0, 187.0, 603.0], "segmentation": {"size": [768, 1024], "counts": "gUR76gg05L3M4L3M3N2M2O2N1O2N1O1O2N1N2O2N1O1m]OhN]=Y1aBmN[=S1dBoNZ=S1dBoNY=S1eBPOY=Q1eBQOZ=Q1dBQOZ=P1eBQOZ=P1dBSOZ=o0cBSO[=o0dBROZ=P1dBROZ=Q1dBQOZ=P1eBQOY=Q1fBPOY=R1fBnNY=S1eBoNZ=R1eBoNZ=S1dBnNZ=T1eBmNY=V1dBlNZ=V1eBkNY=W1eBkNX=Y1fBiNV=Z1iBgNR=^1lBdNo<b1oB_Nk<h1SCYNg<o1VCRNd<[2SCgMh<i2kBYMR=U3aBmL[=c3VB`Le=l3QBWLl=X4eAkKW>Q7L4L4L4L5L3L4L4M3L5K4M3gDfEi8]:TGgEh8]:SGgEj8\\:SGgEi8^:SGeEj8_:RGdEj8c:oFaEn8f:lF\\EQ9l:iFUES9`;ZFcDc9b;YF_Dd9g;VF\\Dg9P=M3L3N3N2M3N2N2N2M3M3M3N2M3M3M3N2N2M3N2N2L4N2N2M3N2M3M3N2M2N3N2N2L4L4M2MSOWIk@f6S?dIh@Y6Y?kIe@S6\\?PJb@n5_?UJ_@j5a?YJ]@g5c?ZJ\\@f5c?[J]@d5d?]J[@d5c?]J]@c5c?]J]@c5b?_J]@b5a?`J^@a5a?_J_@a5`?aJ_@_5a?bJ^@_5`?bJ`@^5\\=cIVDP1\\N^5T=oI\\De0_N]5o<XJ]D<cN\\5k<`J_D5cN^5h<dJbDl6Y;ZIgDf6T;_IkDa6S;bIlD_6n:gIQEY6l:lIRET6l:oIRES6l:PJREP6m:SJQEn5m:UJQEk5o:VJPEj5o:XJPEi5o:XJoDi5P;YJoDh5o:ZJPEf5o:[JPEh5n:YJQEh5l:[JREg5l8cGTHh2nNh5g8hGWHb2QOi5_8mG]H]2QOj5Y8QHcHX2oNn5S8THiHT2nNm5P8WHnHd;f6fDWI_;\\6lD`IZ;T6PEhIX;i5SESJT;_5YEZJo:R5\\4_Oa0C>oNQ1_Og0AQ1QO:E6J6H9G[Wl<"}, "iscrowd": 0, "area": 0, "category_name": "shark"}]}