{"images": [{"id": 0, "file_name": "images/IMG_8512_MOV-0_jpg.rf.44c1fce444824e3210a1d6bb59580432.jpg", "width": 1024, "height": 576}], "annotations": [{"id": 0, "image_id": 0, "bbox": [658.0, 206.0, 53.0, 24.0], "segmentation": {"size": [576, 1024], "counts": "iha;5ja02N101O1N2O1N101O0O100O100O100O10001O001O00001O000001O0000000O100001O001O0O2O1O1O01O1O1O1O3MJ^OR_O>n`0CR_O=m`0BV_O4F0ka0N1Ogn`5"}, "iscrowd": 0, "area": 0, "category_name": "fish"}, {"id": 1, "image_id": 0, "bbox": [691.0, 148.0, 56.0, 29.0], "segmentation": {"size": [576, 1024], "counts": "TSW<5ia03N2N2N100O10001N1000000O10001O000000000000O11O000O1000000001O000O100O1M2001O10000O11Ha^OM_a02b^ON^a01d^ON]a00d^O0ga0Oklm4"}, "iscrowd": 0, "area": 0, "category_name": "fish"}, {"id": 2, "image_id": 0, "bbox": [731.0, 174.0, 42.0, 25.0], "segmentation": {"size": [576, 1024], "counts": "j_l<5ja02N2N2O0O1O2N1O100O10001O00001O00O101N1O1O1O1O100O10O01000O010O10O1N2O1O2N`T^4"}, "iscrowd": 0, "area": 0, "category_name": "fish"}, {"id": 3, "image_id": 0, "bbox": [816.0, 188.0, 52.0, 21.0], "segmentation": {"size": [576, 1024], "counts": "Rh[>1oa000001O;E1O1O010N100000000000O10O1000O10000O10000O10000O10000010O0O101O00000O100000N2O1O2NP\\j2"}, "iscrowd": 0, "area": 0, "category_name": "fish"}, {"id": 4, "image_id": 0, "bbox": [851.0, 190.0, 43.0, 25.0], "segmentation": {"size": [576, 1024], "counts": "RfQ?382Wa0=O1O10_Oe^O;[a0Cg^O>]a0000O010000000000O0100N2O10000001O1N2O001O001O001O1N2M4MeU[2"}, "iscrowd": 0, "area": 0, "category_name": "fish"}]}