{"images": [{"id": 0, "file_name": "images/IMG_8478_jpg.rf.965ef34d8eee7cbb5e48a5ce4f6cac17.jpg", "width": 1024, "height": 768}], "annotations": [{"id": 0, "image_id": 0, "bbox": [383.0, 458.0, 108.0, 67.0], "segmentation": {"size": [768, 1024], "counts": "]VQ92ng01O01O02N11N00010000O10O10O010O100O00100O01000O10000O010O10O01O10O01O100O00100O00100O001O0010O01O0O2N101O0101O0O010O010O01O010O1O010lXOAef0?YYOCgf0>WYOCjf0=TYODlf0<SYOEmf0<PYOERg0d00O100O10N2B=100O4M3N3M2M4M4L0O1000O0100O00100O001O1O1O1O1O1N2O3KQP`<"}, "iscrowd": 0, "area": 0, "category_name": "shark"}, {"id": 1, "image_id": 0, "bbox": [448.0, 531.0, 30.0, 39.0], "segmentation": {"size": [768, 1024], "counts": "eYa:5jg01N2OO01O1O1O1O100O1O2O0O1O1000000001O001O1N2L6H\\ok<"}, "iscrowd": 0, "area": 0, "category_name": "fish"}, {"id": 2, "image_id": 0, "bbox": [416.0, 618.0, 27.0, 30.0], "segmentation": {"size": [768, 1024], "counts": "_Sj94lg01O2N101O1O0O2O000O2O000O1000O10000O100O1O2N1O2NmSc="}, "iscrowd": 0, "area": 0, "category_name": "fish"}, {"id": 3, "image_id": 0, "bbox": [330.0, 726.0, 34.0, 22.0], "segmentation": {"size": [768, 1024], "counts": "lfi72lg03O00001O001O001O001O1O1O1O2N00010O0O1O100O00100O10O000M4N2O1N2N2O2L^Q\\?"}, "iscrowd": 0, "area": 0, "category_name": "fish"}, {"id": 4, "image_id": 0, "bbox": [304.0, 660.0, 32.0, 19.0], "segmentation": {"size": [768, 1024], "counts": "jdW72ng02M101O001O001O001O001O0O110O001O000001O000O2O1N2MUkT`0"}, "iscrowd": 0, "area": 0, "category_name": "fish"}, {"id": 5, "image_id": 0, "bbox": [335.0, 643.0, 31.0, 16.0], "segmentation": {"size": [768, 1024], "counts": "VTn71og03L2O001O010O1000O010O01O0O2O00010O000001O001O001O1N2Obk\\?"}, "iscrowd": 0, "area": 0, "category_name": "fish"}]}