{"images": [{"id": 0, "file_name": "images/IMG_2516_jpeg_jpg.rf.6f719df754865fe6166afd0a3a78d60f.jpg", "width": 768, "height": 1024}], "annotations": [{"id": 0, "image_id": 0, "bbox": [331.0, 456.0, 155.0, 153.0], "segmentation": {"size": [1024, 768], "counts": "jaZ:<^o08I8K5J5L3M3M3M3M3N3L3N1N3N2M3N2N1O2M2O2N1O2jNaMhTOa2Vk0dMeTO]2Zk0hMaTOZ2^k0hM_TO\\1@oNPl0G]TOZ1GlNlk0LZTOX1LlNik0NXTOV11lNfk00VTOT16lNck04PTOR1?jN`k0Q2aTOoM_k0P2cTOPN]k0n1dTOSN[k0l1gTOSNYk0m1gTOTNXk0k1iTOVNWk0h1jTOXNVk0g1kTOZNTk0e1mTO[NTk0b1nTO^NRk0a1nTO_NTk0^1nTOaNSk0]1oTOcNRk0[1oTOdNSk0Z1mTOeNUk0Z1lTOdNVk0[1kTOaNZk0]1gTO_N^k0_1cTO^N`k0a1aTO]Nak0b1`1N101N1O1O1O1O010O001O010O001O010O001O010O0010O010O1O10001N101N101N10001N101N101N102N2M3N2M2O2M2O1O1O2M3N001N100O01O0eNeRO1\\m0OgRONYm01jROLWm04lROGVm09lROCVm0=oROlNC5cm0P1P11O00000000010O01O001O1O001O1O1O1O00100000000O10000O1O1O1N2O1O1N3M2O1O2N2N2M4Mbah8"}, "iscrowd": 0, "area": 0, "category_name": "shark"}]}