{"images": [{"id": 0, "file_name": "images/IMG_8408_jpg.rf.f0cdde37a7dbd43b55281d7d1475840e.jpg", "width": 1024, "height": 768}], "annotations": [{"id": 0, "image_id": 0, "bbox": [213.0, 127.0, 148.0, 456.0], "segmentation": {"size": [768, 1024], "counts": "`SS5a0Zg0=E:E;D:H8I6I6J5L4J6J7`MkLl_OY3R`0hLl_O]3Vb07I6K6K5K5K6H7J7K8Ga0@=C?B:F7I6J6K4L3M2O2M4L4K3N1N2N2O1M2N1O1M4L3M2O2O1O1N10001O01O001O1O1O00101N1N2O2N2N2M2O2N2N1N3N2N0O10001ON101000000N2O001N2M2O2gMbGgDg8T;bGaDe8b;ZGnCT9T<mFgCV9[<lFmBNN[9W=o02M2O1N3N2L4M3L4M4M3L4M2M4L4L3M3M4L3M4M2M4M3L4M2M3M3N3L4L5L3L4M3M3L4K6L4I6J7G9J5K6I8I7I6I7I9fMk\\OZO_c0;j\\O\\Oec07b\\O@Vd0LX\\OYObd08jo`?"}, "iscrowd": 0, "area": 0, "category_name": "stingray"}, {"id": 1, "image_id": 0, "bbox": [793.0, 427.0, 33.0, 158.0], "segmentation": {"size": [768, 1024], "counts": "Xgab0?Zg0c0_Oj0XO<B?A8G8K5L4K6J6H:H8I4K4M2OOO2M3003L6J4K5M4L7I8H`0@6I:F9D9[Oe0E;Fa0AZPd4"}, "iscrowd": 0, "area": 0, "category_name": "fish"}, {"id": 2, "image_id": 0, "bbox": [943.0, 247.0, 28.0, 170.0], "segmentation": {"size": [768, 1024], "counts": "gZQf0:Ug0i0@<I6E;F:B?J4K5K4SOQMb\\OV3Yc0l0M3M3N2N4L4L2OULd]OU2Wb0jMn]OU2Pb0iMU^OU2la0hMW^OX2la0aM\\^OY2ha0aMa^OW2ea0bMg^OT2ec0M2M5K7I;C9kNdYOMRSX1"}, "iscrowd": 0, "area": 0, "category_name": "fish"}]}