{"images": [{"id": 0, "file_name": "images/IMG_2545_jpeg_jpg.rf.be6ed99fa1fb8d17c5d54d7f09cc5d89.jpg", "width": 768, "height": 1024}], "annotations": [{"id": 0, "image_id": 0, "bbox": [67.0, 684.0, 147.0, 185.0], "segmentation": {"size": [1024, 768], "counts": "\\g]25io03M2O1O1SSOFSj0;iUOJUj07iUOJXj07eUOKZj06dUOL[j05cUOL]j05bUOL]j05aUOL_j06_UOJaj07]UOJdj07ZUOJfj06YUOJgj07XUOJgj08WUOHjj08UUOIkj08SUOHmj0:PUOHPk09nTOHQk0;lTOEUk0<iTOEVk0=gTODZk0=dTOD[k0?bTOA_k0`0_TOA`k0b0]TO^Odk0c0[TO]Oek0d0ZTO[Ogk0f0WTO[Oik0f0UTO[Okk0g0RTOZOnk0h0nSOZORl0h0kSOYOVl0h0eSO[O[l0k0YSO[Ogl0n11O1O1000O1001O0000001O001O0000N2N2N2N2N3N1N2O1N2O2N1N3N3N1N2N1O1O1O1O2N2O2M5K6K8G9H2M1O01O0O1L4K5J6POXUO_LRk0\\3l0L4ZMkSO^1Wl0`NVTOT1lk0iNYTOT1hk0iN[TOV1fk0gN]TOX1ck0hN_TOU1ck0jN^TOS1fk0kN[TOS1gk0lNZTOR1ik0mNWTOQ1mk0jNVTOU1[m0N2O1N2N2O2M200O2N1O1O2O0O101O001O001O001O1O1O00100O101M2O1N2N4KYX\\a0"}, "iscrowd": 0, "area": 0, "category_name": "starfish"}, {"id": 1, "image_id": 0, "bbox": [328.0, 474.0, 164.0, 140.0], "segmentation": {"size": [1024, 768], "counts": "X_]:4ko03N1hROKcj06YUONfj03XUOOhj01UUO1kj00SUO1mj00QUO1oj00oTO1Rk0OmTO1Sk00kTO0Vk01hTO0Xk01fTO0Zk01dTOO]k03`TON`k04]TOLdk06YTOKhk07TTOImk08QTOHPl0;lSOFTl0<iSODXl0f0]SO[Odl0i0TSOYOml0i0oROXORm0j12N1O1O1O2O01O1O1O0000010O0000O101O000000000001O0001O0001O00001O001N101O1N2O0O2O1O1N101N2O0O2O1N2O1N2O1O1N101O1N2O1N2O1N2O2M2N2N2M3N2N2N2N3N0O2O1ORO\\TOaMgk0U2eTOfMgk0k1_TOQNdk0j1dTOQN]k0k1iTOPNZk0l1mTOnMWk0m1c1K3M3M2N3M2N3M2N1O2N2O1N1O2N2N1N3J5O2N101O00001O00010O00001O1O000010O01O010O001O010O001O00001O00001O001O001N2O2MT_b8"}, "iscrowd": 0, "area": 0, "category_name": "starfish"}, {"id": 2, "image_id": 0, "bbox": [532.0, 696.0, 182.0, 200.0], "segmentation": {"size": [1024, 768], "counts": "chd`04ho07K4L3N1N3N1O1O0O2O000000001O01O01O1ZNVOVTOj0ik0XOVTOg0kk0ZOSTOg0lk0ZOTTOf0kk0[OTTOf0kk0[OUTOe0jk0\\OUTOe0kk0[OUTOe0jk0\\OUTOe0kk0[OUTOf0ik0[OVTOf0jk0ZOVTOf0ik0[OWTOe0ik0\\OUTOe0kk0[OUTOe0kk0[OTTOg0jk0[OTTOf0lk0ZOTTOf0kk0[OTTOg0kk0ZORTOh0nk0XOQTOj0mk0WORTOj0nk0WOPTOk0ok0UOQTOk0ok0UOPTOm0Pl0SOnSOn0Rl0ROmSOP1Rl0POlSOR1Tl0oNjSOS1Ul0nNhSOU1Wl0lNfSOW1Zl0hNbSO]1]l0dNaSO^1^l0cN_SO`1`l0bN]SO`1cl0`N\\SOa1cl0aN[SO`1dl0o001N1O101N101N2O0O2O001O1O1O1O2N1N3N3M3M4K5L6J6I6K3M2M2O1O1N100O2O0O01O000^OcUOaK^j0V4j0K6J5L5K4L4M4M2O1O2N1O1O2O0O10000O10001N1O100O10O01000000O1000O0100O010O10000SNTSOf0kl0XOZSOg0fl0WO]SOg0cl0XOaSOe0_l0YOfSOd0Zl0\\OiSOa0Wl0^OlSOa0Sl0^OQTO?ok0AUTO;lk0CXTO:hk0F[TO7fk0H]TO6bk0I`TO6ak0IaTO5_k0KbTO5^k0IdTO6\\k0JeTO5\\k0JeTO6Zk0JfTO6[k0IfTO6Zk0JgTO6Yk0IhTO6Yk0IhTO6Yk0IhTO7Wk0JhTO6Yk0IhTO7Xk0IhTO7Xk0HiTO7Xk0IhTO7Xk0HiTO8Wk0HiTO7Yk0GhTO9Xk0FiTO:Xk0DiTO<Xk0BiTO>Yk0^OiTOb0\\m0O01O1O100O2O1O0000O1N3N2M4L_Ud1"}, "iscrowd": 0, "area": 0, "category_name": "starfish"}]}