{"images": [{"id": 0, "file_name": "images/IMG_8580_jpg.rf.9b5f56c09ea8a7933c2c575f7e9a3f14.jpg", "width": 1024, "height": 768}], "annotations": [{"id": 0, "image_id": 0, "bbox": [499.0, 108.0, 86.0, 120.0], "segmentation": {"size": [768, 1024], "counts": "X]l;7fg05L4L4K6J5L3L6K5K5J5L4L3M3N3M2M3N2M4M2N2O2M3M4M1N1O2O0O10O01O10O0010O01O00100O1O1O1O100O1O2N1O2N1O2N1O2O0O2N2O1N2N2N2N2N2O2M2N2N2N2N1O2M3M4K5@Pd]:"}, "iscrowd": 0, "area": 0, "category_name": "fish"}, {"id": 1, "image_id": 0, "bbox": [567.0, 116.0, 68.0, 117.0], "segmentation": {"size": [768, 1024], "counts": "VnZ=1mg06K3L4M2N3L4J6F:_Oa0D;H9L3M3N1N201N010OO200O01000O1O10000O100O100O100O1O100O10O01O100O100O1O1O2O0O101N101N2N2O1N2O1N3M4L5K4K5K4L5I8FPcS9"}, "iscrowd": 0, "area": 0, "category_name": "fish"}, {"id": 2, "image_id": 0, "bbox": [651.0, 260.0, 99.0, 111.0], "segmentation": {"size": [768, 1024], "counts": "bQ]?6jg02M2O1O2N1N3N2M4L2O1O001M3N2N2O1N2F:N1O2N3M2N3M3M2O1N2O1O1O1N2O000O10000O2O00000000O100O101O001N1O2N101N2O0O2O001N101N101N101N2O0O2O1N2O001N2O1O1O1N101O0O2O2N1N3N1N2N2N3M5I[fa6"}, "iscrowd": 0, "area": 0, "category_name": "fish"}, {"id": 3, "image_id": 0, "bbox": [446.0, 0.0, 97.0, 108.0], "segmentation": {"size": [768, 1024], "counts": "dQc:3ig06K3M3N2N2N1O3M2N2M3N4M2N2N2M3N2O1N2N2N3M2N2N2M3N2M3O1O100N2O2N1N4M2N0O2O0001O000O2O0O2M2N2N3N1O1O1N3N100O2N1O1O2N1O2O0O2N2O1N2N2N2N2O1N2N2N2O1N2N3N2M2O1N4J7Hln`;"}, "iscrowd": 0, "area": 0, "category_name": "fish"}, {"id": 4, "image_id": 0, "bbox": [6.0, 455.0, 41.0, 102.0], "segmentation": {"size": [768, 1024], "counts": "eo76eg0`0C9F6J8G:gYO_Nbe0S2J7K3L4N1O1O10D<O110O1O100O100O010O1N2O1N3L3M3M4L4I7H9F?YOjimf0"}, "iscrowd": 0, "area": 0, "category_name": "fish"}, {"id": 5, "image_id": 0, "bbox": [552.0, 559.0, 108.0, 99.0], "segmentation": {"size": [768, 1024], "counts": "jjS=:`g0=F6J7I5L4L4L4M2N2M3M4M2M3M3N1O2O1N19H1N1000O10O0100O1O01O01IoM]ZOQ2be07O100O100O2O0O100O100O100000000O10000000O2PNcZO[1]e0cNeZO\\1\\e0cNeZO]1[e0bNfZO]1[e0bNfZO]1\\e0aNdZO`1\\e0`NdZO_1^e0_NcZOa1]e0^NdZOa1^e0]NcZOb1_e0\\NbZOc1ne0O100O1000000O10000XOgYOHZf06jYOHVf07kYO]OK2[f0?kYO\\ON5Wf0>lYO[O05Tf0`0lYO\\O03Uf0`0XZO_Oie0?ZZO^Ohe0a0YZO^Oge0b0l0N100O1O1O1O1O1N3N1N2O1O2NQVd8"}, "iscrowd": 0, "area": 0, "category_name": "fish"}, {"id": 6, "image_id": 0, "bbox": [504.0, 342.0, 86.0, 94.0], "segmentation": {"size": [768, 1024], "counts": "d[V<;bg08I4M2M3M3N3M2N3M2N2N101N2O1N2O2M2O1O1O1O1O0000000000O100O1O1O1O1O100O100O10000O101N104K2O1O1N3N1N2O1N2O0O2O1O1O1N4M2N1N4M2N4JPdY:"}, "iscrowd": 0, "area": 0, "category_name": "fish"}, {"id": 7, "image_id": 0, "bbox": [805.0, 258.0, 58.0, 94.0], "segmentation": {"size": [768, 1024], "counts": "VPlb0e0Vg0;I3M3M2O1N2O<C:F4M2N2N1N2fZOgMkd0Z2T[OfMld0\\2R[OfMld0]2oZOfMPe0g2N1O1O0000001O0000000000000000000001O0HT[O\\Mld0d2T[O\\Mld0e2S[O[Mmd0e2S[OZMnd0g2Q[OYMPe0e26O1O1O2N1O1O2N100O101N101N2M3M6JM23H8K5Ec0D:B:JcWc3"}, "iscrowd": 0, "area": 0, "category_name": "fish"}, {"id": 8, "image_id": 0, "bbox": [552.0, 276.0, 72.0, 94.0], "segmentation": {"size": [768, 1024], "counts": "fiR=5gg06L3N3M3M2M4M3M2L5K6L3M2O1N2O1O1N3N5K1N101O001N1000O10OO2O10O010O10O100O10O0100O2O1N1O2N2O1O2M3N1N2N3N1O2M3N2M2O2M3N5J2O001O0O101@ef[9"}, "iscrowd": 0, "area": 0, "category_name": "fish"}, {"id": 9, "image_id": 0, "bbox": [345.0, 554.0, 44.0, 91.0], "segmentation": {"size": [768, 1024], "counts": "QZY8d0Ug0<G8J5L4M2M3N1N4M1O1O1O2N1O2N2N2N108G2O000O000N_MgZO^2_e0N1E<M4L3L7Ic0[O?WOfmm>"}, "iscrowd": 0, "area": 0, "category_name": "fish"}, {"id": 10, "image_id": 0, "bbox": [454.0, 134.0, 59.0, 91.0], "segmentation": {"size": [768, 1024], "counts": "mUi:6gg04N1N2O0O2N1O3M2N2N3M4L4L3M4L3M4M2M4M2N2N2M4M4L2N2N1O100O2N0000O2O0O20O01O100O010O101N1O1O2jNZZO0ge0K_ZO2ce0KaZO2be0JaZO5`e0HdZO5_e0FfZO7^e0AjZO;`f0M3MPbm;"}, "iscrowd": 0, "area": 0, "category_name": "fish"}, {"id": 11, "image_id": 0, "bbox": [634.0, 182.0, 71.0, 91.0], "segmentation": {"size": [768, 1024], "counts": "hfk><ag05J6L4L5L3M2N2N2O1N2O0O2O001N2O1O001N2O1O2M2O1N2O1O1O1N3N1O1O1O01O00001O001N2O001O0O2O0O2O1N101N101O1N2O1N2N2N2N3M3M4L3N3L5J7H8If`c7"}, "iscrowd": 0, "area": 0, "category_name": "fish"}, {"id": 12, "image_id": 0, "bbox": [588.0, 241.0, 92.0, 90.0], "segmentation": {"size": [768, 1024], "counts": "dhP>7fg05L3M2O2N3L3N2N3J6K4N2N3M3N1N4M3M2M2O0O101O000O1000001O0O0100000O100000O1O1O1O010O1O1O100O101O00000O101O00100O1O101N100O1N2O1N3N1N3M8H5K4L3L3K7KV_X8"}, "iscrowd": 0, "area": 0, "category_name": "fish"}, {"id": 13, "image_id": 0, "bbox": [266.0, 461.0, 39.0, 88.0], "segmentation": {"size": [768, 1024], "counts": "YoZ6a0Xg0<D;I5L5L3M3N1N3N2M3N2N3L:G2N1O0001O001O1N2EaZOSN`e0h1hZOSNZe0j1`0N3L4L5K6J9@ohm`0"}, "iscrowd": 0, "area": 0, "category_name": "fish"}, {"id": 14, "image_id": 0, "bbox": [455.0, 298.0, 77.0, 79.0], "segmentation": {"size": [768, 1024], "counts": "VZo:6gg06K5L4L4K3N2M3O2M2N3N3L4M1N2O0O2O000O100O10000O100O100O10O0100000O100O100O1000000O101N101O0O2O1O1N2O1O1O1N2O1O1N4M7I6J5J5K4M2MXe`;"}, "iscrowd": 0, "area": 0, "category_name": "fish"}, {"id": 15, "image_id": 0, "bbox": [253.0, 242.0, 39.0, 69.0], "segmentation": {"size": [768, 1024], "counts": "h`o5;bg06J5J5L6I6F9N3O0O001O1BaNXZOa1ge0=O0011N1O1N100O010O100O1O1O1O2M5\\NfYO[1bf0K5K4\\O\\YOGif0NdPWa0"}, "iscrowd": 0, "area": 0, "category_name": "fish"}, {"id": 16, "image_id": 0, "bbox": [217.0, 386.0, 31.0, 69.0], "segmentation": {"size": [768, 1024], "counts": "kTV5<^g0<E8K4K5M4L2O2M3N1O2N2N3M1O0001O0O1N2N2O1O1N3M2D?Ek[Vb0"}, "iscrowd": 0, "area": 0, "category_name": "fish"}, {"id": 17, "image_id": 0, "bbox": [313.0, 285.0, 28.0, 67.0], "segmentation": {"size": [768, 1024], "counts": "ai[7e0Vg0:H6K4L4M2M3N2N2O01O0O1L4B>@`0J6O1O2L3KSWU`0"}, "iscrowd": 0, "area": 0, "category_name": "fish"}, {"id": 18, "image_id": 0, "bbox": [323.0, 437.0, 30.0, 67.0], "segmentation": {"size": [768, 1024], "counts": "Und7a0Wg0=H6L5L2M3N2M3N2N1O2M20001O0001O4YNhYO\\1Qg0^O8I6H6I``j?"}, "iscrowd": 0, "area": 0, "category_name": "fish"}, {"id": 19, "image_id": 0, "bbox": [134.0, 388.0, 27.0, 64.0], "segmentation": {"size": [768, 1024], "counts": "a\\V33hg0=C:J7I8I8H2N2N3N5J01I6O1O2N1N3N3K4M3M4K9G^SYd0"}, "iscrowd": 0, "area": 0, "category_name": "fish"}, {"id": 20, "image_id": 0, "bbox": [556.0, 381.0, 75.0, 64.0], "segmentation": {"size": [768, 1024], "counts": "idm<2mg02M4M101O00001M2O2N101O0O100O2N101N101O0O1O2O0O2O001N2O001O0O2O1O001O00101N1O1O001O0001O0000001N2O000O2N1O2N1O2O0O1O2N2O0O2O1N2N2O1N2O0O2O1N2O1N3N4KPSZ9"}, "iscrowd": 0, "area": 0, "category_name": "fish"}, {"id": 21, "image_id": 0, "bbox": [592.0, 445.0, 52.0, 61.0], "segmentation": {"size": [768, 1024], "counts": "\\fk=3ig07L4K5L4L3M2N3M3M2O2M3N2N2N1O1O1O1N2O1O1O000010O00001O010O1O2N2N2N102M2N1O101N1O2N2O5J4K5L:CePQ9"}, "iscrowd": 0, "area": 0, "category_name": "fish"}, {"id": 22, "image_id": 0, "bbox": [312.0, 202.0, 36.0, 60.0], "segmentation": {"size": [768, 1024], "counts": "^g^7e0Xg04L4M2M4L3N3M3M2N3N1O1O1O0001O00100O001O1O1O106J8G5L2N2M3M3N3L5K_`h?"}, "iscrowd": 0, "area": 0, "category_name": "fish"}, {"id": 23, "image_id": 0, "bbox": [333.0, 504.0, 29.0, 58.0], "segmentation": {"size": [768, 1024], "counts": "]Yj76ig02N1O2N1N3^Oa0H8M3N2N2N2O1O10OO1JLlYOgNTf0W1<O101O1N3N3L3N4YOUYO1Qob?"}, "iscrowd": 0, "area": 0, "category_name": "fish"}, {"id": 24, "image_id": 0, "bbox": [154.0, 306.0, 30.0, 57.0], "segmentation": {"size": [768, 1024], "counts": "iQf3>ag06J5L4L4L4L3M3M1O1O10O010O1O1O2O2L4M2M2N2N3L6Ifmgc0"}, "iscrowd": 0, "area": 0, "category_name": "fish"}, {"id": 25, "image_id": 0, "bbox": [212.0, 311.0, 27.0, 52.0], "segmentation": {"size": [768, 1024], "counts": "^jP59cg08I6J5L4K4M3N2O1N2O001O1O0001O0M5G9Ab0@VV`b0"}, "iscrowd": 0, "area": 0, "category_name": "fish"}, {"id": 26, "image_id": 0, "bbox": [436.0, 104.0, 43.0, 49.0], "segmentation": {"size": [768, 1024], "counts": "bcX:5ig04M3N1N2O1O2M2O1O1O2N101N3M2O1N1OO2O0O101O010O010O100O1N2N2N2O0N3M3N3M2NSdk<"}, "iscrowd": 0, "area": 0, "category_name": "fish"}, {"id": 27, "image_id": 0, "bbox": [351.0, 159.0, 24.0, 48.0], "segmentation": {"size": [768, 1024], "counts": "SVX8:ag08J5K4N2M3M3N1N3N1O1O1O1O0100O1O1O2N3M2N2N2M4L6I\\RU?"}, "iscrowd": 0, "area": 0, "category_name": "fish"}, {"id": 28, "image_id": 0, "bbox": [44.0, 366.0, 22.0, 48.0], "segmentation": {"size": [768, 1024], "counts": "TTR1a0Wg0<I4M3M2001N1O1N3N2N1O2N2N2N2N5K6Hn[`f0"}, "iscrowd": 0, "area": 0, "category_name": "fish"}, {"id": 29, "image_id": 0, "bbox": [297.0, 381.0, 25.0, 45.0], "segmentation": {"size": [768, 1024], "counts": "ddP74hg07K4J5M5L4K3N2N100O1000O100O2M4L3L4M3M3M5Jgk^`0"}, "iscrowd": 0, "area": 0, "category_name": "fish"}, {"id": 30, "image_id": 0, "bbox": [323.0, 385.0, 34.0, 45.0], "segmentation": {"size": [768, 1024], "counts": "gde7<`g05I8L3O001N2M3O1N2O1O001O01O00O10OO20lN\\YOl0mf0N1O1O1O3M:F5K4KR[e?"}, "iscrowd": 0, "area": 0, "category_name": "fish"}, {"id": 31, "image_id": 0, "bbox": [377.0, 224.0, 45.0, 36.0], "segmentation": {"size": [768, 1024], "counts": "a_l8>^g05N2N2N1O100O2N100O1O100O10001N100000000O0100O2O1M3N1N2O001O100O100O4L2J`XOIbg047M2Nh`U>"}, "iscrowd": 0, "area": 0, "category_name": "fish"}, {"id": 32, "image_id": 0, "bbox": [467.0, 522.0, 20.0, 36.0], "segmentation": {"size": [768, 1024], "counts": "nXP;3jg07J5L2N3M2O1O1N20O00100O2M3M4IUgc<"}, "iscrowd": 0, "area": 0, "category_name": "fish"}, {"id": 33, "image_id": 0, "bbox": [483.0, 651.0, 21.0, 35.0], "segmentation": {"size": [768, 1024], "counts": "Q]\\;3eg0:K4L4N2N2N2N1O2N10O10O02N1O2N2N3L5K7F\\cT<"}, "iscrowd": 0, "area": 0, "category_name": "fish"}, {"id": 34, "image_id": 0, "bbox": [411.0, 655.0, 29.0, 33.0], "segmentation": {"size": [768, 1024], "counts": "]md91kg04O1O1O101M2E;M3O2N100000000001O2N<D1O1O1O002N1O1N3Ndjf="}, "iscrowd": 0, "area": 0, "category_name": "fish"}, {"id": 35, "image_id": 0, "bbox": [400.0, 175.0, 33.0, 33.0], "segmentation": {"size": [768, 1024], "counts": "g]^9<cg02N3N1N3N1O2M3N001O00001O000001O001O1O001O1O1N2L7K4L4M1Mmik="}, "iscrowd": 0, "area": 0, "category_name": "fish"}, {"id": 36, "image_id": 0, "bbox": [199.0, 106.0, 19.0, 33.0], "segmentation": {"size": [768, 1024], "counts": "gkf48dg08I5M2N2O100O10O100O1O1O1O1O1N3LY\\lb0"}, "iscrowd": 0, "area": 0, "category_name": "fish"}, {"id": 37, "image_id": 0, "bbox": [512.0, 552.0, 18.0, 33.0], "segmentation": {"size": [768, 1024], "counts": "iYQ<5dg0:J4M2N3M2001O0O102N1O100N5H7G`fb;"}, "iscrowd": 0, "area": 0, "category_name": "fish"}, {"id": 38, "image_id": 0, "bbox": [189.0, 0.0, 24.0, 29.0], "segmentation": {"size": [768, 1024], "counts": "\\`^43:Okf0`0PYOCof0h0O00000000O100N2N2L4N2O1N2O1M3M3JVXSc0"}, "iscrowd": 0, "area": 0, "category_name": "fish"}, {"id": 39, "image_id": 0, "bbox": [804.0, 463.0, 53.0, 29.0], "segmentation": {"size": [768, 1024], "counts": "Qgmb03kg03N1N2O1O1O100O2O0O2O0O100O1000000000001O0000000000000010O00001O0000001O000O2O00000O100O101O000O2O1NUQl3"}, "iscrowd": 0, "area": 0, "category_name": "fish"}, {"id": 40, "image_id": 0, "bbox": [453.0, 556.0, 9.0, 27.0], "segmentation": {"size": [768, 1024], "counts": "hYd:=`g04M2N3N10O1N2N2I8KcVT="}, "iscrowd": 0, "area": 0, "category_name": "fish"}, {"id": 41, "image_id": 0, "bbox": [423.0, 626.0, 17.0, 26.0], "segmentation": {"size": [768, 1024], "counts": "Qlm96gg05L2O2N1O1O2O0O0100O100O1O2N2M3MX\\e="}, "iscrowd": 0, "area": 0, "category_name": "fish"}, {"id": 42, "image_id": 0, "bbox": [465.0, 578.0, 13.0, 24.0], "segmentation": {"size": [768, 1024], "counts": "]Zm:1hg0:M2N1O2N010000O1O2N1N5Ibmh<"}, "iscrowd": 0, "area": 0, "category_name": "fish"}, {"id": 43, "image_id": 0, "bbox": [269.0, 138.0, 14.0, 22.0], "segmentation": {"size": [768, 1024], "counts": "ddZ66gg05L4M2N100O1000O2M3IhS]a0"}, "iscrowd": 0, "area": 0, "category_name": "fish"}, {"id": 44, "image_id": 0, "bbox": [219.0, 121.0, 27.0, 22.0], "segmentation": {"size": [768, 1024], "counts": "VlU57gg03O1N100O1000O00100O001O10O010O010O001001N2N2NRTXb0"}, "iscrowd": 0, "area": 0, "category_name": "fish"}, {"id": 45, "image_id": 0, "bbox": [202.0, 77.0, 28.0, 22.0], "segmentation": {"size": [768, 1024], "counts": "eZh44kg03M2N2O001O001O000O2O00001O1O00000001N1N3M4L]]fb0"}, "iscrowd": 0, "area": 0, "category_name": "fish"}, {"id": 46, "image_id": 0, "bbox": [218.0, 159.0, 11.0, 19.0], "segmentation": {"size": [768, 1024], "counts": "XeS56fg06M2O1O01O002O1M3Lhjdb0"}, "iscrowd": 0, "area": 0, "category_name": "fish"}, {"id": 47, "image_id": 0, "bbox": [441.0, 563.0, 12.0, 19.0], "segmentation": {"size": [768, 1024], "counts": "li\\::cg04M201N010000O2N3Daf[="}, "iscrowd": 0, "area": 0, "category_name": "fish"}, {"id": 48, "image_id": 0, "bbox": [172.0, 158.0, 21.0, 19.0], "segmentation": {"size": [768, 1024], "counts": "UeR46hg04M2O0O100O100000O010O2N1O2KSSbc0"}, "iscrowd": 0, "area": 0, "category_name": "fish"}, {"id": 49, "image_id": 0, "bbox": [261.0, 51.0, 17.0, 18.0], "segmentation": {"size": [768, 1024], "counts": "hYU67hg03L3O1O0O10000001O0O2O1N3MXV`a0"}, "iscrowd": 0, "area": 0, "category_name": "fish"}, {"id": 50, "image_id": 0, "bbox": [293.0, 105.0, 20.0, 16.0], "segmentation": {"size": [768, 1024], "counts": "acl65ig03N2N2O0O2O001N1000000001O1N2M4Madf`0"}, "iscrowd": 0, "area": 0, "category_name": "fish"}, {"id": 51, "image_id": 0, "bbox": [314.0, 98.0, 13.0, 13.0], "segmentation": {"size": [768, 1024], "counts": "Vc[71mg07J2O1O1O000O2O01O00000O3LmlY`0"}, "iscrowd": 0, "area": 0, "category_name": "fish"}, {"id": 52, "image_id": 0, "bbox": [964.0, 604.0, 1.0, 1.0], "segmentation": [], "iscrowd": 0, "area": 0, "category_name": "fish"}, {"id": 53, "image_id": 0, "bbox": [329.0, 285.0, 68.0, 243.0], "segmentation": {"size": [768, 1024], "counts": "RTm71gg0:I6L3N2M4M1VZO@Ud0a0i[Oa0Uc0@l\\Oh0jb0[OP\\OROo0l1fb0\\OW]Oj0_b0[O`]Oh0Zb0\\Oe]Og0Ub0^Oi]Oc0Sb0Eh]O;Ub00c]O1Yb06c]OKYb0<c]OEYb0b0b]OAYb0V3N2N3N2N4K5L2M1O1O1O00000O11O001O001O3M3M4L4L6J6J8I5J5K4M4K4M3L3M3M3N4K7I9dMR\\O5]d0WOR\\O?Vd0VOR\\Oe0ie0K5K6J4L5JYib>"}, "iscrowd": 0, "area": 0, "category_name": "stingray"}]}