{"images": [{"id": 0, "file_name": "images/IMG_8376_jpg.rf.f129d46d1c4ae234b8aebe69ea012d64.jpg", "width": 1024, "height": 768}], "annotations": [{"id": 0, "image_id": 0, "bbox": [350.0, 342.0, 118.0, 222.0], "segmentation": {"size": [768, 1024], "counts": "kfZ8=\\g0;E:I6K5L3M4L3L4L4L4K5J6L4L4M2M4M2N2N2M2U\\OXM^b0j2^]O\\M_b0d2_]O`M^b0a2a]ObM\\b0`2a]OcM]b0_2a]OdM\\b0]2b]OfM\\b0^2`]OdM_b0`2]]OaMbb0f2U]O]Mib0n3O1N2O1N101N2N2O1N2N101O1O1O001O001O001O1O001O1N2O1O00hNV^O\\Lia0a3]^O]Lba0b3a^O]L]a0d3e^OZL\\a0e3f^OZLYa0g3h^OXLWa0h3l^OULTa0k3n^OTLPa0m3S_OQLl`0o3V_OPLj`0P4X_OmKh`0R4[_OmKd`0S4^_OlKa`0T4a_OkK_`0T4c_OjK^`0U4d_OjK\\`0U4g_OhKZ`0V4i1O2N2N2N2N2N2N3L3N2M4M2N3L3N3M3M2M3N2N2M3M4L3N2N3L4M3L4K6I6K7I7I:E;C;HTkR="}, "iscrowd": 0, "area": 0, "category_name": "fish"}, {"id": 1, "image_id": 0, "bbox": [110.0, 373.0, 61.0, 110.0], "segmentation": {"size": [768, 1024], "counts": "`ec26gg07I5K5\\Oe0L4L2N3N2YO_NkZOb1Se0aNjZOa1Te0bNjZO`1Te0bNjZO_1Te0dNiZO^1Ve0dNgZO^1Xe0e00001O001O001N3N1O1O1O1O1O1O001O0000010O000000^MZ[Oj1gd0SN\\[Ol1dd0RN^[On1cd0oM`[OP2`d0oMb[OP2_d0nMc[OQ2^d0lMe[OR2We0N3M3L3M3M2N2L4L5K5K5K7H;F\\jPd0"}, "iscrowd": 0, "area": 0, "category_name": "fish"}, {"id": 2, "image_id": 0, "bbox": [118.0, 381.0, 96.0, 193.0], "segmentation": {"size": [768, 1024], "counts": "bec23hg0:H5K5]Od0K4M3M3N1[O_NiZOc10gNUd0Jh[Oa1MTOPd0^OQ\\O`1I^Onc0TOV\\OT3bc0nL[\\O^3Yc0j0K6J4L3M8H6J4L3M2M3N1O001O00001O000001O00000O10001N1`JU^Ok4la0QKZ^Ok4ha0RK[^Ol4fa0RK^^Ol4\\b0N2N4M3L3N2M3N0O00O1E;L5L3O1O1000000001O1O1O001O1O2O0O1O2O0O2N2N2N2nKo\\OR3Uc0fLY]OP3oc0L3N2M2M3M5J5K8I4L4L4M2N6I9H2N2M3N9F2N3YOjXO?Yg0@iXO;Zg023O2N2LTYnb0"}, "iscrowd": 0, "area": 0, "category_name": "fish"}]}