{"images": [{"id": 0, "file_name": "images/IMG_2539_jpeg_jpg.rf.74889d874e69af524f714f420772ecc7.jpg", "width": 768, "height": 1024}], "annotations": [{"id": 0, "image_id": 0, "bbox": [243.0, 127.0, 229.0, 273.0], "segmentation": {"size": [1024, 768], "counts": "mVP85jo03L3N1O2N3dSO4^h00\\WO7`h0K[WO;bh0G[WO<bh0F[WO>ch0C[WO`0ch0A[WOa0dh0@ZWOb0eh0_OYWOc0fh0]OZWOd0fh0\\OXWOf0gh0ZOYWOf0gh0ZOYWOf0hh0XOXWOi0hh0WOXWOi0ih0WOUWOi0lh0WOTWOf0Pi0ZOnVOc0Vi0^OgVOb0\\i0^ObVOb0_i0_O]VOb0fi0^OWVOd0ii0]OUVOc0mi0]ORVOc0oi0]OoUOc0Rj0^OmUOb0Tj0^OjUOc0Vj0^OhUOc0Yj0]OfUOb0[j0_OcUOb0]j0_OaUOb0`j0^O^UOc0cj0^OZUOc0fj0^OWUOd0jj0\\OSUOg0mj0YOPUOj0Pk0WOmTOk0Sk0UOlTOl0Sk0UOkTOl0Vk0TOiTOm0Wk0ROhTOo0Yk0QOUTOjN=V2^k0QOcTOP1^k0QO`TOP1`k0PO^TOQ1ck0QOYTOQ1gk0c110000O10000O1000001O00000O100000010O000001O10O01O2O0O1O1O010O1O1O002O0O001O1O001O0O1O2N2N2N2TVOgKog0[4nWOgKog0^4lWOdKSh0c4bWOcK\\h0Q6O1O1O100O1O010O1O0000000000O00001O0O2N1N2L40OO^OkI^WOU6dh0PJTWOQ6nh0>3L3M4L3L5K4K6K5K4N3N2O2N1N2O2N2N2N2O1N2N3N1N3N3L5L9G?A6J7^McSOS1gl0\\NdSO`1am0L4M1O1O1O1O1O001O1N100O2O000O101N100O2O001N101O0O2O1O001O1O001O1O1O011N1O1000000O100O2O0O1O100O101N1O2N2M2O2M3N2LTgX9"}, "iscrowd": 0, "area": 0, "category_name": "starfish"}, {"id": 1, "image_id": 0, "bbox": [366.0, 743.0, 150.0, 204.0], "segmentation": {"size": [1024, 768], "counts": "bje;9do05L2N3M2O1N1O2O0O0O3O000000O100O20O100O2O1O2M2O1O1N1mMlNZUOU1aj0PO^UOQ1`j0QO_UOP1`j0RO^UOo0aj0UOZUOl0fj0CkTO=Uk0IeTO8Zk02\\TOOck07WTOIik0:TTOGkk0;STOFlk0<RTODnk0>PTOBQl0>nSOCRl0>kSOCUl0U20O1O2N100O1O2N2N3M3M1O1O101<C3L2O001O1O2N1O1O1O1N3N1N2O1N3O2M3N1N2N2N0O01O001M1O2M3M3L4K4M4N2N2N1O2M2N3M2O2G^SOQMdl0o27O1O01O001O0010OO2N2N2NUN[SO?dl0@bSO<]l0CgSO:Yl0EmSO7Sl0GSTO5mk0IWTO5hk0I[TO6fk0H\\TO8dk0G^TO7dk0F^TO:ck0C`TO;bk0BaTO=ok0oNUTOQ1^m000O101N103M1000O10O0O1O1O1N4L3L4KPUo7"}, "iscrowd": 0, "area": 0, "category_name": "starfish"}]}