{"images": [{"id": 0, "file_name": "images/IMG_8394_jpg.rf.7d9dbe2003dcd63710cf358498231d23.jpg", "width": 1024, "height": 768}], "annotations": [{"id": 0, "image_id": 0, "bbox": [551.0, 320.0, 113.0, 297.0], "segmentation": {"size": [768, 1024], "counts": "R]Q=1lg05L2O1N2O0O2O0O2O001O001^^O@c;a0\\DAb;?^DAb;`0]D@c;`0]D@c;a0\\D_Od;a0\\D@c;a0]D]Oe;c0XD_Oh;a0XD@g;a0XD_Oi;a0VD_Oj;b0UD^Ok;c0TD]Om;c0RD]On;d0QD\\Oo;f0nCZOe;h1fCYNR<`2]CaMV<Q3dCnLY<]3_CdL`<d3YC\\Le<n3RCSLm<U4kBlKU=Y4fBfKZ=`4aB`K_=f4ZB[Ke=m4TBSKl=R5nAoJR>U5iAkJX>[5bAfJ]>`5\\AbJc>d5VA]Jj>j5l@YJU?R6X@UJh?U7L2O000OO2N2O1N2O2M2N2L5J5J7J6L5J5G;E;Ba0ROQ1UNR]OnM[c0o0b]OnNTc0<n\\OAUc0=m\\O@Uc0?n\\O^ORc0b0o\\O\\OSc0c0Q]OVORc0j0S2O0010O01O1O001O1O010O1O010O100O010O100O1O010O2N100O1O2N1N3MUS_8"}, "iscrowd": 0, "area": 0, "category_name": "shark"}, {"id": 1, "image_id": 0, "bbox": [642.0, 480.0, 37.0, 42.0], "segmentation": {"size": [768, 1024], "counts": "e_S?2jg05BOiXO3Wg0<O001O2N2O0O101OYOoXO>Zg0O10000O10O0100O0010O01O10O01O1O1O011N1N3N4JloR8"}, "iscrowd": 0, "area": 0, "category_name": "fish"}, {"id": 2, "image_id": 0, "bbox": [686.0, 513.0, 108.0, 45.0], "segmentation": {"size": [768, 1024], "counts": "ehS`05ig02O2N1010O01O0001O010O1O101N1O010O01O001N1O101N1O1O101O01O010O00010OO101O0O10001O0O10000O101O0O1000000O10O1000O100000000O0F_OWYOa0if0@UYOa0jf0AUYO?kf0;0O101O2N1O23L000O00000000O0K6M3O100O00100O010000O1000O100O10000O1O100O2N2N2M3M3Kgg\\5"}, "iscrowd": 0, "area": 0, "category_name": "fish"}, {"id": 3, "image_id": 0, "bbox": [330.0, 385.0, 32.0, 16.0], "segmentation": {"size": [768, 1024], "counts": "Vdh72ng02M102N1O1O000010O00001O1O01O01O1O001O001O001O00001O000Occa?"}, "iscrowd": 0, "area": 0, "category_name": "fish"}, {"id": 4, "image_id": 0, "bbox": [341.0, 243.0, 29.0, 15.0], "segmentation": {"size": [768, 1024], "counts": "doU86hg02010O00000001O01O0001O001O0001O01O0001O00001O001O001O1NWXT?"}, "iscrowd": 0, "area": 0, "category_name": "fish"}, {"id": 5, "image_id": 0, "bbox": [99.0, 320.0, 40.0, 15.0], "segmentation": {"size": [768, 1024], "counts": "UR\\22mg02N1O2N1O100O2O000O10000O101O00001O000O101O00000000000000000001O000L5M201O1O1O001O1Nnecd0"}, "iscrowd": 0, "area": 0, "category_name": "fish"}, {"id": 6, "image_id": 0, "bbox": [121.0, 537.0, 22.0, 49.0], "segmentation": {"size": [768, 1024], "counts": "lhl2a0^g05L3M3L3N2M3O20O1N100O2O0O1O2M2N4K5K5IWVdd0"}, "iscrowd": 0, "area": 0, "category_name": "fish"}, {"id": 7, "image_id": 0, "bbox": [92.0, 624.0, 21.0, 24.0], "segmentation": {"size": [768, 1024], "counts": "ekW22lg04N2N3N1O1O1O0000000000O1O2O1N2Mn[[e0"}, "iscrowd": 0, "area": 0, "category_name": "fish"}, {"id": 8, "image_id": 0, "bbox": [233.0, 567.0, 19.0, 12.0], "segmentation": [], "iscrowd": 0, "area": 0, "category_name": "fish"}, {"id": 9, "image_id": 0, "bbox": [295.0, 494.0, 6.0, 16.0], "segmentation": [], "iscrowd": 0, "area": 0, "category_name": "fish"}, {"id": 10, "image_id": 0, "bbox": [124.0, 486.0, 32.0, 27.0], "segmentation": {"size": [768, 1024], "counts": "YWn23mg02N100O1000000O100O1O100O1O100O1O010O010O010O10O010O1O2N3M2LU`Zd0"}, "iscrowd": 0, "area": 0, "category_name": "fish"}, {"id": 11, "image_id": 0, "bbox": [97.0, 502.0, 34.0, 39.0], "segmentation": {"size": [768, 1024], "counts": "mo\\25kg02M3M3O02OO001N100O2N1000O11O1O000O01001N01O004L3M2N3LZomd0"}, "iscrowd": 0, "area": 0, "category_name": "fish"}, {"id": 12, "image_id": 0, "bbox": [750.0, 416.0, 30.0, 19.0], "segmentation": {"size": [768, 1024], "counts": "]]da03lg02N1N2O1O100O100O10O010O001O1O1O010N20O01O1O101M2OoRh5"}, "iscrowd": 0, "area": 0, "category_name": "fish"}, {"id": 13, "image_id": 0, "bbox": [267.0, 268.0, 17.0, 9.0], "segmentation": [], "iscrowd": 0, "area": 0, "category_name": "fish"}]}