{"images": [{"id": 0, "file_name": "images/IMG_2538_jpeg_jpg.rf.7116cb3e914a23960371143381cd5e15.jpg", "width": 768, "height": 1024}], "annotations": [{"id": 0, "image_id": 0, "bbox": [265.0, 104.0, 202.0, 266.0], "segmentation": {"size": [1024, 768], "counts": "TV[85jo02M3N2M3eSO1bh00ZWO7bh0KYWO;dh0GXWO>dh0EYWO>eh0CYWO`0eh0BXWO`0gh0AWWOa0hh0@VWOb0ih0_OUWOc0jh0^OUWOb0lh0]OTWOc0lh0]OSWOd0mh0\\ORWOe0nh0[OQWOf0Pi0YOoVOg0Ri0ZOmVOe0Ui0[OiVOc0Zi0]OeVOb0^i0^O_VOb0ci0_OZVOb0hi0^OUVOc0li0^ORVOb0Pj0^OnUOc0Rj0^OlUOc0Uj0]OiUOd0Wj0]OhUOc0Yj0]OeUOc0\\j0_ObUOa0_j0_O`UOa0`j0@^UO`0dj0@ZUO`0hj0AVUO`0ij0BSUO`0nj0AmTOc0Sk0^OiTOd0Xk0_OcTOc0]k0_O^TOd0bk0^OXTOe0ik0i1O010000O100O10000O1000000000000O10000O2O0001O001O010O001O100O1O1O100O2N1O00100O1O001O1N3N1mUOjKYh0X4dWOlKYh0W4cWOlK[h0W4bWOkK\\h0Y4^WOjKah0[4gVOYLWi0Y5O100O1O1N2O010O000000O0010O01O00000N2OVOiIoWOT6Uh0nIgWOR6Zh0RJbWOm5`h0ZJUWOi5lh0c03L4L4L3L5K5I7I7L4M3N2N3N1N3N2N2N2O2M2N2N3N2M3N5J6K;D8I6J:WMhSOU1em0M2N1O1O0O2O1O001N2O0O101O0O100O2O0O101N101O001O1O001O001O100O1O100O1O100O100O2O0O1O2O0O100O2N1O1O2N1N3M3M5IRhZ9"}, "iscrowd": 0, "area": 0, "category_name": "starfish"}, {"id": 1, "image_id": 0, "bbox": [369.0, 705.0, 138.0, 185.0], "segmentation": {"size": [1024, 768], "counts": "Tic;8eo05L3M2N2O1N101N1O010O1000000000100O011O2M2O1O1N3N1O001kMnNZUOS1dj0oNZUOS1dj0POZUOQ1ej0QOYUOo0gj0IaTO8^k06TTOJlk08RTOImk09QTOGPl0;mSOFRl0;mSOESl0=kSODTl0=kSOCVl0>gSOCYl0S20O1O1O1O101N2N2N4L2N1;E3M100N2O1O100O1O2N1O2N1N2O2N2N3M3M2N2N10O000O001N1O1N2O1M3H7J7N2N1O2M3N2N1O2O0M4I7O0010O10O01O100O010N2M3MZNVSO<il0C^SO7bl0HcSO5]l0IjSO2Ul0NnSO0Rl0NPTO1Ql0MRTO2nk0LTTO4lk0KVTO3kk0KWTO5ik0JYTO5hk0H[TO7gk0D\\TO<ok0VOUTOj0am0O101O1O2N1000O0000O2N1O1N3M3L5JYVT8"}, "iscrowd": 0, "area": 0, "category_name": "starfish"}]}