{"images": [{"id": 0, "file_name": "images/IMG_2345_jpeg_jpg.rf.1c32346981ba9d501078eb82f2c63555.jpg", "width": 768, "height": 1024}], "annotations": [{"id": 0, "image_id": 0, "bbox": [91.0, 493.0, 45.0, 75.0], "segmentation": {"size": [1024, 768], "counts": "f`e2:bo0>B7J9H3M3M1N3N2N2O1N2O1O1O100O100O100O1000O100O002O000O100O2M2O2K4J6N3K4M4L3M3M4K4N2O100O2O000O1O2O1N101N3N1NP`bc0"}, "iscrowd": 0, "area": 0, "category_name": "penguin"}, {"id": 1, "image_id": 0, "bbox": [61.0, 494.0, 33.0, 70.0], "segmentation": {"size": [1024, 768], "counts": "l`o17fo0;F4J4J7K4K5K6I6O100O1O2O0O10001O0000001O01TOWRO_Oim0<bRO^O_m0>S1M3M4I7K4O2NW`Qe0"}, "iscrowd": 0, "area": 0, "category_name": "penguin"}, {"id": 2, "image_id": 0, "bbox": [177.0, 520.0, 49.0, 67.0], "segmentation": {"size": [1024, 768], "counts": "Ya`58ao0`0C<F3M2K5M3O2M200O100O2O0O101O00000001O009G2N1O6I5L7H3M3M4E=NN2N0O11KY^[a0"}, "iscrowd": 0, "area": 0, "category_name": "penguin"}, {"id": 3, "image_id": 0, "bbox": [164.0, 536.0, 19.0, 32.0], "segmentation": {"size": [1024, 768], "counts": "baS52lo03M201ZO0YQO1en05WQOLgn08TQOJln0e001O000001N2GTQO[Omn0>?H7NY_[b0"}, "iscrowd": 0, "area": 0, "category_name": "penguin"}, {"id": 4, "image_id": 0, "bbox": [253.0, 513.0, 24.0, 40.0], "segmentation": {"size": [1024, 768], "counts": "i`k75io03M3OO10O010J6N2O2N1N3O3M2M3N2OO002OPQOTOQo0k03L2N105IS_\\?"}, "iscrowd": 0, "area": 0, "category_name": "penguin"}]}