{"images": [{"id": 0, "file_name": "images/IMG_2307_jpeg_jpg.rf.cdea03288eac0ee043c709d25aae71a7.jpg", "width": 768, "height": 1024}], "annotations": [{"id": 0, "image_id": 0, "bbox": [360.0, 498.0, 84.0, 99.0], "segmentation": {"size": [1024, 768], "counts": "o_`;8go03L4M2N2N2O10020O2M2N4`QOWO_m0m0ZROZOcm0f1TROZNSm0]2K1O2O0OO101O1O2M2O1O1N3N1N3N1O2N101N1O2N2O1N2O1O1N2O1O1O1O1O1N2O1O2N1O2N2M3N2M3N2N2N3M2N1O3L3O2M3N1N3N0000O01000000O10O001O0100O101N2No_m9"}, "iscrowd": 0, "area": 0, "category_name": "penguin"}, {"id": 1, "image_id": 0, "bbox": [473.0, 430.0, 44.0, 80.0], "segmentation": {"size": [1024, 768], "counts": "S_k>7ao0`0A;G7K5L3L4M2N2N2D<O1000001O0O10O1000O1000O10000O100RN[ROa1em0\\N`ROa1`m0_NcRO_1]m0`NhRO[1Ym0dNoROR1Tm0lNTSOk0ol0TOo1000_bP8"}, "iscrowd": 0, "area": 0, "category_name": "penguin"}, {"id": 2, "image_id": 0, "bbox": [601.0, 435.0, 55.0, 74.0], "segmentation": {"size": [1024, 768], "counts": "[^ob0a0[o0c0^O7J4M5L2M3M2E;N2N10001O0O100000000001O00001O1O5K1O1O2N2N3M5J5L3M3M4K6Jf0YOb`j3"}, "iscrowd": 0, "area": 0, "category_name": "penguin"}, {"id": 3, "image_id": 0, "bbox": [429.0, 438.0, 29.0, 69.0], "segmentation": {"size": [1024, 768], "counts": "Q_]=f0Uo0:G5L4L3N2M3O1N3M2O1M3O[OUROXOhm0i0[ROUOcm0R1VROoNim0e10O0L5O10000O1O1N3N1L4K5C=SOSQO54MRaf9"}, "iscrowd": 0, "area": 0, "category_name": "penguin"}, {"id": 4, "image_id": 0, "bbox": [282.0, 411.0, 27.0, 57.0], "segmentation": {"size": [1024, 768], "counts": "Q^Q96do07]Ob0N2N2N2O1O001000000O11N100O1M4I7JSc[>"}, "iscrowd": 0, "area": 0, "category_name": "penguin"}, {"id": 5, "image_id": 0, "bbox": [184.0, 420.0, 33.0, 53.0], "segmentation": {"size": [1024, 768], "counts": "V^g56_o0?G8J4M2N2M3M3O1N101001O0O2O1O1O2N2N2N1O1O2N3L4LXb_a0"}, "iscrowd": 0, "area": 0, "category_name": "penguin"}, {"id": 6, "image_id": 0, "bbox": [30.0, 418.0, 24.0, 53.0], "segmentation": {"size": [1024, 768], "counts": "V^e09co06K4L4L4L4L3N3M3M2M4M2O1O2M200O1O10000000O101N2O1N2N3M6J4SOUQO?Xo0M4M1O2M3LmaWf0"}, "iscrowd": 0, "area": 0, "category_name": "penguin"}, {"id": 7, "image_id": 0, "bbox": [307.0, 415.0, 27.0, 45.0], "segmentation": {"size": [1024, 768], "counts": "P^b96do07H7M4M2N2N2N2O1O1O100O0010000O11O0O100GUQO\\Omn0b0UQO\\Omn0`0WQO^Onn0;Tce="}, "iscrowd": 0, "area": 0, "category_name": "penguin"}, {"id": 8, "image_id": 0, "bbox": [208.0, 389.0, 27.0, 45.0], "segmentation": {"size": [1024, 768], "counts": "R]g64ho06@`0K9F5N1O10000001O1O2N3M2N2N2N2M3K4L3O3M3M3N4Knb_`0"}, "iscrowd": 0, "area": 0, "category_name": "penguin"}, {"id": 9, "image_id": 0, "bbox": [58.0, 414.0, 27.0, 44.0], "segmentation": {"size": [1024, 768], "counts": "j]l1c0To0;M2L3J6M3N20O001O002N100O2O2M5L4L2N1N3N1N2N3L3M4LZbYe0"}, "iscrowd": 0, "area": 0, "category_name": "penguin"}, {"id": 10, "image_id": 0, "bbox": [633.0, 419.0, 29.0, 43.0], "segmentation": {"size": [1024, 768], "counts": "j]oc055N]o0`0H5L2O2N1O1O2M2O1N2O1O100000O1O1N3N3Mg0SOUb[3"}, "iscrowd": 0, "area": 0, "category_name": "penguin"}, {"id": 11, "image_id": 0, "bbox": [659.0, 429.0, 13.0, 39.0], "segmentation": {"size": [1024, 768], "counts": "d]bd0n0nn05N101O000001O1O4L5K3M3M6J3L2G]PO3Yan2"}, "iscrowd": 0, "area": 0, "category_name": "penguin"}, {"id": 12, "image_id": 0, "bbox": [169.0, 417.0, 21.0, 37.0], "segmentation": {"size": [1024, 768], "counts": "P^U54io04L3L4N2N3M2L4M3N3N1O101O0001O000L5L5K5I6K4MgbSb0"}, "iscrowd": 0, "area": 0, "category_name": "penguin"}, {"id": 13, "image_id": 0, "bbox": [240.0, 422.0, 24.0, 34.0], "segmentation": {"size": [1024, 768], "counts": "b]`77go04M2M3N2N1O2N2N2O1N2O1O1O1O1OO2N1M4J6Libk?"}, "iscrowd": 0, "area": 0, "category_name": "penguin"}, {"id": 14, "image_id": 0, "bbox": [96.0, 418.0, 15.0, 33.0], "segmentation": {"size": [1024, 768], "counts": "[]P3;bo05M1O1000000001O1O1O1O2N3M1O2N2N\\b^d0"}, "iscrowd": 0, "area": 0, "category_name": "penguin"}, {"id": 15, "image_id": 0, "bbox": [521.0, 424.0, 18.0, 27.0], "segmentation": {"size": [1024, 768], "counts": "g]Y`04io04L4M3N1O2O1O1O10O01000AePO8eo0L1MVbW7"}, "iscrowd": 0, "area": 0, "category_name": "penguin"}, {"id": 16, "image_id": 0, "bbox": [416.0, 414.0, 29.0, 38.0], "segmentation": {"size": [1024, 768], "counts": "h]W=5io02O2N1N2O1N2N2M3N2O10001O000002N3L:F\\bU:"}, "iscrowd": 0, "area": 0, "category_name": "penguin"}]}