{"images": [{"id": 0, "file_name": "images/IMG_2541_jpeg_jpg.rf.fc997b87790e715d47ce1cc83edf79c2.jpg", "width": 768, "height": 1024}], "annotations": [{"id": 0, "image_id": 0, "bbox": [301.0, 410.0, 232.0, 320.0], "segmentation": {"size": [1024, 768], "counts": "faa9<ao04L3N3N1N3M101O1N2O00000O1000001O00001O000010O01O1O2N2O1N4L3N1N2N2O2N2N1N2O1O1O1O0bLVNfXOl1Vg0XN[VO4A4i0a1Yi0ZNVVO[18<ai0ZNRVO`1;7ai0]NmUOb1`02bi0h0\\VOYOci0i0[VOWOei0k0YVOWOei0k0YVOVOfi0l0XVOUOgi0l0XVOUOgi0m0WVOSOji0n0TVOSOki0o0SVOROli0P1RVOQOni0`301O010O0010O1O010O1O1O1O10001O1102M\\JQVOY5li0cJXVO_5Sj03M2N3N0O1O100O0O2O00100O1O1O1O10O01O0100001N1N2O002M101O1O0O2O10O01O2O001N2N101N1O2N2N1O0O2O0O001OO10000O1N2O1N2N2O1N2O1M3N2G9J6L4O1O1N2O1N2N1N3O1N2O0O2N2M3F:000O1O010O1O2O0O100O100N3L3M3NmL`UOj0^j0WOhUOd0Wj0\\OmUOa0Qj0_OTVO>ki0BYVO;gi0D`VO6_i0JgVO1Yi0NjVO1Ui0NmVO1Si0NoVO1Qi0NPWO2Pi0LSWO3mh0LTWO4lh0KVWO4jh0KWWO5jh0IXWO6hh0IZWO5hh0JYWO5ih0HYWO7hh0GZWO9fh0E\\WO:gh0B[WO=gh0@[WOa0mh0TOTWOm0Ri0kNPWOU1Si0eNPWO[1Ri0`NQWO`1Qi0XNUWOh1bk00001O00102M7I10O5K10O0000001N1O101N1O1N3M3M4L3M2N4K4M3M4J`[Z7"}, "iscrowd": 0, "area": 0, "category_name": "starfish"}]}