{"images": [{"id": 0, "file_name": "images/IMG_2415_jpeg_jpg.rf.ebf0f6afed62125f3a07b177ff1eb41b.jpg", "width": 768, "height": 1024}], "annotations": [{"id": 0, "image_id": 0, "bbox": [246.0, 535.0, 146.0, 300.0], "segmentation": {"size": [1024, 768], "counts": "Pjh73lo01O2N1WJ=U[OCid0e0P[O\\OPe0k0iZOVOUe0P1eZOQO[e0Q1cZOnN]e0U1`ZOlN`e0U1^ZOlNbe0T1]ZOmNbe0g0WVOYOU40ee0d0[VO[On32ge0a0]VO]Ok32ie0>_VOBd32le0<aVOC`32Pf09bVOHX32Vf05cVOMP30^f03bVO1i2Nef02bVO2e2Mjf01aVO5^2MRg0NaVO7U2O[g0J`VO:n1Obg0H`VO;h10ig0E`VO<`12Rh0B^VO?W14[h0_O^VO?m07gh0ZO\\VOb0e08Pi0WO[VOc0>8Yi0UOZVOi0L;ki0mNYVOU3ji0jLWVOS3ki0nLVVOm2mi0UMQVOi2Pj0YMoUOe2Sj0\\MiUOd2ni0j1L5M2O10M22OO1O1N3OOO3K5K5N1102kVOlJ\\g0U5cXOnJZg0U5dXOlJZg0W5cXOkJ[g0X5bXOiJ]g0Y5bXOhJ\\g0[5`XOgJ^g0^5\\XOeJdg0]5XXOeJhg0^5RXOeJmg0`5iWOeJWh0b6OO2O0O2O1M3N2M3M4N1M3N3M2O2O0O101O1N101O1O0O2O1N2O1O1O1N2O1N2O1N2N2O1N3N1O2M2N2O2M2N3N1N3M3L3N3N2M4K4N1N3N2M4M2N2M4L3N^TOULSk0i3lTOWLWk0f3fTO^L\\k0_3dTObL^k0[3bTOdLak0[3^TOdLfk0Y3VTOiLok0U3mSOoLTl0P3kSOPMXl0Z32N3N2M4bMaSOS1dl0cN]TOa0jk0QO`TOm0[m0M2O1N2N3L4K5L4Li[e;"}, "iscrowd": 0, "area": 0, "category_name": "fish"}, {"id": 1, "image_id": 0, "bbox": [585.0, 456.0, 135.0, 276.0], "segmentation": {"size": [1024, 768], "counts": "U_Zb0R1in0:H7J7I6J6J6J5L5K5K4L3N3L4eSOQM_k0Q3]TOTM_k0o2^TOVM^k0m2^TOUM`k0h3N2M2O2N2N2N1N3N1O1O1O2N1O1O1O1O1O001O100O001O10O00010O00010O0100O2O000O100O2O001N2O2N1O2N1O10O01O00000000O010O2O0O101^KgUOY3[j0cLgUO]3aj0XLcUOh3[k0O10000000000O11N1000000010O0100O0100O0100O010O02O00O01000O100100103MO1N1N2UNdTOmN\\k0m0nTOnNUk0m0QUOPOQk0k0SUOSOTk0c0RUO[OWk06QUOGhm0L3M4L4L4K7JXYe1"}, "iscrowd": 0, "area": 0, "category_name": "fish"}, {"id": 2, "image_id": 0, "bbox": [136.0, 437.0, 79.0, 254.0], "segmentation": {"size": [1024, 768], "counts": "T`Y4`0Uo0e0gROPOhj0[1mTOnNkj0i1\\TO`N^k0T3K5L3M4L4L4M2M4M3M5J8I7I;F:E8H7I6K5JbNcWOaKXh0\\4SXO`Kig0`4^XO]K^g0d4fXOZKWg0g4nXOVKof0k4UYOSKhf0o4[YOnJcf0S5`YOkJ^f0V5eYOhJZf0X5gYOiJVf0Y5kYOfJTf0[5lYOdJTf0]5lYOcJSf0_5mYO_JRf0e5lYO[JSf0e5nYOZJRf0c5RZO[Joe0c5X2M3M2M4M3M4L3O1N2N2N3N1O2M2O2N101N2N2O0O2O2L3L4C>L4L3M4L3L4M3M3M3L4L5K4L5L4L5I:G<Bn`Ua0"}, "iscrowd": 0, "area": 0, "category_name": "fish"}, {"id": 3, "image_id": 0, "bbox": [352.0, 200.0, 104.0, 213.0], "segmentation": {"size": [1024, 768], "counts": "lVR;8ao0:J6K4M3M2N3M3M3N2N1N3N2M3N1O2N2N2N1O2N1O2N101N1O2XROSNZm0\\2M2N2O1O0O3N1N101N3N00O0G:MVSO^MZl0a2iSO_MVl0`2f0O1O010000O10000O10000O1jSOZMQk0f2mTO\\MSk0d2kTO]MVk0d2gTO^MXk0c2gTO^MYk0c2eTO]M\\k0e2`TO]Mak0b2^TO_Mbk0b2]TO^Mck0b2\\TO_Mdk0a2[TO`Mek0_2[TOcMdk0]2\\TOdMck0\\2\\TOdMek0[2[TOfMfk0Z2XTOgMhk0Z2WTOfMik0Z2VTOgMjk0Y2VTOgMjk0Z2TTOfMmk0Z2RTOgMok0Y2PTOgMPl0Z2nSOhMQl0Y2lSOkMRl0S3O6K6Il0UON101N1N3L4L4J6I8F9nNR1G:L30001O1N3XO`ROlNam0k0hROSO]m0?mRO^Oon0Kgdh9"}, "iscrowd": 0, "area": 0, "category_name": "fish"}, {"id": 4, "image_id": 0, "bbox": [358.0, 335.0, 57.0, 153.0], "segmentation": {"size": [1024, 768], "counts": "V]X;4km0=eSODUl0f0eSO\\OWl0l0dSOTOYl0R1eSOmNYl0X1dSOiNYl0c1]SO^N`l0g1]SOYNbl0j1\\SOWNbl0l1]SOTNal0o1]SORNal0Q2^SOoMal0S2]SOnMal0T2^SOmMal0T2^SOmMal0U2]SOlMbl0U2^SOkMal0W2]SOiMcl0Y2ZSOiMel0j200O2O1N102M4L5L3M2N2M4M5K6JcNfTOTNXk0k1nTOQNRk0n1RUOmMPk0R2XUOeMjj0Z2_UOVMij0i2X1O100O3N12N001O2O3L01ROVSOaNnl0X1]SO^Nil0^1S1TOhQOB^o0M3MdbP;"}, "iscrowd": 0, "area": 0, "category_name": "fish"}, {"id": 5, "image_id": 0, "bbox": [275.0, 470.0, 82.0, 91.0], "segmentation": {"size": [1024, 768], "counts": "e`b84ko01O100O10001O00010O001O10O0100O10O0100O100O100O1O010O0`N0QSO0il0<QSODll0b0PSO_Oll0g0RSOYOkl0l0RSOUOll0n0SSOPOml0S1RSOkNnl0X1PSOgNPm0]1nROaNRm0c1kRO\\NUm0i1gROVNYm0m1gROnM\\m0T272M2O0000O1O100O1O101N100O2O0O2O001O1N101O1O1O1O1O1O1O1O1O1O2O0O1O3M3M3N1N1O3M2N5J7I7Hg_i<"}, "iscrowd": 0, "area": 0, "category_name": "fish"}, {"id": 6, "image_id": 0, "bbox": [471.0, 681.0, 123.0, 87.0], "segmentation": {"size": [1024, 768], "counts": "\\fh>3lo03O1N002O0O100O1O2O00000O100O2O1O4XQO\\Okm0R1`QOTO`n0V11O0000O0001M2D<B>01O01N3N1O2M2N2N3ZOVOQROm0om0TOnQOo0Qn0QOmQOQ1Sn0oNkQOS1Un0mNgQOW1Yn0jNeQOX1Zn0hNeQOY1[n07O001O00001nQO]Nem0c1YRO`Nfm0a1WROaNim0l1O00000O010O10O1O010O1O1O1N2O0O2O1O1O1O1O1O010O1000000O1000000000000O10000000000000001O0O2O000000001N2O1O1O1O1O1N2O1O1O1N2O1O1N2N2O2M2O1N2N2N2L4M3L5KjYX5"}, "iscrowd": 0, "area": 0, "category_name": "fish"}, {"id": 7, "image_id": 0, "bbox": [355.0, 771.0, 177.0, 83.0], "segmentation": {"size": [1024, 768], "counts": "ihX;2mo0101O001O00001O0O2O10O01O1O00100O1O010O10O10O100gQODll0=PSOGPm09kROKVm05eROO\\m01`RO2am0OYRO5gm0R11N3N1O1N2N2N1O2M2N3L3N2N2J6J5L5N1O1001O1O1N3N1O1O2N1O1O2M2O2N1O2M2@ROmQOo0Rn0SOkQOP1Tn0POkQOQ1Un0POiQOQ1Vn0POiQOR1Un0=01O00001O001O010TROZN\\m0f1cRO[N^m0e1`RO\\N`m0e1^RO\\Nbm0e1\\RO]Ncm0e1YRO]Nhm0m1000000000O10000O100O1O1O1O100O1O1O1O1O1O1O1O100O100O10000O100000000O1000000000000000001O001O001O00001O001O002N1O1O001O1O1O1O001O1O1O1O001O0O2O000O2O001N2O1O1N2O0O2O0O2N1O101N2N6K1NiVY7"}, "iscrowd": 0, "area": 0, "category_name": "fish"}, {"id": 8, "image_id": 0, "bbox": [113.0, 798.0, 42.0, 80.0], "segmentation": {"size": [1024, 768], "counts": "Qje32ao0`0K5K=VOoNlQOY1nm0kNlQO]1om0>L001O001O2XROQN[m0Z200O0001M3L4M3N102N1O100O2N1O2M2N3L4L4I7M4M2N3L4L4L6]OfPO4mUTc0"}, "iscrowd": 0, "area": 0, "category_name": "fish"}, {"id": 9, "image_id": 0, "bbox": [158.0, 805.0, 52.0, 76.0], "segmentation": {"size": [1024, 768], "counts": "Xkl43ko02O1O1O1VNJhSO7Yl0JdSO7]l0I`SO:`l0H[SO:gl0ISSO8ol0LgRO8\\m0G`RO;dm0n05I4M3N1N2L21O3M3M3J6O3QRO\\N\\m0U2O0001N1N3J5L4O1O100010O000001O001N101O1N2O2M2N2N3M4K5H8@]V^a0"}, "iscrowd": 0, "area": 0, "category_name": "fish"}, {"id": 10, "image_id": 0, "bbox": [245.0, 871.0, 113.0, 74.0], "segmentation": {"size": [1024, 768], "counts": "blT85jo08H?B3M1N4M[Od0M2100O2O1N3M2N2M3N3M2O1N3M2N3DiNlQOY1Sn0hNkQOY1Un0gNiQO\\1Vn0eNhQO\\1Wn0fNgQO\\1Xn060001O001O001O0UROXN^m0i1_ROZN_m0g1`RO[N_m0f1^RO\\Nbm0Q200O1000O010O100N2O1M3N1O2N2O1N200O100O10000000000000001O00000O10001O00001O1O001N2O2N1O0O2O1O0O2O0O2O1O0O2O2M2N3M2N2N2N2N3M2N4K5JnSd<"}, "iscrowd": 0, "area": 0, "category_name": "fish"}, {"id": 11, "image_id": 0, "bbox": [160.0, 737.0, 55.0, 71.0], "segmentation": {"size": [1024, 768], "counts": "bhP51jo0:H5M0O2N101M4L3N3M2N3M3N4^QOgNom02mQOe1lm081N101O1N1K6N2O001O000010O0010O10O10000O0100O1N2O1O1O100O1O1O1O101N1O2N2M3N1O3L4\\OoPO2kWXa0"}, "iscrowd": 0, "area": 0, "category_name": "fish"}, {"id": 12, "image_id": 0, "bbox": [150.0, 953.0, 70.0, 70.0], "segmentation": {"size": [1024, 768], "counts": "goP59So0d0N2O1O1OFUQO]Onn0c061N3TO\\OWROi0hm0YORROl0nm0UOoQOm0Qn0a000001O1O1O01O1O1O002N1O7I000000000000000001O001O001O001O1O1O1O1O1O1O1O2N1O2N1O1O1M4M2O1M4L4L8GTQSa0"}, "iscrowd": 0, "area": 0, "category_name": "fish"}, {"id": 13, "image_id": 0, "bbox": [0.0, 881.0, 93.0, 69.0], "segmentation": {"size": [1024, 768], "counts": "Ql0^1bn00O1O1O10000O100O1000000O0100000O1000000O2O00O10O100000O100000O010000O100O1000O100O1O1O100O101N101O0O101O000010O001O0DUROcNkm0\\1=O2N1O1O101N2N2N2N2N3M4L:F2M201N100O100000O1O1N3L6K0STXe0"}, "iscrowd": 0, "area": 0, "category_name": "fish"}, {"id": 14, "image_id": 0, "bbox": [53.0, 942.0, 41.0, 62.0], "segmentation": {"size": [1024, 768], "counts": "ini12mo01\\O7oPOLjn0h0N2M4M2J7N101000000O100O100O100O100O0100O1O1O1N3M3N2L3M3L5K4N0M4C<NnQQe0"}, "iscrowd": 0, "area": 0, "category_name": "fish"}, {"id": 15, "image_id": 0, "bbox": [82.0, 883.0, 70.0, 55.0], "segmentation": {"size": [1024, 768], "counts": "iln22ko04M201N1N2O2M2O1N3M2O2M2N2O1FVO[QOn0bn09O2fQOeNmm0\\1lQOjNSn0c1OO1O1O1O1N2O1O1N2O0O2O1O1O010O10000O100O1000000O1000001N101N101N3M2O2M2N2N3M2N2N3M6GlSSc0"}, "iscrowd": 0, "area": 0, "category_name": "fish"}]}