{"images": [{"id": 0, "file_name": "images/IMG_8591_MOV-2_jpg.rf.fb399b446ec6ccc12bea5b9321486b34.jpg", "width": 576, "height": 1024}], "annotations": [{"id": 0, "image_id": 0, "bbox": [165.0, 482.0, 67.0, 67.0], "segmentation": {"size": [1024, 576], "counts": "e_\\5?^o07I6K5L3M3M3M2N2N3N1N2O1N2O1O1N101O1O001O1O010O0010O00100O00100O001O1O1O010O1O1O2M2O1O1O1O1O2N1O2M3N3M4K2O1N3N3L<D3MX_h:"}, "iscrowd": 0, "area": 0, "category_name": "jellyfish"}, {"id": 1, "image_id": 0, "bbox": [382.0, 776.0, 99.0, 61.0], "segmentation": {"size": [1024, 576], "counts": "eiU<2mo02N2N1N2aPOISo09lPOHSo0:kPOGUo09hPOJWo0`0O10O01000O01O1O1O001O100O11O00001O1N10001O000O001O100O1O0O2O1M201O0010O010O001O010O1O00100O0N3M3O0O200O100O2O1N100O10000O10O1O010O1O100O1O100N2O2N1N3N1N3N2M6H`WR3"}, "iscrowd": 0, "area": 0, "category_name": "jellyfish"}, {"id": 2, "image_id": 0, "bbox": [468.0, 609.0, 74.0, 60.0], "segmentation": {"size": [1024, 576], "counts": "edd>2jo06M2N2N3M2M4L3K4M4L3N2N3M2N2O001N2O1O001O0010O01O1O100O1O10O10O10O010000O01000O10000000O010O100O1O1O100O1N2O1N200O101O0O100O1O2N1O1N3M2ETQO_OPo0>;M3M5Ig\\R1"}, "iscrowd": 0, "area": 0, "category_name": "jellyfish"}, {"id": 3, "image_id": 0, "bbox": [541.0, 244.0, 33.0, 43.0], "segmentation": {"size": [1024, 576], "counts": "UXn`06go07K4K3O2M2N101N1O100O101O0O1000FTQO@ln0?WQO]Ojn0d0900O100O100000000O11O001O00O2NXH"}, "iscrowd": 0, "area": 0, "category_name": "jellyfish"}, {"id": 4, "image_id": 0, "bbox": [0.0, 751.0, 20.0, 37.0], "segmentation": {"size": [1024, 576], "counts": "bg0n0Ro001O1O001O1O1O1N2O1O2M2O2M3M4KnW_a0"}, "iscrowd": 0, "area": 0, "category_name": "jellyfish"}, {"id": 5, "image_id": 0, "bbox": [547.0, 523.0, 27.0, 38.0], "segmentation": {"size": [1024, 576], "counts": "f`Ta09fo03M2N1O1O2O1N101N2O1N101O0O2O1O1O1O001O1O001O001O0000Od_O"}, "iscrowd": 0, "area": 0, "category_name": "jellyfish"}, {"id": 6, "image_id": 0, "bbox": [444.0, 775.0, 33.0, 34.0], "segmentation": {"size": [1024, 576], "counts": "ehm=7ho01O1O1O101fPOFkn0<QQOHmn0;nPOHRo0d0O0O10000O10O1O10O0100O100O1O1O1O2M2O2N1N3N2M7F`WR3"}, "iscrowd": 0, "area": 0, "category_name": "jellyfish"}, {"id": 7, "image_id": 0, "bbox": [210.0, 113.0, 52.0, 28.0], "segmentation": {"size": [1024, 576], "counts": "hSf69eo04M2N2O1O1N101O1O001O0010O0001O00000000001O000O1000O100000000O01000O10000O100O1O100O2N1O1O2M3N3J]lh9"}, "iscrowd": 0, "area": 0, "category_name": "jellyfish"}, {"id": 8, "image_id": 0, "bbox": [170.0, 818.0, 42.0, 34.0], "segmentation": {"size": [1024, 576], "counts": "Qj^59eo04M3M2N2N2O1N1O101O000O1001O00000000000000001O0O10001N101O0O2N2O0O2N2N3KQV\\;"}, "iscrowd": 0, "area": 0, "category_name": "jellyfish"}]}