{"images": [{"id": 0, "file_name": "images/IMG_8468_jpg.rf.6a748d130991418e3da8737f17ba5e73.jpg", "width": 1024, "height": 768}], "annotations": [{"id": 0, "image_id": 0, "bbox": [346.0, 175.0, 135.0, 228.0], "segmentation": {"size": [768, 1024], "counts": "WQb84fg0;G9I7J4K5L6J6J8hL[Ne_OR2P`0TNi_OP2T`0VNd_Om1Z`0VNc_Ol1]`0UN__On1``0SN]_OP2c`0oM\\_OS2c`0nM[_OT2e`0mMX_OU2g`0nMT_OV2k`0lMQ_OV2n`0lMo^OV2Qa0jMl^OY2Sa0iMi^OZ2Va0gMg^O]2Xa0dMe^O^2Za0eMa^O^2^a0fM\\^O\\2da0hMV^O[2ia0jMQ^OX2na0n10O4M1N101O1O1O000O103L10O100O0104L1O7H8I4L5K3M1O3M2N3L2O1O1O2N4K5L0O2O4K4L5L8G6J100O100O1O1O100O001N2O1O2M2O1N101N2N5K5K5K:_O[mX="}, "iscrowd": 0, "area": 0, "category_name": "fish"}, {"id": 1, "image_id": 0, "bbox": [530.0, 0.0, 80.0, 158.0], "segmentation": {"size": [768, 1024], "counts": "V[^<`0\\g08H7I6K6I6K6J5K5L3M3M3M3N2M3M3N2M3N1N3N3L3N2N2N1O2N101N1O101N1O1O2N1O1O1O1nNbL`]O`3_b0cL^]O^3bb0eLY]O]3gb0hLQ]O[3nb0l01O0O2N101M3N1N3M2N3N1O2M2M4iLS\\OV2Pd0gMX\\OQ2kc0kM[\\OP2ic0mM[\\On1hc0PN]\\Oi1hc0TN\\\\Oh1fc0WN]\\Oa1ic0^N[\\O?@AWd0O`\\O3AMoc00e\\OHB7jc00h]OOYb00h]OOYb00h]OOYb01g]ONZb01g]ONZb01g]ONZb01h]OMZb02j2O10cgh9"}, "iscrowd": 0, "area": 0, "category_name": "fish"}, {"id": 2, "image_id": 0, "bbox": [364.0, 439.0, 139.0, 158.0], "segmentation": {"size": [768, 1024], "counts": "lmh87hg04L3N2N2N1O1O1oYOE[d0<c[OG[d0:d[OG[d0:d[OHZd09e[OIYd08f[OJXd07g[OLRO@gd0e0V\\O:hc0GW\\O:hc0GW\\O;gc0FX\\O;gc0FX\\O;gc0FX\\O:ic0FU\\O<jc0EU\\O<jc0DU\\O=kc0DT\\O=kc0DT\\O<lc0EQ\\O>nc0CP\\O?oc0Bo[O?Qd0Bk[Ob0Td0_Oi[Od0Vd0]Oh[Od0Xd0]Oe[Of0Zd0a1O1O001O1O1O001O001O1O1O001O100O001O100O00RMX\\Oe1hc0XN\\\\Og1cc0XN`\\Of1`c0WNd\\Oi1\\c0SNh\\Om1Wc0PNm\\Oo1Tc0mMo\\OT2Qc0hMS]OX2[d000000000O100O2O0000000O10000O100O1O100O10O02O0O100O101N2N001O1O0O10001O00001O00001O1O001O1O0O2O1O0O2N3M2N3L4K7I6H;ZORg]<"}, "iscrowd": 0, "area": 0, "category_name": "fish"}]}