{"images": [{"id": 0, "file_name": "images/IMG_3159_jpeg_jpg.rf.f6e6e62d74debd64b3f1301ca0e00076.jpg", "width": 768, "height": 1024}], "annotations": [{"id": 0, "image_id": 0, "bbox": [153.0, 0.0, 576.0, 229.0], "segmentation": {"size": [1024, 768], "counts": "iVf45ho06H8K5J4L4GSO[QOP1[n0ROcQOW1Vn0=M2N2N201O0N110001O1O0010O100O1N1O2O0O2[OkM^SOU2cl0kM\\SOV2cl0lMYSOV2hl0lMUSOU2kl0kMTSOU2ml0kMQSOV2ol0kMoROW2Qi0fMfZO2UL]2Ui0cMdZOc2]e0_MaZOa2_e0aM^ZO`2be0bM[ZO^2fe0dMXZO\\2he0fMVZOY2ke0hMPZOBhLf2Xi0iMoYOBhLd2Zi0kMlYOY2Uf0hMjYOX2Vf0jMhYOU2Yf0mMdYOT2\\f0mMcYOR2^f0nMbYOQ2_f0PN`YOo1af0SN\\YOm1ef0SN[YOm1ef0TNYYOl1hf0VNUYOk1kf0VNRYOk1of0UNPYOk1Qg0VNmXOj1Tg0WNkXOg1Wg0ZNgXOf1Zg0[NeXOd1\\g0]NbXOd1^g0^N_XOc1ag0^N]XOc1cg0]N[XOd1fg0]NXXOc1ig0^NVXOa1kg0`NSXO`1ng0aNPXO_1Qh0bNnWO^1Rh0cNlWO]1Uh0dNhWO^1Xh0cNeWO_1[h0aNdWO_1]h0bNaWO^1`h0cN]WOMeN0oi03[WONjNKki08XWOOnNHji0:UWO0QOEki0=QWOOUOCji0?PWONUOCli0?nVOOTODni0>mVONUOCoi0`0jVONVOCPj0`0eVO1[O^OQj0b0bVO1[O_OSj0a0`VO1]O^OSj0b0_VO0^O]OTj0d0\\VOOA]OSj0e0YVO0DZOTj0f0UVO2HWOTj0h0QVONITN4T1Sj0j0PVOM3WOni0m0nUOL5UOni0o0lUOM6SOoi0Q1jUOK9ROni0S1iUOKOXN1i0Wj0U1hUOJOWN6g0Tj0Y1gUOHOXN9c0Rj0^1gUOENZN=?ni0b1gUOEM[N>=oi0c1fUOFL\\N>:Pj0c1gUO_OKcNO4=6Sj0d1fUO^OMnN:OTj0e1eUO^OMnN;JWj0j1bUO]OLeNL3a0MXj0P2]UO[OMeN10>LZj0U2[UOXOLgNgk0R2\\TOWOMgNgk0R2\\TOPOLmN11gk0m1VTORN5T1NkN11fk0m1YTOQN1V10kN02ek0m1WTOSN3S11lNO1fk0X2WTOiN4nNM3hk0U2XTOjN2XOMGck0W2_TOjNOYOOGbk0V2`TOC_k0=aTOC_k0>`TOC_k0=aTOC4RNSk0[2jTOB^k0?cTOTOOfN^k0V2dTO\\NMI5A\\k0Z2eTOYNJK7_O\\k0^2cTOVNKM6_O\\k0^2cTOWNJL7_O\\k0_2bTOnMKHO=7_O]k0^2cTOmMJ>5WO^k0^2cTOlML?2WO_k0^2dTOcML0Oi01VO`k0^2lTObMDj00VO`k0^2mTOaMCl0OUOak0^2mTOaMCl0OUOak0^2mTOaMCl0OUOak0^2mTOaMCl0OUOak0^2mTObMAl0hk0b1gTOaMBm00TOak0_2RUO\\N\\OXO`k0]2TUOaM\\Oc0O@ak0]2TUO^M]Oe0N@ak0^2XUORNWOA`k0]2YUO\\Nfj0d1ZUO^Ndj0b1\\UO^Ndj0c1[UO\\Nfj0e1ZUOoMXOB`k0`2WUO^MXO93G_k0b2VUO^MYO82G`k0c2UUO^MYO82G`k0c2UUO^MYO82G`k0c2VUO]MXO92Fak0d2UUOlM[O_O`k0f2TUOkM\\O_O`k0f2lTOZME1M3ON30_k0e2eTOXMM101N11N02_k0e2dTOZML02O0072Wk0f2cTOYMM12M?3oj0g2bTOXMM2i0Ohj0g2bTOXMM3h0Nij0h2aTOXMM2c03Pk0c2`TOWMN3a04Qk0b2`TOVM02`0O@Nak0l2^TOUM20`01Vk0j2XUOVMYONQk0l2eUOWMZONPk0l2eUOVM[OMQk0m2dUOVMTOM_k0n2\\UOUMTO1]k0j2_UOTMUO0^k0l2^UOSMkj0m2T1001O0000001O00000aTOQMmi0o2SVOQMmi0o2TVOPMli0Q3a10dTOPMhi0P3YVOoLgi0P3e10000000000001O0bTOoLmi0Q3RVOPMni0P3RVOPMni0P3RVOPMni0P3RVOPMni0Q3QVOoLoi0Q3`100O100O100001O000000O100000000000000O10000001O0000O10000000000000000000000000000000000O100000ZSORMZl0n2eSOVMXl0j2hSOVMXl0i2`0N2O1M30SSO]M]l0c2aSOeMYl0[2fSOgMYl0Y2gSOhM:DXk0d2^TOhM8HXk0`2`TOiM0O_k0X2aTOjMM0bk0V2`TOcN_k0]1_TOeNak0[1^TOgNak0X1_TOjN`k0T1bTOlN^k0S1cTOcMK61:bk0m1bTObM3OL6LMck0\\2bTOaMn00aj0^2bTObMQ1L]j0b2bTObMn00_j0^2bTOcMn01_j0[2dTOdMe0LXO6_k0Z2cTOeMf0KXO7^k0Z2cTOdMg0KXO7^k0[2bTOcMh0KXO7^k0[2aTOdMj0IVO9_k0Z2aTOdMh0LWO6`k0Z2aTOdM8KO4G4`k0X2cTOeM7KN5H4_k0V2eTOfM5LM6J3^k0T2gTOgM4LN5I4^k0T2gTOfM7JO3H8[k0V2fTOeMQ12Zj0Y2eTOeMkl0[2USOdMll0[2TSOfMll0Z2TSOfMZ1Mni0]2gTOgMZ1Nni0[2hTOgMZ1Nni0[2iTOeMZ11li0Z2kTOcMZ14ji0Y2bVOfM^i0Z2aVOhM^i0X2bVOiM]i0W2kTObMa0NI2O8lj0V2jTOcM2M92N117lj0V2iTOdMb0NH118kj0U2jTOdMS1LYO;jj0U2jTOdMd15bi0W2jTOdMe14ai0X2jTOdMe14ai0_2_VOaMai0_2_VOaMai0^2gUO[MG8bj0]2gUO[MUO0<8hj0T2iTOjMf12ai0S2lTOiMd13`i0S2mTOjMc13`i0R2oTOjMa14`i0R2oTOjM`16`i0o1QUOkMk00ZO8jj0m1QUOkMg04]O5kj0k1RUOkMg05]O4jj0l1]VOhMmN9fj0m1SWOPNnh0n1nTOoMm12Ui0n1oTOQNl1OVi0o1mTOSNn1OTi0m1nTOUNn1NTi0l1nTOVNQ1KE3\\j0l1nTOUNR1LD3\\j0l1lTOVNS2NQi0l1kTOUNV2Ooh0k1lTOUNV2Ooh0l1jTOUNX2Onh0m1hTOUNZ2Nnh0T2kUOkMO2Vj0S2[UOkMCNL53KO1>4fj0h1hTOZNd0KBOL2;M55fj0g1jTOXNU1MJ4Wj0f1[WO[Neh0`1`WO`N`h0_1aWOaN_h0_1TVO^NL2Qj0`1lTO]Ne0;ZOCm05Xj0`1jTO`N??A^Ol04Zj0_1gTOcNb0=@]On02Zj0`1gTOdNd09^OAm01[j0`1gTOdNf01ZOJ3Ol00[j0`1hTOfNe0Og0Kli0_1iTOgNc00h0Jli0_1fTOjNf0NCIf00[j0_1eTOkNf0OYOJ3O\\l0^1aSOjNe08\\OA^l0j1UTOfN]O@^l0d1^TOaNUOI20\\l0e1_TO_NQl0V1TSOhNTn0W1lQOjNTn0V1kQOkNm00Pl0T1TSOkNh08WOEN2_l0U1dSOmNa0>\\OH^l0l0eSOnNa0?\\OG^l0l0cSOoNe0K\\O;0L]l0n0cSOnNQ12lk0o0SSOoNT1Nkk0S1QSOoNT1Mlk0U1nROoNg0LB4fl0Z1gSOfN]O46IVl0\\1WTOiN[O40HO0:NI0:Njj0_1_UOhN\\O5OG01:MH1dk0\\1aUOhNkNKdl0S1YSOQOan0k0dQOSO]n0l0cQOTO^n0m0^QOVObn0j0]QOXO[1OfNJgl0o0XSOXOg0IC<FFgl0V1QTOiNB;FF4N00Sl0o0iSOUO]13eNI20O1Tl0n0iSOTO_11nNLD2Vl0k0kSOUO_1MPO8fk0e0lSOVO^1NmN:hk0a0lSOYO^11hN8mk0>lSOYOd0L27YOc0ok00STOZOa0O_ON;W1ak0BTTOYOb00]OO=U1e0hNei0i0]UOXOj00E2^Og0mk0LdVOH`i06eVOF^NGdi0c0nWOF]NHei0b0\\UO\\OV2=iNGci0`0[UO_OQ1OFd0;^Oci0?ZUOBk0LUO3b0g0`0[Oci0=[UOAl0NSO2c0h0`0XOdi0?gVO]O[Ok07VOji0?iWO6\\i0ISTOBe2<Wi02TTOBf2;Vi03STOD]2b0`i0JRTOEP1OOk0nj0@TTOFn02ROLO1<n0ak0[OVTOHm00ROM01;n0`k0[OWTOHW2NiMOO002kk07YTOIon04`0000eTOKkf04nTOOk3NWg03mTO1l0K;2N1mi00nTO2m0K[O0H0?3_OLQ13Tj00mTO3_2JhN1mi02jTO5[o0KdPO5]o0JdPO6e2IRj08^TOJ21]k06`TONTOH9;Pl00VTOJXO?OA1N0a0a0_OXk08PUOIVO`02_O:=7CWk05]UO7f0Bmi04n3OPQOLVn04jQONTn02kQO1ELH0Q23`i00SUO2@8ICl15ei00UUO2ZO=N^Om0NN8gj0MVUO3XO=0]Om0NN7lj0ISUO7VO=3\\Oh14lj0i0ZUOVOij07WSOG25n1Mjj0NUSO;2Jo1Mij0k0`SOROX13Wk0T1WSOlNa10Wk0\\1hTOdNXk0U1YSOkN_n03aQO52Glm01k12N1O000TQOKmm05QRONBMmm04bROO[OKO2Tn04dROLlm03Q1N2O11O1RQOOWO07Nfm04dRO?BAjn02QQOL9Oemn0OmQRO2N4L2N2`POEO2Po0b0mPO_OSo0`07O1O14L4L1O1O1O2N1O2N2N3M3M3M2N2N1O2N3M3M2N2N2N2N3M2N3M3M3M2N3M3M2N1O1O1O2N1O20O12OO00000001N2N1O010O02O0002NOO100001O1N2N2M1O2K5M3M3N2N3M2O0O3M3N1N3M2O1N3M2O2M3M3M2O2M3N2M2O2M3M3N2M4L5L3L4MQm\\1"}, "iscrowd": 0, "area": 0, "category_name": "puffin"}, {"id": 1, "image_id": 0, "bbox": [361.0, 603.0, 182.0, 117.0], "segmentation": {"size": [1024, 768], "counts": "QdW;6go04N2N1O100O1_OD^QO=_n0F`QO:^n0HaQO9]n0JbQO6\\n00_QO1`n02]QOObn0h0O01000O100000000000000001O001O001O1O1O010O1O001O1O10O01O010O01O2N1O101N2N1O1O1O1O1O1O1oRO_Nak0b1\\TObNbk0_1\\TObNdk0^1[TOcNek0^1YTOcNgk0^1WTOcNhk0^1WTOcNik0^1UTOcNkk0^1STOcNmk0]1STOcNmk0^1QTOcNok0]1PTOdNPl0]1oSOcNQl0^1mSObNTl0^1kSOcNUl0^1jSObNVl0_1hSObNYl0^1eSOcN[l0^1bSOcN_l0_1^SObNcl0^1ZSOdNfl0^1WSOcNil0`1RSObNol0V210000000O01000O1000000O1000O1000O10000000O100000000O1000000O1000000O10000O2O00000O1000000O2O0O2O000O101N101O0O101O000iMgROf1Zm0YNiROe1Wm0ZNkROd1Vm0\\NkROc1Um0]NkROa1Wm0_NjRO^1Ym0`NiRO^1Xm0bNiRO\\1Xm0dNhRO\\1Xm0dNiRO[1Wm0eNjROZ1Vm0fNjROZ1Wm0eNjROZ1Vm0fNjROZ1Wm0eNiRO[1Wm0dNkRO[1mm01O010O1O1O10O01O010O101O000000000000O101N2N2N6J7I7I2N2M3M4LYZP7"}, "iscrowd": 0, "area": 0, "category_name": "puffin"}, {"id": 2, "image_id": 0, "bbox": [0.0, 196.0, 123.0, 126.0], "segmentation": {"size": [1024, 768], "counts": "X6]3cl0010O100O1000O2N1O3N1N1O1O1O1O1N1O2ZORSOWNPm0g1SSOTNPm0l1XSOiMll0U2a0O1N1O2O1N101O1O001O001O010O1O10O0100O1O010O1O100O1O10O0100O2O0O1O2O0lNaQOe0`n0YOcQOf0_n0UOcQOl0in08G3M102M100OBaQO\\O_n0c0dQOZO\\n0g0fQOUO[n0k0gQOSOYn0m0iQOPOYn0o0<1O10O01O010O010O1O010O010O0010O010O0100O010O0010O01O01O001O0O101O0ESQOCmn0<XQO_Ojn0`0XQO]Oin0d0901O000000001O001O1O1O3M1O1O0O2N2N2MifQd0"}, "iscrowd": 0, "area": 0, "category_name": "puffin"}]}