{"images": [{"id": 0, "file_name": "images/IMG_2525_jpeg_jpg.rf.e9788896d11d85d89b81cae4cd20008a.jpg", "width": 768, "height": 1024}], "annotations": [{"id": 0, "image_id": 0, "bbox": [496.0, 286.0, 32.0, 45.0], "segmentation": {"size": [1024, 768], "counts": "\\Ya?8do06J6gPOCin0m0M2O0000001N10000O1000000010SO\\QO;fn0B^QO6jn0EZQO9Xo0N3N3L2O0OWfe7"}, "iscrowd": 0, "area": 0, "category_name": "puffin"}, {"id": 1, "image_id": 0, "bbox": [190.0, 566.0, 54.0, 41.0], "segmentation": {"size": [1024, 768], "counts": "Ybl5>_o05L2L5K4N3N100O101O00001O0100O3M2OO01O000000000000001O00001O000000001O00001O001O001O1O001O001O1O001N2O2L4M4L^]\\`0"}, "iscrowd": 0, "area": 0, "category_name": "puffin"}, {"id": 2, "image_id": 0, "bbox": [528.0, 294.0, 42.0, 35.0], "segmentation": {"size": [1024, 768], "counts": "ZYc`06io0<D1O2O1O001N101O001O1O1O1O1O1O0001O00001O00000O10O1001N101O0O2O1O1N2N2N4JbfV6"}, "iscrowd": 0, "area": 0, "category_name": "puffin"}, {"id": 3, "image_id": 0, "bbox": [100.0, 435.0, 35.0, 29.0], "segmentation": {"size": [1024, 768], "counts": "U^V39go01N2O1N1K6M2O2N1N2O2N100000000001O1O001O2M101O1O001O0O2O1O1O2M2O2M3Miafc0"}, "iscrowd": 0, "area": 0, "category_name": "puffin"}, {"id": 4, "image_id": 0, "bbox": [41.0, 439.0, 39.0, 21.0], "segmentation": {"size": [1024, 768], "counts": "m]X13lo03N1N2O1O1N2O001O1O0O2O001O0O100000000O10000000000000000000000001N2O3M2M4M2Mna`e0"}, "iscrowd": 0, "area": 0, "category_name": "puffin"}, {"id": 5, "image_id": 0, "bbox": [98.0, 538.0, 52.0, 86.0], "segmentation": {"size": [1024, 768], "counts": "XcY33ko04M2N100L4L4N2O1O1O1O1O1O1O1O100N2O1N2O1O0010OO0@TOoQOl0_m0ROcRO8Fi0gm0RO`RO]1`m0eN^ROZ1cm0hN\\ROU1fm0lNXROT1im0nNUROR1lm0`01O1O2M3N2M3M5K4L4M2M4K4L5K6Ib^Wc0"}, "iscrowd": 0, "area": 0, "category_name": "starfish"}]}