{"images": [{"id": 0, "file_name": "images/3332zzqHippocampAbdom3seahorses.jpg", "width": 1290, "height": 730}], "annotations": [{"id": 0, "image_id": 0, "category_id": 0, "bbox": [336.0, 56.0, 440.0, 638.0], "area": 280720.0, "iscrowd": 0, "segmentation": {"size": [730, 1290], "counts": "QS`7e0ee0b0I7J6F9G:L4L3M4M2N2N3M2N3M2M3M3L4N2M3N1O2M3N2N101N2N2N1O2N2M4M2N3L3N2N2M3N2M3N1N3L4L4M3M3M3M3L3N3L4N2N2N1O2L4L3N3N2L4M2M4L3N2N3N1O1O1N3G8I7F;I6A?B?J5J7J5M4M2M4K5L3O2M2NhLjCQLS<m3VDnKh;Q4_DlK^;T4iDgKU;Y4oDeKo:[4TEeKf:]4^EbK[:c4iE[KS:f4QFZKk9g4YFWKe9i4^FVKa9i4bFWK\\9i4fFVKY9i4jFVKU9i4nFVKQ9j4QGUKm8l4UGSKi8n4YGRKc8o4`GPK_8P5bGPK\\8Q5fGnJY8Q5jGnJT8S5nGlJQ8T5QHlJm7U5SHkJj7W5XHhJe7Y5]HgJZ7kMRF`7f2dJW7a5lH^JS7b5nH_Jo6b5RI^Jm6b5UI]Jk6b5VI_Jh6`5ZI`Je6`5]I`Ja6`5`I`J_6`5cI_J\\6`5fIaJW6`5kI_JR6b5PJ^Jn5b5UJ]Jj5b5XJ^Jf5b5]J^Ja5b5aJ]J]5d5dJ\\JZ5e5hJZJV5f5lJZJR5g5PKXJm4i5UKXJh4g5\\KXJ_4k5cKUJU4Q6mKoIP4R6SLmIk3S6XLlIg3R6\\LnIc3Q6`LnI^3R6dLnI[3P6iLPJU3n5nLRJQ3m5QMSJm2m5VMRJh2m5[MSJb2n5`MRJ[2Q6gMoIV2P6oMoIo1P6TNPJk1o5WNQJg1o5[NQJd1n5^NRJa1m5aNTJ]1i5gNWJX1g5kNYJT1f5nNZJP1f5ROZJm0f5TOZJj0g5WOYJf0j5ZOVJ>Q6DnI8V6HjI6X6JhI4Z6LfI3[6MeI2\\6NdI0^60bIO_61aIN_63aIL`64`IJb66^IHd68\\IEg6<YI@j6`0VI]Om6c0SIZOP7f0PIWOS7i0mHTOV7l0jHSOW7m0iHROX7n0iHPOW7Q1iHnNX7R1hHlNZ7T1fHlNZ7T1fHkN[7V1dHiN\\7X1dHgN]7Y1cHfN^7Z1bHeN_7[1aHdN_7]1aHaNa7_1_H_Nb7b1^H[Ne7e1[HYNf7h1ZHVNg7k1YHSNi7m1WHQNj7P2WHmMk7S2UHlMk7U2UHjMl7V2THiMl7Y2SHfMn7Z2RHeMn7\\2RHcMo7]2QHcMn7^2SH`Mn7`2RH`Mm7a2SH^Mn7b2RH]Mn7d2RH\\Mn7e2QHZMP8f2PHYMP8h2PHWMQ8i2oGWMP8j2PHUMQ8k2oGTMQ8n2oGoLR8R3nGmLR8T3nGjLT8V3lGhLU8Y3kGeLV8\\3jGcLV8^3jG`LX8`3hG_LX8c3hG[LX8f3hGZLX8f3hGYLX8h3hGWLX8k3gGULX8l3hGSLX8n3hGRLW8o3iGQLV8P4jGoKV8R4jGnKT8U4kGkKT8V4lGjKS8W4mGhKS8Y4mGgKQ8[4oGeKP8\\4PHdKo7]4QHcKn7_4QHaKn7`4RH`Kl7b4TH]Kl7d4TH\\Kk7e4UH[Kj7f4VHZKi7g4WHXKi7i4WHWKh7j4XHUKh7l4XHTKg7n4XHRKg7o4ZHoJe7S5[HmJd7T5\\HkJd7V5\\HjJb7X5^HgJb7Z5^HfJ`7\\5`HcJ_7_5aHaJ]7a5cH^J]7c5cH]J[7e5eHZJZ7h5fHXJX7j5hHUJj1bMV1\\8oLRJh1jMR1V8VMPJe1oMP1T8[MmI`1WNP1n7`MjI\\1`No0h7eMhIZ1dNm0f7iMfIY1gNj0e7mMdIW1kNg0d7RNaIV1POb0a7XN_IU1VO;^7aNZIT1]O5[7gNXIT1@O[7mNUIS1DKY7ROSIR1JDV7ZOPIQ1O]OV7AkHQ15WOR7HiHQ19oNR70eHQ1`0cNP7<`HQ1S1[MR7d1kGQ1[<POdCQ1[<oNeCR1Z<nNfCS1Y<mNgCT1X<lNhCU1W<kNiCU1W<kNiCV1V<jNiCY1U<gNkCZ1T<fNlC[1S<eNmC\\1R<dNnC^1P<bNPD_1o;aNPDb1n;^NRDc1m;]NSDd1l;\\NTDf1k;YNUDh1j;XNVDj1h;VNWDl1h;TNXDl1h;TNXDm1g;SNYDn1f;RN[Dm1e;SN[Dn1d;RN\\Dn1c;SN]Dm1c;SN]Dm1c;SN^Dm1a;SN_Dm1a;SN_Dm1a;SN`Dm1_;SNaDm1^;TNbDm1];SNdDm1[;SNeDm1Z;TNfDm1Y;SNhDl1W;UNiDk1V;VNjDj1U;WNlDi1P;ZNPEf1n:\\NREe1l:\\NTEd1l:[NUEe1i:]NXEc1f:^NZEb1c:aN]E_1c:aN]E_1a:cN_E^1_:cNaE]1^:dNbE\\1^:dNbE\\1^:cNcE^1\\:bNdE^1[:cNfE\\1Z:dNfE]1Y:cNgE]1Y:]LbBo1U3e1Y:ZLdBP2S3f1Y:XLfBR2Q3f1a:XN`Ei1`:VN`Ej1a:UN_El1a:SN`Em1_:RNbEo1^:PNbEQ2^:nMbES2]:lMdEU2[:kMeEU2\\:iMeEX2Z:hMfEX2Z:hMfEX2Z:gMgEZ2X:fMhEZ2X:fMhE[2W:eMiE[2V:eMkE\\2S:eMmE[2S:eMmE\\2Q:eMoE[2Q:dMPF]2n9dMRF]2m9cMTF]2j9dMVF^2h9bMXF`2f9`MZFa2d9_M^Fb2`9^M`Fc2_9]MaFd2]9]MdFd2Z9\\MfFe2Y9ZMiFf2U9[MkFf2T9ZMmFf2Q9ZMPGh2i8]MWGd2g8\\MZGe2d8\\M\\Ge2b8\\M^Ge2a8ZM`Gf2_8[MaGf2\\8\\MdGd2Z8]MgGd2W8]MiGe2T8\\MlGe2S8ZMnGg2Q8YMoGh2P8WMQHj2n7VMRHk2m7TMTHl2l7TMTHm2k7SMUHn2j7QMWHQ3g7oLYHR3f7mL[HU3c7kL]HV3b7iL`HX3^7gLcHY3^7fLcHZ3\\7eLfHe1TLjMU;`0jHb1VLkMQ;a0lH`1WLnMl:a0RIJfKG`0Ng:?WIElKG94d:?ZIVOYL3L7`:?^IRO[L5I:^:=aIPO[L7H;]:=aInN\\L8I<[:<cIlN\\L9I?X:;^KgNZIMU1P1S:;`KcNkJR1f9:\\MDe2:]MDf28^MFd27^MHd24_MKc22_MMb21`MNb2O_M0e2K^M4g2B_M=`<O1O1O0O2O001N2O1N2N2N2L]V^;"}}]}