{"images": [{"id": 0, "file_name": "images/algae87.jpg", "width": 195, "height": 260}], "annotations": [{"id": 0, "image_id": 0, "segmentation": {"size": [260, 195], "counts": "jf91;1OOo67mHK3NQ78jHK4N50`65WIM3N60h01b43\\JN4N60g06`4O]JN5M61FNo09a44cJD71E0P19Z46jJ@75f07n3=TKWO85g09j3<VKWO84f0>j37XKVO85d0c0]OXOP4i0fKWO95d0e0[OXOQ4k0oKXOe0g0YOWOi3S1XLPOg0g0VOWOh3U1ZLmNh0h0VOWOe3V1\\LkN1J>P1^OWOe3T1]LlN2I>_1R3M\\LkN4J<a1K]Nh2l0lLBNK7I;c1K]Nf2j0PMFOA5O9g1KZNf2j0SMELB7NON2j13YNc2l0UMJ4ZOMO3i13YNb2`0UME2`04ZOMO3j13XN`2`0XMD2a02\\OMN4i13XN]2>YM@262a02]OLM6i12XN[2>\\M_O261c02EO_14WN[2=cMDNg0Mh17aMY2=eMCNg0Mi16`MX28`MF9LG25m0Kh18`MV27cMF:NJg32_LV25eMG9MKi30^LW24gMF`0i3B^LU23jME`0k3@]LS26eN^3WO]LR25hN^3VO]LR24hNFRO62Q31oLU21gNHRO45U3KnLW20hNHRO35f3o1_LkNHQO26g3n1\\LnNJ\\Ok3e1\\LoNI[Om3e1XLCi3=VLCk3=TLDm3:TLE0\\N3OT3P2hLF0\\N22U3j1iLIO\\N23U3h1jLIM]N42W3f1hLLL]N42Z3c1eL72UN_3^1`L=0UNa3^1^L=1VNa3]1]L>1UNb3^1]L<1VNc3^1\\L<0WNd3]1\\L<OWNf3]1ZLj0f3VOZLi0X2`MTOZ4l0gKROZ4m0gKmN^4S1cKlN^4S1cKlN^4R1cKnN^4Q1cKnN]4R1dKmN]4@\\Kn09A\\4_O^Kj0;FZ4]O]Kf0?KW4\\O^Kd0=0V4YOcK`0:7V4SOfK`07=m4]OVKd0k4WOVKk0Q6O01O1N2O1NFVI_Oi6b0YI\\Oe6f0[IZOc6:]IG2O_69aIH0O^68eIHM0^64iILJO^60lI0G0U70kH0U70lHOT70mH0S7OnH1R7NoH2R7LPI3`70001O001OeQ?"}, "iscrowd": 0, "area": 8179.0, "score": 0.9462317228317261, "bbox": [35.0, 30.0, 102.0, 209.0], "category_name": "algae"}]}