{"images": [{"id": 0, "file_name": "images/algae94.jpg", "width": 378, "height": 260}], "annotations": [{"id": 0, "image_id": 0, "segmentation": {"size": [260, 378], "counts": "ji>3Q81N110O1jNOWJ2g51eIJ45i1JS29nKJ54h12m11ULI65g15k1MVLK83g16i1NVLI;3h16e1NWLI=3k15]10YLI`01MK^1:k19kLBJMa17j1:kLBHOe14h1;iLBJ0g11g1<YL@8310h10e1f0aLZO20h10d1h0aLWO32h1Od1h0aLWO32h1Nd1k0_LUO62g1Nl1d0UL]O81g1Nn1n0[LYOb1HT2o0ZLYOa1IU2n0ZLYO`1IV2P1YLWOODU16a2R1ZLTONFW13a2U1XLRO0FW13`2W1XLQO0EY13]2Z1XLnN2EY14\\20VLR1OWO4D[14[2MZLf1OYN\\14\\2J[Lj1LXN]14Z1I`NS26SN[1K^NR26TN\\1J]NS27SN\\1J\\NT28RN\\1K[NS29RN\\1KZNT2:QN\\1LXNV2:nM^1LXNZ26jMb1MWNZ27hMb1NWN[25hMd1NWNY25iMd1NWNZ24gMf10VNY23gMh1OnMLZO^2j0lMn1KTMIf04]O\\2j0mMo1MhMa28bMQ2MgMa28aMQ2NgMa29`MP2OhMa27`MQ2OhMb27^MQ20iMb26^MP20VMH?k29_Mo1OXMHa0i2OVMD<LD`2a0PNY2OXMC`0^2OQNX2N[MA>`2ORNW2MTNP2ETNW2KTNQ2ETNW2KUNP2DSNY2MTNn1EQN[2ORNn1GlM[26oMm1S3TNnLk1R3TNQMj1n2VNVMg1j2YNUM0fNY1Y4cNQM2hN[1V4cNRM2hN[1V4cNSM1gN[1W4eNQM0hN[1W4fNQMNhN\\1W4_NgK2Z11iN^1V4^NiK2Y11hNc1R4ZNmK3Z1NgNh1o3UNRL5Z1KgNk1T4ZN\\Mm1]2RNcMP2]2nMdMS2V4001O0[KlMZ3T2dLPNZ3P2eLQN[3P2bLQN`3o1^LRNc3m1]LSNd3o1YLRNf3P2WLTNYOIS4S2cLaNo1WObNY2]OaNn1^O`NQ2BaNl1@bNn1BbNk1BbNl1D`Nj1EcNi1DaNj1GbNEnNh1g0lNh1IdN@nNj1h0lNf1JeN^OnNj1j0nNb1KTN@Nf1>QO]1IUNCOb1KWN:i0g1LTNB0a1KYN;h0e1LTND0]1K_N<d0d1LTNE3Y1IcN`0?`10SNH2U1KdNc0<^14PNI4Q1McNe09^1:kML3n0Y1gNj0?iMM3o0[1^Nn0f0dMM1R1I\\N`0O_O0]3e0iLN2X18[Nn2>hLO3W15^NQ3<fLO4W13_NU3:dL13V12bNV37eL41R10fN\\33bL72Q1IfNg32^L82\\1g3[NXL81\\1i3\\NUL82\\1i3\\NUL91[1k3[NTL:1\\1k3YNUL:0]1l3XNUL:0e0KWOP4JUL;Nb06QOj30SL=Lb0P5lNUKb0Ib0T5gNXKf0Dd0k5XOTJh0n5VORJm0Q6mNoIW1a5]NiJ:F\\1j0\\Nd3OmK7E_17nNW4^OVLd1^OVOY4WOXLd1[OWO_4VOTLc2m3aMoK^2S4fMfK\\2[4f0SNbLTO\\3k0kLROP3P1TMPOg2Q1[MQO`2Q1aMQO[2P1eMXOQ2g0RN[Oe1m0ZNVOd1i0[N]O`1d0^N@`1`0_NB`1>`NB^1`0bNA[1a0fN^OX1d0hN\\OV1f0lNXOS1m0iNROW1SNaNP5`1iJ\\NG7Z5`1oJgNo4\\1PKdNo4]1QKbNm4`1UK_Ni4b1ZK\\Nd4f1]KYN`4k1`KTN^4o1i04LZN\\JR1`5nNbJS1\\5mNeJV1X5hNjJZ1T5eNnJ]1P5`NQKc1n4[NSKf1m4XNSKi1n4RNUKo1l4oMTKR2^51O1dKhMj2k1SLVNQ1OeN0V4l1cMTNWN4P4j1iMYNU2i1hMZNW2h1hMWN]2GRLh1_1`Nj2`1VLYN80TO2`4f1nK]N?Nb3_2cK^Me00i3i2h02N1L3L4O0010000010O0oNTKhNn4V1n03O100bKkMl2W2mLPNR3Z2ZLQNd3X301O00N2M2K5N2N2001M300jKfLa3]3WLiLi3h31O1001O0O2O0O10J6I7O1O10bN\\L\\Nd3a1aL]Nb3]1aLcNb3nNTLQ2>POf3l0^LTOa3d0iKZNl0R1[3`0kLoNROJS4V1_LbN@>0IP4X1_L[OGXOj3]1^L\\OHWOj3\\1_L]OGWOi3]1`L\\OGWOi3]1aL[OFXOh3^1dLXODYOh3_1gLVOA[Oh3_1gLiNVOM;Kg3_1jLgNWOL8Oe3_1nLdNWOM60c3a1PMaNYOM41b3b1RM_NXON41`3c1UM]NWOO41`3d1UM\\NWOO41_3d1WM[NWO022`3c1WMZNWO221`3b1WM\\NWO032`3_1XM^NVO032`3^1YM`NTO041`3\\1YMdNTOM42b3Y1XMgNF0T3U1WMlNn3S1SLmNn3d0hJ[OON^13l3b0`L^Od3>\\LBd3>\\LBd3=]LCc3=]LBe3=[LCe3=[LCe3=[LCe3=[LBf3?YLAh3>YL@h3`0n101G^HOa70aHO_70cHO\\71fHNY73gHMS7NgH67LP79RIFn6:SIDo6:?N1O1O00O101N1N2M3M21O1O1N3N3LW`5"}, "iscrowd": 0, "area": 35574.0, "score": 0.9669820666313171, "bbox": [55.0, 25.0, 303.0, 235.0], "category_name": "algae"}]}