{"images": [{"id": 0, "file_name": "images/algae46.jpg", "width": 347, "height": 260}], "annotations": [{"id": 0, "image_id": 0, "segmentation": {"size": [260, 347], "counts": "VX9160o00`51aIOo00=2l4NlJ?o4AoJ0iNa08B^60`Ie0LXON50Ld4OUMf1[NZNL0f31jLOY1e1aN\\Ne5i1QJYN1NY4O_L1MS2d3mM^L0MT2e3lM^LOJZ2g3hMkK0n0Y2W3gMkK29M3Z2i3fMoK4H7;i0INU4oNmK5L2NI6Q110R4POlK5O3Oh0OnN2R1U4QOiKLN:2Z1NbN0n0W4QOmKOL022Nd2W4fMjKC0c20`MY4NfK61k2Y4d0MnNiK\\NV4V1jKSN0M0`0T4U3KSLRLn3o33O1O1OfLSL_2e3gL[L[4b2gK_MO714^4Z1aKmN;EG2^4[1cKeNa0F]O217_4Y1_K^N49d0IZO8^4W1jKcNb0:6CZ2_1UNeN_NMg03\\ONT2MjN`1e1dN]M1V3Z1AaNZM4_1M0^1W1aNZM4_1M0^1W1aNZM4_1M0]1P1cN\\MO3103Y3[1hLaNY24dMM24Y3[1dL`N`21eMOO4X3]1^O_NYM4Y3^1\\O_N\\M1Y3a1A_N?c1cL\\N30`21j0c1cL\\N3Oa23h0b1dL\\Ni24a0e1]OZNd0e1^OYNc0e1o23M1O0fLVN:k1DVN<g1jLYNS6f1nIZNd0N04j3c1cK[Nc0N04j3c1dKZN:0EOf03g3d1dKZN91EOg02g3e1cK^NMK51h08]3_1gKbNi0;^3T1iKaNi0;\\O[Oj3g1SLaNh0IXO<W4Y1jKbNg0HYO<W4[1hKaNh0HYO;X4k1eKkM>1A`0]4e1cKjM?f0n3`1cKjM?e0o3e1QLYNQ4g1oKYNQ4b1aKkM>OC?^4g1ZLSNVOI`4T2bKjMb0?l3g1bKjMb0?l3g1aKkMc0>l3h1`KkM=MG`0\\4h1aKiNe4W1[KlNa4T1`KmN_4a0_KjN2ENi0b4f0_KlN1DOj0a4b20bN`KXO`4h0`KWOa4k0]KSOe4S1\\KdNf4\\2100O1N2L4K4oNnJUN0a00_OU5j1kJVN2?0_OS5l1kJVN2?OAS5i1nJVN1?LDU5h1lJVN3e0P5U1nJUN2e0Q5V1UK]NHMU5f1RK_NGJY5g1QKdNP5\\1PKdNP5^1nJaNS5b1mJZNS5g1nJVNT5j1mJSNU5l1lJRNV5o1iJPNX5n1jJRNV5m1kJRNV5m1kJSNU5P2hJPNX5Q2gJoMX5S2_JmM40^5l1aJ\\Nb5d1^JYNf5a1WJZN24j5]1TJ^N2014i5d1TJXN34j5h1SJYNm5g1SJXNn5h1RJXNn5m12O1O1ImI]NS6c1mI\\NT6i11O1O1O1N2O1OFZNXJe1h5\\NXJd1c5\\NWJO6d1W5_NgJO7b1R5_NgJO7b1T5]NfJ0KO6d1Y5]NfJ0J07c1d5]NUJ07c1d5]NVJO6c1e5^NUJO6c1e5^NUJO6c1e5^NTJ06b1f5_NTJO7a1S1_NT30cKO6b1Q1bNgNN_4NiKd1Q1^NgN0j4e1bLYNT30hKh1f5XNZJh1S1XNU30hKi19aNJHo3NhK06i1GWN`0:LH_4j1cK_NKEH2Y4OTLl1O^NKFI0Y41TLm1CQN7;0FI0Y41TLm1CSN1=NA34NM[4ORLo1CSN0>O@34NMk4n1UKSN0>O@34NMk4k1XKUNO`00COL_40hKh1GYN50Na0OBn4h1TKVNN?8@b4S2UKoM07OF84S4LhK05U2InM097Hc4P2WK[NNB90b4Q2ZKnMK=0D:Oa4S2YK]NL@:1`4Q2[KoML:>EZ4R2\\K]NU5c1kJ]NU5c1kJ]NU5c1kJQNK77Fj4S2SKoMM8Y5j1iJmMO9X5i1iJPNN7Y5k1gJ[NY5X2[OYMmKh2R4[MkKV2CQNb4KhKV2EQNd4GfKi2Z4WMeKd2HYM_40`K65b2MYM[4=eK[2NZM\\4>dK_10]NON\\4[2eKfM0N\\4[2eK_MOK0208Y4a2gK^MOI09Z4k2gKkL14NNZ4Z2hKdMO`0=An3R3QLoLo3X2iKeMN<7KS4S2mKRNOLU4Q2gKgMN<4OU4j1nKlMJ1003;T4g1oKlMG012200?V4c1PLlMF210301;LDY4Q2QLoME0024O29MEW4R2QLWNII1:MEX4o1cLQNWO<\\4`1eLaN\\3^1cLWNlN7`4d1cLTNmN9`4d1bLRNPO9^4e1bLQNoN<_4c1SLRN^O079JF`4n1PLSN@069IHa4l1^KRN40e0:XOHa4X2SLPN[OHc4T2^KkMd09\\OGa4]2^KbM3:M11Gb4X3^KhLc4X3\\KgLf4j1ZKeN091YOe4h1ZKjN0^O2=0Ad4k1ZKnN1F0Be4\\3O00dL\\KX3d4hL\\KX3_4gLcK1N[20^N^4XObK\\3_4bLcK]3c4OO100KcLbK]3_4dL`K`20dMO9e4B^KX3b4hL]KY3g40WKhL0Od4^30K\\KjL`4MbK^3b400YN\\KN`4\\NbK\\3^4dL`K^3`4bL`K]3a430O10@`LWL0Hb3P4dLQLa3j3?L3N3MRO]LaMc3`300O100OmN_LeMa3[2_LeM`3`3N20fNcLmM\\3T2dLlM[3U2eLkM[3U2eLkMZ3V2fLjMV2iNjN^3POiMX3Y2gLgMZ3X2fLgMn2jN^M^3DbL1S1]3[2eLUMNH^3U3aLaM_3_2aLaM^3d3O0OQOfLVM[3i3O1O2N1O1O102M1O100nMRKm0o4SOQKTOOb1P5ZOYKe0h4YO[Kd0f4\\O[KKCKT58[KGGOo4:\\K_OBD0h0Q54TLLl33VLLk33VLKk34WLIl35TLJo35PLKR43oKLT41nK_OaN<c53PLJS44nKLS40oKOU4IQL7n501IWH1i7Oe[1"}, "iscrowd": 0, "area": 45792.0, "score": 0.8966294527053833, "bbox": [36.0, 35.0, 302.0, 202.0], "category_name": "algae"}]}