{"images": [{"id": 0, "file_name": "images/algae3.jpg", "width": 289, "height": 433}], "annotations": [{"id": 0, "image_id": 0, "segmentation": {"size": [433, 289], "counts": "Va01h21fMS1ClN7l1KZNO:0C17NK2M8Om2P;WO0001OO2M200N1SOlDgN1Of;o0f01O4L001N10O100O1N2M4OO0101OmCYO[;i0aD^O[;b0cDIU;8gD3MWOe:f0^Ec0_:X110O0000001N01L4L5M1M4M4O0O0K7L3M3J6J6L301L5OO01I8I60OO3M2O1N2G9M3O10000O10OM4000000O1000]C4a;LXD=f;CYD`0e;@YDc0f;]OYDd0h;\\OVDe0j;[OUDe0k;^ORDa0Q<AhCHOg0[<<cMROYHm0l7nNUHk0\\:NVDYOn:f0oD^OQ;a0dD^OD7g;;`D0a;0_D0`;2\\D1e;l011N1001KXD^Ni;a13D=N3OON4N1O1N2O1O10OZOh0M20000000O1000000000000XLNPJ3g901OaJO^M1a20_M1P80fKNUK3j4NUK2U90iLOoH1g6NZF2n21h6MZF2n20P71QIOo60QI0k4MmIOZN3m23k4KnIO[N2m25d3I\\J000C0g28X3I^I1h0O8OD9[21`3F^I122j0MR17T13_3G_I7\\1INOiN5P35\\3HbI5Y1LiNN40b00ZO4P35\\3HbI5X1NhN11Mf0NZO5Q36Z37dI]Ol0h0Z3HR2:oIXO2k0k3Dl1BPJh0OWO0N143MMn0S4Bm1BoI?0F8KLNLo0T4@R20QJC7MGP1g1QO95lM2P6JPJ?4B8OFo0MPOi10;5nM0P6MoI8OL1N:OER1k2jNXN4QOMNOQ6>RJO4n0d2hNUN0RONS6=jI37k0f2gNRN2SOLo50PJ=NM0J1K3]1LdN1Og20YM0o06ROKo51RJR107m2kNnM1ROKQ60RJS1NmN1S1j2lNVM8h0OVOK3M20Z58cJS1NKk2\\O\\M_O65FL0O10O0R5:mJY2i2]MWM<4D74NLI0W5:gJJ14Oe1NYN`0Ji04A0NOCMH3T5c0jJC1m1>kMh03B1LNFMG3T5P1jJT1?jMh03CMUOOf03FLI2S5S3hJSM5J0N60c06k0McNMI2R5o3RKQLd04l0McNMI4o4P4RKRLd00o0McNMI3o4P4lJmK6;KK6KK5g1NQ4g0VJn10aM;9KCLL1O`13hNLJ0l41oJR40mK20N12c03CKM2O`11iNMIOj4X4YKiKKc04HLFa12P4P4gJmKH90G0O<2^12`NOD2j4P4_KmKI8OI91FO4Mb14eN9\\4l3YKoK22N20O0F1Oe14i3a4cJ_KNn01nNe13i3d4aJ]K2m0OoNe14e3S3eJ`N1[O0nN01a13h3m4hJPLOoNe12e3c4fJeK1d0j1UO[3e4jJbK1d02ROb13`3[6`LeI^3S4nJQNc1lM\\3V4QKSMN_OY1ZOiNOa0LW24_NY4gNmMW1UNX2FgMd6jNWIV1?Y2I[Mj6=`IV2KWMh6a0^IX2NdLD5U7i0]I[2f7`MdGVOh0Z3e7PMbG1n0n2b7lLeG0m0U3]7kLPIT3P7lLRIR3o6nLQHK?U3\\9M2N2N2N3L3M2NoN]MXG_2T4bM@0[LW2ROjMR;R28M>oMXDa1n;N0O10eFbNd6]1h2O1O3M8POiC8j<N2M2O4Kfdo0"}, "iscrowd": 0, "area": 69075.0, "score": 0.8853448033332825, "bbox": [1.0, 19.0, 215.0, 414.0], "category_name": "algae"}]}