{"images": [{"id": 0, "file_name": "images/algae22.jpg", "width": 1024, "height": 690}], "annotations": [{"id": 0, "image_id": 0, "segmentation": {"size": [690, 1024], "counts": "[Rj22_e01N3Z[OOgc04W\\ONac09]\\OJac08]\\OIbc08^\\OI`c08`\\OI^c08a\\OI_c08`\\OI^c08b\\OI]c08a\\OI^c08b\\OI\\c09c\\OG]c09c\\OH\\c08d\\OH\\c08d\\OI[c08d\\OH\\c08e\\OGZc0:f\\OGYc09g\\OGXc0;h\\ODXc0<g\\OE]a0_OP@m0cNDZa0CR@i0dND\\`0Ao_O7OH6m0@C[`0Cm_O9MG;j0@CZ`0Dm_O:LG;i0BB^>BlB4jNQ1:HAA^>EkB1kNR1:HAA_>FgB2mNQ1;FBB]>J\\BBRO?6n0=EBB]>LXB7\\Of0=EAC^>LVB8\\Of0>DAB_>NTB6]Oh0=CCA_>0QB6_Og0<CE@_>2oA6^Oh0;BI^O_>4mAR2D_N0[O_>5lAR2B`N3YO_>6jAS2B_N5XO_>8hAb3IVL_>9gAa3JVL_>;eA`3JVLa>:eA`3JWL`>:eA`3JVLa>;cAa3JULc><aA`3KTLd><`A\\4`>eK^A\\4b>Z10000001O000O2O00O1O1N2N2YOUIeBm6Z=WIbBi6^=ZI_Bg6`=\\I\\Bf6c=e0O1O010O1O001O1M2N3N2N1O2O1O10O0100000O100000000000000iMhBTLW=l3kBSLR=n3QCQLk<S4WCkKd<Z4\\CfKb<[4`CdK]<_4cCaK[<a4eC`KX<a4jC^KHQNW<b6QD]KFUNU<_6WDdKg;\\4ZDdKf;\\4ZDfKd;Z4]DfKb;Z4^DhKa;V4`DlK^;S4cDoK\\;P4dD\\LQ;b3QE^Lo:a3QE`Ln:_3SEaLn:^3QEcLo:]3QEbLP;]3QEcLP;\\3PEcLP;^3PEaLQ;_3oDaLQ;_3oD`LP;b3QE\\Lk:i3UEWLi:k3XESLg:o3ZEnKf:U4YEjKg:W4XEiKh:X4XEhKh:Y4WEfKj:[4UEdKl:\\4UEcKj:_4VE`Kj:`4XE]Kh:e4XEZKh:f4XEZKf:i4ZEVKd:m4[ESKc:P5]EoJb:R5^EmJb:T5^ElJ`:W5`EhJ_:Y5aEfJ^:]5aEcJ_:^5`EbJ_:`5aE_J_:b5`E]Jb:b5^E^Jb:c5]E\\Je:c5[E]Je:d5ZE\\Jg:c5XE^Jh:b5nD_HOn1U;c5iDiJW;W5hDjJX;W5gDhJ[;g70O2O000010OO1000O10OO20O010O1O100O100O010O1O01O010O001O0001O1O1O2O0O2N101N1O2O0O1O10O0100O10O100O001O100O11N101O1O1N2O1O1O0O2O1O1O1O001O0000001O0000010O00000001O01O01O01O0000QNnF^GS9`8VGWGk8h8YGUGg8k8[GQGg8o8ZGoFg8R9YGlFh8S9ZGjFh8V9YGhFi8W9XGgFi8Y9XGdFk8[9VGdFj8\\9VGcFk8\\9WGbFk8]9VGaFk8_9VG_Fk8_9XG^Fk8`9WG^Fk8_9XG_Fi8_9ZG_Fh8_9[G`Fe8]9]GcFc8\\9_GcFa8\\9bGcF^8\\9cGcF]8]9cGcF_8Z9cGeF]8[9n1O1O001O1N2N2N2N2M3N2N102N1O001O001O1O1O001O2N001O1O1O1O1O1O2M2O2M2N2O1O1O2N1O10000O1O101N3M4M2M3N4K3N3L2N2O0O2O000O101O0O010O1O1O0O100O2N1O10cN[ImCd6d;RJVDo5f;WJWDi5g;\\JVDd5f;aJYD_5b;hJ\\DW5c;mJZDT5d;oJ[DQ5c;RK\\Dn4c;UKZDk4g;WKVDj4j;ZKfCQN7e6T<`KjCa4T<_201O1N3N2N100O10O2O2NSFiF_7U9_HnFa7R9\\HPGg7o8VHRGk7n8RHTGP8l8lGWGU8h8iGYG\\8c8aG_Ga8`8\\GbGf8\\8XGgGh8X8WGiGb7ZOUHj88nG`7[OXHe87SH_7ZOZHb86VH_7BdGCHe8T1YH]7AdGe8n0nG[7^OcGf8Q1QHX7ZOdGh8S1QHW7k8hH]GP7d8nHhGh6X8WIlGf6T8XIoGf6R8YIoGg6P8YIQHf6P8XIRHh6n7VIUHh6l7VIVHj6k7TIVHk6k7SIWHm6l7lHXHT7S;O100O10O010O01000000001N1UNPISER7i:WIPEj6n:]IkDe6T;_IeDe6Y;l1N1N2O1N2O1O101O000001O2N1B_DiFb;U9_DkFc;S9^DlFc;Q9_DoFc;o8^DQGb;n8^DRGc;m8]DSGe;k8[DUGh;h8XDXGj;f8VDZGl;d8TD\\Gm;c8SD\\Gn;d8RD\\Gn;d8QD]Go;g1lCl43]IP<^1]DP5AcIR<[1aD]5_;bJbD^5^;aJdD]5\\;cJeD\\5\\;cJeD\\5\\;bJfD\\5\\;bJeD_5[;_JgD`5Y;_JiDa5W;]JkDa5W;]JkDa5X;\\JiDd5X;ZJjDd5Z;VJjDj5Y;QJiDo5[;jIhDU6[=0001oIVAW5l>dJXA[5j>`J[A_5\\?00O101O0\\MY@\\Oh?c0Z@[Oh?c0Z@ZOh?d0Z@[Og?d0Z@ZOh?e0Z@YOg?f0Z@ZOf?e0\\@YOe?f0\\@YOd?g0]@XOd?g0]@WOe?i0Z@WOf?i0[@VOf?j0Z@TOh?l0X@SOh?m0X@ROj?n0V@`NGnNV`0j0e_Ob0>D``0FV_Od0:Ed`0CT_Og09Dg`0AR_Ok07Di`0^OQ_Om07Dk`0[OP_OP15Eo`0UOo^OV12Dia0<X^ODga0<Z^OCfa0=Z^OCga0<Z^ODea0<\\^OCea07a^OH_a07b^OH_a08b^OG_a08b^O^OROA^b0Q1_^O@ha0?Y^O@ga0`0Y^O_Oia0a0W^O_Oia0`0W^O@ia0`0X^O@ha0?X^OAia0>W^OCha0=Y^OCga0<Y^ODha0:Z^OFfa09Z^OGga07[^OIda07]^OIca06^^OIca06^^OJba05^^OKda03]^OLda03]^OLda03]^OLea02\\^OLfa02]^OKfa03[^OLga01[^ONfa00]^OMfa00^^OLfa0OR\\f7"}, "iscrowd": 0, "area": 145644.0, "score": 0.9742226004600525, "bbox": [128.0, 100.0, 534.0, 491.0], "category_name": "algae"}]}