{"images": [{"id": 0, "file_name": "images/algae19.jpg", "width": 500, "height": 375}], "annotations": [{"id": 0, "image_id": 0, "segmentation": {"size": [375, 500], "counts": "Yc?1f;9F2O0M4N4M1L30L310000N7ZEVOH0O2U:o0mE]Om9W1000001O0O1N4^OXNQGi1m8YNQGh1o8]NlFd1P9aNmFa1Q9c001L`0[OkLlGX3S8iLiG[3V8301O001N2K5L3O2M2O2K4O2N2M7H4N100N2N2O1O2N1O1O0010N101O010O0010001N1OTKYKj2g4UMYKl2g4SMYKn2h4PM`Ki2a4VMaKh2_4XM`Ki2`4WM`Ki2`4WM_Kj2a4VM_Kj2a4VM^Kh2G_Kk4i1]Kl2JZKf4j1^KZ20XLJEh4i1\\K\\22VLJEh4i1[K]23ULJEh4i1ZK_2NgK4;LFh4V6XKiI5:KGh4U6`KTJd4k5\\KUJHGi4U6[KZJe4f5ZK\\Je4e5ZK[Jg4d5ZKmIM9i4l5]KlIJ1k4R6\\KlIJ1k4R6[KlIM0h4P6h0kJ^JS4c5\\K_JF9k4Z5ZKQKf4o4ZKQKc4XOVKk53nJ[4YOeKR6NdJ^4[OcKl6\\4UIeKi6\\4WIdKj6Z4WIeKk6[4UIdKl6[4811N30M01L5N1O001O4L2N00000O10O01N02N2O1N5I4O1O2N5K3NNnH`KQ7c40IoHhKP7`4000ITIbKm6]48N10O01O10eHfKZ7\\4OIhHoKY7n3iHRLX7l3jHSLV7m3lHQLV7l3;0oHTLX6k3gIWL]5MfJl3MWL\\50eJj3OUL[56PJM:h3<SLZ5a0PJf3i6c010O1000000001O000\\OYIjK04LMl6X1XI^17[Me6W1XIZ13cMa6S1\\IZ18]M]6Y1[IZ1X7eNhH\\1W7dNhH]1X7cNiH^1U7c1O1VIlKo5T4iIfKH006_6T4_IfK81IO16^6W4hIhKJ0^6Y4gIcKI122^6[4kIaKK0[6_4d0100O100N2O10000ON30000O100O01OO11M3000O01O2O00VORIYLO<o6U3_IjLa6W3^IiLa6Y3^IfLc6\\3[IcLg6\\3\\IXLD3Q7e3XIcLi6^3g011N1O001O00000D=K401O00001O00001O00000101O00O04M7H1O3N1O00O100O2aLlGW3^8MO1OO3M2O1O1O1O100O206QMUGb2P90O01N1010N1O1O11O1000000010O001O2O00O1O001O0000000101OO0001O1O2O1N2O06IO3N11OO010O2M2O3N0N3HRMbGP3[88OfLfGV3Z8kLfGU3U8jLkG32Q3S8RMmGo2R8PMoGP3Q8PMPHo2NlLm70RH13T3LmLS8NQHZ3o7fLQHS30mLo70QHQ3X8oLhGR32mLm71QHS3OnLQ8NQHR3OoLX8h2eG[Md8l200lNPM`H2l0l2f6XMZIb2j6_MXI]2j6cMVI]2j6cMWI]2PO\\Mg74YIh2P7TMfHn2[ORMk71iHQ3m6oLdH0OO8P3Y7PMhH00o2X7QMhH00o2X8000O1hNTMeIm2Z6SMgHMi0R3^6nLkH1`0N@X3X7jLPINI0OY3o6gLQI46MJ00Y3k6TMkIl2X6PMjIo2m6iLdHW3[7kLdHV3k6iLoHOI2;W3P7eLnH0I2:0ES3k7lLaH0ES3j7mLaH0ES3j7mLYH000MT3j7kLYH11OKV3V7kL[IOLY3i6iLYIOE01Y3P7iLYIOEO1Z3X8M`LiLVK9l2m2n1kLUK8m2n2m1jLVKON7n2P3n1jLYK8g2n2Q2hLYK;e2m2R2iLXK;l1FcNW3Y4hLUK?n1GPNN8S3k4WMTMBlM25T3k4WM\\MDiMU3k4WM\\MDiMU3k4nLmJ2`2JhMU3l4RMmJL]20gMR3Q5oLmJOZ22gMP3Q5PMnJNNLW28lMm2R5SMkJLONS2OmM93j2T5QMjJ6]2FhMP3S5RMiJ9\\2DiMo2S5TMhJ:o1DXNONo2S5TMhJMO:o1KVNK0o2_5\\MZLKVNKK01n2f5[MWL1RNl2f5TMXLX3i3iLVLW3i3jL[LQ3^3bLgJ>g0BTO104g0V3f3fLiL;iNDj0k0B\\ODk2X4ZMiLFoN;e0a0FYOEk2U4lM^LRO_O=`0c0I[2i3gM`L\\OJe0NW2g3QNULeNIb098G\\O<U3d3SNULcNJb03=NWOOJ9[3f3TNVLVONh05P2d3TNWLWOMf01aN5^3c3WNYLd00gM7a3Y3UN_Le00eM:e3P3c0QM^Ok2d0UM]Og2c0nLfK;h3e2\\NQM39c1c2XNXM45e1a2[NWM08f1_2[NYMO4jMKn3e2[N[MMOjM70Jk3b2m0iMROV2o0jMROT2n0mMTOQ2T1eMROV2Q1hMPOW2P1iMPOV2Z5M3N2M2O2O000XO\\F]Oe9a0]F]Od9b0aFZOa9b0dFYO^9g0dFUO^9j0cFVO^9h0dFWO\\9f0hFYOX9f0n0M20006ILBPE=Q;50O6K1L31OO2KbDN`;0oV;"}, "iscrowd": 0, "area": 87294.0, "score": 0.9484744071960449, "bbox": [47.0, 37.0, 412.0, 326.0], "category_name": "algae"}]}