{"images": [{"id": 0, "file_name": "images/algae17.jpg", "width": 400, "height": 459}], "annotations": [{"id": 0, "image_id": 0, "segmentation": {"size": [459, 400], "counts": "h`11Z>2N1N2SNM`E5\\:NdE2Y:0gE2U:1kEOLH_8<dG2EI`89_GAkN=d0F@4b9:[GCmN:c0GC2`9?WG:BWOE1a9a0VG9AVOG1b9g0nF5CXOKMc9j0kF5@Ld92hF`1W9aNgFa1X9`NfFc1X9_NdFV2i8hLQGe04i2f8aLWGg00l2g8\\L[Gl4c8PK`GS5j81O2N4K6K002N2M5L1O20PJfGn5V84O2L4XLjIkKM04<NB46J`1\\6a2fIkKN037MI1O5m1Y6X2cIRL01OI1N4m1\\6f2_I_K0N309n0DHf6R4\\IWK10;d0BA2>h6NYIY3LZL1N2O1N64H61K2;i62VIj2LWM1@10>1A72J39k6OVIn2J^M1YO`0>BD39a7n2YH^M0[O?=DD37a7o2YHeM2QO7`0JD46`7Q3XHWM1N9IJFO761c7e3WHVLN88O1N0Mc7S3SHmL062H088NJG0:4Kf7R3RH[M2A02NN;65MGLk7g3QHXL11N0=420l7j0cGg11[M36;M22l7h0eGm1O^Ma0HFOK<X8=eGWO4k2M\\M[1NQ7a0jGZ1IiN1ZOb1Ol6>kGa1FSN0?0@X:<SF`1FUNO>0C2KQ:?VFa1HTNOO170K2JR:?QFd1KfNO@1IS:=QFe1KVOT:UOoEe1NUOW:SOkEg10TOX:SOgEj11SOY:POhEm1OPNM?1G^:JfEP2NoMO8NI35g:k1YEoMO=4Gd:m1YEdN2_Oe:n1XEcNV;^1hDdNV;]1jDmM1?U;c1lDmMO90HQ1Nn8S2SFnMO71FV;U2kDlMO8];k1dDnMN7d0Lm9o1`EoMO1e06k9j1aEoMOOf0;i9f1bEoM0Of0;j9f1`EPNi09k9g1]EnMg09Q:h1TFVNP:i1jEPNYO6o:j1gERNXO5R;h1gERNYO4P;j1fESNZO2Q;k1_EQN@301R;j1]ESNA201S;i1\\EUN_O211U;g1ZE^NALT;f1[ElNb:S1_EoN5VO`9k1[FXN_Oa0>^OA42Ko9i1SFWN00O4M??Gg9^1nEXNO2N`00C>5g9^1TFoNH_O=3h9^1nEXNLj01]O;6DCR:h1QFWOMXO<9f9X1PFQONZO323MK?P:W1QFkNMA2N42N1M<R:V1PFkNNA2N4=K3Q:V1oElNO@3M3>K0NBT:g1nEmNN^O?;C0V:Y1iEPOa0G^O2Y:P2WF`Ni9c1TF^NCPOW:c2iEbM00000135NGU:_2jEdM0O101009OFT:W2kEjM10000010O91FT:[2lEeM01OO3`0O]OU:^2hEgM2OOO5?L^OW:R3lEeMU:[2gEhMY:U30N3UOcESM0:_:j2bETM_:Q1aE:3bN]:S1`E=1`N_:P3`EQM`:V2eE]N\\:]1_EhM4l0]:\\1_EiM0n0b:X1^E_N1Ca:n1^EWN2A37]:Q2^EXNOC56\\:o1`E_NOWO2<_:j2eESM\\:U1^E77[NI7b:W1^E77dN\\:T1]E8:aNY:V1^EUO3_O1g05^O[:W1[ESO>30CW:W1[ESO?0MBD6e:e1eFVNhN3e:e1dFWNiN3d:e1dFWNhN4e:T1WEUOc<j0]CVOd<X11O0O2O100O1O100002O0YCbN^<f1OQOaC4^<l01lNaC:_<i000001O000mNbC;?POY;e0XD>9TO[;>\\D>8UO[;>]D>5WO\\;=^D>1XOa;:^DR1`;oN`DR1^;nNcDT1Z;mNfD0N;W;EjDZ1T;P1O0O2O00GoDWMQ;j2QETMo:l2PETMQ;l2nDUMR;j2PEUMP;h2SEXMm:S300000000O2OLQElLn:T3REnLm:o2QEPM21l:o2YEPMg:h2VEYMS;g2oDYM00e:h2[EXMn:i2SEUML2k:i2^EWMa:i2a00O100O100O01000SETM[:l2cEWM[:l2bEVM]:m2]EWMb:k2[EVMd:X3100SN[E]N1_1d:4^EZNOb1NbN^:b1dE;Z:EeE=Z:CfE>X:ChE>W:ChE>W:ChE>W:l1OO10O10lMlE2R:T2O2O1N1O1N3MZNVF]M010T1i9W3N202M1O2N100O101O00TMaFTN0O0b2^9\\OjFc0V9[OnFc0R9]OSG?j8CWG<i8DYG:g8F\\G6e8J\\G5c8L^G3b8M`G1a8NcGM]84cGL]84cGL]84PGQN5i1l87kFWN6`1P99jFYN5]1P9:kF[N4[1Q9;jF[N4Y1R9=jF[N3X1R9=kF\\N4U1R9?hF_N5Q1S9c0dF^N;k0R9`1nF^NS9c1lF\\NT9f1lFYNS9h1mFXNS9g1nFYNR9e1QGZNo8c1VGZNj8g1VGYNi8h1WGXNi8h1XGWNg8j1[GSNe8n1\\GSMXOg0\\9W2\\GRMXOf0]9Y2dGaM]8a2cGkLPO217]9l2lFkL90^O0N=]9k2cFhLS1=Y8P3]GcL[O0M61MW9[3jFcLj04VONU9\\3kFcLh04XOMU9c3aGbL[OKQ9d3eGaL]OJk8f3jG_LYOMk8e3WGXL?2_O3g8e3XGULf02_O1b8i3XGVLg0O@2]8l3]GRLS12]7W4aHjK[7Z4eHfKZ7_4bHaK]7b4eG[Kh00c7Q5XHnJh7U5f02M2N4L3N5J2O0O2N2N2O2M3M1O1dKlI`0U6@kI`0W6h32dKhIc0X6kKhI\\30i0X6iKkI]3Mh0a6XO`If0a6YO`If0a6ZO_If0a6ZO_Ie0c6YO^If0e6WO\\Ii0e6UO\\Ij0h6ROYIl0Q7kNjHWM1n3Z7\\MlHFOl2X7\\MmHDKo2[7ZMlHEJP3]7WMmHFHP3e7QMeHMGQ3f7QMdHLGQ3i7gLkGKh0:FQ3l7aLoGNd0>BP3]9mLfFE]OX3T:lLdFQ3]:N1M3L5I6L4L5K5G8B?H:gNnBP1Y=L2M4K310O2N1O02ON3L3O1N2O2N10O02O00000O2O0001O0010O100O2O1NTP;"}, "iscrowd": 0, "area": 102742.0, "score": 0.9780523180961609, "bbox": [12.0, 3.0, 340.0, 431.0], "category_name": "algae"}]}