{"images": [{"id": 0, "file_name": "images/algae42.jpg", "width": 195, "height": 260}], "annotations": [{"id": 0, "image_id": 0, "segmentation": {"size": [260, 195], "counts": "jh971J_7e0WO\\OjIj03UO[54\\JQ10PO6Kh47mJV1McNN;<Ej4l2O3kJQMQ5R3N4M3cKgLh3[3ULhLi3]3kKaL42R4^3PLcLo3`3mKaLS4h30MkKWLT4n3N100oKPLm3Q4RLQL0Oi3m3WL\\Lh3P4]OfK[M[4c2iKZMX4f2jKmLJ8\\4k2mKmLG6\\4m2mKTMT4k2oKnLD2[4OeKP3?QMl3NfKo2c4QMfK1Fn2P5QMQKn2k4SMUKQ3l4nLTKP3n4PMRKP3n4PMRKP3i4QMWKS3j4lLVKS3k4mLVKR3n40K44M1MPKPM00n4R3201RMPKf2T5VMlJk2V52KSMoJn2S52N2N30OOVMQK^2n4>N1O10O01N101O00hLXKU3d4iL]K2OU3d4jL\\KZ3d4eL]K[3f4gLYKV3f4jLZKV3c4hL^K\\3b4eL]K[3c4dL^K2OU3d4iL^K[3`4fL`KY3a4gL`KX3a4gLaKW3f40IiLaKW3_1iLa1W3_NiL\\N0T3W3aNjL^1V3hNiLk00_MX3h1jLSNN`20dMY3k1gLQN4\\2LfM0NY3o1RM;S3CbLSN:Y2T3FdLZNNm1^3KbL`0`3Q2bL^K[3^4dLbK10Z3_49N[LcK30[3`4dL`K]3d1aLR11ZMc3c1\\LR12[Mb3c1\\LcN0X20cM`3OfL_1JfN0^21]Me3\\1\\LY1N]M1Oe3[1[LhNOM0[21eM00f3Y1ZL\\1O\\M1O0Oc3W1\\LiN22Nd20\\M1Ne33[LNO9159U2F^M1Ne37ZLe00TO40Lf20\\M1Ne31ZLO1108333c2`3bM[L_ON`00@0P3i3]M\\L4L`2g3_MXL@1=OE0h20[Mj3:ZLEM10L0h2OYMP4<TLL3]2IZMR4<SLL4X2P4\\NQLc1Q4[NPLd1Q4[NkKVOM]2Y4\\NQLb1P4^NbK]O6V2W4cNlK\\1V4`NmK_1W4ZNmKe1a4jMPKN80KW2LiMo4OUK051MX2o4gMmJ0>W2e4iMkJ0h09XOR10jNW5OdKN^OS1IkNY54aKL^O1FQ16oNc6o0]IQOh6i0YIWOh6g0=01L7I<DQm6"}, "iscrowd": 0, "area": 16466.0, "score": 0.8475134372711182, "bbox": [33.0, 52.0, 136.0, 172.0], "category_name": "algae"}]}