{"images": [{"id": 0, "file_name": "images/algae48.jpg", "width": 211, "height": 260}], "annotations": [{"id": 0, "image_id": 0, "segmentation": {"size": [260, 211], "counts": "]]88c2Ie2;QMLo25PMJR36nLIR38mLGS3;kLFT3;nJG_1N@Li2Q1eMTOAKj2R1eMROAKj2V1dMoNALi2W1YLhNU16DJTO2i3X1WLhNX14GMj2]1VLcNR14MKm2g1SM^NOLm2h1RM]N0Kn2j1PM\\N1JP3k1nL[N1HTO0l3P2mLWN3Mn2n1oLUN2Nl2P2QMSN2Mk2S2SMoM6Kf2W2SMoM6Jf2X2UMnM4Jf2Z2UMlM5Je2\\2VMjM4Na2Z2[MhM3O_2\\2]MfM3O^2]2^MeM3O^2\\2_MeM3FXO7U3_2`MdM2FYO7U3`2^MeM3C\\O7S3a2^MfM2B]O8Q3b2_MeM2A^O9P3b2_MfM1_O_O:Q3b2\\MTMBb0e0H[2d2]MRMCb0a0^O@<m2c2aMlMKBd2f2[MmLGl07Cf2d2\\MPNJ]Oi2f2[MmMK^Oi2b2aMdN^2_1]MjLIh1i2^1`McN_2_1_McN\\2`1^MeLOP2`2c3E:O3M2M3N102NmNVNmKi1W51000O1O1N2N101N100O011O0001N2O1WN\\NQMe1l2\\NTMf1j2[NTMg1m2WNSMk1k2UNTMn1c2QNoK0_1Q2_2SNoKLa1T2^2RNdMn1\\2lMiMU2R41O1N2XOhMeKU2V5N2O0O[OnM\\KQ2]4oMTK0>Q2]4VNfKi1Y4VNPKKg0n1i3QNnK6DJN0e0n1l3RNmK7BLd0k1]4ZNPKHO0d0m1]4\\NgKd1Y4`NoJDb0m1]4cNcK^1V4QN[K`0`0`1Z1PNk0g0jMY1\\1WN6LQNMKh0a0Y1\\1UN8MPNg0;X1]1UNMJ]N20d0:[1W1nM70UN2311NHa0b0b1V3lMZL351JL0f0b0c1k2hMdLO1332JL1e0b0d1j2gMjL2O2KK13O<a0l1k2fMeLO1332KK31NON<b0o1k2fMdL0=4CK1173=Y2j2dMmL5CK20O0P1\\2P3gMQLL01R1]2n2eMPLM10o0a2k0_MVN0j13UNMi00_Oa2b1fM7IgN1_Oc2c1aM7KQO0lNf2:\\MR13XOKi00UO1_O0OO:g2N^Mn05JG0OB0A09f2LaMl04LFH3YOM9OH1O01O:e2LeMj02MEG6ZOJ37MN>a2JdMHIk094CG:]OLM2=_2KkMb0KOI]OM64I2KJ0M>g2IlM`0N1E]ON73I:7W2KkM`0O0DZOLa06B96X2MjMa02M_O]ON1N:8HJLN10N59e2MhMh0OHB]ONN673d0b2YOgMg00J@]O85FH7i0f2\\OfMd01O[O[O=O21L3h2MbMd02CYOK2LN51K8061NNe3e0hLJZOAL:?GEO01_4a0XLEVON55JF=2D0m4:QLIRO07OHM`00C01Oe46\\LM]ON3O@0O0f43_LNXO0]72Wj;"}, "iscrowd": 0, "area": 18262.0, "score": 0.9195902943611145, "bbox": [37.0, 13.0, 124.0, 209.0], "category_name": "algae"}]}