{"images": [{"id": 0, "file_name": "images/algae91.jpg", "width": 182, "height": 260}], "annotations": [{"id": 0, "image_id": 0, "segmentation": {"size": [260, 182], "counts": "`=3c8NoN1lH2Q70lH2HMU72RI2HMV70RIb0f6^OZIa0R7^OeH01=n6BRIO33MNO`0n6@XI3K`0m6]OVI4N=b5^OfK0jNm0c6SOdI4Fb0]3[O3n0NTOkM0f0k0o2XORKJO20<l0CTO01Q1m4NSKPO10e0U1l3kN_K01R1MPO0N08<m0a43SKQO;l0a4TOUK>O]O1f1_4VNjK9GJ0MO>1F1e1^4XNhK?H21COd1`4XNcKY1Ne0e4\\O\\KhNOd1d4F^KcN06NW1:cNm3_1kKbNMe17^NP4]1kKeNOZ16cNj3NSL]32fLj3NTL\\30gLl3NTLc1L:Q4SNSLd3o3[LQLe3e1[L\\NNf11]Nh3`1ZL\\NMf14XNL0i3f1ZL81VNf3h3VLYLk3m2ULlL0n0m3U2SLcM1@m3m2RLmL0d01An3P3QLfMP4V30SOPLhMP4X2PLlL0i0Q4]2oKcMQ4f0oKdN2V2T2gMC_1_N8HhNP4Q1XLKHgN0426o3V1oK^N10OX2P4n0SLmLM>Q4e2QLnLN<R4f2QLmLM<R4h2QL\\Mo3e2QLTMU4m2jKSMV4n2kKPMU4Q3hKeL0;d3IhL[3DkLe3McLX3IkL^2FcN9UOV3LiL^2I]N:WOX3LdLa2J\\N;ROD0m3d2TLYN\\4h1eKSNV4XOhK0002b2NaM075J^4e2]K_Mk4_2UK\\M24h4a2VK\\M04h4b2XK[M02g4S30BYKaMe4c2\\KPM15_4P3cKRMd31cLQ3GnLe3_3YLmLf3h30_OZLfLf3l30^O]LbLc3_3ZLUL0=e3_3[LUL0;d3c3\\L^Lc3X3^LaL34`3[3]LaL34^3]3_L_L42]3`3_L_L31]3a3aL\\L42Z3c3cL[L0KM6`3e3dLZLO2\\3e3fLVLKN46[3b3bLYL5OJ206_3a3bLXLO149\\3^3aLXL003:\\3^3aLXL003:\\3^3aLXLO10=`3Z3`LXL1a0`3W3aLkL_3U3aLkL_3m2`L_L023`0]3o2dL_LOb0^3o2cL`LNa0^3P3dL_LLc0`3n2dL_L0>^3R3bL`L2;]3U3kLkLV3T3jLlLW3Q3ZLcL?<W3S3\\LaL2b0c3m2ZLbL4`0b3o2ZL`L4a0a3Q3\\L^L3>a3W3ZL[L61J8f3]3\\LZL12M8e3^3[LXL4=a3[3eL`L\\3Y3[LcLh10b0]3hMaLe13e0Y3nMcLKOL0T11kN0]2\\3eMcL<0A3U13Y1W3EcLmM0[21fM\\31cL[41eK[3NfL>NB0Q4[3oKgL>1Y3M[L02W33iLK0N00000000000k30ZLW3KjL3OM0031OON01k3O\\LX3OhLJ22NN4T4Q3lKlL63K4f3JYLN7T3<lL]O000g35ZLK3T3LmL?OA001g30YL63l2MnL:OH0N4l3LUL23P3LoL=6[3IYL3OM5Q3?oLX30UL14OMQ3a0oLY3=VLb25QM50D0Z4m2\\LVMT3MWL11O4m2JTMf4OdKm2FTMc0O]31TL1Oh2MYMb0M^O000[4i2fKZMb0M]O1n3O^Li2_4WMbKi2CXMf45dKa2`4YMeKd2A]Mi40gKc2\\4\\MdKf2\\4ZMTK0=e2_4[MdKd2o4M3O;GON3M101O1N3QNoIg1Z6MbI\\Nc6]1]IdNc6Y1^IhNe6T18N1N1N3N101O0O101N101N1O2ChHJ\\7NUW2"}, "iscrowd": 0, "area": 17231.0, "score": 0.8284103870391846, "bbox": [1.0, 4.0, 174.0, 218.0], "category_name": "algae"}]}