{"images": [{"id": 0, "file_name": "images/algae57.jpg", "width": 146, "height": 260}], "annotations": [{"id": 0, "image_id": 0, "segmentation": {"size": [260, 146], "counts": "fU75m73O3dJGh29UMJVN5g3MVN0oM9i3DXN7kM:i3AZN8jM:j3^OZN<hM9l3]OYN[1f1gNWN[1g1iNUNY1j1QOkMR1R2QOkMQ1R2ROmMo0Q2SOmMo0Q2TOmMm0Q2VOlMl0R2aNdL0X1a1R2`NhL0S1a1T2`NiL0P1b1U2_NhL[O3d0m0c1X2\\NPM3e0b1Y2]NQM3c0b1[2\\NRM4`0`1^2\\NSM5<`1a2UNRMALn0=_1b2TNUM_OKP1<^1c2TNVM]OKT18_1`2TN^Mb00\\1^2RNbM[OHU4e2`LcMf3[2ZLbMj3]2WLcMXOK_4a2XLbMYO1_4]2XLgMi3X2XLgMi3Y2VLiMi3W2ULjMm3U2RLlMn3S2SLiMQ4W2oKiM;Jc2]2UMeM9Ob2Z2WMeM81a2Z2[NhMd1W2UMeM[O0o06`2U2]NlMc1R2^NnMb1R2^NoMa1P2_NRN`1n1`NSN`1l1`NTN`1l1_NVN`1i1aNXN_1g1`N[N_1e1aN\\N^1e1`MkM2a0]2e1^MlM5`0]2d1\\MmM7`0\\2d1[MmM9`0[2d1[MlM:b0Y2c1[MlM<b0Y2b1ZMlM=c0X2b1YMlM?c0W2c1VMmMb0b0W2a1UMnMd0c0V2_1UMnMe0d0U2^1WMnMc0e0U2^1WMnMc0f0T2\\1YMnMb0h0U2Y1ZMoM`0j0T2W1\\MoM`0m0Q2U1_MmM`0o0P2T1`MmM`0Q1n1R1cMlM?T1l1P1eMkM`0V1j1o0fMkM`0W1i1o0fMjMa0X1h1o0eMkMb0W1h1P1`MmMh0T1f1b1ZN^Nf1c1ZN]Nd1d1[N^Nc1d1[NiLZOa1Y2g1]NgL[Ob1X2h1\\NfL\\Oc1W2i1[NdL^Oc1W2j1ZNbL@e1`1]NPO\\3NcLBe1]1_NROY3OdLAe1[1aNTOW3OcLBf1Y1aNVOV34YNd0cNWOV31ZNf0cNXOT3N\\Nh0bNXOU3M[Ni0cNXOS3L^Ni0aNZOS3JaNe0`N@c56bJIm600O2N2LRT4"}, "iscrowd": 0, "area": 11686.0, "score": 0.9713226556777954, "bbox": [23.0, 18.0, 109.0, 200.0], "category_name": "algae"}]}