{"images": [{"id": 0, "file_name": "images/algae75.jpg", "width": 195, "height": 260}], "annotations": [{"id": 0, "image_id": 0, "segmentation": {"size": [260, 195], "counts": "mW=1i6?PJCl5h0iI]OU6\\1M4Ld0YJhMZ4\\2[KSN]4R3H4L4L4L?A2N3M3N2M4VMSKU2o4fMYKV2i4dM]K[2V501O1N100O2O0O2N001O001N2O1O1O001O1O1O10O01O00101N100O2O001N1O011N6J1OaIcNX6i0cIG5CV6X1jIhNX6Y1fIgNZ6X1gIgNZ6X1gIjNLLW6Y1mIPOKHT6X1lIfN2a0P6h0nIgN000c0R6d0nIiN0f0R6b0oI^OQ6[11UOoIAP6?nICQ6=oIDQ6;oIHP66RJmNN27a0e5`0TJVO2=i5<WJQONO2g0g59WJXO0`0i57YJQO4j0a55[JQON02k0e54ZJPO011l0d54ZJ7e5I\\JoN0O2P1U3QOQOR1gMRO1m0S3ROlLLW2T1kMnNOQ1R3oNmL35Kh11UNn0N<n2SOVMBj10SNP11QO1S1a2lNbM`0M@o1P1oMRO0U1W2JlMPO32_1m0[NPO2W1R2MnMmN15b1Z2>dNoMPOM7d1c0]NRO100V1c1jN[N24_1N_Ne10YNS10nN1O1W1`1RO_NX1=`NCO80c0V1[O4X1d0fN\\NKG9Ob0V1WOkNO\\1\\1e0dN\\N6Db0U1ZOiNO_1X1f0hNlMO1OO91<N[O0000V11kN0a1V1S1mN`M`0K^OY1NgN2c1T1S1mNaMc0U1ZO9U1R1kNcMc0T1^O8Q1R1QO`M?H^O00W3i0iLZOj2N`M3F80D[3e0eL^OX36hLG0000b3f0H\\OhLNi3e0e3]O_j:"}, "iscrowd": 0, "area": 15907.0, "score": 0.9453041553497314, "bbox": [46.0, 1.0, 107.0, 253.0], "category_name": "algae"}, {"id": 1, "image_id": 0, "segmentation": {"size": [260, 195], "counts": "lkU1:V7HnHe0m6<E:O1010OPJfNX5Y1gJkNW5S1jJoNU5m0nJXOn4f0SKZOn4e0RK\\On4d0RK\\On4d0QK\\OP5d0PK[OQ5e0nJ\\OR5d0nJYOU5g0kJXOV5h0iJXOX5i0gJWOY5n0aJSO_5o0_JQOa5P1]JQOc5P1[JPOf5S1UJoNk5j1K001O002N0000O1O1J6^OZJfNf5Y1\\JjN`5U1aJmN]5R1eJnNZ5Q1hJoNW5Q1jJoNU5P1mJoNS5Q1mJoNS5Q1oJnNP5R1RKlNn4i0\\1"}, "iscrowd": 0, "area": 2604.0, "score": 0.9207330942153931, "bbox": [151.0, 1.0, 44.0, 81.0], "category_name": "algae"}]}