{"images": [{"id": 0, "file_name": "images/algae68.jpg", "width": 390, "height": 260}], "annotations": [{"id": 0, "image_id": 0, "segmentation": {"size": [260, 390], "counts": "5\\4i3O010O01O1O2N1N4N^KaLh01h2_3_L`Li01j2\\3fLbL40^3b3fL`LZ3V3ULPM`4P3cKmLOMX4V3iKmLO0U4R3nKmLM0V4S3nKlLZ4T3gKmLU4U3kKmLILk3b3]LfLa3[3`LfL]3[3dL`LFLe3e3fL]LGO`3e3jL]LFKa3h3jL]L4L@On2h3`M\\LFL11N5f2a3fM^LCL9OE3o2^3aMcLCL=1a2^3`MdL6MY2`3bMhLBIO6l2Y3cMiL^O8o2o2dMhL^OK41k2\\3fMkLg2U3YMjL[OGX3_3^MiLd2Z3[MgLe2Y3[M`LYON00011NU3c3bM_LYONO60J90a2d3oM]LXO93HMNi2d3oM]LWO:3H1Ma2f3UNgLZOE0N`2g3WNeLYOF0O_2f3XN^LVOK00O11:`2]3ZN[L]O0O0[2e3YN\\LUOM1OO5m2b3oMnLn1P3RNlLR2T3oM[LTO>3Bd2c3YNRMoN[Of25\\MT3Q1UMnNFQ3R3RN_Mn1a2RNaMl1^2WNRMjN4o2i2XNRMiN00Mn2P3[NRMhNN20k2o2^NnLlN0J1NOl2R3jNPMYNN40h2S3kNRMYN0j2n2nNPMYN3_2JhMS3_1PM[N3\\2LiMQ3`1QMZNN0O]21hMT3_1nL\\NN3NX22kMS3_1mL]N00OX21lMR3`1nLZN40MY21iMQ3e1lLYN50NY2LfM13U3e1kLXN51NY2LfM\\3h1mLYNHO1Y2]3_OiLYNIO2Y2[3AhLWNL1OW2\\3DfLTN1ONY2Y3FgLRN100X2W3FfLQN02200W2Y3EoLRNHZ2X3EiLRN00M[2Y3JiL9W3GoL3R3OkL1Q34lLNU32mLKS36mLIU37iLIX38gLFZ3`210N3N03N2N2N1O01O101O00000000001O001O001O2N00003M0001N1L4O0101O00001O2N1O1O00O100000000O1YOmLoKO6T3h3ZMVLf2j3^MQLc2o3hLQLm3P4RLPLn3P43001O002N000000002N1O2N1O3ME\\LWLc3h3_LZL^3g3aL[L]3e3dL[L[3f3dLZL\\3b3dLQL1;\\3d3jLZLV3f3lLWLU3i3lLVLT3j3nLSLS3n3a0001O001O1O1O001O001O1OO100L4O1O1O1N2O1O1000000O1N2N200000000K5O1N20000N2N2O101N0LXKnLh4o2VKPMP5P322N1O1O2N1O00I7001O1O1O0000O10000001O3M2N3M1OO100XOZKQNg4n1]KnMd4S2[KmMe4T2YK]MO;i4X2XK]MO:j4_2VK`Mj4]2\\K_Me4a2[K^Mf4d2YKXMj4h29001O0000O100O1O100CmJiMS5T2QKjMP5V2?000000O10000O101O0O0_OUJkNk5U1VJiNk5W1WJhNh5Y1XJeNi5W1SJaN66g5X1e0N2K5N2J6N2O100O1000000O1001O1O1O4L00O11O1OO1O100MnHSOS7m02O100O11O0000O1O10000O1O1HgH@^7:cHFb778M2O1O1NXjd0"}, "iscrowd": 0, "area": 34347.0, "score": 0.9563417434692383, "bbox": [1.0, 1.0, 338.0, 190.0], "category_name": "algae"}]}