{"images": [{"id": 0, "file_name": "images/algae8.jpg", "width": 300, "height": 245}], "annotations": [{"id": 0, "image_id": 0, "segmentation": {"size": [245, 300], "counts": "j]51`10m51dHO21R70nH40LQ72mH31L?NR4;RLn0_OgN<2R4;kKCF[10fN60IO02`4;iKCG^11cNR5=lJC5b1L^NR5a0QKV1n4lNPKn0NcN2Kl4d0SKQ1O^N2N0Of4]2YKeM1N01e4^2ZKfM1Lb4g2\\KXM30T213c2fM^M0N30O1[4g2cK[M1O0Od0OQ3h2[LZMO5e0Jk2OaLk2O`Me0E=2POO:On06iNl2MYM1E`01?3QOM;0i0a3nNeLMJa0O[16lNa3YO_L0K]27WNa3\\O]LOL^29oMl3CkK^2;kMj3GiK11]2>gMi3KiK10]2T4eMPLM`0]2a3eMfL[2Z40McMnJ]2U50000ONdMnJZ2V51KfMoJY2Q5hMoJX2R5gMnJY2R5gMoJX2Q5hMnJY2V1fMh2Y2XMgMh2Y2[1OOWNfJX1[5FeJ[O\\5_10aNeJd0\\5WOcJ_O2Y1[5\\OdJf0[5[OdJ70]O\\5<dJ@0k0\\5EdJ_O1M8LI`0Z58dJ_O1M=;n49dJ_O3K6NJ0N<[5e0gJQO1NM22NO;Z5=dJ_O3J20K13NO;NEZ5h0fJZO10102OM08;Q5<fJZO101Od0<b4;hJZO1010e02ZO0W5d0hJZO1010f01[OOU5j0jJUO1020:1R5j0aJUO102O<1P5k0aJUON2k0Nd4k0bJVOO1k0Nd4k0aJWO1O\\6o0fIQO1NO0d00`4Q1lJQOX6j0hITOM3]6n0cIRO]6S10BcID]6j00XOdIDO:0D00^6U10YOcIDO52N\\69cIM1J\\6g0cIZO]6d0bIVO030O^6j0bIWO0O^6j0bIVO2O20S6j0kIVO16T6j0jIQOO0Y6P1gIPO03V6U1jIiNT6W1mIgN20l5Y1SJfN04k5R1SJlN19j5^1O1O1O00ZOYJmN0=f5k0ZJWOd5^1OJ\\J\\Nc5S1nJjN_OOc5a0_J2<_OBOb5?bJ_OM7OKb02_OO_5>kJ@:6\\OL_5>dKEnNM]5=jJAI0`6`0fI@f00h4`0cKCkNMX5a0lKCkNLY5a0oKAV4`0jK_OV4a0kK]OV4d0]1000000001O000000000000000000O11OO100OgI^O2Oe4c0ZK]O`5b0j0O100O1001O001dI^Oc5b0h01cI^Oe5b0PJ@J1V6`0oI_ONMT6f0mI\\OONT6e0gI\\O4O20S6d0e01O2N2WIZO_6f08JVI_Ol6a0TI_Ol6a0TI^Om6d01N20000O100O1O1ORKAh2>YMBg2>YMBg2=Y2O1000000001O2N1N11O0001O1O1O2N2ZIYON1K1S6c0VJ[OL2J0T6c0j0N200OVK_Ob2`0_MA`2<^20mHBd10]N0Q5>fLBYN0Q5>dLBmN1n3;oMDQ28jKHF0d68jIHB0S10jN0Y59nJGK100O11No02W49RKFH00O10n01X4;n10SIDb6;]IFIO10n11^2;dKFM10O101Ng14f28dKFN00O100Oe11ZN1R1OU2;mLEK13Nl13RNN^4:jKFk12mMO]49fKFN0R27Y25eKFNO3Ni10VN7j0Ic2=cLD10m10RN6j0Ic2=cLFN00O5N00W1:eNF\\4=dKF1OOO:0Q1OdN81H\\4>cKF1M10:OR19Q3:cK^O0Ok19b28eK@NOe11\\N8\\47dKH9H90K7AJc4a0]KF:I92M0ANb4a0]KBON<N77K3X2FTOc0VN@2M60?8G2X2F`M1[1c0dN^Ok07VOIOON1c2OSOd0ZN^OOMj0=UOI1K11_2N_M5e1a0\\N]O0Mj0=UOJ0J30]2ObM4c1c0[N\\On06SOH19d2F\\M4c1f0[O@QOG27c2J[M3c1e0YO_OROI3NO10Oj21TOi0lN@UOG23m2NPOl0gNBYOG2I10`21]MO00o1R1\\NnNHm0OTOO0`24_MKn1X1XNiNK?0A212OM0\\28@o0YNhNIe04[O20M2Y28Co0SNA1WO20OOl10UNa0i1P2SNaM0On1j0Nc1SNdM001Nn1o0POQOJ^2XObM020Oo1l0Ja1ZNdMMOOOj10YNj0i0ZOUONd0_2\\OaM0OOOj10YNi0<[OIOKNb0a2[OdMl1JVNi00WON121O47MKM11;a2AdMj1LWNh04WOL:7EH13000<`2BeMi1h0^N[OMGK1221Nb0`2\\OeMj1i0VNQOO:0G2ON002112Nc0_2[OcMOMk1`1]NbNLNO1b0a2[OaM0Mk1`1\\NcN2OIN81Gc2O^Mn1_1WN_NK12ON131O104N\\21cMh1n0WNWO8F20HO?b2_OdMn0JIV1YOVO5DK280JN?i2>XMSOO?4_O\\14fNML0O20NO20O02g2m0YMEf1^OaNMKOO2ON011010O2_2M`M031Mm00He1]O[NM71J0001`0`2_O`M1Oi0OXO0c0f1^OgNND01a0d2^O[Mi00YOOc0f1^OhNMC120M<j2;XMZOO0O>5@Z13nNME253IOj2c0VMYO21Nd0f1^OZNM70L0N1`0O\\2g0VMYOO2N019f1IdNNE0`0N]2h0UMXO020NO;g1FXNO;1F1^3d0iL[ON6JKh1OXNO;1F1_3c0hL\\ON6KIX21iMO_3e0hL[ON5KKW21\\14[LM17e0I[ONT21kM2e30]LM12M2f0Mg10Z11dL2;Ld50QJ3U70XIMn53QJNo50l0O]71oAOW2141hLOP40iP2OiRN0lf01jH"}, "iscrowd": 0, "area": 45957.0, "score": 0.7928044199943542, "bbox": [21.0, 1.0, 251.0, 240.0], "category_name": "algae"}]}