{"images": [{"id": 0, "file_name": "images/algae77.jpg", "width": 195, "height": 260}], "annotations": [{"id": 0, "image_id": 0, "segmentation": {"size": [260, 195], "counts": "mX:6m72N2N2O1iHDc6=b01O0gJEh2=TMHj28UMJj26SMMn23[KDo0?f3LTK0k0<P4DUKCV1k0f3BSKBU1o0i3_OWLg0i3ZOgKT1\\4jNmJD<0Bb1W5jN]KC\\Ob1X5kN`KT1a4lN]KD[ON11N51h0R4ROmK6n07AKBV1n3QOlLOCJFINV1i3AlLDEFGO4OK1O0OQ1f3MnL^OFEIO44JR1b3LoLYOHDHm1_3YOPMUOIEIl1^3\\OnLSOKFGl1`3]OmLoNMGG31b1^3GdL]OK\\O3MNa1a3I^Le1c31]LXNd3S3GdKgLO0^4^3bKbL^4[3GdLXL]3e3hLXLo2JnLm37ULk2e3lLaL<Gi2W4b01O1O1O2N1O1O14K00003eKXLT4h3kKZLS4g3lKZLR4m3N2N11O010O0000M400O100O5K1BeKPM_4n2cKQM_4l2bKQMLMd4o2gKQMZ4m2`0N100O2OPKZMGMi4i2`K]M_4b2bK^M^4a2cK`M]4_2dK`M]4^2eKaM]4]2cK^MB2l4_2e0O2O1O1N101POYJAg5[O[Jc032d5WO^Ja017U6BlI>V6@jI?^6ZObIe0a6YO`Id0c6[O]Id0S7M3L:EgZ>"}, "iscrowd": 0, "area": 8938.0, "score": 0.9402443170547485, "bbox": [39.0, 60.0, 102.0, 165.0], "category_name": "algae"}]}