{"images": [{"id": 0, "file_name": "images/algae40.jpg", "width": 195, "height": 260}], "annotations": [{"id": 0, "image_id": 0, "segmentation": {"size": [260, 195], "counts": "Xi82Q84M0O1O5K<D2O3lNTOiJn0]4SOVKO@3l0l0Z4ROiJOf03ZOMi0R1\\4POYKNI6JKb0S1_4QOYK0F5OGb0T1_4ROPKL1e06YOKX1l4POQKI3f05ZOJV1n4QOWKd0LUOOb0N^O0=n4MWKa0Nb0k4nNVK`0Oa0l4ROQK?2?m4]1QKWM1Om4T3N1000O02N10O100001N10O01N3N1]OcL[La3Q45B]LULe3h3XLTL43d3l3]LQLe3o3WLPL20h3k3ULULU4l310O1oKSLk3n33RLnKP4R40NPLPLP4P4200000N20O11O001N7J1N1ZLdKd3^4O101OO10000O1bN\\L\\Ne3\\1^LYMNZ1f3\\1]LYMM[1P4R1VLmNl3o0XLPOh3b0mK_N>n0e3o0ZLROf3o0YLhMDW1S4n0mKkM=0DV1S4>nK^NN5`0IBT1R4b0mK\\NO4d0o0`3m0aLSO_3m0^LnM_OT1T4]1mKgNS4k0kKYN2k0T4n0jKVN3i0T4m0iKGV46jK_N1n0V4FjKG3P1R47mK\\NNMOg0W4QOiKQ12F2YOLd00H13Y4=nKLHXO0;1MO421Y4=oKLF[O1:0MO420Y4<RL0EDO91EZ4FdKf0>2DXON:1MO52MZ4`0VLFAAOe0OG2EN0_4OaKd0b0K_OB0>OD092Da41]K=h0CWO>40MEO83DO0^41aK<i0DWO<4CK=2EO:n4OhK3[OD3g0MWOO3o46lK2UOI3b0L[O51m41nJNn0b0UO^OMe05[Oo40nKa0RO^OLg05ZOS6b0hI]O0k05VOS6b0hI]O000f00[O50R6c0QJNH_O_6c0iI\\OH`00@a6c0iILGA`6c0iIL[62hIDENe67YIJ=LK1`6`0fI_OH2b6=n0F:K21oG0l70THOSR<"}, "iscrowd": 0, "area": 10520.0, "score": 0.9126245975494385, "bbox": [30.0, 54.0, 123.0, 148.0], "category_name": "algae"}]}