{"images": [{"id": 0, "file_name": "images/algae32.jpg", "width": 195, "height": 260}], "annotations": [{"id": 0, "image_id": 0, "segmentation": {"size": [260, 195], "counts": "Rf?6m710O01SOJlI6R6MkI4U6NbI:^6G\\I>d6CYI`0K\\Oe65]Ig0`6^O^Ib0a6a0O101O0O100I9N2N001O001N4K3N10OFkMfJV2[5kMcJU2_571N101O01O0000O10O10O1O1000O11O0O2N10000O2O0O2O01O3M00O110OIiM`JW2`5mM]JS2c5QN\\Jl1e5:3L2N1N4K3N1O2N2O0001O00\\NmIV1T6iNnIV1Q6jNQJT1o5hNkIN8Y1m5gNYJX1g5hN[JW1e5hN\\JX1Y6O2M3N1O1N2O0IlH^OU7`0nH]OT7a09O1N10004K3N1O1O1O1O2N1O0O010O^U7"}, "iscrowd": 0, "area": 5371.0, "score": 0.9287458658218384, "bbox": [73.0, 138.0, 94.0, 83.0], "category_name": "algae"}]}