{"images": [{"id": 0, "file_name": "images/algae64.jpg", "width": 389, "height": 260}], "annotations": [{"id": 0, "image_id": 0, "segmentation": {"size": [260, 389], "counts": "hS?2R81^H0N3[6NgI0I8^6IhI1G8a6GgI3F6c6GgI4D7f0AU55`J4D6f0BV55_Je09WOX56]Jc0:XOQ50_J74a0<XOQ5`0bJ8=XOQ5a0aJ74WOL1`5b0_J65XOJ1X5OjJc0N56AQ5IiJc0N55AT5d1iJ^NX5b1fJ`NZ5U2001OO101N5L1N1O1^KRMn3\\1eK0<eNn3[1gK15iNT4U1fK8NhN[4o0hKi0X4VOhKk0W4UOiKl0W4SOjKl0V4TOiKm0V4a1JiMPLe0k3BUL=[34dLMX37fLKX37gLLU3c2^OTKjMl4U2VKiMk4V2WKhMj4X2WKgMi4Y2YKdMh4\\2[KaMe4`2a0O000N0101N1O1N1L^MgJb2Z5@gJ]NY5^1iJQNN`0Y5]1PKaNP5_1RK^NP5FeJ11a1:hNP5FgJOOc1:gNQ5HcJO6^18jNP5KhJZ1;hNn4LjJZ1b6J2N1001ON2K5N12N2O3M10OO1O01M3O1O10WIXOV6\\1O1O2IZNkIg1Y602N00M32N1OJ[NnIc1Z6O0O200010O010O00O1001`IdNV6i1L1O1O1O00O100O1D<00nNaI?P6QO\\J=J<l5YOYJ;L9k5@WJ7O8k5@VJ806j5CVJ820j5HPJJK`0;Ll5GiIL5d09\\OB5Y60kIKMa0R7DQILL?U7CPINK`0U7APIb0R7\\OoHc0[7NK@iH=V7EeHM2>X7HhH9X7EiH<V7AmH`0T7_OkHb0R7@nHa0n6^OmH24`0R7@nHa0R7^OjHN2e0T7\\OjHO2e0T7]OmHd0Y72aI[O[5g0dJYO[5h0bJ\\O\\5e0`JTO\\O7OIS6m0aJ\\Ob5e0WJAi5`0UJB^5@`Jo0KQOO>T6\\10ODWN_Ji1m502N1O010NZJ[NQ5e1oJ\\NP5d1PK\\NP5d1PK]No4b1RK^Nn4b1k0N1O\\J^Ng4c1PKaN@N^5b1QKhNn4X1lJ_NE:_5W1lJoNS5Q1lJQOU5m0kJSOU5l0lJSOU5l0]KbNd4]1\\KdNe4[1[KhNb4W1_KiN`4W1XKdN@4Y5W1XKeN_O2Z5V1mKhNW3OnKY1NiNQ5NPKZ1OjNo4LQK[10iNj4NgJN00;]13hNHLh41RKN00;^13fNGNi40cK\\1OdNn40mJ\\15cNP50kJi0DHe61gIHY69hIDZ6=hI]O[6c0b0101O2M2N2N1O100100O00001O01OO1OnHUOl6l0TIUOk6k0TIUOm6k0SIUO^1Ol3l0YLWOe3i0[LZOc3e0\\L@_3a0aL_O^3b0bL_O[3b0fLDQ3?nLCQ3=oLCP3>oLDP3<oLFP3:PMGP37QMIP36PMJQ36nLJU33jLNW31iLOX30hLO[30dL0]3ObL1_30`L0a30^L0c30[L1d30\\L0d31[LOd32\\LNc33\\LNd32lKWO@g0d42lKWO@g0d43jKWOAg0f41iKXOAg0f42hKWOAh0f42iKWO@g0d45aKmNN7Mh0`48bKlNO5Og0_49bKPOL03g0^4k0_K^N2i0]4k0_K]N4h0\\4`200N2001O00O10000000010K4O1N3YNZLmNg3S1[L_MOT1f3\\1eLbN]3\\1eLcN[3]1fLbNZ3]1iLbNW3]1jLbNV3_1iLaNW3_1jLaNV3^1kLaNU3_1lL`NU3_1kLaNU3`1kL_NU3a1kL_NU3a1lL^NT3a1mL_NT3_1nL`NR3^1PMXNUODk3P2TMQNnN3X4k1kLRNmN3X4m1iLoMQO2W4P2hLlMSO3U4Q2hLlMTO1U4S2gLlMc3T2W1N2N3O00000IoI[NQ6d1RJYNo5`0RJ?U6AUJ5k5JYJ3g5M[J0f50[JFZO1[69\\JD[O2Z69]JB[O4X6:eJD\\5<W1N1O2N101M4K]_5"}, "iscrowd": 0, "area": 51722.0, "score": 0.9641684889793396, "bbox": [58.0, 14.0, 309.0, 246.0], "category_name": "algae"}]}