{"images": [{"id": 0, "file_name": "images/algae65.jpg", "width": 195, "height": 260}], "annotations": [{"id": 0, "image_id": 0, "segmentation": {"size": [260, 195], "counts": "\\32n76N2N2N1O102M100O0O103M100O3N0O001O01O000ORI[O`6d0_I^Oa6a0^I@f6<SI@06n69PIMR72nHNR7c0M2O2O0000000O2N100002N3K2N3NXOVOXJi0h5ZOXJc0h5CUJ;k5FVJ8j5IVJ6i5LWJ4[5_O[J?:0Z5C\\J=90[5D[J<:1Y5E]J9;1X5G[J9=0X5GZJ:>OX5GYJ:`00V5>kJAk4@gJo0LPO=a0o4CfJm0MQO<?P5FeJj0NQO>`0n4FdJn0?\\Om4FdJn0?\\Om4GcJl0a0]Ol4n0TKROl4o0hJ_N2e0U5n0eJ`N5c0U5T1iJnNV5R1jJoNV5R1gJoNZ5R1eJnNZ5n1O100O2O01ChJoMV5Q2jJoMU5Q2lJnMS5b20O1DkJiMU5W2kJhMb4HoKk2o3ZMnKf2Q4]MnKb2R4^McKH6i2X4eMhKZ2T4jMmKU2o3oMTLn1j3UNZLe1g3[N[Lc1d3^N]La19fMFOP2j0QN`16kMIL@NZ2l0XNj0_OhNe0IJOj1g0XNg0ChN?LNMh1h0XNf0DhN>NNKi1j0VNd0GhN;N2Jf1n0UNa0IhN904Hf1Q1QNXOAk0;UO8N6If1T1mMZOE?;\\O6N8Hf1R3lMYM5L:If1Q3lMZM3L;Ig12^Mk2=^M1M=Hl1l2gM_MOM>Hl1l2hM_MML`0Jj1l2jM]MKMa0Jk1>_Mf1;UNIMb0Jk1<gMc13ZNH50DMNa2<SNX1GeNGl0_2VOVNX1DeNGR1Y2ROZNN[Ok08TOIT1W2nNUNF@8;m0JUOMS1X2mNUN55k2e1PMUN47n2c1mLWN43Y3b1aLYN75]3Y2bLZMC0X4[2TLeMHIZ4_2oKhM[4W2dKiM]4U2eKjM\\4U2fKiM^30eLW2OgMZ3W3hLgLY3Y3h0110O0TOlLhLT3P2TMSNLKP3h1]M]NGGm2k1[M^NNAi2MeLi1e0gNg3^OeKk1c0gNQ4X1oKhNS4V1nKiNT4V1lKiNW4T1jKlNU4S1nKlNR4T1oK_NUO4l4\\1XLdNh3[1YLeNg3S1RKjNX14_3G^KY1MjNV17^3J]KS11iNV1;Y3V1nLkNk2Z1VMfNh2\\1XMeNg2Z1YMgNf2Y1[MgNe2k0jKQOa14f2d0nKROc1:W2GPLk08TOa1:U2j0[LlNa1;S2i0ZLnNb1:T2>TLXO60b1:T2;WLZO50`1;T29XL]O4O`1;U27XL_O5L`1=T26XLAT29e15XLAS2:i1EmK39MQ2;R2GnKMP2<S2EoKMP2=W5B^H1O1VV8"}, "iscrowd": 0, "area": 11848.0, "score": 0.9762841463088989, "bbox": [1.0, 28.0, 163.0, 223.0], "category_name": "algae"}]}