{"images": [{"id": 0, "file_name": "images/algae80.jpg", "width": 150, "height": 260}], "annotations": [{"id": 0, "image_id": 0, "segmentation": {"size": [260, 150], "counts": "a^12R80RHOg54fKOgNMM1MOb57kKNeN02K_58iK8jN@Y5:lKGgN:e50jK0U40fKHcN9e52gK4U4OgK4X4NfJ@e0d0XOYOM0W5g0iJCg0O[OHN30L^5W1UKZO]OC2LW5[1nJ@IXO]5[1fJ^ONXO1OQ5^2nJbM2NQ5b2lJ`M3Nn4e2oJ]MT5f2lJYM0O12i4[2WKdM30LOS5]2QKbM02LNT5]2QKcMO2R5Z2lJdM80l4`2;10O1O02aJ`MX5b2eJaMX5d2hJXMX5l2MGmJ_MNNV5d27=dJPMj4W3N1N2N2ON2M3100JhL_KY3a45^KaL^4X3dKiL:Oh3X3nKiL`4V381^KjLI5o3m3L1N4N2WLeKc3^41O\\MgK_1X4aNnKZ1Q4fNPLZ1n3UNnKK8l1j3XNoKK9l1f3ZNRLJ8l1g3XNRLK9l1f3XNRLI:o1c3XNTLI:n1b3XNXLE:P2`3YNTMf1m2XNiKLR1k1W3WNhKNQ1j1`3ZN_Lf1d3XN\\Lf1g3VN[Li1g3VNZLi1e3YN[Lf1R5O1O10N11O1N20O1000001O001O001O000mLXNJh15XNLi1W30jLWNRM1g2g16ZNSMOg2g16ZNoL1m2d14bNL]15dNJ[17fNmLEO2b2e1nMYNR2c0MV1RNWNg10oMd0N@n1e1_NWNf10hM04d00Dl1b1k0YNXMc0ODk1c1`NSNM0e13TNS1g1h0cNRNm13hMMNV1j1i0n0UNYMX12eN\\1P2lNoMN1d14TNa1Q1f0WOeMO0e1Q2nN>HaMZ1S2lN=I_M[1U2lN<GaM]1U2dNj0_OQM12j1U2UNgM<]3`1oN]NS1c1nNTNZ1l1_2000O11N1O1OO11O3M1N200\\NbI`1`6`N`I^1b6bN^I\\1d6dN\\I\\1f6O1OYMfNRL0`2Y1X4O1L3N011O3nNnHm0W7MOVOjHh0Z7XOfHg0Y7YOiHa0a7L4K5M`5"}, "iscrowd": 0, "area": 16065.0, "score": 0.9002597332000732, "bbox": [11.0, 39.0, 139.0, 211.0], "category_name": "algae"}]}