{"images": [{"id": 0, "file_name": "images/algae82.jpg", "width": 195, "height": 260}], "annotations": [{"id": 0, "image_id": 0, "segmentation": {"size": [260, 195], "counts": "nm6121Y2S1V4b0XOh0WOfM]Ka2]4cM\\Ke2a4[M^Kg2a4ZM\\Kj2b4=O1O1O1N1O2O0O2O0O1O1O010O8H6I4N2N2M101O1O001N1M[KgLe4Y33O1NWKiLi4V3WKkLi4U330OG:00O010O010O01OL4000010001O1N101O0000001N101N1O100O3L3M2N2M2O2N2M3G9K4M3O3N2O1N2O3L101N10O01N4cM]KS1f4kN\\KS1f4iN^KT1c4aNRKI`0b1b4ZNoJOO1l0_1Y4_NoJ4k0X1X4gNkJ1o0S1Y4lNhJMN0T1OlN20l0g5SOeKOdNf0b7F8Hfg2L_]O0WSN0I7SHIm^;"}, "iscrowd": 0, "area": 12409.0, "score": 0.9399900436401367, "bbox": [22.0, 63.0, 149.0, 184.0], "category_name": "algae"}]}