{"images": [{"id": 0, "file_name": "images/algae33.jpg", "width": 195, "height": 260}], "annotations": [{"id": 0, "image_id": 0, "segmentation": {"size": [260, 195], "counts": "[n?:i72N2GDgH>W7800\\OZOiIg0W6ZOcIk0\\6YO_Il0]6`0M1N1O1O2O1O1O1N202M2N1O001O1O5K2N1OO1OG9101O1N1000aJaM00V5_2hJdM00W5g21O0O00100K4OI81O2O0O2O1M4N2M6K0002OO1O0100O0O10O100000O2L3O1N1002L3O1`N[JUO2V1c5EeJ6[5KfJJF^Of5f0jJFBDe5MWJc0c0IDFg5`0gJFFHd5a0iJCEKc5a0hJDEKd5?iJEg5:[JDf5<[JCf5<\\JBe5=Q101N2GZH2g7MZH1n7N10Zh:"}, "iscrowd": 0, "area": 5404.0, "score": 0.9639887809753418, "bbox": [67.0, 133.0, 88.0, 99.0], "category_name": "algae"}]}