{"images": [{"id": 0, "file_name": "images/algae53.jpg", "width": 126, "height": 260}], "annotations": [{"id": 0, "image_id": 0, "segmentation": {"size": [260, 126], "counts": "o2?f7O0001O3M1O010O1O2O0O01O0O2O10O2O0O1O000O002M2O1O12N2NO2N1O100N2O2N100N3N3N1L3O2N5L1M2OeNcIR1[6nNgIS1W6lNjIW1S6dNVJY1Z60N3M3N2N2OO2M1101O00001O1O01oNdI9Z6GgI:W6EkI;U6DkI>U6TOmIONn0b6QOaIn0_6PObIo0j6O1001O1N2N2N2O0OnNWIi0j6WOXIa0n6@SI`0k6@VIa0h6_OYIb0f6\\O^I5F3k6FaI7E4Y7KhH6V7JjH:R7EPI`0k6^OVIb0j6^OVIa0k6_OUI`0l6@UI?k6AUIa0h6_OYIb0f6^OZIc0e6]O\\Ia0e6_O[I`0f6@[I`0c6@^IMF`0k6C_ILH?i6DfI<Z6DgI;X6EjI;U6DnI:R6EoI<o5DSJ<k6O10000O002N3M2O0O2N1OQ\\2"}, "iscrowd": 0, "area": 3607.0, "score": 0.9512971639633179, "bbox": [1.0, 77.0, 117.0, 96.0], "category_name": "algae"}]}