{"images": [{"id": 0, "file_name": "images/algae72.jpg", "width": 195, "height": 260}], "annotations": [{"id": 0, "image_id": 0, "segmentation": {"size": [260, 195], "counts": "_i;1Q84M2O000^H3l6NQI9K@l68WI?e6b0N101O001N1N3N2`IbNT6l1J6I7YOdM^K_2^4dM`K`2_4bM[Kb2d4`0O1[KmLV4c3M2N1O1N3M20O01O01O1O001L4L4M3001N2NBgKTMW4l2jKTMT4k2PLTMn3>oK`14RNl3`0nK^17SNi3d0PLT18YNf35ZL]ONR24[Nc3IULI15`0l1H\\Na3KZLO<j1J[N^3L]L1:g1MZN\\3O\\L1;g1NWN[3O^L46h12SN[31\\L64g18nMY35\\L80f1Z4TNeK60f1\\4TNdK9Ld1`4nM]KO7`0Jd16iMR45gKN7k2LXMS4NkKO6k2KZMS4LlKN8W3l3kLlKO6X3m3jLlKN7X3m3iLmKO6Y3l3hLnKO5[3k3hLoKM5\\3l3b000O100O1O1OO11O1O100O01AWL`Ll3d2QLnM7ZOh3j2RLWM36Z4c2cKSMO06:X4c2eKSM58V4e2eKSM58V4d2SLYMm3g2bKTM?5o3e2VL[Mh3f2hKUM:5n3a2eK[Md06e3`2fKZMe06e3S2gKPNOG00a0:e3P2mKkMONNL0080J=4Cg3Q2SLWN4L91CN0b0m3i1ULdM<4BL000O1;m3c0RL<0fN122NO=9Lc3e0RLQO000d0090UO0N00h08X3g0RL0NRO2034X5k0cJVO0L0e01ZO3O`5o0\\JQO0X1g5GYJQO0U1j5IYJTO;1B9l5b0WJROM02082G7n5`0QJXO5OK0200042J3T6j0lIQO020N060L0000W6b0jI\\O10O1OO0b0]62dI\\O10Nd0a60`I\\O32L6j6<XI\\ON00020P7c0oH]O10W74hH8OF\\7?7K^[9"}, "iscrowd": 0, "area": 10352.0, "score": 0.9268977642059326, "bbox": [46.0, 30.0, 113.0, 170.0], "category_name": "algae"}]}