{"images": [{"id": 0, "file_name": "images/algae59.jpg", "width": 195, "height": 260}], "annotations": [{"id": 0, "image_id": 0, "segmentation": {"size": [260, 195], "counts": "aW73Q82ILYH7S7LmHM5?j6MRI:f6c0`ImNn5T1PJQOg5GSJX16SOf5R1YJPOe5P1[JQOd5P1[JRO`5R1^JoN^5n1J501O1O01O00100103L10O01O4L0O2OO1K51NN31O10O0M3O1N2O1N10010O1O01L3100O2O1O1O1O0000000001O1O2OO000000001O01O001O000O0002N1O1000L300003N0bMdJS2]5lMdJR2^5lMdJQ2^5oMcJl1c5RN_Jj1o5L4N101N1MaIbN_6[161O1000000O10cN_IV1i6N2ITISOn62SIa0S7]OoHb0Z7FbHM_72bHJa75bHI_74:O0010O1000LSH1QT>"}, "iscrowd": 0, "area": 7623.0, "score": 0.9525619745254517, "bbox": [28.0, 67.0, 104.0, 110.0], "category_name": "algae"}]}