{"images": [{"id": 0, "file_name": "images/algae44.jpg", "width": 195, "height": 260}], "annotations": [{"id": 0, "image_id": 0, "segmentation": {"size": [260, 195], "counts": "^f61n71UHOk70U80kG3SHM31M0a77fHHY7891N4YHDb75^HK010Ob74:1KJYH96HR1Ok40nI91G01P71SI0N0OO4Om63PI0O00OX72gH2OK6OJ0e011OR5?XKBFOR5;XJGf3039WLF2O_3585WLF12a1N8:m13YLG\\37:2ZLHQ3LUM;a30YLIQ3KUM=b3NXLIX3<?KYLGT3NnLb0f3LfMB8d0S2I[O8g0FZO:lL\\Of3;ZLD70[20]Mg01YOh3<VO=n0BnNGUMg0n3@nNHTMg0P4BjNb0X1^ORMG;OaNl0S4]OQMH6OkNj0P4_OoLG3U1n2UOUNl0n1TOoMl0R2TOdLG9V1S3TOlMj0V2VOaLE70nNV1^4SO]MR1e2nNWLG8\\1c3lNTLH0d1n3cNRLII0Ec1b4fNZLe1g3\\NXLe1h3\\NVLb1l3^NcKE2l1]4`N[KEJO;o1`4^NYKG8k1`4`NUKD;j1d4aNSKB:l1e4gNWK]1i4cNUK^1m4bNoJ`1S5`NiJc1W5e01O000001O2NOSLUMd2l2YMVMkNMh3S3VMRMROLg3V3RMRMn2Q3nLkLW3W3gLgL[3c3YL^LNLa20ZNh3SO^L1Kb2OZN9POS32kL3Ja2O[N8oNS32fLN3o2LRNe3UO_Lk3d3RL]Lm3m31M20DQLcLo3\\3RLdLm3]3RLdLn3i3O1ZLkK^30[LR47nK^3T49@RLjLi3BYLd3OjLh3[3WLeLh3\\3XLdLa3b3`L^L`3c3`LZLe3Q49GQLmKU4k3kKULW4i34WLgKc3]40L400O10000AXLaLi3`3ZLZLh3f3XLXLi3g3;0F:6I2SLkK^3c4ON5_K^L\\4f3dK[LV4c360dK[LZ4f3fK[L11S4d3lK\\L020LP4e3<1OkNgKZNNVO]4^2jKZNJYOY4^2mKZNNXOKOo3b2ZLUNMML[OO1T3e2mLZM2i0MLO\\O23S3h2mLnMOZOOd0V3k1mL]M5i0n3j1XLUNh3m1lK\\M0O3h0o3j1lKfM0J3g0NXOn3a2TL`MNN9g0h3l1bLUN\\3l1SL^MMO2O4k0g3U1TLbN0J5=g3U1VLcN0ANO00>OA?m3]1XLeNi0_ORO?m3]1XLfNM_Of0OXO`00@j3k1]LfNJBOO0O8OH0002f0g3T1^LmNI[O1N?0@d0i3HZLm05ZOL]Od0a0S3IZLo02UOIF3Le00XO>l3LdLd0H^OIH1NNOd0O\\O>n3IcLf0I^OHH0Nj0<Q3IXLJ7l0N\\OFI4On0>k2EZLM55E`07GP12f2BmL0WOh00GV1Oi38QKIV1AhN019P5=RKEME^19e3ImJ?1KODU10SO7R58gJMOD111Oj01]O4S59eJ0ODP7m05O1O2N1CiHCN1\\7:nHDF0Z7:PI0h60g0N101O0O2N101MXd0"}, "iscrowd": 0, "area": 12926.0, "score": 0.6755161881446838, "bbox": [19.0, 47.0, 171.0, 189.0], "category_name": "algae"}]}