{"images": [{"id": 0, "file_name": "images/algae79.jpg", "width": 195, "height": 260}], "annotations": [{"id": 0, "image_id": 0, "segmentation": {"size": [260, 195], "counts": "ii94o71N5K6J3N001O0O2B^OXIa0i6BTI?l6CRI=n6=O2N1O1@lNPJT1n5ROjIR1U6?O1O1O001O1oIVNg5k1XJVNg5U2O0O100K5O1O1O1N2O3N3L1N2O1O1O001O000L4O1O2N0000N3K6M3O10000000001O001O010O10O7JN3N2M2N2O1M4M1O2L5M3M2N2O1N101`NQJh0P6XOPJg0S6WOmIg0V6XOjIh0[6POhIo0]6lNdIR1h6O101O1N1O2M4E>J6Hnc?"}, "iscrowd": 0, "area": 6294.0, "score": 0.9423449039459229, "bbox": [36.0, 62.0, 103.0, 125.0], "category_name": "algae"}]}