{"images": [{"id": 0, "file_name": "images/algae13.jpg", "width": 580, "height": 435}], "annotations": [{"id": 0, "image_id": 0, "segmentation": {"size": [435, 580], "counts": "ZhS1180P=1PCOR51Y29lM4f10XIDN0U4n0S2@jIBN0S4P1S2@lI@N0k1OOR1\\NTOU5=Bc0XKSOn48cJBX51jJl0:ZOn48gJCU5OnJk01ROL;X56iJCZ1KZ24^Lj01UOK;V55lJBX11X2McLk00HU4ZOYLf0@_OW13kNKQ3MWMi0F1Q4YO[Lg0D[OV1`0\\2@\\L;0>Q4UO]Lg0D[OV1`0]2^O\\L13U1j3iN`Lj0CZOV1?QO[Oa2OdM2G03Z1W4BcKXO1JQ14nN;1AO7h3h0ZLWOZ4k0kKWOf0LYOi0^3^OZL6:_OQ4i1eKYN2Nd04Bm0T34W1P1^KlM`03Gn04nN`13nNT1h3o0_KkM`03Go0f0oN84_OT1`3gNoKR2MnM50;2Ho0g0UO00AV1c3fNnKQ28mM72In0f0VO00UOb1o3b0ULgM81Io0e0VO0OUOc1o3d0TLdM:0Ln0c0WOALH5Ib1S4f0nKcMQ1NmNi0o0WOHODU2i3=kKcM1K16j0c0IBd03mNo0m3k1mKiLh0i0IEf00POm0;dNm2[3XMaMHD<A[O`02k0:fNj2[3kLiLOh07DFA7;F48j09jNb2KnLo22UMM19MLn04W1OTO:kN^2m2\\MRMLMMP1OQ1MPN7X1:lN\\2W3UMfL6MMQ1LY17PO8mN[2X3VMdL7MMa33iM8oNZ2`3\\MXLMf3NiM:jN_2b3UMYL3T6h2lMVMU2j2lMUMU2i2\\4O^IZMY2c2hM_MX2^2iMdMW2Z2iMfMX2Z2gMfMZ2Z2dMgM]2Y2bMfM`2Y2aMdMb2[2\\4O2N1O001O01_JmMeNL[LU2o4RN]JIe3M\\L8c0P2o4RN_JGc3O[L9e0m1P5RNYNIPL9h0j1Q5SNVNKQL8j0g1P5SNUJLQ42PL8l0d1o4VNTJLQ42PL8l0d1o4XNUNLPL8m0c1n4TN[NOmK8k0d1S9TNZF4c0h1S9TN]F0b0k1a9UN`Fk1_9VNbFi1]9YNcFf1Y9_NgF`1Y9`NhF_1X9aNiF^1X9aNiF^1[9^NeFb1[9^NfFa1Z9_NhF_1X9aNiF^1g:O00000000N3O00O2O0000001O0010OO101O00O10kNnCi0R<WOnCi0R<WOnCi0S<;00000001N01000001O3M1O1O01O00O10002N1O1O00O2M2WEiNV9W1eFgNhN3c:V1[FhNWO0J3e:S1hE1U:O`E;`:bN]Ed2d:[M\\Eb00\\1d:RN\\Ed2e:\\M[Ed2e:bN\\E7e:HZEoN0Q1f:9ZEGg:hNZEf2j:O001O1N2L5J5M3O02O0O101O0O4L3M100O1000000O2O2N1O1O0N2O1N2O3N1N2N4M1O1N2O2N001N1N4N1N100O1NFXFjLj9W3XFfLi9Z3XFeLh9[380O1000000OXOmE_M48P:T2\\FcMl9]2e0O1N1O21O010N1M3O12M3N1O3M1O1O00N2N20000EfM[E:Kd1h:UN[E8Nc1f:VNZE80b1f:UN[E9Nc1c:QN]E329Na1d:YNbE4KZ1N]Ni:3aE1FL2c1O\\Nh:4aE5G[11[Nh:6]E6JX1n:cNXE4JX1m:cNREM58LX13dN\\:5eEOLe1_:UN`E04Z2`:aM_E31OOW2V;O1OO1JhMPEZ2h:gMXEa2a:<O0HTMiEl2W:TMiEl2_:02ON2ON2000000O0ML5211O2N7I1OA\\MoEd2H_Mo9MYFd2C]M22R:MYFd2Q:\\MnE^2GbMe:2ZE[22dMc:1[E[20fM]:MhE1K\\20fM]:McE6OX21eM]:h2cEYM\\:f0cE]1[:dNeE^1Y:iMfEe01Q21\\Ma98]FT3d9jL^FU3b9kL^FU3a9cL]F43Y3a9bL\\F53Y3a9iL`FQ2MkNb9TOaFP2OiM0l0_9]OaFn10iMOm0`9TO^F43Z3`9aL^F15^3KdL[9NnF^3GeLZ9MoF^3HdLY9MfF06g3T9^LkFb3U9_LiFc3V9=O104hFeKP99PGMOd3Q9]LRGMOe3o8^LRGMOe3o8^LRGMOe3n8_LSGMNd3o8^LSGl3j8WLVGi3l8VLSGj3o8TLQGk3^9TNcFYOe9d0[FmNNXOj9l1VFnNOVOk9m1UFkNX:V23QMgEb2Y:^MhEa2X:_MgEb2Y::1F3YMbEj2]:VMdER3S:mLoER3Q:nLPFQ3P:PMoEo2R:QMlEMOQ3k9RMYFM0U3e9PMZFK1U3e9PMZFK1U3f9oLYFMO1On2h9UMZFMN01m2f9WMZF3Og2g9VMZFW3e9kLZFU3e9lL[FZ3]9hLcFZ3[9fLeF[3Z9fLeFZ3[9fLgFX3X9iLjFV3T9kLlFU3S9cLiFO1d3T9]LkFN0l3o8WLQGL1m3n8WLQGK1o3n8[LQGg3n8XLRGQ4e8nK]GR4c8mK^GS4b8lK_GT4a8kK^GW4a8iK_GX4P8hKnG60T4Q8gKoG40V4Q8fKoG30X4Q8eKoG31X4P8eKmG43W4P8TLoGl3Q8j010O10000O01I7O1`MeGIY8i20000N2O2N10011N0O10NO20101N01O1HPHmJP8[50000O0N2001O1O1N2L4O1O101OO1O1IiJoGZ5P850000_KaJn0_5RObJm0_5RObJm0^5ROcJk0`5UO`Jj0a5VO_Ji0a5XO_Jf0c5UObJj0_5UOZJhL3R4e5UOXJiL3Q4g5UOVJjL3Q4i5TORJmL3P4k5SORJmL3]3LaL3;n5h2RJmL2^33cLH2T6m2XJ<\\6AfI<]6AeI>^6_OdI`0]6\\OgId0Z6YOhIg0Y6VOiIj0W6UOjIk0V6UOjIk0V6UOjIl0U6mNSIlMh0X3U6kNRJ[OSO4k6`0RJ\\OUO3i6a0RJ[NUO91k0i6`0QJZNWO;Ol0i6>PJ\\NYO8On0i6=oI\\NZO9Nn0i6<QJ\\NXO9Oo0i6;PJ\\NZO8NQ1h6;nI]N]O6NR1g6;nI]N_O2NV1e6;mI^N@1MW1g69mI^N_O1NX1g68kI_NBNN[1i64gIcNCKN^1j63eIdNCIOa1i62eIdNCH0b1h62eIcNEGNd1j61cIcN;]1S6ObIcN;_1S6NaIcN=^1S6NaIdN;^1U6N`IdN;^1V6L_IgN;[1X6M]IhN;\\1Y6K[IjN<Z1[6KYIjN<\\1]6GXIlN;]1`6DTIPO<\\1b6ARIUO;Z1d6AQITO;Z1f6APIUO:?jNHP81mGMo0L9>oNBo75mGNl0L:?SOYOo7<jGOj0M:>d7EYGOj0M:?c7C\\G0f0O;=e7A]G0e01:>_8]OVG6;=f9B[F=f9CZF=e9D\\F:e9F_F6`9KcF2]9MeF2Z9MiF1V90kFOU92mFJU96T2O10O1000O1O1O1O1000O010000O10O100O02O0O2N2Ni[8"}, "iscrowd": 0, "area": 131174.0, "score": 0.9223054647445679, "bbox": [105.0, 1.0, 448.0, 408.0], "category_name": "algae"}]}