{"images": [{"id": 0, "file_name": "images/algae83.jpg", "width": 195, "height": 260}], "annotations": [{"id": 0, "image_id": 0, "segmentation": {"size": [260, 195], "counts": "dZ?3Q85J5L1QIES6<kIFT6:lIFU68kIIV6OUI1b03`6IaI:a6E]I;V70_HIU78gHMX7`0O010O01OA[OUI05e0b6GZI;]6j0M3M300O2O1O^NoIR1P6lNTJS1k5iN^J^1V5aNnJL[O`1e5cNSKMXO^1e5dNVK]1h500O1O0NAgNXJX1h5nNSJQ1o5TOkIm0T6TOlIl0U6a0001O3M3N01O1N010N2N1O1O1N2OGmIcNS6\\1nIdNR6[1oIeNQ6JPJY10mNX6Q1jInNV6R1iIoNW6P1kIoNT6R1lImNT6S1mImNS6S1mImNR6S1oIlNR6S1oImNR6Q1oIoNQ6P1QJoNQ6n0PJROQ6`0\\J^Og5`0o0O1O1K5L40000O1O10000O101N2Naj<"}, "iscrowd": 0, "area": 3196.0, "score": 0.9368136525154114, "bbox": [56.0, 97.0, 90.0, 85.0], "category_name": "algae"}]}