{"images": [{"id": 0, "file_name": "images/algae76.jpg", "width": 195, "height": 260}], "annotations": [{"id": 0, "image_id": 0, "segmentation": {"size": [260, 195], "counts": "cb93n5NTL3e34[JIh10YN4c52]JKOOd11\\N4f5M\\JON0a1O^N>0BQ51PKg0OYO^1ObN`0P5a0RKROj0MZO2J>P5a0PKUOc0JA4LL22N<R5b0oJTOOM>0CQ1Q5OnJZO8HIo0R5d0nJZN1R1Q5d0mJ\\N0Q1S5l10001O00O10O1001QMoJ:N81S1S5[NlJk2S522O2NN3M1IkMUKa1T5gMlJh2T54O1CQMeK>ED0Y2f4eMfKn2h40GRM[Kb0J@00041d1i4WN\\K1J<0D2NN2001h1j4\\11jLTKT3l4lLTKl00Y1o4gNRKUOOP2m4T12NMnLVKo2k4QMUKo2j46O2NO20OiLWKU3i4kLWKV3g44000000M300002N0000000000YKeLe4[3[KeLe4[322MO201O002N2N1O0000O1001O000000001O0O110N11O10O01ONSKmLn4T31O010N1O1O100O2N1O2O1N1O2N3M4L001O2cM^JU2j5NJlM_JR2b5oM]JQ2`5nM\\J11S2d5PN[JQ2e5oMZJS2g5kMYJV2c5iM^J0O30L0Q2\\5PNgJ0N0021n1Z5PNfJ1N01OOT2\\5VNfJ6NS1\\5cNeJJ1V2Z5kMeJO100V2Z5kMeJ00O0V2\\5=1_MbJ11S2^5jMcJ20T2b5lM]JT2c5mM]JS2c571N2eMYJV2k500O2N100001O1O7I4NN2O1N0XOZJgN0Of5f1ZJZNf5e1[JRNO6g5W1YJPO0D05k5S1VJ@l5<VJ[OMFm5U1SJoN0F06m5U1SJfN080Mm5j0UJOk51UJFN@m5h0TJSOO00i0o5ZORJ`00]O0N11O008OI01Y6;gIE1OOa00GU:"}, "iscrowd": 0, "area": 13793.0, "score": 0.867588460445404, "bbox": [46.0, 97.0, 149.0, 106.0], "category_name": "algae"}]}