{"images": [{"id": 0, "file_name": "images/algae90.jpg", "width": 167, "height": 260}], "annotations": [{"id": 0, "image_id": 0, "segmentation": {"size": [260, 167], "counts": "\\i21S82N1O1O001O000000001O1O2N2N1O2_HDV7=hHDX7e0O1O001O1O1O1O001O1O1O1O1O1O2N3M2N3M2N7I3M2cJVN\\4l1bKVN\\4m1aKUN]4n1oJnM<4d4W2oJUNo4a2O2N2N1O2N2N3M2N2N2N1O2N1TLXLZ3j3\\LWL00c3k3[LWL0Ne3m3YLVL1Ne3U4YLlKf3Z4O1O100O2N2O1O1O3M11O4N10SMcKh1h4kMbKj1e5H9H11^IcN06l5l10O07dNeMfK2J0>]2h3dNlK^1R4[1OO1N1NROcL[M]3`2jL_Mb2MlL\\23YMa0<U2C\\MW3n0TMh1Q3[NnLh1l2[NTMh1e2WN`Ml1[2VNdMn1DiL\\2V1RNa2h1^MUNl2e1WMUNT30iKQ1V1gNY36dK2J`0S6[OfJb0^6GhHGY76kHGY75<NkT="}, "iscrowd": 0, "area": 8779.0, "score": 0.9691734313964844, "bbox": [8.0, 1.0, 109.0, 227.0], "category_name": "algae"}]}