{"images": [{"id": 0, "file_name": "images/algae24.jpg", "width": 146, "height": 260}], "annotations": [{"id": 0, "image_id": 0, "segmentation": {"size": [260, 146], "counts": "U_56n72N10O01KJZH7e7401O000010O3NO000000E[H6f75O0004KZHO[71dH0T7IoH8LOU7IkH1Ob0d6^O[I=3:_6KaI6\\6OaI1e5[O_J22_1Y5n0aK_MZ3b2fL^MY3e2kLaMh2`2TMXMRO8h3d2QMUMUO<h3`2RMdMm2^2RMaMn2a2oL[MZOIf3m2]LPM7f0[3e2_L_M_3f3NO12M1OO1O10001O0M_LcKa3`4000001N101N2LZKgLh4\\3N000fMdLL\\3]211N1O100O1OcMhLkM1k1W39mLgMMn1Y38mLhMJP2]31RMOn2F\\M:f2B\\M`0d2UOaLiNP1R2`2ROfMm0\\2POfMP1Z2oNfMQ1\\2lNfMS1_2gNgMT1[2kNgMR1[2mNeMT1Z2kNkMQ1V2mNoMo0S2nNRNm0R2oNQNo0Q2oNQNo0P2oNSNn0P2oNWMM^Ok0]3TOWM3[Oi0Q5YOPKg0P5WORKg0o4XOTKd0W62M2ON111O0O02N1000O10O13M1DiHIY74jHJX71\\d4"}, "iscrowd": 0, "area": 8071.0, "score": 0.8950537443161011, "bbox": [17.0, 73.0, 114.0, 159.0], "category_name": "algae"}]}