{"images": [{"id": 0, "file_name": "images/algae41.jpg", "width": 195, "height": 260}], "annotations": [{"id": 0, "image_id": 0, "segmentation": {"size": [260, 195], "counts": "SY=2Q84J4eHGH2e6:`IFJ2c69bI3^6MaI5]6KbI9[6FdIc0U6^OiIe03ROT50jJ<L\\1l4^NUK\\2g4b0O1O0000001O1_KmLP4V3jKnLU4b3O0O1gLULW2l3eMYLY2h3eMZLZ2f3eM^LX2b3fMcLn1]OcMT4;bLQ2h3hMYLZ2b47K5L3bNZM\\Mj2b2hM_LTO3R3NWM`3i3eLTL[3l3?O0O2M2100O1000O0O101O10O203mNQLhMR4k1oK_M7?l3o1bLmMb3l1cLRN`3j1cLSNa3j1aLSNa3m1_LRNb3m1aLoMa3Q2Y1O1O1BQJeNP6Z1TJcNm5]1mI^N27P6\\1UJ^Nn5h1kI]NR6^1SJ\\NM0S6P1RJDo5:SJ[OW6d0lI@m5`0UJWOCL]6l0i0O0O1O1GgHGZ78gHHY77gHI[75fHJ[74gHK]71cH0]7OdH0^7NbH2h701O001N2OQU>"}, "iscrowd": 0, "area": 7188.0, "score": 0.9336479902267456, "bbox": [54.0, 22.0, 70.0, 208.0], "category_name": "algae"}]}