{"images": [{"id": 0, "file_name": "images/algae31.jpg", "width": 347, "height": 260}], "annotations": [{"id": 0, "image_id": 0, "segmentation": {"size": [260, 347], "counts": "bco03P81O001AMlH4S7MlH3T7NkH3T7NlH2T7NlH1T70lH02Mb64ZI12Nc61ZI13Ob60\\I20Oe6M\\I5MNg6N\\I5KMj6N[I5IOk6M[I`0e6BWI`0j6@UIa0k6<0O0O1O10100O001N1100O10O2O0N2O10O1O1000N3N10O010O1O01O1O1O1O01O100O1000001hHXOR7R1I6K2O00O1O1O0XO\\IOg60]I_ON1k6?a01\\IDGKQ5c0SKHHIS5?UKHHJS5>TKHIKS5=RKIKKR5<RKJML_OH\\5c0VKJO3g43WKMJ7o40RK1HOV5o13M2L4iMaJh1b5VN`Ji1`5WNaJj1]5VNdJk1X5WNiJj19RNU44cKm13SNX40eKo1KWN`4KdKa2]4eM]KZ2e4a01O5K4L3ROoJQNN<X5\\1oJUNL=Y5Z1RKeNP5Y1PKgNS5DaJ]1<oN\\5`0WJYO`07\\5FXJ0O0k09[5EnJ:^6000O1001N100001M2M40000O0O2M3O100O1001O^I\\Oh5`0TJDm5;QJGo5;_I7`6i0N0O01N3I6H7N3M3L4O1O2OO2O0UIZOV6i0bI_O\\6W13K1M100F;DPI_OU7>=L11N4ON011N2N2N1N4LfRa0"}, "iscrowd": 0, "area": 5593.0, "score": 0.9642256498336792, "bbox": [124.0, 69.0, 156.0, 137.0], "category_name": "algae"}]}