{"images": [{"id": 0, "file_name": "images/algae39.jpg", "width": 390, "height": 260}], "annotations": [{"id": 0, "image_id": 0, "segmentation": {"size": [260, 390], "counts": "mPj03o73N2M4L4ROBQJa0g63ZO[OgIi0\\6YO[Ij0d6XOYIj0f6WOVIn0c6mN`I\\1c62O1N3M2N2N2NO0GnIbNm5Z1gJiNk4R1[KlNf4Q1]KoNc4P1_JPOI14O121Ob5o0_JTOML121Ob5m0`JWOLKLO3160_5m0^JTOJ331NL7Na5n0\\J\\ONLMLS6m0nI_O3FNMQ6o0mI_O4Ca0Ol4l0_JE4@;NE001V5b1jJ_NON61J001U5m0hJm0R5TNnJP10o0o4QNQKo01P1P5S1O1O1M201O00000000001O0O1N2O100N200K6iN^LiL1i0c3^2eL_M\\3_2U1O101O001O1O0000001N100O1O1K5L4L4O001O1000000OjJbMh4_2SKfMl4Z2TKfMl4[2RKfMn4[2nJjMP5d2oJRMn4S3O00KRKTMm4m2SKSMm4m2SKSMm4l2UKTMi4m2WKXMc4i2]KZM_4e2`KPM0:a4f2^KQM130Oa4P3_KXMa4e2gKSM]4k2cKTM_4o2\\KRMe4g2YKaMh4n20OWKhLf4Q3ZKRM1Me4P3[KSM0Md4P3\\KUMNLe4R3\\KRMd4P3\\KPMb4[3M2O2N1O2N2O001O2M100O2N10001N100XLnK^3R4`LYLW3g3fL\\LZ3Y4N2N1O1mL^Kc2a4]MaKa2_4_MbKa2]4^MfK`2Z4_MiK`2V4`MkK_2U4aMlK_2S4aMmK^2S4cMnK\\2R4cMPL\\2Q4cMPL\\2P4dMPL[2l41ObM^J\\2c5dM\\J51n1g5PN[Jo1o5M2N3L3O2L3N3N2M4mNYIc0i6YO\\Ic0T7N4K3N3M5JfZP1"}, "iscrowd": 0, "area": 16951.0, "score": 0.9313650727272034, "bbox": [101.0, 32.0, 164.0, 178.0], "category_name": "algae"}]}