{"images": [{"id": 0, "file_name": "images/balanus119.jpg", "width": 195, "height": 260}], "annotations": [{"id": 0, "image_id": 0, "segmentation": {"size": [260, 195], "counts": "U:9R2_30_L2`3N_L3a3N]L2d3N\\L:\\3GaL?[3W2N2N2N1O1O1O0000eKoLc3T3YLmLg3V3TLmLk3i0ULP1KZNP4c0ZLc1f3\\N\\Lb1d3]N_Lb1a3\\NaLd1^3ZNeLe1[3ZNfLg1Y3YNhLf1X3YNjLf1V3ZNkLf1S3[NmLf1OgMQ2c0QNg1LgMT2`0PNj1KhMZ27lMP2IkM]22jMV2EjMg2HeMb2^OhMR4Y2lKhMT4Y2jKiMU4Z2jKdMW4[2jKeMU4Y2oKfMP4Y2TLfMj3X2[LfMc3Z2`LhM[3X2gLgMY3W2iLiMV3X2kLfMV3Z2kLcMV3]2kLcMS3_2Y1O00105J6K2M3M2O1O1O010O001O000O101O000001O1O0010O000001O2PKRNf3o1YLQNm12dNm1^OSNk12TMK_1o1BVNY15fMNm1[1UOdNV1a0kMXOf1^1XOlNV1>K>nMkNQ1;U1<iMXOR2S1VOZOn0;08SO^Om0;mMWOm1m0YOEk07lMZOR2g0UOMk03mMYOT2e0UO0i02nMZO1Lo1h0YO1h07oMQOQ2e0ZO4d03RNXO0Kl11SN`0\\1:b03RNVO2Mk1OTN`0[1;b09TNYOb12I<`08SNmN000`0b1LN>=o0EbN0=<Q1DbN1<:_O_NP1V1UO2;P1=oNVO2<Q1=nNVO2<Q1=mNWO2<R1;mNYO2;Q1<mNYO2;R1;lNZO1<T19jN[O3<S18kN[O2>T16jN\\O3=T16hN^O4=T1_OaM1X133N`NOZ3MSN63JgN0l46^21LH\\H8d7H]H7b7I_H8a7G_H9e72O0O2N2O1O1O001O001O4L0000DmHGb0Od56kJKU51nJ0g4MVJ3R11j4L`K6^4JYK7dN1e3HgN0POa0V6O1ORLC6<KCdNOVO=V2D7;IE8:GG:8EJ;6CK>4BL>5AL?4_OMb03\\ONd03[ONe02YO0g01fLEf1<c11cLEj1;b11bLEm1:fNBe1`0eMFo19eNEd1f0\\M^O[28cNHc1n0J[ObNGd1n0K[OaNGc1m0M^O_NI`1h01@`NG^1h04A^NF^1i05B\\NE^1j06B]NA]1m07C\\N^O]1P16C]N]O\\1P17C]N]O\\1Q17A^N^O[1P17B_N]OZ1Q18A^N_OY1P19@_NBV1n0;^ObNBT1P1:]OdN_OmNOL2R2S1`0^OiNDg0o0?]OiNEgNI00h1V1h0\\OjNDfNJ00h1W1g0[OkNDe0T1>XOmNDe0V1;WOPO_OfNMP2]1:VOQO@dNOo1]1;TORO@dNOo1]1:TOUO_ObNOP2_18SO]1n0bNROXO^Od0`14ROXO]OcN0n1b16QOYO]ObN1o1b16PO]1R1cNmNXO_Od0f13kNXO^OeN0l1m13dN[OAeNNl1Q21aNa1_1`N`N]O@c0Q21^N@@<R25\\N@B:S26\\N\\1d1eN[N[1e1fN[N[1CdL0O9OI197E0OS2:G"}, "iscrowd": 0, "area": 12618.0, "score": 0.9657044410705566, "bbox": [1.0, 1.0, 194.0, 259.0], "category_name": "balanus"}]}