{"images": [{"id": 0, "file_name": "images/balanus74.jpg", "width": 389, "height": 260}], "annotations": [{"id": 0, "image_id": 0, "segmentation": {"size": [260, 389], "counts": "YRP15m74K4L4M3N3bH\\OW7e0iH[OV7k0N1O1O1O1O1N10L4011O0nHPOP7o0QIQOo6o03000WKWOX2h0fM\\OY2d0aMB^2=]MJc25XLWO6g0b3AgLIFh0b3^OgLMDg0f3[OdL0Eg0g3\\O\\L2Kc0j3[OSL:1<o3VOPL?0=o3oNSLh0M;GYO]3CnLk0M>_OZOd3]OPMl0KX1T3kMQMn0JY1T3hMRMP1IY1k3gNTL[1k3eNTL\\1l3cNUL^1j3bNVL^1j3dNTL\\1l3eNRL]1m3dNlKmN2_2R4cNmKoN1]2Q4cNPLPOO]2Q4cNPLPOO^2P4bNQLQON]2Q4bNQLQON]2Q4dNoKoN0]2Q4eNmKoN2[2R4fNlKoN2Z2R4hNlKnN2Y2P4ROPLP1l3ROSLQ1j3POVLP1i3QOWLo0f3TOYLk0h3VOXLi00aMe3\\4O1000N1010O1O2N1N2O2O0001O1O2M2O1O2N3K:H2N4LO2OO1N2O2N10bK]L\\4b340O11\\O_KaMb4Q3O1O0N3L301O1N3M101N1nKPLP4P42006KOULlKg3S4WLPLi3U40O2O0O2O00NkKXLQ4i3oKYLn3P4N1O101NHXLVLh3j3WLWLh3S40O01O1OK6M]LmKY3U4gLkKX3\\4aLfK^3[4aLeK_3[4aLeK_3[4aLeK`3k3`L_L0F`3j3aLaLNEa3_4100O01O00nN`LaMZ2_OXNT4e1PLZNZ3^OXL35U29ZNb3_OWLU28\\NP4d1PL\\NQ4c1PL\\NQ4c1PL\\NP4d1QLTNV4l1lKmMZ4Q2m0]NPJR1P6iNYJS1h5fN`JW1W601N102M2M2O2O2M2N3M3M1[OcHb0a7OO010002M2N8G[nf0"}, "iscrowd": 0, "area": 16177.0, "score": 0.9105448722839355, "bbox": [125.0, 46.0, 174.0, 185.0], "category_name": "balanus"}]}