{"images": [{"id": 0, "file_name": "images/balanus28.jpg", "width": 1024, "height": 685}], "annotations": [{"id": 0, "image_id": 0, "segmentation": {"size": [685, 1024], "counts": "o^V3>md04M3K5L3N1001O2Fb[OAbd05f[OIoc01n[O5_d0Ma[O34Khc05T\\O03Lgc06V\\OM3Mfc08V\\OL3Mdc0;W\\OI3Mdc0=X\\OF4Mcc0?W\\OE6Mac0`0W\\OD8M`c0j0a\\OVO_c0j0a\\OWO^c0g0e\\OXO[c0f0g\\OZOZc0<\\\\O_O=3Xc08X]OEib09Y]OEib0:X1M0O1O10S\\OKbb05S]O1SOLjc04l\\O<Sc0Dm\\O<Tc0Bl\\O?Tc0Al\\O?Tc0Al\\O1YO8jc0Gm\\O`0gb0Ae\\O1e09hb03Y]ODnb0>Q]OBnb0>T]OAkb0`0U]O@kb0`0U]O_Okb0b0U]O^Okb0b0V]O]OFMoa00P^Of0;]OEOoa0NQ^Oe0<^ODOna0Ok]OOL<LIm0MB0na00h]O1M90Hc0O]OO<2la01k]ONL90Jb0N20da02m]O<KE95;Hca04m]O:LE78;Fea03P^O7IH68=Gba03W^OJL30OIMc05_a04i^OH@Mb06Ta06l^OE`06b`06o^OC?7b`06b@I]?9b@G\\?;^@_OgM6ka0?Z@[OkM6ja0j0W@VOh?l0W@TOg?o0X@QOg?Q1Y^OjNi16m?V1S@iNm?X1S@hNk?Z1U@fNk?[1T@eNk?^1l_O]NbN5ba0^1l_O]NbN5aa0`1W_OeN[OHL3aa0a1R_OYN^O;3HK4aa0a1R_O[N\\O88GI5aa0a1Q_O]N\\O2=JF6_a0c1P_O^N8Oh`0c1P_O]N90g`0Y1^^OhNd0I;6c`0X1`^OhNd10l?W1a^OiNd1Ok?W1b^OjNd1Mk?S1_^OkN16d1Ml?j0^^OVO83^1Mk?j0a^OTO66]1Ml?j0a^OQO78]1Kl?n0l^OVO8I71f`0Q1k^OTO22Sb0j0d]OnN01:7Rb0L]]Of06WOe0;ga0e0a]OSOe0>ga0D`]Oc01]Oe0b0ga0^Od]Om0c0Gha0[Og]Ol0a0Lga0UOP^O?b0`0[a0POV^O=?j0Ua0gN_^O><n0ea0ROY^OU1ba0kN]^OZ1_a0fNX^OCDh1Tb0eNW^Oe1ia0oMg]O7?l1ia0mMh]O8=o1ha0iMk]O;6Q2na0cMm]OR3ca0PMg^OOES3ba0kLl^O[3Ra0eLn^O\\3Qa0dLo^O]3Pa0cLP_O^3o`0bLP_Oa3]a0bLW^OY3ha0fLZ^OZ3ea0eL]^O[3ja01O1O1N2N1^Oc0M3O1N10PLo^OL4]3l`0aLX_OOM`3k`0^L[_O2Ib3Ya0:O001N1N2h_OmKV?T4h@mKW?T4i@mKU?T4k@lKS?X4k@gKS?]4l@cKR?`4S@fKa0I\\?l4c@UKZ?n4a@XK\\?Q5Y@SKd?]5N1N3N2N3N2N3M3M2N1O2N2M4M2N1O2M3N1O2N2UBRIS=P7gBWIV=j6fBZIY=]710O1O010O010O2N1O100OYLfBlK6K0n2T=Y1iBiK`0n2g<Q1gBSLj0l2_<n0iCSOW<j0lCUOU<h0nCWOS<f0oCZOR<d0QD[Oo;c0TD[Om;c0UD\\Ol;a0VD@j;=YDBg;=\\DCb;<`DC`;<dDB[;=gDCX;<jDCV;<kDET;:nDER;9PEHo:5UEJl:3VEMj:0YE0h:M\\E1d:N^E1d:L^E2d:K_E3d:H_E8b:EaE9a:E`E;a:AcE>^:]OfEb0[:\\OgEd0Z:YOiEf0W:WOmEg0V:TOmEl0T:QOoEn0R:RNWB2T4l1g9lM\\B2Q4Q2h>0001O00_LlMiCT2h?0010O01O0010O00001N1O2N1O2N2N2N2N2M2O2N1O2N3M3M2N2N2N2M4M3M3M2N3L7Fb_n<"}, "iscrowd": 0, "area": 25143.0, "score": 0.8826949596405029, "bbox": [158.0, 39.0, 236.0, 275.0], "category_name": "balanus"}, {"id": 1, "image_id": 0, "segmentation": {"size": [685, 1024], "counts": "Uee74Ve05M3L5K4YO]O^\\Of0Zc0Cb\\O`0]c0B_\\Ob0_c0@^\\Oc0`c0]O]\\Oi0`c0d0N2N1O2N001O101N2N2M2O3M3M1O2N011N2N1O001N1O2N2N1O2N3M2]@oLh<R3VCRMg<n2YCSMf<m2YCUMf<k2ZCWMd<h2\\C\\Mb<d2]CbM]<^2bCcM_<]2_CeM`<[2_CgMc<V2\\ClMf<P2[CQNg<k1YCXNg<d1ZC^Ng<`1YCaNg<_1WCcNj<]1TCdNm<Z1SChNm<W1QClNo<R1QCoNo<P1PCSOo<k0QCZOUN]NW>X2dC]OlMeN^>m1fC0Z<OfC2Z<LgC5Z<HgC9Y<CjC=X<ZOoCg0R<UOoCm0R<POoCQ1T<kNlCV1Y<cNhC^1Y<`NgCb1X<]NhCc1Z<\\NeCe1[<[NdCe1]<\\NaCe1_<^N\\Cd1c<_NZCa1g<`NWC`1j<bNSC]1o<fNlB[1T=lNeBT1\\=RO]Bn0c=YOUBg0l=\\OQBd0o=]OPBc0P>^OnAc0S>\\OmAe0R>\\OmAd0S>]OkAe0T>\\OkAe0T>\\OkAe0T>[OlAf0S>[OlAf0S>ZOmAh0Q>YOnAh0Q>YOnAh0Q>XOnAj0Q>VOnAl0Q>UO`AeMK[3c>POcAfMH\\3d>mNeAgMG\\3d>mN^AeMN3M01W3d>PO_AiMO6NR3c>oN_AkMN41T3`>mNaAZNNj2`>lNbAZNOl2\\>jNfAYN0l2Y>kNgA[NNk2Z>kNgAP2Z>QNdAo1\\>QNdAP2[>QNdAo1\\>hNdAa0\\>_OeA?\\>@eA`0[>@eA`0\\>_OdAa0\\>_OeA`0[>@eAYMMh2^>OfAWMMj2]>OfAXMLi2^>NhAXMJk2]>LnAUMEo2]>LnAUMEo2]>LnA=R>CjAoLJ^3\\>CiARMI[3^>CiAPML\\3[>]NcAZO?V2o=^NfAYO?U2k=aNiAYO<U2k=bNjAXO;V2k=bNjAWO<W2k=aNhAYO>U2j=cNgAXO?U2j=cNfAYO`0S2l=cNcA[Oa0R2m=cN^A]Of0o1m=dN\\AWO0XOg0m2n=B\\A`Mf0m2P>BYAbMg0k2R>JmA5U>JkA5W>JhA7Y>HgA7[>HeA7]>IbA6`>I`A7a>H_A7d>G\\A8g>FYA9i>nMc@n0e0S1l>TN`@`0e0Z1o>RNb@>`0_1Q?QN`@>a0_1R?QN]@`0a0^1W?nMY@c0?^1^?jMT@g0?\\1e?hMm_Og0b0_1d?iMl_Oe0a0`1f?jMj_Oe0`0`1h?jMh_Of0?`1j?jMh_Od0?b1i?jMi_Oa0`0e1h?iMh_O`0b0f1g?jMi_O;c0k1e?iMR@O<W2la0OkMkMTAS2n>oMQAo1P?RNo@m1R?TNm@k1U?TNk@k1V?UNj@k1W?TNh@l1Z?SNf@l1\\?SNb@k1d?\\NZ_O;WOZ1`a0\\Nf^Om2[a0RMd^O\\1ILea0hNa^OZ1OKba0jN]^O[14lNL8fa0AW^O[1`0`NHc0ca0T1V_OhNn`0S1W_OgNo`0U1S_OhNo`0W1S_OgNo`0W1f1L3M3lNk[O139LK`Sh9"}, "iscrowd": 0, "area": 25040.0, "score": 0.7717607021331787, "bbox": [368.0, 112.0, 186.0, 298.0], "category_name": "balanus"}, {"id": 2, "image_id": 0, "segmentation": {"size": [685, 1024], "counts": "cVl;7Te0`0A<C7J:F<D4M2M4M1N2N3M2N3N1N3N1N2O2M2O1N2O1O1O1O001O001O010O101Q^OiLea0X3X^OkLga0^30O11O2N010O1O0000000O10001N101OO010O01O01O010O001O0O3N2N1O1O001O1O00100NO2O1O1N2O001O001000O10001N1000000000001O0O101O0000010O00000000001O001O1O1O0O1O2N3L3aMj]OJNW1\\b0[Nm]O094@\\1`c0cN`\\OV1gc0jNY\\OR1lc0mNT\\Om0Rd0SOm[O20=ad0Ad[O1mX1NV\\O1O1O1O11NlZOMod02R1OUO1PONb\\O4\\d0MXO6c02S[OM]d05`[ONbd0Nb[OJXSg6"}, "iscrowd": 0, "area": 12232.0, "score": 0.9025174379348755, "bbox": [564.0, 242.0, 123.0, 207.0], "category_name": "balanus"}, {"id": 3, "image_id": 0, "segmentation": {"size": [685, 1024], "counts": "bch=7Te03N3Mb0c^OSOW=Q1eBQOX=T1eBmNY=V1dBQOU=R1iBoNV=S1gBoNX=R1gBPOR=@P@b1k2QOR=@P@a1i2TOV=S1hBmNX=[OQ@c1f2SOZ=XOR@e1a2VO\\=TOV@d1]2ZOf=c0ZBB`=`0_BB\\=a0dB_OZ=d0dB^O\\=a0dB@\\=`0cB@f;CfBm0d1AQ;hNnBQ1;QOXO`17aNi1W1\\;hNjBW1`0iNZO`17aNi1X1[;gNhB\\1`0;CZNj1X1\\;gNeBa1=7HXNk1Z1Z;>lBXNIi1a0TNW1^1c;>RCN3XNW1\\1d;>TCLl1Gk:dNjBg1d0Jg1Kj:eNlBe1d0Jf1Mi:`0aCCf1Mh:a0bCBe1Og:a0cC@J]N\\1c1U;a0dC@J`NX1b1Z;>dC_Oc1oNjMb0P=Q1aC^Oe1oNjMb0Q=Q1`C]Oe1POkM84XOm<3UCb1:Jd1QOmM66YOi<6UCa1:Jd1oNoM6Z=EcB]1`0Id1QOlM5U=ZOnBg0Md0?6?`NCMM\\1a<C[C=48<dNBM0V1d<EYC<58:hNAJ3U1e<eNRCP1O><59[OF<j<W1WCRO8\\OG;j<X1VCQO8]OHPOEV1f<lNcCb20oN9^ON3NoNd;0mCm27cN;^O03LROb;V3PDYNa0]O12JUOc;k4aDiKBSOa0T1HVOGHf;Q5iDjKATO`0Q1LUOFMc;n4iDlKATOa0o0<TOi:k4hDoKAUOa0m0=UOj:h4fDRLBUO`0k0`0UOWOKW;n4oDSLCTO`0k0`0VOTOMX;l4PESLDROa0k0?YOROLZ;k4oDTLFPO`0k0`0B\\:_4mDTLInN?l0`0C[:^4mDWL8lN@l0P1B\\:_4gDRKLX1>kNCi0Q1VOlN8^;e4gD_L9fNFON`0Y1ES:f4gDbL8dN0=o0FQ:g4iDbL6fN28d<`4UCcL5dN47_<e4XC`L5eN36W<G\\Co46`L3eN44W<n4bCZL2dN63V<n4cC[L2cN5O@Ne<V5dC[L1cN6K[<W5_C[L0cN6JZ<Z5`CZLObNQ=W5PCWLOaNP=Y5RCWLN^NP=\\5RCVLN^Nn<h4iBgK;U1M[Nk0Na00f8l4fEeK<V1L[Nd0NVO5Z11k8h4jE]K`0]1E[Ne09=Mn8f4iFjLWOZNe0:L=]9V4kFjLVOYNf0:K>^9U4kFkLUOXNg0:K=`9U4iFmLTOWNh0:JO]ONT:d4PFRKa0l1\\OVNi0;IJB3o9d4oETKa0k1[OVNl0NTO5f0NC5l9e4nEUKb0j1[OVNR12ENZON61R:k4iEXK5K2n1FTNU1OG1UO1e:j4]E[K1K4k1HSNW1NG1TO3e:i4\\E\\K1J5n1P2PNjM1e:k4ZE^K?e1i0PNC2S:j4RE_K?e1h0QND1S:i4SE`K>3_OR1Y1bNC0U:h4REbK=e1h0QND0V:f4REdK8i1k0oMCOX:d4SEeK5k1m0mMCOY:c4SEeK1o1P1kM[O5a:[4TEYNP1VM\\O3ALj:U4SERL5`0KW1W1PN]O5@Mj:T4RESL5>NX1Y2SNc8R4SEUL2=0Y1X2SNc8R4TETL1=2Y1[=V2dBRL0=2[1[=U2eBQL<OFk1Y=U2hBmKj0n1^<U2iBlKi0o1^<U2iBlKj0n1^<T2QDlMo;T2QDkMS<R2mCnMU<o1lCQNU<n1lCQNV<m1nCoMR<Q2oCnMR<P2oCPNR<n1oCQNR<o1nCQNS<m1oCQNR<o1nCQNS<l1PDRNQ<l1RDSNn;f1[DWNf;g1^DVNd;d1cDYN^;e1eDYN\\;f1eDYN\\;e1gDXN[;f1gDWN\\;h1gDmMlL^O`>c2hDlM_;o1gDPNY;o1iDoMX;o1kDoMV;k1QERNQ;n1X4M3N4L6J3N4J9G9WOo_e4"}, "iscrowd": 0, "area": 24405.0, "score": 0.8145208954811096, "bbox": [663.0, 308.0, 130.0, 360.0], "category_name": "balanus"}, {"id": 4, "image_id": 0, "segmentation": {"size": [685, 1024], "counts": "PhY`05We02N2O00O3Kd[3O`dL2N2N1O1O001O000010O002N2N1O00000000O10O2O1O1O00M3L4O2OO100O1O2N`o7N_PH9J8I3L4M8H1N3N3M2N5K2N2N2N1O2N1N2O1O001O000O100N2N2O1O1O1N2O100O10000000000001O001OnMiMn@W2o>nMi_O07R2n?QNi_O17m1n?UNi_O26i1P`0WNh_O27g1P`0XNi_O27e1P`0ZNY_OD8>>d1P`0dN__OJa0a1o?DP@;o?Ho_O8Q`0Jn_O5R`0Lm_O4R`0Mo_O2Q`0Nn_O3Q`0Oc_ORNOo1^`0<a_OC_`0f2O2O0O100O10O10O1O1O100O1001O0O1001O000001O1O001N1O2N101N1O2K4L401O1mNP_OfMQa0Z2Q_OdMPa0[2R_ObMPa0]2Q_OaMQa0_2P_O^MRa0a2P_O[MSa0e2o^OTMWa0k2j0M3fMe]OIOJLg0`b0Bi]OG<e0la0Al^O=Va0_On^O`0Ta0YOP_Og0lb0O1O100O100N3N1GY[OIid04[[OIgd05:N3MiV^1"}, "iscrowd": 0, "area": 11375.0, "score": 0.9075412750244141, "bbox": [781.0, 518.0, 159.0, 167.0], "category_name": "balanus"}]}