{"images": [{"id": 0, "file_name": "images/balanus64.jpg", "width": 264, "height": 260}], "annotations": [{"id": 0, "image_id": 0, "segmentation": {"size": [260, 264], "counts": "^R;3P8:E4M2L6L5K3M2O1N2N1N3N2O2M2`McNVN_1g1hNSNY1l1lNoMV1o1mNoMS1o1oNQNR1j1SOTNn0h1WOWNi0g1[OeLROV1e1S2GkM9U2OcM1\\21cMN]24bML]27aMI^29bMF^2<gLQNa0c1g2f0XM[Og2g0WMZOg2j0VMWOi2j0VM^Ob2d0]M]Oa2g0[MZOd2g0[MYOe2h0ZMYOe2h0ZMYOe2h0YMZOe2i0YMWOg2T3O1O1N101N11O01O0000000000000N2O100O2O0O100000O1O1O1O1O1000O103M3N1N00100O0100O10O02N00100O1O1O2OO01O1OO100000000000O2O1O3MK5N1001N100O2O0O2N2M3N2N2M3F:J6N3O000O100O1N2O1N2N2N2\\OULlLn3R3c00001O010O100WM[KQ2e4nM]KQ2d4lM_KS2b4kM_KU2a4jMbKU2^4iMcKW2^4gMdKa0BWO1c1i4cNfK`0Em0h4^NgKa0CR1^5iNfJV1`5`NdJ`1P61N1001\\NbI`1^633M0eN_IR1b6jNcIT1h6O1N2N100O1O2N101N2M3N2N2M3M4LVb<"}, "iscrowd": 0, "area": 21466.0, "score": 0.9717616438865662, "bbox": [47.0, 39.0, 169.0, 191.0], "category_name": "balanus"}]}