{"images": [{"id": 0, "file_name": "images/balanus53.jpg", "width": 640, "height": 640}], "annotations": [{"id": 0, "image_id": 0, "segmentation": {"size": [640, 640], "counts": "YjQ2<ac05M2M3O2L3N2N2N2L3M4M3N1O1O2O000XOgNi^OZ1Ra0mNj^OU1Ra0QOi^OR1Ta0o0M3N1O2N3M2O001O001O1O1O1O001O1mAmLV;U3aDlLdM1h=V3bDjLfM0f=Y3cDfLiMOd=]3bDaLmM2_=d3hD\\LW;h3dD[LZ;g3]DcL`;_3_DbL`;_3ZDhLe;W3gBXL:NAM;P1S=m2dB_L222h0T=h2hB^L2b1U=R2hBZL4d1S=T2hBUL8k1l<P2mBTL7m1j<P2oBSL7m1h<T2PCnK9n1f<\\2_C_M`<j2WCXMh<i2VC[Mg<e2YC]Md<d2ZC_Mc<P5N2N3M200O2O0O100O2O1N3M3M100O101M20kLWDSNh;o1WDQNi;P2VDPNi;U5O001O0O101O00O010000O01000O01000O0100000OONjG^DT8h;00O00O20O101O0OM310000kGXDR8i;2000001O2M2N2N101O11O1N0fG^DV8c;iG]DX8e;0MgG_DZ8[;lGfDT8W;mGjDn4MnMX;UMjDm4NoMX;TMhDn40oMa;Y5O2N1oM`G_Hb8_7_GaHb8^9101N0O2K53MO010O1N3O0ORGRE2Od8X;]OiD\\HW;c7iD]HQ;AREe8m:[GoDj8k:8OKUEWGk:P90PGUEi8k:VGWEj8P;0ISGYE_8LmGR:EoE96k8h9^GSFe8j9i0N20^GVFn6i9f1N0OO12OK52O1O2N1O1O1O1^FgE[9[:eFdEZ9]:41O001O1O1O100O1O4L101O000O10O06K2M7I3M1O2O0O10000O100O10001N10O10O10oLeG]JZ8d5fG[J[8e5eG[JZ8f5fGYJZ8g8ON2O20O010O100O100O00010O10O001O0gMeGnH\\8R7dGnH[8[91O1O001O2O0O001O100O1O1N2O1O1O100O2N101N1O3L3M3O1N2N4M4L8H8G5M2NO001O1N1O1O1O2K6J4M4K4K5L3O2M101O2N10O001N3N2O1000O3lF\\Eh8n:01OCXGaEi8\\:]GaEc8_:]G\\ELNh8f:[GaEe8W:WGgE33f8^:[GaEe8^:^G`Eb8`:`G_E_8b:_G_Ea8b:^G_Ea8a:aG\\Ea8c:>001O1O02N0100001O01O00O10O11O00001O011OO01O2TKeFnN\\9Q1cFPO]9l5N00000O02N1O100kMbFfI^9Z6aFgI`9\\81nHgFT1IdM`9X1`FdL3h6^9lL_FQ3a9h30iH`Fm3`9QLaF[MMB2j3NfNa9b0cF`MOi5_9eLcFcM1n2KROa9Y1bFCNVOa9k4^FWKc9g4]FZKc9e4\\F]Kd9b4\\F_Ke9_4[FbKe9]71N10000O1jLYFQLh9n3WFTLh9S7000O002OO01_LVFjLl9S3UFmLl9c62VLVFZMj9^61N2O2N2M2TLhEmMZ:P2hEoMY:Q2gEoMX:cLfEm8[:nFeEM2T9Y:nFfEN0T9\\:lFfE0MS9^:lFeEX9\\:gFeEX9b:O1O1N2OAnFSFP9m9RGRFOCj8]:TGRF2Bh8n:WGSEh8n:XGSEf8n:ZGREd8W;_KiD6X;IiD5Z;IgD5\\;JeD4];JdD5^;IcD5`;IbD3b;J`DOh;OZDKm;1UDLn;2VDKl;3UDLm;2UDKn;NYD1h;L[D3g;JZD6g;E^D:c;_OdDa0];\\OeDc0_;XOcDg0f8oLbHR2lNn0b;mN`DR1d;jN]DU1e;iN]DU1d;jN`D[NXN]2Y=WOlDf0T;ZOnDd0R;POaBPO`2m1P;RO`BQOb2k1o:^OUE?k:@ZE<g:C[E:f:F]E2oL`Nf=]1]E4e:L[E3e:M]E0e:N^EOc:1^EMd:1_EMb:2bEJ^:6eEG\\:7hED[:;gEBZ:>jE]OW:b0SFQOQ:o0QFlNR:S1_4O1N2YOT]O6Rc0Fo\\O5Vc0Kh\\O5Yc095\\Oj\\O3Y^b1"}, "iscrowd": 0, "area": 122664.0, "score": 0.8882260322570801, "bbox": [107.0, 20.0, 443.0, 373.0], "category_name": "balanus"}]}