{"images": [{"id": 0, "file_name": "images/balanus71.jpg", "width": 392, "height": 260}], "annotations": [{"id": 0, "image_id": 0, "segmentation": {"size": [260, 392], "counts": "d\\21Q87VMJZM9d2KWM8g23nLOP34mLMS35kLLS37jLJV36kLJT37hLLX36eLLY36fLJZ37dLJ\\36cLK\\37cLI]37bLJ^36aLK_35`LL`34_LMa32cKQOF4>j0Y41cK[O3d0[4ObK^O2d0\\4NbK@JCMP1f4MbKAFI0j0h4KaKBGKOh0j4J_KDGP1j4[O^KDGC0^1k4\\O\\KDIS1l4YOZKAJY1m4VOWKBLX1m4WOVKAMX1n4VOTKBOX1n4UOSK[1m4m02O0O2O1L3O11O001O00nNlJUOS5f0lJ]N1m0S5e0lJ`N0k0T5n1001O000hMjJb1W5d02O0hMgJe1Y5c01fMfJh1Z5WNgJh1Y5YNfJh1Z5XNfJh1Y5YNgJg1Y5YNhJf1W5[NiJd1X5]NgJc1X5^NhJb1X5EjJQOV5h0iJbN4c0S5i0WKWOi4KhJ7b0Lg4MgJ6d0Lf4LgJ6e0Me4MgJ4f0Nc4MhJ5g0Lb4NgJ5i0Hd42eJ4k0Bg47_J7h6GZI7j6EXI:\\7K7HUT]2"}, "iscrowd": 0, "area": 5621.0, "score": 0.7785691022872925, "bbox": [13.0, 22.0, 77.0, 98.0], "category_name": "balanus"}, {"id": 1, "image_id": 0, "segmentation": {"size": [260, 392], "counts": "Uk82R81TH4^7LbH5]7JdH2NNe62hINE2NO2NZ63QJOD0001N[62PJNF211]6NVJ0^O3Z6OTJMZO183k53QJO2JO?JI0IQ67TJM0N0i0f5TOYJ8170DKa00]OQ68SJ52CM422o52PJ52CM33OKMc6?aIDLN82^6h0^I@0FX6j0hI@0Fo40PK0i0n0SOQO0<5Fm48]K9Ae04kNl49[K:FZOOV13nNk49[K;J?NnNl49[K<96[4@XK9LYO61Nn0g4AXK7NZO1Z1g4XOYK;N>e4[O\\Kf1OaMc4k0^Kd1e4YN\\Kh1g4nMYKC2o1M]Ng40\\KEOn1N\\Na4F_K>2COm1O\\Na4F_K>2DMl02ZOONON16a48^K\\O24Ni06[OL0OM07a4:aK[OOP2OUN0Kb4>^KF7\\1HmN1Gg49ZKG6\\1IeN0N02f49ZKD:OFZ1OjN1M12f4;YKA3100Mb11]N14e4?\\K]O11Ln01AO_O35c4h0]KVOMm01@O@35c4i0\\KUONm01@OHi4f0XKVONo00TO1O01i4g0YKVOMW14iNM7e4=\\KZO1_12aNM9d4>[KXO2j0MJ5\\ON:c4a0_KXOK00T11iN3;a4a0`KSOO3MX13jNNNc4i0aKTON2Nj0NXO034NOMb4e0^KYO93DV10hN44MOe46^KFN2?:_O50O4Ma4M_KGL1b0a0^O_O21O:0C3=a4G]L[1oNaN351La41RLN\\O0M`10bN>0DO\\41YLN\\O0M6OQ13iN50N2MO\\41YLN\\O001L60i03PO42N1_4O`KN72G01N10L71k06SONN_4O`KN73E11M3_11eN0O_4MnK0@20M2a10dN1OZ5LiJa0K<>WOm4LiJc0K;?TOn4NgJf1<[Nm4OgJg1m5YNRJh1U60IXNQJi14YN_5N]Ji14YN_5N]Ji14YNd5h1\\JWNe5i1<OkIXNh5OXJQ2g5PNXJR2f5nMZJR2f5mM[JU2i5kMSJU2n54BgMaJ12OMX20mMX50mJZ2R5aMiJ35[2S5gMmJNKW2V5lMoJLMW2T5mMoJLLW2V5mMnJLMV2U5mMoJMNT2S5oMoJMLNOU2S5lMlJ46MLW2o4QNUKHKX2P5iMoJ2:U2h4hM^K[2b4dM^K]2a4cM^K]2b4dM]K]2c4cM]K]2c4cM\\K^2U510O00002N1O00XOdM_K1H\\2i4cM_K1H\\2h4dM`K0F^2j4bM`K0F0OY2k4gM`K0F0OY2k4gM`K0KX2f4hMUK4ON5V2h4gMSK60L6W2l4lMoJL3[2P5fMmJ10Z2T5cMPKc2Y5O_O^MRK0=_2b4dM^K\\2b4dM^K\\2[4aMYK=5R2a4SN_Km1`4bM[K6OM6[2a4aMZK83GO0Ma2g4`MYK93HONNa2g4lM\\KE2^2b4nMZKE3^2b4cM\\K92T2b4dM\\K72U2b4UN]Kj1d4iM[K2OU2f4iMZK0OH040U2g4_NYKf1i4VNXK[OO71n1i4^NZKDMn1g4V1M21O1O0O20OO0100O1O1002N3M0000000O2O1O0010O0000001O00001O0000000001O00001O0O101O00O0LoLVKS3b4lLbKX3\\4hLgKW3c4mLUKm2k4RMWKn2h4QMZKm2f4VMXKk2g4UMYKk2g4UMYKk2b4QM]K61h2a4^M_Ka2Q4WMPLK0=0EMh2T4VMSL03Y3`4gLYKS3g4mLYKS3g4mLYKS3f4nLZKR3l3mLiL1[OQ3m3nLhL3YOo2n3PMhL2YOn2o3oLiL2YOo2n3oLiL2YOo2n3oLiLX3V3hLjLX3V3hLdL0AX3j3jLdL\\3\\3dLdL\\3\\3dLdL\\3\\3dLdL[3^3dLbL\\3_3cL`L^3a3hLPLa3Q4`LnK^3U4[LkK02c0OZ2\\4fMdKZ2\\4fMcK[2_4d0O2O0O0NSMgKU2Z4jMgKU2Z4jMfKW2X4mMfKQ2Z4PNfKP2Z4QNfKn1\\4l01O001O00O100000^LcK]3k3`LeLe3[3[LeLe3m300000000]LcK_3]4aLdK^3\\4bLdK^3\\4bLcK_3]4aLcK_3]4aLcK_3]4aLcK_3n3_L_L2C_3^43O10\\LcKa3_41EbLoK_3m3hLPLX3S4:3SMjKh1Z4TNfKm1Y4SNgKl1Z4o001O000ZOWLoL1^Og3b3YLPMO_Oh3b3XLoL0_Oh3b3XLoLk3Q3ULoLk3Q3ULoLk3e3ZLjK^3V4bLkK]3U4cLkK]3U490_MiKU1X4jNhKV1W4kNiKU1W4kNiKU1W4kNiKU1U4mNkKS1U4mNkKT1T4lNlKS1U4mNkKT1U4kNkKU1U4RNnK2Mk1W4\\11O1O1O3]McKY1]4fNdK[1[4eNeK[1[4dNfK[1\\4eNcK[1^4eNaK[1`4iNaKlNOP2`4oN`KQO10OP2`4ZO`Kf0`4PO`KZ1a4dN`K\\1a4cN_K]1`4XN`KD0T2a4cN_K]1a4cN_K^1`4bN`K^1`4bN`K^1`4R11TM_KU2a4kM^KV2^4VMdKd0NV2]4YMcKa00V2]4YMdK`0OW2]4XMfK\\3Z4dLcKO1l0Oa1^4fMdKh0Nb1^4fMdKh0Nb1`4U1OO01K5O1LXLkKV12X1S4aMnK1Md3U4\\LUL_3j3bLVL3FT3S4jLRLMN`3o3dLXL\\3h3dLULLK_3Q4cLSLR1J[1T4aMSLT1JZ1]4dMbK30c01f1\\4cMcK60R3P4gLRL051I63o2[4mLbK23P3m3lLZLd3f3\\LZL8FQ3]4iLdK00V3\\4jLdKN2W3R4iLQL0JO112k0N]1T4hMQL21c03`1k3[NmK;O^1S4XNmKg2U4VMlKj2Y4lLkKU3a4100OZMZKC1K0Q2\\4QNeK`0?_1l3PNfKa0>_1l3QNeK`0`0^1k3RNeK`00^O9P2R4RNeK`00_O9n1R4lNdKXO9l1S4fNeKD7f1T4fNeKE7d1T4fNfKF6d1T4ZNdKL456c1T4[NcKL366`1V4`N_KK557^1P4SOfK@<\\1m3UOfK_O?U1@aN[4k0fK_Ob0R1^OaN\\4\\1_L0`3iNdKQ1k02UOkN[42eKQ1k02UOkN4"}, "iscrowd": 0, "area": 35369.0, "score": 0.8360081911087036, "bbox": [42.0, 130.0, 350.0, 130.0], "category_name": "balanus"}, {"id": 2, "image_id": 0, "segmentation": {"size": [260, 392], "counts": "Xi[1112n7200JM[HOM1f53\\JNe1O\\N3b56QLHZ45fKKW4NTJ:d1HT4?_KDkNOf5`0YKMa4_O]Jh0P1Kc4]O]Ji0o0Hj4_OWJe0n0Mm44QKMn45PKLl4\\O[Ji0h0Le4\\OgJl0c0Hf4[OjJk0?KU5FUJD04f0d0S5EZJGLMc0h0V5FWJA14OMc0h0R5WO^J>MC030M`0k0X5MkJ3T5HYJ_Od0i0Q5XOgJM?m0i4VOXKL_OP1X5UO_JM;NH42n0[5TO_JM7=Kf0^5WOfJ3Kh0^5VOeJ4Lf0_5lN`JL154=Lg0^5hNaJ030M15`0Lh0]5gNcJ0142>Mh0\\5eNjJ6Km1Z5mMkJ6Jo1[5lMdJ01_2_5]NbJd0P5_NZKl0Gf0[5[OeJf0Y5U1I6NSNnJNOKW5GiJG4b06Jn4\\OhJ;0F5O1a0KE:>o4GfJG<?FD9?o4GfJH5NMi0:IP5GdJI4l09CP5HcJI3m0:AQ5NeJ`0;AT5@_J84b0KWOk02e40aJ54b0KWOk02e4;cJ=NUOk02d4=bJ=4TOa02j4<aJ>m0VOb42_JM9k0f0VOT5k0YJUO20d5l0ZJTO20^5Q1bJnN00Z5OYJU10kNl00k4X1YJhNl00m4V1WJjNi6\\1iIgN[5Z1dJfN\\5Y1eJgN[5X1fJeN]5[1cJeN\\5\\1dJfNX5e0VJL3_OO0N10Mf5_1XJaN2220N2OLh5b1XJ^N51L3NNj5_1gJhNT53\\Jf0?YOU5O]Ji0;mNC<d5M^Jl04kNM?b5I]Jn02nNL<e5F\\J\\1OoNm5c101000001O00M3L4O1:F3N1N10ZO[JlNY5BjJb1MlNW5a1hJaNU5a1kJ`NR5b1nJ^No4]2N102O0O1O100N1010000O10O001O1N2DWK\\Mk4d2YKVMh4l2VKTMj4o24101N10O000001O0000000000000001XOPKYNQ5g1oJYNQ5Z24N1N2O1001O1N1O101O1O1O1O1N101O1O1O001O1O000100O1O001O2N002NBoLjKl2Z4XMZKL6k2`4XMeKg2m40gJWMV5m2HRMWKh2KYMo40XKd2J\\M[4OUL2G`2J^MZ41UL2G]2Y4aMaKO89GH13OS2a4jMlK<EEOT2a4kMkKc0Db1a4kM_KOO0000g01\\1d4oMdKe0H\\1d4oMeKd0G]1d4nM\\KO5g0K[1e4oM[KO4h0LY1f4PNbKg0HX1g4QNYKO20Lh02X1h4PNXK020Li00W1U5PNkJk2o4UMUKm2Q50O0N3NPMPK50d00ZO51NV1m4nNQK?O]O411S1k4JQKPO47Lo0o4JVKROL\\1o4hNoJ91D2MMO18Om0Q5ROoJ:0D1013Nl0R5POPK=NE0O23Nl0T5mNPK?MD0015Oj0[5EeJZO4\\1n4bNTKh0JYO6\\1l4bNVKd0G^O2O5\\1X5WOcJ\\O015\\1X5VOeJ]OL26X1LlNW5=lJANMMX10QOW5:lJ4M40^OW5:lJ3N90POO7S5=PK3O70RON7S5=oJX10[NR5<nJ=1HN\\OOMT5b0nJ>0GO\\OOMT5b0nJa0OB0]O0NS5;lJI1R1O\\O4^OOOQ5d0mJb01SONL6KL1S5b0lJd01POON5KM0R5c0lJd00kNO;4C00Q5c0mJc0O\\O3^OO0R5:lJL1P1O]O1@OMS5:nJh0NZO000K010HP5;RKf00ZON11I0O0Oo48RKf00ZON21DOO2300o47QKf01[OM40B40O0o4:PKc03]OL63@O0o4:PKOO74JL54AOOf3"}, "iscrowd": 0, "area": 17187.0, "score": 0.6559892296791077, "bbox": [174.0, 24.0, 218.0, 111.0], "category_name": "balanus"}]}