{"images": [{"id": 0, "file_name": "images/balanus95.jpg", "width": 195, "height": 260}], "annotations": [{"id": 0, "image_id": 0, "segmentation": {"size": [260, 195], "counts": "\\`b02P83COeH3X7NcH7\\7JdH10L\\70fH03OT70eH0325NS70eHO41LOf71SI4Z6MPI17MH1N2R7OQI26MHO30n62PI37LNO`61\\I00O056KO0`60gI2E2MM6OW78bHI7Oi25V13kKIW36cMI]23nLN3Oc29e1GdN;W1EfK6m1MhNd0S3YOXL7OKONP28bNb0V3BYN2`N?j2SOmL1O1IN41b1`0jN=FROU10]O3O0_OM66Z1=hN3BC[2G`N0XO1=4W1?fN2CDW3FlL2<2Y1`0eN1EDX1LhNLo0OC0L4X1`0dN2JZOK34O6NM1M7MI`0OD0L57L;2\\O1g1b0cNOM[OJ6j0JWO=NEa0NB7OK8N:2]O0h1f0_NM2Cc05SOEa0N@92H7O:2^ONh1i0]NL3Da09A_OG;OE8082_OOi1f0]NML[O2:>FAc08@Ef00XO><Z1<\\NM5FKDL050Mf08[OGi0OWO?6@K0Ni1h0\\NN6KGHO:O_O0N=g0IYO:7AJOOi1h0\\NNNZO2?Oa0LTO4M2e00\\O10N3MNh1c0]N1IO3<MRO15O>4ILJ1I1Md1i0^NNLc21eMn1JQNXO0a02^O0P2N]O2eNNb0P24PNYO2?0AN`31`L0d0o1OSN\\O1`0L42g0N02B0SOk1c0VN^OO`0N31V21WNk1AVN@M0191[4k1lKVN_ON225MH0f4o1ZKTN<OD02:o1Fb0n1^MSN0M78H4i4a1WKSN32M076I4j4`1VKTN23ON67I3k4a1UK[N1I40L72KW2N^O1SOj1VO\\N0I3;W4F`Lj1VO\\N0J39U5a1hJ\\N0J2:Y4E^Ll1G[NAI^40WLk1ZOWNON00000029OH^41WLi1\\OVNN612b4HULi1YOXNO00116^5`1TKXN^O0`5f1jJYNK1K0a5f1PKZN_O0a5h1oJ[NS4LYLg1H[Nm4f1PK]N\\1Kc1j1nL]N^1Id1b2\\N_Mc1a2o12OO100000O020O0aL_M[1`2fNdMX1Y2hNkMPNFR3^2oNPNQ1n1nNUNR1i1oNWNQ1h1oNXNR1h1nNXNR1g1oNXNL@UOX2o0XNL@UOW2P1YNIDUOS2R1YNHEVOR2Q1ZNHEWOQ2Q1ZNICWOS2P1[NGCWNKo0W27kMA`0S1FTOo1I[NN2S1FUOm1I\\NN3S1CWOn1G^NN2S1BXOo1E_NN2U1_OXOP2DbNL0X1^OZNIj0X2GbNJ1[1\\OZNI904Y22cNI2]1YO[NH91G19]2OKY1gM^N71H?0JU5V1lJaN;OI8K2V5T1kJcNc06]O3U5S1cKiNYO4U5Q1dKjNWO5U5>lJDk0FVO8S5>oJ_Oe0N[O5Q5>VLZOjN7P5>WL[OjN6o4?XLZOjN6n4`0XLZOkN5m4`0YL[OmN2k4b0YL\\OY4c0e1N2O2M3L4HPd2"}, "iscrowd": 0, "area": 12370.0, "score": 0.9329184293746948, "bbox": [87.0, 50.0, 90.0, 210.0], "category_name": "balanus"}]}