{"images": [{"id": 0, "file_name": "images/balanus98.jpg", "width": 195, "height": 260}], "annotations": [{"id": 0, "image_id": 0, "segmentation": {"size": [260, 195], "counts": "j8a0]1AnNOU5k0_KWOUO37LR5m0aKUOUO3OJ02O32LR5P1VKoNH2N40m02WOb4h0eKnNI2N40]1b4CeKjNI:0[1`4AgKVOIb00H^4e0cKoNOa1\\4l1O2N001O1O1O00<D3M100O10O1O1O2O0O1O1N4N0O2N3L7J3M1O1O1O001O1O01O01O1O1O1@ZKTMO1061Jb4l2`KSMM7h4e2^KXMd4h2XKTM03j4i2UKUM01l4j2TKUM01m4h2:010ON3O1ZMfJ`2d5KOeM[JY2e5hM\\JV2d5iM^JV2j4iMiK1\\OX2j4gMjK1\\OX2j4gMZK3LM51J0OW2S5jMYKOE0OW2d4iMcK96GEV2f0jMXO5i37XLC71KT2f0kMYO3NM_31aLg07YOMV2b0iM\\O2NNc3g0eL[OKV2b0hM]O1[3P1iLoN1\\27fMDNZ3S1TM[1LcMQ3U1fLkN9^2MbMS3V1gLkN3NJ12]25eMS3U1fLmNd0T2]OhM20V3X1gLkN9LN0JZ2OgM_3X1bLjNa0Z2^OdM^3Y1YMW1g2mNZMo0e2PO\\Mo0f2mN]MR1e2mN[MS1\\OeMP3W1eMS1TOfMT30SMW1e0S1TOfMT30UMU1b0V1[2fMTMS1b0V1g2mNWMT1UOgM_3P1cLPOh0Y2VOgMa3m0bLQOM1i0^2n2aMZLf0P1f1oNdMj3g0WMh1oNaMh3e0UM\\OUO^2NbMk3>SMDRO\\21bMQ40nK0R1b2QO]MW5d2hJ]MW5c2iJ]MW5c2jJ\\MV5e240hJ[Mn40oJf2U5\\MiJf2V5400000100O0O10001O02N001O00N110OTMlJi2U5WMlJh2X5OMYMlJe2V5ZMjJV105W5eNjJU113[5LgJ2Y5NjJnNHl0_5ROcJo0OSO8h0X5VObJm0OUO7e0b54gJHY5]OVJi0b0^O]OIT62lIh0OVO:040f54QJ7LN9HIOn50_J0A;4EK62J42f5OYJ0:1A64JL78IHN83INY58UKc0AVO0N54L?T5AkJO>m0KPOKg0m4CaKJ^Oa01\\O0O0310NM6:k40aKf0^OPO121O99g4NaKj0_OPOO19:e4JdKM]Oe01WO10154:f4IfKg0^ORO552JH;o4HgKl0[ORO5448e4EfKS1[OkN3496DGn4OiKT1^OROKJ60K>c5f0_JlN064;]5d0]JlN336;Z5g0\\JkN20N2;<Y5f0]JkN0986Z5g0]JkN11OO=>R5AcJV1NkN03?MC9]5GaJU11kNO460KL82U50bJR11lNO33;MK_5FdJU11POM;3D\\5LcJV10oNN;3D[5NcJT10oN0;1@M3_5OcJT10PON;0_O07^5JeJS11QONf0]5UOdJT11POOg0[5?iJfNMj0[5?iJiNJg0^5`0gJkNJe0]5[ObJT15kNLe0`5ZO_JV15kNLc0b5[OaJf0MD5GKc0c5\\OaJd0LE7?]5XO\\J01m09WOG:h5CWJo07TOJ9i5DWJn09ROG;P6c0YJBh5>XJQOE=U6b0ZJSOAN1OY6n0oIROa6m0WISOP73oHj09WOIL[62dIk07WOKL33l5OoIk07UO24h5LoIk04SOL18;e5FSJk0O\\O65i5DRJV14WOj5CSJS11_Ok5]OUJ6Me03HM\\O01d50]J12S1MkN21N0:3GMd5O]J130Ko00PO020N0096GKg52`J6I=0B9NHJf52aJ7H=0B85g5e0QJoN1O=0C9m5i0RJPO0N>1B9m5h0SJPO?0A9l5g0TJRO=<^5b0UJRO=ME:j5f0TJSO>LD<j5d0UJRO>NC<l5b0TJVONL9b0f5<RJVO2LO1Na0T64lI[O32OM00O2O<U67kI\\O5367R6EcI0060Lg3"}, "iscrowd": 0, "area": 16852.0, "score": 0.8584474325180054, "bbox": [4.0, 12.0, 191.0, 168.0], "category_name": "balanus"}, {"id": 1, "image_id": 0, "segmentation": {"size": [260, 195], "counts": "Sb74n78J2M2O1N2O000000000000001O10O0100O100O2N10O01O1O100O001N1kNTOSJ2h0j0S5]OmJc0R5@lJ`0S5AmJ`0P5IjJ6U5MWJXO?l0Y53cJN\\52dJN\\54dJJ[57eJI[58fJFY5<fJDY5=hJAY5?hJ@X5`0iJ_OW5`0jJ@V5`0kJ_OU5a0lJ_OS5a0mJ_OS5a0nJ_OR5?oJAQ5?PK@P5`0QK_Oo4a0QK_OP5`0SK]Om4c0SK^Om4a0UKoNVO;f5e0TKoNWO<e5e0YKXOi4g0\\KPOh4P1V101N2O001N2N101N3L7G^ng0"}, "iscrowd": 0, "area": 2583.0, "score": 0.8612713813781738, "bbox": [30.0, 161.0, 69.0, 81.0], "category_name": "balanus"}]}