{"images": [{"id": 0, "file_name": "images/balanus34.jpg", "width": 504, "height": 684}], "annotations": [{"id": 0, "image_id": 0, "segmentation": {"size": [684, 504], "counts": "fnb27Re07I7K4L3L4M2N3M3M3M3N1N2O1O1O1O001O001N1O1O2O0O100O20O0001O01O010N2O1O1O2N000O2O000000000O10001N3N2M1O2O0O2N1O2O0O2N3L5L2O1N2O0O3M3M:D[X`6"}, "iscrowd": 0, "area": 2994.0, "score": 0.9837344884872437, "bbox": [120.0, 113.0, 71.0, 67.0], "category_name": "balanus"}, {"id": 1, "image_id": 0, "segmentation": {"size": [684, 504], "counts": "\\_U274Oed0`0K;F3L5L3M5K3N2M2N3N1O1O1O001O00000000000000O100O100O1O1O100O1O1000000O101N2N1M4M3N2N2M4L5L4K5GY^Z7"}, "iscrowd": 0, "area": 2504.0, "score": 0.9788836240768433, "bbox": [102.0, 1.0, 53.0, 65.0], "category_name": "balanus"}, {"id": 2, "image_id": 0, "segmentation": {"size": [684, 504], "counts": "UiT18Qe05M4K8I3M3M3L3N2N1O2N101N1O1O2O0O2O0O2O0O2O0O101O0O101O0O2O000O1O100000O1N2O2N2M3N2N3fNY\\OM0c0bd0L3M4L5L3KoS[8"}, "iscrowd": 0, "area": 2146.0, "score": 0.9783402681350708, "bbox": [50.0, 19.0, 56.0, 67.0], "category_name": "balanus"}, {"id": 3, "image_id": 0, "segmentation": {"size": [684, 504], "counts": "T`T44Qe0<F8J5L3M5L3M3L3N3`NPO^^OS1_a0XOW^Oi0ha0YOU^Oj0ja0WOT^Oj0la0WOR^Oj0ma0XOQ^Oj0na0WOQ^Oi0oa0WOP^Oj0oa0WOP^Oj0Pb0eNl]OM4^1?]Nb`0j0m^Oj0=bNd`0d0o^Ok09fNf`0?P_OP2n`0PNR_OR2k`0oMU_OR2k`0mMU_OU2i`0kMW_OV2h`0jMX_OW2g`0iMY_OW2g`0hM[_OW2f`0gM[_OZ2d`0eM^_OZ2c`0dM__O[2c`0bM__O^2b`0_M`_O`2b`0]M__Oc2c`0ZM__Oe2a`0ZMa_Oe2``0XMc_Og2^`0VMf_Oh2\\`0RMj_Ol2]a0M2O2N1O2M2O2M3N1N5K4L4M2ZNg\\OT1\\c0iNf\\OT1_c0gNd\\OV1kc0K5M5K5M1N3N2M3M4K5KnPP5"}, "iscrowd": 0, "area": 5415.0, "score": 0.954089343547821, "bbox": [201.0, 176.0, 64.0, 145.0], "category_name": "balanus"}, {"id": 4, "image_id": 0, "segmentation": {"size": [684, 504], "counts": "alY32Ye01cQ6NgWK0hfN1N100_O1Z[OO60Xd0d0b[O\\O\\d0f0d[OYOYd0k0g[OUOXd0l0h[OTOXd01i[ON1a0[d0@Wi09lcNMba08V^O2ca04V^O3da03T^O4ha00S^O5ia0OS^O5S?iNPCT1jM6la0KP^O8oa0Km]O8Qb0Jl]O:P`0]No_O0e1T3FkLV=2^AOe1V3CTMe<D]B3GNc1Y3@XMf<^O`B1JO_1\\3_OYMf<[OjB0P1^3\\O^Mf<TObD_3fNbMe<oNeD_3fNiM^<hNkDa3eNkMd>V2YAnMf>R2XAQNg>o1XASNg>m1WAVNh>k1VAWNi>i1VAYNi>g1VA[Ni>e1VA]Ni>c1VA_Ni>a1VA`Nj>`1VAaNi>_1VAbNj>^1UAdNj>\\1VAdNj>\\1VAeNi>[1WAeNi>[1VAfNj>Z1VAfNm=gMeBc3]OgNm=gMfBb3\\OhNl=hMhB`3\\OiNl=fMhBa3\\OiNk>W1UAiNk>V1UAkNk>U1UAkNk>U1UAkNj>W1TAjNl>k3O1000O010O1O1O1O1OkAkIU=T6R1QNj@gM^1VNX<R4[BfM^1XNW<R4[BfM^1YNW<P4[BgM^1ZNV<P4[BeM`1[NT<P4]BeM_1[NP<T4aB`M\\1_NR<S4bB]M\\1`NQ<o5oCSJn;m5SDSJl;n5UDQJi;P6[DmI`;]2QCR1a1`L[;`2VCo0_1aLZ;`2XCn0]1eLZ;]2YCn0[1gL];[2WCn0\\1fL^;k0PC<6S2\\1fLY;IWCR1O<4h0KQOb1QOY;o0WC64R2\\1iLX;Q1XC43R2V1`LiN:d<f2[CTOOSOa1ROT;i2\\CQOOSOc1ROR;k2[CPO1QOc1SOR;Z1XC01a03POc1VOQ;Y1YCO1a02PO]1oNcN9c<P5^CcKh1\\Oj:P5`C`Kl1]Od:S5bC\\Km1@a:S5hCkJR23W:Q5[FQKe9n4\\FQKe9m4]3YNl_OWNV`0h1j_OXNV`0i1i_OVNX`0j1i_OUNV`0l1j_OSNW`0n1j_OoM]2dNU;:[Bg25YN\\2fNT;^3aBiMU`0W2l_OgMT`0TOh_Og25SNT`0VOg_Og27PNR`0YOh_Og28mMQ`0\\Og_Og29kMP`0_Og_Oe2;kMm?g2T@WMm?i2T@UMm?P1e_ON`0POk?e0b_OQO4Z1`0mNl?f0b_OSO2Z1a0kNQ2@S;W1YBUO1Z1b0hNS2Co:W1[BSO1\\1e0aNm?a0[_OB4OO]1ea0ROY^O_O60L`1da0QO[^O^O60La1h5XNm5i0YD^O60Kb1h5XNn5h0YD^O61Ia1a5XNeJ0b;h0YD_O5l1[5mMfJOb;h0WDA6j1\\5nMa6g0nC@5k1[5PNa6e0PD^OOJ28M_1b5]NcJLd;h0ZD]O42K^1a5^NcJMc;h0[D\\O41L^1a5]N`6g0oC\\O51L_1ha0TOW^O\\O6OM_1ha0UOW^O[O`0`1]5_Ng5e0VEk0T5aNe5d0XEi0Ra0WOm^Oh0n4dNT6e0mDg0j4dNWJ2Q<b0PEf0V3fNXM7b:<PEf0W3gNXM6bNJi;c0WEe0V3hNXM2fNMf;d0VEd0W5hNc5d0WEb0U5lNd5a0YEa0T5nNc5a0ZE?S5QOc5`0\\E<e3QOVL0oN5j;=_E7d3ZOSKMj0:Q;8_E5b32QKZO0029m;1eEE]N:h4E\\Kb1k;jNPKFSI`1n;iNoJGSId0O_O17o;I^KOeH20L18o;GVL0PH5Yd0Kh[OOE0dd01f[O0[c0OZ]O0ZO2ad0M_[O5dd0KV[O6id0MS[O5id0HX[O=Pd0De\\O>Td0O2O0GT[O3nd0IY[O2mW^3"}, "iscrowd": 0, "area": 21562.0, "score": 0.7006194591522217, "bbox": [160.0, 315.0, 185.0, 345.0], "category_name": "balanus"}, {"id": 5, "image_id": 0, "segmentation": {"size": [684, 504], "counts": "c\\Q61[e0002ZN1l]ONQb0:k]OFRb0?k]OASb0c0k]O]OTb0e0k]O\\ORb0i0j]OXOTb0j0m]OTOSb0n0T1WOi[O`0c0[Oib06e\\O>b0\\Ohb08f\\O;c0\\Ofb0:h\\O:a0\\Ofb0;i\\O;mc0ER\\OEOc0X1]OXa0=_]OD3a0K@U1O^a0<_]OE4c0n0\\O^a0=_]OE6b0l0\\O_a0=`]ODNj0S1VO^a0<a]Od0o0PO_a0=b]Od0n0oN`a0=b]Od0n0oN`a0=b]OCNn0o0ROaa0>`]Of0n0lNba0g1]^OYNca0g1]^OYNca0g1]^OYNca0h1\\^OXNda0h1]^OVNda0]1_]OoN_c0Q1b\\OoN]c0Q1d\\OoN[c0Q1e\\OoN\\c0P1d\\OQOl2E]=Z1h_OQO_22h=l0i_OSOn1CQNk0V`0?j_OUOa0@h02eNl0W`0=j_OWO?@k0Q1l>l0X@TNl0R1j>k0iAVOV>j0iAYOU>h0iAZOV>f0jA[OV>d0jA\\OV>d0jA]OV>No_OWOj1l0X>KP@XOg1o0X>Jo_OXOi1n0Y>Nn_OoNh1U1Z>jNo_Ob0O^Oh1W1[>iNn_O`00_Og1Z1[>gNR@30BL:g1Z1\\>gNQ@I9MB8h1\\1^>dNP@J8:Z1X1_>cNo_OJ4NH=e1Z1b>_Nl_OL5NH=e1Z1d>]Ni_OO6MH0O8g1_1d>eNo_ODG0O8g1_1g>ZNc_O0;NJ8c1_1l>YNQ@7T1`1d?_N]@a1k>[Nd_O0n1e1^>\\N^_OMN3T2e1b>XNnAh1l`0N10000O2N100O1O2N1O1O1O1O2M2N3@n[OBTd0=P\\O]OTd0?>O4Lod2DffL3B0Vd0MW\\O>hc0BY\\O>i`0B`A0gMa0Xd0O1O1O1O@Fo[O:Pd0FP\\O:Qd0DQ\\O=`d00`NDm]O<Qb0Eo]O;Qb0E\\]O0\\OO2<Vc0D]]O0F<jc0CV\\O=kc0CU\\O:Yc0Fi\\O2M8Yc0Hh\\O2AL::GE]c0:o\\OOM6Tc0Cc\\O0>3AM:=Tc0Cd\\OO6ON4KM;=Rc0Cd\\O06OM984Qc0Eb\\O25>9IPc0Od\\O9=GRc0Je\\O:d0Fhb0Lf\\O<h0Eab00f\\O:^d0Fa[O:`d0G^[O9dd0E][O4Se0M1000L32Nf\\j1"}, "iscrowd": 0, "area": 5718.0, "score": 0.6016984581947327, "bbox": [294.0, 283.0, 132.0, 179.0], "category_name": "balanus"}, {"id": 6, "image_id": 0, "segmentation": {"size": [684, 504], "counts": "ndj6;jd0<H6K6J4L4L3M4M2N2N2O1N101O1O001O0000000010O00001O01O0001O0000001O001O001O1N2O001N101N101N2N2N2N3POW\\O7bd0L4IVXc2"}, "iscrowd": 0, "area": 2649.0, "score": 0.9819839000701904, "bbox": [320.0, 207.0, 62.0, 69.0], "category_name": "balanus"}, {"id": 7, "image_id": 0, "segmentation": {"size": [684, 504], "counts": "ZRU52Ue09Jd0]O3N0L7M3L8I2M2N2N2N2N1O2N101N1O100O2O0O100O10000O1O0e]OkMaa0U2\\^OQN`a0P2\\^OUNca0i1Z^O^Nda0`1[^OeNba0a1U^OdNja0`2O1O1O2OO0100O001O10O010O01000O010O1O2N100O1O1O1O1O2eLT^OR3Ub0N2N2N1N3N3cM_]Oi1cb0SN_]Om1db0mM`]OS2mb0O001O1O1O001O1O001O001O1N2On0QO5L4L1N5L2M3M2N2N2NU\\]3"}, "iscrowd": 0, "area": 7047.0, "score": 0.9101055860519409, "bbox": [250.0, 50.0, 78.0, 138.0], "category_name": "balanus"}, {"id": 8, "image_id": 0, "segmentation": {"size": [684, 504], "counts": "kal6328ad0d0I3L4M2N2N3N1N3N1O001O1O0O2N1O2M201O1O001O1O01OO2O01O000000000000000O100O2O1N2M3L4L4M3N3M2M4L3J6L5M4Kh[a2"}, "iscrowd": 0, "area": 2613.0, "score": 0.9746925830841064, "bbox": [325.0, 109.0, 61.0, 63.0], "category_name": "balanus"}, {"id": 9, "image_id": 0, "segmentation": {"size": [684, 504], "counts": "cSd8?kd06K4K6J5L3L3M3N2N2N1O2N1O2O0\\OaN[]O_1cb0eNZ]O]1db0fNZ]OZ1db0jNZ]OV1eb0mNY]OT1eb0oNY]OQ1fb0l0NVN\\]On0db0RO\\]On0cb0o0N10000O2N1O1O1N2O1N2O2M201N100O100000O1\\NP^OLPb04Q^OKoa05Q^OJPb06R^OGoa0:n]OHSb0f12O21O\\Ni]O1Wb0Oi]O2Wb0b11O0O101O2M2O0O2O0O2O0O2O001N2N7JO000000000000000001O00001O1O000O2O001N2OnH"}, "iscrowd": 0, "area": 7390.0, "score": 0.9843149185180664, "bbox": [410.0, 182.0, 94.0, 115.0], "category_name": "balanus"}, {"id": 10, "image_id": 0, "segmentation": {"size": [684, 504], "counts": "_n^97Qe07K4L4J6K4M3N2L4N3M2N3M2N2O2M2O1N2N2N2O1N2O0O2O1N1O2N1O1O100O10001N1001O002N2N1O001O001N2O1O1O0O2O1NXE"}, "iscrowd": 0, "area": 3070.0, "score": 0.9859777688980103, "bbox": [450.0, 330.0, 54.0, 86.0], "category_name": "balanus"}, {"id": 11, "image_id": 0, "segmentation": {"size": [684, 504], "counts": "odc7;md07K5L4L3M3N1N2O2M101N3N1N2O1N2N2O0O2N101M2O2N1O2N101N10001N10000O10000O1000000O0101O0O1O2O0O2O0O101N1O2O0O2N2O1N2N3M2N2N2M3N3M6J4L4K7G7JPm^1"}, "iscrowd": 0, "area": 3502.0, "score": 0.9728874564170837, "bbox": [360.0, 496.0, 75.0, 76.0], "category_name": "balanus"}, {"id": 12, "image_id": 0, "segmentation": {"size": [684, 504], "counts": "[TW83Ue08J5K4L3K5K4M4M2N3Z\\OnNnb0U1P]OPOjb0R1T]OTOgb0n0X]OROgb0P1W]OQOhb0Q1W]OoNhb0S1V]OnNjb0j10F9O2O1O010001OGi\\O]N3Njb0e1S]O]N10kb0c1U]O]NO4ib0_1X]OfNNCjb0Z2400000000GS]OSNmb0m1U]ORNjb0n1W]OQNib0P2V]OPNkb0P2S]OPNnb0Q2Q]OnMQc0V22N2_Ok\\OlNQc0R1P]OnNSc0j0l\\OgN1?Uc0h0j\\OiN1?Wc0f0h\\OkN1?Zc0]11UOd\\OPO0>^c0`0b\\OQO1?`c0<`\\OUO0?cc0?]\\OAec06[\\O\\O0>gc03[\\O^ON?ic01Z\\O_OM`0oc0IV\\OGK6O0Vd0JT\\OOG610bd0I^[O62Ndd04\\[OLdd04\\[OLdd04[[OLfd04[[OHid04T[OLRe04nZOLSe070O1012MO5K2OgZO1Xe0OfQj0"}, "iscrowd": 0, "area": 3418.0, "score": 0.8761534690856934, "bbox": [389.0, 598.0, 70.0, 73.0], "category_name": "balanus"}, {"id": 13, "image_id": 0, "segmentation": {"size": [684, 504], "counts": "[]U2;nd05L4L8H4M2M3M3N2N2N2N2N1N3N1O2N1O001O1O0000001O000O2OO2O101N101N2N2O1N101O1N2O001N2O1N2O1O0O2O1\\Ok[OOVd0Oo[OMSd0OR\\ONoc00T\\OMoc0OPlW7"}, "iscrowd": 0, "area": 2368.0, "score": 0.9709944725036621, "bbox": [99.0, 594.0, 58.0, 69.0], "category_name": "balanus"}, {"id": 14, "image_id": 0, "segmentation": {"size": [684, 504], "counts": "oa084Khd0=L6F]Of[Of0Wd0]Of[Oe0Zd0Eg[OO[d0HX\\OOdc02]\\OO`c02b\\ON\\c01e\\O1Yc0Oh\\O0Xc01a\\OIA1M3oc02c\\OKBNO3lc02T]OLlb00Z1001O00OU[OO\\d02c[O0\\d00d[O0\\d01d[OM]d04=01N10g[O0Vc01S10O01Ndf01XXO:n[OG;1gc0d0o[OYON4Ud0>P\\O^OL3Ud0=P\\O@K3Zd09j[ODL3[d0<e[OBN2dd07][OGO2\\d0Ol[O3I1Sd09[\\ODcc0`0]\\O\\Oec0k095K3N2N2N2N2N2O0O101O001O1O010O1O00001O01O00000000001O00001N101N101N2O0O2O0O2O1N10001N1O2M2M4L4M4L5K\\oa8"}, "iscrowd": 0, "area": 2722.0, "score": 0.7699137926101685, "bbox": [4.0, 551.0, 89.0, 54.0], "category_name": "balanus"}, {"id": 15, "image_id": 0, "segmentation": {"size": [684, 504], "counts": "Rii0a0ed09J5M2M4M2M4M2j\\O\\Oaa0f0\\^O^Oba0c0[^O@ca0b0Z^OBda0?Z^OCda0?Y^ODfa0<Y^OFea0<Y^OFfa0;W^OHha09V^OHja0m101N10O1000000O1000001O001O001N2O001O0O100000001O001O001O010O1O1O1O1O1O1O1N2mM`]OX1ab0fNa]OY1ab0dNa]O[1jb0YNX]Of1mb0SNU]Ol1Wc0O1O0O2O0O2O0O2N2O1N2N2M3ZOg0IV]U8"}, "iscrowd": 0, "area": 6162.0, "score": 0.9838045835494995, "bbox": [38.0, 387.0, 72.0, 111.0], "category_name": "balanus"}, {"id": 16, "image_id": 0, "segmentation": {"size": [684, 504], "counts": "mg_1:od04M3][OGPd0<m[OIlc0P1L2M3N2O2M4L4M3L4L4M2M3N1N3N1O001O1N2O1O1O1O1O1O2N001O1O001O000010O00010O010O00100O2N3M3M3M3M4`M\\]OP2Pc001O001N101O001N2O0O3M2O2M2N2N2M4M3N2M3M3M4K3M6HYS^7"}, "iscrowd": 0, "area": 5252.0, "score": 0.9757884740829468, "bbox": [65.0, 306.0, 83.0, 107.0], "category_name": "balanus"}, {"id": 17, "image_id": 0, "segmentation": {"size": [684, 504], "counts": "fnb0=md0;D;@9M2O2M3N1O2N1O2O0O2N100O100O1000O10000000001O1O1O1N2N2O3M5dNV\\Oj0Yd0L5L2N2N2O0O3M2N2N3KlnP9"}, "iscrowd": 0, "area": 1931.0, "score": 0.939663827419281, "bbox": [25.0, 237.0, 48.0, 64.0], "category_name": "balanus"}, {"id": 18, "image_id": 0, "segmentation": {"size": [684, 504], "counts": "QU8:md09J4K4M4L3M3M2O2N2N2N1O2O001N101O001N101O00010O00010O01O1O1N101O0O2N2M3M3M3M4L3L5K4G;HiS[9"}, "iscrowd": 0, "area": 1824.0, "score": 0.9782583713531494, "bbox": [10.0, 120.0, 46.0, 59.0], "category_name": "balanus"}]}