{"images": [{"id": 0, "file_name": "images/balanus40.jpg", "width": 1024, "height": 575}], "annotations": [{"id": 0, "image_id": 0, "segmentation": {"size": [575, 1024], "counts": "Xn_61ma02M2O2N1O1O1N3N1O1eNCTA>i>EUA<j>FUA:b>0\\A2a>0_A1_>1`AO_>6\\ALb>9YAHf><n@No>8j@Lc1nNf;b2XD`MUO1_;`2ZEaMeNN13o;a2VD[M?4ZON03P<W3cDiL\\OON4Q<V3cDiL\\OON3\\;EUEa33iL^O0K2[;JVEa31dLA?e0UOh9:oEa3ObLE>a0[Oh98PF_30bLE>`0[Og9;SF\\3NaM6jNh9;RF]3M_M7kNh9>oES56bJj9`6RFcIm9X7O1O1O100N2O1N2O1O1oGoGS6S2ZHb3b1^JQ6P2`H`3T1ZJlN7`7o1bH^3o0_JnN4b7n1eH]3j0bJlN4f7m1gHZ3e0UKf6_1fH\\3?iJQO3m7e1dH_3;jJWO1k7d1eHa34hJYOK37m7b1eHd30jJ\\OG39m7`1eHf3NPK@GQ8b1aHh3LQKP8W1THh3KSKQ8S1VHi3GWKR8P1WHj3B\\KV8i0XHj3BaKS8e0[Hj3@dKT8b0\\Hj3^OfKW8?ZHl3^OfKX8?YHk3^OgKY8>XHl3]OhK[8=VHm3\\OiK]8:VH]5j7cJUHo3^OgK\\8;UHn3AcJNg0\\8i0QHP4H[JOk0W8k0RHP4E[J2k0W8k0PHb5l7`JSH`5m7`JSH`5m7aJRH_5n7aJQH`5o7aJPH_5P8bJnGj4NcIW8f1gGh43aIV8d8kG]GU8b8lG^GT8a8lG_GU8`8kG`GV8_8jG`GX8_8gGbGZ8]8fGbG\\8]8dGcG]8]8bGcG_8_8]GbGc8m8000O100O101N101O2N2M2O0O2O1O1O1O0O2O1N101O1N101O001O1N2O3M3L6[LUFdK3m2j9U1jFgNW9P1VGkNl8R1UGnNm8n0VGPOQ9h0SGVOn8g0UGXOo8d0RG[OR9`0QG^OQ9?QG_OQ9?RG_Oo8?SG@n8?SG@m8?VG^Ol8?WG@j8>XGAi8>WGAj8?XG_Oi8`0XG_Oi8`0WG_Oj8a0VG_Oj8a0XG]Oh8c0ZGZOg8e0ZG[Of8e0ZG[Of8e0ZGZOg8f0YGZOf8g0ZGXOa8n0_GQOa8Q1^GoNb8Q1]GoNe8P1YGSOf8m0YGTOh8k0WGVOi8j0VGWOl8g0SGZOo8d0QG\\OQ9b0oF]OT9b0gFBZ9=dFE]9;`FFb99^FGd97ZFKh93VFOl9OSF2n9MQF4o9MnE4R:MkE4W:LgE5Z:LdE2^:OaENc:4ZEKg:7WEIj:9PEKP;9kDGW;:gDFZ;:dDF^;;_DFa;?VDDk;W32O0O100O1O1N2O0O2]OdCaK^<\\4eCcK[<]4gCbKY<^4hC`KY<_4jC^KW<a4d0^KPCS4S=jKPCQ4a=M4N100O2N1O2N101O1O2`LkAS3V>iLmAY3\\>000O010O10O01O0100O2N8H3M<D2N1N2O4L2D`@UNa?6]@T1Q`0fNV@U1^`0K:[Oo^OJUa03o^OEWa09:N2N001O1O1NllY7"}, "iscrowd": 0, "area": 42417.0, "score": 0.9004751443862915, "bbox": [389.0, 67.0, 206.0, 295.0], "category_name": "balanus"}]}