{"images": [{"id": 0, "file_name": "images/balanus82.jpg", "width": 347, "height": 260}], "annotations": [{"id": 0, "image_id": 0, "segmentation": {"size": [260, 347], "counts": "nTb05e7;M3M2WOAjIb0_5^O\\J91;Y5YO^J;0669V5c0gJCT5?jJDS5=lJER5j1L2O0O2O001O1N3N000O103M1OO1OcKcLT4^3lKcLS4\\3;0O1O1O2O00JaKeL`4\\34000O11O01[KcLa4]33000N201O10O1O01O2N1hK`LJN1030Y3c3gL_L3MM0[3g3l0O02N1YL^Lh2b3UMbLg2b3UMaLi2b3TMaLk2_3SMdLl2\\3PMhLo2Y3oLiLl2[3SMhLk2X3UMiLj2W3WMiLg2X3XMjLh2Y4O1000O010YOXMRLh2m3YMULe2e40oNZMiK0f0e2`3\\MjKOf0e2W3[M^L29c2X3]M]L0;c2W3^M^LOCNg0d2X3bM[LN?^2U3eMULI22KNj0a2T3fM]MY2b2hM_MW2a2iM`MV2_2kMbMT2^2lMbMT2^2lMcMW2Y2iMgMX2X2fMYLI`1`2mNbMh28[NW2iNdMl22kLJ`1a2gNdMn2OkLN`1`2dNfMP3LoLK^1Q3c1TMcNk2]1UMdNk2[1TMfNl2Z1TMgNk2X1VMhNj2T1RMRM45K_1P3Y1XMPOf2T1VMoNg2U1VMjNj2V1VMkNi2U1XMjNi2U1WMYMOR1j2e1WMkNi2U1WMkNi2U1WMkNi2U1WMkNj2T1XMjNh2V1XMiNi2W1WMnLLh1m2Y1[MeNh2Z1UMPMKf1Q3Z1RMlNm2S1RMPOl2P1TMQOl2n0XMmMJ3o2n1YMmMI5n2n1YMoNi2o0WMfMLc0P3e1TMgMMd0P3c1TMhMOAHo0W3g1RMiM2?m2g1QMjM2>o2h1oL\\MI00883FL]3^2UMdMH1^3b1XLiNb0DG2_3a1YLiN`0DE6a3]1ZLiN?]O@34=b3T2jL[MAl0f3g1jL\\MAm0d3i1jL[MAm0e3i1mLWNS3S1ZLcN`0[O@o0g3R1YLdN`0[O@o0h3S1YL_N;@E11j0g3V1WL_N<@E0O02i0NVOg3e2jL[M_O13`02_Of3T2ULTN1Ij0?X3d1nKTNOKd0M_O`0Q4d1nKWNh04[3d1mKWNj02[3h1kKTNl00X3IkKS23RNg0JWO7S4R2oKiMMNP14V3V2mKgMQ11k2`2TL_MS1Og2c2`11N3NQNfJP14YNS5b280O1OO1OeJ_MV5b251O00OG]MSK^2R5dMnJS2IlM]56eJl1a5;1N2000000K6O00VJjMf5V2YJkMh5T2XJlMi5R26O001O0000001O000000000000000001SJPNd5X21O0H8007I3M1O000O100000001OO101O002N2M2O0O100O100000O010O1O1000000O10hNTJ8m5GTJ8k5P11O10O01000O10dNSJa0m5^OSJc0n5i0001N2O1N2N2N4L2KeI_N\\6`1dI`N]6_1cIaN^6^1bIbN_6\\1bIcNa6[15O001O1N3M2M3N2O1O1O1N101O2N1O2M4M3L3MYf1"}, "iscrowd": 0, "area": 26887.0, "score": 0.9317688345909119, "bbox": [80.0, 24.0, 256.0, 201.0], "category_name": "balanus"}, {"id": 1, "image_id": 0, "segmentation": {"size": [260, 347], "counts": "jf15k76K<E5K3M3M2M3L5N1N2O2N1N2O1O1O1O003M2N100O1O100O1O100O1O1O1O1O1O2N3N0O2O0O0010O1O1O10002N2N1OO10000O1000O100000O100O1O0100O2O1OO100N12O1N100O2N3L5K5L3N3M2N2N1O9G3M2N2N2N3M3GaHFc74iio1"}, "iscrowd": 0, "area": 5165.0, "score": 0.972960889339447, "bbox": [10.0, 143.0, 85.0, 77.0], "category_name": "balanus"}]}