{"images": [{"id": 0, "file_name": "images/balanus70.jpg", "width": 347, "height": 260}], "annotations": [{"id": 0, "image_id": 0, "segmentation": {"size": [260, 347], "counts": "PTP12m78BJdH;Y7:M3M3N1SITOg2Mi0`1TO`Nk0c1RO_Nl0d1RO\\Nm0f1SOXNm0i1ROYNm0g1TOWN[M0_3k1QOVN`M000Z3n1aNRNgN6^OJU3P2k21O1gKmMSO0]O0n2T2gNlMhN0C1l2T2cNkM^N18OK0O3l2S2hNkMRO0V2W2gNiMW2W2dMhM_N32NL0c3Y2TNgM]N1LNd3Z2XMhMK0[O0OOa3[2nLfMA<`0D@02N_3\\2iL_N8WO@N^3^2iL^N7VOU3^2bL^NQ4c1nK_N;POP3d2cL]N<QOo2c2eL\\NP4e1nK[NR4g1kKZNV4V2kKYMU4W2jKZNV4f1jKZNV4j20002N1O1RMPLf1P4V12lLoKR2S4cMmKE1g2V3RMdM`0UOMO]2W4PNjKT2Z4RMjK400Li2c4TMdK2Ij2o460O1O1OhMPM\\OQ3l2O1OfMQM_OP3k20O0hMPM\\OQ3l20fMoLDm2;SMGm2h20O1O2N1QNoLiNR3S33O0N2O1O001O1O1O1O1O1O2N3M101N2N5K1O1O2N1O3dLnK`2U4]MnK`2R4`MoK_2S4_MmKa2W4oLfK65j2\\4TMdKl2j4000000000O100O10000000000001O1OO1M3OQMTKh2j4SMUKU3j4300O1OUMXK\\2g4a0M31O3M000000M24M3RMTK_2j4WMVKT3h4nLXKQ3h4oLYK2Oh2h4UMZK3Og2f4VM\\KOM02k2g4UMYK0NO1n2h4;00000iLXKR3X5ZMgJk1V5XNjJh1i4hM\\KOLn2h4TM[Ko2e4QMXKh00]1f4jMYK16l2a4SMZK14d0L_1j4oMWKk2h4VMVK60Y2k4mMUK20]O0m1k4Z11TNTK>l4]11XNUK5m4eNQKj0a02_47dKFZ4<gKCY4=hKBY4>gKAY4?gKAZ4>gKAY4>hKBX4>iKAX4>iKAW4?jKAV4=lKAU4=oKAR4>^KlN_O65?o4a0YKkND53?Q5a0WKkNE72<S5c0TKiNI80;T5c0SKiNL7M=U5=hJQO;0N0JOM`0X5`0iJoN;2MOG13?V5c0RKoNM2HK2`0Z5b0nJROM3M7Y5CcJn09UONOIO79Y5>`JZO;0MNJ05:X5=QLAn3?SLAj3b0ZL[Oe3e0VLVOdN2X5f0PLWOgN1a5O^J4N50K]70cH:f1Ck3O`J427d1Fj37eJNc1Li3OdJ0M3f1OQ4NYJ3h1LQ49e1GcH;]73_HCa77aHJNOe73]HMOOf71f8OcG3PHMo71n\\5"}, "iscrowd": 0, "area": 19370.0, "score": 0.890924334526062, "bbox": [132.0, 85.0, 198.0, 175.0], "category_name": "balanus"}]}