{"images": [{"id": 0, "file_name": "images/balanus72.jpg", "width": 195, "height": 260}], "annotations": [{"id": 0, "image_id": 0, "segmentation": {"size": [260, 195], "counts": "U311822NFh0;YOHO0f5V1ZJI`0nNB1k4]2bKcMDOj4^2VKbM11N6V4NSLb2EZM0112ONV46SL_2GZM01030MT4;lK`20TM0O25NMR4_3nK_L0009R4U3oKbLO000050LS4]3nKPMR4W3mKcLS4]3mKcLS4Z3nKbLO0S4k31BlKjLT4c30BlKdL20S4[3kKeL20S4a3mK_LS4a3mK_LR4b3nK^LQ4c3mKYL04S4i31ElKhLT4Y3mKeLS4[3oKcL3Ke3b3XLcL3Jg3b3TLcLOLU4a3nK_LO0S4a3nK_LO0S4a3nK_LW4a3hK`LY4_3eKcL1MV4g3iKYLW4f3jKYLX4_3kKbLMOY4]3kKgLV4W3jKkLV4T3iKfLL4\\4V3gKhLN0Z4W3eKgL0060X4X3bKjL4N\\4X3`KjL4N^4[3aKeLa4W3aKjLM3V4LhKX35TMR4l2nKVMP4j2PLWMo3i2QLWMo3j2mKZMS4e2nK[MQ4d2PL]Mo3c2QL]Mm3e2QL]Mn3d2RL\\Mm3e2TLZMl3f2TLZMj3`301O100HiKbLY4d31O000O010O001MeK\\L\\4c330000NbK_L]4d30000YO\\L`L14b3d3bLYL_3e3cL[L]3g3bLXL^3h3cLUL_3h3ZLTLT4l3lKTLU4m3010O001IjK^LV4h310O0kKYLn3W3QLQM1FOOm3j3SL\\Lm3S3TLQM0E30i3Y3ULnLNJ8Of3d3RL]L8Og3Y3SLlLNK0O71h3d3TL\\L20k3c3SL]L20k3c3RL^LNN31m3c3QLaL2Ln3b3RL_LONN1Q4a3SL`LM3o3]3TL`L00m3_3PL_L023On3_3oKaL013On3c3PL]L20n3d3PL[L21n3e3oKZL31o3g3QLYLo3d3PL[LO1R4c3oK\\LO1R4a3QL^LM1R4a3UL_Ll3h3mKWLT4i35N1ZLhK^3W48QLZLa3e3>12[LfKS1OP1]4lMbK^3b400O4MMfL\\K[34eLX4OeK\\33eLX40eK[3a4eL_K[3a4fL^KZ3b4fL^KZ3b4fL_KY3b4eL`KZ3c42^KeL[4OcKY31gL]41bKX3b4hL^Kl2O\\Mc4I]Kg10Dd4cN]KY3d4gL[Km1O]Oi4c0WK]Ol4d0TKXOl4CTK914k4CUKO0]O1;N4l4o0_KmNG@N`0k4Q2YKoMg4S2ZKjMg4U2VK^MO:OFn4o1RKYN1K11NM30o4V2aKjM^O0n4i1RKbNb0E^O0n4X2dKhM_4Y2aKhM^4U2[KlMINm4<oJa02RON`0=@B051m4<QK?3Da0A\\47oJH11Mg04XOM131N1e0N\\46PKI01NP12QO0O`00]O2V51WKMC;0H12OK132L;0W50lJ<@HO15ONLf6;YIHNN92b6NUI68KHO90J3[6LfI:5FI0O33MO3\\6NdI0M11Na03[6NWIOM0e01Z6OPI012l72fg6"}, "iscrowd": 0, "area": 18820.0, "score": 0.9122430682182312, "bbox": [2.0, 71.0, 159.0, 139.0], "category_name": "balanus"}]}