{"images": [{"id": 0, "file_name": "images/balanus110.jpg", "width": 195, "height": 260}], "annotations": [{"id": 0, "image_id": 0, "segmentation": {"size": [260, 195], "counts": "_a=7i76L4L3O1N2N2N2N1O2O0O2O0O1N2O1O2N3L3N2O00001O000fIdNl5\\1QJmNi5T1TJoNk5Q1SJQOn5o0PJSOo5a11O0010O01O1N10001O000O100002N010O100O1O10O001O1N5L4L0O101M2N201O10O10000001N4M2M3M4L2M2O1]OlH4d7M2N4LlS`0"}, "iscrowd": 0, "area": 3671.0, "score": 0.9461919069290161, "bbox": [54.0, 67.0, 81.0, 80.0], "category_name": "balanus"}]}