{"images": [{"id": 0, "file_name": "images/balanus87.jpg", "width": 390, "height": 260}], "annotations": [{"id": 0, "image_id": 0, "segmentation": {"size": [260, 390], "counts": "Sk[17h78K3M3N2N1O101N1O101O0O101N10001O01N101O001N100O2N1O2M2N3N2N3M3Mgi^1"}, "iscrowd": 0, "area": 810.0, "score": 0.9838526844978333, "bbox": [173.0, 160.0, 31.0, 36.0], "category_name": "balanus"}, {"id": 1, "image_id": 0, "segmentation": {"size": [260, 390], "counts": "[Sl15l75M4L3M2O1N2O1N2O001N1001O000000000O10001N2N2N2N2M6JRRP1"}, "iscrowd": 0, "area": 567.0, "score": 0.9779009222984314, "bbox": [236.0, 178.0, 27.0, 29.0], "category_name": "balanus"}, {"id": 2, "image_id": 0, "segmentation": {"size": [260, 390], "counts": "QUX1:h73N2M3N2O0O1O1000001O1O1O00000001N101O0O2O1M201N2M4M\\Pd1"}, "iscrowd": 0, "area": 534.0, "score": 0.9742914438247681, "bbox": [157.0, 32.0, 29.0, 26.0], "category_name": "balanus"}, {"id": 3, "image_id": 0, "segmentation": {"size": [260, 390], "counts": "Wlg04l77K4N1N2N2N1O2N100O2O0O0100000000O100O2O0O2O1N2N1O3L3N2MTiS2"}, "iscrowd": 0, "area": 579.0, "score": 0.965322732925415, "bbox": [95.0, 2.0, 29.0, 27.0], "category_name": "balanus"}, {"id": 4, "image_id": 0, "segmentation": {"size": [260, 390], "counts": "]o:7j75M2M2O2N2N101O001O001O001O00O10000O2O1O001M3M4L4M5JnUa2"}, "iscrowd": 0, "area": 509.0, "score": 0.9711642861366272, "bbox": [42.0, 53.0, 26.0, 29.0], "category_name": "balanus"}, {"id": 5, "image_id": 0, "segmentation": {"size": [260, 390], "counts": "n_h2:h76L3L2N3N001N2O1O001O1O1O1O000O1001O00O001N101O00010O01N2M2M400000000000000O10001OoK"}, "iscrowd": 0, "area": 1194.0, "score": 0.9880942702293396, "bbox": [348.0, 127.0, 42.0, 44.0], "category_name": "balanus"}, {"id": 6, "image_id": 0, "segmentation": {"size": [260, 390], "counts": "QY^22n75N2M201N101N2O3M1I6N2O101O00000000000000O100O1O1O1O1N2001O0001N2O0O2O1O1N2N4MPc:"}, "iscrowd": 0, "area": 869.0, "score": 0.981339693069458, "bbox": [308.0, 59.0, 41.0, 34.0], "category_name": "balanus"}]}