{"images": [{"id": 0, "file_name": "images/balanus77.jpg", "width": 195, "height": 260}], "annotations": [{"id": 0, "image_id": 0, "segmentation": {"size": [260, 195], "counts": "^1j0Y73M2O1O1O0100O01O02N010O00O1O1000001O0010O1O100O001O1O001N2O2OO010O1N1O2N101O1N101O00001O0000O10O1G801O001O1O010O_O]IAe6?[I@e6b0[I[Of6f0[IWOg6i0\\IROe6P1700000001O000N3N1N3N2M2O3L5M]h0IfWO6M2]HA:1e6f0VI@e6b0YI@LGg6j0[IJ]67cIKZ67dIK[6P1O1N101O0101NO110O010O01O101O1_NgIS1Z6iNiIW1b600000O11O0000001N1OImN`IR1]6TOaIj0^6YOaIg0]6`0O00SOdI5]6i0O01M2N2O2E<O010O000000O01N2O2N101N2O1O1N3M;[O[H5_T="}, "iscrowd": 0, "area": 5346.0, "score": 0.7984775900840759, "bbox": [1.0, 37.0, 141.0, 59.0], "category_name": "balanus"}, {"id": 1, "image_id": 0, "segmentation": {"size": [260, 195], "counts": "kne061N`7?N3N1N3N100O1O1O1O2O0O101O0O1000001N10000001O00001O1N101O1O1N1O1O2N2M5K2O3K3Nk\\a0"}, "iscrowd": 0, "area": 1151.0, "score": 0.9838982224464417, "bbox": [85.0, 108.0, 42.0, 41.0], "category_name": "balanus"}, {"id": 2, "image_id": 0, "segmentation": {"size": [260, 195], "counts": "U^22P83_HL<2B0b57]JH=4ANd52cJKM4H40Nf50eJJM6E41Nf5JWJ1`0NKe0FFc5H\\JO`0MJZ1V5POPKGG^1U5cNdJ5`0JFa1S5jNWKEFb1R5jNWKDGd1P5gNZKEGd1n4dNkJH`00Ge1m4fN\\KEGe1n4fNZKEHe1n4bNkJI`00He1l4bNmJH?1Id1k4fN\\KFId1l4eN[KGJc1k4gNZKEMc1i4hNZKENb1i4dN]KJK`1j4dN\\KLK_1U6N[OdNdJ\\1\\5cNeJ\\1\\5dNcJ]1Q6010lNcN`J1l0\\1`4mN^KT1Y4cNTK7c0V1]4bNPK5c0Y1]4bNQK4b0Y1^4cNRK4>Y1`4cNnJ1J1ONj0^1]4bNPK6JJh0_1U4aNXK016IKi0_1T4`NbK3DNf0`1R4`NaKOE32Ng0_1d4aNcJO10h0a1g51kN`NSKN1b1^5^NbJc1P6OVO^NlJ0Bb1b5^NlJ1Aa1W6^NgId1h4\\NhLf1m4M011OUO^NmJODb1`5^NUKa1k4_NUK`1h50^N`N_K1`0]1R4bNaL\\1f4oNkIn0T6VOlIQ1j4aNZK0>T2\\4lMeK0ZOV2f56N22M00KdMbJ[2^5fMbJZ2d5XN\\JP1T5`NTKa0Gn0Q5iNUKJI62W1n4kNWKHI62W1m4mNQKB;1OOE]1Q5UO[K]OD0;1F\\1o4WO[K]OEO;2Eo01WOo4<XK]OH68KHn05SOm4`0kK^OTOo0Z5CcK^OTOn0Y5DcK^OUOm0X5GQK\\O10Gk0X5EdK@WOg0V5DcJER10WOd0U5CbJJ00Q1OZOb0S5NbK_O^O`0Q51TLKm34WLEn3;m100C^H31K4OL0O1<0P71eH1O10N00]7N90]H1c70ZH142b7N]H3i7LVHOQVg0"}, "iscrowd": 0, "area": 4925.0, "score": 0.9175830483436584, "bbox": [7.0, 138.0, 129.0, 109.0], "category_name": "balanus"}, {"id": 3, "image_id": 0, "segmentation": {"size": [260, 195], "counts": "ZZ[1=g72M2N2N3M2N2N2O1N2O1O001O0O1000001O100N101O01N10UK"}, "iscrowd": 0, "area": 748.0, "score": 0.8936676979064941, "bbox": [167.0, 151.0, 28.0, 42.0], "category_name": "balanus"}]}