{"images": [{"id": 0, "file_name": "images/balanus29.jpg", "width": 1024, "height": 768}], "annotations": [{"id": 0, "image_id": 0, "segmentation": {"size": [768, 1024], "counts": "R^`:1mg09H3N1O1N3K5cL]OW_Of0c`0BY_Oa0c`0A\\_Oa0b`0A\\_Ob0_`0A^_Oc0^`0AX_Oi0d`0ZOZ_Oj0a`0ZOW^O@@Z1Tb0YO[^OD[OU1Vb0YO^^OGWOS1Vb0YOb^OFVOT1Sb0ZOf^OEQOU1Ub0ZOh^Ol1Ta0VNk^Ol1Sa0VNk^Ol1Sa0VNk^Ok1Sa0XNk^Oj1Qa0ZNn^Og1m`0]NR_Oe1l`0]NS_Oc1m`0^NQ_Od1m`0^NR_Oc1m`0^NQ_Oc1n`0_NQ_Ob1l`0aNQ_Oa1m`0bNo^Oa1Pa0aNm^Oa1Ra0aNk^Ob1Sa0f2M4M3M3N1O2N1O2O1N2O1N2N1O2O1N101N101L3N3N1O2N2M3M4M2M3M2N200O2M4j@_Gh>o8M2M3L3O1O1O1N3TN`FTEb9k:dFnD_9Q;cFkD`9S;cFiD`9U;dFfD_9X;gFbD[9\\;hFaDY9_;gF`D[9_;gF^DZ9b;jFXDX9g;jFWDW9h;kFSDU7JhIS<TOoCP7a0aI_;d7mDUHS;i7RETHm:o7QERHn:P8XDgF9Y1_;d7TDUG12:V1`;a7XDVGO2:V1_;a7fEZHZ:c7jE]HU:\\7TFbHl9W7[FjHd9V7[FkHe9S7UDeGR2Y1j9o6UDnGk1U1o9l6XDmGj1X1m9i6cFlGcMS1j;P7lFoHS9o6gEnGCS1g:l6hEQHAS1g:k6iERH@T1g:f6TGZIl8c6VG^Ij8a6WG`Ii8^6YG^HmLl0j;d6cG[I^8b6eG]I[8a6gG`IX8^6iGcIW8\\6hGfIX8Y6cGiHaLP1j;W6eGoIY8R6iGmIV8S6PHhIo7W6UHhHXLh0b;_6YHgHWLi0_;`6YHjHVLg0`;`6ZHjHULf0`;a6VHeHZL6Ne0a;`6XHlIf7V6ZHkId7U6]HkIb7U6_HkI`7U6`HlI^7V6bHkI\\7V6cHkI\\7V6cHlI\\7S6eHnIY7S6hHlIW7T6jHmIT7T6aHaHfLZ1h:U6cHbHdLY1h:V6hH]H`L2LV1j:[6kH]H_L2MU1i:\\6kH]H_L1NV1f:]6fH]HdL11OOW1d:]6hHfHbLG1X1b:\\6kHkHdLi0`:\\6mHjHcLNL>b:j6PIkH_LN1=]:l6RI]I_LH^:l6SI[Jl6e5UI\\Jf6h5ZIYH^Lh1T:Q6_IVH`Lh1m9T6dITHaLg1g9X6jFnGT22]Mg1b9[6nFlGm10^M25h1^9]6RGhGn10^M33j1\\9\\6oHfG\\N1WO217MX1^9i6PIgGlM00OH2070HNZ1[9P7TIeGlM1OOI009OIMZ1Y9Q7hJlGPL[1U9j6mJjGmK02P1R9V7QKTHPLe0m8X7SKSHoKg0k8W7dJaG`LN3f0Lf0k8V7eJbG]L14T2h8Z6gJWJY5h5hJYJV5g5lJaGZLc2i8l5TKfGXL:Ok0e8U7VKbGYL<NDJS1h8Z7ZKaGVL>OBKU1e8Z7fKQHhKBLS1f8Z7fKQHgKCMS1e8Y7YJ`GVM0n0a0QOCLU1e8W7ZJ`GVM0n0b0POBNU1c8W7\\K_G\\La0HCNW1a8U7^KbGZL=LAN[1]8U7_KgGTMU1\\7S7aKhGhLJ^O\\1X8R7QIbGl07\\NK^O[1X8Q7RIbGl06\\NN]OZ1Y8o6RIcGL1gNNb04ELK6J14Y1[8n6aJgGPMNe00GMI`0OQ1Y8n6bJmGeMG58ZOW1Y8l6dJQHaMEAMb0:^OW1Z8l6fHhGd09kNE_O2a05AX1Y8k6gHgGe0;iND@3`05AW1Z8l6fHdGh03WN2`0KA4>m1j7\\6hHbGd0N^N412;NB4=l1k7\\6hHaGd02\\N043:NB65IJS2X8Z6iHaGd02\\N043:NB64R2S8T6aJcGXM051:<Gk1P8V6_I_GZO:WOI:;Jj1l7Y6^IaGZO7ZOI8:LKENOa1U8l6^I`G[O8XOI:9KLFMOa1U8l6^I`G[O2RO0509<Gm1P8U6^I`G[O2RO121<=Ck1T8T6^I`G[O2RO103><Bj1U8T6^I`G[O1SO3N2?<Ak1W8R6]IaG[O1SO2O3>m2h7]5\\I`G\\O1SO2O2?U1@;X8j6[IaG\\O1TO1N3?Q1E>S8k6[IbG[O0UO1M3a0o0F`0R8j6YIdGUOL^O3N:=n0C;W8i6XIfGSON^O009>P1A:Y8h6WIgGSON^O0098EH\\1M:\\8f6VIhGSOO\\O0288EH[1O:Z8g6VIhGSO7]ONb05_O10@1f1Y8f6VIgGSO9DE;3^OM7;2Y1S8f6WHfG40FOF<k0H@5M\\1R8e6VHgGg0OhN=l0FA6L\\1R8e6VHgGn0?ZOCD7K[1T8e6THgGo0h0jNXOF3=9IX1W8f6SHfG204j0BXOF21L12N>3T1^8e6QHgG2O5l0@XOF12NM31=2R1a8e6eIaHSNYODb00M4R1a8d6dIYHgMD=f0CG4R1c8b6cIYH]No0]O6f8a6_IZH^NQ1[O4h8a6[HlGK?ROD;^1C2k8a6XHnGLg0]OXOD[106n8a6RHQHOf0\\OVOGQ3n8P5PHSHOf0SOVO30MQ3Q9n4oGQHMR1UOmN0Q3Q9m4cHUH_N=MN73Ej1]9[5RHZHfN6O:2O6MGn1^9Y5lG^HgNn00B7[2W9f4kG`HfNn0MH2Y2`9YN^Fl4V1iIoN2MQ5a9WL_Fl4S1kIoN1NQ5b9VL_Fm4P1lIQO1LQ5e9TL[FR5R1hIROW5b9`L\\Fn3o0[JROW5e9_L]Fm3k0^JRO=Ob0O`2h9VN]Fm3k0^JRO=Oa01`2f9WN]Fn3j0\\JTOb1Om1f9XNZFo3m0ZJSOb11l1f9YNXFP4o0XJROc11l1f9RNWFbN3e5l0WJTOc12m1c9QNcFW4d0XJTO`0O>4=Jh0i9\\OcF[4a0WJUO80H4k03<Hk0g9[OfFmNBQ5d0eJB0M3=e0L>El0g9\\OeFlNFo4`0gJC1K3`0c0K?El0g9^OcFkNGn4`0hJD99`0Jc2`9SN`FnNGl4a0gJD<7`0Ja2c9SN]FoNJj4a0gJD=5b0I_2f9RN\\F^4;RJE=5W4^9mLbFY46UJF<4Z4^9lLdFW44WJG;1h0H_2g9QNhFT4<aJ]Ob0JZO033k2b9aNhFT4<`J^Oc0IZOO45i2`9cNjFR4OZJH;0`0IF6`2`9dNiFQ40ZJG>OR10b1`9cNkFP4N]JF>0Q10a1_9eNlFP4N[JG>0Q10a1^9gNlFn30YJM4Od0IJ2`2]9iNjFo3?WJ_O3F=6BK55i2]9lNgFn3n0YJiN40L=2Hl2]9mNdFm3Q1XJiN40L=2Hl2]9kNfFo3o0lJUO@Hi2_9kNfFo39UJB000Nh04WOM91i2^9jNiFP46WJBOO1Of01]ON53g2_9hNkFZNCb5`0^JAO10Of00]O043g2_9fNmF\\NAd5>]JCM2n0NSO360h2^9gNoF[N_Of5<]JO4C93_O55Oi2]9\\N`FkN`0K@f5:^J02D:=DHj2]9[NcFjN=M@g59]J03E9>BHk2]9]NbFhN<0_Of5;]JO3E91_O8O1m2[9^NbFfNM16n52WJM3G80A7N3k2[9`NiFhNJm5KoI3911I?6XO3l2\\9_NcFdNI94i5MnI58O3JJ0<>`2X9[NaF\\55^IM4GK0<<b2Z9YNaF\\55]IN3ILN8>h2W9lM[FXO6`65\\I02IL05<m2U9lM[FXO6a64[I03JJ179m2W9WNaFPONOJ_5:[J04KHO:0E3W3a9VN_FmN5MEc58\\J05JGO;OF4U3c9VN]FlN9KDf56\\JO6I>4^2d9eNgFWNDf54]JO7L81c2e9bNiFZNAe55]JO6N8Od2e9_NkF^NAc51_J15N9Mc2g9^NmF`N@`50aJ15N:Lb2h9_NlF`NB]5O_JML3=OIO5Mn2h9`NmF_N]O`52[JOM2<OKO4Mm2j9cNjFX4@PJON1;OMN3Ol2j9dN`FVNLo5NQJ0O0:N`0N]2j9eN_FUNMR65lII:00M2Ok2k9eN`FTNMT6:oII5H]3h9VNmFX4JnIM3Gd0Ln1k9SOXFWN<3Cg5R1UJSOf0Nn1g9UOXFXN;3Ch5]1iJfNn1i9VOUFXN004V6j0jIVO`3i9XNQFYN113V67hI23GNKX3S:^NmE[N024Y62eI53JLK3Ol2V:fNkE\\N024[6OeI71KMJ20k2]:aNdEbN025[6LfI9OKY3]:nM]EhN10;c6N]IMX3i:lMQElN=b69cL^:mMlDnN>3AT68eI4Q3R;oLdDP1OTO?a6F^I4l2[;QN\\DTO`0b6C]I6k2\\;SNZDSOb0c6@\\I8j2^;RNYDUOb0b6_O^I7i2`;QNXDWOc0^6@`I5i2b;cMXDINMc0\\6BbI3i2b;bM[DGL0b0Z6FdILj2e;aM[DHKOc0U6[OiI;1Ki2f;aM[DHKOc0\\6BeIOg2g;`MYDKKMd0]6AeI0e2g;aMYDKJNe0]6^OgI2b2h;aMYD3>V6\\OeI5a2i;`MWD5?c6_OjKj;^MWD50_O;U7CiKl;]MTD64_O8W7BiKn;ZMSD76@53DQ:P<RFRD:4@4\\:f;jESD:3_O3^:h;hERD;3_O3_:g;gESD;3_O2`:h;\\FVDXOM42i9l;kFUDD0a9l;iFTDG1_9k;iFUDH0^9l;jFTDHO_9n;]FlCL6:M^9S<ZFkCN1>0[9T<YFkCj0Om8[<VFeCP;]<WEcC`:^<_EcC30i9_<SFaC41g9a<RF_C70f9b<lE^CO1?0d9c<lEeC?Id9o<]FPCc9Q=\\FPCb9Q=^FoBc9Q=\\FPCc9Q=\\FPCd9Q=[FoBd9S=[FlBf9T=ZFlBe9V=ZFjBf9\\=TFdBk9_=QFcBo9g=O101N100[FPB9O]8V?J3L3M4L2N2N2O1N2N2M3[OW@nHm?m6]@kHf?R7e0O2M3N2M4K4N2N2L4L4L4L4L4M3M4K4M3L3M3M4M2M4L4TOk0L5K4L5M2N3M3M2N3N1N3M3N2M3M3M3N2N1N3M2N4VOZZOUOie0?\\ZOmNMb0Xf0OUZOA[f0:i0L5Jbej3"}, "iscrowd": 0, "area": 121497.0, "score": 0.844225287437439, "bbox": [460.0, 100.0, 371.0, 499.0], "category_name": "balanus"}]}