{"images": [{"id": 0, "file_name": "images/balanus2.jpg", "width": 500, "height": 375}], "annotations": [{"id": 0, "image_id": 0, "segmentation": {"size": [375, 500], "counts": "iak24b;2O2M5K3N2N1O001O001O001O00000000000000O100O1O1O10oD_Ol:i0M2N2N1O001O1O00001O001O00001O000000O100O100O100O1O100O1N2OiE@Y9?`FJ_96`FM_90bF2_9KZF_OMh0k9GVFc0j9e0N2O1O001M3N101O0001O0000001O001O0O2O1O2N2N2N01XGYN^7h1_G]Ng0Ki7U2VHkMj7U2l0001O1O0O2O001O1O1O1O1O1O100O2kF_MP9d21O001O100O2N1O1O1O2N5K8H2M2O2fNUFc0n9ZOSFe0P:XOQFg0R:UOQFi0`:N2N5K8H5K5KSc\\1"}, "iscrowd": 0, "area": 6022.0, "score": 0.8839925527572632, "bbox": [247.0, 1.0, 132.0, 114.0], "category_name": "balanus"}, {"id": 1, "image_id": 0, "segmentation": {"size": [375, 500], "counts": "RV^12c;8H5L4L3M2N2M3N2O1YEYO[:T1M3M3N1N2O1N2O1N101O3M3M3M1O1eFlMQ9V2kFmMU9Z2001O1N2O1O1N2O2L5L2O1N6J3M010O2M2O1O[ObNTG]1c900GiETOV:k0iEXOU9EiG`1T8bNnG^1o7cNSH\\1l7dNVHh0lNGm8AXHg0kNHk8_OSH0[Of0IKi8_OTH0ZOe0GOh8]OXHO[Ob0F2g8[OZH1ZOY1Z8gN\\H2ZO:G:b8[O]H2@0Bd0`8[O^H1Ie0i7YO_H2He0h7YObH1G0XO=^8BcH0H2UO=_8AeHOIg0b7ZOeHOEOWOh0^8[OeH0DOWOg0`8ZOeH0Dk0f7TOgH0Dl0e7TOgH0Dl0e7UOfHOEl0e7TOgHOEn0c7SOhHOEn0c7TOfHOGn0c7ROlGN?04o0a7SOgIm0X6SOaHO7m0X7TO`H17k0Y7UO_H08k0Z7SO_H19k0k7SOZG1k0m0Y7SOjG1^1m0i6QOiG10OR1Q1W92eNnNPHS1[7POaG2NNS1S1_7mN^G22LQ1V1a7kN\\GO^1T1Q901OO001O000000001N1O10000001O1O0O2O1O3L6J101N101N1O1O2N4K4IYem2"}, "iscrowd": 0, "area": 5165.0, "score": 0.8101048469543457, "bbox": [127.0, 8.0, 117.0, 106.0], "category_name": "balanus"}, {"id": 2, "image_id": 0, "segmentation": {"size": [375, 500], "counts": "n2S3d80O100O1O2O00N1010010M2`MlG]1V8_NnG_1S8WN\\GOf0g1o7XN^GNg06TOY1W:O1N1O2N3L3N4I6HVE^OP;;;DeD2ho7NQQHOn92QFNo92PFOl:01ON2000N_O2UE4m::2N;DT\\Q5"}, "iscrowd": 0, "area": 1888.0, "score": 0.7127755284309387, "bbox": [1.0, 79.0, 73.0, 113.0], "category_name": "balanus"}, {"id": 3, "image_id": 0, "segmentation": {"size": [375, 500], "counts": "[6Z5]6O1000000000EjJUJV5j5kJXJMIP5Q6SK[Jm4d5SK\\Jn4c5RK^Jm4c5RK]Jo4b5QK^Jo4n2oJUO2lMP5o2nJTO4eM1Jm4i5oJZJ43S5a5lJ\\J13S5S4iJQM4iN03S5R4jJRM2kN01T5T3hJbM3=OnN2OT5T3hJaM3k00`NU5T3hJaM2f0NdN21V5[4lJcLf5[3aJmKF2b0Cc4^4XKQLh5o3XJoKi5i2iIPN?oNn5R3cIoMT7Q2lHoMS7R2mHoMR7[3O1lIaKP5_4PK]KSO1m5X3SJnMn0hNSO1l5Y3SJmMR1iNl4Z3SJlMQ7T2nHmMS7[300cJ^Kd3c4\\L^Kc3a3gJWM0[Of1Mc3a3gJWM1ZOe1Md3^3gJ]M3UOP7\\3nH^MY7b2gH^MY7c2eH^M\\7^31O001OgHiKR7W4mHkKR7U4nHlKQ7T4oHlKQ7U4lHnKS7\\4O00001O1O00002N2UI]K^6d4bIXKa0OX5l4mJTKS5j4n0O1M3O0010fI]K_5c4k000O1O00010O10O1O00O200O10000O10001N100000O101O001O000O101O000O1000001O1N2OKUI_Ki6b4VI_Kj6a4VI`Ki6`4XI`Kg6`4YI\\KO2g6b4]I^Kb6b4_I^Ka6b491O1O10O01O1O00O101O1O001000O01000000O1000000O1000000O1000O100O1QL\\KgM1W2d42\\KfM0X2d42\\KfMOY2e41\\KgMNX2g40[Kj0e4VOZKk0g4Q3101N10O1HUI`K[34gLLT3_4\\M`KX2=;S4dM`K4Og0>a1S4dMaKi14`MNS3\\4VMQLl5l3WJULh5j3YJRLk5m3VJkKANZ6V4VJhK@N411Om5Y4_JhK@O4000m5X4`JhKU6W4kIkKT6T4mImK]OM1:1Hl5m3SJSLa03]OK2;0Ik5j3VJUL?1D6MIj5j3WJVL?0C0M01Ni5l3WJVL?0AOLO50P6j3PJXL>0FMM0o5k3PJXL>0j3NjMU4]NlK@<NEi5U4XJiKa0i0]OGR5g3PKjK`0i0]OFS5g3PKiKa0i0^OER5i3oJiKa0i0_OD2Bh4Y4UKgKb0k0_ODNBOOl4Z4kKbL\\OA0DNOi4Z4nKbL[OUO<OC0h4[4mKjK[Ol0NSOQ5W4VKfK63FS1o4S3eKkK\\OQ1o4T3fKjK[OR1n4U3gKiK[OR1o4U3eKiK[O42a01XOe4Z4mKiK[O43`0O[Oe4Y4mKhK]O33?N^Oe4Y4kKcK4e0]O\\Of4_4XKgK1Jf0OXO?Q5Q4QKfK0Kk0:QOFS5`4RKcKOMk0:ROER5k4RKVKj06VOIo4j4QKWKc0O\\O4ML50n4R5\\KnJF3J28Ll4_4lJeK13?HE4KM1O90j4^4T2POkH[MX7e2fH[MZ7a300eLgKYOX4f0iKZOW4f0iK`LOU11[OW4P3iK`LNU13[OV4Q3hKUN3jNm3QOTLn5KZJ4h0T4W5lKiJU4U5lKlJS4R5lKRKS4P4jKfK2;T4c3iKZK012g029T4a4jKeJ1l0U4i0mKQN83Ik0JWO4MLT10TO3m0U4h0\\LSNCl0JTO9b1GCW4i0jKQNN0;2KQ11b0JAX4i0hKTN:OFM2V1Om1W4oLgKj12XNOL3<LL2j3W4mMhKZN1>1AN^3X4YNgKUO7POM`3W4AeKUM223ELl2[4QNfKSO7:IM0K0n0OYOb0J^Oj17VNX4i0bKUO67L0Mn01SOa0J_Oi15XNY4h0bKWO37Nl03lNN7>J@j14XN[4a1`K@6kNM;6CH6Oh13RNL5b4c1^KTO1[O?7BB2;Oa1OVNN3d4_2^KbM7KK>L38b1_4<]KeM4MM<K49b1^4g0hKbMJOH96h0m4Q1[KiMCI;l01`0g4Q1ZKiMDJ7<G4=k0k4o0VKlMBN78I4OA;Z1U5h0nJoMB21060J10a07d0Z5_O^J>>kNB12140M0N2O91A2Z1a5]O^JMNL>EF0NLN241N1N:1B1Y1e5ZO[JCO305=CH?MCO1Ok1g5YO[JkN3N:NFS1Ko0f5nNYJVO\\1l0fN<1ROe5g0[KiNSOQ1M=OSOg5;XJ[O?J0OGQ1KN01h5B`JH3G3OL4FZ10bN6P1k5TO\\J5CH51j0NZOS14NX6]O`ID[1`0aNF<j0W6XOeIH5N`0a0UOI7h0Z6PO]I1l0O\\O05=F4Jb0f6kN_I3j0O\\O05=HY1e6[NRJM^O14>IV1e6]NVK:VNX1P9dNSGX1P9gNQG?DN[9CQG;H2Q8\\OmH0lN3b0:E7o6@cI0;O^O9^OH0`0X7^ObI2;N]O9_OH0`0X7_OaI2S16UNG13N00LY83eI5[NKI0a:2iEMG0`:2kELG1_:1UFNk92Q16G01O0Kamc2"}, "iscrowd": 0, "area": 53485.0, "score": 0.906516432762146, "bbox": [1.0, 101.0, 261.0, 274.0], "category_name": "balanus"}, {"id": 4, "image_id": 0, "segmentation": {"size": [375, 500], "counts": "djc22d;100dLNPK1iL1W8NeJ0]M1G1W8NdJ2]MNJ1e90\\1OoD3O8a0Ej91dE308^8EQJe0m5]ORJc0PO]OeNM`65SKMiNOBe0]1DS52nJFPOOAf0^1DR51bKEnMe0_1ER51eJEAg0`6@hIKRO2T1N@e0i0YOT4>`JBf02YO3S1M@g0BXOm0O]4g0eJ\\ONOO101R1M@j0]OZOR1KRO1P5i0lJL1]OT1LXO]11eN0OF1o4d1oJ]Nb1[1jNeN60^4d1oJ]Nc1Z1jNeN61\\4P2VLmMPOZ1R1fNgN3P5m0QKH1F1Bb01E>I1Y1Ec3l0SKGOGOE2O9NO>IGN1Z1Nc3e2TKXM80O`0G1Y1Cd3]2SKbM2L91M]1c0oNQ4V2YLmN^ObN]O;l4W2fK\\MM`13TOY4OVKZ19QNH7<\\13SOZ4Q2WKlM;Q14`N@6o4]2QKTN3j00aN0K32n4c3nJPN0aNOL53k4`3PKRN0_NOM63j4\\5oJmJ6Gf4JVKU5NgK[5UOeJU55aKV5ZOeJU55aKU5[OfJ[6R5eInJg53iJM]Ol4k2TKYO0hN2Ki4S60WNVKeLj4[3VKeLj4[3VKeLj4[3VKdLn4j48EkJQJU5P6kJQJS5P6mJQJn4T6QKTJf4Z4YKhL2POb4W4]KiL2oNa4Y4\\KhL3oN`4m5aKRJ_4a1cKV2MXLa4c1_KX2OUL`4d6N201O1O2O2N00001N00[KhKl1Y4mMjKaM0`4V4k201OO100O1O100O1O0YOcKUJ^4k5bKTJZ4Q6fKoIU4m6N1O1O0100O01O1N2O10O100JRLdHl3V1XLe4NTJj3_7SLbHm3d7O2O1O0O2O0000O1010O000002O0O00001O00001O1N102N1O2N001N101O001O2M3N1O1O1N4M2OO01O0`I]Ko5`4QJ`Ko5`4QJ`Ko5_4RJ`KP6Z4VJeKj5Z4WJfKi5X4YJhKg5U4\\JjKe5U4\\JkKd5T4\\JmKd5R4]JmKd5R4Q1O10O01000O100O2N1000000000000O100010O01O0O2O0O2O1N2O2K7K1O001000O1O001O1000O100000001O1O001N2O1O000000000O1000001O0000001N01O0O2N2O001O10O10ObJXKo3h4RLWKn3h4TLWKl3i4`10100O1O010O01O0N300O10O10bJVKo3i4QLXKo3h4QLXKo3h4QLXKo3h4PLYKQ4f4nK[KR4e4nK\\KQ4d4mK^KS4c4lK]KT4e4kKZKU4h4kKVKT4n4`KoJ\\O4S5n4_KoJ^O3S5P5\\KoJ@1S5X5SKlJHLT5\\5mJVK\\2YO4_6b21O1O1O1hL^IY1b6gN^IX1d6m10gM\\I_Od6j21`MZIMf6b20O1O2hMXI^Ok6>XIeMLc1o6:RIRN71Hb1Q7:oHTN80Ha1S7b0UImMH`1U7e0PICT76gHmM4m1X7\\NfHY10^N1g0M;m7POSHY12eN2f0M:_2"}, "iscrowd": 0, "area": 55802.0, "score": 0.9379833936691284, "bbox": [245.0, 86.0, 255.0, 267.0], "category_name": "balanus"}]}