{"images": [{"id": 0, "file_name": "images/balanus90.jpg", "width": 195, "height": 260}], "annotations": [{"id": 0, "image_id": 0, "segmentation": {"size": [260, 195], "counts": "iRS1:f79I3N2N2N2N101O0000001O01N100O3L5I6K4LW[9"}, "iscrowd": 0, "area": 487.0, "score": 0.9743734002113342, "bbox": [138.0, 38.0, 21.0, 32.0], "category_name": "balanus"}, {"id": 1, "image_id": 0, "segmentation": {"size": [260, 195], "counts": "YP[15h78M3O1N2N2O1O000O2O00000000O2O1N10002M2O3L3K\\e0"}, "iscrowd": 0, "area": 434.0, "score": 0.9777844548225403, "bbox": [167.0, 89.0, 26.0, 27.0], "category_name": "balanus"}, {"id": 2, "image_id": 0, "segmentation": {"size": [260, 195], "counts": "en02Wh0Ok_O1ha0Oe]O8eH3T7c0_OROeIP1f62O0O2O0K6]OkNoI[1P6jNkIX1S6>O1O0O10000N200000000K5O1TOl0L4N2O1O1O100000000O10cN_KWOa4g0aKYO`4b0dK^O\\4a0eK_O[4`0gK_OY4`0iK_OW4a0jKXODROU4MkK0O0004h1;VOl3ROeK60L0h1a0]NE5V40dK^1f0VNB<Q4n1jLoMW3:hKn0S1gNU30fKN0L3V1[1nNl2;fKA5S1[1POi2b0RL7d5J]J5c5FQJA=g0b5HQJA=g0b5HQJA=g0c5GPJA>h0b5L_J3a5LaJ3T1WOe2e0YL1S1ZOd2d0[L0Q1]Oe2b0[LOa5NbJNQ1Bd2=_LLb5OkLHh42Y_n0"}, "iscrowd": 0, "area": 4409.0, "score": 0.932827353477478, "bbox": [1.0, 126.0, 73.0, 134.0], "category_name": "balanus"}, {"id": 3, "image_id": 0, "segmentation": {"size": [260, 195], "counts": "\\To0;g73O2N2K4M3O001OO10O100gI^Oo4b0QKBVOMV5a0dK4Z4LeK6[4HjJ[Od0n0a4FhJDb0h0f42WK5d4K[K7e4GYK<g4nNmJ68R1X5oNcJW1Z5j000000000000000O1N2OWOgJiNW5W1SK\\NQ5c1QK[NQ5b1RKWNU5g1d0[OgIAY6?hI@X6`0jI^OV6b0lI\\OU6b0oI[OR6c0QJXOR6h0g0M10oI[Od46[JJU74nHIT74b0K]e5"}, "iscrowd": 0, "area": 2623.0, "score": 0.9247369766235352, "bbox": [125.0, 159.0, 46.0, 101.0], "category_name": "balanus"}, {"id": 4, "image_id": 0, "segmentation": {"size": [260, 195], "counts": "W^99i73M3N2O1N2O0O101N100001O000O2O0O2N1N5K8H_gR1"}, "iscrowd": 0, "area": 371.0, "score": 0.9685928821563721, "bbox": [37.0, 42.0, 21.0, 27.0], "category_name": "balanus"}, {"id": 5, "image_id": 0, "segmentation": {"size": [260, 195], "counts": "`R55o72N2N1O9G2N2N1O1O00000000000000N2_OdH5h71N3M2N2O1O000000O1000001N102M2M4KYaS1"}, "iscrowd": 0, "area": 642.0, "score": 0.9633239507675171, "bbox": [17.0, 1.0, 39.0, 26.0], "category_name": "balanus"}]}