{"images": [{"id": 0, "file_name": "images/balanus120.jpg", "width": 347, "height": 260}], "annotations": [{"id": 0, "image_id": 0, "segmentation": {"size": [260, 347], "counts": "l]84o72mJKU27eMI\\M3l47fMMY24dM2X21_MEiM<f45\\M2b20\\M0c22\\MNc24ZM1c21ZM1d21[M0d21ZM1e20ZM1e20ZM1e20YM1g20XM1f21YM0f20ZM0f22WM0g21YMOg22XMNg23WM0g23VMNg26XMKc2:ZMHd2;YMHe29XMJg28mL\\N_O^1a3a0bLNV3e2N1N3O2M10000O3M2N2M3N1O2N1000000O1000000O1_MaJ]2^5dMcJ[2]5dMeJ[2b502ODfMmJY2R5iMnJV2R5jMnJV2R5iMmJOGX2j501NBjMQKT2a5N101N2O1O[ORNTKn1c5NO11O00XOTNXKk1i4UNWKj1j4VNVKj1j4VNVKi1k4WNVKh1c50VOXNXKh1g4YNYKg1g4XNYKi1f4XNZKh1f4XN[Kh1c4YN]Kh1a4XNgJNe0k1d4VN`Kk1_4TNbKl1]4UNcKl1\\4TNcKn1[4SNeKn1Y4SNfKn1Z4RNbKM]OR2P5oMfKT2Y4oMgKo1Y4QNfKQ2X4PNgKQ2Y4lMjKT2U4kMmKU2S4kMlKV2S4kMlKV2S4kMlKW2R4iMoKW2Q4hMmKOYOY2i4hMoK[2P4fMQLZ2n3hMPLX2o3fMZKNf0]2o3eMUL[2k3dMUL]2j3dMUL]2j3dMVL]2h3dMWL]2h3bMWLMYOa2_4aMZLb2f3]M[Lc2d3^M]La2b3`M]Lb2b3^MYLL]Of2Z4_MXLM\\Oe2\\4^MXLg2f3ZM\\Ld2c3]M]Lc2c3\\M]Lf2m1XMlNOaNN>3Bj2_2]MRNF62HMBT3[2oLdM89N<JMQ3i1PMkMM3=;D5m2_1QMiM0e01ZO202d0M0N_Oo2T2SMiMNo01QO1b01LMEU3R2nLlMN20O0016NK1N0a03EMLY3S2fLmM10O0001;O93AMMZ3U2gLiMO525NF1>24Q3X1lL^N1215OO27n2U1oLnN1H0N2BM016U3f1jLTN1O0R1O]O3BNO06V3f1jLUNOW10VO4HM0V3f1jLUNOW10VO4HM0V3l1jLUOOVO5IL1V3V3iLoL6EJ015W3`1iL`N0Q10SO6FKO03Z3b1fL\\N10NW11QO6HJO01]3b1cL`NOO0U1f0jN[OO01]3b1dL_NOOOW10gN2297DJ^3`1dLbN0MOW10gN2297DJ_3]1eL`NL32V1NjN50KM1071J1OO`3[1PMfN@Q10POf0N[O1c3Y1mLgN^OR11oN;NL0J1d3V1nL7GbNM0J0e3W1mL77bNl2W1mL7R4ImKjN^Ol0OVO006MW4X1ULhN@m0NVO0033W4S1WLgNAm0N\\O3GM30LY4Z1WLgNBY14gNJO\\4Z1TLhNAX15gNJO]4Z1RLgNCY14iNX4V1WLO@mNZ4T1TL1^OnN_4Q1nKgNDZ14iN]4T1jKiNEZ17fN`4R1cKnNFZ17fNc4Q1WK\\ON1O7Y5=gJ[O1FO0001e0V59kJZON31;_5NbJ5N1^5GeJDMY1_5QOeJY1]5dNeJZ1_5`NdJ`1P6ROgI1Z6NfI2[6JeI9\\6f010001O1M3N1O2M3M3N3L2M4L5L2N3N3L4M3N3M2M3L^Sn0"}, "iscrowd": 0, "area": 25107.0, "score": 0.8899989128112793, "bbox": [45.0, 9.0, 184.0, 207.0], "category_name": "balanus"}]}