{"images": [{"id": 0, "file_name": "images/balanus78.jpg", "width": 195, "height": 260}], "annotations": [{"id": 0, "image_id": 0, "segmentation": {"size": [260, 195], "counts": "ff4`0^7AcH01g0W77L1O1O1K5O1HmN\\IS1d67N2O1O1M4N1O1DYNZJi1c5=00M3O1O002N]O\\JiNb5m1N101O1O1E^MQKe2o4[MPKf2W5000FXMYKf2h4ZMWKg2R51002M00TO`MmKLHd2[4bMlKJIe2X4fMTLG_O]2^4oMPLDC\\2\\4TNcK@24NX2^4cNdK\\1[4hNdK50YO5^OW4T1eK4NWO:AS4U1eK0O[O6CV4R1eKON_O6@W4R1dKh07SNU4U1dKh0h4>WK`Nf4a2N2O0O2N100NWNcKN\\40dK3Z4NeK3Z4m1NgMiKg0W4c10mMhK:Y4h11O1N2O1N1O2O1O1N3N1N2O1N2O0O3O0N2N1L6K4N3N3lM^J`1e5[N]Je1c5[N]Je1a5_N]Ja1c5_N]JD1h1a5cN`JENi1b5bNaJDMi1T5XNlJO7=OZ1m4XNRK1LO2?0BMe1`5ZNbJ\\2S5dMVK0G\\2Q5fMTKNK0O]2k4cMXK33NJOO_2k4bMZK02d2d4[M\\K00f2b4[M]K0Mi2f4WMWK21N2j2c4b0N10cL\\KO11001o2a4QMlKl2S4UMgK7G]20ZMc41eK9I[2l4gMUKX2k4\\MTK84U2j4mMXKR2P5jMPKV2P5jMPKV2Q5iMoJV2R5RNhJk1Y5UNfJj1\\587NO05N1O00OfMYJP22PNj5i0TJ]O0a0V6NjI[O0026N143S6:oI^OJO1543X66eIBO1O00461X67fIB12K00065X67nIBE2O081Y6:kICE2O0n6;YID20g6;cIE^6:bIF_65oHKb00`6<UICU7;kHIS75mHGH2\\7OhH0P83mGMk71UHOkQ9"}, "iscrowd": 0, "area": 11391.0, "score": 0.8566752076148987, "bbox": [18.0, 46.0, 136.0, 125.0], "category_name": "balanus"}, {"id": 1, "image_id": 0, "segmentation": {"size": [260, 195], "counts": "Wf04P80N3Q8JTH0e`11ZWNOm71RH1m76M0YHH`7`0^HA\\7`0dHCX7g0M2N2N2O1O001O00000001mNPIo0T7N101O3LN3O11O00O1O1O1O101N101O010O00010O001O0O10001O0O100000O1O2O000O3N0O2K5Nc0\\O^Z4LgeK10O^ni0"}, "iscrowd": 0, "area": 1801.0, "score": 0.8347396850585938, "bbox": [1.0, 175.0, 98.0, 37.0], "category_name": "balanus"}, {"id": 2, "image_id": 0, "segmentation": {"size": [260, 195], "counts": "[aY11m78L9H2K7L2M2O1001O1O01N2N2N101N101O00O1000001O000M4N102O0N101O^K"}, "iscrowd": 0, "area": 989.0, "score": 0.9491884708404541, "bbox": [165.0, 138.0, 30.0, 35.0], "category_name": "balanus"}]}