{"images": [{"id": 0, "file_name": "images/balanus63.jpg", "width": 195, "height": 260}], "annotations": [{"id": 0, "image_id": 0, "segmentation": {"size": [260, 195], "counts": "nm02R810OYO0ZI1e6OYI3f6NYI3f6NYI5e6K`I1_6O]IM_O6S34b0JgL8f20b0KdL7h2O=ChL46:d21^OC[N5XO063JKo2;QO7\\NCEI7OI<;BS2b0^O:XNBLF50J<j24QO;VNA0C70H=6@\\2d0YOn0UNbN7c0a2NSOm0WN_Of2H]MZOY1_1dN_OOPOb2j0`MXO[1a1bNJ[2]OgMYO\\1Q3k0WMiM8\\1a2k0VMkM8Z1b2j0XMjM7\\1a2i0YMkM6\\1f1bN_NW2EkM7[1`2i0[MkMNOH45g0j2[1\\MjMg0j0m1[1iNdNU1]1lNbNU1]1lNaNU1^1lNbNS1_1oN_NQ1a1QO\\NP1d1VOUNj0l1XOnMj0T2a21N31OLeM_J[2l4fMdK0_OZ2m4eMdK_2NfM\\3KQM`2A`MB5j4[2cKcMe4[2[KdMf4\\2a002M2O0000NfMZJZ2e53O11O0OO2N13N2N2M022H6O1oMnI11j1V60000O11O0kIYNk5LSJk1V6POjI4U6o0OO3mNiI5U6MkI3c5QOkJn0B1c5QOcJ1LP1NMQ6S100HPN\\JP2b5RN^Jn1a5SNaJk1_5UNbJj1^5WNaJi1X5TNdJ34i1Y5SNaJ56i1[5QN^J67i1]5XNbJh1^5XNaJn1Z5RNfJo1Y5QNgJo1Z5QNdJP2\\5QNaJS2]5eMdJb2\\5^MdJ11]2]5cMbJ_2^5`MaJa2_52012ON001O5bJZMW5c2kJ[MV5d2jJ\\MO8k4l22O1oLQKk2Q5TMQKi2o4XMPKW20TNQ5b20POnJnNT5P1lJQOT5b1lJjMT5JlJb2U5]MkJc2U5601O00O101nNoJoNQ5U1jJlNV5Q21O0000010O0001O0000KjJ\\MV5i2O2O000O1O2M200O100O10000QLkLo2U3P10`MkL1U3OkL1U31kLLV34kLKU3SOjLE0`00ROW3i1nLTOOaNO6T2HhN]2TOcMMa1l2_NSN]2TOVOh2^NTN\\2TOVOi2]NSN_2ROTOk2]NTN`1PO\\O1g0k2]NTN`1POTO1A0^1m3MSLSO0^O000b1m3c0RLlM1O01O\\1o3l0QLhM10O\\1o36QLPO0^O10O[1Q45QLUOO\\OOX1R48nKUO1[OOW1T3fNiMU2XOlML10X1R4m0PLiMO10X1R4o0nKhM010W1S4m0kKlM20N22S1T4;jKaN1;0DO71m0V4`0jKhNOD241o0U4a0jKjN0B5R1R4b0iKkNOA6Q1S4c0hKgNNJ9h0S4@dKf03WO3E9g0P4FaKh01TOk0:e3J_Kd00QO16m08e3P1]KbN14P17d3R1\\KcN02R18c31ZKb03QOY1;Z32[K?c1]OU3o0nLoNS33ZK<h1\\OQ36]K8e6F`I4b6Jm0Oj>"}, "iscrowd": 0, "area": 27766.0, "score": 0.9308536648750305, "bbox": [13.0, 4.0, 174.0, 201.0], "category_name": "balanus"}]}