{"images": [{"id": 0, "file_name": "images/blue_mussel24.jpg", "width": 1024, "height": 768}], "annotations": [{"id": 0, "image_id": 0, "segmentation": {"size": [768, 1024], "counts": "Q56g00Ga`0Fd_OU5K^K0Ga`0Fd_OU5K]K1G4EP`01Q@V5JXK6LNGP`0OR@V5KVK6FD181P`0KT@W5JVK7CF343R`0IS@X5IVK9CF171o?MR@X5GUK=EENSa0Z5i^OmJf0Lf`0X5c^OlJg0Mb`0c5__O]Jk0MP>e5WA\\Jj00n=c5QC^J`MO\\?^5UCjJj<V5UClJj<T5VCRKc<o4\\CSKb<n4^CSK`M_OOOb>a5jC]JeMd00F:Fg=b5[D^JdMd00F:Fg=b5[D^JdMd0OG;Dg=c5\\D^JcMd0OG`>V5nC`JcMc0OFa>T5PDcJbMa0MH`>T5QDdJcMMM=0N_>R5SDfJfM8I0^>Q5TDgJeM3GK44KMb>Y5TDhJeM1O1GLa>Z5UDfJfM1O1[>X5PDfJR=Y5oBgJYN1c=X5RDjJfMOO6V>P5UDmJ[MM38O07Hh=U5cDVK]MOOO3N1Fe=o4VBWKe29]MNOO3N0Gf=V5kDXK]MNOO3Nm=l4eDYK\\MNOO3Mm=m4eDZK\\MMOO4Ll=m4fD\\KZML0O4Ll=h4kDQLUM[O3Mm=f4mDQLRM\\O4O0Fe=m4VERLQM\\O4OOHe=j4aBSK\\2P1[M\\O4OOHe=i4YETLoLXO92KGe=j4XEbKPM4OF;2e=a4REbKQM4MF>0c=c4SEaKPM6MF<0d=b4^BXKW27^M:MI50j=^4^BYKKOS25fM?OH2Om=\\4_B[KINU24eM`0OI0O4Dd=g4fB\\KHMV23fMa0MJ1N4De=f4eB]KHMW22eMR1NXOo=[4`B\\KFMX22fMQ1MXOP>[4`B^KT2NaMo0KZOP>[4`B^KT2NaM]1k=U3bB`KQ21]M]1P>l2hBfKj1g1^;a2iBiKi1g1aMUNe=Y4TCjKe1i1bMTNe=Y4TCjKe1h1_;]2nBkKb1g1a;^2nBjKTOMW29gMT1Q>k2nBkKSOMX25iMX1n=j2oBmK`1OeM[1j=i2RCmK_1LhMo0G]O4De=U4ZCPLi13SM<2H2GMOf=n3^CVLh11SMN082O2Lc=h3^CVLh10UMNN92O2GMOf=n3^CWLf10]M6JO9EP=OoBo3m0WLd11\\M6LNg=F[BQ4T1SLb13YM7OLg=FZBP4W1TL`1j0UM^OP>a3`CTL\\1\\1XMdNd=g3mFeM^KeNd=f3[FWL_L_1AeNe=d3\\FXL^L_1BdNc=f3PGfM^KbNb=h3YDYLe0\\1Y;[2SDYLd0\\1Y;[2mFUMWKWO:K\\=b3^GfLPK2NG:0Y=3\\BU3V5lLoJ4<H\\=V3mDjLBOkM7;J[=V3nDiLL6h;KbAV3j2iLM4g;0_AS3ad02`[OhLad0V3WBlLP7k2YBVMf69eICe<j2VCWMa6>XIKQ=_2SJTNl5j1UJWNk5h1UJkMkHJP=W2cF`MM`0`LIP=T2fFeMI=bLIo<Q2kFiMG8aLE01n<W2VChMm20WM1^32h9S2hBkMH23LY21dM390G6Ua0g1T_OYNJFX2;nMHF9Ta0f1V_OXNY21gMGH8Sa0h1U_OXNY20gMIJM00Ra0Q2U_OYNY2O_MH01aa0P2g^OXNX20`MH0Oba0P2e^OYNY21`MGka0l1]^O\\NX20aMHja0l1\\^O]NJFV25eMM5Oka0k1[^O^NJFV24fMN4Oka0k1[^O^NY2I^MM42ia0j1\\^O]NZ2KeM0ca0h1_^O\\NZ2KdM2ca0f1`^O\\NY2MdM0ca0g1`^O\\N1Hg1:QNK5MSa0j1o^OVNF081k0MoN1O2O0O94H30Va0h1m^OVNG021K1U1NmN209OO5H31];NmIi1aJUN100002K1T10mN1080O5H30\\;1nIg1aJUNg022OUOk0O_O5J0K_1Oa80^Km1]KUN\\O0INMd13dNNHb10V>m1WASNXOU2KYN`1BgN1Q90]Ll1dK9fNUNda0`1c^OWN8NG6Ff12^Nia0`1`^OZNN0IL33K119Na01_O1Jna0a1\\^O]NFM14NK43MN14MN2i0O@0JPb0a1[^O^NDM33ML52NM05MN2i0O@0IQb0b1Z^ObNH01KLM2;Ma01GRb0S1Y^OaNI100NS1MXOTb0S1W^OaNJ210J?1=Tb0`0X^OaNI22NJ`02D16Pb0T1Y^OeNE08HJ0MO30j0<Wa0U1T^O^NJ3M017:GIO0OX19j`0Z1R^O`NJ1OO08:Gb14Z`0]1Q^O`NJ1OO17:Gb13YNMU3OR;c1jA`NJ1OO17:Fd13WNMV30Q;c1jA`NJ10L38h2H`00Q;c1kA_NJ3:NP6MQ8c1kA_NI4:Nbd0_1a[OdNH3fd0Z1a[OcNH46ERd0e1o[OaNBN273GN0c4NgK1i>d1XAgNC13FNO3O80a3O_L1i>d1WAfNF21FL1e0Mh30i:d1SAiNJO4J>JI2eb0b1R]OlNOL4I=L_OO05^3J[M0A0a=e1UBmN1J3J=M]O;_3C\\MOA0a=f1SBbNOM:4LNMK:OF7c3Hg;R2d@QN:OF138KJd01\\3LQMNQ=R2QBoM;OG102M8c0I\\3ORLMg01X=Q2QBoMj02VO8a0I]3OPL0h0NY=Q2QBoMT18UOGJ3m3MPL3k>o1_BWNnNIK0R41f:o1_BVNgNKN14MR43e:n1`BVNgNJ00^42[:n1VAoMi0c0n3_OXK1k>n1UAQNg0c0n3HV:d1UARN8P1[4\\OX:b1TASN9n0\\4]OjKAIOf=R2RBSN9n0]4[OjKBI0e=[2[BfN^4]OV:n1[AlMG>i4HQLDV=\\2WBiMK9l4MQ:e1RAgN0Gn4MP:e1SAbN3Jl4MP:f1SAaN2Jl40o9e1TA`NOLP5Mn9g1TA`NKMT5Kn9h1WAmNk4ZOo9i1VAUNF`0U5Bo9j1VARNGa0U5B]KJl=Q2dAPNOj0V5YOZKNm=o1cAbN6@Q50YK0m=n1bAbN:^Ob20oMOT15^<m1bAbN;[Ob24mMOZOMd17f<W2eAnM3Dg23oMNS16_<V2jASNe2C14`;V2lAQNa2FZOMbN6g=V2lAPNZ20_OEeN4f=W2kAPN[29^M]O:Oi1NZ<^2hAoMW2DdM_1:aNH105]?Y2c@mM[2Y1jM_NH003`?Y2b@kM7Fg1e1TNUO\\?f1`@kM8Ej1d1oMXO`?S2h@QMi1=mMg00Hc?S2e@SMk1;mMf1d?l0e@RMj1;oMf0OHd?j1\\@aM<If1>oMNO12Dj00i>d2^@`M^28aMM2Oh1HQ=c2PDhMVMI]2M]<c2oCbMSML50\\20]<d2mCdM\\ME\\23[<f2UBXM`08Z1KQ<e2VAXMg01h06Z1MQ<e2SBYMa07]OFk05T=e2SBYMa0:cNC?2V12T=f2SBYMa0;_NM:Hg0MD4X>f2SBZM`0j0bNTON3m01FMZ>g2RB[Ma0j0_N]Om0LXOH73b>g2QB\\M5JWOn0JXOj02VOH73b>g2QB\\M5JWOn0KUOj06BK\\>f2PB]M5KWOk0MVOi06BK\\>f2PB\\M6KWOl0LUOj07AK\\>V2SASNm0I7JVOm0Y1TOoN2[>l1fAVNGL54S19^NM4Fo11j<k1YBVNVON\\1=XNM3GQ2Oi<k1YBXNUON]1;YNN2GRa0h1S@ZNTOL]1>WNM3GRa0g1T@[No0:hMN1GTa0e1T@^Nn0n0n>c0W@[Nm0<gM00CVa0e1k_O[N`0OA=QOMYa0\\1c_O^N`0NQO3DMM:2GL2]a0`1[_O\\N]O6R13lNJ3<KL3EO3R34SMMW=_1YC^N\\O7P14mNK0:0J9Gk27PMOX=Z1]C^NZO9P12mNJ0>1G9GP31c:_1TCbNoNOS19lNJ2>0G9GSa0`1c_OaNSO0Q1>nN30E:GRa0b1k_ObNG`0SOONGla0X1^_O^NFe0UOKKJla0W1U@kNmM20G8:ILma0V1f_OaNdNm0IVO6:JLma0U1f_OdNcNk0JVO6:JLma0T1g_OdNdNk0HWO6:JLma0T1h_ObNdNm0GVO7;JJma0U1l^OcN<l0jNWO7:KKla0U1l^ObN>l0hNXO7:LJka0U1i_OcNfNj0EXO75GJ67ga0T1k_OeNeN9E01G812NE3la0V1k^OiN3OC6JLKMo03k`0V1k^OiN3OD5INJLP13k`0V1j^OjNh03hN0JJR12j`0W1j^OjNh03eN8o0Ck`0W1i^OlNg04cN8S1@j`0X1i^OlNh02dN9Rc0j0c]OjNj0OiN6jb0Q1d]OhNd20f>X1g^OgNb23f>V1h^OgNb23e>W1i^OfNc25a>U1^BjNb=V1i^OgNj22]>W1i^OfNl21]>X1Z@hNja0X1T^OlNhMM:3ob0U1m^OSOmMEK7Zc0P1m^OVOlM0S3Bj<X1WBVOlM0Vc0l0k^OUOPNNUc0n0i^OUORNMUc0o0i^OSORNOTc0P1h^OPOSN2Uc0P1g^OmNTN3Uc0R1f^OiNUN7Tc0Q1f^OfNXN9Rc0R1l\\O[Nd19`N9Pc0Y1^^O_NcN7ob0Z1^^O^NfN6lb0^1\\^O\\NhN6lb0a1Z^OYNiN6mb0b1Z^OYNgN5ob0b1l]OoMZO:I0KIX42^:m1ZBPN[O8JOLJW43SLKk=Q2kBnM[O:JOJJX43SLJl=R2YCXNgNNHLY41^:m1jBVNiN6P4F]:n1XBoM^O:K4S4D\\:o1WBRN\\O:K2X4@[:S2UBUNWO9M2Vc0a1e]OkNUO^OOHVc0Q2c]OZOWOeNVc0Q2c]OA]b0>d]OC[b05m\\OWNO0a0e1cb03o\\OUNO5=c1eb03X]OVN4\\1_OkNUc0a1o]OWOnNXO3JQc0b0l\\ODN;V1=mNWO3If02Za0a0P^O@66k0f0kNZO3G?3\\O2Ub0?o]O_O87k0f0iN\\O1G`0:da07m]O@:7k0[1WOkNBBna0i0^^O@k0Z1RO\\O_a0Kb^O@m0Y1YOTOYa0:X^OoN23U1^1oa0FP]OiNQ1k0jN\\O2ETc0[1Q]OfNQ1l0jNUON1]c0X1j\\OgNP1j0lNUOO1[c0Z1h\\OgNR1j0kNVOL1_c0X1h\\OhNQ1i0lN\\O[c0S1f\\OkN9J8m0^O[OU4GXL0o=\\1eAlN9H8n0_OZOYc0T1f\\OnNQ1c0WOSOTc0]1c\\OoNP1`0lb0S1T]OVNnN006nc0d1T]OVNnNO20NOnc0l1S]OXNnNM36lc0f1R]O^NQOLk1FS`0P2^^OVNL<HEg1MW`0l1]^OWNM;HDg1OW`0l1[^OXNN6HKh1IY`0W1n]O[O9GO2KKf1IZ`0X1U^OSOI86ILKd1J]`0W1T^OLNXOLLd1H``0Z1n]ONOVONKd1Fb`0[1l]O1MBe1ROb`0\\1j]OWO1T11ZNZ1Oj`0\\1j]OXOOU11YN\\1Nj`0Y3i]O[M1^Ofc0T3_\\O\\MJ@gc0_2Y\\OkM=5CAgc0_2Y\\OcM2N;`0C@e1M[`0b2P^OcM;KKd0J_Oe1M[`0i2X^O\\MK`0M]Of1NZ`0i2X^O]MI`0O\\Of1NZ`0h2[^O[MI`0g1]OU`0g2j^OfMTc0U2S\\O_MR13lb0]2^10000001O001O1O000n[O\\Mhb0d2Z100O100001O0i[O_MUON_c0c2\\]O_MTOO`c0a2^]OaMPONbc0a2^]OdMlNLfc0`2_]OiMab0V2a]OiM_b0W2i]OaMWb0^2l]O_MUb0a2e10000001O0000YNgZO7M\\O\\e0OW[OJ^O60F:4Pe05i[OJ@Ogd08h[OIAOgd08g[OJCMfd09g[OGWe09jYOH>N_O:=GRe08cZOO3c01\\OVe01gZOg1Ye0XNhZOh1[7RNX66]Bh1f0nMi54T76]Bh1f0nMfc0;c[Of1Ze0ZNfZOf1Ze0[NeZOe1[e0[NeZOe1Ze0]NeZOc1[e0]NeZOc1[e0]NeZOd1Ye0]NfZOd1Ze0a0000000000000001O0001O00001O1O001O1O0001O0_OoZOSN;Mmc0P2k[OnM:3jc0Q2b\\OoM_c0S2_\\OkMcc0V2[\\OjMfc0V2[\\OgMgc0V2S1O1JZZORNfe0n1ZZOQNge0T20000000O1Om\\OnMPNNba0T2[@RNoM0ca0m1^@TNnM3aa0i1a@UNmM2ba0i1a@UNmM4`a0g1c@UNmM4`a0`0S^O6a2UOlM5`a0>V^ODNOc2ElM4^OLoa0f0Z^O]OIL2<Y3IdLKna0f0\\^O\\O00E3_3Oe>b0W^O\\O1MG5]3Od>c0W^O\\OP4Oj=d0[^O\\ORf0c0iYO[OH4]f0a0kYO\\OG47Lie0d0YZOHHJMKke0c0`ZOIE1je06\\ZO]OKm0he0G]ZO]OIm0je0F]ZO?ce0A]ZO`0be0XOXZOG7R1_e0WOZZOG7m0JoNee0e0`ZO=ee0EXZO;ie0EWZO;^2QOZNNXONka0i0T^O:^2RO[NNWOMla0i0S^O;_2QO[NNXa0n1]@TN_NLRa0P2_@TN_NMQa0n1m3gN[ZO\\OI2^f0b0h0N1000000001O2N3M1O2SYOTOf32YLL\\b0P1b]OSOi32WLL^b0W1ZAmNXLL^b0\\1UAhN\\LM_b0\\1UAfN\\LN_b0h0`]OHg3^O]L1\\b0h0b]OHl3@a>h0c]OHl3@VL1Sb0g0k]OHl3AUL0Tb0g0k]OHl3AULOUb0i0h]OHn3B^>Q1d]OROn3N[LKga0^1`4\\OaYOG_f08iYOBVf0>jYOBX4FZ=h0^^OBX4FZ=h0^^OBX4FZ=i0[^OB]4EW=l0X^O@a4FU=i0]^OTON6c4KQ=j0\\5O1O11O001O1bZOTOl00W`0l0Z41O2N001O001O1O00000O10OPZOnNTe0R1m001O00000000000001O0nInNVER1l`000O10000001O0lCQOW1o0kNnNV1S1k:1O2N1O00001OO100O1O10000000000O1O1O1O1000000001O8H5^KaNYBm0gKAPb0BYBl0hKBoa0BYBl0hKBoa0BYBl0hKCna0AZBk0iKDma0AZBi0lKEja0BZBg0nKGha0BZBf0PLGfa0CZBd0RLIQf07nYOJRf05oYOKQf05oYOKT2BZa0c0b\\OKQf05oYOKQf05nYOLea0AZBd0lKOia0^OZB9iKK4?ia0]OZBc0lK1ja0\\OZBb0lK3ka0ZOYBc0lK3Uf0KoYO5Qf0IQZO7ea0ZOXB=TL9ca0[OZB:TL;c2ZOl;1]E:TL;b2\\Ol;O^E:SL<d2ZOl;O]E<RL<d2YOm;O]E<RL<d2[OW`09U]O<Pf0BTZO;me0CWZOKD2Vf02XZOJF1Rf04iZOJXe06Y1O10000000dKKm@4gLLZa00oA4fLNVONka01YB3dL0WONka0OZB3cL:Sa0CZB4SLKN`0ea0AZB4aL9ce0G^ZOOke01UZONle03TZOKme05SZOKne03RZONne02RZOMoe03QZOMoe03QZOMne04o0O`NMU[O3kd0MU[O3o0L]a01d]O3POL_11ka01f]O2oNO^1Ola00g]O2oN0\\11la0Mi]O2oN0\\11la0Mi]O2oN0]1Nna0Of]O3oNN_1Oma00e]O3oNNlf02TYONmf01SYOO_>O_I2RH0^>0^I0TH1>LR=5ZJNVH1]>1kGKkJ4lN0b>MgGOkJ4lN0Ze0Lj[O6iNNk>0YGLSK:eNKo>NYGMSK;dNJbe0Lh[O<dNIde0Kh[O=cNIce0Kj[Oe0Xd0YOi[O>bNHVg08jXOFXg0:iXOEWg0;iXODXg0<60000O1O1O101N10O1_ZOG[c09e\\OG[c09V20000000gLFl^O:]d0O1000000OTLIQ@7o?IQ@7P`0HP@8lc0000000O100000_NIZ[O6fd0JY[O7;J_b0OV]O8:J_b0NW]O8ZOH51[c0OV]O8fd0HZ[O8fd0HZ[O8fd0HZ[O8fd0HZ[O8fd0HZ[O8ZOHad00U\\O9XOIbd0NV\\O8ZOHa?1cDObL8f?IhCObL7gd0IY[O6hd0JX[O5^?OXDLZL5id0KW[O5id0KW[O5id0KW[O5id0KW[O5id0KW[O5id0KW[O6gd0KY[O5hd0JX[O6hd0JX[O6\\OK^d0OV\\O6[OO1K^c00V]O6ZO1me0OSZO2le0NTZO3ke0MUZO5ie0KWZO5ie0KWZO5ie0KWZO5ie0KWZO4Yd0F]\\O6ZO3Zd0G\\\\O7ZO0[d0I[\\O7[OL]d0MX\\O7fd0JZ[O6fd0JZ[O6fd0KY[O5gd0KY[O5gd0KY[O5gd0JZ[O6Xf01O3M000oYOE]d09b[OK]d03d[O1Yd00e[O2Zd00d[O0\\d00d[OO]d02a[OO^d06^[OJbd07][OIcd08\\[OHdd09[[OGdd0:\\[OFdd0Oi[ONXd01l10O100N1O2N2N2O1M3J6L4M3N2aZOnNnc0U1\\1201O4K2OO2O0O1O2O00EfNQZOX1oe0iNVZOR1je0nNVZOR1ie0POVZOP1ie0QOWZOn0`<nNQK4QI4\\Ok0b<mNTK1mH:ZOi0je0ZOSZOg0me0YOPZOj0oe0XOnYOi0Sf0b0001OKXNSZOg1le0ZNTZOf1je0XNZZOh1ee0YN[ZOg1ee0YN[ZOg1de0ZN\\ZOf1de0ZN\\ZOf1de0[N[ZOf1be0aNYZO^1he0=O010O1N110OkM\\ZOP2de0oM]ZOQ2ce0oM]ZOR2ce052N01O00000JhMcZOY2]e0gMdZOX2ce0NFjMlZOV2Te0kMkZOj0I=[e0jNmZOh0I=[e0jNmZOS2Se0lMnZOT2_e00FlMhZOT2We0nMhZOS2We0mMiZOS2Ve0nMjZOo0IO]e0ROjZOn0J0\\e0ROjZOR2Ve0nMjZOR2Ve0mMlZOb0GJ0`0\\e0VOkZOQ2Te0QNkZOP2Te0QNiZOQ2We0oMgZOS2Xe0nMhZOR2We0PNhZOP2Xe0<0fMiZOk1Re0[NmZOe1Se0d0000[MnZOOOa12kNQe0EoZONNa13lNPe0EoZONNb12kNQe0EQ[Od1NgNQe0FS[O`1KkNUe0BoZOc11gNVe0]1P[O^Nod0c1R[O\\Nnd0^1gZO\\N<5md0_1gZO\\N<5md0_1gZO[N=6ld0_1fZO\\N>5kd0e1U[O[Nkd0e1U[O[Nld0d1T[O]Nkd0W1fZOkN>Omd0T1hZOlN:0nd0T1hZOlN91nd0T1nZOfN55ld0V1P[OcN66jd0KiZOV17hN68id0JkZOS1j0TOZd0HP[OP1g0ZOdd0d0\\[O_OPd0Ba[O`0CB00l0=oc0Ba[O?F_O01k0?fc0AR\\O`0e0OXc0CR\\O=g00Wc0CR\\O<h02Uc0BS\\O:j06Rc0_OT\\O;j0:nb0[OY\\O5n0a0Ta0]Od^OM_OOYOO90a0i0ia0\\Of^OL51[Oh0ia0[Of^O4LLEf0ga0ZOi^O4JMFf0da0ZOm^O4GNGe0da0XOo^O3IMFi0Qf01O1O00001O0O110O002\\NmNW\\OT1ia0kNc^O3DR1aa0lNQ_O3^OR1_a0mNQ_O2@Q1]a0POi^ON^N1\\1R1\\a0oNj^OM5U1Pa0mNk@S1W?jNj@W1g>gNi]O071Q3X1n>hNi]O160R3X1f?hNZ@Y1^?fNY]O1Y3Y1^?nNb@R1^?nNa@S1_?fNW]O1Z3Z1_?cNY]O2X3]1c?cN]@^1c?`No]O0_1`1WNaNda0Of^O0_1a1VNbNcb0NU_Ob1WN`Ndb0NW]O0^1b1gN^Nfb00U]O0^1b1j`0^N`^O0XO0_1b1e?]NP_O1D9OF[10=c1d?^No^O4B73EX21iMNa0c1i`0^NP_Oc0E]OQ20oM20Na0b1k`0]Nn^Oe0F\\OW23iMLb0c1Ya0TOT^OYO\\10\\O5O_1Ua0SOe_OYOnN0C:b0Z1Xa0SOY@YOmM:b0Z1Ya0QOb@@XN`1Va0`NQ^OO2O`20XNb1g`0[Nk^O3E12MY20gM28M1e1Ua0\\Nj^O2F03NX20gM28NOe1Wa0[Nk^O0G1h21`MM0f1Va0[NR_O1n1NeM45L0f1Va0[NR_O1m10cM6d0_1i`0ZNT_OOm12bM6d0_1i`0ZNh^O5JL_21^M6;G2f1Sa0\\Nh^O5KL9Mg1>PNC10;c1b<eNSGJQL7MI10OOR23lM12M1N<c1a<fNTGIQL7MI11NNS2;nMF1N<d1`<eNUGIQL7MJ00ONR2=mME4L;e1_<fNVGHRL6LK14o1<eNQ1V<gNVGHSL5LM2LQ2`0dNS1T<gNWGGRL6LK5Mn1a0dNT1S<fNXGGSL4MJ80g1>hNW1Q<fNXGGWLO2OG0o1<jNZ1o;eNWGGZLM02E1[1NWO2^O1j0d1P<dNXGEiL0WO1Y1OWO2^O1j0e1o;bNZGFoL19OWO2^O0j0g1o;aNZGFPMO90[O54f1m;`N[GFUOOjL3j0i1m;^NgJGaH2l0h1m;]NgJO_Ic1gc0\\N[\\Oc1ec0]N[\\Oc1X<WNoI5jId1W<XNYFON3dMf1b;\\NcCLY3ON0gMi1[;fNaCB_30Y1g1g7jN_C_Oa30Y1g1d7nNaCZOc30Y1g1c7QOYLn0g3SOXLn0h3ROXLn0h3ROXHXOSOf1e8QOWH[OTOd1oLYNh:h0SI]OUOc1f8oNVH^OTOb1g8POYHYOQOg1g8nNXLQ1i3oNnE@^MOj5b1k6nN_E]OTN=b5X1k6nNkED_MKl5c1j6nNkECa3_1d6nNkEBb3`1b6POlE^Oc3b1a6QOULo0j3SOULl0l3TOTLl0l3TOSLm0m3SORLn0n3ROQLo0o3QOPLP1P4POPLP1P4POPLP1Q4oNPLP1P4POQLo0P4POcDZO[4OnKf1U;ROaDYOc10C7SO^1V;RO`D[Ob10D6jMLj0a1g;QO^D^Ob1OTOL`N;I1KHd0b1T<QO^D^Oc1OROLbN:G<>P1V<RO\\D@U42jJ?OYO7d1_<RO[DDS4MmJa0OXO7d1_<SOYDEZ4EhJg0OYO6d1_<SOYDDR1FP1OPMi0NXO8c1^<TOYDEb0CgNNi20PM4Oo07f0\\<SOZDD9MPOEn0O4NTOc1J9[<ROZDD@i0GjNm073EYOd1I9[<QO\\DD^Oi0LeNm0:NHXOd1L8Y<SO[DBEKGAN;b1F^O4UOb1M9T<XO]DCDAX3KeL_10:n;]O]DAH]OW3NdL^12:l;^O[DBK[OW3OdL\\13:k;AYD@M[OW30cL\\149g;oMTDh11[O5TOJK]3Y2gLFg;T1ZDPMOKY3\\2gLFf;T1YDoLb3X2_LJa;o0]DPMa3Y2aLIc;R1mGXOaLGb;o0]DhLX3c0fLV15`0_;o0_DgLV3e0gLU14b0^;m0oG\\OcLGX;dMeDX3_3@aLGY;cMeDV3a3V2j7eJcDV3a3X2m7jMoG[2R8dMkG@gL2^;`MeD[2V1YMd0j2VNYMMb2^;eMgD\\2T1ZMc0k2WN0_;:eEmLc0k2WN0`;8dEoLVON=2Ak2GOa;8bEoLVO0Lb02[5Y;TMbEPMSOJM52b02]5Y;RM`ESMVOGM443M22l5?kIZ:P3oE[MWOFO162N2NP6=lI\\:m2oEWMSOL4OO19N01Ij2L=a0kL[:l2PFVMUOK:20N10Hk2L>`0kL[:k2PFWMELKN8l2]O=`0kLZ:m2PFVMCMNL7m2]O>`0iLZ:o2PFTMCMMM11FP3N9a;JYEQMDOLO0OF]6_;gL[EnLD2JO3o2F7R5fLl0`0TJW2g0[MC5IN6k2G:m4jLTKK^5e0cJR2f0[MYOM2:NO8c2M`0g4kLRKK`5d0fJo1c0^MXOO1:OM8d2N`0f4jLSKK_5f0dJP2e0cMXO20M9c2Kc0i4gLSKK_5g0bJQ2c0YM[OT19g1Kc0j4fLRKL`5g0aJR2a0WM_OT17h1Lb0j4fLRKL`5h0`JQ2c0VM^OU16b5e4_IUKJ_5i0`JQ2h0\\N^Ob5f4^IUKJ`5h3UK_M@b5e4]IVKJ`5i3TK^M@c5f4\\IVKJ`5j3SK]MAd5e4[IWKJ`5k3QK^MAd5f4YIXKJ`5l3PK^M_Oe5^4oHjK8HK`50_Jj33UL3a8X4]GkK8IJ_5n3nJVLDR8f4oG[KI^5o3\\KV4l3PHiMM>n3nMT4l3oG`M9e0d3RNQ4j3QH^M;f0c3PNS4k3PH_M:f0c3gMSLYOU8]4hGmK4P29f0d3cM_4b3`GPL242>Lj0=_1d3QMRL1h8P4YGRLN52=Mk0<_1i<P1QCSLK63<Ll0<_1i<o0RCULI54P28g0i<o0RCULH74n19h0h<m0UCTLH82o19h0h<k0]C]LC<Km0=_1h<i0`C^L@<Mm0;`1i<f0bC`L]O<Nn0:T1CeMV=^3aCaL\\OP29=DdMV=_3`ClM^OWO4Z2m<h0\\C_M_OfNa0c0@d2T=h0XCXMHgN>o2KaMg<a3XCWM`0e1BcMg<]3ZC[M=e1BbMh<Z3^C^M9e1A\\MBJW=f3_C]M8g1@\\Mo<_3ZC^M8POPO<0<02`0XOn<`3[C]M7POQO:2>N3?ZOl<^3]C]M7oNSO65b0I3`0\\Oj<\\3_CjLVO2o0@UO65c0I1`0^Oi<U3fBdLj08ZO6j0AUO56d0HBONa00h<T3gBcLl05\\O8P1HQOb0JC2L;3i<V3iCcLXO:o0GQOa0LF0L94i<U3\\DmL_OARO09a0CA4;2L80@IY=`3]D`L[N7S1GD`0[OA3;3GH0?5BIW=a3]D`L[N7S1GD`0[OA3;3GH0?5BI_:"}, "iscrowd": 0, "area": 682858.0, "score": 0.7926722764968872, "bbox": [1.0, 48.0, 977.0, 720.0], "category_name": "bluemussel"}]}