{"images": [{"id": 0, "file_name": "images/blue_mussel8.jpg", "width": 1024, "height": 758}], "annotations": [{"id": 0, "image_id": 0, "segmentation": {"size": [758, 1024], "counts": "3j02\\O2Lb0OI1O000N`0LH5JN=V5BcJU1=jNLc0Fh09dNS5`0XK9[O\\O2Lb0OI1O000N`0LH5JN=V5BcJU1=jNLc0Fh09dNS5`0XK9ZO]O3JS11WO01OMa0LH5JN;X5DaJU1=jNLd0Dh0k5SOkJa0e0PORO0>>^OJ3JM;Z5DaJT1;lNLS2LlM[5=UKd0c0oNSO0>=_OK2JM:[5F`JR1;mNLS2IPNh2LF=UNf0b0lNTO2=;AL1JM9\\5G`JQ18QOLP2JRNh2KG<UNe0b0nNTO1=:AN1IM8]5H`JP18POLg0F52WO2Oh2MG;UNc0c0QORO1=9BO0IM7^5HbJo06QOLc0J62ZOf58lJ3WOM[1DQO20NO9110GO6^5HbJo06ROK4D79KK17La5:oJOXOMi0FB1N20NO8041EO5m5f0ZJTOJ3G58LMO40`52UJOk07VOOj0EB1N20NO6O92BO5n5e0YJUOJ3F69KNN23`5OXJOi0h0OTOC1N2OO04O<1AN6o5d0YJTOKb0LHIL91a5LXJ0k0i0TOYO<KO1M30M13N?1@O5o5d0YJTOJe0H25Cb5IYJ0g0LXOY19iN11N3M02NNd01^OO4Q6d0XJSOJc1MhNm2E@2_M1f0MZOZ13jN50L3N13IOh0O^O02R6d0eJh0WOgNQ3C_O3_M18M01F[12kN6OM3K3?=H]ON3S6c0dJ[1n4mMVJ19K03Fh16`NL?;1K[OO2X6>^Je0VO[Oh5^OVJ27L0f2HSN<0L[OO2^68YJj0VOZOg5BUJ16NMf2MPN;1MZOO2`66WJk0WO[Of2[O3a0WMFN5MP3:bMNYOO2`66eIB2Y1HZOg5LXJE06Mn28gMMXOO2=Hn4OkJ=1D0X1IZOh5JXJGO6Ni2:nMIWOO2;JP5LlJ2;0EX1JXOi5KXJEO9Ki2;mMKVOO3:JP5LlJ1=OEX1IZOh5KXJEOY3JPM3i05QO04:Ho4OkJ1o0g0eNC68j5JWJEOV3OZN5aNO6:Gn41kJOP1c0iNE2<i5IXJDN`03FH43DN676HK8\\11aNO6n5HUJOP13jN32O0?h5IbJ4ICM11O01OO2^10aNO6n5HTJ3n0OmN32N0`0j5^OoI4a0;K^OO5M0O3OM3^10aNO6:Fn43gJ6MGl0d0UOB2?j5]OPJ55LO?f0A]O4M22J2b1NaN04;Gm43cJ92Cl0g0QO@5>m5[OoI73NO=h0_O\\O8L04H2e1KcNO2>Fm44`J<1AP1f0PO_O5?S6AmINO>T1ElN14I0f1LaNO3?Em4f0bJ[O=N1h0A_O4`0U6@jI00?T1]ORO2OR2LSNN3R68QJ[O901g0BA0a0X6^OiI11`0c1YOdNV2IUNL3U66QJ[Ol02TO8Nk0X6QOfI31a0o1LoMm1S6eMPJNb11aNm0V6QOdI52a0a1VOcNf0Lg0MFT6SOPJOc1OaNn0X3nN[O4VM52b08_O0F1Q1G=0@R6XOmI15H71?3]On0V3oN[Oa0XM:6IH@1M1R1O;2_OQ6YOlI25I70?1VOO3P1[3oNZOa0ZM:4:IN1;2mNM2U6IkI24J1MN3h0OWO02o0\\3POXOa0\\M:0V30YLM3T6IkI24J70`00UO07j0Z3TOWOa0\\M:LY37RLN5P6JnI04J61?6]Od0Z3WOVO>[M<LX39QLN7m5HTJO_13dNd0X3YOVO1XM42d0LY3:oK07l5FVJ0\\16dNb0Y3[OTOOZM51d0LY3:oK07l5FVJ0\\16dNb0Y3[OTOOZM60o3N`L9]OO5MFi52\\JOR10jN84?[3]OROOZM51o3O`L6^O13NHg52[J0NOj01TO75<]3@QO;[Mg30_L4BO00Jh51XJ2MO:L35C55<_3_OQO;[Mg3OaL4@01MMi5MXJ5LN=J25E54<_3_OQO;[Mg3OaL4AO>o5LWJ]O33J60>O[OS33^O;[Md42VKO`0n5LVJZO52O5Lb0K_OT3LAO[M40a6n5oIfJZOG4Kf0GA\\2CZN3T20[M4Nc6m5nIWJXO6322IZ1Q2bN\\N1V21[M3Md6m5nITJ\\O8O24If0IDP3AL0ZM4MQ5OYLo5UOTJ@6O14Ke0IE;^Ob12dN0[20[M1NS5NWKMf0>nNP5d0fJA7N05Lc0JF7Bd1OcN0h20nLV4KaL5AMh0m5AVJA6O05Lb0KH5Ae1OcN0h20nLU4LaL6_OMk0k5AXJ^O5123Je0KIU2]OYN0h20mLW4K`L8^OLl0k5AiJ_OF1Kh0IJh2\\O3OdMX4_O`L9]OMk0i5CjJ]OG1Kc0F^O1d0h2ZO21gMT4^OcL8]OMl0h5B^K^OnNd0G]O1d0h2ZO21eMV4A`L6@Lm0h5_O`K^OnNi0IMe2ZO40eMV4AaL4AMk0i5_OmJ]OF2Kg0J9Y2QO>M]M3KT4ObL2BMj0k5^OmJ^OB4Ne0K9X2QO>L]M4NQ4MeL1BMj0k5_O[J\\O61O3Lg0MEL0Z2D?K^M5N`3NdLOa01BMk0j5_O[J[O73O0Ik00@O:l1\\Oj0L^M4O^3OeLM_2h5oMZJ[O84NOHn0l0Co0^On0N]M3N^31eLKi1MfNj50[J\\O73O0Fn0P1Ae0EW1H\\M4M\\33fLKg1MiNh50[J[O83O0Fn0Q1Bb0DY1H\\M4N[32gLKg1MkNf5N\\J\\O9100Gn0o0G?_Oh1LoL]3OgLMd1OmNd5O[J[O9120Fm0P1JmNXO=M?7]OIe22]M^3LhLMc10oNb5ZO[J=1B9022Fk0P12XOPOa04\\OLe2O`M]3JkLMa0N32Mb5ZO[J>0@<O23Dl0Q1UOPOb07ZOa06[OJh2O^M]3KlLL?0U1c5UN\\Jd0m0]OSOl0^1JG]OY2LcLY33PMN;2BKX1d5aN^Je0l0]OSOk0a1JFZOX21aLW33SMO93AK4Mg0g5nN]Je0n0]OQOj0g1HA]OW22aLW32TM074BNOJl0l5CUK]OQOj0h1H_O]OX23`LV33TM082DKT1j5ZOTKZOROm0g1F@\\OY24^LV35SM082EJS1k5ZOTK[OQOl0h1TOYN<V1BU2OfLb32lL0:ODMR1k5ZOTK=i0mN\\N<S1Bh11WM2L5No24WM0:ODMS1j5ZOTK=T1VOTOEnN3`2N`M2N4No25VM0<KZ1f5kN_JSO:V1f1ROlMMk0KYO4[2NeM1M4On27TMMg2`5oM\\JSO=T1i1POiM1h0L]O3X2KjM3J31n27QMMl2]5UNjJ0j1hNnM:7IG411X2JkM3J32f2LWM:2Nk2\\5VNiJ1S2ROkM6KFW2KkM3J41l26SMOj2\\5VNiJ1T2SOmM0HKW2KkM2K60j26TMOk2[5UNjJ1V2ZOcMI0JZ2KfM2N8Ni25VM1i2[5UNjJ1\\2TO]MO1F\\20bM009Mi25VM1n0Hb0b5^OkJ1]2TO[MNj2GVM00:Kh2:SMOm0Lf0\\5^OmJO^2VOYML7IU2NnMe2AVN:[O0>JF4]1Z5_OmJ1e2oNXMK02e2a2QMhM2K8NO>KD4`1W5_OnJ0h2oNcMOV2`2RMhM2K7O0=LC3a1W5_OnJ0h2oNbM0R2KXMV30QM612:KF2a1W5^OPKOh2oNTMK16^2JYMX3NSM3147ME2b1X5]OPKOi2mNoL340Q2MkMOLV3NUM071O2G1a0L1^5;PK0i2jNoL630R2LiM1NT3NUM0711OG2`0N1\\5<QKNT3POiLOQ2NhM1Nc3OeL7i0IHO2Z5;QKMX3mNjL0o1NjM1Lc31cL6S3n4PNRKK[3lNiL1P2MjM1Kb35aL4T2FjNR5`0oJDV4lN`NOZMa37aL1V2HhNQ5b0mJEW4hNdN0WMb36bL2T2IiNP5n1S2QMlHb33fL4P2JjNo4m1U2oLlHd31hL4HHo14QOm4n1RKPMR7b3oHgL4JHo13QOm4>PKJ\\7W2iHeL4]3g4lMSKGZ7\\1cHWN7[O2o0MSOJe1P5ESKEZ7\\1fHnMOB621P1OPONd1i4ITKEZ7\\1gHlMOD432o00oNOc1f4LUKDZ7]1fHiM0I2142H?7]ONe1d4MXK@[7`1cHfM2J3113K>5_ONb1e4NYK_O[7@cHf12lM1200O>2ANa1g4NXK^O\\7P2eHSMO2100>0BO_1g4Z1\\NkLR1f3kKeL30Oo2d4KmMkLiM0i3d3kKhL6LOR3^4LeMiLoM43Mk3d3kKgL8LM^1J]N3Z1_4j1WMjLaN8G15In3a3nK`LN292N]1I]N4[1^4k1UMQM[N?3]Om3_3PLhL6MO`1LG\\4i1XMjL\\Nj01WOP4`3nKiL5L1^1IM]4f1XMhL^Nk00VOQ4a3mKjL3L3]1IfN0h0\\4V2TLfL`00UOj0OXO7NQ3OjLd3LhL3N3T3T4NWMeLbNf03\\O3MR31hLb3OgL3N1Y3Q4NYMaLcN;MKa4]3bKeL3OO]3Q4LcMhLZNJ`4a3cKbL10J5Mg04TOLh1W4ZOlKCL=n1oNR3]3XKcL10J5O20EO57NIh1V4\\OmK@L>m1POS3Q3QKPM502?JFN27g1n3VOlKh0i1XNXNHc4T3]KPM311?N51[1o3TOmKh0h1bNk2a2_KQM14O>120]1o3UOmKf0c1hNh2UOkKW3LQM050<23N^1P4Y1_M[Mi2ROlKX3JQM134>Ma2P48^M[Mk2ROkKd3KgL7>Ic2o39_MQMaN_O[4LjKc3LgL8JN5IT3m38bMnLeN^OX40hKb3LhL9IO4IU3k39bMlLhN\\OW44gKa3LhL9IN4KU3i3:cMjLhN_OV41iKa3LiL8JM3LW3g3_OXLgM\\1JkNBS40jKa3LjL6KN1NW3e3_OYLgM\\1IlNCR4OkKb3LhL6MM1MX3f38eMfLlNBS40jKa3OgL4KOl3^3KfMdLnN@T41hKa31fL3MNm3]3JgMeLf3P3XKeL0N0o3Y3JhMdLg3P3XKeL0NOP4Z3jL^Ln1Z1eMg3P3VKgL1NOn3X3MjM`Lh3Q3UKgL0OOn3W3MmM`Lf3e2QKQM3210Nl3Z3MlM\\LgNC5Na4U4^KULOm3X3MnMaLkN[Ob4d3ZKiL6LM6MX3Y3>oM`Le3n2VKgL5LO4M_2LRNW3\\3PN^Lf3n2VK]L046001O_1LYO0LR3^3QN^LQO\\OY4b3bK]L0460000^11WOK0P3^3RN_LPO\\OY4a3cK_LM390O00\\14WOJ0n2a3RN\\LRO\\OY4b3aKiL5LN01X18VOJ2k2a3SN\\Lg3a0TKS11SN5ML03W1h0cN_Od0d2c3VNTLiNEd0Mb3V1kKS12RN4MM12W1h0bN@e0b2e3VNQLEB\\3c3oKfL2M010Z17`NF=1?h2c3VNnKP4T3VKcL00N11[12ZOF7k2`3ZNiKn3Q1lJh0;PNO0000^1F31nNi28WM54^1S1jMm3T1kJh0;PNO000O7Ha22fMe2:[M04c1Q1hMm3U1kJh0:QNO1N114Hc22eMe2\\1]Ma0T1gMm3[3SKfLO0N21Q3KYMe2\\1\\Mc0U1dMn3[3RKiLM0N12k0Mn03ZNa2a1\\Md0V1cMVOIY4b3`KkLMON11k0On02ZN`2Y4eN\\KTOMY4Y1\\Ki05XNN0M10j04d1[2P2ZOWKk2j0[K^O5j10lMN643M[14hNKm1Z2f2POQKkN3]4b0cKA0n1MlMN561IJ2a19eNJg1J[NY2j4QORKiN2_4>gK@OP2LlMN51KO6OK1`1<aNK7GU13iNU2m4QO\\KY33gKBOo1LlMN557JV1=`NJi1K\\NU2n4POQKiNOb4=bK^OM56n1LPNK47k18oMKi0J10[OU2P5POPKiNNc4>`K@M46m1M[NNf1=lMJj0KO1[OT2R5oNPKiNNc4=aKAL37n1MXNO2KX1m0TOWO4NYOV2R5QOlJjN0b4>aK^OM56n1MWN2MN\\1g0cNSO;1l0R2n3UOfJoN1_4`0eKBNP20RN1ON]1f0aNYO5KZ1m1l3\\4TKPJBNP21QN0O01IS1W1nNjN^1g1l3_4SKPJAOP21QN0O01JR1V1oNiN`1f1h2ZNaLV6DQJAOo1OVN1LO^16^NO0JR2a1]2YNaLW6BRJBMo10VN1MN]17^NO1HS2b1`3a4nJQJDLl14XNLOO[19]NN2GS2e1_3GYJe10aNd0eNEKk14ZNLM0[19\\NN4GS2b1`3JWJe11`N7cNM41Nm1OZNOMO\\1d0aN[OQ2\\1f3P3RJTM3hN0O3Mn1MYN3J0_1?aNCn1R1n3Q3mIWM1jN2M2O4H_12dN6I0a1:bNIKN3ON03NOR1n5W5oIjI2O3I`11dN0E046a19cNKHO20OO2N3o0n5W5nIkI2O3J_10eN0E055`1:dNII000001N3o0n5W5nIkI2O3K^1NhN5KN^1<dNII10OO11N2Q1o5T5nIlI2O3L]1MlNOL1[1`0cNHI10O000O2R1l1gNRNO2OY3e1bLQ32dK2N4M\\1MiN3MO\\1>dNHI1OO20O01Q1k1QOSNG\\3Z6dLmI104K]1NgN5J0`10_NK67I1O000001o0o1PORNG\\3[6aLoI2O2GL2b11fN6KO1LR10ROK2:H1O0000010M20IOM\\2NjM0g04`1W6eMoI2O1HN0a12fN6J01NP1NC5ZO11O0000001HM0T3MgM:_1Q6gMPJ2N2HN1`13eN5K01NP1LE6YO20O00000Od1Mg08]ODbNV6ERJ2M3IM1a11eN6L00LQ1NE6XO10001OO2Od1HC2F;h0CfNW6CRJ3L9LV11fN4M02Jn01F4YO3N000003Lm23nLLe0:R1CgNU6DRJ2N9Kh11SN30Ll02I0YO30O01OO3Lb20XM:LO>FD?f1BhNU6DRJ3M7Mj1OSN30Lk03I0YO31N0000b1LA1hN:L0<GE=\\2g5fMSJ2N8KY24mNMnNMH6M12N010Ob1KbN1?2ZO7J2<:Q2Y3gMRN1XN0O7KZ25mNKlN4F1101O1O015IO4k02AN_O5M05a0U2Q3hMTNOZN001GM4R2LPN019\\1ImN9CO3N2O010O5KN4k02BN@1N22e0X2[2dMPM4e1N[N001HL4R2KQN019\\1HfN0M:L03O1O1O1O6JL>NBNO799NCOM41f0MROT2V3mMPM2g1OZN001GL5S2KYN8V1JjN7E11O200O2Na0;^OGM72C37MON31m0R2P2lMPM3h1OYN005L^20lNNjN5E22N111M3N`0>\\O;MYO45NMO30o0R2[2oM[N1YNO05L^2OmNOjN3F210002N3Jb0c0XO;KZO64NK16MU1m1CQNj00^N5c11YNO010NH\\24UONjN2G4N0200O3L`0b0ZO7OYO56LL25MW1k1Q2UN_N2VN001O0Hh13^N4Z1JgN7H2O000001N4MNc0L33TO7:IL16NOLc0V2n4nM^J0O20OHh17YN10NQ1IUO:H1N10010OO20Na00Nc0_O@J57KN0c0T2UOiMf51eJ1N110Gg19XN01N`12_N2M10000000P11nN1I0Lc03\\ON4158KG6h0S2l4dMfJ1N101Hf19XN01N`12_N2M10001OO1P10oN2Gi00WOM3258KFa0?i1T5eMgJON30c1H`N8L10N_13`N0M3O0000o12gMi03\\OM18g03`1T5fMgJON30c1J^N5O2n11PN0M3N1000V2m0bMZO0M75E:<5Dm0_5aNhJ0N20b1K_N311o11nM0L6M020Nn1OkM3Kh05_ONJ:5E<:0KP1X5cNhJOO3Oa1LaN013m12nM0M4N101Ol10jM3Ng04^OOJ97E:;OMQ1V5bNiJO01OP2IWN7j11oMOL41N12M^16ZNS12oNNN4P10ROJL:`1b2]N_O3mMO01NQ2JUN8MK^15_NOM32M12L11O20R2KSNM11P11oN0H9f1[2^NEOlM00000Hh11VN0280N`0I8:XOMM4:DL8MIM2V33SMM^10aNc0^1P2_NGNlMO11O0Hh11VN0280N?KL1F7MOO2h0HZOM10R36SMM`1LaNg0_1m1]NINlM00001Gg12WNN380O<MN0D7M01Ob0H^O2N10NT36QMOc1L_Nc0e1j1ZNKOmMO000P2JXN4KN<OM0D6N10Oa0J^O`0o2HRMOV1ESO5Kd0f1g1ZNLOmMO01Oo1KZN1K01LK5;0B6000O?LA>m1EYNLHk04TOg00]O3Lf01WOX1[2jNMNmMO000P2KXN1MO0NL2:2C5000O?LA>M_Oi19\\No0OkNd02^O1Ng0OUOZ1\\2iNLOmMO01O1Gg15]N3MN3LM166F2O10O7LHN1ON:3Cg1;ZN`0M@2L5H59H0Oj0`1_1_NN1jM00001Jd12`N3L02K1M59E3O00O5MMIO3O73D:1O001L:K`0M@2M3J47J002M8b1o1_NN1kMOO2O1Kc13^N2OO0Mb06ZO1000O4N2LK0NMe0NG2O0INO:10M21O1N2IMN3:N00008_1R2_NL2kMOO2O1Lb11`N3NO0Lb08ZO0000O4N1NKN0Ke00E3O1INM940L12O1N1O12N00O1:]1Q2_NL4jM0O0O3L`11bN3L00Je08XO2O00O4ON9e0^OB4N1K:Ok01lN30O4M01N1:f1Z4[N]KOO1M4M_10cN3L1OHf0;WO1N10O4:LEe0JA5M1Nf1OWN6ONf0N[O3=c1Y4]N[K0O1M30=L62@3K0n04mN101NO6:JG3G75J3N1Na0O`04mNO3M`03VOMa0i1X4_N\\KN02K41;M61A4J0o03mN1O2ON53JG25d0HE8H2Nb0O10UO1180J7N25ILK0b0;]Ok0X2gN;7dM013I31\\1NeN8IOMKi08VO101ON6Nf24YMKK55K3K20O3N01N0a0_1Y4^NVK44\\2IfM9I0LKi07XO001OO6Kh22[MNMN4Oo00PO10NO5MMc1h4mNTK\\O3:Mm02FOTO:00MI<5F2O20O0O9Gh23[MN^2OaMNO5L0c1f4QOWKANm04DMVO:078HG1O20N109Eh25ZMO^2LPN5\\O6^1^4WOXK:OZO4d07PO67IG1O11O009Ff25ZM1^2JdMON5K9JF]1a4C[KM1WO0<3e05QO75II0O2O0008Gf26YM1>JT1O`NOO6J`0Z1k3c0_KSN0<3e05QO75II0O2O0008Ge28XM2JJ9O_1NbNNO6Ia0\\1f0aNc19oL;091WO0`0Oa09QO75II0O2O0008Ge28WM3JJ90_1LcNNO5Jb0\\1l3eN_K50GNT1072mN8J68JG0O2O01N9Ge29VM1MI82^1KRO3NOk0_4aNeK101Ie00`04lN7L58JF2O0000O;De2<QM23E73_3KlM`4]NiK001If0N`06lN5L5:KDa00@0O;De2n0TMTO80]5^4ZJjK001IT24nM5L1=0A`00@0O^3a0gLUO7N`5_4WJjK2O1JR25nM5L0?0_Oa00@0O^3a0hLSOW6^4gIjK1O_2OcM6LN?1_O2N11O1M^3b0d1TO^LS4`NSL413M]22cM4MO>0@3M02O1N\\3c0;UOZM0XO3c0m3SOUL4O4M^20cM7KO=0B2L22M2OZ3d0;TOlM3YOY4WOfKe36\\LN=2A2M11N104Kj16nM3Oa0;ROR6[4jIeKj34[LO95A1N20N103M`1o1bNlMS6Z4iIeKo30YL177A1N20N103OR1JjNW26hMd4ObLX4eNiKn42RK422M20N1035e0DUO21V25hMe4OcLV4gNiKf11h0OQN7B1L30N10355C01F02W20lMh4LdLS4hNlKd11XOO90YO6B1K40M20363D1O3W2AoMl4KVK1W1m3QOPLb11XOO63\\O3C0J40O2O363E0N:[2g1dM13bM45Jk0o3ZORLb1Oe02gMO36L0M3ON3O362F1M<[2S1dMbN2P21cM71Ho0o3YOWL]1I?OUN2N7L110M21N10443GOMb06TOj1W2nM80dM8T1i3QOXLMIW1Oa08[NJO9J02OO2OO2N4OJJ930M_1\\1XNiNj0Ii26cMk3POWLNJ7Ma01=0UO9GK0h0K@000O102F71N40Lc1f1YNYN:1W31bMl3POYLMJ7Ma01=3QO8II3h0J@000O102E82M40Ld1f1WN[N80[3OeLM?o3]OZLMJc22bM6KI39IO1000001Na0KC23Jh1c1SNaN6O\\30cLMa0m3_OZLLId24`M5LF5;H10OO11O0O`0NBO5Jk11mMX14kN5Oa0Lk18aMJc0k3AXLh21UM4;NB2OOO1002M>2@Mg2i0VMVO7O4O0M20Q20fM2M25Nd0k3BWLh22TM2=NB2NO12NO3M=4_OMj2e0UMXO167K0Ml2OlL44Ne0j3AXLj3LWL3L5LO12NO3M>3_OL7MZ2c0^M@15MKN223[3JlMi3oNVLH2U4MhL6ZON24LO2O>2@J60c26YMMKP1\\3lNlMk3lNULK1\\3NXM085[OL47I01N4KN7LJ62IKk21\\M5GP1^3jNmMl3iNVLN0Z3OWM192^OM18I01N2OO2MK62HL\\30gLS1Z3lNnMj3jNVLN0P43hLN@O09HO2N3NN5KL41l2KeMQ1f2nNoMj3W3ZL`LLSO077H11L6OL6HO4Nn2KnM9QO1\\3FeL3P1c3c3^L]LMSON87H11L7LMd0JB^2KjM0e01WO9U3FdL7n0_3f3^L\\LNSOO76J1ON6MM5KM11_2JiM1U17m1GeL8m0`3XOZL5O\\33TM6WON12O0002N00;OJJ20a1OUN3U20oM7X2NaNa3WOZL40HM`33ZM8VOO11O00O2O1O;OJK01i0NROO79j1?PN^Oi11POc3UO[L53LJf20]MN82I;GO11OO101O1N=O@J32NN218N73AN78j1a0oM^Ol1LQOe3TO\\L42MJf23mMMA;G000000O3N1N=4BHM02O9N74_OO85l1b0nM^Om1KQOd3TO]L43MHf27XN6mNN01001N2O1N=5AHMO30m03QON84n1c0hMAP2J\\NJ:d3B`L4Nn26kM3nN000000O3M2M>6@IMM32j05ROM82Q2Q1FQOXNJ>_3C_Lc39WM2PON011O0O4L00>5_OJ5Nf06PON90T2MjMg0i1ZOoM18N?_3b3gLnL0QOJ16NO0O3OOM`06^OHY18bNM8MV2OkMe0g1\\OPN26M`0`3a3eLnM3oMN1O12P1N>3^NMh2K_M4GON56Ld1MZOa3SO]Lg34[N5lM01L25P1K=5_NMU3MRMb0^1[O\\Ob3QO]LO020N0a59_J0`03[OFU10>9cNLS3LRMd0f2k2UM^LO020N0a59_J0`03\\OEU10<;cNLT3JSMf0d2i2f3hL_IOa03Y23UMIV3KRMf0d2i2f3hL_IOb0JYO3_14C9QOEY3IPMk0c2c2j3iL^I0e0Mc06A:QOCi3f0RNTOSO]3j3bLTM8YN0b0Oi02^O<ROBh3O[L;h1BRO\\3YOcL5Oa31mM:YNN2O00d1H`N09d0@Ee2FgM1N5K27IT13[O[3YOeL4O`32hLKa0=oNO1O0Oo1MYN3F21OT2EWN2O1N21L37R1M\\OZ3YOjL0LKM7NU39kLHK2P1;oNN20NOk16ZNINION19Q2HVN20OO2a05[OLl0OIZ3ZOjL002GT3:lLNk06oNO1ONOn15WNJ0G79i1GWN3OOO1b06YOMm0NIY3[OjL1Ma33bLNi07nNO20MNU20PN1OG87Y2HXN028VONl0OJW3]OiL0Na31eLOf09mNO3OLMY20kM40F96[4=ZLCGU3_OhL4L^32eL1f07nNO30JM[20eM:2B<4[4;[LGDT3AgLQ4LWL4e06nNO21KJ^2d0cM\\O<1]4=YL^OoN3e0Z3AeLR68iIN23ME_2f0aM_O;O]4M_K7h1X3TNbL7N`5:XJM14b2:[MC:Jl4<aLT3[N`LNO4ON0a5:_JK27b28[ME9Gl4?^LU3^N^LN03NO0a5:mJ2V28[ME9Gl4`0\\LT3bN\\LN020N0a5:nJ0U2;[MD9Gl4`0YLV3fNZLU6:\\JKP2a0YMD;Fl4`0XLU3X5eLPJJQ2b0XMC<Gk4a0VLU3kNZLS6:kIF73\\2c0WMC;Hm4?ULW3iN]LHN60NN30U5;hJN2Jk2a0QMF7JP54jJI]1j3eN_LOKLM607N_4;WK00J[2KZN=YON7J_2KWO0aN7X1e3^N^LO01I6Oa20nN;XNOOJ\\2LZN;ZOO5Ko1JXN1O0001OO1152NFO=m3CYLO01J5Oa2OoN;XN8[2^OYN:[OO5JP2KWN2NO101O0O116`0M`3EYLNO2K5Mb2OnN<XN7]2^OWN;[O04Ja2J??\\Ma3EZLMN4JQ5:kJ0LGa2NUN<\\ON5Il57aJd3EYLMNa55^JOLIY3:hLN6Hl57`Je3EYLMMc54^J0Y33dLN5FR64[Jk3BYLNKe56[J0[33eLL`7d3aHVLLO31f57ZJ0[33fLK_7g3_HTLN02O0Ob58^JJL3[3MfL95L_7g3`HRLO11OO0Q56SK13Mo20fL77K^7g3hHSLI0W52oJ4OMo22fL67J_7h3`NSLZJ3MNl26gL48I]7f3XOWL[LOXM8@38H^7h3bNWLVJ3Y34YL27J]7i3bHTL51S4MZL9^OO^33\\L13M^7h3dHRL55LH62`2NaM6JJ4:I0OGX3;eL02NS5FXK7IKP1P4nNSLLL490INM34JNf21dM7KH5:I7W3JfL11MT3FhN6ZN2MMP1m3QOVL010IMN47Q2HVN3M7KH5:I7W3JfL11MT3FYNOoN8I1NNo0k3SOSL35LI65c0Hh02eN8KF6:I7V3<fL^OU5ITK3KOo0k3TOSL24MI63d0Lf00eN990A3LDY3n0fL]OX5ESK5J1n0k3TOSL23`0K6OU16cNOB3^2GnMn0[O\\Oh5I^J2o0j3TORL34b1L73gNM_O7]2HmMn0[O\\Oi5G_J1n0g3ZOWLM1e11S11VM5U3e0cL[Of5IjKg3nNXLS21a02VM4U38`LM4L[7`3iJXLTN20Oi22VM4m2?iLF4KZ7`3jJYLSN20Oi20ZM4h2b0jLE5JY7b3XKZLeMO]32]Of0kLC5JY7b3XKYLfM0V62gIh0GA5JY7b3XKYLfMOh41TL4QOe0HB4JY7b3XKYLR10oMOB5oNh0F@6JZ7b3PIYLL01N10G013K0d1NH1oN7h2JVMY1KlNZ7d3nHXLFL246OGN42K046_1KgNO?1@6LFh20]M=F?4\\OS4JiLNo0n3[N\\LI01OO1001GU18mN1=K\\ON390HU3:iL>3]OR3GhM7J1MK?k3VO]LJO1OO1001GU1:kNO?1^O20GV3:iL>3]OR3GhM7I2NJ?l3UO\\LKN20N1002FT18nN2<K\\ON391EU3>gL>5[OT4JaL6T1h3ZN[LLN2O00O2^1LgN2;M\\OL49T1Gl0]1QNiNR50eLk3ZNXLNN3NO101^1LgN1<OB5o0Hk0]1SNiNQ5OnJN\\1o3fNQL220NO1O3^1JjNO92D3m0Kj0]1SNiNQ5NgLo3hNnKf05]2LaMN51iN0J>M<7[OQ5NfLQ4iNjKn00e31SL4kN2J6O>7[Oo4OhLR4>iKj20YL7fN1L401ON8Im42iLR4W5hKVI3HMU17mN1L401ON;Fj44jLS4U5kKWIMR19fN2M1020Mc5K\\LS4j4lKWI2`1L`N920M20>i4TOPL6W1T4Z4hKjIf0Y1]OdN71^1e4YNRL3W1U4`4_LkJLeNV1Y4TNQL45LH7h1U4dNdKR10a2;lKL[1]2mN\\M`30cL411E3j1c3UN]L1N:MNO11FN48o1JH5K]2aN\\M`31cL124E2g1c3XN[L3O63J10OO18Hi00VO7_1LMc2aNZM`2OfMOO2N225E0h1c3ZNXL2342K1O0007Ij00TO7]3M\\LX25dMa2NfMOO10206E1f1c3hN[LI1L010O07Hj02TO6\\3`2cLYMo30WL5D2g1c3fN^LGOOO00016Hj02TO5[3c2dLWMb45XK2g1c3eN_LHM0N20O1^1KfN4V3h1^LQO9SOb43ZK3f1d3eN_LGI4Ob02j0KgN3V3j1]LQO9SOb43^KNc1j3hNZLZ1J_N0Y10Q2`2YLjMX5ISMi3[N[Le1IB0k1W2ZLRNW5HSMk3\\NZLb1KA3VNN`34^L81?0_O2Mg7c3PIZL`1KB:d1L`L71?0_O2Mg7c3oH\\L`1H]O;[NG`3f0`L50_O2Lg7e3nH^LV31YOETMh1EdN3JV5IWMm3WNaLT3N\\OGnLMNW21oMU5LVMk3WNbLU3L]OHmLZ2NjMU5KWMk3YN_Lj6EdH\\2LmMh4I]K1V2i3G\\LXNHg5]2nImMd4MaK0S2e3nNYLVOJH;ONn5U2oImMd2FhM10N09G11OR2`3jMYLV15SOLJ80Nn5U2oImMd2FhM10N09G11OR2_3kMZLV1b0mNGONl5W2QJkMU4LoK31MR2a3jMZLW1`0lNJOMk5X2RJjMX4GnK71LQ2d3gMZLZ1>kNKOM5GZ5b2^JhMY4GoK60MP2f3gMYL[1>hNMOLX5GWKn1@`N2JW5HPMi3fMYL\\1_1Y4^N`Ja1OgN40L1c7`3ZHZL]1_1bNaN]5f1iJZN73H2b7a3[HYL6No0d1U4HeJoNj0HZO5b7a3[HYL41P1b1T4HgJnNj0IWO7c7_3]HXL21R1d1g3YN\\K_1HkNg0>]O_OQ7i3mHSLR1f1g3ZNZKj1`0\\O^6h2oHRLQ1h1g3XNZKk1`0^O]6e2QISLP1g1g3YN[Kk10SN5\\1f6d2RITLo0i1f3UN^Km1LNn6S2SIVLk0n1e3nMcKR4a3jK^O^4hMnM`3hMjK[4o0dKVOOd05UOKN1P3P4oLVLj00ZOJLf1V4^NPLX4m0dKWOOc06VOKM0Q3P4RMQLi04@a1f3aNTLV4m0`K<6eN3m2j3TNVLmNH5g1j3cNULV4^2dKbM3l2j3RNXLmNH77Nm0h3WOYLT4\\2bKeM4k2k3PNZLlNH86Nn0g3VOZLMJk3a2kKU1Q4\\McLQOZ1f3`N\\Lo00b1T6R1fJoNm2XMXLU13c1o5Q1hJSOl2TMYLT16f1i5P1kJTOl2SMYLe0M]O:h2h5o0lJTOl2SMXLT16h1j5m0lJUO^2jLlL9IT17h1i5l0nJTO\\2mLkL8KR17j1i5k0nJUO[2lLlL8KR16l1i5i0oJWOY2jLnLj1N^1k5h0PKYOW2fLQM_5Z1^Jh2T4lKSL<_3<\\LFOf01mNc5f0dJXOLQ4P4PLRL<`3<YLH0d02mNe5d0cJYOK8OY3Q4cLnK=c3\\2ZLWMh5c0`JZOL8OZ3Q4ZMSLSOS3V3^2dM[JZOO51[3Q4YMRLZOON`2Q3eMhLR5_1dJfN2b3R4YMQLYO7GZ2k2ZM^M:GS5g1cJQ2T4[MmKROY3S3oLiLj00T3f3mKkMP4IWOn1mLjLe03[3W3dLeMX39XOm1lLmL3L06n3h2TMoMg2=XO3dL98^N2M15P4c2[MnM^2e0VOj1oLmL3L06R4^2^MRNX2h0UOi1PMkLc05c3X2bMVNS2j0\\L`NU2X3eMjL3N17R4U2gMXNm1m0[L_N\\2U2UMeN;WOc05c3T2jMWNj1o0]OWO`Lo0NcN]1KV3T2kMWNg1P1AnNcLX1HdN]1IW3S2TNPN]1Y1CkNcL[1FdN]1H\\3j1XKVNT7^1bLkNcL[1FdN[6`1P1G[LlNaLZ1HdN\\6^1Q1HZLm0XLmMS6HTJd1Y7KWLW1UMYMY42QKb1[7LVLX1dLXM25d4LVK_1^71QLk0ZLnM:H28j4P1e28iKj0]LPN6H39k4k0g2<_H]NR107[2^NPN1M47l4g0V2iNYId1A]N20X116i1_NaN2OM055n4e0W2kNWId1@_N2NY116h1`NbN00OM65m4f0W2lNVId1_OaN1MS1OoN2_1g1aN_N12OL56m4f0k2a0PHaN1M3Og02WO2^1d1dN_N022L27n4d0k2b0PHbN0M4Nf03WO4]1b1dN_N203L27m4e0k2c0PH`NY1NhN4_1d1_N`N7L2M18l4e0l2c0QH_NQ1OPO0N4e1l1EXNj3g0n2`0XIbNnN3^1k1DXNk3g0n2a0WIbNnN3_1k1BXNl3g0l2d0XI`NgNOO5g1b1VN_N[1Oo3g0l2f0VH^N`04TO015f1\\1[NbNV1OS4e0k2o0mGXN1N?j0S1j0]NdNS1NV4d0k2Q1jGXN3M`0i0AWOZ1c1dNfNR1MW4a0n2T1hGVN3Na02^ON0:f1Y1XNiNOIk01`4`0P3V1gGTNZ16a0\\1SNTOj0@a4?S3U1TIYN>_1oMTOl0_O`4?T3W1RIXN?X2iNjMc4>T3\\1eGRNo02VONX1Y2XOkMf49o2d1dGQNP11UONZ1X2WOkMi47n2g1aGWNk0MZOL[1W2hNfM36W54n2i1`GSNOKl06YOM]1[2_NeM2L16a51m2k1bGPNo01VOOZ1n2]NVMh5Mn2l1gHSNmN0Z1T3l3nL`3i1_HSNlN2Z1R3l3QMo2KlGm1S1SNlN2[1R3i3RMP3NiGk1V1QNfN1O1d1Q3h3SMP30eGl1X1QNdN20Ng1Q3g3RMQ30eGm1OnMa00H`0[1c2g3RMQ31dGl1OoMb0OI9BKh1n2g3SMP32eGk1OPNY1NhN2d1P3g3SMP33dGj10PN`106o2f3SMo26gGh0KRO091F2Oa1O6o2e3SMP38eGf0MSO080G11a1M7o2e3SMP38cGQ2NeM^10<n2g3SMP36bG[20\\MR13e0m2g3SMQ34bGc2a0XMF1_1m2g2PM^L2d74aGd2b0VMG1^1n2g2QMT55_F^2V3;P8UMQF0PON>4[OW2]3YN^Lb1Y;QNoDN02M114:IGR2]3[N_La1U;a0UE`MJS2^3ZN]Lc1V;a0SE`MIV2`3?e7IREcMIY2\\3;j7HPEeMJ_2U34\\1ZMk1\\2iIhMK^2U34\\1ZMl1[2gIjML\\2V36g0TMaL3T6Y2bIoMKY2Z37TNVM[O4^ON01HO00j00a5V2kISNKh0N@1IOG]3g2SNVMlN:C130O8h0Ag5o1gIYNJg0OZOOE3:NH]3f2QNWMnNi0D9i0QOh5n1fIZNJ^10kN\\3S2SNXMlNj0C:k0nNh5o1fIZNJZ2[32bN[OlNnMj5o1dIZNJ\\2[31aN\\Of5LdH[NJ\\2[31aN[Oh5KcH]NIZ2]3jM`Lh1o1Lj5IbH^NHZ2_3iMaLNN\\1n1^OQNA0^Ol70SH_1=gNGY2`3jMcLJM_1l1gNQN90H1F2NP8^1ZHjNFX2b3jMcLHLb1k1gNQN90G3EX8^1RHjNFW2c3lM\\LM0]1:[NR1<aNb00TOe8[1hGmNFU2d35eL^M4O8^1T8M`GnNGU2d35dL`M13II69El0m86^GPOHS2e36cL`M23GI10N91g0k8:\\GQOHP2h39aL]M53JNJ44e0i8=ZGROGn1j3WNTLb1Q1QNYO2L034J2Q9k0XGUOFa1N[No38TLKOU1Q1cNXO3MM3O07l8IiFP1=ZODa1O[No38ULJ0T1o0dNXO5MLb04NKj7o0kG[ODk1n3ZNQLL4Q1o0eNWO4NLb020Mi7n0jG[OEm1k3iNWL=o0eNVO40Kc0000h7m0iG\\OEm1k3jNVL]OL`0S1UOUO43Ib11i6l0hG\\OFm1k3jNVL^OK`0S1TOVO43Ja11k6i0hG^ODm1m3XNPL150Ja0`1UOlNMa0OA001]8f0eGAD`13YNo39oKO34Ic0`1QOlN0`00@000`8c0dGDC^1_4bNeKO03Lf0m1QO\\NO11O000f8<_GLA]1a4aNcK1O4Nd0m1ROZN0101O00g8:_GN@]1a4bNaKe0O3m1ROTNOM2:O1OO1h89^GOA\\1`4G`KEn0ROG0ZO67L2MN14LX8;mGOA\\1`4G`KE8PO1::7@F2LN34KZ87oG0@Z1b4I]KF9oN2999_OF2LN24L[86oG0@X1d4K[KFm0TOG>@B5LN23KZ88nG3^Om0n46QKFo0ROE`0C^O4OO0i85`G3^Oe0V5[OhJg002P1QOYOMK?OD7M30N1i83bG5\\Od0W5[OiJ6ONOf0P1QOYONI?1C7M3OO1j83`G6\\Oc0W5^OhJe0O3o0ROZOMI`00B506LO1j83aG5[Oc0W5@gJe002o0ROZOMHj03[O9IO1j83aG5[Ob0X5AfJe002n0SO[OLHj01^O:F01a0OY74aH4\\Oc0W5@hJe0N3n0SO[OKI<NO2N:F01a0OY73bH5[Oc0X5^OkJ010Jj0m0RO\\OLI:OO2O8G10a0OV89oFc0X5^OnJLO4Ij0n0oN]OOH800008G10g98oEb0Z5]OnJLO5Gk0n0oN]ONI90OO18G10g98oEb0Z5]OnJLO5Gk0n0oN]ONJ8N1008G10h97nEd0Y5]OnJLN6Hi0n0PO^ONH8O20N9G10001OG0i88UGd0Y5^OjJ1MX1j0bN_OMG:N10O:F101O16`81UG=MA[5_2XK^M@58KFX1:iNM22N25a8OVG<MC[5^2XK^M@58Y10cNM22O14c8NUGg0W50hJe0k0cN^OMFY1:gNO111O4e8NSGg0X5^OkJM1X1h0dN]ONHW18iN0O22M6e8LSGi0W5[OoJL1Z1f0dN\\OOKm0JUO;M2O04L5h8JQGk0V5\\OQKJ0[1f0cN]OOL6N5LH:L1004L5i8IPG814U5LPKJ2[1e0cN]OOJ8N>8YO1003L7P90jF5T5KQKJ2\\1M`N<3INI9L2OO<E1002M8o8OlF5k4ATK<ON7W1LaN=2INH9N10O:F1O12M9n8OkF6R5LmJN70Fk07lN<3INI7OIM415:Eb01_O9l8OlF7R5JRKJ25Gj0l0QO^OMJ84KJNN1;MQ1;j7MmF8S5IRKK15Gj0l0QO^OMO210IMO2i19[7KnF;S5AhJ0;1O5Hk0l0QO]OL020000a1:^7FjF`0T5DSKNO4Hk0k0RO^OK020000a1:Z7JmF=T5EQKN22Hk0k0RO]OLK75LJLN3j19Z7KlF<U5EnJ23OIk0k0RO^OKJ82OM19GQ1<i7KlF<U5EkJ65LIj0i0VO@HI821L16JU18j7ImF<T5;oJ\\OKj0d0lN]O;8HG93?2[OV18j7HoF=R5:oJ]OJj0l0TO_OKG84NM16JS1:X85bK9QKd0h0eN[OOJ63MN16JP1>X86`K6TKc0i0fNZOOO1000O3Ma00^O?X98^K5TKb0m0dNYO1N10O102Ma00^O?X99\\K7SKa0o0bNZO1H73L4M2Ma00^O?X9;TKUO\\Kg2f0ZM[O21MN5N82M6J3Na0O^O?j8BVGk0X4UO_Ke2f0[M\\O100Lc02D4N6Ja00]O>k8BVGm0V4SOaK;Nk1i0iM[O200M2081M4N7Ha01]O?Y92^FF`4IaK;O34KJj0Q1nNTONO3O81N7J2Ma01]O?Y91[K@UK9025MHj0P1nN[O1I1K1;O1OQ1OnN`0X90]K_OTK9134MHj0P1nN\\O0O11O00P10nN`0X90hF_OX40aK9223NHj0P1nN\\O0O1001OP10nN`0W92eF@[4NbK9024NIi0P1nN[O1I76J1OQ1OnNa0Q96jF]O[4LcK:O32MLh0P1oNRO9001N3N6Ia01\\Ob0o89lFYO\\4MaK:050KOh07QO9>@J1N2O4Je0OZOb0Q99kFYO]4KbKo0O\\O0f08RO8n0@ZO2M5Kd0OYOc0R9c0YKgNcK`1O_OP1EnNG9IM35Ic02VOf0R9ZOnFn0c4?[K_OQ1EQOC9LL23Kb03TOi0S9VOQGn0a4`0\\K^OP1FG_OAO2Na03TOj0Q9WORGl0b4`0]K]O`0UOGb0`0^O@0R11dNl0Q9UOSGl0a4a0^K\\O?WOFa0N\\O:1J0R1S1d7QOSGk0\\4oNcKa11\\O?WOEc0HB?II3U1P1c7SORGj0]4PObK`13[O>YO_OR1>iNG6W1o0c7SOQGi0^4QOaK_14\\O=WOAg0O]O>HG6X1n0c7QORGk0]4QObK^14]O;XOCd00^O;JM0R1U1c7nNSGm0\\4QObK^14]O<VOG3I52J=LLOQ13cNm0Z91UKQObKR1ORO8h09SOI3I5i0H@OR11dNo0W91VKQObKR1ORO8h09SOH4J42G?1HOR10eNP1h8?dKcNbKa10\\O>UOD7M13K;JM1R10cNP1j8=eKcNbKe2:aMEe01\\O;JH5X1Q1]76fKdN`Kf29TOKZNN39Hc0X1k75gKcNbKg25VOKhN7]Od0W1k75hK`NcKk24lN4^NK16La0Z1j7mNYG802e4l0]KCNQO:`13`NM03Na0[1V8QOmF:`4f0cKDMSO:0Kf0b0YOCO2Oa0\\1V8oNmF<_4e0dKELRO;0Le0a0YOD01Oa0\\1U8POnF<^4d0eKK6nNJd0f0WOB11Oa0\\1g7fN_GNN=N<]4f0eKH51c0gNC20Nb0^1e7^O]GN[4R2hK`N2eNi02^OMb0^1e7fN]Ga0O7[4e0eKH4SOL20O7Di00>^1V7cNaGOMY1[44hKH2ROM3N0Z1E2`1c7CdK9bKI2PON3M2h0FB0P13cNX1P9GdK:cKGd0POYO7g0GAOQ13cNY1n8GfK9cKG3mN34G6f0HBO0Oa03SOY1m8IfK7aKK3nNO4L30E`02IO1Na0b1c71cGaNT4Z1kKJ4oNM5M<7A2K2Na0_1e72aGcNT4f2mK_MLo06QO0M2M5K0a1V83^GcNV4e2mKkN2eNOL3N4J1a1V8=dK@mKKORONo05QO0L4Lc0]1f7dNdG^1P4JnKMNQO4f0KRO66ON4Lb0^1T81VKKoKLMlNMO;i0IUO73O01Nb0^1U80UKLoKLLlNOO:i0HVO82O02Ma0_1f7bNhG^1l3LoKLLSO8b0HUO74O04Ka0_1f7dNeG]1n3LoKLMRO7i0MUO0N7Ia0`1e7kN^GW1T4KPLLLTO5h00TO0OW1X1V7eN]GO1^1T4KQLKKUO5h00TO0NX1Y1U7bNgG_1l3LQLoNI=1C8JHd06^O0NW1Z1c71VKKQLoNH?0B;GH9NI2K:2OOR12bNX1R95VKJRLPOGl0<kNH2K23N1M:1OOQ13cNW1P97WKIRLPOHl0:kNI2K23O0L;1OOQ13bNW1d8gNcGd1Q4FPL;2\\NJ9N0:G0OR1`1T7>fK\\OPLa0KXNO80O5LO08I`0b1c7>fK]OmK[1LfM3L1O9Ga0[1SOjN_8k1fK_OmKi12PM007Ib0Y1TOjN_8m1dK]OPL`0MVO8PON2T1R1eNkNd85[Gj00Fj3YOXLQ1NYO6a1NVO8QOO0Q1U1eNkNR9j0oFKf3?]LoN2f1NXNKg0=VOO2P1T1fNlNR99mF11<e3>^LoN2f1NXNKg0=VOO2P1T1fNkNd8OeG=E00<g3=^LPO1f1MWNNg0<VOO2P1T1gNjNc82cGi1\\3]O]LPO3d1NWNNg0;WO00P1V1`7V1eJZObL6NWN0f0;WOO1Q1U1`7lNUGS2`3BaL5OWN0e0<XOO0P1V1`7iN_Go1V3SN`Lj07ZOOf1LVN09NN<H0Oo0V1P8h0VJRNaLj07ZONh1LTN19NO;HOOP1V1MjNg6V1SH]O^3]ObLj07ZONX1KgNOO:8HM9J_1S1]OnNf6S1WH\\O[3_ObLj07ZONW1MfNN198JJ8M]1S1_OQOa6Q1[H[O[3_ObLk05[OLX10fNK23J3:OK;LMOP1U1MROgNKV7b1oHnN\\3_O`Lk05Q1NeNOJOJ=KL1o0U1MWOn5V1PIoNZ3a0dLj00eNO5=XOJ5Q1m0eNQOV1=P6T1RImNX3f0`Lh04eNN4=YOK5P1l0fNQOV1=P6S1TImNV3h2dL\\MO4;ZOL2Q1S1MWO[6h0hHYOU3i2eL[MOLLI<J00o0U1MVOn4DQJ8JJd08]O12F8=T3i2eL[M5CLO6M00o0U1NPOo4g0[J\\OA01H7=T3i2eL[M5CL05L2On0U1OoNP5i0YJ^O_OO2G8=T3i2eL[MO@L5307K3Mo0U10POl4j0lISO6<FO2F;;S3k2cL\\MO66ZOc1n0DQOi4k0lIUOOMO=N6=KR3d3cLhL4[Of1l0EQOg4k0mIUO0MM>N6>JQ3j2aLQM052=3\\Og1k0FPObNOm5m0cJ_O\\O03D<=P3V1aLM4dNN72ONO:G`1Q1NPOV4m0cJ]O_OOd03i2U1fLJ0fNO800OHM1=L_1R1CnNiN5f5j0eJVO@L09d04h2U1iLFOiNN71IJ44J029N_1R1BPOiN4e5j0gJVO^OL28e03g2V1iLFOiNN702NGO1;M_1R1BPOhN6e5i0fJJ7Bf2W1gLH1gNO7O2L0;F`1P1CDeN[O_5n0kJ1IQO:;n2k2gLnLN7Na02\\O:Gn0S10MV4OcJ;0jN:8P37cLn13eMOe14ZNT1n0N0W4LdJ:2jN99n26eLP2OfM2c14[NR1m010U4MgJ62jN:=i24hL\\21lN7ZNn0o03XOgN8\\5?TK\\O]OLn07Y20mLb0Ne03ZNL50g09UO3Ok0R19QOfN4_5i0mJXOBNk09V20nLa01c07_NG96H3M10i0S1k0oN[3\\1WKhNCOl0;R2NQMb00c08^NF:6H3M1Oi0T1m0lN[3_1TKlNALn0;c1_OhM>Ic0Md0:]NG91EM4;KZ1S1n5<nHmN@Ko0=a1^OiM=J]27WMF:0MS2g0a5=^HhN37IK:H<e0j1_OiM;M[25\\MF71LS2h0c5<kHPO]OK:H<e0j1_OiM<L[26YMH8OMS2g0d5=jHnN@KQ1=]1_OjM?IZ2a0_M_OOQ2f0c5`0jHkNCJQ1>[1_OkMa0G<Mn0j0XNZONN1S2k0d5a0jHeNGOo0=g13RM:3\\OMKNQ1k0nNZOMO2Q2k0d5c0jHeNFMR1=e14RM:2]ONIOR1j0nNZOMN3R2j0d5c0iHkNBG:NO1N>V2BkMb0FR1NAi0oNYO6:E20h0l0d1UOS2_1eKmN_OF<NO2N=V2AkMc0GZ2`0mMFYO4N1N11Fk0c2\\O_MNV4Z1jKeNN?9_OL20;V2CkMb0GY2`0QNAXO7NO14NEh0g1VO[N0b09\\O0X4U1lKfNN?:^OL20;V2DjMa0G[2`0PNAXO7M006NCh0h1WOZN0b09\\O0X4U1YLkNBF;0L20<U2DiMW2InN`0EBYO8Lh0g0f0YOYNOc08_ONV4Y1WLiNEGg01^O>T2CkMc1LdNNm0>lN_Od06]O5Mi0g0h1[O_MOP4_1VLfNV18g0DkMa1OdNMm0e0nNWO1O28M[1d0[1ZO_M0m3b1VLdNW18g0DkMa1OcNNn0e0lNXO1N48LZ1d0[6l0cHfNV16g0FjM`10dNMl0?mN_O100N3Q2?n5n0`HhNEG80N12;P2MeM[15eNLk0a0TO_OIN3P2?Q6k0`HlNBF81O11:Q2NdMZ15gNLh04oN35LIL3Q2>R6m0^HlNBF81O129P20cMY16gNLh04oN362Hh1`0R6n0^HhN4KD03:P2HbM00a17eNLk0a0TOn18b5o0_HeN6MB049o1GeM1Ma19cNMm0>UOo16b5R1^HbN7NB139W2G[Mb18bNNo0<TOP25c5T1\\HaN8OA058V2IZMg0N0:\\OOo0<TOP25U1CbL4^3]1iLdN7LB256W2JXMg00O9AJl0a0SOQ24U1CaL6^3[1iLhN4JE155W2g0YMJ5n03XN2:Z22W1D^L9_3X1iLkNCF73N243Z2f0ZMh17YM0:MK5NU1MeN;S3DXM1B417f3T1_LcNN9OE85L163X2f0[Mh17YM0;LJ6NU1MeN;T2DeN0A3B236d3V1kLhN5ID265U2c3mM^L6Fo0;T2G]L6_3Y1kLfN6ID267R2J]Mb3b0dLP2OJIoN0PO0_3a1fLdN_16a0F`Mg11bN1l0a0POo10KJnN0o2a1VLdN`16?FaMg11bN1NNa0d0\\Oo10JK]3j0UJIa0Cf0JB7f1KbMg1NdN1N0>OYOb02S20KL\\3g0VJM`0C6IE0>7d1LaMj00l02oNN\\O`00m1KjM4Y2L]3g0VJN?D5HF1O0N7T2i0dMh02VO:UOo1OfMO]8>bG_O3d0>E4HF1O0N7T2j0cMg04UO:UONLa13XNM[8a0hG3;B5KD001M6o1HkMT1LC087O:TOk:?nD39@h0MRO1J7T2GiM4Lb16cNLH057f0;TOi:b0nD09@h0OQO0J6W2JeM3N`19aNO00e0]8WOfJb0oLO8@i0OQO1I4X2LdM3N`1:`NO00e0\\8YOfJ`0iL^OOb0`0@h0NQO3H5X2j1iMWNL27?n0VOWOO_66]L?hL5a0\\O7KD1Nb0P2`1eMkN6KP1XOWONQ12j37PNY1YMeN8KB2Na0R2`2kMeMi0ATONZ1KX2NXM1TO118U3U1[MgN6ID3Mc0P2_2kMfMj0_OWOKX10W2LXM2TO127U3U1[MfNh0IROg0l1^2mMlMk2UOf12_K1T3X1YMeNW1a0>^2mMnMk2TOh1KdK3P3\\1WMeNX1LWN?V2h1kM_N2;k2TOi1JeK1o2h0fLI`0CX1LWN`0U2f1mMaNO;m2SOi1JeK0P3h0fLJ>DX1a0=f3i0iKi5a0[GK0_O85^1b0<e3j0iKi59XGE3>1@65]1d0;c3gNbKZ15f69XGF2=2A55]1e0:S3oM^Ln2Hk59YGD2?`0EU1d09e0oMRO4R1KjNo2Fk5;XGD2`0`0BV1f09b0TNPO1U1IkNn2Em5>UGD3??@Y10VNa0Q2_OnMT17TO2JO1Ja0MGo2Bn21PM?TMD4>>AY10VNa0Q2_OnMn00RO782JO0Kb0MFl8FoI=UM=b0VOY1i06;PNlN591KN1KQ1l8lNmI;WM=2TO94^1h07;QNnN2:Lg1P5kMhN5QO8XM?2YO01NLb1j0=9TNoNNd2X1WMX23SNNHNgN218c25YM?2FN@b1j0=9TNPOMc2f0ZMD0V30TNMH1fN028c26XM>3ZO1Ng1h049UN`0MDe0iNFOc02\\1Oj00WM3]2Y1ZMfN4Ol1a0La0UN`00BT1hNF8[1Jn01UM0_2\\1XMeN50l1a0Ja0VN`05]NIi0R2B3AT13RMO_2_1VMeN6Ml1d0J`0UN`0`0UOa1D_3CjJN`2`1UMgN4Kn1d0J?VNa0?VO]OYO>NKMc0=g4CnM^1bLkN0JP2d0DYO\\NU11b0?_OHnNLOd09i4CnM^1bLlNOIP2g0BYO]NR11d0a0gN]O4:ALOd09i4CoMU1^LoN46OHZ1NUOj0R1YO]NR10e04XN4?F3=]ON1a0:k5EhKT1bMoN432Km1i0@WO^NS10e04YN4R1d1TOj4IfK[1fMeN9Og1j0@VO`NS1MI1M4^O0g0o1WOc4MfK[1VNbNa1l0_OTO`N4Mh0102A0I135a0MWOe14^4LRJ3Q2Z1>^OiNTO`N4Mh0102A0I144`0NWOf12?0^1NbL4P2Z1fMcN;Nh1m0]OTObNR1NJ0COF543a0LWOh10`02\\1MbL5R2W1fMgN8MK0n00_On0n0SOaNQ11f04bN08JE1Kd01;N\\12[1ObL4S2U1fMkN4KN5j0KCm0n0UOaNn03g02eNN5NLc0HGM1MQ24V14bL0W2R1fMmN3I05j0LBn0m0TOaNn05g02eNL5OLb0IG0OIT247KWN:ZOOX2Q1eMmN[2i0POUObNm04g04dNN5KLe0GH2^2Li05cLOX2R1cMnN[2i0kNQOiN4Ok03WOLZ1>eNIm0?oNL3V6OcI2]2m0ZMSO^2i0hNTOiN20j03VO0[1;eNIm0>oNM4U6OdI0^2n0XMUO]2i0hN[OiNd05TO2[19gNI3H>e0[OM4X6KbI3^2o0WMVO[2i0jN:nNiN1Y1<hNGl0=QOL4g6MbKo0WMXOY2h0jN:nNjN3V1=iNGk0<SOK4h6KbKo0XMZOW2h0jN8oNkN4V1<iNGj0=VOH2j6KbKn0YM[Oa1EnNU1?6QOjN5V1<iNGOEh0f0ZOJ1i6KcKo0XMXOY2o0dNlNPOQ11QO7U1<iNGOFi0d0VOM3i6L`KQ1WMTO]2S1gN4lNeN0d00Ie0CE1Fi0Y1WO`6O`JP1gMQO`2V1fNGgNZO3H0:2G37a0HD0Hj0V1VOj12]10iMo0gMPOa2W1eNEiN\\OOK075E57?ID0Gk0W1UOj13\\11hMm0iMSO^2T1gNFjN03TO283F41O0Fl0W1UOj13]1O^MK[NR1IUOf1JkNY1b0FkN12UOO86E500R1l0oNi13^10]MK\\NP1JWO3JW10UOW1c0GlNk05]N2M2Q1m0oNi12nMHW22SM6e1J\\No0KXO2IX11TOY1<JSOf05^N1MOT1o0mNj11^MH1Oa01@OO1e03TO4f1J\\No0KWOe1HkN]18GYOg03]NN1OY1j0eNQ21[MKX3MiL7b1J\\NP1IVO\\2X1ZNE]OTO54H98BK2NNOS1j0mNT21WMNY3KkL6n1j0iMUO]2\\1VNABSO54G;7AL4KN2:O2i0DU22SMM]2I^N1]O5P2j0gMVO]2]1UN_ODSO55F:8BK?NKO4h0DU22RMN^2HlN5Q1j0eMWO]2^1eM]N7R1LSO64F:8AKa0OIO4g0DV23RMMk3N`Nh0eMZO[2_1bM^N4MOQ13VO73E8:AJd0OE32d0HU23RMMk3N`Nh0eM[Od1IlNX3DoL54F6;BId00D32b0JU22TMMi3ObNe0eM\\Od1JkNX3DoL54F5<CHc02E02d0HU25SMJk30`Nf0eM[O[2S3gMPM71GKe0N^O=ID:<INj0FV2:oLEn30`Nh0dMXO^2U3eMQM6LCNT10TO<JC9Q1a0POX2;T1DXNi0;Z2^MUM4JENR11UO:JE9P1a0oNX2=S1CeM0dNj0Z2Z2XMkL1;8IFNR12SO:MB9d0CHm0EX2=S1DdMO[N2Mj0OVO_2S3_MlL2990g0JQO<O_O:R1h3]O2DmM2nMh02YOf1JiN[3_ORM80g0c0^O3e3\\O2HjM7RN72Ae1LiN[3^ORM62i0`0_O2f3\\OPMAYO1Q29A4TN61Cd1LiNW3BVM20j0b0_O1f3]OnLAZO3ON21MM;2@9j12UN70B[2R3gMUM3L?HAU12Li3@ZMKcNN6Je0N[O6i14VN5ND[2R3iMhLM362?M_O7L>;5c3IoL]OROl02XOc0O@1i16VN4LE\\2R3QNkLK0`01]O20b083D\\O2Mm2MPMe0n0]OQOo01UOe0OANl17RN7KA`2U3nMkLKOa02\\O20b084A^O3Jo2NPMe0m0\\OROo02SOg0LP26]M2GM40\\2R3QNkLKOa02[O31b073A_O4HP30nLd0n0\\OROl0X4UOoK3GN42Z2o2TNnLg02lN31a09G@I114HP31lLd0Q1ZOROg0]4YOkK4EN53d1JiNT3DnL13Q11kN41a0NUO7?H54]OP3l0oMTOnNc0P5@nJO53d1JiNT30QMf00lN41b0LVO8?G5]38nM_OfNFS51lJ052Z2P3SNnLHNa03]O0Of0><d2Hj3UOmH0l2R3fMmLH0a01_O0Nd0??b2Hn3WOfK[2RMSNb0^OJ2?0@0Nc0`02[O@W3e0m3XOfKX2UMWN>^ODNN49L13N0Md02ZO2h0H^OV3g0a2TO_K2c1Y2UMZN=MK^O13N0KR180m2H`2UObKOnNOV2[2bM\\N<MCE:OIZ19mND3Y3;Z2TO]J32LR11QO4c1KjNZ2@VNNC<T1Gm08[NF2X3<b1ROZK07;EH3Li03XO5b1JjNZ2BUNOD9U1FTOOZ1:iNG1Y3=a1ROZK082C31NS1NTO1U2[2eMSN0E9R1HRO4Y14nNF0Z3?oLQOR53fJNa1Ni0`2fMPN1F9>KC1N3e0H^O0N8o0P3MlLPO`9S2\\FeN3[O6?MA1M2:DM7K3N2Q1P3;WMeN[8Q2UGdN6]O3?MA1M36F06K1O31Dh0\\3c0UMhNZ8l2[GTM5>MAON56C19J1O2`0EG]3T1TMgN@MX6OPLQ3lMUM6=KEML9`0L@N15<EG^3n0bLmNa01_ONW61aKMdNi1EZO3TO6>JEMK9a0N_OL279EG_3n0bLnN`01_OO;M^51oKOdNi1EZO3SO7?IEMK94FO9MK298BGa3o0aLnN`01_OO;Mk7P3oGVM7=KBON44JN6NN09<B@^3V1aLlNa02]OOf8m2`GVM7=LA2L04ON12NO9<U3h0[LiNc01^O1c8d0\\GB0V1>gNNODM029O1NO31NO2OO:1[O6h3n0[MiNe7e0^G@0X19iN0MLO101NO31NO2O090\\O7g3m0[MkN`4NaMk2XM\\M05JG421NO33K04L0:;U3g0ZMmN`40^Mi2YM[M09JE2a03A4LNd05JX3e0]LiNc0:FF120N020NY21eM3<Ln02gNm2JZMKg13[N5LKd0MZO2`0a3c0_LiNb09FH11HN020NO38N2O`00@0H072H0M2d0LP12gNj2JUNMf04aNKd0NXO3`0a3c0^LjNc00]O2:M02HN1000O19O0OQ11gN072G9m2\\2YMbMN12j0KVO3MMc0OYO3=^3h0]LhNm1OPO1W20oL;n2W2ZMgMML4MF<NJ7OOOO3L15G2:\\3m0]LgN\\6;eLV2ZMiM1F02K40O02NO10O13J09\\3o0l2ROaLV2ZMiMa0H[O40O02NO10001M07]3R1i2oNdLV2YMkMa0FXO92K22MN12O02K17]3S1h2mNfLX2WMjMNE82C:OL50LO12N13J25]3T1j2kNeLY2SMoMOC9d0BD4NM111N04K23^3T1YOcN`08YMGd1b2kMPNOC:c0BD4NM022M04K31^3W1WObNb06GY2oLSN4^O73E61M31LO22L23J33]3W1X6n0YFWNe0_O]O21O02NO11N11M32]3Y1V6d0RFRN7`0f0^O]O10001OO11O01N13]3Y1V6d0RFRN5b0h0\\O]O10001O000000O21^3Z1U6k0VF_N1_O7MH5O1Ob0200XO7O`3Z1c3fNlJW2hMPO6]20\\Le3Z1_3iNUJITO[2\\OV34bJQ4S1[LmNT4N`K0O11OQ16;IUOZ2[Oa3^4QKf0TOPK1O101OOT12l0LTNY2Ji20bKR;]ORE0O1\\3NgLU2MiNM_O3N0c0L_O2OO13L27^;@mG0gLQ2OjN2\\O1M01O00001N20N19i:B\\E1U3OgLn1OlN2[O0N01O00000010N0;i:A[E1V30eLn11lNO]O1NO1O01O01N11N19h<CSE0SNn13lNL@ON11NO2O10M23L18W;AQF62JlN2GP25@HjN11O01N11N12L36X;BQF51KmN1FQ26_NHD49MM01OO2O10N03M16l<FVE9PNo01VOHC83NO100O0010N21M07Z?Mj@JHOM<OO5DL`02C90OO01O00010OO2ON:X?Mk@HN:HJ0NO1N=h0_OF0O2O1O0001N`0:f>Nk@HN9JJNj0e0ROF0O2O1O0001N`09X<IUE7TNGN9IKMk0d0TOA45LO1O0001Na07X<KUE6TNGM9Kn02jN07J35`0L_O3N1N6JN7k<M\\DMRO;GFM8Nm0OR2NQM8H03l<N\\DOPO;FHM6Ol02Q2KSM7I02o<I_DOoN`0AIMa16n0KdMM25I11_?9_@e16oMI30X10jN30J63HO2d?b2e@WMJ32413II80O4K3O9e?V2e@TML5O511KK60O4I525e?W2o@YM@;I=6\\O1c0MHo>]OaAk23YM_O[1MkN4`0NIm>_OaAi25XM]O^1MjN4<3[OI9Q?G`Ai25WM^O^1NiN4OJ18IH9R?E`Aj2c0_MPO0NN6K12L21;b?Y2^AYMUO0NNa00_O4M<b?X2c@XM`2O_M9F9h?W2c@ZMm27gL7i?Y2b@[M9Lk1m0e<SO\\Ak2JYM80KL^1m0a;UOUD0lNk2KYM80@I67MLLO;0=m0e<UOSD1lNj2MXM9N_OM38N06K?j0e<VOUDNlNk2NXM9LE;GOV1b0o;SOoB4]1MmNk2NYMd0i040Q<SOnB3^1LnNl2MXMe0l01\\OmN2W=BnB4]1LnNl2NWMe06nN7T1KlN3^=GRDLnNk2NXM]1LA9iN2]=KnCMnNj20XMj24mL2]=LmCNmNg23YMi23oL1\\=NlCMnNh22XM]2K_M:L0\\=MnCKnNk21VM\\2O_M7L0^=LnCKmNb0Af1`0jM\\21]M5N0^=L`D<nMBNo1?QN\\21]M5N0^=L_D=oMe1=lM5N_15mML2830_=L]Dh2^NWM03Q1KjNe0KB_=MkCMlNj23YMN4S1LfNc0MBb=LiCOkNi25YMDLO9o0IUO5M?0Bc=KiC0jNh25ZMEJ0:n0HWO4MP1a=nNiC0jNh25ZM2LR10gNP1`=ROeC1kNf26[MX2j0U;SObC3jNe27[MY2JbM`0c=CaC3jNe27[MY2IdM?b=E`C3jNe28ZMX2KdM<Y=BcB5h0K\\O8Kg28WMZ21_M5^=E`B6i0J\\O8Kf29WMY23`M2^=FaB5h0J]O9Jf29WMY22aM3]=FaB4X13gNg29VMZ21aM6\\=EbB3X12fN?Kb1?nMY20bM6g=H_C2fN?M\\OOP2=SN[21aM6\\=FaB3X13eN>N]ONo1>RN\\23^M6^=F`B2Y14cNj2;QMo0MPO100O5M5_=I]B0[1[3oNbL?O_O3N1O1M304a=I\\B0[1[3oN`L>8[O0O0O01013b=J[B0l0K]Oa3P1eLjN2O000O022c=J[B1j0L^O6Fn2k1kL_N2O3K301d=J[B1:MM004IP3g2mL\\M6M1f=I\\B18NM100LS3P3SMmLOh=KZB18OLO20LT3o2SMmLNi=MXB081LM21MS3b2kL_M8JOj=LXB082;N_OQ3d2PMZM4M0k=KXB173:LAQ3c2RMYM4L0n=IXB082;N_OP3f2PMXMb0i=^OXBNY12hN^1MgN2?U3Mc:^OYBNY13gNY1l0dNnN9\\3:a:_OmC1\\Ni0H^O^1KS2L`L;o=FlC1[Nj0I]O_1JW28Z:FkC3[NT1R5hNhJ<P>FjC3ZNT1T5VOlLEa9NfENPO6HS1U5VOfLLf9GXEM@2N5IR1U5WOfLMf9EXE0O2ZOT1T5XOi9CVBQ1T4[Og9DUBn0W4]OdJBV21X:2gDm0X4^ObJDV20W:1jDk0X4@bJET21W9NWE6d0d0Z4A`JHR21X9MVE5h0b0Y4B_JLo10Z9JYE2i0e0W4C^JN;FQ18m9IoFg0[3D`JKk1Ol;`0jGF`JKi1On;MWB6c52eJHb12P<NVB5d53`JLf1Nl9KUF8oM1]3GoN;lM0MM5Kf03h:NYEM\\O1N`0R3@`N1[N9O1I06J5K46n:IhD5l0MYO10=S3E\\NO]N80`0L_O1O0F2:W;FiD5l0MYO10<T3FhLJ\\14cN92`0K_O1N1G29g<G`C1N<V3DgN:QN1G09Ge04o<5QHNdJG^14n;6RHLiLLV;7QHLkLLU;7oGOlLKU;3PH2lLLT;1oG3aJ2LFU14o;KoB4a54_J5MDU14eb02`\\O0[1NUb00d\\O0W10Tb00f\\OOW11Qb01V\\OJL224j1OPb03W\\Oc00ZOW12o;KoFNPL1R16iNf0I_O7Hh03h:NhDKJ154k30kK3V1OlNX1ImNn0Mi:LhDLJ342k30mK3T1OoNf0H_O2Nm0M_;H_D4]3NPL3Q12oN5G0;DX13k;0\\GNbL6UOKf?NeD1`L5b?JnC1_L6b?KnCO`L5YOJc>1eA3m3MbL5ROJE3T?NfA3l3MdL4oN7`2D\\:3TGM`M5_N81CR20j:1VGO^M7XN;bd0_OW]Om0ib0SOW]Oa0UNEed0JW]Ol0c0TO_?5k_Oh0e0VOZ?7o_Od0WN]OP2JZ>KPAd07i0aNfNOO`13i>JPAf07h0aNfNOO_14X`05Q@Q16jNm?Ng_ONbNj0Y2XOb?Mc_O6`N:d2BZ?Nb_O6_N:e2CZ?Mb_Om0S1WOY?Nc_Om0^NSO_22Q:JlH6TLR1g0jNlM4\\<KmH5TLR1h0hNlM6\\<JmH1WLV1k0POUa0P1l^OPOdMJYc0i0`_O^OSMOZc0c0l\\OZO[2=c9@bG3AU1VOZOf9@`G3Cb1hNkNT:D^GOFj1nLQNY1e0d:A_GOdMK9OROR2CQN00Q1g0m:YOfGOlN1mM_1FfN4MJN1M?k0^;UO\\J4RJW1AhN9202H48i0Wb0POo]On0BRO`0OIc0N>Wb0POQ^On0ARO`0LKg0L=Wb0oNR^OW1<]O[O>Vb0nNT^OW1@hN;NIf04a0e;jN[J3XJW1^OiN<LIe06c0d;iN\\J1XJX1_OhNc0b0Ee0db06P^OTOZOg0eb0nNU]O5NI3KV11kN81R1gb0lNY]O01Ii1f1Y=\\NVD6gLO1Ii1g1X=\\NTD7PMJF0k1d1[=\\NQD8SM7I]On0OUOl1V;XNnDOi22LMRM=9=HWO076m1S;nMnDNj22\\OLmMc007EZO057l1P?lMhCa0^M_OD:6HJ74l1Xa0iM`_Oa0M_OC3G7L2O`1]a0VNa_O=>DjNf0MP1[a0YN`_O=>DjNe0NP1[a0ZN^_O=?FhNc00o0\\a0\\N\\_O=`0GcNb07n0[;ZNZJ2PK>a0?lN<GlNc;IZJ0QK>`0a0kN<GkNhb03h^Og0hN;IiNPc0KR^O0ZOR1K9IhNVd02R\\Om009Sd0jNm[On0N8Ud0lNk[OQ1I6g?eNhD5hK`2;[Mc:1_H1j03hK`29bMb7GTJObN5l20aLKT48nK`23XML9k7IUJN^22L6hK^2b0ZMV75^32jD\\2e8dMa2OjD\\2e8iM^2KmD[2f8mMlNFnK[2W5PNjNFoKX2[MdMi6>lJBb00XN6U2S2^MiMd6>oJ@b00YN4U2T2_MiMa6`0o3f1\\M[Nc2b1bM\\N_2a1_MnMmFa0c;a1dDnMb8f0i2\\1dDPN\\1O_5e0nNZO@R2fJRNi02TO3o6<bK]Oa01Z2P2dJUN7NLd0k6JdK^Oa00Y2k1`JWN269MKc0l6Ka4W1`DdN=@Kh0i6KoH]O[;i1iDeNi0IRO4Y71gHF[;e1lDgNg0HTO3`71h3]1nDgNf0HTO3a70g3\\1PEiNd0HSO4a70h3Z1QEkNa0ISO3b70lJFZ6b1eGmN?7e6FlJD\\6`1fGmNa0HPO0g76c3o0eDhN]:7o0m0]OPOb0n0@TO>l0BWO;h0GXO[GDc6T1R2XOZGHPOLl52TIQ1i:XOWGIoNMm51UIo0i:[O4<6BK;;AFKn05Z;000O0f[OJTa07k^OIRM3jc02d3Ljb12o\\N8K3\\[OBna0>f2N3IZW20ghM51NST2HTlM2O0aJOZ^O1ONk30lK3h25Q<L_A0HM11Q40mK1i26YOIY:OfC380GO1OR41lK0j26YOIY:OfC380GO1OR41lK0U1"}, "iscrowd": 0, "area": 271248.0, "score": 0.49563807249069214, "bbox": [15.0, 7.0, 1009.0, 751.0], "category_name": "bluemussel"}]}