{"images": [{"id": 0, "file_name": "images/blue_mussel42.jpg", "width": 827, "height": 1024}], "annotations": [{"id": 0, "image_id": 0, "segmentation": {"size": [1024, 827], "counts": "0a12TOi0LYOEo1L[O1gNg07m3E^K1`3:hLFg0m0f1^OiMGAj0l1UOQOh0ZOJKe0[1hNTOi0LYOEo1L[O1gNg07m3E^K1`3:hLFg0m0f1^OiMGAj0l1UOQOh0ZOJKe0[1hNUOg0LZOFn1LkN2_ONGi03UONd88nHKfN7d2LPNJ]O:f1E[O?oN3Me0R2mNiM7l0d1VObN<EY<MVF1[28QKI:Q1P2QO[Nh0RO\\O1M31LHc01V<NVF2[29oJI;R1R2lN[Nl0UOUO`03Y`0I`D7lJM;R1X3HVd0VOXXOO?o0S3LRd0ZObYOf0\\20Qd0\\OcYOF^Ni0n35TLSOfg0:nYO=X26TLSOfg09oYO>W26Sd0WOiYOc0T25Wf0KiYO5Wf0KkYOEPLLWj0>o4\\OhPO>`o0FbPOL^o4O[PL2O000000000O1000NQP>NSPB0TQ1OmnN0^o=5]PB0ZMN^UO2bj0N^UO2Xm000O1N2Olm82RRG11O001O1NTR;1lmD1O00001O1O1O1O001O1O1O000000O4K4Nhmf0OYRYO1N1001NQP40ooK2O0RRi0OVPVO0bk00\\TO3ck0M\\TO4dk0L\\TO4dk0L\\TO4dk0L\\TO4dk0L\\TO3Tn=L]PJ1[oH0Pn20kQO1RPN1mo1MUPN30NK312O01OON212Mgog10ZPXN100O11OSPk10moTN3M000aPj0LcoUO2N1O1O0004K\\ok01dPTO1O1OO10000000000001O001O001O00001O00O10aP;KaoD5J60K3L40IO_PO1`o01_POO`o03^PONao03_POMbo02^PONco0OaPONhQ92nmG1jMN_TO1ak5OWRK2O01NPP41ooK2O0001NRP1NooN4XPOL_o06`POJ`o06_POK_o07aPOI_o07bPOH^o076O1N7LO1O00OQP61ooI0oo40PPK2O0ZQ:NhnE0O100M4OOUo1LXQM0So04a0O10000002N1O00000003M2NVP23hoM11M1002M001O002O01N2N2N1NZP72eoH2O1N5NLPo1KTQN200O1N22M2O2Nko22SPM1OO1OQP50PPK1O1O1O1O001O000bVOJRc06\\605JQP41noK101O2N2N2O00O10O001N1O2O01O2N100O0OLK`PO2ao00_PON20Xo01hPON02Xo0NQQO0fP12mMOfQO4Xn0MhQO4So0O01O1N1OO2O001NUn1KQRN1[Q71cnH0101O[n01dUNNPh0;gWOFXh0`0bWO@^h0m0UWOSOkh0o0SWOQOmh0P1RWOPOnh0P1RWOPOnh0P1RWOQOmh0o0SWOQOmh0o0SWOQOmh0n0SWOSOmh0j0WWOUOih0i0X3O1O1O1N2O1OVTO\\OZh0b0hWO_OWh0`0jWO@Vh0`0jWO@Vh0`0iWOAWh0?e30aVOB\\c0?a\\OE]c0=`\\OFZJH55Yh0`0T]OK_JH]h0<T]OM`JF\\h0=S]OMcJFYh0=S]OH_JE66Wh05Z]OJZJK1O65Uh01]]O2XJI0O82Th03eXOJQO0V4:jKF0071Th04eXOKoN2d20cN7mNG=Olg06cXOMoN0e22kMMN9GF]2O^c00YZO6i0KPO0d24jMMN9_2ERc03XZO2l0Lk15aMLO9_2EQb03j[O2^O0m0Lk17ZMIG1?8^2HPb0:^[OEG63MT47lKGMN=9ag05QXOFN0154JV49eLLBI91ae0=cYO<5XOW4:eLI[O4=Jde0OgYOR1OnNY4:fLGYO9HD11534L_e02]ZOU1T4UOgLEVO<HFOO823M`e00`ZOT1Z3nNkL4_OJS12WO:IDO181ef0o0f\\OTOjL0h0NSO9IC1171df0P1e\\O[OeLIn0NSO8KCO28Oef0Q1b\\O^OfLEo00RO8KC0090df0R1a\\O\\OhLFP1MPO<JC0090ef0Q1mYOPOb15PNLX1;[NC00eg0k0SYOZOUOM30N0k0N_O0O48MV1<[NC00jg0f0mXOATOL5OM1k0O]O0309NT1=df09^XO_OVOM;N?5NMh1;me0NdWOJj0Ob03\\OIh1<ne0HhWO2d0La08R21Qe0GjWO4R26S1ORe0EjWO7n17U1Nae0LWYO8fNEBK[1<Vg0NTYO6nMBe05ELHMa04@177dh0OSYO5oMC2M<7LMGL?d0IHb0DTg0=PZO3RNA2O;7LLHM>c0JIa0DTg0>oYO1\\NA47i0;TOKbh03\\XO@VO?KA47h0<TOKODUh0?oWO_OJ1K3MO?<LA56h0;UOLMEUh0?`WOB:OK2NO0O>;?H<:RONMEUh0>aWOE6:LB10?5^OMo01?9oN0NDTh0?aWOH288@;1^O1m00`0:mN1NCUh0`0_WOJ26X1BGOd08iN4ah0>UWODV1CGOj02cN:ah0=_WO[Om0Lf11]M;ah0<aWO[Ok0Mg1O]M=R8Ck7i0V@XOn31nK;ah0;k[OFjKH\\h0b0h[OInKBZh0e0XYO^OjML3Ne1c0lN_Oog0OcWOg0P2DlMF1O\\1b0VO]Oog01bWOg0o1EJ6fN]OZh0g0WYOGH5jg04^XOGH4kg05]XOFI5jg05^XO^OO=cg04`XO]OVO4`NN6=9_Ohh0e0dXO[OaN1>2_Oc0JL:Aih0b0cXO^ObNN>4YOh00E;Aih0b0cXO^O@U1iNZO<_Oih0d0aXO@@S1jNSONH?Mea00kDe0iJ@@R1kNSONH[a0Nj_O3h5b0kJ^O@U1iNRO0GZa0Oj_O2i5c0cL_O^Lc02Aoi0IPVOb0b3]OaLf0LBci00^VOK1?b0]O@1j2P1\\f0POiVOb0O09^OI1M2i1NTOo0]e0oN_\\O4WM`000b0]O@1h10SOo0Yh0SOlVOW1h2fNSNP1Xh0QOQWOX1l2fNcMS1[OmNPi02WWOW1i2jNcMV1]h0gNYWOY1h1lN]N5MGGZ1Zi0NeXOnN[N3MZ1Wi0B`XOTOYN0O[1J[N:0Xh01^WOT1n1XOUNO0[1MZN9OYh00_WO4Kk0Q2BoMO4[1NWN[i01cVOm0P24RNn0[i0SObXOW2Y3eLf;3PBQ1oNR1WNiNVf0SOd\\OR1oN1XNB4OG\\O=N`h0V1nXOO`N]OO1J\\O92mg02kWOM0W1a0iN:V1^OXON46Afg02lWOK1X1?jN97TO30N>4MMEGb01eg02lWOL0X1`0gNAOa0:\\O30M=5LMGGb00dg03kWOM1X1?fNBO`04E7JN;6KG0L:1dg02lWON1Z1c0cNL4HOD2:N5<IIk0IRc0Om_O5RLN2[1`0bNM5ILG29O3=IHl0Jmb04P@NUL00]15cNHN`03JMG18O5=HGl0Ljb07\\@LgKO0Z17gNIO?1MMF19N49_OJb1N_b09^^OGYO3YN01Z15hNJM=22LD19N57@K^12]b09a^OFYO8[NT14gNKM<1=M76QOK^12\\b0:a^OGYOO[N01\\14eNKM<1?M67oNM^11o`0Kl^O`0R1FZOK_N0Ma15`NK0:2c1;@Gk`0No^O=Q1FG]1\\N^NN3c1<@Fj`0NQ_O<Q1GF^1iN`NT1<VN^OV16Pa00n^O=m0JK\\1gN_N1M7d09]ORa02l^O<g021S1gN@HgN1l0g0\\OTa02l^O;?[OaNj0f1Q1gNABfN006m00UOKL22L8Vb02k^O:4^OkNT1a1e0mN@BfN005n01UOJL39LGWb0;T^OD6g0c0k0<=jN_OHcN005n00VOKJ3;KGWb0=g^O96^OkN[1[1b0kN^O4aNOm0NXO53FGVb0a0d^O69]OmNk1h0m1ASLOn0NZO50EIVb0b0c^O69\\OnNR28n1?hL@UO95BISb0e0c^O4:\\OnNS25o1h0`L1_OYa0Lg]Od0i04:h1QOg1l0]L1_OWa0f0a^OO:i1nNY10`Lo0:2]OWa0h0`^O09g5oNiIP1;1]OVa0j0`^OO8g5QOhIP1;2[OVa0n0\\^OO9g5ROfIQ1<]b09V]OO8g5VOcIo0>b0ZOU`0o0k^O18d5[O`Il0b0`0]OS`0m0l^O38i4^ObJ5Af0h0?]Og2Mj8V1]CN7h4GTJF0]1g01\\Oc22l8S1]CM8g4d1lJVO]Ob22U6NXHW1mML7a4k1PKQO^O_22Y6LVH[1jML:`4k1nJaNTOB;^30Z6LTHS3VNe2j1bJfMIj0GC;_3OZ6LmG[3[N^2l1`JgMKh0GC;_3N[6M\\GHkNd30^28nIl0`0`NLg0GB;b3LZ6N[GJjNd31]27oIm0>bNL<GE326KGl37[6NXGP4jNm11nIIO:O00IO2`0KK88FKOEm36Z60VGQ4kNk1JnI02OO3M019OH03?LKLJ1P11mNk30UL2T:6UGa:fNXE12OO3NN1:OI02>MZ1OVN35\\3KaL4Y4M[1:bKa:hNWE193DN39OI02>MZ17[N]3MZNN53`38aKb:hNXE08:F2OH22<NZ18ZN\\3NZNOVO0@6n45`KX;ROaD5LG32=MY19ZNa50VK2PO1NN03?Jm2NUN>Aa:SO`E2F6KD7390Y16\\Nb50TK3oNd0`0VOm2NTN`0_O`:WO`EOF95E54V11aN]3L\\N3lNR1f4ZOYK^:\\O_EJJ<3D3;S1BmN`3KaNNhNd0ZOVO00a5b0UK_:@\\EIK=3C1`0c1k2[NkLJY15`NV12`N2O_5h0mJ`:HWEIK<4D0a0G^OO1\\1Z3mNlLJW1h1eNRNg5j0YJXOOX;5TEKJ:6EOb0EF]1R3mNmLIV1i1b4g:VJiCNH79FNQ1S1?aN3;dNJU1g1d4i:TJhC0G5;GMP1U1=bN67dNKU1g1c4m:PJUD679n0l0SNgNL>7J3NIT1h1c4b=VJa@LV2=lMO<D_15]NQ1f1kNPN1No42mJ`b06m]O07J\\13UO7T2h0jLnNNl2Xn0XMfQO`02_O\\o01[\\O"}, "iscrowd": 0, "area": 815671.0, "score": 0.9462692737579346, "bbox": [4.0, 3.0, 823.0, 1021.0], "category_name": "bluemussel"}]}