{"images": [{"id": 0, "file_name": "images/blue_mussel26.jpg", "width": 1024, "height": 768}], "annotations": [{"id": 0, "image_id": 0, "segmentation": {"size": [768, 1024], "counts": "53g17[Nd14Jha0[Ni_O7[Nd14Jha0[Ni_OW2_N^Oha0[NY^O2=O@000OW22\\Oja0]NU^O;1DN3O80n12YOma0_NR^O<1NM01n12YOma0_NQ^O=2LN10`0O?37na0`NQ^O14ONNO300N1OW24UOna0bNP^O07Mc04TOW25QORb0gNl]ONV12gNX26oNRb0iNj]OOW1^2nNiNQb0kNh]O08Nc0`2[OhNPb0ROP^OHb0a2]OgNl0dNP`0<S_OL0O0d20bN4iN7M``09U_OMN0Od24^N5iN6O_`09V_OLOQ3OoMQ1jNk?2R_O1512R3IlMW1nNg?2S_O08N0T3HlMX1nNf?4R_O08N0U3HgM[1ROc?4R_O062MT3McM[1UOb?2R_O22e3MSM^1UO`?2R_O10h4^1VK_?1S_OQ5^1mJ`?2R_OS44hK0a0_b0B^]OU49XLZb0C]]OU4:VLZb0F[]OT4;VLh:EZL\\4lHPLj:EXL]4mHoKj:DYL`4jHmK5AY:2aEMQ10g4d4XJkK7BR:0eE22MQ11f43UJY46iKm:LmD24LP73nHX4`;PL`DFR72oHW4l4eK_K0a5S1f0QO^IX4[4eKgK1M1288EK0N0i4U1f1oN_IX4k4dK^K4`0LR4U1f1oN^IZ4[5bKaK0o3h0TKCc6I]I\\4Z;XLgD\\OOOc62\\I\\4Y;XLiDZO1Oa63\\I\\4W;[LiDXO3Na63\\I\\4S;eLhKoNUI\\4S7`KjLU1n2oNUI]4R7`KiLf0VLDj6]47ZKiLd0VLEj6^45[KjLb0XL^ONO4M1OX6j4c0[KjLb0XL]OO03M10W6j4c0[KjLa0YL]OO03NO02Oo5j4k0ZKjLc0YL\\OO03NO11NP6j4k0ZKhLe0[LZOO020M22LR6j4<UKcI1128La2]2W3_2;WKbI031OL35b2Y2\\3^2a0WK_I1NM44b2\\1XMdN0115S6a4`0XK`I1LM64`2[1\\MbN1010M0S6i4`0YK_I43M^2]1^M_N2010N0Q6j4c0UK]I462X2]1_M`N2N:NU11n2k4_2VK]I5W2d0^M12VOa6j4<TK]I8V2`0dM0L[O`6i4l0iKgJ1VN_OE92G^6g4m0XLkHoNP1d0[OF^OI^6g4n0XLjHnNo0g0VOWOG:OI0LZ6n4[JTKi5U1dImNl0LROl01UO10O:OIONZ6m4XJVKm5R1cIoNj0MTOj0OWO3M03M020ONZ6m4XJVKm5_1\\J_NUOj0OWO2N20N101OOY6l4Q1eLbI]NVOj00VO012NO1O3M0Z6k4a0RKaIc1k0eNiNL?N51[O23KQ63nIb4k6\\K^Ic1o1^N^Nb0W5_OSJb4k6\\K^Id1n1]NaNb0S5_OUJc4j6[K_Id1n1_NdN6U5JnIc4l6ZK`Ic1o1_NYNLJ1f54lI<0e3k6lKYIN2e1U2`NgMM;O0Oh5o4g0SK`Ib1Q2_NgMN9OX65[Ib4m6ZK`Ic1`9aNSFa4o6ZK_Ib0B41_Om90RF`4P7[K^I0G3L05MM<OHY3OT32aI`4`7[KmH0O;HHW31S3h4R1dKfHOOCX32P3h4S1ZLfHkNZ32l2i4T1ZLcHkNZ30gL2W6h4U1]L`HkNd30g22eI_4Q7\\K\\I\\1h9hNlE^4Q7`KYI[1j9gNmEX4T7iKSIW1m9hNlEW4U7jKiHN3Z1S:gNlEW4U7jKiHN3Z1S:gNkEX4V7iKiHN3Z1S:hNjEW4W7hKjHO2Y1]1dNU75[GW4X7gKkHN1Z1S:jNiEW4X7fKTI>H1V:DfEV4Y7fKZI8KKP:1bEU4[7fKZI2b:3iDU4]c070001O0QF^K`0a4A`K>4TFT4^9iK>2VFR4]9mK=1VFQ4^9oK;0WFS4]9kK=3TFU4]9hKfG1a72\\GU4^9gKeG2a7_4PO_KYK1g5`4oNaKQ4_4_KaKVI3Z;]4nJfLn4Z3QKjLl4W3TKiLcIeNQ;c4\\KQL`IG1G2NQ;f4YKmKdIH1GOOS;g4WKkKfIH0H0NS;h4oJPMP5ZNmDb4l5XMW5UNoDd4g5]MU5oMTEf4d5]MW5mMUEi4a5XM\\5oMREk4U5RKnJU2o:oMmDl4S5SKmJe11cNR;ImDn4Q5PKQKe10cNQ;JmDT5k4iJ\\Kb14]Ni:4lDX5h4cJcK`1X;eN]D[53aJ\\4OlKf0EGn;HRDc5k4jJ\\KFQ1IYO0_9o5iJbJ_KC4Ka01g9Q6SJ`JZKA112L22f0Oh9R6RJ^J\\KB012M020Na00o9S6RJ\\J\\KDO03M020Na00o9X6nIlIaK0N81E210N:OG1_:3]EP6_4oIjKd0I\\O?2@M82j90nEP6]4nImKh0GYO8;LLj9JRFQ6[4kIoKk0EWO20O=4Jk9KPFT6Z4hIRLj0MWOH>4Il9LoEV6X4fIVL=BL7II=5Hm9MnEW6j4PJYKL5NH66Kl9NmEY6k4mI[KK5MH84Ll9NnE^6i4aI[L4UOLj91mEf6k`0YIU_Oj6S2WInMMV>2iAm6P2ZIW<JgAS7f1iH]N<T>T7TCaHjN2K;V>U7QC`HlNb0P1[Om;i7PD\\HQOa0m1ZO00W8l7cF^HYO;n1[OO1V83nEj7;]HD8P2]OL2W82oEn72QIi1QOK2[8NoEW9l1jFI1\\8NoEX9j1kFKN\\8OoEY9i1jFMM[80nEZ9j1iF`NIP12i82mE[9i1hF1IY84mEZ9l1fFV:0nCY9P2cFS:4mCY9X>gFfAZ9Y>8O1WB]FCNS1NP;h9XD]FDO6Nb0OW21P6g9\\G\\FEOS1Ml11P6f9^G\\FDNV41g42QG\\9?`FQ43^40TG[9Q5fFj3OUG[9Q5gFi3NVG[9Q5gFi3NUG\\9R5fFi3OTG\\9S5dFi30TG[9T5eFh30TG[9U5`Fk35PG[9[5bF^32WG[9\\5eF[3a9eLdFU3^9jLdFT3\\9lLeFS3[9SHYF\\11k0<e5[9RHZFENb11R1<e5\\9PHZFGN\\4<m3\\9oG\\FFM_49m3JbG^99dFHL`40`K1^81aG^99jFY4D`K3]81aG^99jFX4Nm3JbG^99jFX4Ol3IcG^99jFX40k3\\9oGWFb4=_3Z9PMfFP3X9RMhFjJFg7_9bMlFeJIf7Y9fMPGbJIg7P9UHjF^5MeJQ1g7W8iMoGW2P8iMQHW2n7jMRHV2m7kMRHV2j7nMVHR2mNVHc8m0YGn34UKl0g0UO@N35LL24NKW41dK`8m0]GVOO`44\\Kl0f0ZO\\OK66KN11OK6Me32RL`8m5dHjJQO[OL66KL33NIY42bK]8k5kHmJgNAO18OE09`4^8gK[GY4NdK]1<eN27UOJd00W4c8eK^Gg4Y1VKdNMO`0`0KAW4d8eK_G7LE2`38TL:1A=KL0J1Nn0a5f7gJeGMLN4M02N1Lj20UM;S1m0]4V7cJmGNMKe1f2oMcM9o0T1\\4U7aJnG1P2_2bMcM7R1R1Y4X7_JPH5d1ImM`26aM4Z1l0X4Z7]JaG078JI6O2OO1O2GT2OmMm0X1TOeN2Og05UOW5c8eJaG2NM291J5O1000HO03M10h1Y1_OhNgN1O:OH0O3M10X30WNc8]NaG2MO192GOO11OO11OO03NN22MT2V1eNiN@2F109NI0N4N9Og21_NW8]NZH0C1K:5FON13ON11OO03M1000T2U1_NUO\\O2O70\\Ob5U8`JeH5@G04I51a0N^1T1]NJ\\OVO22g5j7^JgHL@004H14>0a1Q1PN?O^Nd0NS44QK_7`0TIG_OO1a1Jd0T1mM6HjN:Lb00S43QKa7?\\HB61LV5R1PK6KhN7Lf5o7dJRHQ5U1cJ6MgNV6l71WIlI6MgNV6l72VIkI8LgNV6b7`0ZI_I?HfNY6`7b0XI_Il0n5[NgIZ7b0bHh5c0fIB;f1IWNh204a7aM`H<M]4c0gJ_O<i1JXNa20\\M1`2_7nM`H;M\\4g0WKi0@fN1L4Om23B^7iMaHD0l0M[4g0YKh0@fN1M3Om24A\\7jMdHCNm0M[4g0YKh0AeN0N3O0Of25YMLX2`7PNeHDLX6e0YJh0@fN1M30OO2O71d15SNKX2`7oMfHFJX6e0WJY1B\\N2I6Ob17g0V7gMiHP5HfKd0@X2A^M8G3O03J;]2m6fMSIU4AmK5F:g06^O_OMj3N_L0O13b2F\\Mo67]I?@f22gL1Nl0f0D@CIg40bKd2k6bMTIS4CjKT1e0^O_OBJh20Ac2l4aMPIY4FeK9Ma0h0I_OBJh22_Oa2n4aMnHW4HkK8Ka0f0I_OCKh23_MLO102=`2b6`MoHY4FjK9L`0e0J_OEIf26]MM0O12=`2b6`MoHd4L^Ka0b0K@f2NRMMc0N@OIj2Q7^MSI4Fo31WL=83]Oi2MmL32Jf02UOh2P7^MXIOJg45mK4\\On2JhL55Kb05UOf2R7\\MQIKN18j40oK4ZOP3IfL85Id0T3V6RMRIML02K2Q50PL9WOo2JhL7V1LeNh2S7[MRIML01L3[4LXL2<=WOm2LgL7V1KgNg2R7\\MRIML00N3i3MaL080<?VO^2I_M3G7V1KgNg2R7\\MRILM10M2j3M`L19O@Oe0`0]O^2J^M2H7W1JfNh2S7ZMSIML08i3FaL09O;`0UOo2KgL7V1LdNi2j6ZM[IIl0W5ROeK=ZOZ3MbLNd0R3i5VMiJL_No22XMO9N^O5`0LB>1m1K`N1@000e0P3g5XM\\JGXO2G1N10`10`N0?2HO9N^O5`0LB>1l1LaN0@0001N5R3S6ZMiJDeN]3OoL0?3HKB`00k1MaN1@N01d0Q3e5XMaIGm0c3mNhL2>3O;\\Oj1LdN2\\OOL2j0n2d5XMaI1c0k3[OeL1M<]Ok1KVN0J3O1G02K;1NR3X6XMaI2a0Q6DhIZ2N`MO6101G01M:00Q3W6ZMcIO1a61ZI_2J]M1266KG1NO4ON08R3W6]MfIHKg63WIb22^ML:LFOM3166m2U6_MiIi6LjHd20_MMe02UO26Q3W6\\MjIh6LjHd20_MMf0>YOg2X6\\MhIk6MgHf20]MM:LK4F64o2X6]MiI\\OJ30o62TIf2HZM2439KL4F64HKR3]6bMiI\\OK20P7OUIh2F\\M22OL2:0HN03M10O3MOS3Y6cMkI[OK3Oh40dMm2aMXMOM1:OION4N0O03OLR3\\6`MTJ^OBZ4OnK2JN8O\\1Y3\\NfMNTO8OQ3Y6TMjJc3nNRL8L88^OS1X3iNgMLTOj3W6dLPKDiN_3[1eLcNU1W3iNoMe3R5eLRKCiN1K[11=a1ZN`NW1W3iNPNd3Q5fLRKDgNb1M6b1Jf1aNPNd3R5eLSKZ36kMZ1_NXM4j0LUOg3V6eLkJGmN`3c1mMX1cNTM3m0JVOg3V6eLhJKnN_3c1jMZ1cNTM4=GN3Fg3X6eLgJh3SOkKa02_OLOc1k2`NTM6;HINM5Ng3Y6dLgJU5QOoKn2]NTM88KH7Ma3Y6dLgJV5POnKV3eNPM0K4N`3Z6cLfJk2POoN1ZOW3eNmL2L2O`3Z6cL^JA\\OZ3NnNO[Oo2]NUM9OIL326O`3Y6dL]JB]OY3NnNO[Oo2]NUM9OIM217O`3Y6bLPJCK0O10Y3NnNNYN1C0c0o2YOTM:0GN30ON21f3Y6oLkIVO00O;M`21\\OOXN2EN52Om2HUM2L13NN30ON21f3Y6QMYJTOA10h20]ONWN310JS30mL1N2N`3Y6TMlJa1QObMJ207153HMI1:43NJT3NmL2O2K80e2[6gMnJXOgNM4M7;I0LOi0J73SOI0965LJV3JnL3Ni0JY2Z6gMoJVOhNMb09@1MLn0H36ROKO876LIV3ImL6Nh0JY2[6fMmJYOgNLc09A0MLj0K83QOKO786LJU3JlL7MQ4Y6bLiJB[OOA11Eh00@M:5^OLO786LJW3KfL8OP4\\6_LiJEoNFI;3O0D9OO20M;4D315MKV3LeL70P4]6^LgJGPO7LH0E8OO20M;3_OMM7:5KKj2HVMOM4070P4^6^LeJHTO2I:2^OM0154GLMM6:5KJk2GVM3J2360P4`6]L`IYOk0a0UO^O33K:1c0Nc00jN149OHKV3OkL01Q4`6\\L]I_O1Je0:ZO14GM21X3NVM8=o2YOmL10R4`6hLRJWOZO14HL123Nk20aM7<h2ROTM81O1S4a6cLTJHZOFLL1^37YMf2TOTM71O1R4d6aLRJZOUO72>0_2NoL:f0e2TOUM0M1261Q4g6RLUINf0E]O5N81>1^2MPM:f0e2TOUMOO1000O21KR4l6eLXIYO>1@0N13e01_2LPM;JF3O:o2CUMOO11OO01Y4n6eL^IQO5h0_O[OM\\37aLL3M;P3BTM2L04OON1[4o6cLTJZOhN39GJY1OVO2JLb0f0VOo25`LL3X4m6aLTJYOjNKj0;TOO>4JFKL1b0a0_OQ33aLOOX4n6aLTJYOK4POO<5IG5=7@R33bLNNY4o6aLQJZON2POO;6GIMJ1e0>\\OS36`LM0W4P7aLQJ[OM1QOO;6EKNJ0d0`0[OS38]LO0S4T7`LPJ]OnNHf09ZOM;7DMNH1e0?[OR3O^L30OO01X4U7`LPJ^OmNG91GOO:0O3GN>0T19aNW3N^L3Og4V7XKjHb01ZOP1:QOJ78F\\15>_3UN]La4V7WKlHi00]O>2@2Of11nM5U2^3TN^Li01a2T7^LoHW1:e1KYOIjMY37gL8NM5U3Q7_LoHW19kNAe2:_OIkMX35iL:LL6U3\\7dMnHmNA1N]2;EJkMY30lLo0Nb2\\7cMmHmNB1O^27Ee3kMVLn04TOHZ3d7hMmHmNCO0;Me12PN0U2k3kMVL2Ne06ZOJZ3d7gMkHnNK3D128OT11bN0U20lM[3LgL30NOf06[OIZ3e7gMYIPOSOM2:Nj02SOKe2W3`MRM;0\\OGZ3h7dL\\Hj0\\1ZOhN54L0n2\\2TM[M7384k2d6bLoIf0S1YOcN1J]3l1jLgM5638o2[6hLUJ>k1[OdM_3N_L^1n0[ND:P3Z6gLWJ>l1XOcMa3j1^MkME;o2Z6fLYJ=o0\\OWO`3Q1^MiMF<m2[6aLXIOQ1c0?[OmN1i0`3S1XNSNi1\\6`L[IMP1f0M[O\\O2N2i0\\3R1_LoMj18i1\\6_LcJ1iN8NG8N39F`0`0XODe3d1ZLWNR2<a1j7]LPHa0MG1_1N\\NO\\32eL7Nc03QO]14oN:S3U8\\O^Gf07]L31L5Lb1<VNC6=]3U8[O]Gg07]L32HW2c0gMKa3S8T3dG[I41F<1W1e0YNKd3R8T3cGZI59CL;[1R1R2Y7\\M[Ge46]J858Z18`N]Ob3[8V3]G[I<OG15]1c0`N]Ob3b8Y3kGYKe0_1b7W3gG[Kg0^1X5_L`Kg6aNnIYOd08iNe0a3[5[LRJ3m1e6`NoIYOd07kNd0`3\\5\\LRJ0P2e6^N^K@PNd0b3\\5[LaLd6PN]KAQN8LEh3P6\\LaLb6QN]KAoM90Cf3P6]LmIN^2b6]NYK[OUN:OBg3P6eL_LBaM\\6j0fIROf16^N:l3c5^LhLk5gNmJcNPO3HK<MX3Q6nLlLG`MZ5U1\\JeNn0K^O1:On2o5nLnLFdMX5X1]KWN_O0:2m2l5oLoLCiMZ5T1\\KWNAOK122Z3k5jLTMFfM\\5T1XKXNAK23N3Z3h5kLUMGgMZ5T1PKQNF92JMN0424]3f5jLVMGgM[5S1oJRNG90JNO0234]3^5bLYJ8V3GgM\\5Q1WKZN_O3KK61]3^5PMaM^OjM_5?bJkNf0L]O=f1^O9c5]NeM@gM`5QOaJV15POa00^O:e1@9b5]NfMAgMV1QOS3U1nKPO`0O^O<d1@9b5\\NgMBfMd57bJoNa0M@>b1@9a5\\NiMBeMd57aJPOc0IAa0H_Oj3b5`LlMEbMd58`JnNU18hNCi3a5aLkMFbMe58^JoNX14e2m4PLmJ<X3FaMe58^JoNZ13a2o4RLkJ=Z3C]Mj5=ZJmN[14_2o4_LQK@S35UMLDn5S1XJmN\\12_2Q5]LRKBQ34VMLDo5R1WJnN\\13^2P5]LSKBQ35VMJEP6Q1WJmN\\15^2m4]LTKAU37RMJEP6Q1VJnNh0NA8b3k4\\LUKCS36ZMi5a0TJnN4L;2J9d3i4\\LcNJoLi5?SJQO4J;4I7g3i4ZLdNKoLh5>VJPO7MM326g3j4YLdNKoLj5:VJSO31O02LJMQ4W5TLdNMoLg0ZOQ4m0YKTO14N02JT4U5kKdNOoLf0YOS4l0XKVO03O03IS4U5mKeNLPMk54VJWO12O04HR4V5mKeNLPMk55UJUO33N0LG41V4V5mKfNKPMk5LRJ\\O057OOOKH41V4U5nKhNIoLl5LRJI7F00IJc4S5hKiNLiLh52PJ\\O167L01HKd4Q5iKlNKfLh52PJ]O435MO9\\4e4jKjKEQ25jMf55XJ[O3K1;Z4d4kKjKGP22nMe53XJ[O5H2>X4d4kKkKEP24lMf55SJ]O9E2?W4c4jKmKGn14lMf5c0\\JdN2`0V4b4cKPKOn0Om15lMf5d0hJTOFBe3o4TLQKMP46fLe57SJ[Oh05D@i3P5PL\\O2]Le56[JUOc0<i3_4cK]O1^La1WOR2OYLo07QOb0`0j3Z4aKC0]Lm0YOmN2045MS3e0hL[OY18]3Z4aKGN[Ln00nN^OV3b0lLXOX1<Z3[4aKG0YLm0ZOlNa04CT3c0\\NDQ3\\4aKH0WLT1@gNL9Nn2f0]NZO\\N5d4b4`KJ1TLU1_OhNM0M20T3h0\\NYO]N6c4b4`KJ2RLW1^OgNM80l2c0hL]Of1O]N6b4d4`KH`6^K]I5X2N]2g4^KcKJO3g20QMP7M7i4mHYK8O01KR2f>e2WAXKm0OWOS2f>f2jAWKF0JR2f>i2iAUKF1JQ2e9nMQKk4jKVKA3Ok1h9VNjJf4nLSMY8WNhJi4oLgLa8[NdJo4kLaLe5aNlH040J5Q6j4_KSKXN10k0W4QO]N5bMT2a5c1XJWMh1nN[N1O:N3Y4BjK7S2OoMT2MfM^5T5mKkJgN2N109N1[4FiK1S24mMU2`5k2\\JjJn0MWO1O3M019N0\\4IhKMR27nMU2_5Q3XKaJZO1N2N108ON^4KfKL9N[14ZNN2]2_5R3]JbJ5N00O3M10g01]O^4KQNNcMN1_2^5W3aJ]JO0OX11lNe7Y2\\H`MX5f7hJ]Hg7k2YMg4RK\\Hf7n2WMf4R3[KnGPMj4d7Y3\\KlGSMi4a7[3[KmGTM1Ma4d7nL]HjNOd5`2PJlM2G0Oa4a7b3nJkGkM2G0Oa4`7b3`KkGSM2Kb4]7X3[LmLc3V2iH[Ie3GaLg4Q7V2kHZIU3HQM1O4EZ4[7`2jHYIf3H_Lh4P7X2kHXIS4`4R3X2jHYI[3FnL2Ig4S7ULjHQ52ZJZ3HmL1Nc4n6WLPIi4I_J63i3I[L6FV4U7`LUIXOJe4LZK<NL5T4OeKW4e6fKaIe0LYOe0h4ZOYKf05c3KlKZ4]6iKbIc0i0P4TOYKf06n3T4m1jKaI?o0T4oNYKf06V3KeLY4P6jKaI=Q1V4H`Ka2JlL2OOJ1KR4d6PLaI=R1JjNl3n0oKa2KdLO0270ION_33kL_6J_I=T1T4H_Kb2LcLO020N02O0O^33kL`6a0aJe3jNaKQ12`2LkL2HNO30W4b6jLfInNOc4HZKP14n21RL61P42eK[6d0bIG7KIf4Y5VKhJ;NR44aK[6d0bIG20Mb4Y5WKgJl44PK[6d0bIG20Mb4Y5:]1]K[IG20Mb4j0SKW31VLV5_6\\K\\IG2Q5f0fJU33VLS5a6\\K\\IH0R5f0eJW32XLQ5P6kJUJd0EY5e0WJZ3NYLR5m5nJTJc0G\\5`0TJn3n4e1QKVJg65[I]46SKl3Q4lKlM1]Ng66ZI_44SKl3l3SLmML^Nc0G[5`0TJP4JkK;Gh3j3XLnMI^Nc0KYO0j5=\\J`3J]L1GOO5MN21O80o2k3QMmMH_Nc01S57\\J`3J\\L2HON30N02O0000W3j3SMmMF`Nc0KZONk5=[Jb3I\\L2HON30N02O0001V3h3VMmME`Ni66ZIS4HeK0N4ON02O72o2e3XMoMC`Nj6LQI1:i4KUKe03^2`3^MQN_OaNR7JUI9ER41nK2G8;h2Y3cMPN^ObNR7JUI9Ec3O_L2HNO4N8<g2X3eMoM]OcNR7JUI:CS49eK>8]2Y3gMoM[OdNR7KTIk4KVKb06[2[3gMoM[OdNQ7NSIk3F]L1N7J>4^2[3hMmM[OeNR7MRIl3F^L0N5M?1_2Z3mMjMWOdNe7:SHV45fKa02^2Y3SNeMR7QOkGY4NgKe01^OGh2`3]NeMP7ROlGd4c0ZK[O0h2Z3`N\\MdN[O[81kGe4?\\K^ONi2Y3`N\\MdN[O[81kGg4OUK59GHj2[3bN[MdN[OZ82lGX4JmK3GM038NI2M1OX2`3oNZMeNZOW1MUO0T66fIX4JmK3GM038NI1N2OW2^3ROYMdN\\Of1Lj46fIi3I]L2N2HN021L12O1N10W2]3TOWMV7@dGY3GnL2H8NP10a1Z3gNVMU7CbGMF40i2f2RM6Z3iNUMU7CgG0A:N02?0_O3Ih5W3hKUMU7BiGO@<MO40MO3N3Gi5[3eKUMU7ChGN@m0ON1_OV6P3]KUMU7ClG^2^5i0bKVM_5@^J3kNNFb21]Mg5Z3kKTMT7EcGNH`2m5h0gKnLU7N]GMKX1LFQ6X2m4oL[EKLg0M^O33KOV6o2b4UM`EFNa01A0K32R6V3\\4VM_EEO`02B7KC2Z6V3\\4VM_EFNb00_O2KJ8LNZ6R3e0hLjL?aLENk0HWO88INR6l2LiLnJ0k2>bLEMl0JVO1=OIR6k2MjLmJ0k2>cLDLn1I[N4Eh5V3T1iLiL?oLIBLJ8Ne00QOj5T3o4ZMmEFO4\\Om0i5n1m4]MPFCO5[Om0i5m1lNlLW1c0jJBO6ZOm0h5m1n4_MRF@N8XOm0j5l1n4_MRF@Nc1R5^1m4aMSF^OLd1^OXNa5T3R5bMTF\\OM_1XOcN4La5T3j4nLcEf0f1g0ZNcNj5R3WMlLW4o0]JXO^N4NLY6l2gLoLU4o0oIoNWO1M6MLV6P3cLRMkMK]5S1lJoNWOOO5NMU6P3`LUMmMJ]5S1kJoNVOO14NNT6o2_LVMYMG90F2U6S1iJoNXO1L41M<LR5Q3WMWMWMG30O0N1V6T1hJoNXOa0JFNF:2:LX4S3PNVMVMH3OO2N0U6U1kJlNVO24KM6JI40L4a0MX4R3TNSMSML91F0U6U1\\LjNjMOH0?1X4Q3XNnLPM182EOV6V1kLiNiM0R4Q3_NmLoL7LLT5MVK[1_2iNjMOS4P3lNUM[LNU5LVK[1`2gNkMOR4Q3mN`M`1^OUK]1`2fNlMMR4R3YNlL^M5]O11MX5OUK`1^2bNoMNP4R3XNPM^M1_O12LW5OUKb1^2bNWMKb02V4R3YNnLfM3YOKh5d1RM^Nm2Q3\\NmLm1c1h2`1`1aN_N^1c1cN[N\\1f1fNXN[1g1fNXNZ1h1fNXNZ1QLoLo0g1o2[1QLmLQ1f1P3]1h1]N]Nc1d1RNfNn1XOmLdIP1X7S2QOPMgIm0X7S2W1lMjNT2V1kMkNU2U1kMkNT2V1iMmNV2U1dMQOX2eLUMQN<`5_2UISM]M4g1OmM>^4F^5e2TITM[M7e1a0_2\\O^5h2SITM[M7g1?XN\\OKOd30W6k2RI[MoL2Q2<RNDOIf3OV6l2SIfMQOAnM1O135NHT2M_9m2_GeMPOBnM1O126OHS2L`9m2iG\\MdNR1j;b1cE]MfLLV1^1a<Y1dEVMbL>l0^1n<n0dEVMbL>i0a1Q=k0dEVMbL?:^OOT2a=i0dEVMaLa09^OKR2LoMU2M_9m2kGmMiLYOIR21mMQ21`9j2lGVMaLc07\\OLQ2W2PNY9j2lGUMcLf02YO=n0@UOj2Mj8k2kGTMdLh0g0XOj>l2kCTMeLi0[`0S2WCPNf<P2ZCPNe<Q2ZCQNn0TOo6k2RHRNn0TOP7j2SHRNm0SOP7k2YHmM]<S2dCZNn;f1SD[Nk;e1UD[Nk;e1UD^Nh;b1XDeNa;[1_DgNUL\\Nc01_OOS>m2fEnNULYNN027S>b2iEOU:1kE3Q:MPF2P:NRF0n90RFOo91PF0P:0PF0P:0QFNP:2RFKo95QFJP:6QFHoM[Mk9m2VHGPN\\Mj9n2UHFR:;mEDT:=kEBV:?iEAW:?iE@X:a0gE_OY:b0gE\\OZ:d0fE\\OZ:d0fE\\OZ:d0eE]O[:d0dE\\O\\:d0dE[O]:e0dEZO\\:g0cEXO^:h0cEVO^:j0bEUO_:l0_ETOb:l0^ESOc:n0\\EQOdNhM_9X3lGPOeNhM_9X3mGoNd:S1[ElNf:T1[EkNe:V1ZEjNf:V1ZEjNf:V1YEkNh:U1VElNj:T1VElNj:T1VElNj:U1VEjNk:U1UEjNl:V1TEjNl:W1REiNn:X1RE^N\\LZNc>X3PEnM_LhN70[>Z3oDgMP<[2oCaMU<`2kCZMX<i2gCoLa<R3^ClLd<T3\\ClLd<T3[CmLe<T3ZCkLg<V3XCjLh<W3RC[LgL?Y`0T3oBQMQ=P3nBPMR=P3nBoLS=Q3lBPMR=R3nBlLT=U3kBjL2^Oj9h3TFjLV=V3jBiLW=W3jBbLkLH[`0f3ZCXLf<h3[CWLe<k3g30Z@WLU;j3QCULQO5l=f3SCVLQO2m=i3PCULk>l3f@VLVNNf4N^7o3dE[LSNHb41\\K4W1O`9i3iFQLlN:GFa4?WLDZO36Mk9l3hG\\Ll23PLH[OO6Nk9l3hG[Lm24nKI^OL40HMm9o3cGQLeN:c44mKJAIK1M21Nm9m3oGYLo2LSK2i01AJJ1N10Om9l3PHVLS3NPK3h0OJM_O1V:P2hEQN0:NN43n1CS30PK1k0N\\:b1dDcN1O;N0Oj82_2^1\\DiN=FX94PGLV:n1ESNlE2FMb:m1bEWNn9OUF7KGW:k1hE]N5L2Mi8:mF02G0NR:k1oE]N6K0Oh1Mm4=QI03F1MR:k1YIYNS3c0_I_OOM5N^:o0_EA\\3Fi2h0lITOQ;f0TE\\Ob0LC00001h0NnN9l5m0]5UOiDI62>KD0O2O1h0NoN6n5n0[5VOgDM7NKM:MO1N1028KJ2E6m5o0[5VOgDN6NJO;JO2N0137KK1E4o5Q1SJhNo:n0REK5YO17GO906KJ1G3o5Q1SJiN20d:m0ZEL5ZOOb02C7IK2F3P6P1RJiN31c:l0[EM3[O1`01D8GK4D4Q6n0W5YOiDJ4a03[O01IN103LN9k0KRO4Q6m0X5SOoD0Mb0MZON21N110N012MO5MMl0;V5a0nISOZ;6lD2Mc1MWN210ON8f0D^O=o5b0mISOY;[3gDWM4]O90G<o5g0T5Q3kDmK;OF<P6h0S5W3WEfKE;Q6i0R5V3XEfKE:R6i0T5Q2QE[M;2a5]OPJ7j;0oDM\\1OaN>ma0CgA<[>BfA=Z>EeA;[>FdA:[>GeA9\\>FdA9_>CcA;T2O^9F[@8P6HgI=m?D[@1W6c0]9\\O\\@0X6d0WJ[OW>1[ANX6f0PJZO^O3P<1PDO]2Oc4e0aIBEKe:MWE00b0N_OO22NO101N10N900Oi6e0RIYO8:IMg:JaE0C50N:NKNN210OO10d01Z6e0hI[O\\O5Z>KiH?e8A\\G>d8C[G=e8C\\G<d8C]G=c8C]G=d8A]G`0Q`0O100O2M2NRHGYH9f7KWH4f5ITD0bN6h7KcNN<0iJ0aN6U>KhA0m82]5MfA1m8Og51X53Y\\ONn2Nj`05W\\OMm21l5Mk15aH4^2GVM2^7NjE5S35]2IWM1j4LdJ3jM2T35^2HVM2j7LiH7\\5Md5O]J0j>000O2\\LLZ_O5d`0Ma^OMfM5I3o>KRAM`43]N2RM3n>MQAMT85j6ORALU84b1J[K7lJLW83a1NYK9V3Ia1OXK8W3J`1NYK8V3K[HL^81QL8V3KZHM_80QL8V3KZHM_8OSL2nJMV85\\HJ_8Nj47k9000EIlXO9g0Lfd0LdZO6L3g0NYd0HQ[O0M5Oi0h0\\OXOHZe01hZOj0f0]OXOHUf08eZOMee0NaZOKUm12fiNOiAO`40VJ3gH0ae0O`ZO0ae0Nga12__N2PO0`YONN4[c0K]_O6WMNO2i9KXFOm80lI6WMNO3h9LWFMV<1QDNN5e9Mh3N\\T23YgMMn45QKLhJ1n54QFKR90oJ1o52QFMQ9Oa50UO0R:2O2M1DMkXO4f9JWO1QJ5QM<OEg9JXO0PJ5SM=MEh9HXO0mJ6TL3Rg0LnXO5Qg0JPYO8nf0HRYO8nf0JPYO6Tc0Dl\\O0V24ZNLE8I5V:CdN1WG1Q28oMG73Ji0T:SOkE2h80YI8oMG73Kh0Z:UOl01VE2I4F5df0FlYOOB:eb0ERA0jLO@<cb0GQA1jLMA;db0Ho@2jLLD3LOfb02[]OKU20VN3E03M3801LI00U:NVFO\\7<kIF]N2017d1IYN31Q:0VFN^7;cIEhN:L2Oj00ZO3_O32R:OUF0^7;`IGiNX1NhN37116F\\b0<_^OHlNU1=lNI4nb08i]OFROo0b0lNH5lb0;g]OEROP1d0jNG6lb0;h]OEPOT1`0iNI3ob0=g]OR1TOZN3801T;F_Lh0VIP1QO\\N283NV;GjDO20N0l6h0PJ]OQON0:OH1OO11M291OV;GjDO20N0n6f0WL\\OmL4Uc0?Z@^OnL0Rb0a0QA]OmL4Qb0?hACV>>iADU>>hAElKHd:L_Li0PMDkKLb:IgEO^6f0`MDiKMc:IgE0^6d0cM@W>>g4O1OO100000000l_O@i8>WGJf82kFEbI;^?EX@;i3D[L2^24dM7`7C7a0kKAYL4^24cM4T7CVIO`7b0cK5eLYO:46L3P1^6SOU1?RK9eLZO76KLNN`0n0d6POU1>SK9eLZO84LHj0R1U6ROV1;dKE_N1bM028T7GTIMd79^OOLJQI1j7O[O3LMnH2X5LoL1P54LLmH3X5LoL1P54LLmH3j7N\\O4MKmH2f74kNKfI5k6JnH0h70oG2j6OfI5l6IX10lN7V`0O1001O0]HIdDO^K1O29MY19V>0YDHWL;EO3Ni0I@8_?OiD1^KKNL52k00\\O7`?HS@2^74f8I\\G6e8I\\G4Q22oFNi<NYLa0_FDW=KZLa0_FD[5Kd12_I0R9`0_FC\\5LFNgL3eN2R92cFNM1\\5LFOfL2fN2S9MgF2H1X=OiLMR12UG1Qc00n\\O0Qc01o\\OOQc02n\\OOPc03R[OK]13Uc0MY[O820d0ID4]d0JZ[O82Lg0N@4kd0KT[OLf01UO0N9e?G_G4kH5f?G^G6lH2e?I^G6mH2d?H_G6mH2d?I]G6nH1e?JhDMkM?gMJh?GgD1PN2gM4S:Hn22VMO]=0O10000O2O0001N2OeV1O[iN4]KMSA4]c0Ohhn0L[WQO3N00O10000Obg62\\XI2O0O100000O2MfYl0OV^@3oWC6HFgXO4L0^g0290101Nke6NhbH0nf0V1\\OJ8_O`0@RXP1"}, "iscrowd": 0, "area": 178813.0, "score": 0.4739893972873688, "bbox": [22.0, 13.0, 956.0, 755.0], "category_name": "bluemussel"}]}