{"images": [{"id": 0, "file_name": "images/blue_mussel47.jpg", "width": 1024, "height": 768}], "annotations": [{"id": 0, "image_id": 0, "segmentation": {"size": [768, 1024], "counts": "Z114`1T3XOYNXOnN0Fg1\\1ZNlN2o03W9JaE`1T3XOYNXOnN0Fg1\\1ZNlN2o03]9X1`HZOhNXOTNg1]1YNlN2n04]9X1`HZOhNXOTNg1l1ZN[O6^94YEH0c0W31hNYOSNg1m1YNZO7^94iE2g2:hNYOSNg1Z3`N[74ZEE;3E0W3d0gNYOSN\\1NkNZ2IdN7i9;dE^OW3h0cNc0nMhNZ34[7;XI7TNZOjMR1j3ROP7<mEB[2e0UOVOkMU1i3QOo6>nE^O[2h0YO9_1UOm6<YI4\\N<]1TOn6<YI3]N=2mNgN7a9;ZI4\\N=1oNeMMl08g9<[I3\\N>0nNfMMk09h9<ZI1^N`0NlNjN6_9?[IN^Nc0MhNlN8]9h0TIEfNe0WOhN54i8n0SI@dN\\OhM[12fNX11>3j8o0RI@dNl0ZObN64h8n0VI_ObNl0[OdN43i8c0^E_Oi3:aNm0\\OdN14i8P1ZIXOaNP1ZOeN23a8JjEY1i3POcNW1UOcN52_8^1cI^NkN_1mNbN71`8d1WLIRKbN`NM40V12n8g1ULIRKaNaNM40V12n8f1VLKPK`N93l7JkFg1P6LPKaN75k7ImFe1Q6LPKaN66l7HnFd1P6NnJbNnNJj0:R9\\1nEZNP6e1TJ\\Ne07WOLQ15R9_1fE_NZ5J\\Ki1_O]N8KN8JJS13T9k1mJQNZK^2@dM67JJU1MW9P2iJRNYK^2_OdM85KOP1H[9Q2jJQNYKh2F_MMKQ1MY9P2jJQNXKj2F]MNJ0Jl05\\9o1mJQNWKj2F\\MOKOJj09\\9l1nJPNWKT2B[N5G0Jo02V9n1mJoMXKT2DYN3JNHU10R9T2kJlM[KS2HTNO2KFX1Oa8OaFX2h4jM]KS2ISNHIN<2EX1O`81aFW2h4iMXKNFU2<QNEKN<2EX1O`81bFT2i4lMVKOES2`0PNG9KEW11_8OeFS2i4mMUKV27jMF:KHS11`8NgFR2i4mMTKU2h0TNSOIn06nNGP:T2VKkMTKW2e0UNUOJl06nNGQ:Q2gK2oJkM\\O`01Ik00UOFm9T2dFlM\\4S2iKoMWO`03Kj0I\\9k1VFYN3O]3b1PLZN:L21E`03Kk0G\\9j1VF_N0M^3a1RLZN1K237OF`03Kk0G[OMc9k1eFbNNM_3Q2QLiM:MG?4Lg0J^OJc9j1dFeNNJa3_2VLXMM?2Mf0L^OHd9h1fFgNKK`3a2_LbMIOe0N\\OGe9e1gFlNJHEFc3P3]LRM1NO745e0M]OHd9S1WFROc0c0ALR3S3hL]L85g0H\\OMa9T1VGHROMR2WO`No3[OUL86i0FZO0a9R1UGLPOMR2VO`NZ1ZOY13`M86Y1F[8R1TGMoN4n1nNeNR4\\ORL:4Z1GZ8Q1UGNoN4m1mNdN^4ElKk0GYO0d9l0TG1oN:g1hNhN`4EjKi0J\\ONd9h0VG4mN;Y2Y3kMiKf0OZOMf9b0YG6kN<Z2X3kMhKg0OZO0c9>]Gg1?cMhNb4IfKe00]O0a9<^Gi1>dMgNb4N`K7LD8:LZ9?^Gn1;cMhNb40]K6OB7?LV9>`Go1:bMiNb40]K6OB7?MV9<`GP2:bMgNe42XK71A8>LW9;aGQ2:aMdNh4k0WKQO9>JY99`GU28`MdNi4l0UKQO=<G^96]GY27_MdNk4LSKT1:[OK\\98[GW29\\MfNn4JUKV11\\O3Z96SGCROf2=[M=N[OZ5R1fJ[O9X8HbG0DO3>k0_2]OXMh0V53dJ]O;_OF_83iG4I7k0`2WO\\Mm0R54cJ\\O=]OI_8N[H;5DPOf26dMm0Q54dJZOg0n7[O]H::Z2oNfMm0Q53fJXOg0i7TOPH6e08<X2oNhMj0T52hJWOd0l7RORH4e0NVO5V1_2nNhMj0T52iJWOb0V8UOfH06d2kNhMk0S5F`J@;5>l:k1nD`ML0P1[5DcJ]O;=9h:m1PE_ML0o0]5CdJ\\O80E<e0k:m1PE_ML0n0^5CdJ[O:0C=e0k:m1QE^MK0o0_5BdJ[O>>3k:m1PE^ML1n0_5BYKILl:h1eDeMi1^5lNZKKJm:l1TEaMc0_5BdJ[O<a05k:j1kDdMK1P1[5MlJE:f7^OTJNkM_2LnMl0Q53fJC?a7ATJ0kM\\2LnMn0c4nNXKV1ID2^OOQ81TJ0lM[2KoM1Be0]5<eJD2[O3S8MUJ0lMZ2LoMn0P52fJCb0`7_OUJOmMNH83]12fNl0Q50iJBa0\\7XOTH4Z2LnM1F87Y1NjNm0R5LkJC?c7]OnJ3WMR12jNC0U1Z5KkJBa0c7ZOQK2VMa0GD=GCOT1]5IjJCa0b7ZOgKa0[L@g1NYN\\5j0gJDc0_7\\OiK<aNDiMY5k0gJFa0[7@jK:bNFhMX53gJ6O9b0Y7AlK7_LDb15WNW53iJ6M9d0X7@oK1bLI^15WNW52kJ6K9e0Y7@iLKeKOn04iNW52lJ7I9g0X7@hLOaKOR1OkNW55iJ4L:g0U7AhL6ZKKY1KnNX5k0cJIf0S7CeLf0fLVOmNY5l0bJJ4VO8k7NdLg0hLTOmN`0LP4o0[KK3\\O4e73cLh0iLSOmN?MQ4n0[KL2[O5e73cLg0jLTOlN`0LP4o0[KK3YO8g7NeL<dK^OV13jNZ5j0aJMe0P7BfL;gK]OS16hN[5k0`JMe0P7]OkL`0QMC]NZ5i0cJLd0S7XOlLf0`KZOS17jN[55^J35;e0n:\\OQEb0^OYOV16lN_5J`J44c0`0m:_OPE2ZO<Y1_OVOf5C`J9FNj0n:TOTE<8MA=U1AUOf5B`J:FMk0P;ROSE>7JE8Y1GoNf5C_J8D2n0l:ROPEa09HF6Z1HnNe5D`J6E3l0m:SOmDd09EI6Y1HmNf5E^J7F2l0m:SOlDf09DI5Z1HmNe5G^J5G3k0\\9YO`GMjNg09CH5\\1FPOc5FYJl0f0d8@bGJiNm053Y1TOWO0Dk4S1gKU8DdGj0oNMY1SOZOLEOFi4[1WKfN:OF\\9=gGi0mNlNOn0X1UO^OLFMFk4Z1WKgN9MI[9<iGDlNn0ORO8c0KYOV18\\OLHLFl4Y1VKgNc0W9KlGBlNU1<[OP1GTONNg47SKJ2@d0X9ImGBlNU1=YOo0KRONNh47QKJl0i8DSHe0TOXOQ1JQO1Jk47nJMk0i8FRHc0TOXOR1HRO5EP57hJDN5m0P9HRH`0TOSOY1KkN=Am4:mJHJLb0W90QHf0mNlNb1KjNN_O;0X10T28PMIMV92QHU1?VNdNLI4LR20e17oLJNU90SHk0jNbN8Mn02ROLJX62bJJNT91THj0jNaN3NJ3X1OSOLJY61aJJOU90UHi0jNaN186E?4ALJY62_JJ1T90THS1kNnNe0ZOBLJZ61\\JN2o84THR2@WMCMIZ64gIJ1123a0k8:jGY2LkLDMIZ6c0iI@c0h8<XGlN7c32bLKNHa1NS3g0]K^O7NGO0h7OWIU1QOnN8a34`LLNG_13cNL[4f0cKANJ53KM3g7NYIS1SOmN6d34_LLNG`11U3b0]KCc0`7[OZIOPOm05RO4^3FfL>0LOF\\6c0dIEd0_7\\O_Ij0PORO4_3GfL=0LZ1Ge3b0PKDe0_7\\O`Ik0nNQO5f35^LLa6K[I54Me0]7]OaIQ1ROa26\\LLb6LZI55Ld0\\7C_Im0SOa27\\LMe3HnN4XM54Md0[7H\\Ij4]OkJNd3JoN3XM16Oc0[7MWIe4BkJNl2LmL0:1?OP1<^NFc0[7MWId4CkJNl22SMGK4k0Kn0a0[NFg0W7NXIa4FkJLl23SM1a25_MFg0W7NXI`4GkJLk26PM2d21_MFi0V7NXI`4GkJLk2j0C_O`MGi0T7OXIa4FhJOk2i0E@^MHh0S70VId4FfJOk2i0I@XML7B8^7;UIg4FbJ0k2i0L0ZMWO4U7c0TIf4GaJ1k2i0NOXMWO5U7c0lHUOL`54bJMP3j0IO\\MSO5[7?jHXOM\\56cJJm2KUMo0i2OmM^62kHXONX59fJGm2KUM<L5n2LSMOj0P70kHZOMW5;fJEm2NTM9O6j2<oM`6NjH]OMT5>fJCo2NRM9151_Oc2o0TNa6ElHJFP5i0fMEVM0LE1N2NQ2o0dNa6DkHMFk4m0jKUOk0;YNB2j0L@k1g0mN^6DkHNFj4o0jKUOj0:eNg0^1LlN_6DjH0Fi4n0kKUOj0;eNf0]1OVNnN>_7LiH1Gg4n0mKTOj0<dNe0^1;]NS6LaHJ7>Ge4m0PLTOi0=cNCCk0k1h0WNn51kHa5>`KTOg0>dNBBl0j1c8YNmFa5?_MC`M`0T1c8[NbFK2j50XJ;U3N`M?R1e8cN_Fa51YJ<5B_2>PNOWONg1W9aN_Fg51WJ:R31aMOYONd1Y9`NaFf5O[J9Q30bMOZOGi1a9XNbFe50\\J7T3O_MKc1X9eMbF55a0MV44YK5V3N^MHg1]9`MbF55a0MU45ZK4W3M\\MKYONX2]9fMdF8Nb58[J2Y30XMa0S1h8S1]F:8oL19I_2?\\Ml0R1W8_1aFWOMlN7WOO7OGLc2>^MW1R1l7d1cFTONPO5UOO61JIc2>]MY1R1h7g1eFQOOPO6SON:0IHd2?]MX1Q1f7i1jFmNMSOb0^O@GJn0Ob05]N35_1P1g7h1dFUM0h14TOa0_O_OGJm01a03`N34_1o0h7o1dFfN3UOb0^O_OGIn01a05^NO8c1k0g7Q2bFfN3VOd0ZO@JIb28fM`1g0f7P4dFnKd0XOBKHc27\\MH0l1P1f7m3aFQLd0WOCLHb25^MIN5N`1S1n7:^FP23dMc0WOCLGc26bMNH_1S1j7mNbF\\12o12eMc0YO^Oh22XMKK`1o0k7=hFLK<5WOc0]OYOg25bMZ1>m7<jFJL>2XOc0]OXOh26aM5[Og0R1[8oNdF6Og07:N>0YOb0g2^OoL7ZOg0R1Z8oNgF5Lj0680kNL\\13Ab0KYOP23YMM;f1?h7QOkF3Gn076;6CDb0@\\OB3f2NXM0>i19l7?]FO?5@Fb0@^O_O4h22eMe19j7ZOYFQ14Ne0;YOGb0@KU2IgMe19P8:WFOe0;YOGb0@KV2GhMf17R89WFOd0<YOGb0_OLW2FhMg16R88XF0c0=WOGc0_OYOD<e2LfMh17S86UF3LUO>V1BGc0^O[OD;e2KgMi16U8P2SFM=mMOX2ChMi16V8Q2oEMa0hM1\\2AhMg1ASN`0U:W2lENa0eM5\\2_OiMl11S8X2hE0e0bMFF2f2LjMl1OT8X2gE1e0eM1Z2CiMk11U8T2hESO1UOb0A^OF;c2KjM0B5Nj0`0S9f1hERNO^13UO`0B]OG<b2KjMICO1;NINk0`0\\9e1gESNO]15VO<LJP2JjMJJ;GIMl0b0Z9i3mEULIJb0`0Hn1JSNOUOf1a0m8A[E`31aL8:KI5KKi05n1J^MN8U2Nc8U3ZE`L8:KJ2NJh08m1G^M2NM1X27`8T3lEiLDLONKh08m1G^M2MN2X26_8T3nEhLCNOMKi0OUO1i2N]M2NM2X26_8P3UFeL@4LMLh0MXO1h23VMO?R2Ma8j0XEm0^1RNlNLKP1Lj1;eMl1K`8Q3eFhLmN1Ij32hLR2E^8S3gFdLnN4Hi0On11lMR2C`8T3gFaLPO5Ha00YOOm3P2_La8V3gF_LPO6J?4W3JTL[1OoN=V:U3hF_LoN7L=3_3LlK1Oi01]O>W:T3gFbLkN72:0a3KnKR1MWO>W:R3iFUMlN2L[2OYNl0iNYO<\\:o0_E;Y1mNlNOK\\21YN0eN30N109N9_:m0aE:W1oNnNT3L^M0eN3OO10:M9_:l2`F`LTOk02T3K^MX1WOV9k2kEgLMU1Md2M^M[1UOQ9n2kE^NKR2MWM3jNY12mN0S:]3iEaNNS3MoJ4LY13mN1R:\\3hEeNNW3`1gJhN1S:Y3hEiNOV3\\1gJjN1S:R3eElL3V2O\\O3`0IUO\\1jNfNN63U:R3eElL1Y20WO7a0FUO]1jNgNN44U:R3dE^O2kN9n1U1dLjN4Q:h5gE`K;fNCQ3c1mLgN5o8KdGm5UOaJN7a0\\OAj2OVMc1OfN6n8KeGe1UOZ22\\LL;?ZODm1MjN0[Oc0M90^O7m8JgGc1XOY2N_LL<>[OEi1NTO`0PO:2]O7n8HiGb1^OS2HYMKUO>1Df10WO0mN74;8[O2k8C^G1g0a1Do1C]MJVO?0Cf13WOJRO30N0102OMk0i8SO_G17NNc19lN]O[24TNIWO>2Bf14\\OLTO0G3OMk0j8RO^G27NNd19hN@_2ORNMXO;R2FCL[N:i0l8TOYG0Mc1=cNAd2JPN4WO3Q4HnK?3_O<b4@N1nK0Lf1P1W1gNeM>^OJ[3GhL000O3M1072G<U4HiKN^4OnKNNh1E\\NQ1j2QOcM>@CN0\\3NhL1OO03M1O83F;V424EQLLMP2g0o0RO`M=CBN0d3NgL3E`02_O;V415FPLKNP2g0P1RO^M=F^O10]21nN3aNa00_O=U414G_Lj16Q1SO[M?b2^O_NT1QOS305ImKLOn1h0P1TOYM>e2_O]NT1QOR314KkKM0n1h0o0SO`M8]2H^NW1jNo2711fKJ6m1h0n0SO_M3^ONn21XNNlNZ11o2:N`0kK[1OlM`0h3@YO2hMNSO21W12o2;Mb0iKX11mM`0i3_OXO4nMNnNk0L_O5n3;N>lK[1NnM=T7GRJf0cN@7l391<lK\\1OnM:W7HSJb0`NC9FJP4<:;lKZOJa10cN3N:W7HTJJcN4M64L<h3O=:lKYOM_1NfN3N8W7I[JLZN56N;h3M>;kKYOO\\1NfN414X7H]J7]NK:g3M?<jKYO2X1MeN67Oo8JkF1NO:09h3L`0=hKYO6T1:POE_3IcL1O1P41hKOO04MM3b0g3Kb0=fKYO8R1:SOCn0I50_O2^O100P41hKO0O3NM4b0e3Kc0<hKXO<n05ZOBl0I60@0^O3O0Q40fK11N81;f3Jc0<hKWO?l03_O_OX4MG9SLJ6e3Hc0>hKUO`0m01A^Og20SNLd11fN5oNM6h3Eb0?gKWOd0g0HWOC>1f0Li05Z2L[M:iNJ<e3Eb0b0eKWOg0c0D0F>07NlN5o3MRMe0kN@a0c3Eb0o0ZLB[OX12lM0Z1OoN3o3NmLi0mN]Oe0`3]Oi0X1TLf1^OnLOl0M_O2M4T1J]16ZMJ21=l0_O]Of0^3[Om0Z1QLgN\\Og22VMOe0O[O0;0M3R41hKJ31=l0_O]Of0_3ZOg0NcK\\1e0fN\\OOO[4NnK1S44eKLl0h0VOWOM3h0d3ZOg0NcKk03\\Od0ICg4EG:cLERO?T1Y3lNf0MeKf07@o0a4gNH:iL21^3hNc01dKg08\\OP1e0hNb74WIOGW8KgGQOW1b0jNe7M[I2DX84TIROfNi4MjJOn5Y8]KVIPOgNGOn3KmK372ILR6V8\\K[I`NcN522Ol3MmK056MHS6U8YKgIfNZN3Ol33TLNLIR6V8SKoIiNSN6Ol31TLOLIR6V8RK\\JPOfMl3MVL2S6n7kJRJmNlM45k3MWL0S6P8mJkIj3UNVKOU6P8mJ[IcNlNU5HlJO=NR6T8oJYIcNiN^3JVN2]NOc0Oc5S8WKcIP2ZNVN1b5R8WJeIS;[6lDgIS;Z6WDlG]O10R2Z<P6XDoG\\O10S2Z<l5[DXH[Ok1\\<l5[DXHXO;2g0\\<e6ZDYHYO76i0`0hNe3OmK4JMW6n7^JZHXOOOK<U1:lNe3NmK3LLX6m7\\J\\HXO1`0n04lNg3LnK4[6i7RJ_HYONb0n01nNe3LSL2Z6i7PJnHM>OnNg3JTL3Z6h7oIXH]O0O5d0o0KoNh3JTL2[6i7dJTH_OW1HmNg3LR3k7PKZIXNmNg60lHNj3k7\\NXIYNlNE1b67UIKo3i7\\NXIXNmNF0`6`0VMY7]N[ISNPOHMa6?XMY7\\N[IRNQOIL`6?ZMY7[N[IPNTOJI_6?fI@Y3i7iNZIoMUOJI^6?hICU3f7mLXH^1P1aNUOKJ\\6=lIFQ3f7iL[Hd1j0bNUOIMd4OfL5aNM>2n2f7iL\\Hf1h0QOSOj35fLNfNL=5^OMY3g7oL^He1g0SORO_30fK7Y1N]O0TON[3e7mL`Hf1f0ROSOj35eLN^O0UONY3e7nLaHe1g0QOROl34dLO]O1VOMY3e7lLcHg1e0aNUOJMb44dLO]ONj2d7`LeHh1d0QOROl35cLN^OLm2f7\\LfHi1b0QOSOk37cLL\\3a7\\KgHi1b0ROROi3:cLJ]3b7VK_H05P2c0LTObNOd13YN1KMM11;X1F`3i7TK_Ho1c0LSOcNOc15YNOLLN21>>@12X4f7VKfHk1b0a2ROkL=0Cd3e7UKhHj1b0ROoN_21oM<MEd3e7UKiHi1HUN`0<[O0MI0Q31WN2dN2Y1Md3d7SKlHj1`0XOnNc33\\K2W1Mf3X8oLfHk3_O_KBi3X8nLeHi3B`K@l3W8lLYHVNEa5<h0e7aKYHXNE^5>i0d7aKWHZNG\\5>i0e7`KSH`NIV5?j0f7_KPHeNIo4?S1g7ZKkG^4<:i7j1VHVNn7WMfG>;\\2U8jL_GaL3:NP34jL7MD_6b8lL`GcL1;No25kL5c6Y8aLgGa0I^L1e6_8jK]GeM;^3G`LNg6c8dK`GdM9_3Fj3b8mH_G^10]N7_3Gk3c8fHeGb1HbNOa32f3d8ZHnGb6^OU1\\9jNdFaN2\\MZ9R4dF`N4^MY9Q4bFcN4]MY9Q4aFcN6\\MZ9V9fFjF[9aMaF_;4PG[9`McF^;3VG\\9H^FQ31cKOW1:`0j6[MTKV2kMd2M`K3FNg0O]1;b0g6\\MVKi1gMYN7f4I_K5FNh0O[1:e0g6[MVKc1\\Nc3^OjJMf02Z16i0k6WMYK_1ZNl4\\OeK6j0i6WM\\Ke0dMHh0m5YOeK5k0k6TM]Ke0eMCj0T6SOfK3m0o6oL]Kf0fMCMJb0\\6[OnNf9WKaFDMN=]5_Oh0f9QJhFLF00I2c1JV24a2b9nI^FI3g0I[O5`1KU25c2`9`K`FHKU24d2b9^K`Fd3LQ1c9[KaFd3K^KOd4c9\\LcFb3KS1`9^KcF_3MT1P9\\I[GR2IPN1n;f8RD_GQ27Q3_Oc1i8[I`GR29P3]Od1i8ZI_GR2?h9R8VD^GQ2c0i9n7VD^G[1LkN3Le0h;n5UDUK1YNZ1NfN70a0i;l5XDSKOZNY1b1^:P5\\DTKLXNo00ROm1d;g4aDRKIZNP1V2R4gM`1e6fITKHZNP1Y2o3eMb1d6hISKHZNn0\\2o3bMd1\\6^IkI9a1HZNn0]2k4aMK\\6\\JjI8b1HYNl07SOP2i5kMJY6^JiI:a1e0dNQOn1`;S4`DjI<_1c0\\NTO`2^;dMaDl5MUJ`0\\1h0FhN4^;fNmDi5E[J`0\\1i0TOjNF0X19^Nk:e5iD_J8KNa1S1eNhNO1M30N07`1M_NT;`5gDdJ51I[1i0_NE5FMn0^1d:Q4\\DdJ6c1`0YNa1U1^9Z4[DfJ5b1a0YNd1R1\\9\\4[DfJ4c1a0YNFO]1U1@kNc21_2Z5fIiJ5d1?\\NC3L1N220JP1W1jNg2Lf2P1`IPOOi31YL5g1<_N^O4N_2S1]Mh2HS34[I01c38QN1P28jLQ:_O`E00e35SNNT2:hLQ;Q3fDTNOS26SM\\OTOZ;b3SEVN0R25^M\\OPO4E`20Z5e3^HYN3P21]Nk1gMb5c3`HXN2R1AmM?c1AcMS20j5c3cHUNOU1AmM?FBW1O[NP2Ol5d3dHRNOU1CmM<CKf1`1oMS6d3eHQNNV1ClM:E6O@m00hN1L22m01d1N_MOg4i3XKWL7i15YN@Y20RN3=5Af00WOo0L[Oo0^Of1N_M0f4h3XKYL7g16WNCY1NEO_O4<4\\OP11POk1f0RNo6f3VHYL6h1NVN5j0DC3>OA4;2[OT10PO1D`03KN8i0\\OS7g3WHZL3h1OWN59HN2O11K43L4=0\\Ok1?RNJO:e0]OT7h3VHZL1j10UN2MM<O0ON40K33N3<2[Ol1OoM56514?Dj1NcMOh4j3SKiN4<NkM5ZOQ21PN2<I<4i6]6[H]M3WLQ2OQN1^12c0LiM0M0g4_6\\K]M4VLT2LoM3R1`0=]OaN3H0N0f4^6]K^M3VLU2JPN3P1h0gNWOY11hNh0MYO2NU4_6mK^M3WLc2KaNS1MROhNW11eNn3^6VL_M3WLj3KPLX1n0g0n2_4XL`M3WLa34ULT1j0g0R3Z4\\L`M2WL_3l1dL`0Y3l3cLaM2WL[3W5GQ1lLbM2VLZ3g5YOMSMfJ8a33TLX3l5]LQJc2j5]MdJ8a34SLW3S6nNF_MbJ:c2E[M5J:MT3S6oNjM_MhM1eN:c2D\\M7G:OR3U6mNiMcMgMOeN;d2FXMl0Jd2U6mNiMcMgMNfN<Q3b0eLc2X6jNfMfMgMNfN6V3i0_Lb2\\6hN0lMUMk0`L`2\\6hN1iMUMo0^Lf1KhM0Ja6Q2j3gNkEd1LhMOLe6k1f3mNjEc1MjMMKg6j1`3nMkEQ14`1MWNf6Y1]3UOPFS1KkM28NNi6e1\\3XOPFR1KkM28NNj6d1U3TNPFX15W1LmMOLP7^1]OXNTMb1aLk1P7YN_M[NXM1g1i4`L[KZ7X1VMeNXMOh1Q5j3[LVMfNgK2Q1MV2P5n3ZLRMjNgK3P1IY2P5WMPKm5Y1lMmNfK1Q1ISO1h2n4fMRKn05o2R1KhNeKM2:o0JZ2n4XMRKo0N_NNb4X18QOVLKZ2n4V4SL\\MoNWL0W2e4fLZKa70[Hl0\\6VOSMV3bLnM6gNe7m0aNXORMU3cLnMU8DVNYORMa4h4VLVNYOQMb4j4TLUNZOQMk3cLUL07W8>VN[OPMk3cLTL274Fh7f0aN^OnLk3dLRL82M0k7=_NDmLm3PMoKL4h7:fMBoJ4g27bLb01]13gM:NM6g7KQH6f5KlJ4h27cLa00_13eM;NM6n7OaMOiJ2]2J[M=EW3k0cL^7LaM3hJ0^2KSM10;MV11:OVN<NL6Q8KaM6fJO_2c0RMh02`NNd10^N9OL5S8IaM7gJO^2c0RMg094G_N90K4Q>IbB6X2KQM218OU1:3F_N91M3o=IcB7W2IUM1N<N`0O@4D7]1EeN=0L3n=JbB7d26dL>2_O3G71Ec0O@1M3O81M4h>1[D6cL>4_O2G>b0_O@9M22L4h>1[DS1gLoN3H<d0^OBV1Ok=1ZDT1gLoNi0`0UOZO3La02B5j>0PD_1oLgNk0=XOZOON3O00O126k>ORDLmLl11SNe0g0]O[OON3O00O126k>O[Di1\\MhNYO]O1Mo02R>2ZDi1\\MQO>POo=6WDi1]McNWOC0O\\`02PCi1aM_NSOO1ET`04RCJkLP2g0WO\\?oNQCLjLP2g0[O[OeN?Ng<2`D4]1R2lLjM`0\\1_OfN2N62l<0mBN`14a1V2mLgMb0\\1^OfN2Mb=8aBGV14d1a2bMROW=cN[BNQ1LZ10jMc29QOT=UO\\CWO\\18dM0OP11\\O`0_OC<LJ1Fd=Q1UCPOf0KZO]2XO\\N5XO040=JK1Ff=9YB8i0Af0KXO\\3_OeL20OP1i=[OPB8i0Af0KVO^3AcL<a0]OKR>OPB7h0Be0OSO\\3_OcLd0?\\OJS>NQBGL51Li03d0ORO]3_OdLf0;\\OJR`0J[AOQO`3@bLj06^OFP`03WANoNl3\\a0TLf_O0lNa2G_MNl0OVOn:LkK2gJ1jNa2I^MNR1m:lNkK2fJ4iNn3d:lKmK2aI63IN6KQ4_a0iKd^O;0IN3OQ4d0hKX`0<X_OGM5NP4>iK@Og`0>T@IWO]2K^N0ZOb0G]`09Q@KUOU1KQO0N4F0?OI2<O_Ok`07R@NROl06oN0269FI0h0k9oNmL=SJNQOk09nN017O@46O0h0j`0^On_OY1XObNO18KD3411a0KWORa0=j_OZ1WOcNN1;HH1O52?Ra0Ee_O[1SOeN01OG2N90I0L26d0Ta0Cc_O]1TOdN09O^O38N03>P?VORC;hNh2WOjNo>TNRC9hNOROX20dM4h1V:SN_J1`M3hN4SOm0O_OMH3H1g1W:VN^J0aMOjN8POn0NM0QO1g1Y:VN]J0cM4RNMM7F_20TO[:UN\\J1dM5oMOLm4V:nJ[J1dM9jMM0j4T2oJkMOf70mL2cM;jML01K[4c2[KX50nL1aM9gMI3244LX4ea0fK\\^OM=3DR2OkMMc1ga0aN\\^OL=1FW1IPO2L4JMd1fa0`N\\^OO;OHX1IoN1L5KLc1ha0`NZ^O29NIS2OjMMc1ia0_NX^O58NJR2LlM0a1ka0\\NX^O85OKP2LlM2a1Tb0dNS^O0Jo1LmM3`1Vb0cNR^ONKZ2NUOVb0aNQ^OOM[2KPOLbN\\b03Q^OM1[2FSOLcNa:LXM5dHO2X2ETOMdN8Lm90cM6bH12U2GTOMeN6Nm9MeM8`H04S2FWOMcN71j9KnL0fI9BO6i3CSL72:5`8EoMOeI;AN2GKR4MSL71<M_O0i`0:W_O03GLm30TL7Lh>OkCo0ZMe13eNJlNY?K`Co0ZMe14bNLmNW?M_Co0ZMe14`NNoNU?M`Cn0XMh15]NMQOV?LbCl0VMk14[NMTOW?JdCj0SMn15YNNUOZb0b0c]OP25XNNWO]b0Ka]OX35eMLYOib0m2]]OjMJZOjb0i2^]OkMH]Ojb0HU]Oh29VMFh01D[3DX<k2c@UMIi0OD\\3EY<b0Z@a16lMLh0OD\\3HV<>_@a10QN0d0NEOG1Oj0O1N38d>:^@b12QNOc0OEOF4Li020N47d>c2`@[MMb01F]3Ek:NoBi2mN[MLb01@Pb0LV_Oe2nN]MN>[b0@[^ONAf2K_MO;[b0@k^Of2iNeML5\\c0AV]O1AW21SNK4Sb0BY^ON936V2YOUNL1\\c0Ba]OX2WOTNN1\\d0j1g[OPN43gc0IX\\OR2OmM86Q4Hk:5l@m14nM93MMZ32^;5n@j1P1nMZO1Z33_LM^:OWI8XL6JS1b1`N^N3i32^LK`:0VI8XL5LT1^1kNV2L_LJa:OWI8XLKOM0`1[1lNlNC82_O0O12Mi02SO32M1f0b:YOZI7XLI1NOa1Y1mNlNC82@N020Mi03UO2OO38LNe:H\\I3mL]1a0jNl1GnL4NLa:N_Jb1WL]NgN1X31oL1ONh?[1o_OgNc0Nh31oKOQ43fK0e;W1ZDhNc0Og3ORLOo3>\\7m0QEgNc3N`0=`1DnNZ1^KgNd84cFN]6MPOX1\\KkNk8OiLNUOS1WKPOTe0`0TZOEi0Lad0LV[Oa0CC9KN6_4KcK0`?3d@;EE6NINN6?KT3OgL100`?4d@8FG40G:?DCO:O_21XM0O190O0P?3VA8EE5e04BMH`22UM98I0MV3OY85iD6FD5g0HYO3=2Ek15XN`0IA2LV3M[85jD62=^OXO5>KL0H0O2O801OIa0J<2^O3KV3M\\82lD71<_OYO4>LDL15NN02O80==XO>2]O4LT3NX9=mC7OAZ2KXMN85I47J[`0=k_OFFN=MQ3OW>>e^OEKM;Ond0>lZOF^f04YYOH33m`0N^D5cJK13l`0O_D1fJMLON2Qa0OPE0PJ1N0dg0410[YOJb41h:1f_O003P1M`43e:0i_OO12P1La44b:d0j@^O^4Og:d0i@@f1EZN1j06\\>f0P@UO`0a0FCHO0N4N`00F4GN11N1002L12f00]O4n9IgKl0XJVO>b0H@I0ON3O`00F4GN0110N04LO3f00\\O5m9KhK:WJMh04g1F52]7OgK7]JGe0;b4Ge41kK0\\K6W4Gc43jKO]K8U4Fe42hK2^K6U4Dh42dK6_K4_>FQF1VJO[19W1Eb:0gH3UJO[19W1E_`0:h]OFG:Ve0OT[OIF7Ue01T[OII4l1Id`0;g]OIH3=I>0da0?U]OC298M>H>2ca0a0Q]O:>_OMC13j09R1FW>c1b_O\\N8>NHL40INOa0;@E02OO3LU16S?^1g_O\\N6`0LHN30INO`0<AEO11N2NS16U?8l_OLI1>4I@53g0;TOF`12d>Od_O1>LJ7886@8O]O8NHc16a>K\\@0B467BEc0070_O4NLb14_?KQ_O378@Fd0O61_O30L`15b>L\\@OA57<U1_OeN6l10T>Li@6\\O8d1G3OT>Li_OO`0O@:;6c1J4LU>Li_OOg09E5b1K4LV>Kh@4@:a1G20_?MP_O9Q1EdN2o13]?LQ_O4[OJb11fN2o12^?Md^OO00G1a10_NO028N`14b>L[@0^O73K21E11M[10gN0N92Gg14b>Ln_O2H7N21J:>N\\Ob0U1k0POe>Nk_O4JR18^OHD2N2Q1MiNO0:N2NK7S`0Ml_O4Je00]O9>FD3O1P1NPO9G2OJ6U`0Km_O3K6N12I9j02UOJS10lNo03c?Ja_O3N21L2i07WOH4D0153Mc1OS>L_@Nh01[O20N2a0CAd0NH2E0135Nb11P>N]@0h0N^O0002`0BBT10mNO235Oa10Q>N^@NX11lNO5e0c0^OlN1145Mb1OR>MVCc0UN3PO@`1Na?LW_OOh0b0lN@o05oN73Lc1Ka?LV_O0i0a0lN@P14oN72Mc1Je`0OW^O>e0BmN:3Ia1Mc`00X^O<e0ClNOO65Lc10a>O_A2hN6IG1001GO037N`11a>0]A2jN5AF217001GO036Oa10b>1m_OL033NN950AJ11701OG1O82Ke1Jh>1j_O3I34M2<4i0I<f0\\N^OOV`02h_Od0JD18:f2HgL0154MMc?Nj@3Dd0JD18:g2GgLO173NLn:1PJ1SK1L50O13MF=V39mL@Mm:2oIOVKM23OO12OL2l2DYMk0KA1g:4]INnKO:OD000O2Oa0FP11hN1GY1Mi96[IMoKN;0C000O2O`0GQ10hN1Ga<2aGLSL27Oi11TN`0Dc11oMb<1`GLUL25Oj12WNm2S<TM`GOUL16Mj14XNk2FoL`01m:4_H0TL37J;Mh08POi2FPM`01o:1^H4QL3:Hj16YN2EU2a<aM\\Ge0\\L]O\\1OaN85OH;J91YO0N02h`0`0`A\\OQN93L1MEN0d0L^O400N028N2O]?g0b@ZOLO51O0O2H0L;R1ERON0d0L^O400N028N100Oo>i0m@\\OH2;KN300Hc0k0]OUON0R1OPOO56I6O0No>j0m@KKE110i0g0e1\\O]M2JP?l0n@KJF000j0f0f1\\O^M3FR?l0n@KKE000m0`0f1B[M3FU?h0m@NIF000n0>f1FXM1IV?7g@O7=JEO20m0<h1GVM1KV?2l@O4MF=6KK31m09i1HUM2LU?0o@O8;ELK31OKb0>U2HUM2LU?1n@N8>CJM30ONa0>T2GWM1KX?0_A`0UOI01O0O`0>T2GWM1KY?0\\A2TO93OO000O`0?S2EZM0J[?O\\A2TO93N01O0O`0`0S2@]M4GY?0aA=VOJN2O0O`0e0\\2AjLU?2o@N8:GGM8NM03L07H4NGn25SMT?1o@088IFM70K12N30L;O]Ob2;]Mc>NWA1N47O87JFM71I23M3OMb0OXOY29gMb>b0YAA:8HFO70J11N32Kj0Z2VOdMb>h0XA@;8FIO12GL245O06Gk0^2ROdMc>h0XAA:8FH110GO0270INO`1\\2dNdMd>h0YA@8i0HXO:E1Og1^2nMhMf>6XA05K5n0KlN[3b2X;gM^ALc0o0R3\\1j7`M]G3ZMM`0k0UOYOP4X2c7dM_G1YNj0eNXOR4X2c7eMYG1_Nh0gNWOU4U2\\7lMWG0WMNU1h0]3[1Q7oMVG0WMOT1f0`3[1P7oMUG1WMOU1c0f3Y1i9VN[ANW1=l3]1c9[NaH]1`7bN`AMk69mHINb0i>@YAJ337N_63YIMOd0d>3cAYOb62^Ib0\\>6^AXOM0h6NbId0[>7\\AXOOOV7c0^7G[A02GOOW71hH;e>M]AO2F^7ObH=b>JmI4Q?O4MO0\\DL\\FM_67U3MZFMb65T3NZFMb65W3J[O5X<01O000001O0dGKmH4S7M\\84O0LK_XO5fg001MOOXi11kVN3M1O1N100001N\\GL_IOd62d81001O00001O001NUA1g5OYJ2e50ZJ0_5OdA1m80X5NkA3OOm81^51eANm81_5OiJ1X5NQB2Q80a63^ILb64^ILo5NQB6P8Ko51QB3P8Lo52QB2bf0N_YO0P8Mo52RB0n70l>NPYO2o9OiI1_40gG2P9MaG2W34]4LjG1Q9MaG5S34_4JkG1R9NWGO@6j39]4EmG1h8JVG1N3<;\\32^4ElG2i8IWG0N3<:^32\\4GjG2l8F]G532DLR47T4NkG0X9HmF114X41g32kGOX9JkF231Z41^LLS67QILW9MjF232Y40^L0Q63UIJX9NgF451W41_LOP63m2N]FOV42`LNP63TIHR93jF0378KT43aLMo52UIJU9d0QG@U43bLLo51a2N`F<:EU42dLJo50b22]F=9DV43`=KQ^O>:CU43a=KQ^O?:BT43d=?V^O_OV46`=;Z^O_Oj3OTL;da07^^O_Oj30PL?O_Oaa0c0f^O_Oj30TL:da07gB]OgK5ha0?oB]OT=g0jD^OP9`0oFAR9?nFAR9>jD]OUM5R>=iD^OVM4S><gD@ZKNf15_>0fd3K`XL2eDOoM4LNb7Mn52lD2eMOa7M[`0101O0iKN`@2`?N`@1a?3\\@Ld?5U4N]W41_hK4[g0HkXO3M3cXOKkf06SYOLmf04QYOMof04PYOLk4Nn<5W^ONl4L^=4cBK]=5V5M4103M0O0XXOMcg08100000k]OFhJ1`a08hCFiJ2_a07SDIn;6SDIS;Ok_O7R5JZJ0``00V@3Q5MR;0n_O0Sf03k0001N6I6K2O0002H8JeXOOn67[8Jh@0l6:V8Jk@NU7JgH1X?9i@M_7K`HMQ?5k@O36a7I_HOR?1m@O37`7I_HOe?3Ri1LR_N1E2dXO1Xg0=OIeXOI[g00>OZ84cG1fGJ_81g@Oa62]I0bGNi>1gI0`GNon11jhN1QO0mYO2oe00PZO0Pf00PZO0Pf00QZOOoe01SZOLoe03P1N10O2O000001NTom3"}, "iscrowd": 0, "area": 177036.0, "score": 0.5421925187110901, "bbox": [38.0, 5.0, 809.0, 662.0], "category_name": "bluemussel"}, {"id": 1, "image_id": 0, "segmentation": {"size": [768, 1024], "counts": "`jZ`04jg04M2M3M4M3M3H8M4L3HmN_YOU1Xf0iNjYO4LV1Rf0e0J6K6E:Fc0T[OQMOHfc0\\3V\\OPM0Fic0R4J7J5L3N2O0O01011O1k\\OYKnb0h4Q]OZKnb0l400O1N200002OO1M3O1O0000001O001O00N2O1N2YLU]OY2kb0gMU]O`2db08]]OPMbb0i2e]OXMZb0g2g]OYMYb0f2h]OZMXb0d2j]O\\MVb0b2f]OZLKU1^b0`2h]O\\LIT1_b0`2h]O\\LIT1_b0`2h]O\\LIT1_b0`2h]O]LGT1ab0`2g]O\\LIS1`b0a2g]O[LJT1_b0Z2a]OeL3NMS1_b0Y2c]OgLOMOS1_b0W2e]OjLKM2Q1^b0X2e]OjLKM2Q1^b0W2f]OkLIN3Q1]b0V2f]OSMMg0]b0V2d]OUMOe0]b0V2c]OUM1e0\\b0V2b]OVM2d0\\b0V2a]OWM3c0\\b0V2a]OWM3c0\\b0V2a]OWM3c0\\b0V2b]OWM1f0Zb0S2e]OWM1a0NnN\\b0Z3e]OXMOa00nN[b0Y3g]O^N0XNYb0Z3g]O\\N2ZNWb0Z3g]OZN4\\NUb0Z3g]OZN5[NTb0[3g]OYN6]NRb0[3g]OWN8_NPb0Z3f]OXN;_Nna0g3h]O[M:oNma0c3m]ObM1kNRb0[3V^OkMFjNTb0[3W^OUNia0l1V^OnMCfNUb0]3V^OmMHeNQb0_3V^OlMJeNoa0`3V^OkMLeNma0`3W^OkMLfNla0a3W^OgMOeNla0e3T^OeMYb0\\2f]OcM[b0^2d]OaM]b0a2a]O`M^b0a2`]O`M`b0a3_]O_Kab0`4a]OVKO3`b0g4a]OVKO3`b0g4b]OUKM4bb0g4d]OZK\\b0f4e]OYK[b0f4b]OUKN4`b0g4b]OUKN4`b0f4b]OXKN1`b0g4b]OXKOO`b0g4c]OZKdb0e4]]O[Kcb0e4]]O[Kcb0d4_]O[Kab0d4`]O[Kab0d4>O1001O2N2N1O0R]OWKN1_b0h4b]OXKO0_b0c4]]O_K4N00_b0c4]]O^K5OO0_b0f4d]OZKdb0f4\\]O[Kcb0e4]]O[Kcb0e4]]O[Kcb0d4_]OZKbb0f4<O1001O1O1P]OYKeb0h4Z]OXKfb0g4:00N2N2000000O1O1Kd\\OeK]c0Z4500002N1O00001OlNc\\OeM]c0Y2d\\OhM\\c0]3100O1O1N2jN]\\OnMdc0Q2^\\OmMcc0S2]\\OnMbc0R2^\\OPN`c0P2_\\OSN_c0l1b\\OUN]c0k1c\\OUN]c0l1b\\OTN^c0l1b\\OSN_c0m1a\\OSN_c0m1a\\OSN_c0W300000O100O1O10000O1O11O1O001O0000hN_\\OPNbc0o1_\\OQNac0o1_\\OQNac0P2^\\OoMcc0Q2]\\OnMdc0R2\\\\OkMgc0V2X\\OkMgc0Z3M3M1g\\OdKlb0]4Q]OfKnb0Z4R]OgKmb0Z4R]OfKnb0Z4P]OhKPc0Y4P]OfKPc0Y4S]OcKob0]4:M3O1O100O1002NXOa\\OPM^c0o2d\\OQM[c0o2d\\ORM\\c0P3`\\OSM_c0g3000O1O1O1O1O10000O1001O001O001OG_\\OSLac0k3b\\OTL^c0l3b\\OTL^c0l3b\\OTL^c0l3b\\OTL^c0m3a\\OSL_c0m3a\\ORL`c0n3`\\ORL`c0n3a\\OQL_c0P4`\\OoKac0R4]\\OPLbc0Y4N1OZOb\\OkL]c0U3c\\OkL]c0V3a\\OkLbc0h31O1O0UM]\\OY1dc0]Nm\\O[1Tc0bNP]O]1Pc0aNR]Og0XOnNfc0;R]Oe0\\OmNbc0?R]Oc0^OmN`c0?S]Oc0^OnN_c0>T]Od0]OcNJ2fc0d0V]Og0YOcNK2fc0c0X]Og0WOdNK2^c0Ke\\Of0n0g0UOeNJ3^c0Jg\\Oe0n0h0SOfNJ3ic0>U]On0XOaNJ3ic0=U]OMSO=5VOJ3jc0<X\\O\\Oc0d0^O;4UOI4kc0;W\\O^Ob0c0_O:5VOH4lc0:R]Om0^OPObc02Q]Om0]OQOcc01U]Oh0XOXO\\c0A[\\O?Q1h0YOWO[c0CY\\O?S1g0[OUOYc0:W]OZOQOX1a0QOXc0<g\\O]OIZ1:lNWc0<U]O^OPOU1e0nNYc02Z\\OIo0T1ClNXc03b]On0Xe0MYNROc\\O;XN3Ue0E`\\O5`N5Pe0F`\\O4aN6od0F]\\O7dN3od0F[\\O8gN2od0C\\\\O0`N666cf0CYYO655cf0EXYO654kf0KXYO1kf0Me0O1NUW23ihM00Nand0"}, "iscrowd": 0, "area": 39200.0, "score": 0.8229674100875854, "bbox": [707.0, 1.0, 264.0, 129.0], "category_name": "bluemussel"}]}