{"images": [{"id": 0, "file_name": "images/blue_mussel45.jpg", "width": 1024, "height": 685}], "annotations": [{"id": 0, "image_id": 0, "segmentation": {"size": [685, 1024], "counts": "a62[e000000TCO]10RI1`50]13PIMc50]14oHLd50]14`1K`N7Z;1R^OIX:OlF9kNHY:OlF9kNHY:0kF8lNHY:3iF3_<O[@KQ20RMOR31X:3XJOc8NbD4];MbD9YKGj4No53lI:YKFj?1lD9[KEh?6jD5\\;L^DGeK=m?LcD4];LdD2_KGg?7kDK[K020g?OX@0d40^KN03f?OY@Nd41dK2_?2oDMaK1`?2oDNaKO`?3oDO`KNd4No54mI1_KOc4LQ63oI6VKNg?HWEQ1]?0nBROU3NoGo0f4XOn5h0QJROT6o0kIPOV6P1iIoN[6o0f1QO[Fl0d9UO^Fj0a9VOcF2bJ<j>BmF>S9BmF>S9BmF=T9ClF:W9FjF9V9GkFb0l8]OZGb0a8^O`Gd0]8\\OcGf0a>1O100QKZOUEf0e:Ch@E]4a0j:8SA@D7j2M`<]2UC^Mn<g2QCSMm<S3e22iBmLQ8V3lGmLQ8W3lGiLT8]3TCcLY40b8i3]GVLc8l3kEnKhN6];m3ZCnKW21QO4l7JVJT4fLmKW21QO4];o1WCF5WNV2OQO4];j1XCSN1g14ZNT2NRO4\\;j1[CQN0i13\\Nb3NR9m1WC13XNb3GU9Q2UC22YN``0m3]_OVLa`0`4K1O2XNPKoBR5n<PKbAMZ1T5Q=WKnBm4j<XKUCP5_<UK^B[Oi0b5e<UKaBYOg0g5Z;XJSEh0lNYOe0j5g<mJ_Cg3POoL_=ZO^Ci3UOUMS=SOeCj3YOTMQ=RO_CS4]OmLS=POYCY6c<gI]C\\6a<dI]C`6^1lHS9d0\\Ed6^1lHT9`0\\Eg6R1XI_92]Ei6f0eIj9B^En65[HIm1X:a9CjDWFZ;V9^DRG2FP60UO3hJj80^G2F`52`JNO2;Md4k8PKaG1ER50PK2K324;Hb4k8SK`GNET53mJ80N;Hc4j8SKdGc4A`KX16jNc4j8RKdGf4_O^KZ16iNf4OPKW9P5QGQK20O9FS5Q9EmFRK209OO:FX5j8MXGaJ027Y6W8\\OaG[J8\\6T8YOcG]J8[6T8BkG?U8AjG?V8AjGa0T8lLgGdN0QN7b6P8gLkGdN0PN6h6o7aLmGfLM3O0001N020M1::FCo6R8VLnGkL7NM3O00081HM0;9l6c7PLbHkLCN0271N82m6c7oKdHkLI001N81n6c7oKeHjLI0O2O70o6d7nKfHhLI2N108MS7c7kKhHhLJ001N8K[7a7dKlHhLJ001N7Kb7\\7^KQIhLJ000O6Lk7S7WKXIhLJ001N5Ln7R7SKXIlLKN01O4KP8R7QKWInLJ00012HR8V7lJYIQMF1O12_8o6^JXIdMH@N_8R7^JoHjLN:OO8NK`8P7`JnHkLN91E2088H`8n6`JQIjLN91E3O79K_8i6bJQIZM1]O3O79K`8h6YHRIj11UM3N8:Ia8j6oGQI[O0n2c0WMBa8j6nGSIZO0o2a0WMCc8h6mGTIZO0j2NTMd08@f8n6_GmHF201g2h0[M\\On8i6XGRIG020e2k0YM[OT9h6RGTIIM40e2l0WM\\OW9f6nFVILK31e2<UM12HZ9l6hFSI7La2:UM31G\\9V7nIkHjL7ME]9Y7lIhHmL:_9m6RJSIn5m3ZFcNZ3SMPM<]9m3XFSOm2dLVM20:g9h3YFXOj2dLVM3O9l9c3TF_Ok2bLVM3O9n9a3RFAj2cLWM2O8o9S3nEoL2R3k2bLWM207n9T3nEPM0R3m2bLVM125n9V3nEa0l2SLVM116P:T3lEd0l2QLWM106S:S3jEe0l2QLWM1O4X:X7aHcHWM202Y:Z7_HbHXM202Z:Y7_HbHXM2O2[:[7cHcHQM3]:Z7cHiH^7X7^HdHTMN`:^7VHhH]MH]:b7SHgHU8X7SF_HAO0288U:X7iE_HA19OIOM3:NH9e:V7kEaH_O19OM4:5V:S7nEdH]OO91J6=2U:R7QFeH57E2V:P7PFiH45F2V:o6PFkH61D6W:k6oEPI2KXO0a0:[:d6kEXI0KA009e:a6jE]I0IA009GGh:h6QF_I`0HPO3C24Lh:g6QFbIo0GUN34Mh:e6QFdIS1ITNNi:c6QFfIS1HSNNj:c6RFfIR1GU9a6nEeITOKK01ON1T<`6oDeIPOOJN4OM1;M\\;\\3WDEX1jMlNXOM0<M\\;\\3XDnLOY2Y1XNkNXOM0<M11G0k:[3QEBY1mMjNXOM0l0NWO1l:Z3QEAY1oMjNWONNk02UO1m:W3TEAX1PNgN^Oj0JTO1P;V3QEA[1_NhNhNM0::d:k5`FSKcNPO2HL;P;g5aFWK_NPO38n:_5bFgK_NjNP;n4QEhJa1`1^NiNQ;m4SEhJ_1b1]NiNR;j4UEhJ^1e1[NhNU;i4SEhJ^1g1ZNhNV;h4REgJa1h1WNiNX;f4dFhJZNi1JiNY;e4bFkJ[Nf1KhNZ;m2dDYNk1]N^Nd1HhN];]2aDbM0Y1l1\\N_Nc1FhN`;g4[FoJ^Nb1FhNc;f4TFlJ\\N47R2Z;\\2_DaKM4f1K\\N29a1EhNe;T4bDfKa1LXN2;_1GgNe;T4aDfKb15ZNG1b1MhNe;R4dDfK`16ZNH0a1OaNM0i;X4aDgKQ1OQO9GG2`1NaN0Nb31\\4Z4XHgKS1OPO9FH2`1OaNOM63o2Nk4Z4VHgKT10PO7EK2^10bNLN82P3Ml4Z4THgKU10QO>ES12dN3Nd0K]11k5[4SHfKV10RO>BT1f0_N50J2e0Kj6]4QHdKW11SO=AU1f1bN_NK4;JHo8Z4QGbKZ13SO:Ag00WOc1O\\Nc00]Ol0GR7]4UHbKZ13cNO;;Fg01VO^1b1ZOWNW7W4RHfKZ13cN0;9Fh01VO]1c1ZOXNX7U4QHfK[12eNO:;Eh00WO]1c1\\OVNYOLh7[4_IeKjN2NO:;Eh0OXO[1OeNJOW1k0oNP7S4\\IcKmN20M9<EW1X1hNjNIMW1j0POP7P4_IfKjN3NM;;EW1W1dNiNI33MX1k0oNn6n3hIlK_NN:;DW1Z1`NYOh0^O_Oo0Ld6IaHV4_1PL\\NM<P2h1XNmM12MP1L`6MbHR4`1WLfNh1?PN<0kN032LN50T12hNNd4OgK0e12UNn3`1YLeNi1?oM<MWO20NP1:W3HhK0d13VNl3b1YLbNk1b0lMj2Ol33eHn3a1XLcNl1NmMd;0[Dm3c1XL_No1NVNh;b3nEWL]NQ2LlMS<k3fEWL\\N`1JfN_<a1\\C3Q2TNZNS1KPO28W<6cC=2m0_1SNiN10g0D@i03V2KmNJ\\59XIK_Oa0:S1[1XNhN10;DL3Nf05U2LmNK\\56ZIK@`0<R1W1[NhN10;DNONi03X2KkNL\\57XIL@??o0W1]NgN1O<E7h0FY2LcNK_N2S76WId01d0i1_NTN<F8:\\ON:i2LbNK_N3R79SI`0OVOK]1V2`NSN=E7:]OO88Gn16TOM_N1S79SIc0HXO1X1V2aNTN<E79_ON4P3N\\NN^N1T76XIMB]2c1\\MjN3EN:S1NoNN3Q3O[NO]N0U75[IKA]2b1`MiN7Ok0JmNM335`1HH1dN1c13[NNf1M]33SK7<I@^2b1aMhN41n0IUONOc1HN005]NK84a0O[ONl43TK6=G@`2a1`MiN40P1HVOMMU5KYK0;Ob40jJ8<GA_2`1aMkN1OT1FUOMMn5JkJOf4OgJ:d0U2i0bM]OU1SOVOLLo5JkJOn4:UKa0UOa0b1dN]OU1TO_Oj5^Oe08ZJ`0TOb0g2iN\\M3M149j5Ad06[Jb0ROa0i2gN^M13ML=k5Ga05\\JQ2l1fMbMN:?\\4EcK4m54]Jo1k1gM[N<k3IeK1l55]Jo1l1fMZN<n3HdK1k56\\JP2m1fMaMM9>_4HcK1EJe5>lJo1n1eMaMM21F3M3T5McK3BMe5=`JBBb2j2^MaMNO3G10OT51cK1ANc5?bJX2\\2XMaMNN=R5J\\KNEK^5c0eJW2[2XMaMNL?S5I_KK]5d0ZJ_OCV2h2dMaM0Ia0U2_Oa09fNJ[3NVK02h0=[OHS2b2iMaM0Ha0W2_O`09fNLY3MWKO2i0>ZOHS2a2kM_M1I>Z5FWLNV3LbKg06_OGo1b2lMZM7L7a5BTL3f34dJ1a0NIm1`2nMZMj0`5SOTL6c31hJ1>1CGOT2g2oM[Mh0[7^OhMNkJ1>K_OO5NNT2g2nM^Me0\\7AcM0jJ1a0G0T2Y2mM^Mb0`7D^M7jJDV1R2d1mM_M<P7LnHNo46lJDS1T2e1lM_M;P7NoHMm46mJDR1U20iM?2fN:Q7OnH1i42RKCP1W20iM`01eN9U7OlH1h43RKBo0Z21hM?0fN9W7MjH4g42hKF@W2k0fM`01eN7[7MgH5f43gKH@U2l0fM?2fN4`7LcH8b46TK@a05ET2l0gM?2fN2d7KbH:\\49VK@b02FT2k0gM;9iNKY8:eKJnK5LH0Oc01_OL3Z2\\2oM_63eJDhL9E40EN1c02]OL5V2_2RN]62UKMlK46G;4DP2]2RNaMFf8<ZKMmK48D98Do1]2SN_MGh89[KLmK6d0D^O92n1_2QN]MHj89ZKLmK6k0NXOn1U2hMoM6h85TKJmK84E=4DQ2R2jMRN3g86nFGP44RLe0a0YOFOGo1k0oM>3SOM]83[G=n0Bf12[Me0`0YOG0Gn1i0RN>1VOOU83bG:m0Cf12ZMf0a0XOG0Gn1i0RN>1SO5U8MeG:m0Cf12ZMf0a0XOG0Fo1j0QN>1SO6U8JgG;k0Df12YMg0b0WOF2Fm1j0SN>OSO8U8GkG:i0De15YMf0a0YOFT2a0kM>1SO7f81RHDf16XMe0a0[OFR2b0kM:5VO3h81QHDZ10jMX1:oNFQ2c0kM97UO2k80oGDTO0N101N0c0N^O21OO12W1<QOCU2`0bMO1I8J4V8D]H9KFH1F021L031MO38OJM02V1`0POBT2X1dMPO8H4Z8C]H8JGH2EO38N1O110NP1a0oNBS2;bM=2A9F4\\8B^H97HoN028M201OO1b01ROO4b04BS2<fM:0A;D2a9KbGHQOO1:L3O00O2`08UO96Bi1LUNb0Mi0j0V8\\OQH2^N3N11M3a0o0ZOSOi1MVNa0Nh08eN2c9KPHK]N039M10IOM5g0P1ZOSOj1LVN`0Oh07mNJ]95eGGlN0M211L12`0:4V1U1bNYN=Mj07j8NmEHS11WO0O2H?<4T1V1aN^N9I5N37c90gEJU10XOO00N:6;;ZOK0_Ob11gNOG03<O44f96hFFYOO00O96;:\\O2a1YOaN5NH3?L37g94`FFWO18000O979T1\\O`Nc10`N6NH3W12S95_FGVO02OO181N2>?m0^O`Na10aN6NI2V12W94ZFIWO12OM0:1N1`0?l0@[Nb15^N6OH1W10Z95hEG14D03OM0:1OO?b0k0X1aN\\N1JL2Q1NnN0d:MaE15307IHM0;0l0c0\\OE^OG;j1GaNNHOOQ16d9FgE<FE0;1M8Jj0e0]OD_OG:i1HbNMHONQ15g9GcE?FD192L9Kg0g0]ODAE:i1HbNMNl00Y:9lDG2I=Ld0i0[OEBD:i1HbNLNn0OZ:8lDG2He1h0eNFAC;h1IQOi0^O\\:8jDHQ2`0[NG2Y1CROi0^O]:6kDIo1NlM8`031W1CaNO1k0O^:5hDCONS25lM9?21I]OU16fN33i03`:2UGG\\M;?23E]OY14fN41h05b:1hFFTN>DA8>d0o0VOgN41g04f:JYD2[2NTN=BE2K2<l0Q1VOfN31g05g:JXD2[2NTNk0E^Om0Q1WOeN22f06i:OaFLTNi0F^Ol0R1WOeN31c08P;K\\FNUNf0HEg0n0YOfN40b09Q;J[F0UNb0KH`0R1]OaNOMO3h09T;IXF2VNb0JH?R1_O`NM1ONk07X;ISF6UNf0GDa0A\\O[15SOg0HZ;HnCO90Q1:nNe0GC9@E2OY16ROf0Jd;GmC0P1;nNe0HC0\\O2;MR14SOc0Lg;GlCNQ1:oNf0GH2BMR13TOc0Ki;G[E8_N1FG182;3FKQ13TOc0Jj;HZE7_N3NJO>OGKQ13TOc0Jj;H[E5^N54CK`0FC5;LP14QOd0Lk;GYE6]N6a08XOJMn05oNe0Nk;FYE7\\N6`0n0WO12QOd00P<BXE7[N7?o0XO1OoNj0NQ>L`A6>P1XO?j0]NR>NWA=d0k0XO=k0\\NS>0TA=f0g25jLQ>4RA<g0e28iLQ>n0gAY2U=eLRD1WNR13PO1[3`=dLRD1YN9M<1X3e=SLnBN<6PO52`4b=XKoBN:g0VOR4`=ZKPCN9?UO@5g4^=[KoBO9>CW2@TOa>XNZB62X2TOkNOoN9Fk=3gB25f1POeN4h0OoN5Kl=0fB38e1nNfN3i01nN30g>MXBe1mNd01kMh>M]Bb1lNf0LlMj>M_B`1kNROLi0OhNj>MaAH32C06f1NROMg00hNi>NaAMN3Lb1OQOLf03eNk>2[AOO2Ma1NSOLd06aNk>5XA3L21^1Nd0W?iMn@3K40_1Mb0Z?gMPA3K3NQ4Y?gKPA4I6KP4W=cKeD4eN4CU3LPNV=dNfD2gN3BW3KPNR`0eNU@Z3IQN3gNf?La@e2GkM1m0OjNU`0[2m_OlM0[1S`0h0m_OmM0[1T`0YOh_O<1QO3[1e>XNaBm0jNQ1OJe>ZNbB2fNN91N9Mm0O?e>[N`B2hNL:2N8Ln0OROMn0h>jN`B7QOJO8Jn00RONm0h>jN_B8QOJOh1K_NNm0h>jN_B8QOJOi1J^NOn0g>iNPBLE=LJNh1KMd>YN^AK=2J=MJLg1NNb>WN^A1:NM<Oo1J@d;PNUG8VM35NO4LG6]2K_Oc;QNTG8YM25MM6MF7\\2J@`>WNaA09OH>4l1JA_>VNfAK75C>7j1KB_>UNfAK62Db02[O2_2MC^>SNYBe0ZOVO2\\1LD1S1_>PNXB2\\O<3i0JF1L08[>nN]B2@NI1a0i0@2NN19Y>lN^B3HO2g0E1IBMO5i0X>lN^B3HO3e0F2GCMO5j0V>lN_B3HO3e0G1G12;V>lN^B4HO4c0G3G02<T>mN_B3GO6`0I5E02<T>mN^B4HO5a0G4G10LNFY>D]B6I2Oa0I3Jg05iNR>D]B6J5Ee01NLc07mNn9_OhI9`L115Cf00NOa07nNm9^OjI9^L125Bg01MOa07oNo=DVB325Bf03MMb07POo=BVB41b0BN57Lb08ROm=BWB21b0DN38Lg02POR>^OXB32a0B047Lf1T>\\MYB58[1\\O_OOh1R>WM\\B7:^2XO4S>VMQB038g0X2RO;0VMn=OUB227i0g1QO^N1b2R>SMSB6i0W2ROa02QMg=2[B6j0V2ROb00RMf=2]B5k0a1ROQ2k1SLm97ZD4l0b5T:TJ]G6cM4l0g5o9oI`E6IIM1b00J6C4l0Q5TOVKj:@_E7I0?IL5B6b0CD\\5LVKh:_O`E9H0?JM2B6b0ED[5LVKX;GhD1>KN1B6m0U2QO84jMY;DfD4>J01A6n0S2QO94kMY;3SE_O10@7n0S2QO:2kM\\;_OcD:`0G20^O8n0S2QOR1i;eLhEKaN;m0R2SOR1h=jLUCf1PO]N4Q3i=eLTB0m0n1TO[N3Q3i=cLVB1b01_Oo1NZN2S3_;cLaF1oMNa03Am1M[N1T3_;dL`F1PNLa05Ak1M\\N2S3l:bL`E3b11fN0^Oi1M^N1S3k:cL`E3\\1LXN6c0O_Oj1M\\N1U3i:dLaE0X1K^Nb0`0F@i1N[N2U3h:gL`EMW1e0POU2_Of0f:dLcEMP1l0XOm1_Og02^L\\9M]G7^ONn0n0ZOa5CaIY9J`G6]O0l0m0]OR51QJi8JaG4]O2k0l0_Oe4<_JS7KSJ2TN3j0m0@VO\\OP5R1mJP7JUJ3SN3k0MkNg0e0_O[Oo4W1iJW92lE3l0KlNf0e0CXOe4T<VKUD1W10`N5i0k1YOh0f1SMa86PFOY1MaN6f0l1ZOSOL:l1`N[86SFNZ1JcN8c0m1ZOQO80e1kNU86TFOc12mNm1YORO9Ki1WOi7N\\FOc12lNo1YOoN:Kk1XO^NGc85SG1b12lN2YO_1O^O;Hm1ZOf7L\\F1c12jNX3E]MT2VO\\75]FNd13hNg2[OVMO0=d0X<@dCLe14RNI`0b2E]MO2N1;d0^2XOn50SH9]OLf19UNC2a2;`MB1:c0`2ZOm5OcG1O9MLf19TNE2]2?_MA1<1@=i<J`CMf18SNF2]2c0cMO8V<L]CMh18QNG3[2b0fMO6Y<J[C0h17oMH5Z2b0gMO5X<K[C0i1`0QN7Kd0h0gNO3X<L\\COk1R3bNRMN2]2Ia64eFNn1c0kM^O1j0MGi0CL2]ODe2:ZMGd0NQ88cGOc0K<e0YO6AIh0IF5=\\Oa00iNa0;AT86bG0c0MUONT1a0]O9AHh0LEMAEn0M`00iNa0;AT86bG0c029:\\O:BGh0LFH`28bMAT86bGOc0499[OGA714i0LEGc26aMCS84cG1b03;9YOGC7O4j0NCFb28cM@R88bGOd03;7YOIAo0k0YOYO]O4:n0F`0<ZNIY96mFMe0NUOMX1g0kNo0g0jNEId0Fb09\\NOe8IcG8LNg0KVONY1c2_OjMHN:EVO1c18\\N0d8HdG8LNg0KVOO[1_2\\OkMI3:CUO0d18\\N0d8HdG9JNi0JVOO\\1^2[OlMI2<AWO0a13ZN234Q92PGOh0JWOM\\1`2ZOlMLLa2KmL5Q92PGOh0Ji0]2TOlMLKd2IlL5U90kF4g0Jj0`0[NI0k0i0TOMKb2InL2J0W94mF4f0Lj0=]NJOl0f0VOHBE7S3JoL0K1U95nF3f04c04dNW1`0]OASOm0GT12RN0K2T94PG2e08c0U4WO\\K@O1Ni0OYO1O010L32OL324:Ha1OX48PJ1d09e0T4SO_KAM1Oj0OXO1N020M22OM`0:Aa1MY48PJ2a0;h0n3UObK_OM2Mj01WO00063JLN>ME;1i75PH3c09h0l3VOeK^OLQ1NZO1M219GD95g75PH2d08i0l3VOfK]OKQ21XN96Ja75PH3;DGc0\\1j3UOhK^OKP21YN1D2?1b75QH2;DGc0\\1k3TOgK_OLo10ZNOF:7Ji77nG2f06j0k3QOiKAKZ1MQO0G19OE;7Ij78mG1g07j0l3lNjKEJ9La02WON22NN`0<EHS4NRLNe2=nL0h06j0l3kNkKEIY1OPO0?9^OIS4NQLOf2<nL0h06j0f3QOQL@Gh2:]MIT4LXO<]L0g07j0f3ROgK^O3R37SMK1K`7<YH0h06j0e0]Ng1k0SMY28TMLOMb78YH1h05k0d0_Nh1g0TM]26`MKR78YH2f05n0b0]Nj1`0TM@0X31\\56\\G4d07o0`0ZNn1`0RMBNW<5jC:`03S1i3]NfKO3OL32n0OQO2MOZ:0jE`0;2W1g3ZNiK100L33MM318OF202MO<Ma91XFb0K_O:b0]1c3^NmKMO9Og00RO1MO[:OiEd08O[1a3^NoKLO9Nh01QO0N0Z2O`50YHd025a1Z3^NQLMM9Ng02QO0N0Z2OS21hN0nLc007d1W3]NRLLN9Ni00PO1N0m61WLOoLc0O8e1W3\\NQLMN9Og00QO10Nl63VLNQMf1e1`2TNnK1O9O1M3OF2010Mn63ULMQMh1f1f2SNgK2L137N10G0127M:O]53eLM_M2NN4h1g1]2RNoK118O1M21GN147L90]54lLO_Me1b1\\2VNlKO38Oo01n50eKNbMf1_1U2UNTL:0`11\\52WLd1^NU2S8WL_Ic1]NW2V8SL^If1\\NW2i;kMUDV2`NSLJOk;4]DLKl0H:^1h2eNULM13ONNk01j95dELLg0N<X1i2gN[L0INOd0N^O2c:5cENLd00>V1h2gN\\L1G0Ni02k94aE0Md0N>W1h2hN[L1FP11d94aE0Mf0L=W1h2jNYLY1Ha0Nl65`G1Nf0K?T1S1kNSO1jNZ1GY7N\\I5XN2Me0LZONm0V1[1kNB4RNONi02g70iH3nN2M0Ne0L>T1n0jN13kMNOd0O]O1`81YH4\\O2M11N1b0L^OOe0U1Z1lN01RN2H62FO4OP88SHNK8OMOO3N3>LA0d0S1k0kNeN2i11TN1G73EO4Oo79SHc0K_ON04N2=MA0d0R1l0lNdN5`14WNILc02o78bG0K60<2_O3;O@Ng0Q1l0lNdN9Y1m9cNQF1J51KM65J3;O_ONi0P1l0mNbN:X1Y3]Nm27hI2J30NO35L091BLj0n0l0oNaN:i0DYOe3Cm26iI4G31M7MO129LCMl0n0Y1ZOkNEXOd3DP32gI9E6OG<MM376GDMQ1NoNg0Y2AjNFZO_:EfEk0LVOk04F4LP18o0^OA0TN11X2NP5[1dHiNl05E4LQ16R3_ObK20W20Q5_1_IiNF3LR15P3BbK01X2NUN0\\66SIU1;gNH9>2LR14j2JhKJOk21o32RIZ10fN02O8?2LQ16^2^O[L<Gn21g31RI1OR29_N1l05_2_OZLh3Hj30`Hl19gN1m04]2AcL3@11o0N22ZOO]73XH8L`0<GOm04_2AcL2_O13OLg05;OYOMR81dGi0=DFAL`1<`2BbL1@13OLe08<MZOK\\8i0hGDFX18fNAV31PM2_O040Kd09=KZOL]8h0hGECZ19bNEh1M\\O1SO9Cf024LY8f0UGGCDL^1=iNFg1L]O2QOb1EQ9?QFL_OCM_1;iNHe1M_O1mNg1Ih8>VFL]ODM^1<jNHb1OAOmNf1Ij8=UFN\\ODN3MS1=SOHb1OA0mN_<2XD1AGDS19XOJR3OmL`<LZD3Gk0DP3HZL2@Z<5cD5Gk0_Oh3MSKZ<5cD6Fj0_Oh30RKX<8aD5Hh0_Og3a<]KWD5Hg0_Of3d<^KUD5Hh0]Of3f<]KUD6Hf0]Oj3d<ZKVD6If0]Ol31PK[<8^D8B_OEU1Om3OPK6Mo00j99mE8_ODFP10X30UL0A\\1Mc98lE:]ODGP11W30TL3_O]<8ZD9_O@HX1OT31QLg<JSD3CEFW1LV31nKj<MPD3CEFV1MW31mKj<MoC4Jk0\\OW31mKl<JnC<Cg0BV3ORLm<CoCc0\\Od0Ih32PKR1OX;j0dCa01e30RKR10oNNc;0gDj0Cb01b0NWN2b23ZMP=1XCX2DC1VN1]29`Mj<3VCW2EC2TN2^2_3aMl57dFM8j0D<0d0;a0Y3aMl58bF06S43WNi<fMlB37o3LfK3f2o0[MPO2L0X;b0mDf3JhK5d27ZM73@7R1GlN0i9c0\\Fk3OdMK\\N=A63@7R1FlN2i9b0\\Fk3OdMKZN`1CcN1W;b0mDk3NTNP=QNRCk3ORNP=SNRCj3NSNQ=mMiBD9\\4MSNQ=lMXCj0Bm12_OT=iMZCj0AWOOW20BOXNU=M^Cj0_OWO9X4EiKU=O_Ch0^OXO9W4FiKU=0^Ch0^OXO8X4GgKV=1]Ch0^OXO8X4GeKW=4\\Cg0_OVO7[4HfKS=2_Cg0^OXO5[4KeKS=0`Cg0]OYO2V2LD1YN]1DbN1Z;8\\Ef0\\OZO1W2NCOZNe0AC6I58Df:<VED;Q1B[O0X2O5c0XMBg02ZOf::jEd0ZO\\O0Q2NfM4e2j0oMZO[Of:5QFg0SO^O1o18<c0PNZO[Og:3RFh0RO^O0P29;c0PNXO]Oh:1TFh0QO^O2m17KD_No04WO^Oi:0SFj0PO]O5k16LCaNP11WO@o;Y1QDg08MCaNP1AoN96In;X1RDb0=2^OgNQ1]OmNO72l;W1UD`0>^NYOk02VO1=9YO91]O162m;V1SDb0?\\N\\Oj0OXO1=9YO91]O153n;U1SD>c0`NYOi0NYO1>0XO12`0N@134n;U1RD>e0`NYOh0L\\O0>OZO1Oj0N\\O4n;T1SD?d0_NZOi0K\\O0=0[O0Ok0L\\O6m;U1RD>d0aNZOT2MeM1Oc0N_O037n;R1PDa0d0U1ZORM01a0OI7g:HkEY1UOa0d0U1DQM91G1E2P;OnEU1TOc0c0Q1YOWMU1NYOOE4o:0nES1TOd0c0Q1YOWMl10W90mES1UOd0c0Q1Z1WMR91mER1TOe0d0P1Y1XMS92jEP1WOf0d0o0X1YMT91jEP1VOg0b0R1XOVMl12_:o0jCm0:T1MnLo02Q;NfCj02X17R1HUM1F0110NO93W<g0aC_10m0OTM0IM14NM0:1X<g0`Ca1Ol01SM1N1JMN94X<f0`Ca1Ol01SM2M1H<6P<e0`Cb10k01SM5Jb01XOKZ<k0fCa10k01SM5Ic02WOLZ<j0eCb1Oj04SM0HNN41<2ANZ<i0dCm43cJOI0L33<OCOY<i0cCn42dJ0H0L24>LC1X<i0cCn42dJ0H8Oa0Mc;i0bCm45dJOH70S=e0cBn45eJR><iAn48cJP>?hAn4:`Jo=b0fAP57bJn;ImE_6RNcIL0l1NX80PH]6oMfINN3O0OQ13kN13Mh91QH0XN\\6NfION30ON30f0:WOH`0Na82gH1ZNY6OfIN03NW1:hNF`01^83gH0\\NX6OfIONc18UOJW82gH0\\NW6T2jIbNNV81fH2^NT62fIi15jNOW80gH1^NU6OiI5NS17^OKV81hH1YNL0V62mI501Na07YOI>1_81iH6XNn51lIOL246Na07YOI>1W50YM1hN6YNl51nI501Na07YOI?OQ58PLGiN2<1R17YNh53RJ3N2Nb06OJh49oKHgN3=0S14[Ni52PJh13e45nJJfN7;IX14ZNi5W2SJZ2MVM7GLdN8<HZ11ZNk5U2TJ]41kJMeN6=KY1OZNn5S2VJ_NKl:n5fFVJ[N0^OOS;P6jDnI80HO20k05RONM0461OS;j5lDoI80H0009O54A60O20S;n1iD_1Y2]LjM0K1552OR;o1hD]1]2_LhMOK15510R;n1iDRN0LNm2`2PMlM1L500Q;o1iDQN2KOm2^2QMfM71001o:P2iDPN<g2MQM50V12aN70021m:Y2YE>HRM70OO2N10F2081O06k:S2`E?DSM60IL246N11E0370017n0Bb8_2lF?CSM60001N11FO281O09?^OF5[9]2lF<FUM5O00o03eNM670IJ;b0FH0]9^2jF;Y2WMeM0N93If9[2\\F;m2VMRM9MNGHj9^2eF<l2VMPM;0Jg9X2]F?j2XMmL8e:P2dEf0AnL81X10`N0;5E5NFm:Z2eEg0_OPM0O028Ng03QON0N2:M1U;n1]Ej0_OoLO0118N2O54AN0N2;K1W;l1^Ek0^OnL1O12\\11dNM99B4V;k1_Ek0NnLQ10TO5ZO6T;m1^Ei0d2TMlL5MEP;Y2bEj0e2SMlL5Q;n1^Ek0_OPM8O1Mh01RO088E3T;m1\\El0_OQM0J354O2N20D13176H2T;m1[Em0@UM101IOL2466HJ77H2U;m1XEn0CSM101I6016HK60GO28V;o1VEl0EoL60ON3N2OE2217OGO1:U;o1VEi0HQM5N1MQ12^O9]:P2UEh0\\3WM`7Q2SEi0_3TM^7T2QEi0OoLS2LVN4D4S;W2mDm0LjL0J42]10aN284J0R;m5iDVJ3IOM200O1261E11195KKT;P6gDWJ2H0M21OO1171D31O:5KJU;Q6fDVJ3H9M1046_OO:5KJU;P6gDWJ3F]14`NO<4HKV;n5iDYJg1HYN0;4HLT;R6eDXJ4E]12cNO:6X;\\6\\DaI7N1O54BO96Z;[6\\DeI3O0KML5:JL95\\;Z6\\DfI2OO021LL85JC];g6bDeI2OO021LL85Z;[6_DcI3O0K6NG11188Y;Y6_DaI7OOLb02B8W;W6dD_I9O[1:g9Z6UGeIm8\\6]D`IOL<1I1LM;3F02L3;];\\6\\DeI4GL22710NO40`;:\\Dh52oIN10?3WOL3e;<aDi5MQJN10?3WOL3e;7gDR4DZM3cNN10?3_O`;2hDn5HPJM20?5]O];5hDn5LlIJ45;1B\\;4iDo5JmIK42=3^O];6iDn5GPJN10?4]O^;5iDo5EPJOP14kN`;8hDl5EQJOQ13iNb;;eDj5GQJOQ12iNc;<fDh5FbK1YNd;=dDc4JjKMM000XOg;=cDc4JjKNMNAO8i;MbDc4JjKNMNA07h;OaDi5GaJ0@07h;2^Df6JQI16f;Y7YDaH0016`1@_8i7PFaH0016b0^O19[9b7QFaH1N18a0]O39Y9c7RF`H0O27\\1D`8f7TF]H0117\\1D^8h7TF^HO027]1C^8h7RF`H0O27Y1@dN1P:Y8PFQH16[1Ed8d8QFfG[1Gd8c8QFfG[1BdNNo9j8TFeGZ1AdN0o9Z8QFoG34Z1BeNOn9l7oE`H3M43c;^7YDaH1M34c;`7WD_H2N52W1La8f7QF_H0N9Om0GmN9j9U7RFoH001N9Me02RO0k9j4TFUM0TN001N:Ke04PO1k9j4UFTM1SN0O2N8Ne03PO1k9j4UFSM2SN003L50g03PO0j9P7]FoHNO3L12h04oN0j9f7WF[H6I13i03oN0j9W8WFhG7Ni03oN0j9W8VFiG8Mh04POOj9f8[FYGk02POOj9f8ZFYGm02oNNk9g8YFQGK3T1NmN114l9Z8SFiG5EM4Y1LjN3l9^8PFiG:H`;^8^DcG3N`;o7VDYHj<W6TClJ9gNk16PNIl02l7k5TGWJ0N1X18gNj18oMINOd07W8Y5VGeJ0MOO2h0N@:Fa10XN9OJMNd08X8X5VGeJ1J100:M11M[2GgM:OIOMc0:W8X5UGfJ;HI1L4167GT2NgM91If07_OHS8b5dGeJi0K\\O4]1IC0oN8P11TOJS8l5_HRJ]O4Y1OK5IOWOIP8n5`HQJ_O2S14O3hNIe07R8m5aGjI01F0V1:30hNHLNe08W8n5`GiI11GO2Oi0>=NgNN`01Y8m5`GiI11GN21?OB?4Ad0<UOHLOc08Y8l5aGjI00h00PO?X1JiNFN1a09W8k5SHlI60oN?[1CL5b7l5ZIPJjM=U<c5QFdJo9\\5mEiJo0TOn5T6gHmI[NQ1Z1QOWOL38X8m5gHUKFlNeNM47`00AO0IOOj7S6aIlIdN[1X1kNeNM47`00@1OINO90T7a4bHhLb14JdNnN6:0A0OIM072U7m5VJ^KIdNoN4;0A1NGN353S7k5YJ`KJ_NPO690D00ML5S7l5UJ_KN^NPO79OC03KL5R7o5oIaK3]NnN63FH:006GN6Q7S6dInJSO[O[1AgNM0:2HMO28010G<3k6Z6kHcIM10V12XO7A`03VON091IMN390O1G=2j6\\6iHlIMk08YO2Ca02VON091HON28010G>1i6_6eHUK<gNOEc0O\\O9LE6:IOh0G_6R8gHPH=:KEU11]ONH0g7P8_H[H_OE];P8TE[HX;R8VDSHW3Fk4\\8fGQH[1@POOHN30L31256Q8[5fGjM[1eLhNL1902M010V10\\5Y5^IjMX1hLfNL48O1N0103D00e0=j5W5^IkMX1hLfNK58O2MO219D<`0k5T5_IdM0kLX14PO0M4JK853E21Ga0^6R5_I^M6QMR14QONM6JH;6NH13G`0_6o4`IZM=UMk06POMO4KI97LJ14G>a6m4aIXM`0WMg0;jNJ54JJ86KM13I;b6m4aIXM`0WMf0=jNG75IJ86IO13KI18b6T5`IXMa0XM54@9JF86HJ86H102MF40N14;g5R5VJWM]1^MiN8JE:6FJ97G102?DD`0g5Q5TJTMa1`MhN6KE<4EK89E3N2l02o4h7iKmGfN2GIk01L6ZOf0l0Ck4^7ULVH_NNc13SNg0l0Gg4X7\\LWHm0i0PNHg4l6\\JfHR2Mn05PML00m0b0f4^4ZJUM]4hMnL36c0U4\\4[JPMa4PNYN<UMN3E\\5R4aJjL2_O3k0KlNd4OTN>[MCM9^5f3cJkL1_O4f0d7]ObHAG3[5o4cJ[K57^6^OnJ:POHk4o4cJZK72Y6BdI3^17POMg4Z5nJkJZ6FaI2a1L`N2a02g4]5lJjJT4EeL4G5ZOJk1L\\4a5oIjJQ42lKNOOa08c7o4PHjJo36kK;33o2WOk1[5YKjJe2F[N`0jN<13Q3WOj1Z5ZKiJf2HZN^1kN@R3UOj1m4RK[K8Ke2KZN]1lNkNN6T3C_MMc3Q5jKYK8Le2LZN\\1lNkNO5S3D\\M0e3o4jKYK8Le2LZN[1QOgNM8P3E_MOb3P5mKXK5Oc2L^N8iNHNO5NL2:ON7P8h4lGUK42b2L`NOPOM[13c6o4nGRK34^2On0IQN3f4n4lIRK16Y22g2NS1h4mIPK1:U21j2MS1h4nIoJ0<S22S1CTNO^N1[6P5mIoJ0=Q22T1C\\NNb4Q5[J\\Kb14T1An4o4\\H]Ka13S1CXNLP5Q5TJ_K`11Q1EZNKP5Q5UJaKl0B_NMM204n2HXM6^1Ln4P5VJlKNRO]O109OG1O17h2KXM5`1Jn4R5VJnKZOPO82GO19a0KY2LXMN]8T5WH[LYOnN0GM1f00X2MWMO^8S5WHnLWOSN0Of00W20SMOb8Q5WHVMWOiMg01W2NTMOa8S5VHnLWOSN0Nf03U;n4nDnLXORNOOe04T2JU6R5kGPMYOVN:HI7a2L@N\\4Q5WJPMYOUN;IG8`2LBN\\4P5WJoLZOQNNN<0H8^2IG0X4Q5WJoLZOPN`0NC9\\2IJNV4T5WJ_KWO:0_O3Fj07b1Ki4M]JS5TO_KWO91@2Fj07a1Lj4L]JS5TO^LYOhN2Hh09j:i4SE^LYObNNO4Og0<i:f4UEoKWOYO2HON30f0?P8_OkIT5TNoKWOXO3I7Ma0a0n7^OlIS5UNoKXORO0L32V14gNOh8KkIS5UN`KVOG5Gh13XNO];l4\\EcKTOB\\2M_9n4QEcKTOA]2NN0o6n4bGcKTOBY20mMLj11Z7P5`GaKUOJ1G1Mb19^NJm1N\\7R5^G`KVOJ0IOM5OOOP1;mNKm1J_7S5\\GYKWOH180O2HONR1:mNM[;k4]EXKYOF1;NIOM5OONQ1;nNNX;k4^EXKA0GI2K31V1:gNNX;j4_EXKAIF0209LP13hNN09V;i4`EXKAJEO219LQ12oN7o:i4`EYK@OHKNM5OV11iNN0:U;h4aEZK^O0IN3JLN5Nf03YOM0?P;d4eEYK_O0IO2N2H8NN4IM0a0n:b4hEXK^O1IN3O1He02ZOM0a0n:]4nDTKj08@0H03HMNR13WO0F7Q;d4nDTKj07BIFO228Ln05ROMG8o:e4nDSKk072Hl05lN2]:f4nEZKNIk05lN2]:g4mEYKMMVOM_14RO5^:h4iEWKCGGb0OAR14oNI2OM=m:f4jEWKCHFb0NG4GON22M90H10M<o2Bk4f4VHbK9I281HFb0NG4HMO22M82G10L?X1^O:4X6c4XHaK8LO74FHb0LH4G70G90H10M>V1@;3X6o4`HQK06<8[OD0K50?9_OG2OMb0S1_O<3X6n4aHSKN4a06XOER15POH74E6U1G=4V6k4dHTKM5a04WOH:J;9LK@7R1G?3U6n4cHRKM64FM>HL4HMN41N88GH2O8P1Gb0OT6T5dHmJK:2GL>KJ3O0JM10O;NG01:n0F_8S5mFnJI91IK>NI2O01NH;NG01d0Y:`4PFnJI82IL=MJ2O00OH;OGO0T1MQOd9P5jFlJG:3G0;HM4NO10H:NNT1HPOa9Q5lFmJC;c00\\OHh0LAOb0o0ZOUO]9c4[FdKb0GA;f0N\\OGY2k0jMWO]9_4`FfK>J^O;j0DXO03NZ2k0hM[O\\9\\4cFeK>I^O>h0CZO001?NE2P19hN63HP2HY5a4lHcKb080DZO0O2OO20M144a0I]O209O5NMQ2FZ5\\4fHcKW1:BEZO0O3M0271N1H7:G011L5P1_O05Z6X4jHgKS18DEA3E0271O0G8:G02NO6k0EN2\\6V4lHhKR193EiN101N036`00_O13L25g0GO3[6W4jHgKU1;0BmN001M147>H\\O2473J46d0F15X6_4QJkKd0C[N5a0K[O83I84`0H27V6^4RJoK;\\O`N246b0JZO93I93?K14W6_4SJULROVO22FO12L04>8AGO0:2I;4<N00Z6^4TJZLkNVO50GN23LN5>8BFN0;1J40I2k011J[6[4YJmLiNiNG027088AHM0;1J32I1j02;Em5h2nHkNb1HhNiNHO12MO3?8AN8KJ3OL4g01;Hl5f2oHkNb1GiNiNIN03NN30M::FO9JJ=39N=Lj5e2PIfNd1LgNhNg0:GO]OI:4<I?1e5f2RIcNc1OOPOZOLXON:4k1Je4f2RIcNc10OnNZOMXON:4P9`2cFaNc14KmNYO0[OL93Q2H_4f2TIaNf16GmNkNHG1O93K74T2G_4c2TI_Nl1:iNdN\\ON::L3GO3M54W2H]4_2TIiM07P2k0fNcNM8F3GO3N35X2G]4^2TIiM34P2Q1bN^N19E3F04N06Z2F]4n2VIYMU2X1UOcNnNLG0184e0Y2UO\\4n2YIWMS2\\1TO`NWOLA74g0X2WOZ4X2XITN1FU2_1RO^NROJJ0O93h0W2VO[4X2XISN2FU2c1PNWNb04_OMIN291i0Y2RO]4Y2VIQN4JT2e1gMZNi00\\OLMM29Om0OnNQ2Mk4[2RIRN6IT2V2lMbM5;GI0M29OX1Q2]Nl4Z2QIXN4HU2U2lMbM5;GI1L1:OY1S9d0nFXN1IV2R2^NmM]OK57IZ1R9d0PGVNOKU2R2aNjM^OL57G[1Q9f0oFSN2MS2Q2FhM^N[1V2iNf3S2kIkML074R2T2EfM_N\\1U2hNg3o1gIlM51M171R2[2_OfMaNZ1U2iNg3n1SJjMj2`2bNiMcN[1R2gNi3g1nInM_3b2QNiMfN\\1a1ZN_Ne0d5\\1WJoM\\3c2RNgMgN]1]1]NaN4J3j5g1lMb0kMeMfN`1_1YNaN4K5g5g1mMb0lMdMeNb1_1WNbN4K8d5f1mMa0RN`MaNg1_1TNdN4K=^5_1\\JTN=Mf2i2[N_MiN`0J9e1nNfN3K>\\5^1^JUN<Mf2Q3UM_MOLN>LBO8c1]OhN1L=]5_1^JTNd00Q2l3\\MbL0;O@O9[1CjNJK0946Oe4f1VKVN73T2b4]MUL0YON02b06[Od08XOKKN=OMc0e46RKK0_O;N35b1L]Nd4DUL1XOON2e04ZOe08XOJNMg0f0S4KUKC3>MA:N37T2a4^MSL3VO0N2f0S1[OjN0X1f0eN\\Og46`KL0<KAn04d1a5QNPK[22f1]OdKL1?j0E_1]5ZNoJS27e1\\OdKM1:HEQ15`1_5TNSKW22f1[OdKN29GFQ15a1Q6^MeJk2Of1[OaK8L5Q1Fa1U74bH]Mk0]4[OaKo0OnNj08Z1b7?UHbMP1S4SOiKP1OoN3Ka0=V1FXNm7`2THcMU1n3<PL[N`0f0^O]OS11lNU8U2gGVN4JV1m3<dLl8o0^EhN2M3I]1h35fLo8T1[E`N1M182I_1f34fLP9m0ZEfN2172OL]1g30gLT9h0SFiN^1d3[OiLY9a0hH`2PNkLfN?CE2N4GLOh80YK\\3eMhLaNe2IXM_<o2aCVMe1McNg2FYMa<j2cCXMd1MbNP3j4oLl0NVKl2POYMQ2o2m2oLj0OUJOl0i2XOZMP2Q3m2nLj0OUJOm0f2YO^Mj1T3P3iLlMOUM3j3`2]LeMf0HUO27W3[7gLYHg0P4V1oKTNg08LN\\O12K;V3Z7fMdHPO]3n0\\LDl0KYO`0HWO;o2DSMg7k0\\HWOe3c0aLAj03TO=KXO9o2GRMe7l0]HVOe3b0bL\\Om0=TO1J^O6S3EQMf7n0[HSO9JJ0R3h0VMXOn0b0SOM8f2ZOPMg7o0[HRO8LJO10l2d0hNOgN@CN?NAU3MPMg7P1ZHQO8MJO11n2;oLCi1h0bNZOGO>0AS3NPMg7^1]HaNNN30o29_NGgNh0OXOK1;Y3AiLZ7KQId1HaNMO4N`0O90h00O4eNl0GQO65J_30_LY7LRId1FgN3F`0O90@2EOS21TN40k004H_1O`MY7LRIS2HPN`0M:0_O=e1ITN04m0Mk2JWLe7P2\\HQN?LD59KM>d1JSNN7Z5]7nLdH_MJ5N64HK32NN`0U1@\\Oc0Hk4Z7SMbH_ML`02i0o0lNYO`0Mi4[7SMbH_MKa02k0n0cNROO9g0Nh4Y7RMhH]MIe0Oj0e1lNZNN;U5V7SMQITNDd0o1nNYNU5R7\\L_HeN1Gf0b0@F9Nh1IYNS5_OnJ`7d1bHdNOHf0b0AE:Ne1H]NS5]OoJ`7^2TIXN_OE<Me1G_NQ5^OoJ^7c2lH[MGm0NE;JGFj10gNP5_OPK]7j2cHWMOj0OG2@N90G3Ma12nNo4AnJ\\7m2cHWMN`12`NM:1G1O`10ROl4n4PK`Ln2QNVMN`12XONZO`1NVOi4d4SKjJ1l1l2TNUMMb11B]1nNkNNOi4Q5UKiJ2l1]2SNkM3FMf0M63;\\1nNjN00e4R5WKgJ2n1\\2RNlM3HKc11B^1mNiN21b4Q5aKdLf2UN8l0iL\\O6L02b4Q5dK`LQ6eNcIL206JO4`4Q5gKiJA_1`6dNbIM109N9OD:^4P5hK]LQ6_NbINO0S1LUO;]4o4bKTLIoN^6a0eITOOO4706]4l4aKWLMkN]21o0c1hL`N^4j4\\K[L2gNm1E[Na0LF0L5O875Q2ZOYN`4]6aK[Ik1EYNd0N24^O855k2l3U2_KZL2hNW27PN@N2l0NGY1WO@OOZ4`4hKWL1iNW26aN_OY1[1PN_OL1Z4_4jKVL0kN[2JaMNS31nLn08CI6V4`4lKUL0kN[2IcMNQ31oLo08BH7V4a4jKVL0iN^2JaMMR31PMn01IN3T4_4iKYL2gN_2I`MNS30PMn01INA14P4T5lKkK2nN_2J_MM6Mg11oN3WOm02ZOK23N33m3T5nKlK0oN`2HaMMR31UMd01DG12N54j3n4VLRLHoNb2Fj0NoL5GK149ME1282N36i3l4YLRLFPOc2DY12_LOa07ZOO47f3l4]L]Lh7XN`H0E?e3m4^L\\L_8XN^G`0d3e1RLP18jMH^O1Oc2Di28iJ149b3b1ULQ16jMM[ON1`2J_MNT1NT1=]NG]Oh04Ja3^1YLP16iM0YON2W2j0eMPO;7M;4[OIl0JZO:U1I_Od3[1ZLP16iM2WOK6?FA1n0NWOY12SOK<3\\OKR15U1\\3K\\Lo06iMO[OL3Y2?gMZONM=2EN:1F8;EI3Kb00@:X2X3Q3dL`KN\\OM2Z2DhM30OO0i18iNG@b0M@:X1EG^3]4hL_KM]OM2b2DI2gMOb0OF;HG1M2;Kb01@N6]3m4kL^KJ_ON1R5CSKOa01F3E02O1N0;M1001O07Q3_OPMa54]Lj4QNlK0YOOM<0G1N0;M1001N39h2\\5WMRL[2nMPO0^O101WO0N;0F2NO<N0001N6d0T2X5dMlK^2mMPO2^OO11VO1O:OH2MO;O0001M:f0KQO28?JDU6DlKm5nMWJOO;0G79H1OO2N:Q1IoN`0L[OM3U6MkK\\6QNeINb08@1O00O;R1FmNc05YOj53kKk7VNVH11IK1>Y1EhNh0c6YOYK\\8oMTH1K]1CfNj0d6ZOWKP9RNYGi18Q5DnJg7ZNUH4017W9NcFEb1T2]Nh22XK065H4NO;U91`FGb1o1dNmML6OS114N[O:A9Of0M^86ZFHb1o1iNSNES133OZO8C:Oe0KRO0n8NjF21O^1R2bNXNLm04m05TN:MGKb01^O2S;Q2cDXN0m03k05VN9KIKa03^O0U;`2bDbNOnN2Q20mM19?KHL3OO3N0_:LkEl3]OXL1Q21lM0:?KHM2N03GL24c:NkEj3^OXL1a1OgN9I?OBN2OO4M1]:MmEh3^OZLOa12]N00:0?OBOO2N5MN^:N^EM127a3FjMOoN3D1181`0NA0O2N5L0^:M\\E010:^5G_J2081`0N@101N5L0^:>hEY5NUJ2L0300N2O4LO^:a0gEW5I\\J6FM7N2N2OF074N^:b0gEU6GSK3VN_:a0hE[8ITGR:ITFg03i5JbIKP21TNS:NSFM235m5@WJb07EA2m0IYOS:0cFKJ_5BiJk04FK^O7NFU:2aFIMP3\\O[M2`14]Ni05GJ]O8NFU:2aFJL^5AjJj06HEZO`01A\\3NeLN[66ZJJLZ3^OiNOVN6E>b01B]O0N:1HV3JlL<X6MlIL2N9Y3_OWO3_M9OFb0a0A^O0N:1HT3=i2]OWJ2M74M3L:Y3_OYO1^M91Fa02\\O94EOO;0IR3=j2]OXJ1M65L4M:Y3^OYO0_M92E?4]O85EL1<NJP3`0k2ZOYJ2L29Nk0W2kNcN3?NQO080^O;1D:3C2O77K6IKo2g0g2RO_J3K0;Oa0N^OR2JiN0_OM2000010NN<9O\\O17K`0b0ZOY1P1CoNY21VL:6Ib0M_OP2JkNN`0NQO0>;IH\\O0276K?b0\\OX1P1DnNX22VL:0FO3j0K@Q2Ij16iLHE9NK?b0^OU1o0GmNR2Z1ZLUOf0b1^Ok1OTL0S12ZOO:e0]OS1P1[OROkN7W3a1]M2^OP40gJf0\\O[OL_1V1@UOPO1S3e1`M1YOP44fJe0^O[OK_1T1AmN\\O8h2e1aMR5XOQJ2Ef0@ZOK`1S1AmNAN_O2X3e1`Ml3VOVK7ZOK904M5j0BXOK`1Q1CoNE1Q2O`M2KT1g0Y4XOmJl0DVO<JK1Li03UOJb1Q1DnNE2@OP22nM0MS1i0^OPOS48fKj0BXO>GK5Hg0=f0b0FQOD0@1n15mMOJT1n0V4VORK8^O01Li0l0D>a0T1UOB4lMT1JjNQ1Z5UOSK6_O1OMi0k0E`0>R1ZOA3mMR1LiNQ1[5SOSK7@IM024h0l0E`0>R1[OZOJQN83R1LhNR1]5QOSK6@JM115g0j0Gb0;S1_OVOFTN:1R1NhNR1[5QOUK5@KLO36e0l0Ga0:T1AZMGg13]NW1JiN1Ml0[5UOYK4_O2OO:GKU17b06V1FUMGi11^NU1MkNMOa0NEY5L]K2^O2009GJV18a05W1HRMH[1LQO3GOMW16jNL0a0NGX5JkKOmNO379GJU19b06U1NZNAnNMM4N]13aN00`0NGX5IlKNWO8;k0Jd06R1NXNCPOl1OoM13?KJS7McI<YOHc0[18ROXO>NUOe0d0T2QO]M>KLW7G_Ia0YOIb0[1:POVO`0NUO6D5P1^2QO\\M?LLV7F`Ib0XOHc0G]O_1l0S1UOaM:j0^2LWMBV5BfK103LQ1YOkN<j1=W1^OQNInN7f0Z1m0^2^NkL4L0O32R1Cd0:X1]OUN1_OU1WOlNe1W3dNhL=4@=2N16S1_Oe09f2BSLV1VOlNg1Q3JjLfNd02N26S1\\Of0;e2BRL_1o0d1cNnL>0^Ob010G_O0e0`1[Oc07\\2GgL_1d0e1`NmL?1@a0O0G@18OMb1Ih01T23gLZ1g0e1]NoL`0OAa0O8H_OOOa1Ij0MT25gL\\1e0d1VNmL22f0OAa0O7I_O0N`1Ki0Mc3a1mKR2nNaLA0F998F_O3330^1MQ5LPK3[NZ1m1T2_N_L04O0F989G]O4330S1OiN1`6KSKO]N\\1l1S2]NaL04O0F92D0<NI8OO0R13fN0b6IYK[16Q2TNcLO2631OF91F0:OJ7O0MS1?k4_OSJ0]1O]N]1m1Q2SNkL304d0FO4[O3LT1=PO@_53^JO\\10^N[1o1P2QNoL007`1I]N4IU1?hN@11d53_JM]11\\N^1o1k2SNhMOUNd17_NBO0e53^JN]1d1<Y5TOPI]O`0DBO0R1O[34fKN]1d1<Y5TOPI]O`0DBO0R1O0"}, "iscrowd": 0, "area": 411359.0, "score": 0.47427505254745483, "bbox": [28.0, 20.0, 996.0, 665.0], "category_name": "bluemussel"}]}