{"images": [{"id": 0, "file_name": "images/blue_mussel46.jpg", "width": 500, "height": 333}], "annotations": [{"id": 0, "image_id": 0, "segmentation": {"size": [333, 500], "counts": "0h21_Oj0kNZOQOO2P15=f4ZORLWO]OR1K=f4ZOdL8fN>e4[OSLUO@Q1Fa0f4[OcKTOEO020N5P1Lc0f4[OdKSOEO011O6n0Je0f4[OkLO_Nf0e4[OlL0]Ng0g4YOVLROAP1Af0g4YOjL2^Nf0g4YOkL1^Nf0f4ZOjLm1V3TNaKnNL100000O0P3c4QNiKoNM0NQ3\\4PNfLQ2Y3PNdLS2[3gM[KXOZ1Q3[3gMkLZ2T3gMkLZ2U3fM\\KTOS10mNZ3d4bM\\KWO9L30Fb3a4\\M]KUOn0_3e3]M]KSOo0_3c3^M_Lf2a3ZM]Lh2c3XM\\Li2d3WM[Lj2`3WLdKP1i0l2c3XMYLQ1YOD^4XNbKP1g0S1[ODS4YNQL0Ko0f0T1[ODP4]NWLk0LPO9W2BBR4\\NWLk0KQO9R4h3nKVLn07V3Q4jLmKX3R4iLlKf1BkNb4_O_KPO8g2KgN]4C`KoN7h2OcNZ4FiKh1NaNY4GiKh11^NV4JhKi18WNP40gKj19VNP40fKk1:UNP40eKl1:UNQ4OdKm1;TNQ4OcKn1<SNQ4ObKo1=RNR4NaKP2=RN[3nNjLP1^OP2:PMDR1i3oN^LO1R1J`1O^MO7:KFP1h3POhLO_OU43kK22Ko0h3QOgL0CR4OPLOL010P1h3QOgL1BQ41VLNg0h3QOgL2Aa30fL3NOg0f3QOhL2Ba3NhL1O0e0c4c2]K\\Nb4^1^KiNe3jMTM\\3XOjNd3jMTMg5k3NO10SN\\KQNf4j300lN\\J^Me5b2[J]Mf5c2ZJ\\Mg5c2ZJ]Mf5c2[J[Mf5d2[JZMg5g2XJYM[3XOgLOl1`3QNYM[3CcNT3SNXM[3\\OdLKQ2`3PNZM\\3WOkN_3iMYMj5g2VJXMQ3XOmL1c2^3`MXMQ3]O_O[3`MWMR3_OjLL`2Z4g0hK]OW4e0hK[OW4d0gK@X4[30cNiKdLW4c2jKWL4LN10X1T4\\2jK_L000MN050NX1U4\\2jK_L01N14JOZ1U4V2kKaLOc06g0P4n1kKiLOi04a0R4R2jKfLNb06g0R4l1iKhL2k02b0S4j1PL^MH^O4[1T4i1PL]MJ]O2^1T4f1QLoLG1001J013_1T4c1hKnL94H0O15JO`1T4Q1jKjM;FD132M18\\1o3P1jKeMNK=9D38T1o3P1iKfMOJ6OLn00i0V4R1iKYM5NLn0Oj0W4P1jKYM31N;M10[1X4m0UL[MFl0Ml0X4m0VLZMD0O2O30V2X4;ZLZM_Ok0On0Y4?iKlM<OH2J82FOf1X4HhKlNOH200K47M?O]OOf1X4HoK`NM3N2MK67Ke01l0W4HWLdNB7Nl2o2lLVMLh0`1_OjNE]3X4gMSLh2n3VMRLi0FIY4]OPLSOGFOh00d1[4iNoKUOIENh0OYOO30j1\\4XOlKVONDKi00VO132j1X4XOmKYOMCJj01TO321l1W4WOmKSOIT11cN23Mn1d2PNmNU1^NZO3l02dNM10P2c2QNlNg1aNB`0f0T2PNkNa1^NcN3T1a0i0g3]OhKhN3P1;l0h3XOgKhN451P1:l0c3mMnKc13eN1o0;m0Z3KZLG;?Q31fLC6=o21fLiM6i14>n22PMA1>n22QM_O1`0m22mLeMOh15WNI[2T33nLeMOf15e0l22QM`M0j12d0k22RMcM1g11e0j21VMeMMZ4l2RNXMbMM\\4j2SN`Mm1^2TN^M]MK_4g2WNZM]MM\\4h2YNYM\\MO[4g2YNXM_M1X4g2bNYM^1g2bNZM]1e2bN^M]1a2dN_M\\1_2ZN]MbM4T4^2ZN`MbM1T4_2[N^MbM3S4^2XN^M]M183S4^2WN_MlM2m3_2TNbMPNMm3`2SNdMoMNm3]2gMaMUN66Nm3[2iM`MoM0M973T4T2iM`MoM=3OU4T2hMcMnM:4MY4R2aKeMT2d0RNB\\4T2fMjMhM98D]4X2dMkMgM8R5m1WMZNi23oJi0X2SOQN]O]4Y2bMlMhM70Lg4Q2`MmMiM51Mf4P2`MRNhM01Li4Q1XKFU2^OkML0Ni4S1VKFU2]OmMEN222i4U2ZMSNoME01h4W2YMSNPNDN3i4V2dKgMR1=bNEM1k4V2ZKhMI8^1;bN@00m4U2WKWNX1a0a3ROTK0200`11lNY15dNFl4OWKH0b1OmNZ13eNFl40UKI1a1OlN[13eN_O01k0OP3`0TLS12jNZ14eN_OO1m00n2a0SLQ14jNZ14eN_ON2n0On2W2WLUNZ14cNGn0Jm2V2XLUNY1>cNTOP15j2T2ZLUNZ1=bNUOP15j2T2ZLUN[1?@YOj2S2ZLVNe11[OFf2T2YLUNP2ESO3c2S2ZLUNQ2DRO5b2R2[LUNP2FQO5c2P2]LgM15Y349P2hLgMP3:7o1iLfMR30aL7d3S2iLfMR30aL7d3T2:eMRL7d3X2bLaM[30_L7d3Y2`LaM]3O_L7d3Y2_LbM^3N_L70J`3a2:kMDU2<lMCU2=kMBV2>iMBX2jM]MY1;l0Y2iM^M[1:j0Y2jM]M\\1:j0Y2jM^M[19k0[2iLYMe0NXO7^28k0a2^M[Mg1HcM6W3g2_M[Mg13k0b2^M[Mg13k0c2ZM^Mj13h0`2\\M_Mk1_OdMa0T3e2YM\\Mn1^OeMb0S3f2XMZMP2^OfMb0Q3f3[O[Ld0f3[O\\Lc0f3[OPLhMKm2U4[OPLgMLn2U4ZOZLe0g3ZOYLf0h3YOYLf0h3YOQLn0P4QOkKT1W4jNfKY1[4fNdK[1]4dN]KoM0`3f4T21O003M3M1OfNmJ\\MQ5R2fJ_M2^O2P1V57gJ`01oN4=o4l1oJhM3;m4j1RKlM48i4k1nJSN93h4i1PKPN0YO5P1i4g1RKQNNZO6o0i4e1SKZN40KmNk02Q3h2TLPN1[O5Q1b0POR3`3YL^L3U19TOZ3X2WLXN3XOMK2W1NiN>?Z3V2YLWNNUO140K2W1NjN5f0c3i2XLdL115Q1JjN7f0a3h2\\LcL0135MINf05Ob3i2[LcLO2425`01J\\3T2VLVN4YO0230:>MK^3k0ZLiNMg12YNO24O<;ONZ3c0kLh0]O[N01n08YOFI:i3a0oLk0TO_N00P17AM]3a0PMk0RO`N00Q19XOBI:k3?SMLRO5NZO20o0:TOFM6k3?TMKQO6NZO201Oe0<[OGN4l3>VMKoN7NZO20N3h07\\OGM6k3=`LYO:`0[O81XO23K4i06\\OFN7j39aL@:=YO2O@=:<2\\OCO9i38aLB;;XO3O@=9=4[OAO:i38bL@ANg0?YO;1ZO18i00VOD1209k37bL@AMi0d1YOiNk09UOGj37^LCb0b0WOL0Gl09SOGj38VL\\O44KLl0h0XOKNIn07QOIj38VL]O23MMl0i0TOK1HP16oNKi35YL]O14MM4Ob0b1[OkNQ16mNFo39[L@IO2Oc0T1XOoN4M1<P1>l2GZLAHO2Oc0Y1CSOj0>l2F[LDEM40b0X1DSOk0=k2F]LDCNP1^1QOnNR1=n2EULEJNV1]1jNnNP1`0Q3BULFIMX1l1IoNQ3BTLLKGQ1l1OoNQ3BTLKLGQ1]1nNnNQ1=T3FTLFHMS1V1ROQOl0`0S3FTLEINS1T1TOnNFMS1h0S3GRLELLR1U1`0D_2ESLCHO^1X1iNiNI1S1g0R3CTLFX1g1ElNo2GTLFX1g1ElNo2JPLDKN]1h1IlNo2JQLBK0\\1h1IlNo2KUL@U1h1GnNn2AmKN9KK0R1h1LWNnNh0R4@oKN7KL0R1h1LWNnNi0Q4@nKOj1a1\\OPOl2JjMT1[OoNm2NgMS1\\OoNm2NSL^OY1e1GoNm2MhMT1[OoNm2ClKOj1HVNg1Y1jNn22YL^Oi0f1OjNP34VL\\Ok0f1OiNQ33oK^OY1f1HdNT38iKA[1b1H`NgNL^4a0gKB[1b1HaNY3=bK@]1b1H_N[3`0aK\\O1NU1g1O\\N\\3c0aKZON2U1e10[N]3e0]K[O2OT1f1O\\N^3d0]KYO32R1f1OZNa3g0aKYOo0f1NYNd3i0]KYOR1d1MZNd3i0^KYOP1d1NYNe3k0\\KWOP1g1m4gNlIL]1^1g4WOVKi0i4UOmIRO9Of0j1T5UOmIRO9Of0j1T5XOVJnNf0j1T5XOVJoNe0i1U5XOVJoNd0j1V5ZOQKh0Q5aNlI5R1[1ORNm3U1hKkNCR2d0oMo3V1iKjNBR2f0oMn3U1jKiNCS2e5VOQKk0n4VOQKj0o4XOZJdN<T2Z5^OTJ^Nb0U2[5ZNRJ`0f0Q1ZOSNS1Nc3b1oKb0>mMb3b1oKa0?mMb3b1oKa0?lMc3a1PLc0=lMc3g1jK=c0kMd3l1eK:_5[NUJ]3k5aLWJU30cLf5S4XJmKh5\\401OkK[J6O_O5LN4O[2b0cMX4c4hK]KX4c4hK\\KY4?TKEN10O100o2b0mL\\4=TKFN100000P3Y1kLm2h4SMZKk2g4SMZKm2V2mK4U1fMmN6b3V1\\LnN1E1]2Q1cMmN;1C]3m4dMWKlN9e3]4[LYK3Ni03TO8g34YLL2IO00000011V2OoMi0IVO7i34WLM21OHO1012NO]2i0aMWO7g3X2XL1j0`MWO6h3n4QMmJVO4j3Q2XLa0a0VMB<g3m1VLaNNT1c0RNB;h3o1TL]N4T1?VN_O3N0m3V2TL]N1U1a0UN_O3NMR46mKf00YO00094ALc2f0^M^O1S4V2lKiMN`2f0aM\\O0S4Y2jKhM0?2^OOg1=YNJ3H2U4U2lK;n0^MV3V2mKlMNL2X2m0iMW3X2jKnM4o1m0jMU3c2mKC8iMc4S4YK`L4_Ob4m3cK_LKF`4f3jKdLFH^4c3mKeLDJ^4`3TLaL_O0[4]3ZL\\LPO0<<U4T3cL_LnNO:`0T4Q3WMPMi2n2ZMRMe2NcKY1NVOn1D`2MdKX2g1YM[Nc0Y4McKW2j1ZMXNc0[4b2_MmLVN`0[4_2cMQMRN`0[4^2dMRMQN`0[4]2eMRMPNb0[4Y2hMVMmM`0[44eK]O01N]1V2aNlM`0[45dKY1U2RNlM`0[4X2jMXMkM`0[4V2lMQNT2n1mMkMfMB]4b2nMlMeMB]4a2PN\\MfMOO41M[4c2PN\\MVNOk3`1aKC^2nNg2c2ZM]Mf2b2[M^Me2a2[MaMd2^2]MbMc2^2]MaMd2^2]MbMd2[2^MeMa2\\2_MdMa2\\2_MdMa2[2`MeM`2Y2bMgM;OnNY2h0hM:OnNX2i0iM9OnNW2j0jM[2U2fMkMZ2U1mJDj2XOX2U1lJDl2WOX2R2iMnMW2R2iMnMnMM\\3V2eNmMoMMS109V2b0jMXM3S5S2hMmMX2R2hMPNEKOV2:PNY2P2eMRNSOHRO0Z1U2?VNlMEm3U2UNWNoMDY11d0T23YNoMBm3U2PN^Nc2b1\\M`Nc2JQKS1[2UOc2]1]MdNc2\\1\\MeNd2[1XMlNe2@TK611T2;oMPOl1O?S2@TOTNlNk1MQNO_2T2@UOUNjNk1Nc06aMMN]1n1ISNjNm1Mc06aMMN\\1o110`Nb07_M`1o1JLbNf0o1WOXOWNPOl1Jf02`M`1g1DYNoNi1Lg01`M`1_1LaNfNj1Ij0P2iNCcNcNk1JTNNb2R2kNDdNaNm1Jg06\\M`1_12\\3_NTK`1X1[NhNo0OEl4\\1]LUOgN_Ol4]1[LNe3XOVK]OQ1S1mNVN33j4X1TK\\Om0V1TOSN13\\1Ok1T2bMGVOUNN2a1Nh1T2\\MM^OUNn4HoJ233N0OV1e0g0_OUNm40oJd1>VNCT23QNl4P2TKlMN[21jMi1IV1X2nL=3aMn41QKNNW44gKP5j4PKWKP5[3lJlM3kNQ52mJi26TNMROP50PKK10N[2:cNGWOQ51lJg2<PNGZOP5P3ZKfME[ONFP5Y3^KeMD\\OQ5NlJ_12\\O>:d4LTKSOMf0=9b4LVKnNFM1N10OQ1d08_4LTKlNI4O02KO10l0f0EYO1T5ElJH2142L19ME`06:c0D[O2P5a0SKKIOj0BYO7n4=UKi0g0aNVO:m4b1PKiM1f0l0FSO:Q5a1WKZNg0`0U4W1SKYNh0c0R4X1RKUNl0d0Q4X1VKoMm0;WOXOe4_2YKjMm05^OC[4a2TK^MO9W13YOF]4d2SKcMW13WOH_4b2TKcMV11XOJ^4b2WK`MS14YOI]4P3ZLWMZOH\\4P3[LXMZOF\\4k2QKWM^1NdN5a5?]Je1c1kMV1MNo2eN]MiNDY218n2gNZMgNFM1W5c2kJbM]1K`N15OX5a2hJdM[1KiN1S5_2kJeMX1LhN2ILY5`2oJfMX1JhN4HLY5Z2VKjM]1N`3W2TKlMZ1OVNLY5Y2VKnMZ1MWNMX5W2XKRNV1JZNMX5T2[KVNR1Hg3Q2XKWNQ1Hg3o1mJnM2;Y1I]NLX5Q2QKoMK0N4O1b1Nh3h1\\KWNXO24O`10h3h1RKgNEC`1Ni3g1QKjNEBa1Mi3f1TKTOS1UOi3f1`KjNg0@i3d1XK[NBc0l6P1cI^N]Of0P7i0gI`NYOc0T7g0nIXOS6g0jI]OV6c0iI^OW6?nI@lNYOR7U1UJHg57ZJJe55\\JKd53^J0_5LeJ5Z5IfJ9`NlNh6j0hJ=X5@iJ?Z5@gJJ`N0k63hJM]NONBk6a0jJO]NNNB10f6=QK4ZN8a6_OYK;UN6b6@nIGDOg0f1f5dNmIIB20L0Oc0Z1\\OPOb6"}, "iscrowd": 0, "area": 63732.0, "score": 0.6095057725906372, "bbox": [6.0, 3.0, 494.0, 299.0], "category_name": "bluemussel"}]}