{"images": [{"id": 0, "file_name": "images/blue_mussel44.jpg", "width": 1024, "height": 768}], "annotations": [{"id": 0, "image_id": 0, "segmentation": {"size": [768, 1024], "counts": "a32>0P13k62bH0YO33Mf0J`13a5N`H0P13k62bH0YO33Mf0J`13a5N`H0P12l62bHO[O32Nd0K`13a5N`H0Q1Om65mH0QO01N2On02PO000c7M`HO_94_GOnN20O20m02PO00OSb0OQ_OMoN3M211k02ROO0Mh7L_H0^93`GOnN3M212k01QOO1MZ7IoH10000m85oGOmN5M112c0C_O>JN3LY7IQI1N1001N]87^H2jN3O115=g0BPO[5GRK0000001N2N110N0]86`HP2lNAW5UNUK0000002M1O2O1OO]86dGE62IX4`5eKfJ10001O0O2O1ONZ8<dGDc0Y4Z5eKZJOO101O001ONX8c0_G@i0X4Y5dKZJ000O101O00OW8d0]GAj0W4X5dK\\JOO10001O00OX8c0]GAj0Z4T5cK]J00000O2O01NY8:\\GG5Nh0`4P5bK^J001N2O1M05K[87gHJiNU4f5lK_J1O2M10?2]O\\84TIP4S4kK`J1O1N1O3J19H\\84TI4XN21l2h5iLbJ1_1O[74eH3WN5Nm2ca0kLX@3WN5Nm2ca0jLZ@2VN7Mm2da0iLY@5TN5Nb10[Ofa0gNX@9RNU20lNec0a1[\\O`Nm3dN\\;1PAk2GcNj3aN];4PA\\4a3`Ka:1`B6^OY4`3`Ka:4\\B7CU4_3`Kb:V1nA[3_3_Kc:W1mA\\3^3]KfM1d;1WCl01f3]3\\KgM2n;i0nBk3[3ZKiL1c03[<4mB40]4Z3WKkL1c02]<2mB6O^4Y3WKkM1T<0jB:N_4c4VKQ9:]B`4\\b0`Kd]Oa4U3UKk;8PAd4S3UKR<1l@k4Q3UK]<m4aCSKRNNS=R5hDPKRMOX?S5dCnJTMOX?T5cCmJTM0Y?T5bClJUM0m>NZAV5c2lJWMNZ?W5^CkJj<U5UCkJk<W5SCiJ^NOT=\\5ZDeJbN0T=[5YDeJcNOU=]5WDdJeNNZ=a1]AU2c2\\L\\=^1R@W2`2[L`=W5_BiJe=T5ZBmJhNNd=U5bCnJgMOj0Nn=V5_CmJhM1:L00_>W5_CkJhM2:LP?e4i@cKU2JhM1;Mo>d4k@dKR2JiM0OO7OU93[La4aJcKo1KjM0<Nn84]L]4UMaKUMO<Nl86cLR4UMkKdMMc87fLh3YMULmLL80j89jLT1mIP1[3gMlLLb9:\\LP1mIR1Z3gMjLNc99]LP1kIR1[3gMgL1f96^Lo0iIT1\\3fMfL2g95_L]3TM\\LfL2h94^LW3[McL^L4j9O_La0gIm1b3aM]L3k9MbL?eIn1b3nMW6BfL?bIm1e3WNo5[OlLa0_Il1g3YNb<\\2^CdMc<[2]CTMWL;[`0a2^CTMWL9^`0a2\\CUMWL69Gk?l2gCWMVL48Lj?g2iCYMWL161k?_2lC_MRL271j?]2nC`MPL47Nm?]2lCaMoK58Mm?\\2mCcMmK57LP`0[2mCQNQLES`0V2oCWNkKEV`0l1VDlNj;P1ZDPOg;n0ZDSOe;m0[DVOb;j0^DWOa;h0`DjN\\KES`0a1aDgNaKFo?a1aDfNcKHn?]1cD^NWK3;2P`0V1`DdNXK19OX`0W1YDiNWK08O]`0P1XDQORK19NOOP`0o0gDTOoJ1:OONQ`0l0hDVOmJ2:OO0P`0i0jD@UKI0OQ`0e0lDEQKKNK\\`05nD6gJJOKXf0=eYOK2HYf0n0iYOQOWf0o0iYOQOWf0b0dYOB6LVf0b0eYO@7MTf0b0fYOA6LUf0c0eYOBhf0LVYO:3Kff0KYYO273`f0JZYO31IO:ff0KXYO319gf0DWYOi0if061O1O100O1O1N2N2M3O1O100^OjXO94Ckf04RYO3NJYg03gXO52FWg0a0]H_OoGb0P8^OPHc0o7]OQHe0d?001OO^H[OkGb0X8_OgG`0Y8AgG=[8DdG<\\8EcG<]8DbG1dH4i?KcG0hH2f?NaG0iH2f?O`GOjH1g?0_G0hH0j?0^G0eH2n?N]G9e8D\\G3dHNdg0250000O10001N100O2OWi:1fVE3N101N2O000aj04ZUO2N1^DAC?<E[DLM6d:9T1GVD:e:OU1HUD9f:OU1GVD9f:OT1HWD0MNk::Q1FZDOm:;i0FZDOm::j0GXDOo:9j0ISD1S;5k0JQD2T;3l04UOJl08PDCl:3V1a0PD[Ob:3^1j0bNUO_1k0aNTO`1l0`NTOa1e0lCYOd:1V1N]Dg0c:[Ol05^D`0NYO^f08cYO`0L\\O`f03dYOj0Z:oN`15WDl0X:QOa12WDn0V:QOc11WDn0U:ROc12WDm0l3mNV24f53XDm0j3nNV23g53YDm0h3oNW21g54ZDl0h3POU21i53ZDm0e3QOX2Oh54[Dm0b3SOY2Mi53]Dm0_3UO[2Ki53]Dm0^3WO[2Ji53]Dl0_3WOZ2Ki53^Dk0^3YOZ2Ji52_Dk0^3XO[2Kh52_Dk0`3QO^23b51_Dl0n9TOa11aDk0n9VO_1OcDj0o9XO\\1OeDi0o9XO[10fDg0P:ZOW11iDd0Q:[OT13kDa0R:\\OS13kD`0U:\\On05mD?V:\\Ol05nD?[:XOf09oD?\\:XOc0:QE=^:YO?;SE;a:YO:=UE8d:ZO5`0WE6d:[O2a0ZE5d:YO1c0[E5d:WO0e0\\EYOLc0j:_OVEKa:j0dEXOLc0o:@_Of0fE1m:XO\\Oh0gEOP;WOXOk0hEMS;UOUOP1gEJee07[ZOIee06\\ZOJce07]ZOI[e0UOcZOT12GYe0a0gZO^OYe0c0gZO]OWe0e0iZO[OVe0f0jZOZOTe0h0kZOYOTe0h0lZOYORe0h0nZOYOod0i0Q[OWOmd0k0S[OUOld0l0T[OSOg7SOX5k1QCROc7XOZ5g1SCPOb7[OZ5f1TCPO`7[OZ5g1VCnN]7_OZ5e1YClN[7AZ5e1[CjNZ7CY5d1]ChN[7DW5e1^CgN[7DV5f1_CfNZ7FT5f1bCdN\\7DP5j1dCaN`7Bk4n1eC`Ni7ZOa4V2fC_Nm7YO\\4X2gC\\NQ8[OX4Y2gC\\NR8YOY4Z2eC\\Ned0c1[[O]Ned0d1Z[O]Nfd0a1[[O`Ned0_1[[OcNcd0]1][OdNcd0[1][OeNcd0[1][OeNcd0[1][OdNdd0\\1][OaNed0_1Z[ObNfd0^1Z[OeNbd0\\1^[OgN^d0Z1b[OfN]d0[1c[OfN[d0[1e[OeN\\d0Z1d[OeN]d0[1c[OeN]d0[1c[OeN^d0Z1b[OgN]d0Y1c[OgN^d0X1b[OhNZ3QOe=V2Q_OiNY3TOd=S2S_OiNY3TOfL7_`0l1b_OiNZ3ROdL?[`0h1f_OgN[3QOeLk0o?]1Q@hN`3N\\<Y1T@iNb36U<l0Y@POc36Y<?U@mN1Db3o0Z<=S@oN2Ea3o0[<<R@PO2Fa3n0Z<<S@QO1Ga3k0\\<<R@SO0Gb3i0]<<Q@Gb3L_<;o_OJc3I_<<n_OMc3Da<>l_O3`3lN^LD27T`0V1l_O51aNU35QMMo?W1j_Oa0V3YNSMMn?Y1i_Ob0U3WNe=W1V_Ob0V3UNf=X1T_Od0U3SNi=X1R_Oe0]d0YOc[Oh0^d0VOb[Ok0_d0SOa[Om0_d0SOa[Ol0`d0TO`[Ol0`d0TO`[Ok0ad0UO_[Oj0bd0VO^[Oh0ed0VO\\[Oa0N`Nhd0n0Z[O`0Qe0_OoZO`0Se0_OmZOa0Se0_OmZOa0Re0AmZO`0Re0@nZO?Se0AmZO?Se0AmZO8LkNXe0m0lZO52kNh?3VEm0PK4S`0POmDl0PK4Q`0ROoDj0PK3o?WOPEf0QK2n?ZOQEd0QK1m?\\OSEc0PK0l?_OTEa0PKO_?LcE5nJOP?9TFGmJOl>=XFDlJNj>`0[FCjJKl>c0YFCkJHn>d0WFEkJFo>e0VFEkJFo>d0VFGkJEQ?a0UFJjJDU?<TF0gJCW?;RF3gJBW?:SF4fJAX?;RF4fJ_OZ?=oE5gJ[O]??mE6fJ[O^?=lE9fJZO_?;lE;eJZOa?6lEa0cJXOc?5jEd0cJUOe?6hEf0cJmNl?=aEf0cJlNm?=`Eh0dJiNn?>]Ej0eJhNo?=[El0fJfNQ`0<YEo0fJdNh4OZ6>XJo0GcNR6=WJP1FeNR6;WJQ1FeNS69WJS1FeNS67VJU1FeNT63XJY1CfNU6MYJ_1BdNl;\\1TDeNj;\\1UDeNj;\\1VDeNg;]1YDdNd;^1\\DcNa;_1_D`Na;a1_D]Nc;c1]DZNe;g1[DUNh;l1V501O2N3M4L8H?A2N6I3N6K0O1N8GZhe01iWZO0O0XIO`E1\\:7^ELf4N`J6j02_4JfJ2l0;W4ElJNm0d0Q4@QKLn0f0o3^OSKJP1i0k3_Ok1d0RN]Om1f0PN]Om1d0QN@l1`0TN@l1`0TNAk1`0SNBl1=UNDj1:XNFh16[NLaIWOY4d0]25YI]OV4<b27XI_OT40UHN_:b0XICR4LYHM^:c0XIGo3H\\HL^:d0XIKk3EU3=TIMh3EU3:WILi3HR3:XIKi3IP3:ZIJh3Ko29[IKg3Lm2:\\IGi>;WADi><XACh>>\\4OVEDTN8P2InM6T2JlM5U2JlM6U2IkM6P=00OWEKn:2^L0R_O0gLOY:0VO3iINhL0X:OWO4hINgL1X:NXO5hILgL2Y:MXO7fI3P7GZO7dI4R7DZO9cI6f`0KX_O7h`0IW_O7i`0JU_O8j`0IV_O6i`0LV_O4j`0LV_O4l6^ON`0UI3k6^O0`0TI3i6^O4`0QI3j6^O4b0PI1i6^O8b0nH1h6^OcIJ`3i0ULNg6_OcI0]3d0XLNf6^OeI2\\3c0XLMf6_OeI3[3d0XLKg6]OgI5Y3c0YLLf6ZOiI9U3d0ZLLf6VOkI=R3c0\\LLd6TOoI>P3b0]LMc6ROPJa0n2b0^LMc6nNRJb0m2e0]LMb6kNTJd0l2f0]LNg9[OmIg0\\LOe9ZOPJh0ZLOe9WORJl0XLOc9TOWJn0UL1a9oN\\JQ1RL2_9mN`JR1QL1]9mNcJS1oK2[9kNgJU1lK3Y9hNlJV1jK5W9eNoJW1iK6U9cNSKX1gK6T9bNWKX1eK8Q9`NZKY1eK8n8`N]KY1dK7o8_N^KZ1cK^NnM`1Q;hN^K[1bK\\NPN`1P;jN_KZ1aKZNQN`1Q;kN^K[1hKHk8nN]KP1RLK_MfNS;?^Kn0QLLe8WO[Kk0RLNb8WO^Ki0PL0b8XO^Kg0mK5d8UO`Kd0kK9d8SObKc0kK9d8TOaKb0mK6e8WO_Kc0lK5g8VO^Ke0kK4h8WO]Kd0mK3h8XO\\Kd0lK3i8XO\\Kd0lK4h8XO\\Kd0mK2i8oNcDOh6o0nKMW`01k_ONW`00j_ONV<^OcDb0YONU<KSA^Oi2h00NT<`0eCB6OU<>fCB43U<;gCA54T<;gCA45U<:gC@55V<9fCA38o0UOU7P1kGB11PMAn31T7i0mGD29m0[OS7g0oGE17o0]OQ7f0PHE17o0]OR7e0oGGO8P1\\OR7d0PHGO8P1]OR7c0oGGnN@nNh0T3^OR7a0oGHnNCkNb0Z3Ao6a0oGHnNHfN>^3AP7`0nGGPON`N:c3@o6`0oGHoN0^N8e3@o6?PHHoN3[N6g3@o6>PHIPO6XN2i3An6>RHIoN8UN0m3@n6>RHIPO=nMLR4@n6>RHIQO>kMJU4@n6>RHIRO?gMKd?McCHSO`0dMMf?JdCISO?cMNf?IeCISO`0bMNf?HfCITO`0`MNg?HfCITOa0_MNh?EgCJTOc0]MLj?FfCJTOd0\\MKk?EhCJROf0[MJm?DgCKROg0ZMJm?BbFd0aIJn?_OcFg0aIH`f08`YOH`f08`YOGaf09_YOFn7C`6h0bADn7H]6e0dABo7K\\6c0eA^OS80V6c0gA]OS81V6a0gA^OS81V6a0gA^OR82W6`0hA\\OR85U6?iA\\OR87S6<lA\\OQ8;Q69oA[Oo7?o57RBZOn7a0o55SBZO_4NgNe0f:3SB[O_4NhNe0f:1SB\\O_4NgNh0e:NUB\\O`4MeNj0e:NVBZOl7i0n5MUB[Om7h0n5MSB]On7g0n5NSBZOP8h0m5NSBZOo7g0P6OQBYOP8g0P60PBWOQ8i0Q6ORJ1n50PJ0R6OmI0V60jINW63hINX62gINZ62eIO[61dIO]61cIO]61cIM^64bIIa67_IHb68^IHb68^IGc69]IGc69]DUOQ2a0b9:[DXOR2=H@T5k0QIYOT2:GDR5j0RIZOT26IHP5h0SIZOT24JLn4f0SI\\OU21INo4e0SI\\OU20JOn4e0YGUOg09W3NJ0o4d0XGWOg08W3MJ1P5c0WGXOg09W3JL2n4d0WGXOf0;X3GM2n4d0VGYOg0;W3EN4n4c0VGXOg0>V3CO4n4c0UGYOg0?V3AO5o4b0UGYOf0`0W3_O06m4c0UGZOf0>X3_OO7n4c0SGZOg0?Y3[O09m4c0QG\\Oi0=Y3ZO0;l4c0oF^Ok0<T8C2b0mFBl0;S8B3b0lFCn0:R8A4b0jFEo0:Q8A4a0bFNX11Q8A5`0bFNW13Q8_O5a0cFNU14Q8^O7`0cFNT16Q8\\O7a0dFMT17R8YO6c0dFNS18S8UO6e0dFOQ19W8QO2i0eFMR1:W8oN2j0eFMT1ZOUO5R9I0j0fFNW2SOT74Ok0fFNm;UO]Mm0fFLQ<TOYMQ1fFIW<ROSMU1jFDbe0;aZO]Ode0;WZOVO:9ae0?eZOEZe08iZOIWe05kZOKTe04nZOIUe06R[OAPe0>T[O^Omd0`0Z1O2N2O1O0OQDI95IO4NM;KC7?G^O<b0a;000O0100O1Oh\\O@Q?`0m@DR?:o@GQ?7QAIo>7QAIo>6QAKo>5PALP?3n@0R?0m@1S?Nm@3S?Lm@5S?Km@5R?Kn@6R?Io@7Q?GQA9o>FRA:n>ETA9m>GSA9m>GSA9m>FUA9l>FTA9m>GTA8Zc0O3M6JTd24g[M3N001O1O1O1N2O1O1N2N3M2fZO\\OWc0f0h\\OZOWc0g0h\\O[OVc0g0h\\O[OWc0e0i\\O[OVc0f0i\\O[OXc0d0g\\O]OYc0b0f\\O@Zc0`0e\\OA[c0>e\\OC[c0=d\\OD]c0:d\\OG[c09d\\OH\\c08c\\OI^c06`\\OL`c03^\\O0cc0NV[O^Ok0e0Pd0LT[OAe0i0Xd0ER[OD`0l0^d0@R[OE=m0hc0oNZ\\O=AI;l0hc0PO]\\O:AI9n0hc0PO`\\O5DI5=Zd0FV\\OJ5=ec0K_]O2cb0O]]OOdb02]]OLbb06^]OIab09`]OE^b0>c]O@[b0b0\\1_OkZOb0Se0ChZO?Ye0BbZOb0^e0A]ZOa0ce0DSZOa0me0i000e_OVN`:i1aEXN^:g1bEZN`:d1`E]N_:b1bE^N\\:d1dE\\N\\:e1cE[N]:e1dEYN]:f1o50002M10N20001O02M1000000O100L4K5N3M2O100O100O01GQOaYOn0_f0SOaYOl0`f0TO`YOl0_f0UOaYOj0_f0WOaYOi0]f0YOcYOg0Zf0\\OfYOc0c7QOo6=^Ab0a7TOn6<aA?a7WOj6=eA;a7YOh6>hA7a7\\Oe6>jA6a7\\Ob0IiMf0SJ6b7[Oa0KhMe0UJ4d7[O>MgMg0VJ1e7[O=OeMg0YJNf7[O<1cMh0[JKh7[O94`Mi0_JGi7[O95^Mj0`JDl7\\O58]Mi0bJCm7ZO5:[Mi0dJCl7ZO5;YMj0eJBl7YO6;WMl0gJ@R`0EUEl0iJ_OQ`0FTEl0lJ^On?IQEm0RKYOk?MQEk0TKXOk?NoDk0VKWOj?0mDk0YKUOi?1lDl0[KSOo=^OaCc0S3n0]KQOn=@`Cb0T3n0]KQOn=A`Ca0n0XO_Oj1UNlNm=DaC<n0ZO]Ol1WNiNm=HcC5k0@[Ol1ZNgNl=KfCOh0D[Ok1[NgNk=MmCFb0LXOl1^NeNj=MRDB?1SOn1bNbNj=KiFEjLo1cNbNh=JkFGhLn1eNaNf=JoFHbLP2jN]Nb=LTGHXLV2ROUNa=KXGNoKU2XORN_=FaG5eKT2[ORNe<\\OhC<d44`KT2_OPNc<<`HCZKS2CoMa<9eHJmJS2MkM_<8hHP3hJiL`<6hHR3iJgL_<5jHT3gJgL_<OPIZ3aJfL`<MRI]3^JfL`<JUI`3ZJhL`<GWIa3YJhL_<E[Ic3VJiL^<_OaIh3QJiL_<\\OaIl3QJhL[3ES5CdMP4nIhLk26l;R3YAiLi26n;Q3YAiLh28n;o2ZAiLh28m;P3[AhLh28m;P3[AhLg29n;o2[AiLh25n;R3YAjLl21j;V3ZAiLn2Ni;Y3YAiLQ3TO]M0\\>S4VAjL`;RO_KT4QIjLcb0W3]]OiLcb0W3]]OiLcb0W3]]OiLbb0X3_]OhL`b0X3`]OhL_b0Y3a]OhLUa0QOm_OX4nNgLSa0TOn_OU4oNhLQa0UOn_OT4QOgLQa0VOl_OT4SOfLPa0XOl_OR4TOfLPa0YOi_OS4WOdLo`0\\Og_OQ4ZOcLo`0]Of_OP4[OcLo`0^Od_OP4]OcLn`0^Oc_OP4_ObLm`0@b_Oo3AaLm`0C]_On3F_L`1SOc=e0o@l3N]L^1SOe=h0i@j34[L^1SOc=c5o@[K]1ROb=e5QAYK]1RO`=g5SAXK\\1POa=i5SAWK\\1PO`=j5TAVK\\1oNa=k5SAWK[1mNb=m5SAVK[1lNc=n5RAVK``0j4`_OVK``0j4`_OWK``0h4`_OXK``0h4`_OXK``0<b_Ob2NSM``05j_Oe2FWM_`0MT@j2]OYM``0G[@m2UO\\Ma`0@f@n2iNcMb`0YOm@P3aNhMc`0QOVAR3WNnMc`0nNXAS3UNoMd`0kN]AR3oMTNd`0gNaAS3kMVNSc0i1m\\OXNTc0f1l\\OZN_3gNo;l2b@_N[3jNe1LR5i2nEbNZ3jNd1MU5e2mEdNY3PO`1G\\5c2kEfNY3PO`1F`5a2fEkNX3POa1Cc5a2dEmNW3oNb1Cd5`2cEnNV3oNd1Af5a2aEoNT3nN`<Q2\\@ROS3lNe<o1X@UOR3mNg<m1W@WOQ3kNi<n1V@WOQ3kNi<n1V@XOL]No2=o<n1U@@i2cNR=m1U@Ah2aNU=m1S@Cg2_NW=n1R@De2^N[=m1P@Gc2[No8EeHY2iKHa2ZNR2BV25_MV2hKI`2ZNm8LkHQ2hKI_2[Nk8MPIn1fKK]2[Ni80TIj1fKK\\2[Nh82WIh1fKJZ2]Nd84^Ie1dKIZ2_N`86cIb1cKIY2`N^86hIa1aKIX2aNZ89mI^1aKIV2aNX8;RJ[1`KIT2cNU8=XJW1^KKS2aNY7DdFW1c4i0]KKR2bNY7Z1YK9]KJP2dNZ7X1YK;]KIo1dN]7V1XK=\\KIo1cN^7V1WK?\\KHn1dN_7T1XK`0[KIl1dNa7R1YKa0ZKIk1dNd7o0YKd0XKJi1dNg7l0YKf0WKJh1dNi7k0XKh0WKJe1eNm7g0XKj0VKJd1fNn7e0YKk0UKKb1eNR8c0WKn0UKJ`1gNU8>XKQ1SKK]1hNX8<WKR1SKK]1iNh0lNW5[1bMV1RKK\\1hNg0oNX5W1dMW1QKK[1iNf0oN[5V1bMX1RKJZ1jNf0mN_5U1_M[1RKJW1kNh0lN`5S1_M]1RKIV1lNh0kNc5P1_M`1PKJT1lNi0kNd5n0`Ma1oJJR1nNj0jNe5l0aMb1lJLT1lNi0jNh5i0aMe1jJLS1mNi0jNj5f0aMg1iJMo0oNl0hNk5d0bMh1jJLh0UOo0dNn5`0dMj1gJNf0VOP1aNP6?jMg1`J4c0WOR1`NQ6<oMf1[J7`0\\OS1[NT6;RNc1WJ=;@S1WNZ67TNc1TJe0ND9cMf0;l64VNc1oIh3l0cJo62\\N]1iIP4g0dJT7N`N[1eIS4d0fJX7K`N\\1fIR4`0hJZ7HbN^1dIS4>gJ]7FdN_1aIU4<fJ`7FbN`1cIU47gJe7B`Nd1dIU44fJh7@`Nf1dIU41gJe4XOYN6\\3g1eIS5g4QIXN2^3j1dIR5e4TIYNM_3n1cIP5e4WIm4i1_Fn4e4ZIk4h1aFl4e4]Ii4g1bFl4d4_Ih4f1dFk4d4_Ig4g1eFj4c4`Ig4g1gFh4b4bId4h1jFf4a4cId4h1kFd4b4eI`4i1nFb4b4eI_4k1oF_4a4hI]4k1RG]4a4hI[4m1VGY4^4lIZ4l1XGX4^4lIZ4l1YGV4^4oIW4l1[GU4]4QJV4k1^GS4[4TJT4j1cGP4Z4WJQ4j1eGo3Z4WJP4k1gGm3X4YJP4k1hGk3Y4ZJn3l1jGi3X4\\Jl3m1kGg3X4]Jl3m1lGf3W4`Jh3m1QHc3V4bJg3l1VH^3S4hJe3k1YH\\3R4jJc3k1\\HZ3Q4kJc3k1\\HZ3P4lJc3k1_HW3m3oJd3j1_HV3m3RKa3j1cHT3j3SK`3l1fHQ3j3TK]3m1aHmLEQ6\\4VK]3l1cHnLEn5[4YK[3l1dHnLGl5Y4[K[3l1dHnLHj5Y4^KY3l1dHnLJg5X4aKW3l1gHmLIf5X4cKU3l1iHmLIe5W4cKU3m1kHkLJd5V4eKR3n1fHcLM94`5V4hKP3n1iHaLN93_5V4jKn2n1TIfLJb5S4kKn2n1UIdLN`5o3oKm2m1WIcLN`5n3PLl2n1XI\\L5e5f3RLl2n1QJo1Q3ULi2Q2WJh1o2YLSNRN[2o3dLe1m2\\LRNSNZ2m3hLc1k2^LRNTNX2m3aLnK\\Ob5h3`LRNTNU2o3ULlKN1N`5f3bLSNRNT2Q4VLnKKN3^5e3dLRNRNR2R4YLmKJM5^5b3eLTNQNP2T4[LkKJM5^5b3eLTNQNP2T4nK"}, "iscrowd": 0, "area": 103361.0, "score": 0.6653757095336914, "bbox": [43.0, 35.0, 980.0, 731.0], "category_name": "bluemussel"}]}