{"images": [{"id": 0, "file_name": "images/blue_mussel1.jpg", "width": 500, "height": 338}], "annotations": [{"id": 0, "image_id": 0, "segmentation": {"size": [338, 500], "counts": "0[64gIM11O4OM5NM1N02On10gN1c52oI2GL6OL00000n10gN1c52PJ1OLI0o21Y32kIMN40NO32L=Oe11Q4OkI220N2O10000OK>0h11Q4OjI33ON:0HO1OK>0h11T41jI002M011OO?Lf11S42SJ8FIf0L^11S4OhI10O5=JE000Oe0Oa12R4NiI18<GD10h0O]12T4OQJ;IEe0O]12T40kINN<OH6M50h10V41gINN22e01\\O:Nh10V42gI011N;1E;Mh10V42gIO22M1012O9Kj12T41jIM0=R3FT3NgI0001;NEU32f2MbJ1M;GDT33e2NbJ1N:n2Fb20bJ0G1O<S3Be22XJM54Id05YOg22l20dJ1Ec03[Oh21j22fJOF1N:3Di2Ol21nJO\\O6NMm0KX12e2NRL2LOYO80G01`00EOJ1U22d2MTL1J1[O62Ih00Y12c3MoJ3[O52Ih00Y11d3OmJ>[OF>MJNj14f3MgJ0C>NF>MFNM0n17i3JmJ>[OF>Lm16]3JmJ=\\OG=Ln15[3LnJ9ZOF41o21e2OoJ8ZOF[32\\20nJ9[OE[32\\20nJ9ZOFh0Oj12o3:_IEh01i1Ok30fI;NFg00j1Oj31hI=d0Cj1OZ3OjJ?2Bk10R40]I022Y3N\\3O\\I2Y3Oa32^LNb32^LNW31cI2V3MW31cI2V3MW31cI2V3MW31dI0V3OV31eIOU30V30gIOS31W3OUM1f60000000`L0^L0a31_LOa31_LOa31_LOa31_LOa31_LOb30^L0b30^L0c3O]L1c3O\\J1b00_61aIO_61aIOU6OoG040c0190P71oGO0Ok03TOMo01S71oGOn013OP76RJJo56PJJP67oGH0071U10d68PHGO2h1OW6c0iI]Og4OhJ2iN5082C[1OP52hJ0kN22:OD\\1NP52iJ7lN5OD\\1NP51jJ8kN<[1[OP61kHo0GPO^10o52iHMK7Oa00YO^10P61gHS1KlN^10Y6Y1eIgN[66YHl0Z1nN^63ZHR1U1kNa63[HQ1T1lN`64\\HQ1S1kN`65`Hm0P1nN`68\\Hk0T1mN`69[Hk0T1lNa6c1]I]NY6OmHd1i0]NZ6OlHh1g0YNg6h1XIXNh6h1XIXN]60nH1Gc1m0\\N]62mHi1d0UN_62mHi1d0UN_62mHj1c0TN`62mHj1JSNf01c62mHm1`0QNc63lHm1`0PNd62mHn1?PNe60mH2Ik1a0TNj6NlHU29mMi6OoHW25jMm6OmHW26jMf6NQI13W26jMm6OmHX23gME2f7W2dHlM\\7T2dHlM\\7P2ZHmM94]7S2cHmM^7R2`HPNl6I^IX2EoMm6ISIO4]2GkMg7T2ZHlMf7U2XHdM14f7\\2ZHdMf7d2001O002N1O0GUHkMl7T2THlMl7T2THlMl7]2000GTHlMd7IbH[2JlMl7]21O3M001O000000003DoGQNS8l1PHRNP8n1PHRNQ8m1oGSNQ8m1oGSNR8l1nGTNR8l1nGTNR8l1oGSNQ8m1nGTNR8i1QHWNo7i1QHWNo7i1hGVN61S8P1iGE4[OT8o0hGG3ZOU8o0hGG3ZOV8P1eGF5ZOW8h1kGWNV8h1jGXNV8i1iGWNW8i1iGWNb6OkJf0^N;5POi46aLI4b0aN>1QOh48aLG5d0_N<2ROi46bLH4d0^N`00nN]8j1aGWN_86aG]1_8cNaG]1h6ZNnJ8ZN^1h6ZNQK5WN41Q1f6gNSK3VN52P1c6gN[I1j1?WNi0d8jN[Gc1g8ZN^Gb1b8^N_Ga1a8_N`G`1`8`N`G`1_8aNaG_1_8bN`G^1`8bN`G^1`8bN`G^1a8aN^G`1b8`N^G`1b8aN^G^1b8aN^G`1h5_NkL1\\Ma1b8aN]G_1c8aN^G^1b8aN_G_1\\5`NkKO90aNa1Z5aNkKO:ObN`1Y5`N`J2Y1O<ObN`1V5`NfJ0M2n20XM^1W5aNhJ3MLe22^M_1a5aN]JNd22^M_1b5_NVM2XM_1b8`N^G`1X5_NkM0nLa1a8`N_G_1a8aN_G_1W5aNjM0nL`1X5`NjM1mL_1`7bNZIOUO`1`7bN[IOTO_1e87SLWNQOi1o0WNQOi1l401OQMYNWJ42KO1k00c0f1Z4aNXJMj0Md0e1]4[NUJN05k0Ld0e1e4ZNlI0`27bMR1o4gNUN0WM5HS1S8iNWH4ES1U8iNUH4ET1P5iNUKN^21hM7AR1U5gNTKO^21hMc1R5\\NUM1jM8@P1a5gNUM2jMa1T7aNlHME12a1Z5]N_L5QNK<2E25_1Z5]NdK0C0YO12O92G33^1Z5^NeKOC4INB42]1[5^NeK0[O0E1024LK60]1\\5^NeK0C0B134G]1\\5^NPKO314OF1H0041]1d7_NbH06a1Z6cNdI7EFK3>7CEi04R60cI8HJ79<ES6NcIN@97M6:=DT6MbI0C4515IF3R1Oj50aIOD10O15h1KR51`I0E0O0248JQ11a51`ING1N010LO01:0S10a51PJOWOOl11m40VI0d0O]O030]12Y5OaION1G0l11n4OaIOM2G0m10R6NSH0l11i5O[H001OOL140j00]O0W8O^G140j00]O0S:0[M1cHNe11^30TL0kN2FMM000P21_3OTL0jN3DO2Om10_3OeL4lM7NEo11k51YH9MFn10c52`HN002=k1Cc53_H2193Ad11i5;aHGNNV20]50^H0d20o4O]H1c21P5N\\H2d20k7O0000mNOeG1^90O1RLNjI0H040n22Y3NdI148LG01S31W3k0gLWOX3j0VJXOj1No3k0TJ^ODE2O3O\\15_4KQJT171W1POa4KPJY1606gN?4U5[1TJcNNo02POO4f0MW5]1SJdN0Q1MXO8E51b5^1TJcN12L1O>0I1N2E23k52SJQ10nN3OMO0a0NB0L0O23OM<2a54TJP1OoN6KN0N3M20O4L9051\\55TJQ1MnNg0M\\O1002Mn01k46UJP1MnNg0L]O2OO1OP10k46RJQ10lNf0N_ON35i0Lm4a1\\JhNFF11N10O2O000<3Da02X5a1YJ]NJ>2FMM<9IFa02X5a1YJ]NJ=3GL194LGa02X5a1YJoNJC0O2;NA10d02W5b1ZJ_NI:0I1J011?NB1Ne02W51SJ20S17kNK80I1N03M6j0GS51SJ20S17iNIO2;0JOM33L71De02V5c1[J8JSNa02Z5c1[J;:SNZ5c1\\JZNIo1`0TN[5c1\\J;JoM50O3g5b1[J<IPN=2_5b1[J?6oM_5b1ZJ`NJg1`0VN\\5c1ZJ`NJg1`0VN]5o3aJQL_5P4SJoK:1b5T4^JlKb5T4^JlKd5o3RJPL1051h5o3RJQL0O61h5n1RJ39oMf5_1SJiNNi10mM81h5_1SJgNNP26jMi5_1SJgNNP26jMj5^1RJiNNn15lMj5^1TJP11cMj5^1UJh0LlM4Ok5]1UJnNMX10]N30k5]1WJeNJN2c1O]N30k5]1WJlNMX1M`N6Mh56RJm0:lNG75OJU1:fNe5[1\\JdNE86]1JZN72h5[1]JmNK_1M[Nl5Y1]JkNJa1L\\Nn5S1PJiNO0;6L0IR10VOR6h0oImN:2M0JR1NWOR6g0SJjN75MK0W1GXOQ6a0jJTOBLHV1NWOl52QJJ4Hi01AOFU10VOk5GQJb01\\OO0m01AOFU10VOk5FRJj04TOa03GNFV10VOj5CZJk0JZOd0OEZ1HPOc5C`JO4U1GTO6MMLN]1OPOY6P1mIfNOLM4Nc1Z6GjIgN2JL30e1\\62cIVN:h1V5XNeJ0L070Ll15TOJROM<W6BmIl1OUNOo00SON;W6BlIm1OXNMk03DZ5]OhJ0LO015OK02c1OeNOP11lNN;]5BhJ0LO0242L`12NObNN;X6AjId11eNMK0m02SON;[6V1hIdNMn01nN09\\5BhJ2LN029d1ILNcN18l4C^K2EOO100000O6f1LLObN18Z5EgJ2OO6e1JKObN09[5EfJ2ON6f1KJObN09m4B^K>DG4d10XN0Y1NjN09l4C_K5C10O4d11WN1X1NiNO<\\5CdJ32O0g19^ODmN09m5DVJh1:]OEkNO<b5C`J5Od1?UO]OSO<;Y5D`J5Od1h0ZNTO91D10:<P4FoL3jNd1g0lNTO\\O<;Q4EPM2hNf1i0jNRO^O;<S4CgL1PO0K04h11WNe0<WOD1060I=]4CgL0[Oi1EWNd0a0WO@8OI=]4DXMh1XOmNYO\\OI;`4CUMi1TOSO\\OVOK<`4CTMh1aNWN6W1EkN1<_4DSMg1aNXN1`1LmN`4CRMg1aN[NMa10jNa4BQMi1_N20bNU6\\1jI22bNa4CmLi1`N22bNa4DlLb1`N`N3g10cNT6[1mI2MdNV6Z1mIc0S6]OmIc0S6]OmIc0T6\\OkIe0i4eM]Lg1iN3NdNl4B^L6jNS1Mb0OcNl4B^L5kNS1MT1W6kMkIi00QOL\\2Y6jMkI:LD0K9`2g4aMWL4lNh06c1g4bMVL3mN?1^O4_2k4aMbKMC2I44>KB0J5b2o4aMWK3EL0O32N3OJ3<MF00040J5b2o4dM]KJG2J257LE35O]2o4eMgKIXO440J02L53M_2P5kMeKF]O;>C\\O\\2U5PNcKF]OMJ>1B`01@\\2T5RNPKB;2G>;P2_4lMoJG4281F<?n1\\4PN^KEGN0k07QOKc2b4mM[KE;1DO1h0OTO9OJd2^4PNdK]O:1E1Ml09ROGd2_4nMgK^O1O60Ea00Ba0b2k3nMcKIOG>`0>R2a3dMfKLN7OH<`0=@VO^2\\4`MjKN9;EG7d0H[O?6^OY2Z4bM_L1XO20K029f0G]O014MKN3^2m3dMRL1i0NVO30LO1:X1HkN4Q2JQNn36TMFSOM6`0E81^O5P2JQNn35kM4YN`04V1JQNm36VME_O>@`04U1LQNj31ULIe00[O2Oc01[O6b1Od0NnMi32kLg0\\OTONb12e00lMj3MnLl0XOUOLc12d02kMj4h0UKKM93Y11kMj41RK80I1>0]O0`0OD2O1ONP22RNR50lJ00O2?N]O3>NBO14O02LQ22RN\\3K_N1WN0O`0M_O55J11Jb00_OS20SN\\5NdJO1_1:^NFR2OTN[3JQN6bN>3o0NaN3MOQ2OTN[3JPNm0fNf0NaN2N0P2OTN[3JPNm0fNg0N^N300P2LUN]3IPNm0eNg0NaN2N2o1LUN]3IhM3lNl01e0NaN1L0O3R2LUN]3JgMOQOg0K^O25Nn02jN4NNR21PNX3OgMORO0K140L61LO53NLK10Oa00Ac0P2AoMY30fMOQOn0Lf02]N;o1HQNY30\\M\\1VO71_N<l1HRNY33ZMX1XO82]N<n1GRNZ32[MNVO40O1a00o01]N;o1HQN]3OVM4YO8080o01_N100o12PN_3ORM4\\OOO11?Oo01bNN02n13oM_30RN9\\NX10iN0g14nM_31QN3ZNN2`11hNOGNm16RNQ5a0kJi0:oNGFO0Oc10aN6Mi42PKa03f0:nNOZ1H_N21j4NUK1K>3k02gNM;9V1I^N32i4NUK1L=2l01XO7P12`Na42SK`02g0MZO>j0FbN21d4NWKl03U1;]OEcN21g3OQMOXO1O3K142N6Nj0?7FbN12g30RN5RN6Oj0?7EcN21h32oMl0UNKOVO:d1J^Na2NPNOB2J4j1g0WNNNZO5b1M]Nc2M`N6f0e0WN47f0I^Nm3OPNi0QN59e0J]N[3MRM0C1h1l1aNGH^NT43_Mg1iNDDbNU42_Mh1iNBCdNU42`Mh1jN_O_OeNM2b3ORM1]O2h1g1jN_O_OkN_3MSMO_O3`1LaNj1MVN011O8X1FoNa3IVM0\\O4`1L`N5Mk1:@W4cNPMO`NY26lNIPO_3IbM4SONS11iN^26aNKTOb4N_KOU19iNl18hNIVOc43dL2jNk18iNGWOd42cL2jNn17gNHWOg4O_L6jNY11oN89F[Oh4OdKJ<;YOY11`NN::f0^4SOXKJ64>6^OZ1NQO9[OG10k0j4SOdK>BP21gMOM1N075IK5Oh0o1XO_NMT2l2_MRM100031L1OO45Ng0k1ZO`NNS2i2QNRMD1N06k0c1\\OaNMDOX2m0hMi0h0VNZO06m0b1_O\\N4R2a2hMRM5OJN810l0b1FVN4k2\\OWMW20mM3MMLOo0f1QOZNc0O5g1^O^NJ?3^OX2OlM4S1a1gN]N`0M7f1@[NLb0O_OX20kM2U1`1iN_N8ME11OO0a0W1_OoNf0:\\OBX21jMOX1`1iNgNLHN50O1Lg0<YON2Gg0>YOBk1OSNO82K0Y1`1gNGb0PO[OHO6R19ROAj10SNO65LMZ1`1fNHg0jN[O3m09ROAM0m11TN70H\\1b1gN`Nm1NoM:Q16QO_ON0o10UN7MJ\\1e1k0PObNLd1ESO_1g0mNfNNX1@nM5^1Y1^NeN0LU2c0mNKS1CoM4_1a1b0ZNkM1O503T13R1DoM5`1a1^N[N2O10;1;0UO0000O09T13o0DnM0O6d1Y1[NnN2F10NN0O7340M9IKT15n0GnM2d1Z1[NmN1G2ONNO081b0;XOJT16l00CS1[NeN[21gMOX16k0NAW1ZNeN[21hMMX19i0LCW1ZNfNZ21hMOW16j0LDY1XNeN[20iM0V16j0JF[1VNeN\\2OgM1_1Md02E\\1UNeN\\2OgM1`1L<0UN2h1]1TNeN008N`11[N1j3LPN_1SNeN00U2OnM0k5\\1RJeN\\2OgMNe30\\N^1lMeN0LY23jMNe30\\N^1lMiNOIV22nMNf3O[N^1mMmNT2HnMOd3O]N]1mMgNNOV2OmM1d3M^N]1mMmNT2HmM1d3L_N^1lMnNb0Ej02fNOl5]1QJlNn1FTN31Nd3O]Ne1mM]Nl18UNHe3O\\Nk1J^NVNGd3O]Nl1G`NXNEd3O]Nl1\\NSNf0?nNAl5f1QJ]N>Ng0>Q5X1iI\\N?02NK?m5^1TJXN2MDNO<NCZ6b1eIhNV1f0jNSOU6_1lIgNT1n0X2iNhL1o04N_1nNdNU1o0X2iNoM6Eo1LSOo3jNTKOQ1e1oN`N1Nm0i0TOXOk4MWLd1mN_N1Mm03SOK32<O[40ZLe1lNeNl0IY6b1kHfNODb03_O1U7c1iH^N2Ne08`6_1iHWN410N=:KFE1e31fMN2k1fNZNMO=7JEI6e3JPN0_Ol1lNbN=KJ2S5EfJ0T1m1mNXN0N=1K9[6`1^IWNON>1J;[6`1]I^N;HM;Z6_1^I^NNE:304FMd6X2jIgMQ7Y2oHfMR7[2mHeMS7[2dHbM33Y7[2mHeMS7Z2nHfMFNL1U7[2ZIdMF5o6R1mHJ>oND0M10O2On6"}, "iscrowd": 0, "area": 119756.0, "score": 0.7141928672790527, "bbox": [1.0, 3.0, 499.0, 335.0], "category_name": "bluemussel"}]}