{"images": [{"id": 0, "file_name": "images/blue_mussel16.jpg", "width": 1024, "height": 685}], "annotations": [{"id": 0, "image_id": 0, "segmentation": {"size": [685, 1024], "counts": "Z>[2l2gMbM001e>X2iCgMbM001e>X2YAfMS22nMO02e>Y2WAgMU2OoM0O2GNg>i2cCXMnM1O:]>_2cC\\MkM019]>\\2XCRMbN;F1O8`>\\2eC\\MkM1O6b>`2ZCnLXN3M2OO1e0a>_2dBhLWO1F1O:O=a>`2cBgLPO0O2O0O:O=`>b2cBfLPO0O2N1OW1`>P2cBgLPO1N10_1]>j1^BkLVO4OX1\\>n1YBgL\\O3NX1]>P2WBgL\\O21<3E^>X3aAZL2O0k0ML:ZO^>W4WAcL2FO@X?U5i@[K0_OW?l5i@TJV?m5j@TJ6=V>_5dATJ2c0X>Z5dAPK[>P5dARK[>P601O001]OoHhBQ7W=TIeBl6Z=WIdBj6[=WIdBi6[=[IaBf6V=QIhBd7V=_HhBa7X=_HhBa7X=910001O1N\\OSHkCl7T<UH^CN8k7[<XH\\CL:m7Y<WH]CL;l7X<YHlCg7T<[HjCf7U<\\HiCe7V<\\HhCf7W<ZHiCj0Df5c<`IiCf7W<ZHjCe7V<ZHkCf7U<ZHkCe7V<\\HjCd7U<]HiCd7W<]HfCf7f:SH]Fd8c9^GSEKR1g8k9]G\\Fc8d9]G\\Fc8d9\\G]Fd8c9[G^Fe8b9ZGaFMcNb8k:bGQFME`8Y:dGbELN26]8Z:eGbELN35]8Z:cGdEML44]8^:aGcEMK52_8a:^GPF3^Od0CQ7o:WHQF4\\Oa8c:[GQF7WOa8g:XGRF9SOa8f9^GRGG4<SO_8f9aGRH1VN_8b9VG_F=9CP1;fN_8b9nG`F\\OW1S9Y8cG_FZOX1S9X8nGfGS8Z8TH_Gl7`8VHjF`NK16Z9T9kFbFOOl05]ONB1=M^8\\9]GeFJ1P1M^O4@0=M`00n6Z9_HgFI0Q10TO<5C`00n6Y9gHhFb0h0YOWO`00n6X9hHiFa0i0WOWOb0On6X9hHhFc0i06WO_6m8WHXG;LF0T1e0T8U8kFXG6OGOU1c0T8W8\\GXGZONW1`0V8X8ZGZGYONW1?W8X8ZG[GXONW1>X8Y8ZGZGVO0Y1;W8[8\\G^G>65D_6h8mH`G>3Y8]8WGbG`00Z8_8fFYGI1M95Cl08g8b8`FSHLUOO0f05S1Io5j8]HTHKUON0g03V1Jm5i8^HTHKVOM0g01U9e8\\FTHLUOK2h0OV9f8[FTHOWOa0N]1N`5i8dHTHNWOa0NU9g8\\FTHKZOg:a8^EUHJ[Oh:`8_ETHH]Oj:]8_EVHGYOn:a8[EVHGYOm:b8\\EUHHWOm:d8\\ETHm:l7SETHc0VOW9f8VFSHc0XOW9e8VFeGDOo0HV9d8WFeGEG1O3Na04_9c8WFdGGG0Ok03W9c8XFcGGFR13P9d8YFaGo0Jh8e8ZF`GY;`8gD`GY;a8dDaG\\;_8bDcGHG^;f8iDdGHH0LY;h8oDdGHH0LY;i8nDcGJG];f8iDcGJF<O_:h8^E_G<LS:e8bE^G:OS:c8dE]G62W:a8fEZGK0C8m:^8eEYGJ?a:X8eEYGJ;EDl:h8fEXGI;f:]8aEWGK;d:^8QFaGP:_8PFaGP:_8PFaGP:`8lEbGU:`8UETG77k:f8lDTG95l:g8aEVG_:j8bEUG^:j8dEUG\\:l8cESG^:m8Q10QDSG^;m8bDTG];l8cDSG^;n8`00O101O1O1iCoFf1O_8R9jEQGf1N_8R9iEQGh1M_8X9aGhF_8X9aGiF^8W9bGiF^8W9bGiF^8W9UFjFW;V9gDlFY;S9gDoFX;R9fDoF5HG2i:W9[EnF52_:P9\\EnF34a:n8\\EnF17b:l8\\ElF47`:n8ZEiF;6\\:X9hE`FANh:a9n0O100000000OlDhFU:W9iEnFU:R9iEQG_OL2GO0i9Z9fFeG@SOOOk9Z9fFcGASOM1k9\\9eF_GDTOL1k9]9dF^GFYOf9Y9dF^GJUOb9^9cF]GGQON3h9_9VFaF7l0LSOOOj9g9ZFWGMSOo9f9TFWGMROP:h9QFWG0POo9i9QFWGV:i8jEWGU:h8mEXG5PO61e8e9SGZGISOM0l9b9`FZGF[Oj9Y9aF\\GD\\O<EP9c9QG[GC^O:FQ9b9QG[GC\\O=Fo8c9PG\\GD[O=Eo8f9oFZGE[O=Eo8g9nFYGF[Ok9]9^FeGb9\\8]FdGc9]8\\FcGd9]8\\FcGd9]8\\FcGd9^8[FbGe9^8ZFcGf9]8[FbGe9]8iFWGV9i8kFVGU9i8mFVGEQO96j7]9bG_Fh0l0BTO95j7\\9cG_Fh0l0CSO78j7_9\\HVGCRO7;i7`9ZHSGFRO5>j7^9ZHRGGRO6=i7Y9eG^Fd0k0=]OZ7Z9fG^Fb0k0`0[OX7[9gG_Fa0k0BQOh0:]7Y9jGaF>l0CPOi0:\\7V9nGaF;o0c0YOS7f8gG_Gb0DHn0l0YOS7e8QHTG:8_Of0S1YOS7e8jH\\GPOe0U1TOU7m8gGYG;GH4Ni0e9U8WFYG<FK29MC:9FP9`9nFbFN0?O\\O19NP9`9mFcFOOg0N^O0o8`9mFcFO1d:\\9]EcF01a:]9`EaFO4_:[9bE`F15\\:[9dE_F17Y:W8]EiGOMN8l0Li9U8aEgG47c0N_OIh9Y8TFhG28d0O[OJj9V8WFgG1:c02YOFk9X8eFQH82VODn9X8eFQH83VOCm9Y8eFQH92[9m7nEiGJNO:P1OY9P8mESHHOk0E\\O3U:U8lEUHHNj0FQ:V8]EVHHN;D03`:U8]EVHHNj0FP:W8]EVHIMj0EC0=2`8V8mFVHIMk0DB392d8S8nFfHc0ROB58Oe8T8nFfHb0SOC5h9R8SFfHa0TOF4d9Q8VFgHJSO1O13K0?4b9o7YFhHISO1O19:Oa9n7ZFhH:ZOKOb9n7ZFhH=WOH3a9n7ZFhH=WOH3a9n7ZFhHT1ZOb8n7ZFiHR1ZOd8m7ZFjHGSO0Om07R9m7ZFjHE\\On0MT9l7YFkHE\\On0MTOJi9R8`FkHFZOo0NQOLi9R8aFjHGYOn0MoN2k9n7aFjHKROn01nN3i9P8`FjHJUOT11b8P8`FjHGYOV1Ke8R8^FjHFZOZ;m7oDiHG[OY;l7PEiHG[OZ;j7PEkHGZOX;l7QEiHIZOV;m7QEiHKXOT;o7QEiHNUOQ;R8QEjH];V7cDjH^;T7cDlHW1SO]N0l9Q8`FlHb0ROB7\\9l7_FkHd0QOB7Z9n7`FiHZ1XOV8o7`FiH[1WOU8P8`FiHZ1XOV8P8_FhH[1XOV8P8_FhHY1ZOX8o7^FgHY1[OY8o7]FfHZ1ZOZ8Q8[FeH\\1WO[8T8YFdH`1UOW8W8YFdHa1TOV8X8YFdHa1TOV8X8YFeH`1SOW8X8YFfHa;Z7_DfHKUO];V8gDeHKWO];T8hDeHLWOQ2JT7Z8oFeHLYOW1I[OOc8[8nFdHOWOU1LZONd8[8nFdHNYOU1I\\OOc8\\8mFcHM[Oo1FW7]8kFdHMZOQ2EW7^8jFcHNZOb0Ek00k7_8hFcH0YOb0Fj0Ol7P:ZGRFi0Nm7P:ZGSFR:m9nETFQ:m9g0jNjDUHV;f7PEYHP;e7SEZHm:f7SEZHm:f7SEZHm:f7SEYHn:h7QEXHo:j7nDWHR;j7mDVHS;k7lDUHT;m7jDSHV;n7iDRHW;o7gDRHY;_6eDoI2BY;^6gDPJNCZ;_6fDQKZ;a70aNjDgHW;X7iDkGNE0c0Y;m7jDiG4KH6Z;V8jDiG4KH6Z;W8iDhG6IH8X;X8jDhG7EI:V;Y8iDkG;Ml:X8iDoG6JQ;W8hDRHOMY;Q8hDgHX;Z7fDgHZ;f800000^OgDPGY;m8lDQGT;m8oDkFX;b8aD`G2I92S20_6e8RG`Gc0I=66Of7l8jHUGAMe7o8kHSGALe7Q9jHSGb8m8^GRGc8n8]GRGd8l8\\GRGg8m8gE]Gl0Gf0Mo6o8^G_Gl0Ef0Oo6o8^G\\Gn0Ef0On6Q9]GZGS1E`00P7Q9^GYGR1Fb00l6R9]GYGh;V90OgEjF]8V9XF_FO1m0b0e8m8_FbFNOm0d0WO\\OT9]9lFdFLOm0a0ZO^OR9]9mFcFK1l0<m8P9aFeFb0:n8P9^FiFd05P9R9YFgFHOQ11S9X9TFiFIMZ;]6eD\\L8ZMIMZ;\\6fD]L7ZMIMZ;[6gD]L8YMHOY;[6gD]Ln;b3SD^Lm;c3RD]L=WMo:^6aD\\L`0WMn:Y9QEjFm:V9SEjFm:V9REkFn:U9QEjFQ;W9mDiFT;W9hDlFY;T9`0O1O1O1VMmCZLS<f3mCZLS<e3oCZLQ<f3oCYLl1ZMV8^6lEYLT<`6000CSDZGm;_8lC`G91k;_8mC^G93j;_8ZDaGf;_8ZDaGf;_8ZD`Gg;_8d0N2M4M20O2O00001O0RDcG^O0n:_8ZEjGGGP;^8XEmGGEQ;^8XElGHFo:_8YEkGV;V8iDjGW;W8fDkGZ;V8eDjG[;W8dDiG\\;W8dDiG];Z8_DfGa;Z8_DfGa;[8^DeGa;\\8_DdGa;\\8_DcGb;^8^DaGb;_8`DZGEOl;g8fDWGO4c:e8QF\\Go9d8RFZGo9f8[1100001OiCXGJOh;j8]DXGIOj;i8\\DZGIMk;i8\\DZGHNl;i8\\D]Gd;c8^DZGc;f8b000001O0000001N2O1O100O2N2M3N1OO1N2L4O1BfCiGZ<e801O0000O1000000000O100gDnFW:R9iEoFV:b8nDfGk0IW:`8XFaGi9]8]EcG20a:]8ZF`Gg9`8WEcGh;]8WDdG;Lb:a8REeG:Kd:[8eDgG=59Hf:R8fDRH0N;78Gg:R8gDPH1N::6Fh:Q8iDoGa09\\;h7kDYHT;g7mDXHR;j7mDWHR;h7PEWHP;a7UDVHn07o:[7aE`Ha:_7g1O100000000000iDbH_8^7`GdH_8\\7aGeH^8[7aGgH^8X7cGjH[8V7eGmHX8Q7kGnHU8m6XHlHg7Z6]EcI^33S7W6aGiISN1d02e9S6eGjIQN4d0Oe9R6gGjIUNNa07b9Q6RHhIhN8U9P6SHhIhN8U9o5eIPJ[6o5fIQJZ6l5jIRJX6k5kITJU6j5RHQJSO5k8j5mIVJR6j5oIVJQ6i5PJWJP6i5PJWJP6j5gI]J[6d5_I\\Je6f5YEoIh3>P7i5nHVJS7l5kHTJU7P6fHQJZ7o5XGeIVO;b9R6WGcIXO:a9V6TG`I\\O9a9Y6QG^I_O1eNOk:j6]EZIj0L:OfN0R1O_8o6`FYIo0J:OgNOQ11^8\\7`GfH:NgNNR12\\8\\7aGgH;K01T8\\7bGiHl1L]6]7fGfH_;l7dEoGmM3g:o7iFoGkN8]:i7eFSHlN5OHP:P8TGTHlN50GQ:o7SGUHmN4NIR:n7SGUHoN2LKR:o7QGTHRO2ILU:n7PGTHRO2JJU:Q8oFRHQO3^:W8UFfG[O5`:V8]EdG90J0EOk:^8ZEkG6H00EOk:^8ZEmG3G30DMm:_8XEoG2G42b:X8WEQH2E6Oh0Lc8Y9\\FmF:Lc:c9d00QEZF^O9Z:]9XFjFg9V9YFkFf9U9[FjFe9V9\\FiFd9W9\\FiFd9W9\\FiFd9X9[FhFe9X9PF\\FJ<V:X9oE^FJ:W:Y9mE^FL9W:Y9mE_FK8X:Y9mE`FJ7Y:Y9lEbFI5\\:Y9lEZF0<m0AP8i9cGYFn9g9l0O1000000001O1OH_DfF_;Z9aDPGa0Bn9]9aESG>Bo9R:SFiEP:X:b01lEgER9X:R1YOoDPGT1^Oh8a9WFhFX1H`8_9ZFhFe0JB0^9^9\\FfFe0LA6X9X9cFeFd0M@2^9\\9_FeFa0NB0_9^9]FdFb0NB0_9^9^FbFb00AO`9^9_FbFa0OA1_9^9PH`FQ8`9WGaFa9^9\\FgFb9Z9]FfFb9[9bE_Fe07i9Z9aEbFd05HI_9a9TFgF?M1K\\9a9SFkF4HL1c0LX9Q9YFYH`0fNW9`8UFjG9l0=jNT9`8VFjG:l0:kNV9n8_FYH:hNX9o8^FZH8hNZ9n8]F[H8hN[9m8\\F]H8fN\\9n8ZF]H;dN[9o8YF_H>_NY9R9XFbH5^N?O_8Q9mFbH5^N>1_8P9lFcH6\\N?3]8h:oGYEP8X:mFPF;C95_8m8mFnG1RO2;P1FP8m8ZGcGOKn9]8^F`GJOh9^8bFXGXO2c04c9k6gEaJS1_NE4a9b8kFYGC8`9_8mFXGD:^9^8nFXGYO7C5U:Z8aGaGZN6T:V8nGlGQ8R8QHPHm7o7THRHk7l7WHUHh7k7ZHVHc7j7^HXH_7h7bHbHR7^7PIXHbMA^9U8RIQHbMEi9X8hHoG`7Q8PGgGh:X8aDiGHO11N0h;W8aDiGHO10O1g;W8aDhGH12NN2g;W8aDhGH19N^;Y8bDhGG19Ne21d5X8fGjGGO901NU21T6W8gGkGFO91HN1O]22S6U8iGlGEO91G00O^22R6R8lGmGDO92E02N^23Q6P8oGmGCN85EO2M_24P6P8eHPHkNN2M^25P6P8dHQHlNMf24g5P8eHPHmNN2K`27l5P8cH_HX:b7dEbH\\:^7[EiG_Ok0NVOQ;W8aEhG_Om0MVOR;U8hEjHY:U7gElHY:T7fEmHZ:R7fEoHZ:Q7gEnHY:R7gEnHZ:Q7fEoHZ:m6lDPHj0S1Z:l6nDPHg0U1[:k6oDPH:OLV1j:l6PEPH530Q1k:k6]EUHGo0m:l6_EQHET1k:j6bEQHCU1l:i6mEVIS:j6mEVIS:j6mEVIS:j6lEWIT:i6lEWIT:i6lEWIT:i6mEVIS:i6nEWIR:h6oEXIQ:h6oEXIQ:i6nEWIR:i6nEWIQ:j6oEVIQ:j6oEVIQ:j6oEVIQ:j6oEVIQ:j6oEVIQ:j6oEVIQ:j6oEVIQ:j6oEVIQ:k6nEUIR:k6nEUIR:k6nEoHPOUOQ;l7oEoHQOTOP;m7oEnHROWOm:k7QFnHROWOm:k7QFoHROSOo:n7oEoHROQOQ;Q8kEPIY:P7hEoHZOQOa:Q8TFmH[OSOa:P8TFmHYOUOd:n7RFlHWO[Of:j7RFkHXO[Of:k7QFjHZOZOe:l7QFjHZOZOe:m7PFiH\\OYOc:P8PFgH\\O[Oc:o7PFfH]O]Oa:n7QFeH\\OAa:j7SFeH\\OBa:h7SFfH\\OBa:i7RFeH^OA_:k7SFdHA_O[:o7RFbHC_O[:P8QFaHH[OW:U8PF`HKYOU:X8PF]Hi:a5dDcKd0TN]O?[;h5gDdKb0SN]Oa0Z;g5hDfKa0PN^Oc0Y;g5hDfKd0eNd:e5hDgKc0dNe:e5hDhKa0dNg:d5hDkK8kMHf0X;d5hDmK6WNFN\\;n5hDnK5nMHO06[;o5hDnK5nMHN17Z;o5hDoK4UNHN\\;n5hDoK4cNT;]5iDQL2bNU;]5iDRL1iM75o:P6iDTLOcMT<Y6mCXLU<h3lCXLS<h3mCXLS<g3nCZLQ<f3oC\\Lo;d3QD]Ln;b3SD_Ll;b3SD_Ll;a3TDaLj;_3VDeLf;[3ZDhLKRMb;U6dDoL\\;Q3dDoL\\;Q3cDQM\\;o2eDPM[;P3eDQMZ;o2fDQMZ;b2^DbJ7l2[;b2_DaJ6n2Z;n2gDRMHiL];k5eDYJ6X3McLo:l5nDXJ7Z3JdLP;k5nDWJ8[3HeLQ;Q6WEcMh:]2XEeMf:\\2YEeMf:V2REQJ7l3e:S2TEPJ8m3d:S2UEoI7o3c:R2aEoM^:Q2XEnI6Q4b:Q2VEPJ8o3b:Q2VEQJ85J]3g:b2_EoIN]3c:d2_EoIO\\3b:e2`EnIN]3b:d2aEoIM^3a:c2bEoIM`3_:b2cEoIMl2K_Md:g5bEoIOk2LYMh:n5\\EoIOi2NYMh:o5[EPJNh20WMh:R6YEPJNg21WMn0Hf8Z6]FPJMh23UMg:U6VEUM4eLf:V6VEUM4eLf:W6UETM5eLf:c6WEZL1mLN4j:d6YE`I1Z2M`M0Oj:f6jEZK[ORN11OO1Nj:f6kEYK[OQN21N11Mi:f6lEZKZOQN13M03Li:e6mE[KYOQN04NNS;b6fE[KYORNN5OLT;c6eEZK_OVNR;c6\\EWKEPNR;k6kDWI0n1b;l4\\DXI0m1d;k4[DZI0k1\\2RNc6j6PGYI0l1f;k4YDYI2l1e;k4YDYI1m1e;l4XDXI3l1e;U5\\DRJMZOi;^6_DYIN2?IU;l6_DoHa0OR<Q7\\CPIc=R7ZBRIb=Q7[BTIa=o6[BSId=\\7dBYHP=g7nBgHf<P801`CaGP<`8kCeGS<\\8kChGS<Y8jCiGU<^7kC]IT<]7kCjGU<U8PDfGR<Y8PDeGg4IX2a8VI_Ge40V2`8YN`Gg1`8YN`Gg1`8TI`Gg40U2`8TI`Gg40U2Z7hHiI=mNP<Y7eCiIj<W6VCiIj<W6WChIi<W6YChIg<Y6XCgIh<Y6XCgIh<Y6XCgIh<Y6WChIi<_7]CgGP<Z8hCmGX<d801O00001OiMiCXKW<h4iCYKV<d4mC\\KS<c4nC^KQ<a4PD`Ko;`4PDaKP<_4PDbKo;^4QDbKo;^4QDcKn;^4PDcKP<o6N1O1O1O1O1O2N1O3M5K2N4dDQFR;U:01O2N5Ka0_O2eEUEd00_8U;_GlDa8U;_GjDa8k:mFXEa0Mb8j:PGXE=Mc8l:PGWE=Mc8l:oFXE?Jc8o:lFYEa0Df8S;iFYEk9f:UFZEj9g:VFYEj9g:VFYEi9V;000BWFXEi9h:WFXEj9g:VFZE3D`9R;]FZE2Ea9Q;^FYE1Fa9Q;`FXEMGd9Q;`F[E`9e:`F[E`9d:`F]E`9c:_F^Ea9[6^FXM1]La9[6_FWM0_L`9Z6`FWM0_L`9Z6`FWM0`L_9Z6aFUM1aL]9Y6cFVM3^LY9]6eFRM9[LT9b6cFdL7aLP:k6jESLOZMf:c6[EdKKfM0O80b:g6[ESL0YMd:e6\\ESLMZMg:c6[EULK[MT2E^6l6bGbLe:_3ZEaLf:`3XEaLh:R7cE^Eo9c:oE^EQ:b:nE_ER:a:hE`EM1Z:_:hEgEW:Z:jE]E02V:a:>hL^EdKd:Z4]EgIKk0h:^5^EfIJl0P4TNe2[7`IeIJm0i:^5]EdKf0RMn8[7[FcKg0RMm8^7ZF`Kf:`4WEbKi:a70000000000O1dE]En9d:kEbEV:j:000OlEREf0OV8n:Z100O1001O00000000000O10100bFQE\\8Q;jFPE8OH1V9Q;hFPE2N11N11MP13f6P;XHPEa0Oh01_6Q;VHPEc0Mh03_6W;eHfDn04\\6Z;cHbDQ14\\6^;cH]Dl07b6\\;`H_Dj09e6X;ZH^D11n0;^OEe6a;nH^D11n0;]OFf6_;VI_Dg0=\\OEh6];\\JnDkNEi6];]JmDiNHj6[;\\JnDjNGj6\\;ZJoDjNDn6_;UJoDlNBP7_;RJQElN@S7e;jIZEU6g:iI[EV6h:fIZEX6l:oHmCN33Y1o6X;mHjDS7i<O^OPIhBo6X=SIgBm6X=SIiBl6W=SIkBl6U=TIkBl6W=QIkBn6V=QIkBn6V=QIkBn6U=TIXB1=j6n7UInL6TKd6n7VInL6UKc6m7WInL6VKb6l7YImL5XKa6k7[IhLMnJ6b0`6h7]IgL8bKZ6h7]IfL:bKX6h7^IgKMjL>HU6g7`IgKOhL=No5d7eIeKNjL`0Ll5e7fIdL=iKl5d7fIcL>jKk5c7hIbL=lKj5b7iIbL<nKj5`7jIcL;mKk5a7jIPJN66ZNQ6`7mIeG0^10eN0]21]NP6_7oIbG1_12dNMR1K46TOK3R6V8UJhH0fNK_22lMK1S6U8VJiHO`1MVNm5a7WJiHOOI03BLSOQ6c8XJjHMOKQO0:350PO02f5h8\\JgHOb1O^MLK<E^5j8ZJhHLe13XMOJ;JZ5g8]JRLOcKODOO<;P5]8gJRLOcKOC1O;>l4]8iJmJMWM1@2A0O<b0h4[8kJkJOmMk0nNY4[8lJjJ0nM4ZN?c0`4[8mJkJOnM4YNa00^O<Q5b>gK]AX4h;mJgFl0_MV4i9oJjG2M2nNj0@R4k9QKiG1@MPO7;h0@R4l9RKhG030hNn0Ao3l9TKgGO5OgNo0Ao3l9UKgGM]NN_12POP1Fh3h;WKlE1TNN;U1Ke3j;WKYE1SO?Cm00\\3P<XKYE6POj6g;PIYE8nNh6j:nHiE2?:mNW2Ig1R<gKXE<lNT20e1l;nKUE9POS20e1m;oKQE3jNL:[20e1l;oKQE5iNL;[2Ne1Q<mKkD>TOU2L`1U<nKjD=TOa6R<SIiD0oN64h6T<QIkDOnN83g6e=UI^Bk6R>O]OSIhBo2@k0e=ZLjBl2Bh0c=^LjBh6l;VIgD4\\Ol2Ca0T<fLkDOCc2Bf0o;iLkDNEG^Oe25k0m;jLlDNMHUO]25R1n;jLlDN5InNN0o15`1l;kLnDMc0g1dNhNFo1V<eMmDMd0g1cNgNFP2V<eMmDMd0g1cNgNFP24"}, "iscrowd": 0, "area": 364418.0, "score": 0.8127564787864685, "bbox": [43.0, 177.0, 981.0, 508.0], "category_name": "bluemussel"}]}