{"images": [{"id": 0, "file_name": "images/0131.jpg", "width": 1920, "height": 1080}], "annotations": [{"id": 1, "image_id": 0, "segmentation": {"size": [1080, 1920], "counts": "PlR[14cQ13N2M2O1O0O2O1O1N3N1N2N2N101N2O0O2O001O001O0O101O00001O000O101O0000001O0O101O001QMjNYUOW1gj0iNYUOX1ej0jNZUOV1dj0lN\\UOU1`j0oN^UOR1Vj0ZOjUOg0Rj0]OmUOc0Zb0dNgBj0nJc0[b0bNfBm0nJa0\\b0cNeBm0nJa0\\b0bNeBo0mJ`0^b0cNbBP1nJ>_b0eN^Bo0SK<`b0eNZBR1UK9bb0dNXBT1VK8oi0JmSOfNf1a1\\j0KkSOiN0L\\1`1fj0OkSORO^1P1cj0j0[UOWOdj0j0\\UOVOkc0_NXA^2kJTOmc0`NUA]2nJSOmc0aNRA_2oJQOPd0_NkZOMj5f2ZKoNPd0_NgZO2k5c2]KlNRd0jN^@]2_KjNRd0kN\\@]2`KjNTd0iNZ@_2WKoL\\Oi1Te0iNW@a2WKoL]Oh1Te0iNV@a2XKPM]Of1Te0kNU@a2XKPM^Oe1Te0lNT@`2XKPM_Oe1Ue0nNP@^2[KQM_Od1Ue0POn_O[2]KRM_Od1Ue0ROl_OZ2^KRM@c1Ye0oNg_O\\2_KUOmd0^Na_O^2bKUOmd0]N`_O^2cKVOmd0\\N^_O`2cKUOPe0\\N[_O_2eKVOod0^NX_O]2hKWOPe0]NU_O^2iKWOQe0\\NU_O^2hKXOSe0[NW]OmNUOa3`NYOTe0YNV]OnNTOc3`NWOWe0WNS]OQOTOc3aNVO[e0SNo\\OTOTOe3`NVO`e0oMj\\OWOTOe3bNVO`e0oMh\\OWOSOg3cNTOce0PNd\\OUOTOn6Xd0nIb\\OUOSOo6\\d0mI^\\OVOTOn6_d0lI\\\\OVOTOo6ad0kIZ\\OWOROP7ed0iIX\\OXOQOP7jd0hIR\\OXOSOQ7nd0hIk[OWOVOR7Qe0hIf[OVOXOS7Se0gId[OWOWOS7Ve0gIa[OVOXOT7Xe0gI_[OTOVOX7\\e0dI][OTOVOY7_e0cIY[OUOVOY7be0cIV[OVOVOW7fe0bIS[OYOTOV7je0aIQ[OZOTOU7me0aImZO[OUOT7oe0`IkZO^OTOS7Rf0_IhZO_OUOT7Tf0\\IfZO@UOU7Vf0[IcZOBUOU7Xf0YIXZOmN]Of02U7Zf0XIUZOMAl6Zf0XIQZONDl6[f0VInYO0Gj6^f0VIfYO2Li6bf0dJ^YO\\5df0bJ\\YO^5ef0aJZYOa5gf0]JYYOc5hf0\\JXYOd5if0[JWYOf5if0YJWYOg5if0ZJUYOg5nf0VJRYOk5Qg0RJmXOo5Tg0[20O010O01O0010O101O1N10aMhE]]OW:bb0kEn[OKd0Z:]c0mEl[ONe0T:^c0oEl[O2b0n9bc0RFj[O2K_O<]:nc0SFj[O3GB`0W:Pd0TFg[Oa08\\9Td0PFb[Og08Y9\\d0lEY[Om0;V9]d0nET[OQ1=Q9_d0_Gb[O^8^d0cGb[O]8^d0cGa[O]8_d0eG_[O[8bd0kGV[OV8ld0Y23N3M1O1O1O1O1O1O1O1O1O1O1O1O2N2N3M2N2N9G1O1O2N1O100O2N1O001O1O100O1O0000O100O10000SOnDS[OS;ld0oDS[OQ;ld0PET[OP;jd0SEU[Om:id0VEV[Oj:id0XEV[Oh:id0ZEV[Of:Ud0TEa[O98b:Wd0XE][O99a:Zd0XEZ[O:8`:_d0RF^[OP:bd0SFW[OQ:id0^12O00001N10001N101O0O10O1O1N2hN]CW]Og<fb0gCk\\O]<kb0TDi\\OQ<Wc0X11O8H2N1O2N1O3M4L3M4L9G2N2N2N2N3L3N2N2N1O1O1N1001O0001O000000001O001O001N2O1O001N1000000000V\\OhCSb0Y<l]OjCQb0W<o]OjCna0X<R^OiCka0Y<U^OhCia0Y<V^OhC^`0KW_O^<;gC]`0MV_O]<=fC\\`00T_O[<`0eC\\`01S_OZ<a0eC\\`03Q_OY<b0cC^`05o^OX<d0`C_`0:j^OW<g0]Ca`0=g^OV<nb0lCo\\OU<Qc0lCn\\OT<Rc0mCl\\OU<Sc0lCl\\OT<Tc0mCk\\OT<Tc0mCi\\OU<Wc0lCb\\O[<W1oBf`0f0n]O`<Z1lBg`0P>X_OPBg`0Q>X_OPBh`0Q>W_OPBh`0P>W_OQBi`0o=W_ORBg`0P>W_OQBi`0o=W_ORBg`0o=Y_OQBg`0o=X_ORBi`0n=V_ORBl`0l=T_OTBm`0k=S_OUBn`0k=Q_OUBWa0c=i^O]BYa0b=f^O^B\\a0`=d^O`B^a0^=b^ObB`a0\\=`^OcBca0\\=\\^OdBha0X=X^OhBja0V=V^OjBka0U=U^OjBma0U=S^OkBna0T=R^OlBoa0T=P^OlBQb0S=n]OnBTb0P=l]OPCUb0P=i]OQCZb0l<e]OUC]b0i<b]OXC`b0g<^]OZCcb0e<\\]O\\Ceb0d<Y]O^Cgb0b<W]O_Cjb0a<T]O`Cmb0`<Q]OaCQc0_<m\\OaCUc0_<g\\OcCZc0^<c\\OcC^c0_<]\\OcCbc0Z=O1PNQBV@P>h?UBT@l=l?^Bh_Od=W`0_Be_Oc=[`0^Bb_Od=]`0^B\\_Oh=d`0ZBV_Oj=i`0ZBS_Og=m`0ZBQ_Og=o`0ZBn^Oh=Qa0ZBm^Og=Sa0ZBj^Oh=Va0]100000001O0000000O1000001O000O2k^Oc_On`0]`0o^Of_OPa0a`001O0000001N101N1O2O001N2O00100O001O0100O0k@^_OT=d`0\\BZ_OmN9b>``0\\B]_OlN;b>\\`0[BV@a=S`0nAY@o=la0L:DV3UBlYO3^O]2c1bM`Nb0Na2aaX7"}, "iscrowd": 0, "area": 134563.0, "score": 0.8879644870758057, "category_name": "fish", "coord": [1581.0, 394.0], "bbox": [1307, 6, 392, 547]}]}