{"images": [{"id": 0, "file_name": "images/0144.jpg", "width": 1920, "height": 1080}], "annotations": [{"id": 1, "image_id": 0, "segmentation": {"size": [1080, 1920], "counts": "Qkkg05cQ12N2M101O1O101N2O000O100O100O001O010O001O01O001O1O001O1O1O1N3Na\\[V1"}, "iscrowd": 0, "area": 490.0, "score": 0.8999537229537964, "category_name": "fish", "coord": [745.0, 271.0], "bbox": [724, 256, 31, 25]}, {"id": 2, "image_id": 0, "segmentation": {"size": [1080, 1920], "counts": "Tc^o05bQ13M2O001O00001O00001O00001O001O1O1O2M2O0O2N1N3N101N100O2O000O101O0000001O000O101O000000000001O0000001O00001N2O0O2N2N2N2O2M3M3M3M3L5K]gcm0"}, "iscrowd": 0, "area": 1661.0, "score": 0.9365182518959045, "category_name": "fish", "coord": [994.0, 441.0], "bbox": [954, 424, 66, 36]}, {"id": 7, "image_id": 0, "segmentation": {"size": [1080, 1920], "counts": "`UWo03cQ13N2O0001O01O101N2N2N1O1N2O1O001O001O0001O01O0O10000O1O1O1O10O10000O101BVoNJlP1Mihin0"}, "iscrowd": 0, "area": 647.0, "score": 0.8930412530899048, "category_name": "fish", "coord": [971.0, 400.0], "bbox": [947, 386, 37, 25]}, {"id": 8, "image_id": 0, "segmentation": {"size": [1080, 1920], "counts": "VRhR14cQ14M2M2O001O1O1O001O00001O01O001O1O1O1O1O1O2N1Mdcgk0"}, "iscrowd": 0, "area": 305.0, "score": 0.8931471705436707, "category_name": "fish", "coord": [1066.0, 443.0], "bbox": [1054, 436, 23, 16]}, {"id": 11, "image_id": 0, "segmentation": {"size": [1080, 1920], "counts": "ooVa19[Q17K3N1O100O2O0000000001O1N2O2M9DYR`="}, "iscrowd": 0, "area": 325.0, "score": 0.8835548758506775, "category_name": "fish", "coord": [1502.0, 360.0], "bbox": [1493, 350, 16, 22]}]}