{"images": [{"id": 0, "file_name": "images/0209.jpg", "width": 1920, "height": 1080}], "annotations": [{"id": 3, "image_id": 0, "segmentation": {"size": [1080, 1920], "counts": "idW[11fQ13M2O1O0O2O1N2O001O001N10001O00001O0000001O00001O00001O0000000001O0000001O00001O1O3L3N2M3M`j`b0"}, "iscrowd": 0, "area": 681.0, "score": 0.8807799220085144, "category_name": "fish", "coord": [1341.0, 982.0], "bbox": [1311, 972, 45, 19]}, {"id": 7, "image_id": 0, "segmentation": {"size": [1080, 1920], "counts": "lYX_17aQ1001O001O1O001O1O10O01O10O010O010O0100O010O010O100O10000O10000O10001N101O000000O1000000O2O1N2O0O2N1O1O1O1N2OgdV>"}, "iscrowd": 0, "area": 790.0, "score": 0.8911287188529968, "category_name": "fish", "coord": [1465.0, 983.0], "bbox": [1433, 964, 54, 43]}, {"id": 12, "image_id": 0, "segmentation": {"size": [1080, 1920], "counts": "[hmd16aQ12O1N2O100O1O1O1O100O1O10O01O010O010O01000O10O10O10O10000O100O100O100O100O100000000O1000O10O0101N1O1O010O1O001O010O001O01O01O01O100O2O0O2N100O100O010O00010O01O01O1O010O001O1O001O3MgV[7"}, "iscrowd": 0, "area": 1310.0, "score": 0.8833716511726379, "category_name": "fish", "coord": [1623.0, 1024.0], "bbox": [1605, 1009, 90, 59]}, {"id": 15, "image_id": 0, "segmentation": {"size": [1080, 1920], "counts": "\\Xaf12gQ10O5L1N1O2N3O0O1O100O10O010O010O0100O01O01O0O101N2O0O100O2O0000O100000000O1O2N1O1O2N2O2L4KcUW7"}, "iscrowd": 0, "area": 765.0, "score": 0.8835607767105103, "category_name": "fish", "coord": [1689.0, 871.0], "bbox": [1654, 828, 45, 58]}, {"id": 16, "image_id": 0, "segmentation": {"size": [1080, 1920], "counts": "dZkZ12fQ10XQd0Oin[O2M4M9F2OFnnNNRQ12onNMQQ13onNMPQ13RoNLnP14RoNKPQ14QoNJPQ169O2N2MR^81naG1001O0OkU60VjI1O0O100oROO[h01dWO0\\h00dWO0\\h0OeWO1\\h0NU_\\10becN000O2O1O1cMNRSO:Yl0FfQO4n1:Xl0FeQO3R28Wl03iSONVl02iSOOWl00jSO0Vl00jSO0Vl00jSO1Ul0OkSO1h4^O]`0a0kZO1h4_O\\`0`0lZO0i4@[`0?mZO1h4@[`0?nZOFlMMl6NZ`0?nZOEPNIk61X`0a0nZOCS5LP`0?oZOB`l0=aSOAal0>\\20UQOCQ50l?<S[OFo40m?:T[OGn40m?9U[OGm41n?8T[OIm4Oo?8T[OIm4Oo?8T[OIl41PIIef0?^[OGm41oHKef0=_[OGm42lHMgf0;_[OFm4=d?NbZOFWOOa6`0e?L`ZOJXOHZ6n0]JoNQO1T17ja0:S]O]Oa0a0C@]6U1ZJZO6Mia07S]OB2LOe0n6c0mIWO6Oia05R]OE0ONc0P7?PJXO6Oha04S]OEO0Nc01XOg6U1ZJXO60ga03T]OEOo00mNe6T1[JYO40ia02S]OF0m01oNe0IR5[1XKXO41ga03T]OD1m01oNd0KR5X1ZKYO31ga03S]OE2l01oN5I43[5X1\\KXO22ha02S]OE2k02PO4I34NLR5[1hKXO22ha02S]OE2k02PO4H45MLQ5\\1iKWO23ga01U]OD2k01QOb0Mo4Y1^KVO32fa01V]OE1NM`06\\Ob0Mn4[1]KVO32ga0OW]OE2LMa06]Oa0Ml4^1]KUO42ea0M[]OF;;K]OW6^1_JUO61ba0L_]OF:4h6T1hITO82]a0Hg]OD96e6X1fITO93Za0Fh^OFP6_1eIRO:2Ya0GZFV1SHQO:2Ya0Gk]OD92b6^1jISO80Xa0Ji]OH70d6Z1mITO8OWa0Kh]OK5Oe6X1oITO9NWa0Lg]OL4N5Ig5_1iJTO;LUa0Nf]OM5M4K4Nf4U1`JROW1<;KVa0Oe]ON4M3L4Nf4S1dJQOU1=<JUa00e]OO2M5K4Nf4S1dJPOV1>;JUa01d]OO2M5J4Og4R1eJoNU1?:KVa01b]O21K6H60e4Q1hJoNS1`09MWa0Ob]O3OM6D90e4Q1iJmNS1c06MYa01^]O5NL8@<1c4Q1lJjNS1e04O@Db`0<c^OQ16`N?1a4Q1YL@JNA2U`0j1T_OcMc03U4IYKW1[1BHMB5S`0g1U_OcMe02MJ]35oKQ1U1nNkNh0W1JB5S`0g1T_ObMh02KM[3\\1SM3OTOI5S`0f1W_OaMe02M0W3[1oL;4kNK6Q`0f1Z_O`Mc02M2W3Z1nL=5hNK6R`0f1Z_OaMb02M3U3Z1PMeNTO_1Q1POK6R`0e1[_ObMb00M5^OJS30nL9Ik0l0QOUO_1P1nNL7R`0f1Z_ObMb00M5]OLS31kL7Mj0l0QOUO6Ok0R1[OK8R`0Z1S_OSN9J`00N7ZOMS3?lL`0j0ROUO60k0Q1YOL9R`0[1S_ORNW1J_O8ZOMS3?lL`0j0QOWO50l0P1YOL9Q`0[1U_OQNQ24mMMS3>mL`0j0ROVO41m0P1WOL;P`0[1W_OnMP26mMMT3=lLb0j0POWO40o0P1VOK<Q`0No^Oc0c2mNcML^31bLP1U1nNnNU1l0UOK>P`0MP_Oa0e2nNcMKi3Q1gM5^OTOK>o?MR_O5P3YOZ1n0]M5\\OTOLLQO8n`03V_O3S3]OT1P1]M4[OUOLJTO:j`0O\\_O5o2^OT1P1]M6ZOSOMJSO;j`0N^_O4n2@S1P1^M^OTN7U1DLKTO:j`0L`_O7j2BS1m0`M5ZOTOJLTO9k`0Jc_O8g2DR1l0aM5ZOTOIORO7n`0Hd_O;IAY23e1j0aM6[OSOIa0P`0\\Oe_O=FBZ22f1h0aM7\\OSOFb0R`0[Oe_O=FCY21g1h0aM7\\OSOFb0T1WOi<3kA?CDZ20g1h0aM6^ORODd0T1ZOg<OoA>BEZ20n0HWMQ17oNKY1<oNGd0S1E^<DYB=CHW2No0JVMQ17oNL\\19iNKf0R1G]<@[B>CKT2KR1KUMQ1GmN12;]1:eNLh0P1MY<YObB=B23_O[17g1LkLLLW12lN31;]1;bNMj0n02W<ROfB?A4OA]13_NHR36nL_1OaN51ML2_1l1\\OF6U<lNkB?A8IBc0I26YOKU3]2oLUNOo0n1ZOF<n<TOdAl07lN42[OM<LX2b2]MWNNl0S2YOD?m<POgAQ11SONFHN9Mm1MQN[5i1dKDa0m<mNiAT1MSO0DIN8Ol1NPNY5l1dK]Oh0R=fNjAS1NTOOBLN60l1NQNY5j1eK\\Oj0R=cNlAS1NTOOBLN60l1MRNZ5i1nKROd0Y=aNoAS1MSOOCMM61NKb11^N[5h1QLnNc0\\=XNfAL:]1NSOOCMN41OLb1O`Na2I2m1oNjN?_=TNmAK5f0HC0L6>OCMN42MLd1MaNb2H3l1QOVN_N4S2l=mMRBL4f0HC1K53J04N0N23LMf1K`N8Hn11`0k1@VN7m=iMVBK3f0ID1I55IO5OOM34KMR22mMo10`0k1U2Q<[KeBa0@B2J36JN400L25KMS20mMQ20`0i1V2Q<ZKgB`0^ODa0NAL51=2]ONS20nMP2Oa0i1W2P<ZKgB?_ODb0M1M13]ONT2MPNR2Lb0j1X2m;[KgB=ADb0L3L13]ON_2P2`Md0h1Y2l;YKiB>@Cd0JP11bNK_2R2_Md0g1b2d;RKPCk06mNQ11\\1l1SMh0e1b2d;QKQC6EMb0CR11\\1m1RMaNKc1i1X3c;PKRC5HL[2Fc0k1RMbNMc1e1Y3_OiJTO3l:5VE4KJX2Jd0h1RMcNNb1d1[3]OlJkN:T;JYE5KH=HQ14b1b1nLhN0`1b1]3]OhKi9XO_E5KH=HP15e1_1kLmN0\\1c1_3[OkKh9UOaE4LI<G50N5c2_1kLoNOY1d1`3[OlKg9TObE4LI;H51N4d2]1kLfNLL2h1d1_3\\OnKe9SOcE4LH<I40O4d2]1kLfNLL2h1Z1SNhN]5l0TLa9lNiE5KH;I51O2e2^1jLeNLN2f1Y1VNhN\\5OiJ>]1C`No99WF6LG;I51N2g2]1iLSONW1Y1VNhNY6MiKQ:XNYF7JI:I6OO1h2^1hLTOKW1]1UNfNe8n9eGZF8HJ;I4N2OCIm2g1nLV1Z1[6a8XG]Fo01RO1M2IGMm2d4ZNb4_8VG^FQ11ROOO2FGOo2b4[Nb4]8VG_FQ10SO0N2EHOo2b4[Nc4\\8UG`FR1OSOOO3CH18JZ2e4iNf4Z8TGaFQ1OUOON3OO@[2d4iNg4Y8RGcFQ1OUOON2CI26K]2b4hNk4V8oFfFQ10TOM03BJ15L^2a4fNY5k7bFRGQ10TOM03BJ15L^2b4eN\\5h7^FVGQ10UOLO4BJ15L^2b4eN_5d7\\FZGP10UOLO4BJ15L_2b4cNa5c7ZF\\GP10UOLO4BJ15M^2a4dNd58\\Fo4IiIQ10VOKO4BJ15M_2L^M\\4U1bNhNZ4X1dJMWNl2;WL8JL62L03BJ15Mh2X4YNaNkN]4R1hJTOQO5POg29WM8HM63LN3DI15Mi2W4YNaNkNa4l0QMo1iKbM=DK64LN32MAk2U4WNbNmNd4g0TMm1cKhM=DJ84KN23MCk2R4VNdNnNf4b0VMo1^KjM<GI75KK67GEm2o3SNfNPOi4<[Mm1VKQN;IH65MI6;EEm2m3SNfNROl46[MP2TKRN9JJ55MI6;EGl2k3SNgNSOl43^MP2QKTN8LH57MI4;FIj2k3SNfNTOl42`MP2nJVN9KH57MI41_OM76i2l3TNeNSOm42aMo1mJXN8KG77JL4OAK78e2o3VNcNTOl41dMn1jJZN8KG77JL4NCK5:`2R4[N_NSOm42dMm1iJ[N8KF88IM3MDK69Q2JgM]4P1\\NTOn41eMl1fJ_N8JF88IM3MEJ5;o1b4iNPNTOn41gMj1dJaN8JF88IM3LFK4<R1FkNO0m4k0oMTOn41hMi1dJaN8IG96JN2KGJ5=P1JeN22h4P1UKmN_27X50gMj1fJ^N7LG86JO1I87f09cN^4S1QKoN_27Y5OhMh1iJ]N5LJ73LO1G:7e0`5HVJoNa26Z5OfMh1lJZN5NK42OO1C<9c0b51dLmN\\51bMe1SKXN2OM40O02@>:a0c52cLmN]51`MR1gJmNa0I12L5OOOQ1J0e52aLnN]53^Mi0SKPOV1MPO5N1OP1IOh54]LnN_53\\M9iJ[Of01m0OPO6M1OP1HIo5;VLnN_54[M7`NBjL1OP1HGR6<SLoN_55ZM5gM]OgM6M10o0HFR6>RLnNa55XM6gM^OfM5OO0Q1HDR6`0QLnNa54YM6kK^Oc02mN40O0Q1ICQ6a0QLnNb53XM7kK_Oa02oN30O0Q1IXOAIa6S1PLnNb53XM7kK_Oa02oN30O0Q1@lNO:LKa6R1oKoNc52WM8jKAa00PO30O0Q1@lNO:MJ`6S1oKoNc52XM7iKBa00oN50M1Q1_OnNN9OI`6S1oKoNc52XM6iKD`00PO40M1Q1_OPOK81I`6S1PLnNc53WM5jKD`00PO4ON2P1_OBJAa6R1PLnNc53WM4jKFDK03L50N0Q1_OM[67RLmNc54VM3iKHEJ12K60N1P1_ONZ67QLnNc55VM0iKJFJ10J90L2Q1^ON[66QLmNd57TMNTKA7=3H3OJ9ON2o0^O0[65RLlNc58UMMSKB7<4H20L7M02]2j5eNSLlNc58UMMRKC8<1J3OL7NN0`2m5cNSLjNd58TMOQKC8;2J3OL6OOO`2m5cNSLiNg57QM1PKD9:1K4OK50OO_2n5dNSLhNg57PM2PKD9:1L2OM40OO^2o5eNSLfNh58mL5oJC;91L20L32NNS1CJ\\67TLdNi58lL7nJC;90ML62M3MNS1CI]67ULbNi5;jL7nJC;81NJ73L4LOR1AK]67e4lNSJ9lJC=73LH:1L6K0Q1AK]67e4lNRJ:lJC>63LG;1L7J0Q1@K^68d4lNRJe0\\K\\O3LE>0K9H13^O?2;]68d4lNQJf0^KYO3NCc0LG>G12_O`01;]68d4mNoIf0aKVO3OBg0IEa0E22_O`01<[69`McNR39QNg0dKRO31_Oi0IEa0E30@a00<[69]MhNVL0b64]Nh0SMLkMEc0C40Aa064T6b0[MkNQL2g60\\Nh0RMNmMCd0B30K9M<S6c0[MVOh2F\\Ni0PM0oMAd0B4OK8N=R6c0ZMWOi2FZNi0gLPO^Nf1?]N4NL9M=S6a0ZMYOh2FZN=oJEf1K]Nc1b0\\N5ML9L>T6`0ZMXOh2HYN<QKEd1M[Nc1d0[Nn06oN>U6>ZMZOh2GXN<RKFb1OZNb1g0YNm07oN>V6<ZM\\Og2GXN;TKEa1l1POoMn08oN<W6<ZM]Oe2HXN:UKF`1l1POoMn08oN1]ONl6g0XM_Oe2HXN:UKF`1Q1YNBg0YOm07PO1]ONl6f0YM_Oe2IWN;TKEa1Q1ZNAe0[On06oN2^ONl6d0YM@f2HVN<SKFb1P1ZNAe0[Od0NmN8<>[65YMAd2HWN>QKEc1o0[NAe0[Od0NlN9<>\\65XM@e2H\\L1\\Nj046[NAc0]Oe00gN8a0=[64YM@f2HYL5\\Ne076]N_O`0@d0`0VO8_60XMAf2HXL:YN`0<5^N_O;Cg0>TO;`6NYM@e2HXL=XN=>5^N_O:Dh0=SO<b6LXMBe2FXL?WN<`03^NA8Fi0:SO=b6LXMBf2EWL`0WN<`03_N@7Gj09RO=c6MWMBo54UG=`02`NA7Fj09QO>d6LVMCo53VG>?2_NB8El07oN?e6LVMDo52UG?>2aNA8Fn04lNa0g6LTMEP60TGb0>0bNB7F7HM;Ga0f6MSMFT6KRGf0]OPO43UOg0:G7F6JM9J?d6ORMGU6HSGi0ZORO34UOd0<G7F5KN8K=d61RMGS6FVGk0YOQO2Q1C]O5H5KN8K=e60QMHP6HZGi0XOQO1R1E[O4J3LO6M<e60QMHj2DmK8bNe0XORO1R1GYO2L3LO6M<e61PMGk2EkK8dNd045mNVO3M1MO6M<e61QMFi2HjK7fNc045mNVO3M1NN5O:f62oLGi2HiK8gN1_N2c1e0POTO2N0OO4O:f62PMFh2JhK8gNObN2a1f0POSO3OOOO409e64oLFh2JhK7hNOcN1`1g0QORO20O0N318g64mLGh2JhK7hNNeN0_1h0QOSO10O0N318g64mLGh2IjK7fNOfNO^1:`NDa0N100NN508g64mLGh2IkK6eN0gNN]10bNH06?O100NO4O9g64mLGi2GmK6bN2hNM[11eNF06>1000NO4O8h66kLGi2FPL4`N4hNM[10QOL31O10NO4O7j66jLGh2FRL5]N4jNLZ11ROK22O10NO4O6k67iLGh2FSL4\\N5jNLZ10ROM12000NO4O4m69gLGi2ESL4[MJ?<[OLZ10ROM12000NO4O3n6;eLFk2CTL7WMIa0<ZOM[10POM3100OOFKL8=3n6;eLFk2CWL5SN7kNN\\1OgNHJ8`0O10O0EJM8>2n6<cLFZ6FlF9jNN_1MeN:8I3NN0GKJ7`03o69cLHY6FlF8jN0_1LdN:5M7JM1I99KP79bLGZ6GkF7iN2a1KcN:3N9IL3J69LQ78bLGZ6HjF7hN2c1K_N=5K:IL3J69KS79`LF\\6GiFj0;7dN\\O9JM2J67MV75`LH\\6FhFk0:8dN]O9IM1K67LW76_LH]6DhFm08]OcN92O9IN1H89HX77`LGUNDW7o0oG\\OeN9009IN1H89HX76aLHSNFW7m0oG]OfN8O1:HN1H89GY76bLGQNJn5MlHn0;]OhN8N1:HO0G9:FX77dLDPNMm5NkHl0<_OiN6M2:G01F9:FX77hL]OoM4j5OiHl0>^OkN3M49G01E::EY78XOBW1NjHm0>[OnN3K59G01D:;FX78XOBX1MiHn0?ZOPO1O04N0OC=9GZ76XOBdMOiNObMn0a0XORO000002OA0J4?1Z77XOB`M2kNNbMj0c0XOTOO1OO21NA0M3<4Z76XOC]M4nNK`Mk0e0WOUOM2ON31NA0M496\\75WOC\\M4oNL_Mj0g0VOUOLn04SOLA1N388[76YL^OfN3d16oNK^M7VO3b1EQ1OdNOQO287\\78VL^OgN4c15POL]M5ZO2`1FQ1OcN0QO198[7:TL\\OjN3b16POL]M5ZO2`1FR1McN2PO1:7Z7;TL\\OkN1c17oNL\\M6\\O0^1HR1LdN3oN1<4Y7?RLZOoN0a18oNL[M7]OO]1I^2OWL1=3X7`0g3CjGI\\M9]OM]1K]2OXL0=3X7a0f3BjGJ[M:_OK\\1L]2OXL0=2Y7b0m0YOjI8^1KoK:5K\\1L]2OWL1?0X7d0l0ZOiI6_1MoK86K\\1L]20VL0`00X7d0iKXOR48WLOPL67K\\1L\\21WL0?N[7e0dK[OT45WL0QL57K\\1L\\22UL0a0M[7e0cK]OT44WL0QL57J\\1M\\22VLOa0L\\7f0aK^OU43WL0QL56K]1L\\23TL0?M`7d0`K]OW43TL1SL54K^1L\\24SLO=Oe7a0^K^OX42TL2RL400a1H_2`0]LBh7`0]K^OX43SL1SLe0`1XO_2a0\\LAj7?\\K_OZ41RL2SLe0`1YO^2`0]LAj7?\\K_OZ41RLT1dMkN]2a0\\LBk7>[K@\\4OQLU1eMjNR2LaLf04Cl7=[K@]4NoKW1fMiNQ2NaLd04Dm7<ZKA^4MnKX1hMgNo11aLb05Cn7=YKA^4MmKY1iMfNo12`La05^OV8a0QKC`4KjK\\1kMdN5JO9[N`05]OV8c0QKB`4KiK]1mMbN4LO6]Na03^OV8c0PKCb4IhK^1mMbN3M05^N`01_OX8c0oJBc4JgK]1oMbN1N04`N`0O@W8c0QKBc4IfKo0_LTOa1K11O1cN2F66JV8d0RK@d4JeKm0cLTO^1K13OOmN8ALT8f0SK_Of4HdKm0eLSOX30nN6cMNT8e0UK_O`2HRL0g1l0gLRO>0i13N4bMNT8g0UK^O_2JSLMg1l0gMSOW13O3aMOT8f0VK^O^2MRLJi1m0fMSOW1301aM1S8e0WK_O^2LMg0cKTOW1300cM0S8f0UK_O_2MLg0cKTOW1300cM0T8e0TK@a2JLi0cJTO;2j121NdM1S8e0SKAd8MlC=`0]O;2j121NdM0U8d0RKBe8KmC?=^O;2k110OeMOT8e0RKAn8;QD_O:1l11?M\\5e0PKAo8<PD_O:1k12T9`0hGBP9;oC@92l11U9`0gG@Q9>mC_O93m10U9a0hG[OR9b0kC_O67o1LW9a0\\4MX@_O1<S2HY9`0Z4NX@^O0>U2F[9>X40X@^OO?U2G]9;W40X@@M?W2F`99S43W@@N?W2Fc96R44U@CM>Y2E3Kh6:k64S@FM=Y2D3Mj66k65R@GL>Z2C3Mk66j65P@IM<[2C3Nk64j66P@IL=[2CXOHQO6h82h66P@KK<\\2CZNG22M5i82f65R@LJ<]2BYNH23L4l8Nf69P@LI=^2AYNH23L4m8Kg6:Q@NE=`2@XNI23M3[i05ZVOi0T2SOUOLRO4Zi04[VOi0U2ROTOMRO4Zi03]VOi0S2SOTOMSO3Yi03^VOj0S2QOTOORO4Xi02_VOj09mNo04OORO4Xi01`VOk08nNn030ORO3Yi02_VOk07oNo020ORO3Yi02_VOk07POn012MSO3Xi04^VOk07POn012MSO2Yi04]VOm07oNn012MSO2h80ZGN_>2YAQ12POo002MSO2g82YGMa>1YAQ12POo002MSO2f83ZGM`>0m@M3T1<POo002MSO2f84XGMb>Oj@15P1=POn013LSO2f84XGNa>9PAg0<oNo012NRO1i82VG0b>8PAg0<oNo021MSO2h82VG0b>7RAf0:QOo021MTO2g81WG0b>7RAf09QOQ12TOJ03O4g8OWG1c>6RAg06ROS11TOKO307d8JZG1d>6RAg05SOS11UOJN408d8H[G2c>5TAf04TOR13TOJO209e8HZG1d>5SAg06RO9JK:1JN406g8IXG2e>3TAg06SO7LJ92JO304h8LWG1e>1VAi06RO3OK73JO303i8MVG1e>0WAj06QO20K72LO112j8NUG1e>OWAl06PO12J64KN220k80SG0f>NXAm05PO12J64KN220k80SG0f>MYAn05oN11K72LO111k80SG0f>I^AQ10PO20L52MN301k80SG0f>I^AQ11nNm06SOMN3O2k80SGOg>J^AP10oNo04ROMO4N2j82RGNh>J^AP11mNP14QOON3O3i82RGNh>J_Ao0k1POXNNO5M2i84QGNh>J_Ao0f3SOYL2i84QGMi>K_An0f3SOXL3i84RGLh>L_An0f3ROZL2h86QGLh>L_Am0g3SOYL1i87oFMi>K_Am0h3ROYL1h88oFMi>K_Am0h3ROYL0i8:mFLj>K_Am00POm21UM1h8:mFLj>K^An01POl2On6<_EH64R?K^An01POa=d0mACS?K^An00QOb=c0mACS?K_Am0OROb=d0lABT?K_Am0OROb=c0mACS?K`Am0MROc=c0lADT?J`Am0LSOe=a0kAET?JaAm0ITOQ3Lo6d0bEET?JaAm0FWOT3Io6c0cEFS?M_Aj0FXOU3JP7`0bEHT?M]Aj0GXOU3KP7>cEHT?L^Ak0GWOT3LP7?bEGU?I`An0FXOQ3LYMKn8c0\\FGV?I^AP1IUOW1HO6QOLo8b0\\FFW?I^AP1JTOU1KTONN6NNP9?\\FGW?I]AQ1LROS1MTOOM50MQ9?ZFGX?I]AQ1LROS1NSOOM40NR9>ZFGX?I\\AR1NPOR1NTO0L40NS9=YFHX?I\\AR1OoNR1NSO1M30NS9>VFIZ?H\\AR11kNQ21PN5OMT9l0_5TO\\AQ1l2lNWM6OKU9m0]5XOYAn0k3QOZ6i0b4YOYAl0k3RO[6h0a4[OXAk0l3RO[6h0a4[OXAk0l3RO\\6g0`4\\OXAk0m3QO[6g0a4\\OXAl0l3QO[6:YEJX?NYA1]Oa0_4\\OY68_EIT?N[A3\\Oa0]4]OY67bEGR?1ZA2^Oa0[4]OZ67S5Ij@1@a0Y4^OY67U5Ij@0@a0X4_OY66V5Ji@0A`0W4@Y66V5Ji@OC`0U4AY66V5Ji@OE>S4CY66V5J\\A;U3EY66V5J_A8R3HZ66T5JbA6P3JZ66U5IcA5m2M[65U5IdA4l2N[65U5IeA3j21[63V5LbA0m21[63V5MaAOm22[63V5NaAMn23Z62W5NaAMn23Z62W5O`ALU2KUM8o92W5Od@G85i2LTM7P:2W5NaAMT2KUM8AHS::b5NbAKo24jKJR:9c5IhANk24iKLR:8b5J]F0oI0Q:6c5JlF0b34c5LkF0b34c5LkF0b34c5LkF0c32c5NjF0c32c5NjF0c32c5NjF0c32c5NkFOb32d5OjFNc33c5OjFNc33c5OjFNc33c5OjFMe33a50\\10dN0\\11cNO]11dNN\\13cNM]14bNL^15aNK_15aNK_15aNK_15aNK_15aNK_16`NJ`16`NJ`16_NKf@NV`07TOKe@2T`03WOKe@3T`01WOLb15^NJc15]NO_11aN0_10`N1_10`N0`10`NOb11]NJh16XNJh16XNJh17WNIj16VNJj17UNIk17TNJl17SNIm18RNHn19RNFn1:RNFn1;QNEo1;QNEo1;QNHl18TNIk17UNIk17UNIk17UNHl18TNHm17SNFP2:PNFP2:PNIm17SNIm17SNJm15SNLl14TNLl14SNMn12RNOm11SNOm11SNOn10RN0n10RNOo11QNOP20oM1Q2OoM1Q2OoM1Q2OnM2S2MmM3S2MmM3S2NlM3S2MnM2R2NnM2R2OmM1S2OnM0R20nM0R21mM0QEF_8:`20lDLb85a20kDNc82\\2Hi@8W4Od81\\26oDJPOE[6<e56oDKoND]6;e56oDKoND]6;f54oDMc8O^24oDMc8O_23nDNc8Oa21lD0c8Ob20kD1d8Na21kD1d8Nb2OkD4b8Mc2OkD4b8Md2NjD5b8Md2NjD6b8Ke2NiD7b8Ke2NiD7b8Ke2NiD8a8Jf2NhD9b8If2NhD9b8Ig2MgD:c8Hf2NgD;b8Hf2NfD;d8Gf2NfD;e8Fe2OfD;e8Gd2NgD<d8Fe2NgD<d8Gd2NgD<e8Ed2OfD>e8Ce2OfD>e8Ce2OeD`0e8Be2OeD`0e8Af2OdDa0c3VO]M:\\:OdDb0a3WO^M9\\:NdDc0YLSOo64gM8]:NdDd0WLTOo63iM7]:NdDd0WLTOo63iM7]:NdDd0WLTOo63iM7]:F"}, "iscrowd": 0, "area": 399929.0, "score": 0.8812040686607361, "category_name": "fish", "coord": [1558.0, 979.0], "bbox": [1300, 0, 619, 1076]}, {"id": 20, "image_id": 0, "segmentation": {"size": [1080, 1920], "counts": "TnUh15`Q15N1N101O1O1O001O00001O001O010O0010O001O1O010O001O1O1O0010O0001O001O001O001O1O001O1O010O1O1O001O00001O00001ORQY5"}, "iscrowd": 0, "area": 626.0, "score": 0.8847720623016357, "category_name": "fish", "coord": [1729.0, 781.0], "bbox": [1704, 768, 54, 22]}, {"id": 25, "image_id": 0, "segmentation": {"size": [1080, 1920], "counts": "V^Zd14dQ11O1O1O1O001O0010O0100O001O0010O01O00001O001O01O01O000010O000001O01O01O0001O000010O0001O001O001O010O00001O0O2N]_S9"}, "iscrowd": 0, "area": 657.0, "score": 0.8855700492858887, "category_name": "fish", "coord": [1621.0, 683.0], "bbox": [1587, 670, 55, 22]}, {"id": 29, "image_id": 0, "segmentation": {"size": [1080, 1920], "counts": "edSh13dQ12O1O00001O0000000000000O10001O000O10000O1000000O100000000O100000000000000O1000000000000000O10000000O1000O10000000000O10001O00000O100000001O0O101O1N2N_Ve4"}, "iscrowd": 0, "area": 805.0, "score": 0.8866549730300903, "category_name": "fish", "coord": [1749.0, 583.0], "bbox": [1702, 573, 75, 14]}, {"id": 31, "image_id": 0, "segmentation": {"size": [1080, 1920], "counts": "lbU\\15aQ13N2N2O000O10001O00000O101O01O000000001O00001O01O01O00001O001O001O00001O001O000O4M^Sga0"}, "iscrowd": 0, "area": 506.0, "score": 0.8838895559310913, "category_name": "fish", "coord": [1355.0, 318.0], "bbox": [1340, 310, 41, 16]}, {"id": 37, "image_id": 0, "segmentation": {"size": [1080, 1920], "counts": "^\\Wb14bQ13N1O1O1O00100O00100O00010O0010O01O10O010O010O010O10O0100O010O100O2N1O4K\\cj;"}, "iscrowd": 0, "area": 418.0, "score": 0.8859573602676392, "category_name": "fish", "coord": [1545.0, 37.0], "bbox": [1524, 26, 36, 24]}, {"id": 45, "image_id": 0, "segmentation": {"size": [1080, 1920], "counts": "nlng16aQ12N2N100O1O2O0O100O100O101N100O1000000O101O00000O100000000000000O10O1000000000O10000000O1000000000000O101O000O101O000O2O00000O2O00001O000O2O0000001O00001O0O2O001N6Kiab4"}, "iscrowd": 0, "area": 1471.0, "score": 0.9377762675285339, "category_name": "fish", "coord": [1731.0, 43.0], "bbox": [1698, 32, 82, 24]}]}