{"images": [{"id": 0, "file_name": "images/0864.jpg", "width": 1920, "height": 1080}], "annotations": [{"id": 0, "image_id": 0, "segmentation": {"size": [1080, 1920], "counts": "Q\\P>8XQ1;J4M3N1N2M4L3M3N2O1O1O1O2N1O1O100O2N100O100O100O2O00000000000000000000O1000000O100O1O1O1N3M2O1N2O1N2O1O1N3N1O2N1O2N3M2M3M3N2N2M3M6J`oQ_1"}, "iscrowd": 0, "area": 2774.0, "score": 0.8943613767623901, "category_name": "fish", "coord": [459.0, 126.0], "bbox": [425, 98, 66, 55]}, {"id": 1, "image_id": 0, "segmentation": {"size": [1080, 1920], "counts": "kkd=1eQ16J6L4L4K6K3M2N2N100O10O1000O0100O1O4JQQo`1"}, "iscrowd": 0, "area": 557.0, "score": 0.8932613134384155, "category_name": "fish", "coord": [425.0, 246.0], "bbox": [414, 230, 19, 39]}, {"id": 2, "image_id": 0, "segmentation": {"size": [1080, 1920], "counts": "cfb04`Q15L4J6K4M4N1O1O1N3N1O1O1O1N2O1O1O1O1O1O1O1O100O1O10O0100O01000O10O10O1000O10O10O10000O100O100O100O1O1O1O1N2N3M2M3O2M2O1O2O0O2N101N2M3M3L5KS`\\l1"}, "iscrowd": 0, "area": 2596.0, "score": 0.9268308877944946, "category_name": "fish", "coord": [60.0, 768.0], "bbox": [17, 750, 69, 53]}, {"id": 3, "image_id": 0, "segmentation": {"size": [1080, 1920], "counts": "Wf0_1YP100000000O10001O0O10000O100O2N100O100O100O101N1O1O1O2N2N101N3M2N4L4L6FZZRn1"}, "iscrowd": 0, "area": 1309.0, "score": 0.9293978214263916, "category_name": "fish", "coord": [11.0, 741.0], "bbox": [0, 711, 35, 46]}, {"id": 6, "image_id": 0, "segmentation": {"size": [1080, 1920], "counts": "oW85aQ14M2N2N2N1O2O1N101N101N10000O10001N100O100O10000O100000000000001O0000000000000000O100O2M2O1O1N3N1N3N2N1O2N2N2NZfUm1"}, "iscrowd": 0, "area": 1320.0, "score": 0.9027184247970581, "category_name": "fish", "coord": [39.0, 894.0], "bbox": [7, 872, 55, 30]}, {"id": 8, "image_id": 0, "segmentation": {"size": [1080, 1920], "counts": "ibQ74bQ14L3N3N1N2N2O1N2N2N101N2O0O2O00000O2O0000000O101O0000000000010O000001O00001O010O00001O001O1O001N101O1O1O1N2O1O2M2O2M3M3KYRWf1"}, "iscrowd": 0, "area": 1611.0, "score": 0.9267706871032715, "category_name": "fish", "coord": [247.0, 964.0], "bbox": [213, 947, 60, 35]}, {"id": 10, "image_id": 0, "segmentation": {"size": [1080, 1920], "counts": "Pom:3dQ13N3M2M2O2N1N2O1N101O1O1O001N2O1O0010O01O001O0010O0001O0000000001O00001O00001O1O1O1O1O1O1N2O1O2M2O2L4KdUdb1"}, "iscrowd": 0, "area": 1179.0, "score": 0.8883509635925293, "category_name": "fish", "coord": [355.0, 894.0], "bbox": [331, 883, 51, 31]}, {"id": 12, "image_id": 0, "segmentation": {"size": [1080, 1920], "counts": "VQW?5aQ14N2M2O1O1O1O1O1O2N1O1O1O1O100O1O1O1O1O010O1O100O100O010O10O1O1O1O002N1O1O2M3M4K6Jgde^1"}, "iscrowd": 0, "area": 991.0, "score": 0.8819398880004883, "category_name": "fish", "coord": [487.0, 860.0], "bbox": [461, 843, 41, 37]}, {"id": 13, "image_id": 0, "segmentation": {"size": [1080, 1920], "counts": "Xgj`0<VQ1>F6J6K3L3N2N2M2N2N3L3N2M3N3N1O101O0000000000O100O1O010O1O1O1O1O1O1N4L4L6I8H:EZST]1"}, "iscrowd": 0, "area": 2227.0, "score": 0.9424676299095154, "category_name": "fish", "coord": [532.0, 859.0], "bbox": [510, 822, 39, 69]}, {"id": 14, "image_id": 0, "segmentation": {"size": [1080, 1920], "counts": "c_m>5bQ12O10001N2N100O2N1O2O0O1O2N1O100O1O100O1O1O100O1O010O10O01000O010O100O00100O1O001O1O1O1O1O2N2N3M2N3LUfe^1"}, "iscrowd": 0, "area": 1058.0, "score": 0.9500213861465454, "category_name": "fish", "coord": [474.0, 808.0], "bbox": [452, 786, 50, 41]}, {"id": 15, "image_id": 0, "segmentation": {"size": [1080, 1920], "counts": "bb\\h1`0VQ17K3M3N1O2M2O1N2O0O1O1O100O1O010O0100O1O010O1O1O100N2O1O1N2M4H7J6M3N1O2O0O101N1OPUa5"}, "iscrowd": 0, "area": 1180.0, "score": 0.8907452821731567, "category_name": "fish", "coord": [1728.0, 35.0], "bbox": [1711, 8, 40, 49]}, {"id": 25, "image_id": 0, "segmentation": {"size": [1080, 1920], "counts": "niRf14cQ12N2M3N1O1O1O100O100O10000000O1O101N1O2N3Imo^8"}, "iscrowd": 0, "area": 282.0, "score": 0.9101477861404419, "category_name": "fish", "coord": [1652.0, 67.0], "bbox": [1641, 60, 21, 16]}, {"id": 27, "image_id": 0, "segmentation": {"size": [1080, 1920], "counts": "\\Rd\\1=[Q19H3L3M1O2N1N2O2M2N2N3N1N3N2N2O1O1O001O000O1000O010O0100O010O010O0010O010O00100O1O102M6J4L3M3M4L;E6J9EgPn`0"}, "iscrowd": 0, "area": 2301.0, "score": 0.9515140652656555, "category_name": "fish", "coord": [1384.0, 61.0], "bbox": [1354, 24, 51, 70]}, {"id": 28, "image_id": 0, "segmentation": {"size": [1080, 1920], "counts": "[Xh_17`Q13M101N101O0O10001O00O10O1000000000O100O1O2N1N4LQ\\f>"}, "iscrowd": 0, "area": 335.0, "score": 0.9087632298469543, "category_name": "fish", "coord": [1463.0, 16.0], "bbox": [1449, 14, 24, 16]}, {"id": 29, "image_id": 0, "segmentation": {"size": [1080, 1920], "counts": "hVn`1;]Q12N1O1O1O001O1O001O1O001O001O001O001O00000000000000000000O100O100O1O1O1N5L5IldQ="}, "iscrowd": 0, "area": 779.0, "score": 0.898171067237854, "category_name": "fish", "coord": [1506.0, 9.0], "bbox": [1485, 0, 38, 23]}, {"id": 31, "image_id": 0, "segmentation": {"size": [1080, 1920], "counts": "kRd_15bQ12N2N2O00001O000000O2O001N3MmRU?"}, "iscrowd": 0, "area": 146.0, "score": 0.8930857181549072, "category_name": "fish", "coord": [1455.0, 69.0], "bbox": [1445, 64, 14, 11]}, {"id": 34, "image_id": 0, "segmentation": {"size": [1080, 1920], "counts": "]VYc1f0PQ14M101O0000000001O1O1N4LiRb;"}, "iscrowd": 0, "area": 340.0, "score": 0.9253885746002197, "category_name": "fish", "coord": [1559.0, 119.0], "bbox": [1556, 106, 12, 27]}, {"id": 36, "image_id": 0, "segmentation": {"size": [1080, 1920], "counts": "fYgb18]Q16L3M3N1N2O2N1N101O1O1O001O00001O000000O1000000O100O2O1N2N2O2M3M3L4Loh\\;"}, "iscrowd": 0, "area": 892.0, "score": 0.8974474668502808, "category_name": "fish", "coord": [1548.0, 146.0], "bbox": [1539, 135, 34, 31]}, {"id": 38, "image_id": 0, "segmentation": {"size": [1080, 1920], "counts": "d^je19\\Q19I4M2M2O1O00010O0001O010O1O1O1N3N2M4L3L\\\\h8"}, "iscrowd": 0, "area": 470.0, "score": 0.9090863466262817, "category_name": "fish", "coord": [1647.0, 168.0], "bbox": [1633, 151, 20, 28]}, {"id": 41, "image_id": 0, "segmentation": {"size": [1080, 1920], "counts": "Ygaf17^Q16K4N1N2N2O0010O000O2O1O1N5Ia^W8"}, "iscrowd": 0, "area": 273.0, "score": 0.9030506610870361, "category_name": "fish", "coord": [1664.0, 232.0], "bbox": [1655, 218, 14, 22]}, {"id": 48, "image_id": 0, "segmentation": {"size": [1080, 1920], "counts": "lhha17_Q15L2O1N2O1O001O001O00001O000000000001O0O2O1O1N2N2N5Jhgc<"}, "iscrowd": 0, "area": 464.0, "score": 0.8802924156188965, "category_name": "fish", "coord": [1518.0, 205.0], "bbox": [1510, 200, 26, 20]}, {"id": 49, "image_id": 0, "segmentation": {"size": [1080, 1920], "counts": "i[mc1<[Q15K3M3N2N101N1O100O100O1O10O10O010O01O1O2M3N2M4L7GVV`:"}, "iscrowd": 0, "area": 669.0, "score": 0.9098809361457825, "category_name": "fish", "coord": [1589.0, 252.0], "bbox": [1575, 238, 25, 36]}, {"id": 50, "image_id": 0, "segmentation": {"size": [1080, 1920], "counts": "Xkb`16\\Q1:J3M3N1O2O0O1000000001O0O1000000O101N100O1O2O0O2N2N2N4HYbg="}, "iscrowd": 0, "area": 591.0, "score": 0.9127552509307861, "category_name": "fish", "coord": [1493.0, 254.0], "bbox": [1474, 235, 28, 25]}, {"id": 51, "image_id": 0, "segmentation": {"size": [1080, 1920], "counts": "Xn^e16`Q16K5M2M3N0O2O0O100O100O10O010O010O00001O1O001O1O1O2N2M3M6Jd\\j8"}, "iscrowd": 0, "area": 653.0, "score": 0.9320412874221802, "category_name": "fish", "coord": [1637.0, 259.0], "bbox": [1622, 245, 29, 33]}, {"id": 52, "image_id": 0, "segmentation": {"size": [1080, 1920], "counts": "X\\`g18]Q1;F7I8I5L2M3N1N3N1O1O001O100O0001O010O1O001N2O2L3M4K5G;EPQj6"}, "iscrowd": 0, "area": 1220.0, "score": 0.9517781734466553, "category_name": "fish", "coord": [1696.0, 308.0], "bbox": [1684, 286, 28, 53]}, {"id": 54, "image_id": 0, "segmentation": {"size": [1080, 1920], "counts": "TZXi1e0SQ16J5J4M3M4L3N3M1N2O1N1O2O0O2N100O1O100O1000O100O100O2N2O1N1O2M3M2O2L5L4I8Ea0]O``g4"}, "iscrowd": 0, "area": 1892.0, "score": 0.9651484489440918, "category_name": "fish", "coord": [1759.0, 363.0], "bbox": [1737, 331, 38, 71]}, {"id": 55, "image_id": 0, "segmentation": {"size": [1080, 1920], "counts": "hfY:9\\Q16K6I9G5L3M4L3M3M3N1O2M2O1N2O1N100O2O001O00100O010O001O1N101N101O00000001O1O2M3N2M3N3L3N3L2O2M2O2M2N3M2N2N2M4M2N2L4L6K`QPc1"}, "iscrowd": 0, "area": 3059.0, "score": 0.9161983728408813, "category_name": "fish", "coord": [338.0, 656.0], "bbox": [312, 612, 59, 82]}, {"id": 56, "image_id": 0, "segmentation": {"size": [1080, 1920], "counts": "\\iT<3^Q1;H6K4M3N2N2N2N1O2O1N101O1O001O1O1O1O0001N10001N101N100O2N1O2N100O2O0O101O0O2O1N2N3L4M2N2N2N5Jgbaa1"}, "iscrowd": 0, "area": 1470.0, "score": 0.9178435802459717, "category_name": "fish", "coord": [387.0, 681.0], "bbox": [368, 662, 47, 43]}, {"id": 58, "image_id": 0, "segmentation": {"size": [1080, 1920], "counts": "fSQk08ZQ1`0D4M3M2N1O2N100O101O0O10000000000000O10001N1O1O1O1O1N2O1O1N3M3M3M3L5JfmQS1"}, "iscrowd": 0, "area": 1158.0, "score": 0.9260607957839966, "category_name": "fish", "coord": [838.0, 276.0], "bbox": [820, 263, 35, 39]}, {"id": 60, "image_id": 0, "segmentation": {"size": [1080, 1920], "counts": "m\\of05aQ13N2N2N2N1O2N1O2L3N2O2M2N2O001O1O1O001O01O001O001N2O001N2O100O1O1O100O2N2N2N4L5HR\\nV1"}, "iscrowd": 0, "area": 992.0, "score": 0.9378750324249268, "category_name": "fish", "coord": [717.0, 278.0], "bbox": [697, 264, 40, 40]}, {"id": 62, "image_id": 0, "segmentation": {"size": [1080, 1920], "counts": "\\iVj0:]Q12M3M2N2O1N2O1O1O1O100O1O010O10O0100000O100O100O1O1O2M3M3M3M7Io^PT1"}, "iscrowd": 0, "area": 703.0, "score": 0.930091142654419, "category_name": "fish", "coord": [816.0, 319.0], "bbox": [795, 306, 31, 29]}, {"id": 64, "image_id": 0, "segmentation": {"size": [1080, 1920], "counts": "SSXi03aQ15N1O2O0O1O101N1O100O100000000000000000O100O1O101N100O2N1O2N2N2M]SnT1"}, "iscrowd": 0, "area": 419.0, "score": 0.9176028966903687, "category_name": "fish", "coord": [784.0, 206.0], "bbox": [766, 200, 32, 16]}, {"id": 68, "image_id": 0, "segmentation": {"size": [1080, 1920], "counts": "Sg[Q11eQ16K3M3N2N4L6J3M3M4L2N1O01O2N3M4L4LSYZm0"}, "iscrowd": 0, "area": 453.0, "score": 0.9060317277908325, "category_name": "fish", "coord": [1021.0, 398.0], "bbox": [1012, 383, 17, 37]}, {"id": 69, "image_id": 0, "segmentation": {"size": [1080, 1920], "counts": "d\\VQ18_Q12N2N1O1O100O1O10000O10O1000000O100O101N1O101N2N5KnUWm0"}, "iscrowd": 0, "area": 360.0, "score": 0.9174607992172241, "category_name": "fish", "coord": [1024.0, 333.0], "bbox": [1007, 324, 25, 17]}, {"id": 73, "image_id": 0, "segmentation": {"size": [1080, 1920], "counts": "YVU?9]Q14L3N2M3N2O0O2N1N2O2N1O1O100O2O000O101O000O2O000000O10001O0O1O100O1O100O1O100O101N100O100O1O2O0O101N1O2O0O2M4M3K[fW^1"}, "iscrowd": 0, "area": 1623.0, "score": 0.8922958374023438, "category_name": "fish", "coord": [491.0, 45.0], "bbox": [460, 22, 56, 38]}, {"id": 74, "image_id": 0, "segmentation": {"size": [1080, 1920], "counts": "Rbn64aQ19H4M3M3M3M2N3M2N2M2O2M2N3N101N1O1O1M30O10000O1O100O1O1O1O1O1O1N2O1O1N2O1O1O1O1O1N2N2O1N2N2M3K5L4L4N2Oiccf1"}, "iscrowd": 0, "area": 1774.0, "score": 0.9089264869689941, "category_name": "fish", "coord": [233.0, 21.0], "bbox": [211, 0, 51, 51]}, {"id": 83, "image_id": 0, "segmentation": {"size": [1080, 1920], "counts": "nab59]Q14L3N2N2N101N100O1000000O1001O001O1N2O2L4LfWoh1"}, "iscrowd": 0, "area": 451.0, "score": 0.8927203416824341, "category_name": "fish", "coord": [176.0, 333.0], "bbox": [169, 316, 21, 24]}, {"id": 84, "image_id": 0, "segmentation": {"size": [1080, 1920], "counts": "]WW:<YQ15L3N2N2O0O1O2O00O10O10O100O100O1O2O0O100O1O2N1O101N1O2N1N3M3LjPPd1"}, "iscrowd": 0, "area": 633.0, "score": 0.89710533618927, "category_name": "fish", "coord": [328.0, 286.0], "bbox": [310, 275, 31, 27]}, {"id": 85, "image_id": 0, "segmentation": {"size": [1080, 1920], "counts": "^`k:2dQ15L4L4M2N2N2N3M2N4L;E1000O1O1O1O001O2N2N2N3L5K:^O[Scc1"}, "iscrowd": 0, "area": 682.0, "score": 0.903911292552948, "category_name": "fish", "coord": [343.0, 546.0], "bbox": [329, 530, 24, 42]}, {"id": 88, "image_id": 0, "segmentation": {"size": [1080, 1920], "counts": "^ab69]Q14M2N3M2N2O1N2O1O2M2O1O1N2O1O1O1O101N1O100O100O1000O100O100O2N101N2N2N1O2N1O1O1N2O1O2N1N4L4L4JhiSg1"}, "iscrowd": 0, "area": 1445.0, "score": 0.9005964994430542, "category_name": "fish", "coord": [225.0, 699.0], "bbox": [199, 669, 47, 49]}, {"id": 89, "image_id": 0, "segmentation": {"size": [1080, 1920], "counts": "`\\e1<TQ1;H7K4M3L4M2O2M2O1O1O1N2O1O1O010O01O010O001O1O001O1N2O001N2N2O1N2O0O2O1N2O1M3N3M2N2N3N2M3N2M5HePQl1"}, "iscrowd": 0, "area": 1892.0, "score": 0.9088270664215088, "category_name": "fish", "coord": [68.0, 656.0], "bbox": [50, 632, 47, 60]}, {"id": 95, "image_id": 0, "segmentation": {"size": [1080, 1920], "counts": "fYZ63aQ19J5K4L3N1N3M101O1N2O1O1O1O001N2O0O2N2O1N101O1O001O1O1O1O1O001O001N100010O0O100O2O0O2O001N1O2O0O2O1O0O2O1N2O0O2N3M2N2O1N3M3M3L4L:D]Rif1"}, "iscrowd": 0, "area": 2568.0, "score": 0.9168004393577576, "category_name": "fish", "coord": [233.0, 893.0], "bbox": [191, 863, 65, 55]}, {"id": 97, "image_id": 0, "segmentation": {"size": [1080, 1920], "counts": "][o<8_Q16K2O1N1O2N1O100O2O1O2M101O1N1000O100O1O1O010O1N2O2N1N4M2M3M8GfkWa1"}, "iscrowd": 0, "area": 717.0, "score": 0.9037385582923889, "category_name": "fish", "coord": [407.0, 904.0], "bbox": [393, 884, 31, 39]}, {"id": 98, "image_id": 0, "segmentation": {"size": [1080, 1920], "counts": "mTX?6`Q16L2M2O1N2O1O1O001O1O1O1O001O1O00100O001O001O01O01O01O001O001O1O001O1N2O2N1N4M3K6GVad^1"}, "iscrowd": 0, "area": 963.0, "score": 0.9360772967338562, "category_name": "fish", "coord": [478.0, 919.0], "bbox": [462, 905, 41, 31]}, {"id": 100, "image_id": 0, "segmentation": {"size": [1080, 1920], "counts": "eUQa0=VQ17L4L4M2N2O1N1O2N2N1O2O1N1O1O2O0O100O100O1O1O100N101O1O10O0100O01000O10O10O10O10O10O1O100O1O00100O1O101N100O2N1O2N100N2O1O1O2M2O1N101O001O0O2O001O0O2N101N101N2L5K7HZZ`[1"}, "iscrowd": 0, "area": 3389.0, "score": 0.9014910459518433, "category_name": "fish", "coord": [555.0, 965.0], "bbox": [516, 943, 82, 64]}, {"id": 103, "image_id": 0, "segmentation": {"size": [1080, 1920], "counts": "iib<9]Q15L3N3L3N2O1N4L4M0O2O1O2M2O1O00O100O2N1O2N1O1O2M2O2N2M2O3L4L4L8G][ca1"}, "iscrowd": 0, "area": 948.0, "score": 0.8813285827636719, "category_name": "fish", "coord": [398.0, 1011.0], "bbox": [381, 989, 32, 48]}, {"id": 105, "image_id": 0, "segmentation": {"size": [1080, 1920], "counts": "SSQg02dQ14M2N2N2N2N2O0O2O0O2O00001O1O001N101O0000000O2O0000001O0010O0001O0001O01O01O00010O001O001O001O001O1O1N2O0O3Lel]V1"}, "iscrowd": 0, "area": 1258.0, "score": 0.9034614562988281, "category_name": "fish", "coord": [735.0, 954.0], "bbox": [698, 936, 54, 31]}, {"id": 106, "image_id": 0, "segmentation": {"size": [1080, 1920], "counts": "afae01fQ18I2O1O10O0000O100O2O0O3M2N2O0O2N1O1O1O1O1O1O1O100O00100O010O01000O10O100O10O01O010O1O001O001O00010O001O001O1O1O1O10O01O1O1O1O1O1N3M2O3K4Lf]]W1"}, "iscrowd": 0, "area": 1665.0, "score": 0.8828785419464111, "category_name": "fish", "coord": [685.0, 1043.0], "bbox": [653, 1016, 69, 52]}, {"id": 108, "image_id": 0, "segmentation": {"size": [1080, 1920], "counts": "bdom04bQ13N2N2N2O1O0O2O001N2O0O1O1O100O100O1O100O100O1O1O100O101N100O100O10O100000O1000000O10000O10000O10000O1000000O11O0000000001O000001O0O1000001O00001O0O2O000O2O000O2O0O2O1N1O2O1N2N2M3N2N3L5KWWVn0"}, "iscrowd": 0, "area": 2685.0, "score": 0.9180237650871277, "category_name": "fish", "coord": [960.0, 943.0], "bbox": [909, 927, 93, 39]}, {"id": 109, "image_id": 0, "segmentation": {"size": [1080, 1920], "counts": "lkZl06_Q17K4M2M4M2N2N1O1O100O1O100O1O1N3N1N3M2O1N1O2O10O010O01O0100O1O00100O001O000O101N100O101N101N2N3M4K6J6IfXWQ1"}, "iscrowd": 0, "area": 1885.0, "score": 0.9182772636413574, "category_name": "fish", "coord": [891.0, 935.0], "bbox": [859, 908, 51, 51]}, {"id": 111, "image_id": 0, "segmentation": {"size": [1080, 1920], "counts": "[WZT16^Q19J4K4M3M2O1N2N101N2O0O2O00001N10001O0O20O00010O1O010O1O001O001O001O1O1O2M3N2M1O2N2N1O1O2N1O1N3N1O2N2N3MekVi0"}, "iscrowd": 0, "area": 1564.0, "score": 0.9239373207092285, "category_name": "fish", "coord": [1125.0, 1051.0], "bbox": [1101, 1028, 52, 43]}, {"id": 113, "image_id": 0, "segmentation": {"size": [1080, 1920], "counts": "feoa13cQ15L2N3N1N2N101N2O000O101O000O1000000001O00000010O000001O00001O001N1O2O1N2N2O1N2O5IePm;"}, "iscrowd": 0, "area": 746.0, "score": 0.8832061290740967, "category_name": "fish", "coord": [1533.0, 793.0], "bbox": [1516, 781, 41, 23]}, {"id": 115, "image_id": 0, "segmentation": {"size": [1080, 1920], "counts": "klYc17]Q16L2N2N2O1N2O1O1N2O1N101O1O001O1O0O2O1O0000000001O000000100O10001N2O3M4K3N1O1N2N2N3Lcha:"}, "iscrowd": 0, "area": 1141.0, "score": 0.9120652675628662, "category_name": "fish", "coord": [1587.0, 813.0], "bbox": [1556, 790, 42, 45]}, {"id": 118, "image_id": 0, "segmentation": {"size": [1080, 1920], "counts": "igbb13cQ15L3M1O2N2O0O101O00001N100001O00001O00001O001O001N101O000O2O001O1N105JRY`;"}, "iscrowd": 0, "area": 523.0, "score": 0.919985830783844, "category_name": "fish", "coord": [1552.0, 876.0], "bbox": [1534, 865, 35, 19]}, {"id": 123, "image_id": 0, "segmentation": {"size": [1080, 1920], "counts": "Rb__16_Q14M4J4L5N1O1O1O2O000O10001O000O2O001O0000000O100000O100O1O1O1O2N100O1O100O1O2O000O1O100O1N2O2N1N2N3N1N4LfaQ>"}, "iscrowd": 0, "area": 1283.0, "score": 0.8800857663154602, "category_name": "fish", "coord": [1461.0, 829.0], "bbox": [1440, 814, 52, 33]}, {"id": 124, "image_id": 0, "segmentation": {"size": [1080, 1920], "counts": "VVYe17^Q15M1O1O2N1O100O1O0001O01O000100O010O010O00100O100O100O2O0O2N2MZRn8"}, "iscrowd": 0, "area": 521.0, "score": 0.8819147348403931, "category_name": "fish", "coord": [1626.0, 833.0], "bbox": [1616, 821, 31, 26]}, {"id": 126, "image_id": 0, "segmentation": {"size": [1080, 1920], "counts": "gReg1:\\Q15L3M3N2O1N2N100O1O2N2M2O2M2N3M3K5M2N200O1000O011O001O00000O0100O100O1000O10O0100O1O00100O010O010O10O0100O2O1N3M3L3M3M3M4L3K7IT\\`5"}, "iscrowd": 0, "area": 2730.0, "score": 0.9201110005378723, "category_name": "fish", "coord": [1724.0, 819.0], "bbox": [1688, 780, 63, 75]}, {"id": 135, "image_id": 0, "segmentation": {"size": [1080, 1920], "counts": "YlWf17_Q12O2N1O1O101N1O1O100O100O100O10O01000O010O10O01000O0100O10O0100O010O010O10O010O0100O001O010O1O1O100O100O10000O2O001O0O2O1M3MSfn6"}, "iscrowd": 0, "area": 998.0, "score": 0.9077911376953125, "category_name": "fish", "coord": [1667.0, 938.0], "bbox": [1645, 922, 62, 31]}, {"id": 138, "image_id": 0, "segmentation": {"size": [1080, 1920], "counts": "dofh1:\\Q13N2N1O1N2O1O2N00000O100000000001O0O2O0O2N101N1O2N2O1O1N1N3O2NTY`5"}, "iscrowd": 0, "area": 536.0, "score": 0.8974194526672363, "category_name": "fish", "coord": [1733.0, 941.0], "bbox": [1720, 924, 31, 36]}, {"id": 144, "image_id": 0, "segmentation": {"size": [1080, 1920], "counts": "hlWm1=ZQ13M1O2N10001O0000000000000000O1O2N2N1N3McnZ1"}, "iscrowd": 0, "area": 388.0, "score": 0.8814343214035034, "category_name": "fish", "coord": [1871.0, 304.0], "bbox": [1858, 292, 20, 20]}, {"id": 149, "image_id": 0, "segmentation": {"size": [1080, 1920], "counts": "__Tn11_Q1<K4M2N2M2O1O1O001O010O0010O001O2N2M3M6Hh[>"}, "iscrowd": 0, "area": 445.0, "score": 0.9315492510795593, "category_name": "fish", "coord": [1899.0, 409.0], "bbox": [1885, 397, 20, 27]}, {"id": 154, "image_id": 0, "segmentation": {"size": [1080, 1920], "counts": "Tnme04bQ17J3N1O2N1O2O0O2O1O1N2O000O1000O100O0100O010O01O001O010O001O001O001O001O1O001O2N1O1O1O1N3Md`jW1"}, "iscrowd": 0, "area": 959.0, "score": 0.9100034236907959, "category_name": "fish", "coord": [691.0, 606.0], "bbox": [665, 585, 45, 37]}, {"id": 156, "image_id": 0, "segmentation": {"size": [1080, 1920], "counts": "V3\\4>jKHT1?^O\\ON=@7d0[2P1W?b2W^OjKHT1?^O\\ON=@7d0[2P1W?b2W^OjKHT1?^O\\ON=@7d0[2P1V?c2W^OjKIS1>6JfN7d0[2P1o>i2_^OeKGS1=7KdN8d0[2P1n>j2`^OeKE`10L9aN9e0Z2o0n>k2`^OfKDX3:cLMN1k0a2l0S?i2a^O[OMWLL01m0^2h0V?j2b^O[OLULM21m0]2g0W?j2a^O]OLSLN30m0c0mNn0V1YNZOja0T4b^O\\OKTLO20m0b0oNn0T1[NYOia0U4b^O]OIUL001m0`0QOo0R1]NYOha0U4b^O]OHWLOO3l0>TOP12]N`01Eha0W4b^O]OFXL0L6k0;XO5JM6^O?OFha0W4b^OMEdK7g0>^OCHM45HI;1=NEha0Y4`^OOEaK9c0`0F]O8ON21MGfa0[4`^O31mK>JYOS16POLHfa0]4^^ON6oK<c1_OZNLIda0b4[^OF=RL8d1@XNNHca0f4W^ODa0QL8e1_OWN1Dba0k4V^OCa0RL6f1_OVNVb0`4e]O@a0TL5f1_OUNVb0b4e]O^Oa0iK\\O1i0Q2^OVNUb0b4h]O]O?jK_ONf0T2^OVNUb0b4i]O\\O6aKJ9ONe0U2]OTNUb0e4j]OYO7SLHFe0T1^O\\ONJVb0c4k]OZO6RLJFc0o0GROFL0>Tb0S4j]OgK1R48SLIFc0e04VOH?fa0R4m]OgKNS4`0jKBNc0=U1M\\`0c0h]OT2:SMHS4b0jK@Oc0:Y1NX`0b0o]OR26WMEP1Lg1h0UM@OX38k>a0T^OQ21[MDn00e1g0XM^OOX37k>?X^OS2M]MCm02_ONX1i0VNU35[>>\\^OS2I`MBl04]OO6J8m0ROke0c0RZOT2H_MAm04\\O06K7l0TOje0c0RZOU2G^MBm04]OO6J7n0SOje0d0QZOT2I]M@P13]O0X1h0VN\\O0Pf0f0]ZOT2^OXM24IP16^OMW1k0UN\\O1`0Mbd0i0Z[OU2ZOZM9Y1KWONU1k0VN\\O2?Mbd0i0Z[O_2GVNHZ1>WMG203?Mcd0j0X[O^2HVNG[1>XMF113`0Lbd0o0R[O]2LS18bKG013`0Lad0i9W[OXFG1O3b0L_d0j9X[OVFH2N3b0K^d0i7lZOTJ<SNK3L2c0LXd0m7R[OQJ:QNM4K14I55_d0U4W[OWO1`N6RNOb0L^O73^d0U4Z[OUO0cN4PN1c0J_O82^d0S4\\[OjNMRM3m12QN2m02VO]d0T4][OhNNSM3m10QN3n01UO^d0`7Z[O_H4l11RN2n01UO]d0l7_[OoI1SN0n04SO\\d0m7_[OoI1SN0n04RO]d0n7^[OnI2UNNm06lN`d0U8Z[OmI2UNMn0Ue0P7lZOmI2VNLm0Ve0P7mZOQIL_O7AKn0Ue0Q7oZOoHL_O6CKm0Te0R7oZOnHMXO?GDo0Re0S7P[OmHMVOa0HCf0K[OVe0S8P[OlHMUOo0>_d0a7fZOnGJa04@o02iN2de0n7U[OYHP1CZd0T8[3000O2YWOPHdg0Q8nWOjGK9Vh0n7mWO^HQh0d7mWO]HRh0f7jWO]HTh0i8I4L5L3M3N1N100O2O000O1000000O10000O2N101XYObERf0a:lYOaERf0a:lYOaEQf0Y2cYOi5;nGPf0e:oYOZEQf0h:mYOYERf0j:kYOVEVf0l:gYOUEXf0V;0jFfYOn6Yf0SIgYOm6Yf0Y2O10000O100O101O0O101N101N2N1O2O0N3N101N10000O100000O010001N102M101N100R[OjCZd0V<e[OkCZd0V<f[OjCZd0U<g[OkCYd0U<g[OkCYd0U<g[OjCYd0W<g[OhCZd0X<f[OhCZd0W<c010001O0O10001O1O3fZOgCod0c<MVDU[Oj:jd0UEX[Ok:gd0UEZ[Ok:ed0TE][Ol:bd0TE^[Om:ad0TE][On:bd0T101O00001O00001N10hLc[OVI[d0j6g[OVIXd0i6k[OWISd0h6o[O[Imc0d6T\\O]Ikc0c6V\\O[Ikc0e6U\\O[Ikc0d6W\\OYIlc0e6U\\OZIlc0f6U\\OYIlc0o5f[ObG`0]2lc0n5h[OaG>M^OT2]d0\\6j[O`G>N^OT2Zd0]6n\\O`GiNR2Yd0^6m\\OVJQc0k5n\\OWJQc0h5n\\OZJRc0f5m\\O\\JQc0d5n\\O_JQc0a5n\\OaJQc0_5n\\OcJQc0]5n\\OeJQc0[5o\\OfJob0\\5P]OfJnb0Z5X\\OWG;a3[c0Y5X\\OXG<a3Zc0X5X\\OXG=b3Zc0X5V\\OWG`0b3Yc0Y5S\\OWGd0a3Xc0c5g\\O^JXc0b5g\\O`JXc0`5g\\ObJWc0`5f\\OcJYc0]5e\\OfJZc0Z5e\\OhJZc0X5f\\OiJZc0V5f\\OjJZc0U5i\\OiJXc0V5j\\OhJWc0V5l\\OhJUc0V5l\\OjJVc0T5k\\OlJWc0\\L\\\\Om7>gKoc0W4Q\\OiKPd0V4P\\OkKPd0T4P\\OlKQd0S4o[OnKQd0Q4o[OPLQd0P4n[OQLRd0n3n[ORLRd0n3n[OSLQd0m3o[OSLQd0n3m[OSLSd0m3e[OQHFR4dd0n3e[OZL\\d0g3c[OYLRd0dKk[OS83YLQd0fKk[OQ84YLQd0gKi[OR84XLRd0hKi[OP85YLQd0hKg[OR86WLSd0T4l[OlKTd0U4i[OmKWd0k8N11O001O1O2N1O1dKd[OZK\\d0d4g[O[KXd0e4i[O[KVd0g4h[OZKVd0k4g[OUKWd0Ci[OZ37PKnc0e1o[OX36QKkc0f1S\\OU34TKhc0h1U\\OR35UKec0i1W\\OQ35WKac0k1Y\\On26WKYc0Q1\\\\OlM1l5:WKXc0P1b\\Ol47TJVc0P1e\\Oj45WJUc0o0g\\Oi45XJSc0o0j\\Oh42ZJSc0n0l\\Og41\\JRc0m0n\\Og4O]JSc0l0n\\Og4O\\JSc0m0o\\Og4M]JTc0k0P]Oh4K]JUc0k0Q]Oh4J]JUc0k0Q]Oh4I]JVc0k0R]Oh4G]JXc0k0Q]Oi4E]JYc0k0R]Oh4E]JYc0k0R]Oi4C]J[c0i0R]Ol4B[J\\c0i0R]Om4@ZJ_c0i0Q]OQ5\\OVJcc0i0Q]O[7nb0fHQ]O[7ob0eHQ]O[7ob0eHP]O[7Qc0eHn\\O\\7Rc0dHm\\O\\7Tc0dHk\\O]7Tc0eHj\\O[7Wc0eHi\\O[7Wc0fHf\\O\\7Zc0eHd\\O[7]c0gH\\\\O]7ec0[31N1O1O1O1O10O01000000O11O0000001O0010O01N1000001OTKW\\OiKic0Q4^\\OnKbc0o3b\\OQL]c0m3e\\OSL[c0j3i\\OULWc0i3k\\OXLTc0h3l\\OXLTc0g3n\\OYLQc0g3o\\OYLQc0f3P]OZLPc0f3P]O[Lob0f3o\\O[LQc0e3o\\O[LQc0e3n\\O[LSc0f3l\\OZLTc0g3j\\OZLVc0f3h\\O\\LXc0d3g\\O]LYc0c3f\\O^LZc0b3f\\OWLGXKdc0`8f\\OWLac0i3_\\OVLbc0i3_\\OWLac0i3_\\OVLbc0j3]\\OWLcc0i3]\\OVLdc0k3Y\\OWLgc0k3R\\OZLnc0g8100O10000O1O100O100O2O00O10000000O10000000000000001O00O1000000000000000O101O000O10000O1O1O1O1O1O1O100O100O2N1M3K5N2O1O100O1XMoZOhHRe0U7R[OjHnd0T7T[OkHmd0T7T[OlHld0T7T[OkHmd0U7S[OjHnd0V7S[OiHmd0V7T[OjHld0V7T[OiHmd0W7S[OiHmd0W7S[OiHmd0X7R[OSHGiNXe0T9R[OQHHjNVe0U9R[OPHIjNVe0W9P[OnGLiNUe0Y9oZOlGOiNSe0\\9nZOiG1hNSe0`9kZOgG4gNRe0l6jZOZKORO6hNQe0k6lZO[KLRO7jNod0i6U[OTKEXO8lNmd0g6[[ORK_O[O:lNkd0g6_[OoJ\\O^O:lNkd0g6b[OmJXO@;mNjd0f6e[OkJVOB<lNid0g6f[OkJSOC?jNhd0h6f[O^LChLhd0k6e[O\\LEgLfd0m6e[O\\LFfLed0f3U[OnN?g0GcLfd0d3Y[ORO9g0We05cZOVO3e0Ze04dZO\\OMa0^e0LmZOi3Te0SLoZOm3Qe0RLP[Oo3Pe0oKQ[OQ4od0oKQ[OR4od0lKR[OT4nd0lKR[OU4nd0iKgZOPM^OW7me0eKbZOZM@R7ne0bK\\ZOcMGl6le0`K\\ZOeMHm5JaJoe0k1_ZOhMHj5MdJke0h1aZOkMGg5OgJge0g1bZOlMHd51kJde0d1bZOnMIc51nJae0a1cZOQNK^52RK^e0_1dZOSNK\\53TK\\e0]1eZOUNLY53WKZe0[1fZOWNMU54ZKWe0\\1fZOWNNS55[KVe0\\1cZO[N1m46\\KVe0g2cZOm17]KUe0f2dZOm17]KUe0g2cZOl18]KUe0h2bZOk19]KUe0h2bZOk18_KUe0WOhZO_2Kk28_KUe0SOnZOb2Dm28_KTe0QOS[Ob2@o29_KSe0oNW[Ob2\\OQ39^KTe0nNY[Og8C[HTe0nNZ[Of8A[HWe0oNY[Of8_OZHYe0POX[Of8_OYHZe0QOX[Of8]OXH\\e0ROW[Of8\\OWH_e0ROW[Of8ZOWH`e0SOV[Og8YOVHae0ROW[Oi8VOUHde0QOW[Oj8UOUHde0POX[Ol8ROUHfe0nNZ[OZ:fd0dE\\[O\\:ed0bE\\[O^:dd0aE][O_:cd0`E^[O`:bd0`E^[Oa:ad0_E_[Od8jNTIge0WN`[Oc8nNSIce0YN_[Oc8POSIae0ZN_[Oc8ROQIif0o6WYOQIif0o1nXOZ19gLif0o6WYORIgf0o6XYORIhf0o6VYORIjf0n6UYOSIkf0n6SYOSImf0n6QYOTInf0k800O2O0iNWE_[Oe3lN\\3de0PI`[Oc3oN[3ae0RI`[Ob3PO\\3`e0RI`[Oc3oN[3`e0TI`[Oa3PO[3`e0TI`[Of:`d0[E_[Of:`d0ZE`[Of:_d0\\E_[Oe:ad0\\E^[Od:bd0]EdZOI`0j:ld0^EaZOKa0h:nd0gEQ[OY:od0fEoZO]:Qe0cEmZO_:Se0aEkZOa:Ve0^EhZOd:Xe0[EgZOg:Ye0YEfZOg:[e0YEdZOh:\\e0YEaZOh:`e0g01O1M3L4N2O1O2N100cDPZOQ;Rf0lDQZOS;oe0lDSZOR;3nDhe0R;XZOoDge0R;WZOoD]e0McZOU;NoD_e0NbZOS;MQE`e0McZOS;JQEbe01bZOX;^e0jDaZOU;_e0lDaZOT;]e0nDaZOS;_e0nD`ZOR;`e0c0000000O1000gF`ZOZ6`e0eIgZOT6Ze0kIlZOP6Te0oIP[On5Pe0RJQ[Ol5Pe0SH\\ZOW1f0e6md0SH`ZOV1d0f6md0TH_ZOV1e0e6ld0VH^ZOU1f0e6ld0UJV[Oi5jd0XJV[Oh5jd0WJW[Oh5id0YJX[Oe5hd0[JY[Oe5gd0[JY[Od5gd0_JW[O`5jd0eJQ[OZ5Pe0gJoZOY5Pe0iJoZOV5Re0kJmZOU5Se0kJlZOU5Ue0kJkZOU5Ue0kJiZOW5We0iJgZOY5Ye0eJdZO`5\\e0_JbZOe5]e0YJcZOi5]e0VJcZOk5^e0RJcZO[OG\\4fe0YLcZOZOJ\\4be0ZLcZOZONZ4_e0]LaZOZO0Y4_e0`L]ZOYO2X4`e0mN]ZOU1ce0`50gI]ZO=ce0AaZO<`e0D`ZO<`e0DaZO;`e0eJYZOW47T1`e0cJ\\ZOX44T1be0bJ\\ZOZ41T1ie0[JXZO`4OU1ke0YJXZOa4LV1me0WJYZOc4IU1Pf0VJYZOd4FW1Rf0TJYZOe4DW1Sf0TJZZOe4BV1Vf0SJYZOh4@U1Xf0QJZZOj:Zf001O000000O10000O1001O1O1O001O010O2N1010O1OO100O1O1000UYObE[f0m:10O01O10O1000002N00cHbYO_3^f0_LeYO`3[f0_LfYO`3[f0_LfYOa3Zf0_LeYOa3[f0aLdYO^3]f0dL`YO\\3`f0mJ\\YOE3]5cf0iJdYODJb5bf0iJgYODFc5df0gJhYOEDe5cf0fJjYOEAf5ff0dJjYOl6Vf0TIkYOl6Uf0TIkYOk6Vf0TIjYOm6Vf0RIkYOm6Vf0SIjYOl6Wf0SIjYOl6Wf0SIiYOm6Wf0RIkYOm6Uf0SIkYOl6Wf0SIjYOk6Wf0UIjYOB^Ol5hf0WJQYOSOj0g0Al5ff0eJhYOA\\On5lf0bJgYOg6Zf0ZIbYOi6]f0aIXYO`6if0X2O00010O000001O0O100010O01O1O100O1O1O001N2N1O2N1O1UKbXO\\O_g0c0bXOQONlKbg0R5bXO[O^g0d0cXO[O^g0e0dXOYO[g0h0eXOWO\\g0h0eXOXO[g0h0eXOWO[g0i0fXOWOYg0h0iXOoJEn3dg0Q1TYOlNlf0S1VYOkNkf0U1WYOhNkf0V1WYOiNif0W1XYOgNif0X1XYOgNjf0X1XYOfNhf0Z1YYOdNjf0Z1WYOdNkf0[1VYOcNlf0\\1VYOVKmNR3og0g1`YOUNcf0h1_YOVNff0f1\\YO]K_N`2ch0e1ZYOYLPNZ1Pi0T2RYO^LRNZ1Ri0T2nXO^LTN>HGNJ]i0^3mXO`LTN:MG`i0Y3[YOiL`g0U3c3N1O1O0VOcQO[N\\n0Z1[ROZNdm0f1bRORN_m0P2cROkM^m0W2Q101O1O2M3M4M3M4L6K2M2O2M2O1M3M4J5J7K4N3L4M4KmRgV1"}, "iscrowd": 0, "area": 269437.0, "score": 0.8828760385513306, "category_name": "fish", "coord": [648.0, 348.0], "bbox": [0, 5, 744, 593]}, {"id": 158, "image_id": 0, "segmentation": {"size": [1080, 1920], "counts": "mmcd05_Q18L2M3N1O1O2N1O2N1O2O1N100O10000O1000O10O11O00001O001N2O1O1O1M4M2M5IRT`Y1"}, "iscrowd": 0, "area": 879.0, "score": 0.8895882368087769, "category_name": "fish", "coord": [644.0, 792.0], "bbox": [625, 768, 34, 46]}, {"id": 160, "image_id": 0, "segmentation": {"size": [1080, 1920], "counts": "Y^Yd06_Q17K3M2N3M3N1N3M2M3O1N110O1O010O001O100O001O1O010O0010O00001O00001O0O2O1O1N3N1O2M2O2M4L4L5GlP_Y1"}, "iscrowd": 0, "area": 1446.0, "score": 0.8912018537521362, "category_name": "fish", "coord": [639.0, 847.0], "bbox": [615, 821, 45, 44]}, {"id": 162, "image_id": 0, "segmentation": {"size": [1080, 1920], "counts": "lSnk02dQ13N101N1O100O100O2O0O1O10000O2O000O101O001O0O2O001O001O0O2O001O00001O0010O000001O00001O01O00000010O0001O001O1O001N2O0O2N3M4L6IP\\WQ1"}, "iscrowd": 0, "area": 1293.0, "score": 0.8942886590957642, "category_name": "fish", "coord": [891.0, 821.0], "bbox": [847, 807, 63, 30]}, {"id": 163, "image_id": 0, "segmentation": {"size": [1080, 1920], "counts": "]dQn09\\Q17I5K5L3M3M3N2O001N2O001O1O1O00000001O001O1O2M2UOaoN:bP1C`oN<aP1@boN?lP10000O01N10001O010O0101N2O1N3M3MWPjo0"}, "iscrowd": 0, "area": 1217.0, "score": 0.8893874287605286, "category_name": "fish", "coord": [920.0, 842.0], "bbox": [911, 820, 42, 42]}, {"id": 165, "image_id": 0, "segmentation": {"size": [1080, 1920], "counts": "iQVS15`Q15L3N2N2O1N2N101O0O2O001O0000001O00001O001O00010O0010O01O010O100O1000O01000O1O2N1N2N3M3L4Jb]bj0"}, "iscrowd": 0, "area": 1121.0, "score": 0.9417809247970581, "category_name": "fish", "coord": [1093.0, 722.0], "bbox": [1067, 711, 45, 37]}, {"id": 177, "image_id": 0, "segmentation": {"size": [1080, 1920], "counts": "iP[P16aQ14L2O1N3N100O00010O01O1O2O1M3N3MUQ\\n0"}, "iscrowd": 0, "area": 230.0, "score": 0.8952116966247559, "category_name": "fish", "coord": [994.0, 396.0], "bbox": [981, 382, 16, 19]}, {"id": 180, "image_id": 0, "segmentation": {"size": [1080, 1920], "counts": "`eoY16bQ12N1O2N1O1O001O2N1O1O2N1O1O1O1O001O00001O0000001O0000000000000000000000000000000000000000O100O100O1N2O1N2O1O1N2O1O1N2HhQZc0"}, "iscrowd": 0, "area": 1296.0, "score": 0.8844287991523743, "category_name": "fish", "coord": [1304.0, 6.0], "bbox": [1274, 0, 59, 26]}, {"id": 186, "image_id": 0, "segmentation": {"size": [1080, 1920], "counts": "jXYZ15bQ13M2O1O1O001O010O0001O1O1Nen`d0"}, "iscrowd": 0, "area": 155.0, "score": 0.8969429135322571, "category_name": "fish", "coord": [1287.0, 115.0], "bbox": [1283, 112, 13, 13]}, {"id": 187, "image_id": 0, "segmentation": {"size": [1080, 1920], "counts": "blW[17_Q14M1O2N1O1000O100000000O1O1O1O2N2MTT^c0"}, "iscrowd": 0, "area": 231.0, "score": 0.8957410454750061, "category_name": "fish", "coord": [1320.0, 143.0], "bbox": [1312, 140, 17, 15]}, {"id": 194, "image_id": 0, "segmentation": {"size": [1080, 1920], "counts": "WQRZ15`Q18J5L8I7H4L2N2O1N2N2N100O0100O104K6J3M5J7H`g_d0"}, "iscrowd": 0, "area": 776.0, "score": 0.9350700974464417, "category_name": "fish", "coord": [1286.0, 280.0], "bbox": [1276, 259, 21, 51]}, {"id": 202, "image_id": 0, "segmentation": {"size": [1080, 1920], "counts": "VPQ`11eQ15M3M11O01O3M3L5L2N1O1N1O100O2N1O1O2N1O1N2O2N1O2N1O100O1O1O100O101N100O010O100O010O010O010O01O10O01O1O1O001O1O1O1O1O1O1O2N2N2M4K:VO`[R="}, "iscrowd": 0, "area": 2448.0, "score": 0.9477999210357666, "category_name": "fish", "coord": [1490.0, 367.0], "bbox": [1457, 332, 65, 68]}, {"id": 210, "image_id": 0, "segmentation": {"size": [1080, 1920], "counts": "i[Rh17^Q15M2N2N1001O1O1O1N2O2NVoi6"}, "iscrowd": 0, "area": 160.0, "score": 0.8814419507980347, "category_name": "fish", "coord": [1706.0, 352.0], "bbox": [1701, 347, 11, 16]}, {"id": 215, "image_id": 0, "segmentation": {"size": [1080, 1920], "counts": "[kma0;\\Q15J5L2M3N2N2N1O2N1O100O100O100O10O010O1O010O1N3N1O1O2M2O2M3M4L3M4L_YW\\1"}, "iscrowd": 0, "area": 989.0, "score": 0.893162727355957, "category_name": "fish", "coord": [562.0, 109.0], "bbox": [544, 90, 33, 39]}, {"id": 216, "image_id": 0, "segmentation": {"size": [1080, 1920], "counts": "PZ_i03bQ15L3M3N1O1O2N100O100O1000O10O1000O1000000O100O1O100O1O2M2O3LUPiT1"}, "iscrowd": 0, "area": 518.0, "score": 0.9365931749343872, "category_name": "fish", "coord": [791.0, 38.0], "bbox": [773, 26, 30, 21]}, {"id": 217, "image_id": 0, "segmentation": {"size": [1080, 1920], "counts": "f[Zk06aQ12N3M2O1O0O2O0001O000000001O1O2M2Ohd[S1"}, "iscrowd": 0, "area": 235.0, "score": 0.9019564390182495, "category_name": "fish", "coord": [839.0, 32.0], "bbox": [829, 26, 17, 15]}, {"id": 218, "image_id": 0, "segmentation": {"size": [1080, 1920], "counts": "Z^bl02cQ18H5L2N3M2O1N3N1O1O1O1O1O1O100O10000O01000000O101N1O101N101N2O0O2O0O2N1O2N2M3LX\\\\Q1"}, "iscrowd": 0, "area": 1029.0, "score": 0.9385310411453247, "category_name": "fish", "coord": [887.0, 25.0], "bbox": [867, 10, 39, 34]}, {"id": 219, "image_id": 0, "segmentation": {"size": [1080, 1920], "counts": "STVn08[Q16M3L3O1N2O1O1O10O010O100O010O100O1O2N1O1O2N1M5Jg`XP1"}, "iscrowd": 0, "area": 514.0, "score": 0.9308271408081055, "category_name": "fish", "coord": [928.0, 30.0], "bbox": [916, 17, 24, 27]}, {"id": 223, "image_id": 0, "segmentation": {"size": [1080, 1920], "counts": "]X^o08^Q13M2M4M2O1O1N2O2N1O100O100O1000000O1000O1000000O100O1O1N3N1O1N3N1N3N2M3M[gcn0"}, "iscrowd": 0, "area": 842.0, "score": 0.9315020442008972, "category_name": "fish", "coord": [971.0, 85.0], "bbox": [954, 74, 36, 29]}, {"id": 235, "image_id": 0, "segmentation": {"size": [1080, 1920], "counts": "mUV=5bQ13N1N2O1O1O001O1O1O10O01O00010O01O010O2N101N1O1O2M5J^ZVa1"}, "iscrowd": 0, "area": 352.0, "score": 0.8886060118675232, "category_name": "fish", "coord": [414.0, 324.0], "bbox": [400, 315, 26, 20]}, {"id": 236, "image_id": 0, "segmentation": {"size": [1080, 1920], "counts": "l^a>2cQ16K3N2M2O2O0O1O101O0O1000000001O0O10001O0O101N1O2N2N2N4Kanh_1"}, "iscrowd": 0, "area": 456.0, "score": 0.9241898059844971, "category_name": "fish", "coord": [457.0, 351.0], "bbox": [441, 344, 28, 20]}, {"id": 237, "image_id": 0, "segmentation": {"size": [1080, 1920], "counts": "iSg=3eQ12N1N2O1O1O2N101N2N1O100O1O2O0O10O10000O1O100O1O1O2M3N2N4KSWb`1"}, "iscrowd": 0, "area": 441.0, "score": 0.9235666990280151, "category_name": "fish", "coord": [431.0, 389.0], "bbox": [416, 376, 29, 27]}, {"id": 239, "image_id": 0, "segmentation": {"size": [1080, 1920], "counts": "fhe>3dQ15K4M1N2O0O2O000000O2N1O2N2LV]S`1"}, "iscrowd": 0, "area": 195.0, "score": 0.8801700472831726, "category_name": "fish", "coord": [452.0, 451.0], "bbox": [445, 442, 14, 16]}, {"id": 243, "image_id": 0, "segmentation": {"size": [1080, 1920], "counts": "``bb04]Q1;I5K4N2N2N2N2N2N2O1O1O1O001O001O0010O001O00001O000000001O00001O001N2O001N101N101N1O2N1O2M3M2M4L3NWhQ[1"}, "iscrowd": 0, "area": 1596.0, "score": 0.9146255254745483, "category_name": "fish", "coord": [587.0, 743.0], "bbox": [563, 725, 49, 41]}, {"id": 245, "image_id": 0, "segmentation": {"size": [1080, 1920], "counts": "TQn06^Q15L4M2N2O1O1O1O010O0010O001O1O1O10O01O1O2N1NXgbm1"}, "iscrowd": 0, "area": 425.0, "score": 0.888608455657959, "category_name": "fish", "coord": [40.0, 509.0], "bbox": [28, 497, 22, 26]}, {"id": 247, "image_id": 0, "segmentation": {"size": [1080, 1920], "counts": "`V]h0:\\Q17J3M3M2O1O1O001O1O1O1O1O001O1O1O001O001O00000001O0000001O001O1O0O2O001O0O2O0O2N2M4K6G]\\]U1"}, "iscrowd": 0, "area": 1312.0, "score": 0.8806842565536499, "category_name": "fish", "coord": [768.0, 763.0], "bbox": [740, 747, 43, 36]}, {"id": 251, "image_id": 0, "segmentation": {"size": [1080, 1920], "counts": "g_Qk06aQ13N1N3fN4dPOMZo0;^POG`o0`0XPOCgo0X13M2O1OO10O01O10O100O2N001O1O2O1M2M3J8I8G8F<G^kWS1"}, "iscrowd": 0, "area": 1213.0, "score": 0.8825076222419739, "category_name": "fish", "coord": [838.0, 660.0], "bbox": [820, 619, 29, 80]}, {"id": 253, "image_id": 0, "segmentation": {"size": [1080, 1920], "counts": "[oUh05_Q16L4N1N2N2O1N2N1O2N1O1O2N1O100O10O10O1000000001O00001N101O100O1O2N3M3M2N2M3N1MdjhU1"}, "iscrowd": 0, "area": 1008.0, "score": 0.8898820877075195, "category_name": "fish", "coord": [752.0, 919.0], "bbox": [733, 897, 39, 33]}, {"id": 254, "image_id": 0, "segmentation": {"size": [1080, 1920], "counts": "Yfmg05`Q15K3K5M3M3N2N200O100O100O10000000000O1000000001O000000001O001O1O001O00001O0000001O0000001O000000001O001O001O1O1O2N2N4JmP\\U1"}, "iscrowd": 0, "area": 1533.0, "score": 0.9223411679267883, "category_name": "fish", "coord": [755.0, 1068.0], "bbox": [725, 1048, 59, 31]}, {"id": 256, "image_id": 0, "segmentation": {"size": [1080, 1920], "counts": "VZfV1l0hP17L2O1O0O20O0O2O2L4KeRWh0"}, "iscrowd": 0, "area": 391.0, "score": 0.9165389537811279, "category_name": "fish", "coord": [1180.0, 125.0], "bbox": [1174, 112, 10, 39]}, {"id": 257, "image_id": 0, "segmentation": {"size": [1080, 1920], "counts": "]fTU14cQ12N2N2N1O2O1N2O0O2O1N101N101O00000001O1O001N2O1O2M2M5HfhVi0"}, "iscrowd": 0, "area": 459.0, "score": 0.9310014247894287, "category_name": "fish", "coord": [1148.0, 71.0], "bbox": [1127, 60, 27, 22]}, {"id": 268, "image_id": 0, "segmentation": {"size": [1080, 1920], "counts": "ThTR19]Q15L4L5K2O0O2O0O100000O100O1O1O100O2M2O2N1O2N2N3LWlYl0"}, "iscrowd": 0, "area": 534.0, "score": 0.900619387626648, "category_name": "fish", "coord": [1049.0, 102.0], "bbox": [1036, 93, 24, 27]}, {"id": 277, "image_id": 0, "segmentation": {"size": [1080, 1920], "counts": "UojR17aQ13L3N2N2N2N100O1O0010O010O1N2O3M4K6JToik0"}, "iscrowd": 0, "area": 315.0, "score": 0.9123522043228149, "category_name": "fish", "coord": [1072.0, 183.0], "bbox": [1057, 172, 18, 23]}, {"id": 279, "image_id": 0, "segmentation": {"size": [1080, 1920], "counts": "SaaR14bQ14L3M2N2O2L3O100O100O1000O10000O101N1O1O1O1O1N3N1O1O2NZnik0"}, "iscrowd": 0, "area": 463.0, "score": 0.9197127223014832, "category_name": "fish", "coord": [1059.0, 224.0], "bbox": [1048, 212, 27, 22]}, {"id": 287, "image_id": 0, "segmentation": {"size": [1080, 1920], "counts": "VeeU15aQ13M3N2O0O2O1N10001O0000000000O101O0O2O1N2N3LeRkh0"}, "iscrowd": 0, "area": 330.0, "score": 0.9112796783447266, "category_name": "fish", "coord": [1155.0, 161.0], "bbox": [1143, 151, 22, 17]}, {"id": 295, "image_id": 0, "segmentation": {"size": [1080, 1920], "counts": "m^`U14bQ15M1N2N102N1O3M2N1O1N101O01O0000001N100O2M2N3M3M6JaSmh0"}, "iscrowd": 0, "area": 460.0, "score": 0.8911668062210083, "category_name": "fish", "coord": [1155.0, 251.0], "bbox": [1138, 232, 25, 24]}, {"id": 298, "image_id": 0, "segmentation": {"size": [1080, 1920], "counts": "QRjU16_Q14N2N2M2O2O0O10000O2O0000O100000000O101O0O2N2N4L\\bdh0"}, "iscrowd": 0, "area": 424.0, "score": 0.9287257194519043, "category_name": "fish", "coord": [1159.0, 343.0], "bbox": [1147, 335, 24, 20]}, {"id": 299, "image_id": 0, "segmentation": {"size": [1080, 1920], "counts": "^]dV17`Q15L4L4M2M3M2N2N2O1N2N2N2N2N1O2O1N1O1O100O100O010O0100O010O1O010O1O2O0O1O2N2O1N2N2M4M4K9FdRUg0"}, "iscrowd": 0, "area": 1675.0, "score": 0.937650203704834, "category_name": "fish", "coord": [1202.0, 363.0], "bbox": [1172, 333, 44, 58]}, {"id": 312, "image_id": 0, "segmentation": {"size": [1080, 1920], "counts": "je_U1>[Q15J9G3M2N2O1O0001O00001O2M3M4L9Ce[Wi0"}, "iscrowd": 0, "area": 501.0, "score": 0.8861134052276611, "category_name": "fish", "coord": [1144.0, 535.0], "bbox": [1137, 514, 16, 43]}, {"id": 314, "image_id": 0, "segmentation": {"size": [1080, 1920], "counts": "iTcW15`Q15K4L3M3N2N3N1O10001O2N2N2N2N1O2N1O2O0O2O00001O0000O2M3N2L7G<ZO]Sdf0"}, "iscrowd": 0, "area": 1009.0, "score": 0.9477325081825256, "category_name": "fish", "coord": [1219.0, 483.0], "bbox": [1201, 463, 31, 50]}, {"id": 316, "image_id": 0, "segmentation": {"size": [1080, 1920], "counts": "fZSZ1?[P1R1J4N1O0000000001M2L4I8K5J7DWled0"}, "iscrowd": 0, "area": 660.0, "score": 0.8976995944976807, "category_name": "fish", "coord": [1284.0, 503.0], "bbox": [1277, 478, 14, 53]}, {"id": 317, "image_id": 0, "segmentation": {"size": [1080, 1920], "counts": "R_mX18]Q15K4M2N3M2N3M2O1O2N1N200O2N1O100O1O100O100O100O10O1000O1000O10000O100O100O100O1O100O100O100O100O1O100O101N100O101N2N2N2N1O2N1N2N3L3M3MhjSd0"}, "iscrowd": 0, "area": 2203.0, "score": 0.9210816621780396, "category_name": "fish", "coord": [1269.0, 609.0], "bbox": [1241, 588, 67, 44]}, {"id": 320, "image_id": 0, "segmentation": {"size": [1080, 1920], "counts": "RfPV18[Q19K4L3M201O10O00010O001N100O1O1O1O1O2M3M7GnRah0"}, "iscrowd": 0, "area": 483.0, "score": 0.9190425872802734, "category_name": "fish", "coord": [1162.0, 659.0], "bbox": [1153, 642, 21, 36]}, {"id": 321, "image_id": 0, "segmentation": {"size": [1080, 1920], "counts": "UohV15bQ14L2N2O1O1N2O1N2O1O0O2O001O001O10O01O00010O0001O001O1O1O1O2N1O1O2N1O1N2O2M3MVlVg0"}, "iscrowd": 0, "area": 749.0, "score": 0.9192901253700256, "category_name": "fish", "coord": [1192.0, 680.0], "bbox": [1176, 671, 38, 27]}, {"id": 323, "image_id": 0, "segmentation": {"size": [1080, 1920], "counts": "WofY1:]Q16K4L2N2M2O2N1O1O1O2N1O1O1N2O1O1O1O1O1O2N1O1O1O001O001O01O001O001O001N2O1O2M2O1N3L4L5I6K7Ih_Qd0"}, "iscrowd": 0, "area": 1696.0, "score": 0.9027105569839478, "category_name": "fish", "coord": [1292.0, 837.0], "bbox": [1265, 812, 45, 49]}, {"id": 324, "image_id": 0, "segmentation": {"size": [1080, 1920], "counts": "]mRY15aQ14M3L3N2N2N1O2O0O2N1O10000O101O000O10000000000000000000000O100000O10000O100O1O1O1N2L4M4J^dfd0"}, "iscrowd": 0, "area": 1106.0, "score": 0.9044971466064453, "category_name": "fish", "coord": [1269.0, 793.0], "bbox": [1246, 782, 44, 29]}, {"id": 326, "image_id": 0, "segmentation": {"size": [1080, 1920], "counts": "Qc^Y13cQ17I3N2N2O1N1O2O0O101N1O1O2O0001O01O01O01O00000O2O000O101O0001O00001O00000000000O10000O100O10O010000O100O101N101N1O2N101N2O001N2O1N3M3KQfbc0"}, "iscrowd": 0, "area": 1565.0, "score": 0.906200647354126, "category_name": "fish", "coord": [1290.0, 871.0], "bbox": [1257, 861, 67, 30]}, {"id": 327, "image_id": 0, "segmentation": {"size": [1080, 1920], "counts": "dSf[1:YQ17K4M2N2O2M2O1N2O001O1O1O1O100O1O00100O0010O1O10O0100O1N2N2M4M2N3K6GUP^b0"}, "iscrowd": 0, "area": 1100.0, "score": 0.9145348072052002, "category_name": "fish", "coord": [1340.0, 659.0], "bbox": [1325, 638, 34, 43]}, {"id": 330, "image_id": 0, "segmentation": {"size": [1080, 1920], "counts": "_bi]12`Q18M1N3N1O1O1O001O1O1O1O100O1O10O010000O10000O010000O10000O1O001O1O101N1O100O1O1O2N2O0O2N2Nemn?"}, "iscrowd": 0, "area": 860.0, "score": 0.9309484362602234, "category_name": "fish", "coord": [1412.0, 619.0], "bbox": [1389, 607, 45, 28]}, {"id": 337, "image_id": 0, "segmentation": {"size": [1080, 1920], "counts": "VbY[11cQ17L4M3M5J3N1O1O1O001O00000O2O000O100O1000O0100000O100O1O100O2O0O2O001N2O1N2O1O3L4L5K\\Rbb0"}, "iscrowd": 0, "area": 1014.0, "score": 0.9026679396629333, "category_name": "fish", "coord": [1339.0, 790.0], "bbox": [1313, 772, 42, 31]}, {"id": 340, "image_id": 0, "segmentation": {"size": [1080, 1920], "counts": "YUY\\12`Q17M3N2M4N1N2O0O2O00000O1000000O1000000000O100000O02O0O1O1O100O1O1O1O1O1O2N1O1O1O1N3L3NV^aa0"}, "iscrowd": 0, "area": 807.0, "score": 0.89754319190979, "category_name": "fish", "coord": [1362.0, 734.0], "bbox": [1343, 721, 43, 25]}, {"id": 344, "image_id": 0, "segmentation": {"size": [1080, 1920], "counts": "fZU^11dQ15M2N2N101O00001N10000O2O000001O00000000001O000000001O001O001O1O001N101O001N1O2Na]h?"}, "iscrowd": 0, "area": 473.0, "score": 0.91070556640625, "category_name": "fish", "coord": [1415.0, 787.0], "bbox": [1400, 782, 40, 15]}, {"id": 345, "image_id": 0, "segmentation": {"size": [1080, 1920], "counts": "YSc^14aQ15L4M2N101N101O0O101N10001N10001O000001O01O0001O001O1O001O1N101N100O10001N10000O101N100O2N1O2N2NoVR?"}, "iscrowd": 0, "area": 864.0, "score": 0.9204128384590149, "category_name": "fish", "coord": [1438.0, 854.0], "bbox": [1413, 838, 48, 25]}, {"id": 346, "image_id": 0, "segmentation": {"size": [1080, 1920], "counts": "iol]16`Q13M3N2M2O1O2N1O101N101N101O0O101O000O100000000O100000O10000000001O000000001O0O100000001N100O100O100O100O101N1O2M3LTk^?"}, "iscrowd": 0, "area": 1376.0, "score": 0.8975212574005127, "category_name": "fish", "coord": [1418.0, 884.0], "bbox": [1392, 873, 57, 29]}, {"id": 352, "image_id": 0, "segmentation": {"size": [1080, 1920], "counts": "XkUb1;[Q17J4K4N1O2M2O2N1O1O1O1O1O1N2O1O1O1O001O001O00001O0000000001O0000010N101O1O1O1N2O1N3M4J7@XoNEafd;"}, "iscrowd": 0, "area": 1735.0, "score": 0.9186996221542358, "category_name": "fish", "coord": [1543.0, 653.0], "bbox": [1522, 625, 44, 47]}, {"id": 353, "image_id": 0, "segmentation": {"size": [1080, 1920], "counts": "T]Za18`Q1101N2N2N2O0O2N2O2N6J9F8I3M2M2O00O0O2O2M2M4G:G;@hVT="}, "iscrowd": 0, "area": 764.0, "score": 0.9012284278869629, "category_name": "fish", "coord": [1512.0, 645.0], "bbox": [1496, 612, 24, 59]}, {"id": 354, "image_id": 0, "segmentation": {"size": [1080, 1920], "counts": "\\Y_b16aQ15K4K5L4L5K3N2M4M2M3N100O2N1O1O1O010OO2O001N2N2N2L4L5J6K6HSRj;"}, "iscrowd": 0, "area": 1072.0, "score": 0.9414288997650146, "category_name": "fish", "coord": [1547.0, 591.0], "bbox": [1531, 571, 29, 50]}, {"id": 359, "image_id": 0, "segmentation": {"size": [1080, 1920], "counts": "ZY^e17`Q13M3N1N3N1O2N1O2N1O1O2N1O1O2N1O1O100O1O1O001O10O01O0010O01O0100O1O100O1O2N1O2N2N2N2N4L4K8HWUZ8"}, "iscrowd": 0, "area": 1327.0, "score": 0.9606908559799194, "category_name": "fish", "coord": [1643.0, 672.0], "bbox": [1621, 655, 45, 43]}, {"id": 362, "image_id": 0, "segmentation": {"size": [1080, 1920], "counts": "Wkg_16bQ11N3N1O1O1O1O001O00000001O1O1O2M3KVUn>"}, "iscrowd": 0, "area": 214.0, "score": 0.8921400308609009, "category_name": "fish", "coord": [1457.0, 681.0], "bbox": [1448, 678, 17, 14]}, {"id": 373, "image_id": 0, "segmentation": {"size": [1080, 1920], "counts": "SSXe1;[Q13M2N2O1N1O2O1N2O1O1O001O010N101OO010O2O00001O001O1O1N2O0O2Oa0@[Uo8"}, "iscrowd": 0, "area": 758.0, "score": 0.8972265124320984, "category_name": "fish", "coord": [1633.0, 783.0], "bbox": [1615, 765, 31, 41]}, {"id": 380, "image_id": 0, "segmentation": {"size": [1080, 1920], "counts": "_W]h12dQ17K2M2O1O1O001O1O00000001O001O1O0O4L3L^eV6"}, "iscrowd": 0, "area": 268.0, "score": 0.9060261249542236, "category_name": "fish", "coord": [1720.0, 684.0], "bbox": [1711, 676, 19, 16]}, {"id": 392, "image_id": 0, "segmentation": {"size": [1080, 1920], "counts": "Pk[^1f0QQ13N2N1O1N2O1N2O1N101O0O101O00000O10000O10000O01000O01000O10O2O001O1N3N2M2M4M3L3M4M3M3M3Loe]?"}, "iscrowd": 0, "area": 1503.0, "score": 0.882826566696167, "category_name": "fish", "coord": [1432.0, 993.0], "bbox": [1406, 966, 44, 43]}, {"id": 394, "image_id": 0, "segmentation": {"size": [1080, 1920], "counts": "[[_Z13dQ13L3N2N1O2N2N1O2N1O2O0O101N100000001N1000000O1000000O1000000000001O0001O000O2O0000001N10001N101O1N2O1N101N2N2O2L5LV_lb0"}, "iscrowd": 0, "area": 1290.0, "score": 0.8866490125656128, "category_name": "fish", "coord": [1315.0, 937.0], "bbox": [1288, 923, 57, 29]}, {"id": 396, "image_id": 0, "segmentation": {"size": [1080, 1920], "counts": "oZQX16_Q14N3M2N2N1O2O0O1O2N101O0O10001N100000001O0000000000000000001O00000000000001O00001O0O2O001O1O1O1N2O1O000O2O0O2O1N4Ka_Ze0"}, "iscrowd": 0, "area": 1390.0, "score": 0.9074971079826355, "category_name": "fish", "coord": [1243.0, 975.0], "bbox": [1214, 962, 57, 29]}, {"id": 399, "image_id": 0, "segmentation": {"size": [1080, 1920], "counts": "]fak19:6YP1k0H5K7J5L3M3N1O1O1O0011N4L4J:F<B`[U3"}, "iscrowd": 0, "area": 958.0, "score": 0.8920602798461914, "category_name": "fish", "coord": [1814.0, 980.0], "bbox": [1806, 944, 16, 68]}, {"id": 402, "image_id": 0, "segmentation": {"size": [1080, 1920], "counts": "ehnm19^Q12N3M2N3N2N2M101O1N2O1O001O1O1O001N2O001O1O0010O0001O00001O01N1O100O2O0O10000000goN"}, "iscrowd": 0, "area": 1259.0, "score": 0.8991790413856506, "category_name": "fish", "coord": [1907.0, 1043.0], "bbox": [1879, 1030, 40, 39]}, {"id": 410, "image_id": 0, "segmentation": {"size": [1080, 1920], "counts": "[i]m12aQ17M2N101N2O0O2O0000001O00000O2O00000000000001O00000000001O0000001N10001O001N10001O0O101N2O1N_d9"}, "iscrowd": 0, "area": 737.0, "score": 0.9057193398475647, "category_name": "fish", "coord": [1880.0, 931.0], "bbox": [1863, 921, 46, 19]}, {"id": 418, "image_id": 0, "segmentation": {"size": [1080, 1920], "counts": "W`jf1`0hP1c0F:J5L4N2M3OO001O1N2O3L5H9CVfn7"}, "iscrowd": 0, "area": 718.0, "score": 0.9332317113876343, "category_name": "fish", "coord": [1671.0, 578.0], "bbox": [1663, 546, 14, 58]}, {"id": 422, "image_id": 0, "segmentation": {"size": [1080, 1920], "counts": "mYnj19\\Q16L2O1O2M2O1O1O1O10O01O01O1O1O2N1O2N2M4LSad3"}, "iscrowd": 0, "area": 433.0, "score": 0.9340000748634338, "category_name": "fish", "coord": [1797.0, 544.0], "bbox": [1788, 536, 20, 26]}, {"id": 424, "image_id": 0, "segmentation": {"size": [1080, 1920], "counts": "iiej18\\Q15J6L3N1O2O1N2N1O0O1001O100O2O1N2O2L5KVTn3"}, "iscrowd": 0, "area": 479.0, "score": 0.8992922902107239, "category_name": "fish", "coord": [1794.0, 462.0], "bbox": [1780, 442, 19, 40]}, {"id": 429, "image_id": 0, "segmentation": {"size": [1080, 1920], "counts": "aafh12\\Q1?C<E;I5M3M2O1O1O10N101O1M2K5L5L4L5K;AU\\m5"}, "iscrowd": 0, "area": 765.0, "score": 0.9100219011306763, "category_name": "fish", "coord": [1729.0, 495.0], "bbox": [1720, 467, 19, 52]}, {"id": 439, "image_id": 0, "segmentation": {"size": [1080, 1920], "counts": "a\\om16aQ19G5L1O1O03M5JZUQ1"}, "iscrowd": 0, "area": 138.0, "score": 0.8801878690719604, "category_name": "fish", "coord": [1884.0, 597.0], "bbox": [1880, 591, 7, 21]}, {"id": 440, "image_id": 0, "segmentation": {"size": [1080, 1920], "counts": "ShVb1b0UQ15K4L3N1O100O001O0001O0O2N3L4K7GRZ`<"}, "iscrowd": 0, "area": 472.0, "score": 0.9216866493225098, "category_name": "fish", "coord": [1528.0, 483.0], "bbox": [1523, 472, 16, 33]}, {"id": 443, "image_id": 0, "segmentation": {"size": [1080, 1920], "counts": "o]kc1`0kP1?J5L4M3N1O11O0O3M5Ae0YOemP;"}, "iscrowd": 0, "area": 409.0, "score": 0.8951746225357056, "category_name": "fish", "coord": [1576.0, 420.0], "bbox": [1573, 399, 11, 44]}, {"id": 444, "image_id": 0, "segmentation": {"size": [1080, 1920], "counts": "`Wbe15YQ1b0C;H<D8K12N0O1O00000001N10001O0010O1O1O1N2N1O2M4M3J<\\OQWi8"}, "iscrowd": 0, "area": 1286.0, "score": 0.936492919921875, "category_name": "fish", "coord": [1641.0, 399.0], "bbox": [1625, 357, 27, 74]}, {"id": 445, "image_id": 0, "segmentation": {"size": [1080, 1920], "counts": "Pnhd1;[Q18I4L3N2M2O2N1O100O01O010O1O1O0O2N2N2N3L5H]kh9"}, "iscrowd": 0, "area": 607.0, "score": 0.8987889289855957, "category_name": "fish", "coord": [1610.0, 399.0], "bbox": [1601, 387, 21, 35]}, {"id": 450, "image_id": 0, "segmentation": {"size": [1080, 1920], "counts": "_k_`1n0hP18I5K4N1N2O0001O0O2O1N2M4M3L5K5GXVW>"}, "iscrowd": 0, "area": 712.0, "score": 0.9314519166946411, "category_name": "fish", "coord": [1474.0, 452.0], "bbox": [1471, 419, 16, 54]}, {"id": 453, "image_id": 0, "segmentation": {"size": [1080, 1920], "counts": "R[Sf13cQ14M2N1O2N1O10000O100O100001O00001O001O1N2O1Mk\\]8"}, "iscrowd": 0, "area": 288.0, "score": 0.8892129063606262, "category_name": "fish", "coord": [1655.0, 612.0], "bbox": [1641, 609, 22, 15]}, {"id": 460, "image_id": 0, "segmentation": {"size": [1080, 1920], "counts": "keRn19\\Q14M3M2N2O1N2O1N2O1O10O01O001O000001O000000001O00000000000000000O20O01000bZO"}, "iscrowd": 0, "area": 937.0, "score": 0.9090234041213989, "category_name": "fish", "coord": [1904.0, 708.0], "bbox": [1883, 686, 36, 47]}, {"id": 463, "image_id": 0, "segmentation": {"size": [1080, 1920], "counts": "^kmd09\\Q18I4M3M2N3N1O001O1O1O001O1O000001O000010OO2O1O1N2N2N2N2N2M3M3M`\\YY1"}, "iscrowd": 0, "area": 891.0, "score": 0.8839045763015747, "category_name": "fish", "coord": [649.0, 144.0], "bbox": [635, 126, 31, 35]}, {"id": 464, "image_id": 0, "segmentation": {"size": [1080, 1920], "counts": "^Yhb06`Q14L4M2N2O1N2O1O1O1O1O1O100O1000O010O100O2N1O2N1N3N3M4JVUc[1"}, "iscrowd": 0, "area": 595.0, "score": 0.8971111178398132, "category_name": "fish", "coord": [585.0, 189.0], "bbox": [569, 175, 27, 31]}, {"id": 467, "image_id": 0, "segmentation": {"size": [1080, 1920], "counts": "mP`?4cQ12O2N1N101O1O001O0O2O00000001O00001N101O001N3N3KWcn^1"}, "iscrowd": 0, "area": 279.0, "score": 0.8885712623596191, "category_name": "fish", "coord": [485.0, 335.0], "bbox": [470, 330, 24, 14]}, {"id": 476, "image_id": 0, "segmentation": {"size": [1080, 1920], "counts": "SbUQ14S14To05bPO1]o01\\PO4co0R100O1O1O0O0100O1O1O1O1O1O1O1O1O2N2M5Km0QOTT[m0"}, "iscrowd": 0, "area": 1029.0, "score": 0.902846097946167, "category_name": "fish", "coord": [1019.0, 598.0], "bbox": [1006, 561, 22, 63]}, {"id": 483, "image_id": 0, "segmentation": {"size": [1080, 1920], "counts": "hT]n06`Q17I5K4N9F4L2N100O1O100O10O10O01O100O1N2O1O1N2O1N2N2O1N3M2L5K7HeSjo0"}, "iscrowd": 0, "area": 962.0, "score": 0.8925720453262329, "category_name": "fish", "coord": [936.0, 746.0], "bbox": [922, 731, 31, 41]}, {"id": 486, "image_id": 0, "segmentation": {"size": [1080, 1920], "counts": "dRV[14bQ14K4N1N3O0O1000001O0O10000001N10000O101N1O2N2MdcYc0"}, "iscrowd": 0, "area": 361.0, "score": 0.8988250494003296, "category_name": "fish", "coord": [1325.0, 454.0], "bbox": [1310, 442, 23, 18]}, {"id": 490, "image_id": 0, "segmentation": {"size": [1080, 1920], "counts": "VXeZ1:\\Q13M3N1O2N1O100O1O10000O1000O01000O2O0O100O1O1O1O1O2N1N2O2M6IjQcc0"}, "iscrowd": 0, "area": 570.0, "score": 0.9355348348617554, "category_name": "fish", "coord": [1312.0, 503.0], "bbox": [1294, 490, 30, 24]}, {"id": 494, "image_id": 0, "segmentation": {"size": [1080, 1920], "counts": "RTP]1j0gP1<H6L4M2O00N3N2N3Ld0[O:EXVla0"}, "iscrowd": 0, "area": 461.0, "score": 0.9012700319290161, "category_name": "fish", "coord": [1372.0, 500.0], "bbox": [1365, 479, 11, 50]}, {"id": 498, "image_id": 0, "segmentation": {"size": [1080, 1920], "counts": "^m`Z19\\Q16J5L3L5J4M4G8J6O1000O100N3N1O1O2K5[Oe0KcPSd0"}, "iscrowd": 0, "area": 712.0, "score": 0.9037752151489258, "category_name": "fish", "coord": [1302.0, 372.0], "bbox": [1290, 349, 19, 50]}, {"id": 514, "image_id": 0, "segmentation": {"size": [1080, 1920], "counts": "_f`^17aQ13N010O2O2M3L2O2M3N1N4L<E2M100O11O0O01000000001O1O3L5K5K4L3M3MS`f?"}, "iscrowd": 0, "area": 969.0, "score": 0.9306991696357727, "category_name": "fish", "coord": [1429.0, 586.0], "bbox": [1411, 551, 31, 63]}, {"id": 577, "image_id": 0, "segmentation": {"size": [1080, 1920], "counts": "VY]m0>UQ19J4K5K3N3N1N2N2O1O1N200O2O001O00000001O1O1O1O1O001O1N2O1N2O0O2N2O0O2O0O2O1N2O2N1N2O1N2O1N2O1N2N2N2MamUP1"}, "iscrowd": 0, "area": 1779.0, "score": 0.8940032720565796, "category_name": "fish", "coord": [910.0, 513.0], "bbox": [892, 493, 50, 49]}, {"id": 578, "image_id": 0, "segmentation": {"size": [1080, 1920], "counts": "jUom02`Q19K4M3M3M3L3N2N3M101O1O1O001O10O010O010O2O0010OO1O1O1N2N2N3M3L5K5K`nUP1"}, "iscrowd": 0, "area": 981.0, "score": 0.9222985506057739, "category_name": "fish", "coord": [928.0, 483.0], "bbox": [909, 466, 33, 43]}, {"id": 579, "image_id": 0, "segmentation": {"size": [1080, 1920], "counts": "Sgkc04cQ12N2M2O2N3N1N2O1O3M3M2O1N2N2N101N2O0O10000000000O1000O01O010O1O1O010O001O1O01O000000000010OO101O1O2M2O2M2O2N2M3M3M4L5HSo]Y1"}, "iscrowd": 0, "area": 1874.0, "score": 0.8826290369033813, "category_name": "fish", "coord": [612.0, 815.0], "bbox": [602, 812, 59, 54]}, {"id": 598, "image_id": 0, "segmentation": {"size": [1080, 1920], "counts": "XQik17_Q13O0O2O0O10000O2O0O10001O0O10000000O101O00000O10001N10000O100O101N100O1O101N2MlhU2"}, "iscrowd": 0, "area": 517.0, "score": 0.8934961557388306, "category_name": "fish", "coord": [1830.0, 914.0], "bbox": [1813, 905, 39, 17]}]}