{"images": [{"id": 0, "file_name": "images/1272.jpg", "width": 1920, "height": 1080}], "annotations": [{"id": 0, "image_id": 0, "segmentation": {"size": [1080, 1920], "counts": "^Pe17_Q14M3M2N2O1N2O2N2N2N3M4L3M2N3N2N1O2N001O001O0001O000O10000O1O1O100O1O002N1O1O2M2O2N1N4M1O2M3N2M3L5KlVok1"}, "iscrowd": 0, "area": 1718.0, "score": 0.8945156335830688, "category_name": "fish", "coord": [85.0, 312.0], "bbox": [50, 280, 49, 62]}, {"id": 2, "image_id": 0, "segmentation": {"size": [1080, 1920], "counts": "dP^33eQ11O1O1O1O1N10001O001O001O001O001O001O00001O00000O101O000000001N100000000000000000000001O00000000001O00001O0000001O000000001O0000001O00001O0O101O001N2O1M^hYi1"}, "iscrowd": 0, "area": 1145.0, "score": 0.8885256052017212, "category_name": "fish", "coord": [145.0, 347.0], "bbox": [104, 337, 76, 19]}, {"id": 3, "image_id": 0, "segmentation": {"size": [1080, 1920], "counts": "c=;]Q10000000O1O101M2J6N3N100O2O001N10001O01O10O02N100O1O0000001O00000000001O0O100000001N101O0O2O1N3N1N3MSibm1"}, "iscrowd": 0, "area": 1132.0, "score": 0.9010032415390015, "category_name": "fish", "coord": [15.0, 441.0], "bbox": [0, 420, 50, 32]}, {"id": 4, "image_id": 0, "segmentation": {"size": [1080, 1920], "counts": "YYS16aQ15L2M2O2N001N2O1O010O1O1O010O0010O1O1N2O2N3M2L5LcZ[m1"}, "iscrowd": 0, "area": 449.0, "score": 0.8908513188362122, "category_name": "fish", "coord": [48.0, 499.0], "bbox": [33, 494, 24, 25]}, {"id": 5, "image_id": 0, "segmentation": {"size": [1080, 1920], "counts": "[gU32bQ19I3N2N2N2O0O1O2O0O100O100O10O100O010O1O100O2N101M3N4KPhUk1"}, "iscrowd": 0, "area": 565.0, "score": 0.9132594466209412, "category_name": "fish", "coord": [109.0, 489.0], "bbox": [96, 476, 27, 26]}, {"id": 6, "image_id": 0, "segmentation": {"size": [1080, 1920], "counts": "i]V43bQ15M3M2N3M2N101O1N2O001O001O01O01O0001O001O001O1O1O1O1N4M3K5JjkQj1"}, "iscrowd": 0, "area": 591.0, "score": 0.928737461566925, "category_name": "fish", "coord": [147.0, 506.0], "bbox": [127, 488, 30, 25]}, {"id": 13, "image_id": 0, "segmentation": {"size": [1080, 1920], "counts": "]Pg;8_Q12N2O0O2O0O2O001N101N2O001N101O1O000O2O0000001O000000000001O00001O1O1N2O1O2M3M2N2N3LWdTb1"}, "iscrowd": 0, "area": 908.0, "score": 0.9301903247833252, "category_name": "fish", "coord": [378.0, 613.0], "bbox": [355, 605, 42, 27]}, {"id": 14, "image_id": 0, "segmentation": {"size": [1080, 1920], "counts": "[^P<7^Q15M2N2N101N1O100O10000O1000000000000000O10001N2N3M6I`R\\b1"}, "iscrowd": 0, "area": 502.0, "score": 0.8974617719650269, "category_name": "fish", "coord": [381.0, 552.0], "bbox": [364, 545, 26, 21]}, {"id": 15, "image_id": 0, "segmentation": {"size": [1080, 1920], "counts": "Ykk<1eQ16K3M2N2N1O2O1N101N10001O000O2O0000001O0001O0000001O001N2O1N2O1N2N3M3MfUWa1"}, "iscrowd": 0, "area": 675.0, "score": 0.9059069156646729, "category_name": "fish", "coord": [412.0, 545.0], "bbox": [390, 527, 35, 24]}, {"id": 17, "image_id": 0, "segmentation": {"size": [1080, 1920], "counts": "agi92dQ15L3M2N2O1O1O0O2O1O001O1O00001OO100000O11O00001O0O2O1O1N3N3LUb^d1"}, "iscrowd": 0, "area": 533.0, "score": 0.9073290228843689, "category_name": "fish", "coord": [304.0, 507.0], "bbox": [297, 498, 30, 22]}, {"id": 19, "image_id": 0, "segmentation": {"size": [1080, 1920], "counts": "k[\\82eQ13M3M2O1O1O2N1O1O1O001O001O1O0010O01O0010O0000100O001O1O2M2O3L4KSjie1"}, "iscrowd": 0, "area": 532.0, "score": 0.9052004814147949, "category_name": "fish", "coord": [277.0, 495.0], "bbox": [254, 488, 32, 23]}, {"id": 21, "image_id": 0, "segmentation": {"size": [1080, 1920], "counts": "\\iQ83dQ13M3N1N2O1O1O1O1O1O010O001O0001O001O001O1O2N2L`l]f1"}, "iscrowd": 0, "area": 335.0, "score": 0.9039793014526367, "category_name": "fish", "coord": [259.0, 468.0], "bbox": [244, 457, 23, 18]}, {"id": 22, "image_id": 0, "segmentation": {"size": [1080, 1920], "counts": "obT64cQ15K2N2O1O1N2O001O001O001O001O00001O0001O001N101O1O1O2M3M3K]hTh1"}, "iscrowd": 0, "area": 502.0, "score": 0.9199815392494202, "category_name": "fish", "coord": [200.0, 442.0], "bbox": [186, 427, 29, 21]}, {"id": 24, "image_id": 0, "segmentation": {"size": [1080, 1920], "counts": "QlZ<9]Q14M2M3O1N1O101O0O10000000O100O101N101M3N3LdmVb1"}, "iscrowd": 0, "area": 415.0, "score": 0.9119589924812317, "category_name": "fish", "coord": [378.0, 442.0], "bbox": [374, 425, 21, 22]}, {"id": 27, "image_id": 0, "segmentation": {"size": [1080, 1920], "counts": "YeX?5cQ12M2O1O1O1O001O1O1O00100O0001O001O1O1N4LiUZ_1"}, "iscrowd": 0, "area": 262.0, "score": 0.8834035396575928, "category_name": "fish", "coord": [472.0, 358.0], "bbox": [463, 352, 20, 16]}, {"id": 28, "image_id": 0, "segmentation": {"size": [1080, 1920], "counts": "W]f?5aQ14M3M2N2N2O001N2O0000001O000000000001O01O000000000001O0001O0001O0000001O1O1N2O1N3M4L\\WU^1"}, "iscrowd": 0, "area": 820.0, "score": 0.8945894837379456, "category_name": "fish", "coord": [493.0, 393.0], "bbox": [476, 384, 42, 23]}, {"id": 29, "image_id": 0, "segmentation": {"size": [1080, 1920], "counts": "lSab07`Q12N3N2N1N3N1O1N2O1O1O1N2O1O1O1N2O1O0O2O1O00001O001O000001O0O2O001O001O1O1N2O001O1O1O1O1N2O2M6KgWU[1"}, "iscrowd": 0, "area": 1337.0, "score": 0.9036495089530945, "category_name": "fish", "coord": [578.0, 408.0], "bbox": [562, 389, 47, 37]}, {"id": 30, "image_id": 0, "segmentation": {"size": [1080, 1920], "counts": "eS`e05cQ12M1O2O1N101N101N101N101O0O101O00000O101O00000000000O1000000O10000O100000O010000000000001O001O001N2O001O1N101O0O2O1N2N3KfahW1"}, "iscrowd": 0, "area": 1223.0, "score": 0.917182445526123, "category_name": "fish", "coord": [682.0, 474.0], "bbox": [652, 457, 60, 26]}, {"id": 31, "image_id": 0, "segmentation": {"size": [1080, 1920], "counts": "\\dke06aQ12N2O1N2O1O2M101O1O0O101O000000000001O0001O01N101O001N2O002M2O1NiaZX1"}, "iscrowd": 0, "area": 552.0, "score": 0.8987998962402344, "category_name": "fish", "coord": [673.0, 390.0], "bbox": [663, 383, 32, 21]}, {"id": 32, "image_id": 0, "segmentation": {"size": [1080, 1920], "counts": "]`ag03cQ16L1N2O1N2O1O1O001O1O0O2O001O0010O0001O01O001O1O1O1O2M3M4L6IPifV1"}, "iscrowd": 0, "area": 525.0, "score": 0.9052205681800842, "category_name": "fish", "coord": [732.0, 481.0], "bbox": [714, 472, 30, 23]}, {"id": 33, "image_id": 0, "segmentation": {"size": [1080, 1920], "counts": "]bSe03cQ16L2M2N101N101N100O2O0O100O10000O2O000000000O1001O0O10001O0O101N1O2N1O3M2N3JaYlX1"}, "iscrowd": 0, "area": 727.0, "score": 0.9150006175041199, "category_name": "fish", "coord": [661.0, 583.0], "bbox": [640, 578, 38, 24]}, {"id": 34, "image_id": 0, "segmentation": {"size": [1080, 1920], "counts": "[Yma03dQ16K1O1O001O10O01O001O101N1O1O1O1O1O1O001O1O001O001O001O00001O001O00001O001O010O00000010O0000001O001O1O001O1O1O2N1N2O1O3M3L4M3LlUX[1"}, "iscrowd": 0, "area": 1438.0, "score": 0.9052281379699707, "category_name": "fish", "coord": [571.0, 628.0], "bbox": [543, 610, 63, 34]}, {"id": 35, "image_id": 0, "segmentation": {"size": [1080, 1920], "counts": "had?4cQ13M3M1O2N2N1O2N101N101O00001O001O00001O00001O00001O000000010O000000000001O00000O2O001N101O1N2O1O1N3M3M3M[al]1"}, "iscrowd": 0, "area": 1127.0, "score": 0.8837156891822815, "category_name": "fish", "coord": [493.0, 656.0], "bbox": [474, 639, 52, 27]}, {"id": 37, "image_id": 0, "segmentation": {"size": [1080, 1920], "counts": "ZWk>2eQ15K2N2O1N2O0O2O1O001O001O000000001O0001N100O2N1O2N2N2NgW`_1"}, "iscrowd": 0, "area": 422.0, "score": 0.8841260075569153, "category_name": "fish", "coord": [460.0, 639.0], "bbox": [450, 629, 27, 19]}, {"id": 38, "image_id": 0, "segmentation": {"size": [1080, 1920], "counts": "^jW?8_Q12N2N2N2N2O0O1O101N10000O10000O10001O0000000000000001O001N101O001N2O2M2N3M3M5J^of^1"}, "iscrowd": 0, "area": 781.0, "score": 0.9064058065414429, "category_name": "fish", "coord": [480.0, 571.0], "bbox": [462, 564, 39, 24]}, {"id": 39, "image_id": 0, "segmentation": {"size": [1080, 1920], "counts": "edn`02eQ14M3M3M3M2N3M2O001OO01000O100O1O2M4M5JkWe]1"}, "iscrowd": 0, "area": 340.0, "score": 0.8803884387016296, "category_name": "fish", "coord": [522.0, 561.0], "bbox": [514, 548, 19, 27]}, {"id": 40, "image_id": 0, "segmentation": {"size": [1080, 1920], "counts": "X[Ph01fQ15K2N2O1O0O2O0O2O000O2O000000000O11O0O10001O0O2O1N3LcU\\V1"}, "iscrowd": 0, "area": 363.0, "score": 0.882952868938446, "category_name": "fish", "coord": [741.0, 558.0], "bbox": [728, 545, 26, 17]}, {"id": 41, "image_id": 0, "segmentation": {"size": [1080, 1920], "counts": "]_Vf08_Q15K3M3N1N10000000000001N101O1N102M2N5I`]]X1"}, "iscrowd": 0, "area": 339.0, "score": 0.8874075412750244, "category_name": "fish", "coord": [676.0, 702.0], "bbox": [673, 689, 19, 20]}, {"id": 42, "image_id": 0, "segmentation": {"size": [1080, 1920], "counts": "j]g`01fQ12N2O0O2O0O2O0O101O1N2O1O1N2O001O001O1O0O2O1O001O001O00001O00001O00001O01O001O1O001O1O1O001N2O1O2N1N3N2M4M3Laag\\1"}, "iscrowd": 0, "area": 1037.0, "score": 0.9083327651023865, "category_name": "fish", "coord": [545.0, 724.0], "bbox": [507, 714, 54, 28]}, {"id": 47, "image_id": 0, "segmentation": {"size": [1080, 1920], "counts": "_XWg0:]Q14L2O1N101N100O100O100O100O1O2O0O1O100O1O100O1O100O100O100000000O10O2O00000O2O0000001N101N2O0O3M2N3L3N2M4L4M\\gWV1"}, "iscrowd": 0, "area": 1399.0, "score": 0.8818932175636292, "category_name": "fish", "coord": [742.0, 789.0], "bbox": [704, 765, 54, 34]}, {"id": 48, "image_id": 0, "segmentation": {"size": [1080, 1920], "counts": "_nQg05aQ14N2M2O001N101O001O1N101O0O2O00001O000O101O0000001O0001O001O00001O1N2O1O1N2O1N2N3M2N3MZdhV1"}, "iscrowd": 0, "area": 827.0, "score": 0.8850827217102051, "category_name": "fish", "coord": [724.0, 743.0], "bbox": [699, 736, 43, 25]}, {"id": 55, "image_id": 0, "segmentation": {"size": [1080, 1920], "counts": "komn03cQ13N2N2N1O2M2O2N1N2O1O2O0O101O0O100O2O000O2O0000001O000000001O0000000001O00001O001O0O2O001N2O001N2O1O1N2O1N3N2M3N]l^n0"}, "iscrowd": 0, "area": 1346.0, "score": 0.9143168926239014, "category_name": "fish", "coord": [963.0, 716.0], "bbox": [938, 697, 56, 31]}, {"id": 56, "image_id": 0, "segmentation": {"size": [1080, 1920], "counts": "hfnR11bQ17L3N2O1N2O0O2O001N100O2O000O2O00000O2O000O101O000O10001O0O100000000O100000000000000000O1000001O0O101O0O2O001N101N2N2O2M3L6JUkWj0"}, "iscrowd": 0, "area": 1548.0, "score": 0.9037447571754456, "category_name": "fish", "coord": [1090.0, 761.0], "bbox": [1060, 742, 62, 31]}, {"id": 57, "image_id": 0, "segmentation": {"size": [1080, 1920], "counts": "RhnU18^Q15K4M3M2N3L3O1N2N2O1N2O1N2O001O0010O01O00010O01O1O1O010O1O1O1O1O010O1O001O1O001O001O1O1O1O1O1O0O2O1J5M4M3N2N3LaU_g0"}, "iscrowd": 0, "area": 1661.0, "score": 0.9259984493255615, "category_name": "fish", "coord": [1178.0, 833.0], "bbox": [1151, 813, 55, 44]}, {"id": 58, "image_id": 0, "segmentation": {"size": [1080, 1920], "counts": "[RfS19[Q17J4N2N2N2O001N10000O2O0O1000001N100O100O100O100O10000O100O010O11O0000001O00001N101O0O2O1O0O2O1N2N2O1N2N2O1N3K8Ioifi0"}, "iscrowd": 0, "area": 1710.0, "score": 0.8815417885780334, "category_name": "fish", "coord": [1111.0, 919.0], "bbox": [1082, 902, 56, 39]}, {"id": 61, "image_id": 0, "segmentation": {"size": [1080, 1920], "counts": "^`e21dQ16L2N2O0O2O0O1O2O0O100O2O0O100O1000000000000O2O00000001O0O100000001O0O101N2O1N2N6HWVWk1"}, "iscrowd": 0, "area": 733.0, "score": 0.8975329995155334, "category_name": "fish", "coord": [103.0, 78.0], "bbox": [81, 73, 41, 22]}, {"id": 62, "image_id": 0, "segmentation": {"size": [1080, 1920], "counts": "iUg64bQ15K4M2O1N101O0O101O00000000000000000000000000000001O0000001O0O2O1O001O1O001O1O1N2N5Ki^Tg1"}, "iscrowd": 0, "area": 707.0, "score": 0.9000786542892456, "category_name": "fish", "coord": [224.0, 29.0], "bbox": [204, 18, 42, 19]}, {"id": 63, "image_id": 0, "segmentation": {"size": [1080, 1920], "counts": "bWU97_Q14M3M2N2N2N2N101N2O0O20O0001O010O0001O1O1O1O1O1N101N2O0O2O1N1O2O1N1O2M3Mbgld1"}, "iscrowd": 0, "area": 733.0, "score": 0.9082282185554504, "category_name": "fish", "coord": [294.0, 41.0], "bbox": [278, 24, 36, 29]}, {"id": 64, "image_id": 0, "segmentation": {"size": [1080, 1920], "counts": "_Zo76_Q16L3M2O1N2O1N101O001O000001O00001O001O0O2O1N2O2M2M5JWV]f1"}, "iscrowd": 0, "area": 506.0, "score": 0.8932945132255554, "category_name": "fish", "coord": [247.0, 106.0], "bbox": [242, 88, 26, 23]}, {"id": 65, "image_id": 0, "segmentation": {"size": [1080, 1920], "counts": "Pj_<6^Q17L4K3N3M2O1N1O2O000O2O0000001O01O00100O2N1O2N2N1O1O2N1O2N2N3L5Go[fa1"}, "iscrowd": 0, "area": 779.0, "score": 0.937339186668396, "category_name": "fish", "coord": [393.0, 98.0], "bbox": [379, 76, 32, 32]}, {"id": 66, "image_id": 0, "segmentation": {"size": [1080, 1920], "counts": "l_P83cQ13N2M3N1O2N1N2N3N1N2O1O1O1O1O100O100O100O100O1000000000001O00O101O0O2O001N10001N10000O2O00001N101O0O2O1N101N2M4M4KnZ[e1"}, "iscrowd": 0, "area": 1345.0, "score": 0.914996862411499, "category_name": "fish", "coord": [280.0, 202.0], "bbox": [243, 188, 57, 32]}, {"id": 67, "image_id": 0, "segmentation": {"size": [1080, 1920], "counts": "`dR8;[Q15L3M2O001N100000001O000000000001O0O10001N2N4JbQ]f1"}, "iscrowd": 0, "area": 509.0, "score": 0.9323799014091492, "category_name": "fish", "coord": [261.0, 258.0], "bbox": [245, 243, 23, 23]}, {"id": 68, "image_id": 0, "segmentation": {"size": [1080, 1920], "counts": "RUi:2eQ13N0O2O1N10001N2O1O1O1N3N1N3M3M2N2O0O101N1000O2O0O101O1N2O2N1O001O000010O0000001O000010O001O001O001O1O001O1O1O0O2O1O1N2O1N3L[\\]b1"}, "iscrowd": 0, "area": 1201.0, "score": 0.9158918857574463, "category_name": "fish", "coord": [367.0, 290.0], "bbox": [327, 271, 62, 31]}, {"id": 70, "image_id": 0, "segmentation": {"size": [1080, 1920], "counts": "m[b;4_Q18L2N2M3O0O2O001O1O001O0000000001O0000000O2O0O1O1O2O0O2M2N4LQneb1"}, "iscrowd": 0, "area": 594.0, "score": 0.8884623646736145, "category_name": "fish", "coord": [364.0, 190.0], "bbox": [351, 171, 30, 23]}, {"id": 72, "image_id": 0, "segmentation": {"size": [1080, 1920], "counts": "dPif01fQ13N1O2O00O010O010OO10001N100O1O1CFZoN<eP1=002N]oN\\ORP1W1N0O11N4M1N001O0001O00001O000O2O1O0O2N2O1N2O1N2O0O2O0010O10O02O1N3N1N2O1N1O2N2O0O2N1O1O1N3N2N2N2N2N2M4M3L5JkjPV1"}, "iscrowd": 0, "area": 2330.0, "score": 0.9099874496459961, "category_name": "fish", "coord": [737.0, 265.0], "bbox": [691, 221, 74, 68]}, {"id": 73, "image_id": 0, "segmentation": {"size": [1080, 1920], "counts": "^iVg09]Q15L4L2N2O1N101N101N1O10000O1000000000000001O0000001N10001O1O001O1O1O1N2O1O1O1O1N3N1O1N3MbgbV1"}, "iscrowd": 0, "area": 1047.0, "score": 0.9302427172660828, "category_name": "fish", "coord": [720.0, 308.0], "bbox": [704, 292, 44, 29]}, {"id": 74, "image_id": 0, "segmentation": {"size": [1080, 1920], "counts": "^]ie05`Q14L4N2O2lnNGeP1h0N0000001N1O1O1O1O1O1O100O10010O01O102M4L3M2M2O2N3L3N3L5Iff[X1"}, "iscrowd": 0, "area": 1007.0, "score": 0.9435751438140869, "category_name": "fish", "coord": [680.0, 287.0], "bbox": [661, 263, 33, 42]}, {"id": 75, "image_id": 0, "segmentation": {"size": [1080, 1920], "counts": "cfhj08_Q14L3M3N1O2M2O1O2N1O1O100O10O01O100O010O0100O010O1O1O1N3N2M2O5HPa^S1"}, "iscrowd": 0, "area": 805.0, "score": 0.9283292889595032, "category_name": "fish", "coord": [832.0, 319.0], "bbox": [812, 303, 31, 36]}, {"id": 76, "image_id": 0, "segmentation": {"size": [1080, 1920], "counts": "\\abl06bQ12N001N2O1O1O1O001O1O1O1O001O1O001O0010O000001O000000001O000000001O0000000000000001O00001O1O1O1N101O1N2N2Ln_mP1"}, "iscrowd": 0, "area": 1028.0, "score": 0.9191952347755432, "category_name": "fish", "coord": [895.0, 147.0], "bbox": [867, 131, 53, 24]}, {"id": 77, "image_id": 0, "segmentation": {"size": [1080, 1920], "counts": "kUeT12oP10doN4YP1MeoN6ZP1KboN8^P1I]oN:cP1HYoN;fP1<M3M3N2M31O1O3M2N2N0001O1O1O1N101O1O001O001N10001O00000O2O00000O1001O001O?A2N2M3N2M3M4K7IlPnh0"}, "iscrowd": 0, "area": 1700.0, "score": 0.8850957155227661, "category_name": "fish", "coord": [1143.0, 363.0], "bbox": [1112, 342, 50, 50]}, {"id": 79, "image_id": 0, "segmentation": {"size": [1080, 1920], "counts": "mnZ_11_Q1;M3M2N1O2M201O1O0000000O0100O1O001O2M4LVlW?"}, "iscrowd": 0, "area": 416.0, "score": 0.8889455795288086, "category_name": "fish", "coord": [1450.0, 455.0], "bbox": [1436, 436, 20, 30]}, {"id": 80, "image_id": 0, "segmentation": {"size": [1080, 1920], "counts": "bjc^17`Q11O1O2N1O10000O101O0O10001N101N2O0O2O0O2O000O2O000O101N10001O0000010O00001O01O010O0001O01O00001O00001O001O000O2O00001O001N101N2O0O2N2N4Jf\\\\>"}, "iscrowd": 0, "area": 1646.0, "score": 0.9112254977226257, "category_name": "fish", "coord": [1460.0, 513.0], "bbox": [1414, 500, 68, 34]}, {"id": 81, "image_id": 0, "segmentation": {"size": [1080, 1920], "counts": "SnP^14cQ13N2N9G1O000000000001N100O2N100O100000000000000001N100O2O000O2O0O10000O100O1000000O01000O1000000O10O10O10000O01000000O010000000O10000O10001N100O100O2O000O2N1O2O0O1O2N5JY]^>"}, "iscrowd": 0, "area": 1555.0, "score": 0.92356276512146, "category_name": "fish", "coord": [1448.0, 613.0], "bbox": [1396, 600, 84, 28]}, {"id": 82, "image_id": 0, "segmentation": {"size": [1080, 1920], "counts": "oiYZ12dQ14M2N2N2O1N101N101N1O101N100O101O0O10001O000O10000000001O0O10000000000001O0O10001O0O2O1N2N2O1N3L4Lf^Zc0"}, "iscrowd": 0, "area": 1054.0, "score": 0.9086907505989075, "category_name": "fish", "coord": [1309.0, 655.0], "bbox": [1283, 649, 49, 27]}, {"id": 83, "image_id": 0, "segmentation": {"size": [1080, 1920], "counts": "i^kX15aQ13M3M3N2N2N100O2O0O101N10000O10001O000O1000001O0000O100000001O000O2O001O1N2O1N2O1N3L6JYTod0"}, "iscrowd": 0, "area": 952.0, "score": 0.8850926160812378, "category_name": "fish", "coord": [1261.0, 720.0], "bbox": [1239, 707, 43, 27]}, {"id": 84, "image_id": 0, "segmentation": {"size": [1080, 1920], "counts": "n`eZ13cQ14L4M2O1N1O2N100O2O0O100O100O2O000O100000000O100000000000000001O0O10001O0O2O001N2O1N2O1N2N2N3MUkPc0"}, "iscrowd": 0, "area": 964.0, "score": 0.8989595174789429, "category_name": "fish", "coord": [1307.0, 780.0], "bbox": [1294, 768, 47, 25]}, {"id": 85, "image_id": 0, "segmentation": {"size": [1080, 1920], "counts": "ZjR_16`Q16J5L3M3M2N2N3M2N10000O100001N2K\\Xd?"}, "iscrowd": 0, "area": 452.0, "score": 0.880362331867218, "category_name": "fish", "coord": [1439.0, 754.0], "bbox": [1428, 734, 16, 33]}, {"id": 86, "image_id": 0, "segmentation": {"size": [1080, 1920], "counts": "mmm`14bQ14L5L3M2N2O0O10001N10000O1000000O101O000O10000O10001O000O1000001O000000000000000000O10000O101N10001N2N2O1N2N2N3M3L5Jnj\\<"}, "iscrowd": 0, "area": 1433.0, "score": 0.8874593377113342, "category_name": "fish", "coord": [1508.0, 794.0], "bbox": [1484, 783, 58, 30]}, {"id": 87, "image_id": 0, "segmentation": {"size": [1080, 1920], "counts": "k^d`15bQ12N2N2N2O0O101N100O2O0O100O1000000000000000000001O000000000000001O00000O10000O2O000O101N1N3MSoR="}, "iscrowd": 0, "area": 773.0, "score": 0.9085261225700378, "category_name": "fish", "coord": [1500.0, 825.0], "bbox": [1475, 810, 46, 19]}, {"id": 89, "image_id": 0, "segmentation": {"size": [1080, 1920], "counts": "bXfg15_Q16M2O0O1O101N100O1O1O100O1O100O100O100O101O0O100O1000000O10O10O100O01000O0100O1O100O101N100O101N100O100O102M3M5IUdf5"}, "iscrowd": 0, "area": 1271.0, "score": 0.9104294776916504, "category_name": "fish", "coord": [1721.0, 917.0], "bbox": [1689, 900, 56, 31]}, {"id": 92, "image_id": 0, "segmentation": {"size": [1080, 1920], "counts": "lc_g14cQ13N1N2O1O2N9G2OO0O1O2O1N101O1N2O000O10000O100000O2O0O1O100O2N100O100O100O10O010000O100O10000O01000O10000O0100000000O01000O100O1000O01000000O2O000O100O2O0O2N1O2N1O2N2M\\iP5"}, "iscrowd": 0, "area": 1588.0, "score": 0.9322754740715027, "category_name": "fish", "coord": [1735.0, 596.0], "bbox": [1683, 584, 83, 33]}, {"id": 93, "image_id": 0, "segmentation": {"size": [1080, 1920], "counts": "eUXg15`Q14N101N1O2O000O10000O1000001N10001O1N2O1O0O2O1O1O1N10001O00001O01O0010O01O001O1O001O010O00001O000000001O00000O2O0O101N1N3M3N2M4IdXl5"}, "iscrowd": 0, "area": 1406.0, "score": 0.8960551619529724, "category_name": "fish", "coord": [1720.0, 543.0], "bbox": [1676, 521, 64, 32]}, {"id": 94, "image_id": 0, "segmentation": {"size": [1080, 1920], "counts": "lWgc14WQ1NQoN7lP1NmnN5SQ180O100O2N100O1O10O01O1O100O0100O1O101N1O100O101N100O100O2O0O10000O100000000O1000000000O10000000000O1000000O100O10000O10001N10001O0O2O0O2O0O2N2N102M4KU`o8"}, "iscrowd": 0, "area": 1462.0, "score": 0.9186176061630249, "category_name": "fish", "coord": [1622.0, 437.0], "bbox": [1569, 426, 77, 31]}, {"id": 95, "image_id": 0, "segmentation": {"size": [1080, 1920], "counts": "jhQj12dQ13M2N2O1O1O10O10O10O10O0100O10O010O10O010001N101N100O2O0O100O2O0O10000O100O100000000O101O00000000O10000000000O2O00000O100O101N10001O0O101O0O2O1N2O1N2N2MmPf2"}, "iscrowd": 0, "area": 1265.0, "score": 0.932788610458374, "category_name": "fish", "coord": [1804.0, 473.0], "bbox": [1761, 459, 76, 25]}, {"id": 96, "image_id": 0, "segmentation": {"size": [1080, 1920], "counts": "VRSl14bQ12O1O1O1O1O10O0100O0100O010O1000O010O10001N100O100O2O0O100O2O0O1000001N1000000O1000000000000000O100000000000000000000000000O10001O0O101O0O2O0O2O1N2N2N2M`gd0"}, "iscrowd": 0, "area": 1269.0, "score": 0.8849610090255737, "category_name": "fish", "coord": [1874.0, 371.0], "bbox": [1823, 362, 76, 23]}, {"id": 97, "image_id": 0, "segmentation": {"size": [1080, 1920], "counts": "ZRjj12eQ16^nNKWQ1<N100001O0O101O0O2O0000000000000000O10001N101O0O2O000O2O00000O2O00000O1000000O1000001O000000000000O100000000O10001O0O10000O10001O0O2O0O2O1N2O1N3L]jo1"}, "iscrowd": 0, "area": 1296.0, "score": 0.9288186430931091, "category_name": "fish", "coord": [1826.0, 528.0], "bbox": [1784, 516, 74, 23]}, {"id": 98, "image_id": 0, "segmentation": {"size": [1080, 1920], "counts": "adYl18_Q13M3M2O001O010O00100O001O001O00001O0O1O2M200O101O0000000000000001O0000000000000000000001O000000000000000000000001O1O001N2O1O1O2M2O1M3N3M`bf0"}, "iscrowd": 0, "area": 1604.0, "score": 0.9096300005912781, "category_name": "fish", "coord": [1871.0, 641.0], "bbox": [1829, 627, 68, 28]}]}