{"images": [{"id": 0, "file_name": "images/1482.jpg", "width": 1920, "height": 1080}], "annotations": [{"id": 2, "image_id": 0, "segmentation": {"size": [1080, 1920], "counts": "d]Z=4cQ13M2O1N101O1O1O010O001O0000000001O0000001O1N2O2M3MgTSa1"}, "iscrowd": 0, "area": 313.0, "score": 0.8810262084007263, "category_name": "fish", "coord": [418.0, 343.0], "bbox": [404, 337, 25, 15]}, {"id": 3, "image_id": 0, "segmentation": {"size": [1080, 1920], "counts": "UQg`06`Q15L1O2N101N100O100O100O2O0000O1000001N10000O2O1N1O2N3M3LV\\c]1"}, "iscrowd": 0, "area": 462.0, "score": 0.9194812774658203, "category_name": "fish", "coord": [521.0, 319.0], "bbox": [507, 308, 28, 20]}, {"id": 5, "image_id": 0, "segmentation": {"size": [1080, 1920], "counts": "lY`g05aQ13N3M2N2N101N10001O0O10000000000O01000000O101N100O0O2O1N2O1O010O2O0O2N3LdeaV1"}, "iscrowd": 0, "area": 555.0, "score": 0.8823004961013794, "category_name": "fish", "coord": [728.0, 324.0], "bbox": [713, 314, 36, 21]}, {"id": 6, "image_id": 0, "segmentation": {"size": [1080, 1920], "counts": "kPoj0;ZQ14M2N2M3O10O00100O1N2O1N3M3LZUjS1"}, "iscrowd": 0, "area": 269.0, "score": 0.8916826844215393, "category_name": "fish", "coord": [824.0, 300.0], "bbox": [818, 287, 14, 23]}, {"id": 8, "image_id": 0, "segmentation": {"size": [1080, 1920], "counts": "eimS15aQ16J4M2N101N1O1O2O0O10O01000000O1000O100O10000O100O100O1O2O0O1O2N2N2N1O2MlUTj0"}, "iscrowd": 0, "area": 709.0, "score": 0.9170982837677002, "category_name": "fish", "coord": [1105.0, 196.0], "bbox": [1090, 185, 36, 25]}, {"id": 9, "image_id": 0, "segmentation": {"size": [1080, 1920], "counts": "nR`V11cQ19J2N2N2N1O2O1N10001N10001O000000000001N1000001N101N101N1O2M3M4L_Sfg0"}, "iscrowd": 0, "area": 608.0, "score": 0.9384874105453491, "category_name": "fish", "coord": [1184.0, 224.0], "bbox": [1168, 211, 32, 23]}, {"id": 11, "image_id": 0, "segmentation": {"size": [1080, 1920], "counts": "d^Vk03cQ16K3M2N2N100O1O100O1O10000O010000O100O100O2N1O2N1N3N]RVS1"}, "iscrowd": 0, "area": 450.0, "score": 0.9053887128829956, "category_name": "fish", "coord": [837.0, 348.0], "bbox": [825, 337, 26, 21]}, {"id": 12, "image_id": 0, "segmentation": {"size": [1080, 1920], "counts": "_bdg0;[Q13M2N2O2N1O1O1N101O1O1O00100O010O0010O10O010O01O1O001N101O001N2O001N2O1M3N3LUZ[V1"}, "iscrowd": 0, "area": 886.0, "score": 0.9465877413749695, "category_name": "fish", "coord": [735.0, 369.0], "bbox": [717, 349, 38, 38]}, {"id": 13, "image_id": 0, "segmentation": {"size": [1080, 1920], "counts": "_Z_g06aQ12N2M3O1N2N2O001N101O000000001O0001O0O2O1N2O1N2N2N1N3MbTlV1"}, "iscrowd": 0, "area": 455.0, "score": 0.893971860408783, "category_name": "fish", "coord": [725.0, 404.0], "bbox": [712, 392, 27, 21]}, {"id": 14, "image_id": 0, "segmentation": {"size": [1080, 1920], "counts": "\\kPl06`Q13N2N100O2O0O100O1000000O100000O100000001N10001N2N2N2LjcZR1"}, "iscrowd": 0, "area": 379.0, "score": 0.8927243947982788, "category_name": "fish", "coord": [863.0, 383.0], "bbox": [850, 372, 27, 16]}, {"id": 18, "image_id": 0, "segmentation": {"size": [1080, 1920], "counts": "U\\Sn08_Q12N1O2N1O1O10000O1000O01001O0O100O2O0O2N1O3Lh[]P1"}, "iscrowd": 0, "area": 312.0, "score": 0.908318281173706, "category_name": "fish", "coord": [926.0, 463.0], "bbox": [913, 453, 22, 17]}, {"id": 19, "image_id": 0, "segmentation": {"size": [1080, 1920], "counts": "bUUi05aQ14L3O1N10001N10000O2O00000000O2O0O2N1O4Kje]U1"}, "iscrowd": 0, "area": 300.0, "score": 0.903160810470581, "category_name": "fish", "coord": [773.0, 461.0], "bbox": [763, 451, 20, 17]}, {"id": 20, "image_id": 0, "segmentation": {"size": [1080, 1920], "counts": "[n]h06`Q14M2N2N1000001O000O100001N10001N2O1M5KfnUV1"}, "iscrowd": 0, "area": 269.0, "score": 0.8999646306037903, "category_name": "fish", "coord": [753.0, 438.0], "bbox": [741, 429, 19, 16]}, {"id": 23, "image_id": 0, "segmentation": {"size": [1080, 1920], "counts": "RYm29^Q12N2N2N2N2N2N1O100O100O100001O0O10000O2N100O2N1O1O2N1O1O2N1O1O4LYmXk1"}, "iscrowd": 0, "area": 581.0, "score": 0.9292359948158264, "category_name": "fish", "coord": [102.0, 486.0], "bbox": [88, 472, 32, 24]}, {"id": 24, "image_id": 0, "segmentation": {"size": [1080, 1920], "counts": "adZ79^Q12O1N2O1N1O2O00000O101O0000000001O001O0O2O1O1N2N4KmmRg1"}, "iscrowd": 0, "area": 422.0, "score": 0.923705518245697, "category_name": "fish", "coord": [237.0, 518.0], "bbox": [222, 508, 25, 19]}, {"id": 25, "image_id": 0, "segmentation": {"size": [1080, 1920], "counts": "g[\\;4^Q19L3M1O2N1O2N1O1O2O0O10000000O1000000O100O100O2O0O101N100O100O2O0O001O0O2O001O1O100O2MiW^b1"}, "iscrowd": 0, "area": 841.0, "score": 0.9309192299842834, "category_name": "fish", "coord": [362.0, 508.0], "bbox": [345, 496, 43, 26]}, {"id": 26, "image_id": 0, "segmentation": {"size": [1080, 1920], "counts": "hcZ:5aQ17J2N2O0O2O00010O000001O1O2N2M4L\\^\\d1"}, "iscrowd": 0, "area": 254.0, "score": 0.882034182548523, "category_name": "fish", "coord": [323.0, 520.0], "bbox": [313, 507, 16, 18]}, {"id": 27, "image_id": 0, "segmentation": {"size": [1080, 1920], "counts": "Wnc2;ZQ14M3N2M2O2N1O100O1O100O2O0O10000000O1000001O001O1O1N101O1O1N2O001N2O0O2O000O1O101N2M3MldVk1"}, "iscrowd": 0, "area": 990.0, "score": 0.9329017996788025, "category_name": "fish", "coord": [95.0, 642.0], "bbox": [79, 624, 43, 30]}, {"id": 30, "image_id": 0, "segmentation": {"size": [1080, 1920], "counts": "[lV33cQ14M2N2O000000000000000001N2N`Ybk1"}, "iscrowd": 0, "area": 145.0, "score": 0.8967697620391846, "category_name": "fish", "coord": [103.0, 594.0], "bbox": [97, 591, 14, 10]}, {"id": 35, "image_id": 0, "segmentation": {"size": [1080, 1920], "counts": "Qb08`Q1000O2N101N2O0000000000000000000000O10001O0O100O2N2Nhn[n1"}, "iscrowd": 0, "area": 322.0, "score": 0.9132235050201416, "category_name": "fish", "coord": [15.0, 579.0], "bbox": [0, 574, 26, 13]}, {"id": 48, "image_id": 0, "segmentation": {"size": [1080, 1920], "counts": "`XQ73cQ15L3M2O0O2O001N101O01O0001O00000001O001O001O1O2M4KnY\\g1"}, "iscrowd": 0, "area": 383.0, "score": 0.9146693348884583, "category_name": "fish", "coord": [226.0, 636.0], "bbox": [213, 626, 25, 18]}, {"id": 52, "image_id": 0, "segmentation": {"size": [1080, 1920], "counts": "hda92`Q18M2N2N2N101N100O101N1O100O100O10000O1000000000O10000O100000000O1000001O000O2O0000001O000O2O001N101N3N1M4KQ]nc1"}, "iscrowd": 0, "area": 1076.0, "score": 0.8856588006019592, "category_name": "fish", "coord": [331.0, 859.0], "bbox": [289, 847, 53, 25]}, {"id": 69, "image_id": 0, "segmentation": {"size": [1080, 1920], "counts": "aWe`02dQ14M3M1O2N1O1O100O100000O1000000O101O000O2O0O2O1O2M3LZYg]1"}, "iscrowd": 0, "area": 314.0, "score": 0.886317253112793, "category_name": "fish", "coord": [520.0, 631.0], "bbox": [505, 624, 26, 15]}, {"id": 70, "image_id": 0, "segmentation": {"size": [1080, 1920], "counts": "SdVc05bQ14M2M3N2N2N3M3M001O01O00001O2N1O2N2N2N4LhV\\[1"}, "iscrowd": 0, "area": 386.0, "score": 0.8828445076942444, "category_name": "fish", "coord": [593.0, 830.0], "bbox": [582, 817, 20, 24]}, {"id": 71, "image_id": 0, "segmentation": {"size": [1080, 1920], "counts": "mgWf04aQ18J8H4L2N2N100O2O0O10000O100000001O000001N2O001O1O1O1N2O001N101N1O2N2N2N2N5JgShW1"}, "iscrowd": 0, "area": 1008.0, "score": 0.884774923324585, "category_name": "fish", "coord": [696.0, 924.0], "bbox": [674, 898, 38, 33]}, {"id": 73, "image_id": 0, "segmentation": {"size": [1080, 1920], "counts": "_Z_e04aQ15M2O1N2O001O1O001O001O001O001O010O001O10O10O0100O1O100O1O001O1O1O1O0O2O2LhbaX1"}, "iscrowd": 0, "area": 624.0, "score": 0.9014829993247986, "category_name": "fish", "coord": [665.0, 749.0], "bbox": [651, 738, 37, 25]}, {"id": 74, "image_id": 0, "segmentation": {"size": [1080, 1920], "counts": "jYmg0;YQ16L3M3M2O2M200O10000O100000O1O1O1O1O1N2O1N3L3M5IoZaV1"}, "iscrowd": 0, "area": 610.0, "score": 0.9469760656356812, "category_name": "fish", "coord": [737.0, 673.0], "bbox": [725, 659, 24, 30]}, {"id": 75, "image_id": 0, "segmentation": {"size": [1080, 1920], "counts": "_ad?5aQ15L2N2O001O0O2O0000000000O100O101N1O2N1O3LTXm^1"}, "iscrowd": 0, "area": 298.0, "score": 0.8905734419822693, "category_name": "fish", "coord": [487.0, 642.0], "bbox": [474, 634, 21, 16]}, {"id": 78, "image_id": 0, "segmentation": {"size": [1080, 1920], "counts": "nWab02aQ16N2O0O101O000O10001O00000000000O2O00000000000000O2O0O2N2MjSh[1"}, "iscrowd": 0, "area": 390.0, "score": 0.9224066138267517, "category_name": "fish", "coord": [576.0, 525.0], "bbox": [562, 517, 29, 15]}, {"id": 81, "image_id": 0, "segmentation": {"size": [1080, 1920], "counts": "SeYc09]Q13L4M3M2O1O1N2O001N1000O1N2O100O100O2O1N2N3L4JiQV[1"}, "iscrowd": 0, "area": 485.0, "score": 0.8951824903488159, "category_name": "fish", "coord": [597.0, 683.0], "bbox": [585, 658, 23, 36]}, {"id": 87, "image_id": 0, "segmentation": {"size": [1080, 1920], "counts": "Q\\^a07_Q13O1N2O0O100000000001O0O2Mck[]1"}, "iscrowd": 0, "area": 172.0, "score": 0.8839974403381348, "category_name": "fish", "coord": [538.0, 457.0], "bbox": [529, 453, 13, 13]}, {"id": 88, "image_id": 0, "segmentation": {"size": [1080, 1920], "counts": "QWnj05_Q16M2M3O0O1000000O100000O2N2N4GYmiS1"}, "iscrowd": 0, "area": 232.0, "score": 0.901236891746521, "category_name": "fish", "coord": [825.0, 555.0], "bbox": [817, 544, 15, 17]}, {"id": 93, "image_id": 0, "segmentation": {"size": [1080, 1920], "counts": "\\hjS19^Q12M3N2N1O2O0O101N10000O1000O10O01O10O01O2O0O1O1O2M2N3L4N2M\\c^j0"}, "iscrowd": 0, "area": 515.0, "score": 0.8852925896644592, "category_name": "fish", "coord": [1101.0, 328.0], "bbox": [1087, 313, 29, 24]}, {"id": 94, "image_id": 0, "segmentation": {"size": [1080, 1920], "counts": "WjRU16aQ13M2N1N3N100O1O100O2OO01000O100O10O10O1O100O1O100O1O2O0O100O2N1N\\\\Si0"}, "iscrowd": 0, "area": 493.0, "score": 0.9161026477813721, "category_name": "fish", "coord": [1141.0, 301.0], "bbox": [1125, 292, 32, 21]}, {"id": 95, "image_id": 0, "segmentation": {"size": [1080, 1920], "counts": "TVfT15`Q16L2M3N1O2N101N1O100O2O0O1O10000O1000O1000O10O10000O10000O2O000O100O101N100O1O2O0O101N1O2N2N3LVVPi0"}, "iscrowd": 0, "area": 1012.0, "score": 0.8836731314659119, "category_name": "fish", "coord": [1133.0, 326.0], "bbox": [1113, 316, 47, 28]}, {"id": 102, "image_id": 0, "segmentation": {"size": [1080, 1920], "counts": "XhVV17_Q14M2M2O2N1O1O100O10O010O10O0100O1O2N100O1O1O2N2M3MbjVh0"}, "iscrowd": 0, "area": 417.0, "score": 0.8971848487854004, "category_name": "fish", "coord": [1175.0, 379.0], "bbox": [1159, 372, 25, 22]}, {"id": 103, "image_id": 0, "segmentation": {"size": [1080, 1920], "counts": "\\XRQ17_Q14L3N2O0O1O2O0O1O100O2N100O10O0100O1000O010O10000O100O101O0O101N101N1O1O2O0O1O2N3L^^jl0"}, "iscrowd": 0, "area": 828.0, "score": 0.8923304080963135, "category_name": "fish", "coord": [1022.0, 417.0], "bbox": [1003, 405, 41, 27]}, {"id": 104, "image_id": 0, "segmentation": {"size": [1080, 1920], "counts": "kWXR15aQ13M3N2N1O2N100O10000O1000000000O10000O01000O2O0O100O2N101M4LURPl0"}, "iscrowd": 0, "area": 472.0, "score": 0.9282323718070984, "category_name": "fish", "coord": [1053.0, 433.0], "bbox": [1039, 424, 30, 19]}, {"id": 105, "image_id": 0, "segmentation": {"size": [1080, 1920], "counts": "dXXR13cQ13M4N1N1O2O0O2O0O100O1000000000O2N1O1O2N1O3L[_Xl0"}, "iscrowd": 0, "area": 312.0, "score": 0.9107288122177124, "category_name": "fish", "coord": [1053.0, 456.0], "bbox": [1039, 451, 22, 17]}, {"id": 106, "image_id": 0, "segmentation": {"size": [1080, 1920], "counts": "fldU1:\\Q13N2N2N101N10000O10000000O10000O10000O100O100O100O1O1N2O2N1O3L`[bh0"}, "iscrowd": 0, "area": 528.0, "score": 0.9234020709991455, "category_name": "fish", "coord": [1157.0, 458.0], "bbox": [1142, 447, 31, 20]}, {"id": 107, "image_id": 0, "segmentation": {"size": [1080, 1920], "counts": "eo_T17_Q14M2N1O2O0O101O0000000O1000O2O00001N100O2O0O2O1N2Mnbmi0"}, "iscrowd": 0, "area": 386.0, "score": 0.9256860017776489, "category_name": "fish", "coord": [1119.0, 463.0], "bbox": [1107, 454, 25, 18]}, {"id": 108, "image_id": 0, "segmentation": {"size": [1080, 1920], "counts": "VkdX14bQ16K2O1N101O000O2O00000000001O000001N100000001O001N2O001N2NZ`de0"}, "iscrowd": 0, "area": 437.0, "score": 0.9194587469100952, "category_name": "fish", "coord": [1245.0, 433.0], "bbox": [1233, 425, 29, 17]}, {"id": 109, "image_id": 0, "segmentation": {"size": [1080, 1920], "counts": "hUiR18^Q13N2N1O1O2O0O10O010000O01000000O1000000O10001N101N2N2M_Ybk0"}, "iscrowd": 0, "area": 429.0, "score": 0.9400003552436829, "category_name": "fish", "coord": [1070.0, 497.0], "bbox": [1055, 487, 27, 19]}, {"id": 110, "image_id": 0, "segmentation": {"size": [1080, 1920], "counts": "o`oR12cQ15N0O2O0O2O00000O10001O000000000001N10001O0O2O1N3MbQ^k0"}, "iscrowd": 0, "area": 262.0, "score": 0.9060300588607788, "category_name": "fish", "coord": [1076.0, 519.0], "bbox": [1061, 513, 25, 12]}, {"id": 111, "image_id": 0, "segmentation": {"size": [1080, 1920], "counts": "i]UZ11aQ17M3M2O1N2O1O1O100O1O10O010O100O100O1O100O101N1O101N2N1N5JWnSd0"}, "iscrowd": 0, "area": 448.0, "score": 0.9060252904891968, "category_name": "fish", "coord": [1293.0, 489.0], "bbox": [1279, 478, 29, 21]}, {"id": 113, "image_id": 0, "segmentation": {"size": [1080, 1920], "counts": "[hfV16`Q14M2N101N100O100000000000000001O0O2O0O2N2M5K^oig0"}, "iscrowd": 0, "area": 302.0, "score": 0.8905263543128967, "category_name": "fish", "coord": [1184.0, 577.0], "bbox": [1174, 565, 22, 15]}, {"id": 114, "image_id": 0, "segmentation": {"size": [1080, 1920], "counts": "ah`X15aQ12O2O0O101O000000001O0000000001O000000001O0O100000002M4Kfdie0"}, "iscrowd": 0, "area": 284.0, "score": 0.8979142308235168, "category_name": "fish", "coord": [1242.0, 570.0], "bbox": [1229, 565, 28, 11]}, {"id": 116, "image_id": 0, "segmentation": {"size": [1080, 1920], "counts": "kbbS15aQ15L2M3N2N2M3O0O2N100O2O0O10000O100O101O00000000000000000001O0O101O0000001O0O2O001N2N2N2O0O2O001N10000O2O0O1O2N4J`Yji0"}, "iscrowd": 0, "area": 1294.0, "score": 0.9033441543579102, "category_name": "fish", "coord": [1105.0, 597.0], "bbox": [1079, 580, 56, 30]}, {"id": 117, "image_id": 0, "segmentation": {"size": [1080, 1920], "counts": "cUgU13cQ15L1O1O2O0O100O10O1000O100000O100O10O10O100O10000O010O100O2N_Tah0"}, "iscrowd": 0, "area": 352.0, "score": 0.9022447466850281, "category_name": "fish", "coord": [1158.0, 623.0], "bbox": [1144, 617, 30, 16]}, {"id": 118, "image_id": 0, "segmentation": {"size": [1080, 1920], "counts": "VXoV1;\\Q12N2O0O2O00001O01O000O2O000000001O001O001O0O2O1N2NVZ^g0"}, "iscrowd": 0, "area": 367.0, "score": 0.8978028297424316, "category_name": "fish", "coord": [1199.0, 637.0], "bbox": [1182, 627, 25, 17]}, {"id": 120, "image_id": 0, "segmentation": {"size": [1080, 1920], "counts": "iSSX15bQ13M1O2N100O100O100O10O1000000O10000O100O2O0O101N3Mk^Zf0"}, "iscrowd": 0, "area": 295.0, "score": 0.9018864035606384, "category_name": "fish", "coord": [1229.0, 632.0], "bbox": [1216, 626, 25, 14]}, {"id": 121, "image_id": 0, "segmentation": {"size": [1080, 1920], "counts": "RYjX14`Q17K4M2O1N100O2O000O100000O1000O0100O2O0O2N1O2N2N^[de0"}, "iscrowd": 0, "area": 449.0, "score": 0.9114401936531067, "category_name": "fish", "coord": [1247.0, 589.0], "bbox": [1238, 583, 24, 22]}, {"id": 122, "image_id": 0, "segmentation": {"size": [1080, 1920], "counts": "SYjX13aQ18J4M2O1N100O1000000O10000000O100O100O1O2N1O2N2M^[de0"}, "iscrowd": 0, "area": 429.0, "score": 0.8953545093536377, "category_name": "fish", "coord": [1253.0, 600.0], "bbox": [1238, 585, 24, 20]}, {"id": 125, "image_id": 0, "segmentation": {"size": [1080, 1920], "counts": "]oe[14bQ14M2N101O0O2O0000001O0000000010O00100O001O010O00001O00100O001O1O00010O00001O1N2NchWb0"}, "iscrowd": 0, "area": 484.0, "score": 0.8919643759727478, "category_name": "fish", "coord": [1352.0, 539.0], "bbox": [1325, 528, 40, 19]}, {"id": 126, "image_id": 0, "segmentation": {"size": [1080, 1920], "counts": "ieX]12cQ14N2N2O1O000O2O001O00001O00001O00001O00001O0000010O00010O000100O001O01O01O00001O010N101O1O1N2O1M4L`b[`0"}, "iscrowd": 0, "area": 712.0, "score": 0.8919323086738586, "category_name": "fish", "coord": [1395.0, 612.0], "bbox": [1373, 603, 49, 22]}, {"id": 130, "image_id": 0, "segmentation": {"size": [1080, 1920], "counts": "hX__17_Q13N1O2N100O101N100O10001O00000000000001O0000000000000O1000000O100O100O010O1O100O2N2NW\\\\>"}, "iscrowd": 0, "area": 677.0, "score": 0.8857871294021606, "category_name": "fish", "coord": [1463.0, 539.0], "bbox": [1440, 528, 42, 18]}, {"id": 131, "image_id": 0, "segmentation": {"size": [1080, 1920], "counts": "]Qnb11eQ14N2M1O2O0O2N1O1O2N1O100O100O1O2O0N2O1N10100O01O1N2M3M4J6LhZ[;"}, "iscrowd": 0, "area": 516.0, "score": 0.8880982398986816, "category_name": "fish", "coord": [1555.0, 565.0], "bbox": [1545, 545, 29, 28]}, {"id": 132, "image_id": 0, "segmentation": {"size": [1080, 1920], "counts": "l^[a11eQ14N1N2O0O101O00O0100000000000O1000001N100O2NPYU="}, "iscrowd": 0, "area": 186.0, "score": 0.881167471408844, "category_name": "fish", "coord": [1509.0, 611.0], "bbox": [1497, 607, 22, 10]}, {"id": 159, "image_id": 0, "segmentation": {"size": [1080, 1920], "counts": "jSPl04bQ13N2N2N1O101O0O10001O000O1000000000000O10000000000000001O0000000001O001N3MliPR1"}, "iscrowd": 0, "area": 604.0, "score": 0.9122750759124756, "category_name": "fish", "coord": [865.0, 706.0], "bbox": [849, 697, 37, 18]}, {"id": 174, "image_id": 0, "segmentation": {"size": [1080, 1920], "counts": "ga]V1:XQ19I6J4N2N2N2N2N1O001O010O0100O010O100O1O1O1O1N2N2N2O1M3M3O2N2M4M3N3Labfg0"}, "iscrowd": 0, "area": 1028.0, "score": 0.9083479046821594, "category_name": "fish", "coord": [1179.0, 855.0], "bbox": [1165, 813, 34, 64]}, {"id": 175, "image_id": 0, "segmentation": {"size": [1080, 1920], "counts": "nihZ12aQ17M2M3N2N2N1O2O0O2O1N100O2O0O2O000O101O0000001O0000000010O0000010O00001O010O00001O001O1O001O0010O01O001O10O01O010O010O10O010O01O001O001N10001N2N3L5JcRQb0"}, "iscrowd": 0, "area": 1897.0, "score": 0.9079304337501526, "category_name": "fish", "coord": [1328.0, 898.0], "bbox": [1297, 885, 74, 40]}, {"id": 178, "image_id": 0, "segmentation": {"size": [1080, 1920], "counts": "]egT14aQ14O1N2N101N100O2O0O100O2O001N100000001O00000001O000000000O101O001N10001N101N101O0O2O0O2O2M2N[hoh0"}, "iscrowd": 0, "area": 751.0, "score": 0.8958833813667297, "category_name": "fish", "coord": [1135.0, 765.0], "bbox": [1114, 755, 46, 21]}, {"id": 186, "image_id": 0, "segmentation": {"size": [1080, 1920], "counts": "]mf_14bQ14M4L2O1N2O1O1O1O0010O01O0010O01O010O00010O010O01O010O1O100O2O0O1O1O1O1O1N2O1N2K_jV>"}, "iscrowd": 0, "area": 719.0, "score": 0.9196500182151794, "category_name": "fish", "coord": [1463.0, 811.0], "bbox": [1447, 800, 40, 29]}, {"id": 201, "image_id": 0, "segmentation": {"size": [1080, 1920], "counts": "Q_gi13cQ14M2O001N10001O000000001O0000000001O000000001O001O1N2Nooc4"}, "iscrowd": 0, "area": 304.0, "score": 0.9085828065872192, "category_name": "fish", "coord": [1765.0, 733.0], "bbox": [1751, 725, 27, 12]}, {"id": 203, "image_id": 0, "segmentation": {"size": [1080, 1920], "counts": "c`Vl16aQ13N1N10001O0000001O00000001O000001O01O00001O00001O1N2NZnT2"}, "iscrowd": 0, "area": 315.0, "score": 0.9087966680526733, "category_name": "fish", "coord": [1836.0, 679.0], "bbox": [1826, 673, 27, 13]}, {"id": 208, "image_id": 0, "segmentation": {"size": [1080, 1920], "counts": "k\\an16`Q14L3N2N1O1O2N100O101O0O10000O10000O2O0000000Z[O"}, "iscrowd": 0, "area": 472.0, "score": 0.9444202780723572, "category_name": "fish", "coord": [1909.0, 678.0], "bbox": [1897, 662, 22, 25]}, {"id": 209, "image_id": 0, "segmentation": {"size": [1080, 1920], "counts": "[[[m11fQ12N2O0O2O001N10001O0000000O2O000000000000001O0001O000000000000001O00001O001N102Ln\\b0"}, "iscrowd": 0, "area": 408.0, "score": 0.8929476737976074, "category_name": "fish", "coord": [1886.0, 595.0], "bbox": [1861, 590, 40, 12]}, {"id": 216, "image_id": 0, "segmentation": {"size": [1080, 1920], "counts": "adRh13dQ13M2N2O0O101O00000O2O000000000000000000000000O10000O101N1O3L[eU6"}, "iscrowd": 0, "area": 365.0, "score": 0.8941594362258911, "category_name": "fish", "coord": [1715.0, 638.0], "bbox": [1701, 628, 30, 13]}, {"id": 220, "image_id": 0, "segmentation": {"size": [1080, 1920], "counts": "`koc15cQ11N2O0O2O001O000O10000000000000000000O2O0O101N1O2N2NXe\\:"}, "iscrowd": 0, "area": 258.0, "score": 0.8903347253799438, "category_name": "fish", "coord": [1590.0, 636.0], "bbox": [1577, 629, 26, 11]}, {"id": 223, "image_id": 0, "segmentation": {"size": [1080, 1920], "counts": "faRe15aQ13O2N1N2O1O001O01O0001O000001O0O101N2NZ[a9"}, "iscrowd": 0, "area": 253.0, "score": 0.8952310681343079, "category_name": "fish", "coord": [1621.0, 524.0], "bbox": [1610, 515, 19, 15]}, {"id": 224, "image_id": 0, "segmentation": {"size": [1080, 1920], "counts": "QW`h14bQ14L3N1O1O1O2N100O1000O0100000000000000O100000000001N100O1O1O2O1N1O2O0O2M4Lff`5"}, "iscrowd": 0, "area": 559.0, "score": 0.9369781017303467, "category_name": "fish", "coord": [1733.0, 496.0], "bbox": [1714, 485, 37, 19]}, {"id": 225, "image_id": 0, "segmentation": {"size": [1080, 1920], "counts": "]hcg14bQ13O001O0O2O00001O00001O00000000001O000001O00000001O00000001O00000000001O0O2O001N3KRnX6"}, "iscrowd": 0, "area": 454.0, "score": 0.9256154298782349, "category_name": "fish", "coord": [1707.0, 517.0], "bbox": [1687, 514, 41, 13]}, {"id": 226, "image_id": 0, "segmentation": {"size": [1080, 1920], "counts": "^lQg15bQ12N2N1O100O10000O100000000000O10000O101N100O2O0O2NVf[7"}, "iscrowd": 0, "area": 268.0, "score": 0.9001907706260681, "category_name": "fish", "coord": [1686.0, 576.0], "bbox": [1670, 568, 25, 12]}, {"id": 231, "image_id": 0, "segmentation": {"size": [1080, 1920], "counts": "g^Wi14cQ13N1O2N1N2O001O0000000001O000000001O0000010N10001N2O1N4K\\nR5"}, "iscrowd": 0, "area": 321.0, "score": 0.8850957155227661, "category_name": "fish", "coord": [1752.0, 542.0], "bbox": [1736, 533, 28, 14]}, {"id": 232, "image_id": 0, "segmentation": {"size": [1080, 1920], "counts": "RXZj17`Q12O0O2O000000000O10000000000001O0000000O10001N101N6KaXR4"}, "iscrowd": 0, "area": 272.0, "score": 0.8947575688362122, "category_name": "fish", "coord": [1781.0, 527.0], "bbox": [1769, 519, 26, 11]}, {"id": 235, "image_id": 0, "segmentation": {"size": [1080, 1920], "counts": "]Pok12aQ17M1O2N1N2O1O101N1000000O2O0000000000001O0000000000000000O100O1N2M4K5GWQT2"}, "iscrowd": 0, "area": 639.0, "score": 0.9168992638587952, "category_name": "fish", "coord": [1837.0, 541.0], "bbox": [1819, 535, 35, 21]}, {"id": 237, "image_id": 0, "segmentation": {"size": [1080, 1920], "counts": "WQWm14dQ11N101N2O001O001O001O00001O00000000000000O101O00001O001O001O0O2N2MWSn0"}, "iscrowd": 0, "area": 339.0, "score": 0.8845021724700928, "category_name": "fish", "coord": [1875.0, 498.0], "bbox": [1857, 493, 33, 12]}, {"id": 241, "image_id": 0, "segmentation": {"size": [1080, 1920], "counts": "ePdi14aQ15M3L2O2O0O1O100O10000O10000O10O10O1000000000O1000000O101N100O1O2O0O2M3N3KUm\\4"}, "iscrowd": 0, "area": 638.0, "score": 0.9494074583053589, "category_name": "fish", "coord": [1768.0, 438.0], "bbox": [1748, 424, 37, 21]}, {"id": 242, "image_id": 0, "segmentation": {"size": [1080, 1920], "counts": "fXog11eQ15K3O1O0O2O00001O000000001O0000001O0001O01O0000010O0000000001O01O01O001O001O1O0O2N4Lm[l5"}, "iscrowd": 0, "area": 545.0, "score": 0.8923373818397522, "category_name": "fish", "coord": [1725.0, 427.0], "bbox": [1698, 417, 42, 17]}, {"id": 243, "image_id": 0, "segmentation": {"size": [1080, 1920], "counts": "]YWi18\\Q15M3N1O1O1O2N100O1O100O1O1O10000O100000O100O2N100O2N1O1O1O2O0O1O101N1O2N2L4Mgbh4"}, "iscrowd": 0, "area": 779.0, "score": 0.8939658403396606, "category_name": "fish", "coord": [1755.0, 363.0], "bbox": [1736, 348, 38, 27]}, {"id": 244, "image_id": 0, "segmentation": {"size": [1080, 1920], "counts": "XZQh16^Q15L4M3M2O1O2O0O1O100O1O1O10000O01000O010O01000O010000O01000O1O100O1O1O1O1O100O001O1O1O1O1O2O0O2O2Mmnb5"}, "iscrowd": 0, "area": 1127.0, "score": 0.8971092700958252, "category_name": "fish", "coord": [1722.0, 353.0], "bbox": [1700, 336, 49, 33]}, {"id": 248, "image_id": 0, "segmentation": {"size": [1080, 1920], "counts": "T^jc11cQ16M3M1O2N1O2N100O101N100O1000000001O0000000000000O2O000O100O2O0O1O101N1O1O2N2MU\\T:"}, "iscrowd": 0, "area": 629.0, "score": 0.9294841885566711, "category_name": "fish", "coord": [1592.0, 483.0], "bbox": [1572, 471, 39, 20]}, {"id": 250, "image_id": 0, "segmentation": {"size": [1080, 1920], "counts": "]ePa16`Q14L3M2M4M2O1O1O2N100O00100O100O10O10O10O10O10O10000O100O10O10O100O100O1O100O1O1N3M2O1O2M3Lijg<"}, "iscrowd": 0, "area": 1055.0, "score": 0.926236093044281, "category_name": "fish", "coord": [1512.0, 349.0], "bbox": [1487, 335, 45, 32]}, {"id": 256, "image_id": 0, "segmentation": {"size": [1080, 1920], "counts": "lYT`18]Q14M2O2N1O1O101O0O01000O100000000000O2O00001N101N2N2N3LZUW>"}, "iscrowd": 0, "area": 487.0, "score": 0.9016584157943726, "category_name": "fish", "coord": [1476.0, 479.0], "bbox": [1460, 465, 27, 21]}]}