{"images": [{"id": 0, "file_name": "images/1981.jpg", "width": 1920, "height": 1080}], "annotations": [{"id": 0, "image_id": 0, "segmentation": {"size": [1080, 1920], "counts": "hUak02eQ12O1N2O2M2O2N2M3N3M2M4M3L2O3M3L3N2M3N2M3N2M3N1N3N1O1N3N1O1O2O03M2N10O01O01O010O1O2N3M3N1N2N2O1N1O101N1O000000O1O1O1O1O1O2N1mNgPOE[o05kPOHWo05nPOHTo03QQOJQo03SQOKnn00WQONmn0JYQO5in0F[QO8TP1O1O1N2O1N3MYbWQ1"}, "iscrowd": 0, "area": 3822.0, "score": 0.9103947877883911, "category_name": "fish", "coord": [886.0, 571.0], "bbox": [835, 516, 75, 117]}]}