{"images": [{"id": 0, "file_name": "images/2452.jpg", "width": 1920, "height": 1080}], "annotations": [{"id": 0, "image_id": 0, "segmentation": {"size": [1080, 1920], "counts": "\\UUf0g0ZP1X1XO>F7G9H8H8H7J6J6J5K5J7K4K5K6J8H6J5L5J5L5K5J5J7J4M3L4M3L4M3L5L3M3M3L4M3L4L4L4M3L4M2M4`J`GcAd8Z>aG`Ad8\\>aG^Ac8a>hGPA]8n>nGe@V8Z?QH[@U8b?THT@o7k?dHc]OkNNh8^b0\\Jo\\OT6Pc0\\4N1O1O1O2N1O2N2`^OSAQ`0o>j_OXAS`0i>j_O\\AR`0e>m_O]AR`0c>l_O`AR`0a>m_OaAQ`0a>l_ObAS`0_>k_OcAS`0_>j_OdAU`0]>g_OgAW`0[>f_OgAZ`0[>__OkA_`0i?N2N2O0O1O100O1O1O100O1O100O1O1O2O000O101N100O1O100O100nLY^ORFga0l9\\^ORFea0m9^^OQFba0m9`^OSFaa0k9`^OTFaa0k9`^OUF`a0k9a^OTF_a0k9c^OSF^a0l9d^OSF`a0h9c^OUF_a0i9d^OTF]a0k9f^OSFZa0l9h^ORFXa0n9i^ORFWa0m9l^OPFUa0P:l^OnETa0R:o^OkEROnMga0V<Y_OjEnNTNia0P<\\_OiEkNWNja0o;]_OiEgNYNla0o;`_OdEdN\\Nna0o;c_O`Ef`0`:^_O^E``0b:c_O[E]`0e:f_OXEZ`0h:l_OSES`0m:R@mDo?S;[@bDg?];]@]Df?b;Y3O2N1O10O0001OO100000000000001O0000010O00001O0O2O001FQDhZOP<We0SDgZOn;Xe0RDhZOo;We0PDjZOP<_:kDTOUO]FQ<Z:\\EkNbNmFQ<T:RF^NmM^GR<o9aFWN]MjGR<k9kF]MSMVI0BR<h9TGWMmL`IKBU<c9]G[FgLX6LbJP<i8bHXM_7e2RJkKo5S4]JcKc5WNiCd2Z7bNn4gNkCc2_7aNf4kNmC^2h7cLZHZOR<d1mC\\2m7_L[H]Om;g1kC[2R8ZL[H@k;j1iCZ2\\8`KZG[OP1m0e;m1eCY2h:fKf1Q2bCW2l:cKf1T2^CX2o:`Kf1X2[CV2R;\\Ki1\\2VCV2W;TKj1d2PCV2oh0iMPWOV2Si0hMnVOW2Ti0gMmVOX2Ui0gMjVOX2Yi0fMhVOY2Zi0fMfVOY2\\i0fMdVOX2_i0fMbVOX2`i0hM`VOV2ci0iM]VOU2ei0jM]VOS2fi0lMZVOS2gi0mMYVOQ2ji0mMWVOQ2li0mMUVOQ2mi0mMUVOQ2ni0mMSVOR2Pj0kMPVOT2Sj0jMnUOT2Tj0kMmUOS2Wj0jMjUOU2Xj0jMhUOU2Zj0iMhUOV2Yj0hMhUOV2[j0hMfUOV2\\j0iMeUOV2]j0hMeUOU2]j0kMcUOT2_j0jMbUOU2`j0iMbUOV2^j0iMcUOV2_j0iMaUOV2aj0hM`UOW2bj0gM_UOX2cj0fM^UOY2ej0dM\\UO[2fj0cM\\UOZ2gj0dMZUO[2ij0aMYUO]2kj0`MVUO_2mj0]MUUOa2nj0\\MTUOc2oj0YMTUOe2Qk0SMSUOl2ml0N3N1N3N1N2O2M2N2O1N3N1N2N3M2O2N1O2M2N3M3M3M3L5K6K7H7I6I6JTVhP1"}, "iscrowd": 0, "area": 95086.0, "score": 0.9668503403663635, "category_name": "fish", "coord": [761.0, 435.0], "bbox": [672, 16, 253, 701]}]}