{"images": [{"id": 0, "file_name": "images/3316.jpg", "width": 1920, "height": 1080}], "annotations": [{"id": 6, "image_id": 0, "segmentation": {"size": [1080, 1920], "counts": "`^ln08[Q1<^oNAYo0i0WPO6Ro0a1F8I9G4L3M2N3N1O1O2N101O001O100N2N2L4L3M3N3L3M3N3L3M3N3M2N2NbLdSOc1Zl0\\NiSOc1Wl0oMaSOSO9P3Ul0eM^TO]2bk0]MaTOf2^k0XMcTOj2\\k0SMfTOo2Yk0oLhTOR3Yk0jLjTOW3Xk0cLjTO^3fl03M2N3N2N2M3O1N2O1O1NaLbROg2]m0UMkROh2Tm0UMRSOi2ml0VMUSOj2kl0SMWSOn2il0PMXSOQ3hl0lLYSOV3dm01N2O2N1N2O1N3L3N2M3N2N2O2N2N1O2N1O2ZUOnKbg0S4[XOQLcg0Q4ZXOQLfg0o3XXOSLhg0m3VXOULig0m3UXOTLjg0m3TXOTLmg0m3QXOTLng0m3PXOTLPh0n3nWORLSh0n3kWOTLTh0m3kWORLWh0o3fWORL[h0o3cWOQL^h0o3`WORLch0m3[WOSLjh0j3SWOWLQi0h3kVOYLhf0IdYOk3@\\Lif0OhYOd3\\O^Lgf06kYO\\3\\O_Lff0;lYOV3\\O`Lff0>lYOS3[OaLff0a0nYOo2YO`Lff0f0PZOk2XO`Ldf0j0SZOi2TO_Lef0m0VZOf2RO]Lff0Q1WZOe2lN^Lkf0P1XZOY4fe0kKYZOU4ee0RLWZOl3ge0]LSZOc3ke0bLRZO^3me0eLQZOZ3oe0jLoYOU3Pf0mLoYOS3Pf0oLPZOP3oe0SMoYOm2Qf0TMnYOl2Rf0UMmYOj2Tf0WMjYOj2Vf0XMfYOi2\\f0oIVYOe28_3df0gIYYOh9kf0mE^YOQ:Vg0N2N2N4M6I3N2M2O1N100O10O001O1O001N2N1O2N2M3N2M3N2N2N2N2N2O1O1O0010001N1000000O100O1O1N2M3N2O1N2N2O1N2N2O1O1N200O1O10001N10000001O1nF`YOj6af0fHPZOX7Sf0bHQZO]7Tf0[HoYOe7Qf0XHRZOh7ne0VHTZOj7je0VHWZOk7he0THYZOn7ee0QH\\ZOP8ce0oG^ZOR8ae0mG`ZOT8_e0jGcZOW8]e0gGeZOZ8Ze0dGgZOf1hNX4`f0QJjZOf1hNX4^f0QJjZOh1iNV4]f0QJkZOh1iNX4Zf0PJnZOf1jNZ4Xf0oInZOg1lNY4Vf0nIP[Oh1kNZ4Vf0lIoZOj1lN[4Uf0hIP[On1kNZ4Xf0cInZOS2kN[4kg0hKVXOX4]g0ULcXOk3Yg0XLhXOi3Tg0YLlXOh3Rg0ZLnXOg3Pg0YLPYOh3of0XLQYOi3nf0WLRYOk3mf0TLTYOl3kf0TLVYOm3if0SLVYOn3if0RLXYOn3hf0QLYYOP4ef0PL\\YOP4cf0PL_YOP4_f0PLbYOP4]f0PLdYOQ4Zf0oKgYOQ4Wf0PLkYOP4me0ULUZOk3ie0VLXZOk3fe0YJeYO:e0^5de0XJmYO5`0d5`e0WJSZO3=g5^e0WJWZO0;j5\\e0VJ[ZOO9m5Ye0TJ`ZON7o5We0RJeZOO3P6Ve0PJiZOO1T6Te0lIkZO10U6Te0iImZO2OV6Se0gIoZO3NX6Qe0dIR[O3NZ6od0_IW[O7K[6md0ZI[[O;I[6kd0YI][O;J]6id0TI^[O`0J\\6hd0RI_[Ob0K\\6ed0PIa[Od0L\\6bd0nHc[Of0L\\6ad0lHc[Oi0OMgNV5ge0PJe[Om00JeNZ5ge0jIf[OR11HbN]5Zg0lJWZOE^N`5Yg0mJZZOS6ce0mIaZOQ6]e0PJfZOn5Ye0RJ][OZ5ad0fJa[OY5]d0gJe[OZ5Xd0gJi[OY5Ud0hJl[OX5Rd0jJn[OW5nc0kJS\\OU5lc0kJU\\OU5ic0WJcYOAe2X6fc0VJjYO@`2[6cc0UJPZO^O^2]6ac0TJZ]Ol5db0UJ]]Ol5`b0TJc]Ok5[b0VJf]Oj5Xb0WJi]Oi5Ub0WJm]Oj5Qb0UJP^Ol5na0TJS^Om5ka0TJR^OQ6la0nIS^OU6ka0kIT^OX6ja0iIT^O[6ia0eIV^O^6ia0bIW^O_6ga0_I\\^Ob6ca0]I_^Oc6_a0]Ic^Oc6\\a0]Ie^Oc6Za0]Ig^Oc6Xa0\\Ij^Od6Ua0\\Il^Od6Sa0\\In^Od6Ra0ZIQ_Of6m`0YIX_Od6h`0[I\\_Oc6c`0[Ib_Ob6^`0]Ie_Ob6Y`0^Ii_Oa6W`0\\Ik_Of6T`0YIl_Oh6U`0UIj_On6X`0mHh_OV7Ze03N2N2N2O1N2O1N2N2M3N2N2N3N1N2O1N2O1N2O1O1O1O1O100O100O11O00000oJ_WOk0bh0kKQWO\\1OBb0U3_h0jKTWOV15E<Y3^h0hKTWOS18J8[3lh0hLnVOK8^3jh0dLnVOO8^3jh0WLYWO;M_3kh0RLWWOb0O\\3kh0nKWWOg0N\\3mh0gKXWOm0L\\3Tj0eLmUO[3Rj0fLnUO[3ni0hLQVOY3li0jLTVOV3ii0lLXVOT3ei0oL[VOQ3bi0RM^VOn2ai0SM_VOm2_i0TMbVOl2]i0TMdVOl2Zi0UMgVOk2Xi0UMjVOj2Ti0WMmVOj2Pi0WMRWOh2mh0YMSWOg2lh0YMUWOg2jh0YMVWOh2ih0XMTWOl2kh0TMTWOn2kh0RMTWOP3kh0oLVWOQ3jh0oLVWOR3ih0nLWWOS3hh0mLYWOS3gh0lLYWOU3fh0jL\\WOV3ch0jL]WOX3ah0gLaWOY3^h0gLcWOY3[h0gLgWOY3Wh0hLjWOX3Uh0hLlWOX3Sh0gLoWOY3Ph0gLQXOY3ng0gLSXOY3lg0gLUXOY3jg0gLWXOY3ig0fLYXOY3fg0gL[XOY3eg0fL\\XOZ3dg0eL^XOZ3bg0eL_XO\\3`g0cLbXO\\3^g0cLdXO\\3\\g0dLeXO[3[g0dLhXOZ3Xg0eLmXOW3Sg0hLSYOS3mf0lLWYOP3kf0nLYYOo2gf0PM^YOl2bf0SMaYOk2_f0TMcYOj2^f0UMcYOk2\\f0UMeYOk2[f0TMfYOl2Yf0TMhYOl2Vf0UMjYOl2Uf0TMlYOl2Sf0TMnYOk2Qf0VMoYOk2oe0VMQZOk2ne0UMTZOj2je0WMWZOh2ie0XMYZOg2fe0YM[ZOg2de0YM]ZOf2ce0ZM^ZOf2ae0ZM`ZOf2^e0[McZOd2^e0[MbZOf2]e0YMdZOi2Ze0VMgZOk2Ye0SMfZOP3Ze0nLfZOT3Ye0kLiZOU3We0jLiZOW3We0gLkZOY3Te0fLnZOY3Se0eLnZO\\3Qe0dLP[O\\3Pe0bLQ[O_3nd0`LT[O`3kd0_LW[Oa3hd0^LY[Oc3fd0\\L\\[Od3dd0[L][Od3cd0[L`[Od3`d0[La[Oe3^d0[Lc[Oe3]d0ZLd[Of3\\d0XLg[Og3Zd0WLh[Oh3Xd0VLj[Oj3Wd0SLl[Ok3Vd0SLl[Ol3Vd0PLl[OP4oh0O001ONoKbROl3^m0TLcROk3]m0ULcROk3\\m0VLeROi3[m0WLeROi3[m0WLeROh3\\m0XLdROh3]m0VLeROi3em000`LXROP3km0iLZROV3Un0O00O1N2]OgLbRO^3]m0gLZRO_3em0:O100O1O1O1O1O1O100O100O100OQMeROc1Zm0ZNoROa1Qm0\\NTSOb1kl0[NZSOd1el0YN_SOg1al0UNdSOj1\\l0RNhSOn1Yl0mMlSOR2Tl0lMnSOT2Sl0iMoSOW2Ql0gMRTOX2ok0fMSTOY2ok0dMSTO[2gm0N1O010O00000000O100O1O1O1N1N3N2O2M2O1N2L4K5O1O10001O0O10000O101N1OjMVRO`0jm0]O]RO`0am0VOkROi0Um0UOmROk0Sm0TOoROk0Rm0ROPSOn0Pm0POQSOQ1Pm0kNSSOU1ml0jNSSOW1nl0gNSSOY1nl0eNRSO\\1Qm0_NPSOb1bn01N2N2E;O1O1N2M3M3L4I7M3L4MYO`QO[N^n0g1dQOXNYn0j1hQOVNVn0k1kQOUNSn0k1oQOUNom0k1SROUNem0Q2]ROoM_m0T2bROlM\\m0U2eROkMZm0U2gROkMYm0T2iROkMWm0T2kROkMTm0U2mROjMTm0U2nROjMkl0@dROe2b0kMil0CcRO`2f0mMfl0DdRO]2h0oMdl0DeROZ2i0RNcl0AfROZ2j0UNil0j1XSOVNil0g1YSOYNgl08ZRO`0o0YOgl04^RO`0m0\\Oel02`ROa0l0\\Ofl0NbROe0i0]Oel0JeROi0g0]Oel0GeROk0g0_Oel0CeROm0h0@Zm0`0hRO_OXm0`0jRO@Um0?mROARm0?nROBRm0<PSODol0;RSOEnl0:TSOFkl0:USOGkl07WSOIhl07XSOJhl05YSOJhl05XSOLhl02YSONhl01YSONhl01XSO0hl0OYSO0il0NWSO3il0KXSO5jl0IVSO8kl0DWSO<Ro0010O001O0010O0001O00001O0O100O10000O010M3M201O1O1000000O1O1O1O01O0010N1O100O11O01O001O0O10O2N2O10O11N100O2N100O2M2O2M4K5J7K6JVcj:"}, "iscrowd": 0, "area": 119341.0, "score": 0.931524395942688, "category_name": "fish", "coord": [996.0, 327.0], "bbox": [937, 110, 653, 409]}]}