{"images": [{"id": 0, "file_name": "images/3857.jpg", "width": 1920, "height": 1080}], "annotations": [{"id": 0, "image_id": 0, "segmentation": {"size": [1080, 1920], "counts": "d[ke08_Q13N2M3M2N2N2O1N2N1O2N100O2O0O1000000O2O0000000000000000000001O0000001O0000001O001N2O9F2L4L5KQRlW1"}, "iscrowd": 0, "area": 1292.0, "score": 0.9375168681144714, "category_name": "fish", "coord": [682.0, 111.0], "bbox": [663, 96, 46, 33]}, {"id": 1, "image_id": 0, "segmentation": {"size": [1080, 1920], "counts": "nQd63`Q1:J3M2N3N001O0001O00001O0O2O1N3L4LdnQh1"}, "iscrowd": 0, "area": 314.0, "score": 0.8971895575523376, "category_name": "fish", "coord": [209.0, 71.0], "bbox": [201, 62, 17, 21]}, {"id": 7, "image_id": 0, "segmentation": {"size": [1080, 1920], "counts": "_nUU14bQ14M101O001O00001O00000001O00001O1N2MZP_i0"}, "iscrowd": 0, "area": 190.0, "score": 0.8916840553283691, "category_name": "fish", "coord": [1139.0, 275.0], "bbox": [1128, 268, 18, 11]}, {"id": 9, "image_id": 0, "segmentation": {"size": [1080, 1920], "counts": "jiVP12cQ18J3M1O2O1N101N100000O01000O10000O1O2N1O1O2M2N_lXn0"}, "iscrowd": 0, "area": 380.0, "score": 0.8839278817176819, "category_name": "fish", "coord": [992.0, 387.0], "bbox": [977, 377, 23, 20]}, {"id": 11, "image_id": 0, "segmentation": {"size": [1080, 1920], "counts": "`RjU13bQ14O1N1O2O000O101O000O100001O0000001O0O101O1N6I`ceh0"}, "iscrowd": 0, "area": 258.0, "score": 0.8847719430923462, "category_name": "fish", "coord": [1161.0, 361.0], "bbox": [1147, 353, 23, 13]}, {"id": 13, "image_id": 0, "segmentation": {"size": [1080, 1920], "counts": "Y_iT1:\\Q16K4L3N1N2O1O1O1O1O2N1O2N1000N2N3M3J9Bi]ji0"}, "iscrowd": 0, "area": 532.0, "score": 0.9275749325752258, "category_name": "fish", "coord": [1126.0, 464.0], "bbox": [1116, 452, 19, 36]}, {"id": 16, "image_id": 0, "segmentation": {"size": [1080, 1920], "counts": "_dgY14bQ17J4L5L2N1O1O1O1O001O00001O01O001O1O100N3N1N4L5Hbofd0"}, "iscrowd": 0, "area": 548.0, "score": 0.9406311511993408, "category_name": "fish", "coord": [1277.0, 418.0], "bbox": [1266, 411, 24, 28]}, {"id": 17, "image_id": 0, "segmentation": {"size": [1080, 1920], "counts": "kfi\\19]Q14L2O2O000000001O0000O2O001O000O2O0O2N1O3M4LjPga0"}, "iscrowd": 0, "area": 321.0, "score": 0.8842231035232544, "category_name": "fish", "coord": [1371.0, 408.0], "bbox": [1359, 398, 22, 17]}, {"id": 19, "image_id": 0, "segmentation": {"size": [1080, 1920], "counts": "Zod[1<[Q13M3M2O001O00001O000000010O000001O00001O010O0O101O0000001O0O2O1N2O1N3KWoc0NlP\\O3M3N1O11O2LVfba0"}, "iscrowd": 0, "area": 723.0, "score": 0.9199219346046448, "category_name": "fish", "coord": [1345.0, 597.0], "bbox": [1324, 521, 61, 85]}, {"id": 20, "image_id": 0, "segmentation": {"size": [1080, 1920], "counts": "XSo\\13cQ14M2N2O001O0O2O001O1O1O001O0001O00001O001N3M3Hlb`a0"}, "iscrowd": 0, "area": 323.0, "score": 0.9149596691131592, "category_name": "fish", "coord": [1378.0, 524.0], "bbox": [1364, 515, 23, 17]}, {"id": 22, "image_id": 0, "segmentation": {"size": [1080, 1920], "counts": "cRn_16`Q14M3N1N101O00001O0000000001O0000001O000O2O0O2O0O2Nm__>"}, "iscrowd": 0, "area": 370.0, "score": 0.9148303270339966, "category_name": "fish", "coord": [1467.0, 584.0], "bbox": [1454, 575, 25, 16]}]}