{"images": [{"id": 0, "file_name": "images/4010.jpg", "width": 1920, "height": 1080}], "annotations": [{"id": 0, "image_id": 0, "segmentation": {"size": [1080, 1920], "counts": "f_R2:]Q12M3N2O1N1O2O0O1O100O1O10O01O10000O01000O100O10O1000O100O1000O010O100O010O100O010O1O1O100O1O1O2N2O0O2N101N2N3Kj^[k1"}, "iscrowd": 0, "area": 1286.0, "score": 0.9227228760719299, "category_name": "fish", "coord": [95.0, 45.0], "bbox": [63, 26, 55, 34]}, {"id": 1, "image_id": 0, "segmentation": {"size": [1080, 1920], "counts": "`jk27^Q19H4M2N2O1N1O2N100O100O10000O1000O10O1000O01000O01000O10O0100O1O100O1O100O100O2N1O100O2M2O2L5K5KU`ij1"}, "iscrowd": 0, "area": 1277.0, "score": 0.9287490844726562, "category_name": "fish", "coord": [110.0, 61.0], "bbox": [87, 55, 48, 35]}, {"id": 2, "image_id": 0, "segmentation": {"size": [1080, 1920], "counts": "mT`58\\Q1:I5J6K3M3L4M2O1N2O0O100000001OO1000O10O100O1O1O100O1O2N100O1O2N2M3L6I8Chjah1"}, "iscrowd": 0, "area": 1372.0, "score": 0.9296433925628662, "category_name": "fish", "coord": [178.0, 31.0], "bbox": [167, 6, 36, 46]}, {"id": 3, "image_id": 0, "segmentation": {"size": [1080, 1920], "counts": "hTm7c0QQ17L3L3N2N1O1O101N1O1N2O010O1O010O01000O010O0N30O100O100O100O1O1O1M3N2N2O1N2O1N2O1N2N2M3M3N5JhYje1"}, "iscrowd": 0, "area": 1663.0, "score": 0.9317373633384705, "category_name": "fish", "coord": [265.0, 19.0], "bbox": [240, 0, 46, 50]}, {"id": 4, "image_id": 0, "segmentation": {"size": [1080, 1920], "counts": "lcn63ZQ1c0E5M2N2O1O001O001O00001O000001O0001N100O100O10000O100O100O1O10O01000O100O1O10O01O1N101O1O0O2N2N2N2O1N2O1O1N2N3M3L4KgU\\f1"}, "iscrowd": 0, "area": 1916.0, "score": 0.8883298635482788, "category_name": "fish", "coord": [245.0, 72.0], "bbox": [211, 58, 58, 45]}, {"id": 7, "image_id": 0, "segmentation": {"size": [1080, 1920], "counts": "U^a57UQ1a0D;G8L3M3L3N2N2N2O001N101O000001O001O1O001O1O2M3N3L3M3L5J6[O_lfh1"}, "iscrowd": 0, "area": 1535.0, "score": 0.9266966581344604, "category_name": "fish", "coord": [187.0, 255.0], "bbox": [168, 229, 30, 60]}, {"id": 8, "image_id": 0, "segmentation": {"size": [1080, 1920], "counts": "S_o44aQ16K4L3L4L4M4L4M3K3O2M2N10001O0001N101N2O1O1O1N2O1N3M3M3M4K5K5IhiWi1"}, "iscrowd": 0, "area": 1004.0, "score": 0.8943963646888733, "category_name": "fish", "coord": [165.0, 207.0], "bbox": [151, 188, 31, 49]}, {"id": 11, "image_id": 0, "segmentation": {"size": [1080, 1920], "counts": "c]U3`0SQ19J4L3L4M2O2M2O1O1O100O1000000O010000O1O2N1N3L4L4K5J7GSRVk1"}, "iscrowd": 0, "area": 1056.0, "score": 0.9414740800857544, "category_name": "fish", "coord": [115.0, 175.0], "bbox": [96, 157, 27, 46]}, {"id": 14, "image_id": 0, "segmentation": {"size": [1080, 1920], "counts": "b4g0QQ1000000001O1O1O1O001O1O001O1O1O3M4L2N2N2N1O1O010O000001O0O2O001N101N2M3B_oN@fP1<>M3M4KXcmm1"}, "iscrowd": 0, "area": 1380.0, "score": 0.8961142301559448, "category_name": "fish", "coord": [23.0, 165.0], "bbox": [0, 146, 40, 47]}, {"id": 16, "image_id": 0, "segmentation": {"size": [1080, 1920], "counts": "lo=;cP1m0J6J4M3N2M3N1O1O100O1O1O10O100O100O10000O2N1O2L4F:K5M3L5I8BW[jm1"}, "iscrowd": 0, "area": 1585.0, "score": 0.9256420135498047, "category_name": "fish", "coord": [34.0, 267.0], "bbox": [13, 249, 30, 63]}, {"id": 18, "image_id": 0, "segmentation": {"size": [1080, 1920], "counts": "jSY29[Q18J5K3N3M2N1O2N2N1O1O100O1O100O1O010O0100O010O1O100N1O2O1N2O1N2N2M4M3M3L5I]jgk1"}, "iscrowd": 0, "area": 1222.0, "score": 0.9113795757293701, "category_name": "fish", "coord": [95.0, 342.0], "bbox": [69, 331, 37, 44]}, {"id": 20, "image_id": 0, "segmentation": {"size": [1080, 1920], "counts": "^_k13bQ17J4L3N2O1N2O1N101O001N2O001O0O10000O10000O10000O100O010O10O010000O010O100O010O1O00100O1O010O1O001O010O01O000010O000010O001N3N1O1N2O2M3M4L4J6KacQk1"}, "iscrowd": 0, "area": 2248.0, "score": 0.8848708868026733, "category_name": "fish", "coord": [73.0, 432.0], "bbox": [56, 393, 71, 54]}, {"id": 21, "image_id": 0, "segmentation": {"size": [1080, 1920], "counts": "aXb35aQ14L4L2N3N1O2N1O101N10000O2O000O10O100O100O10000O100O101N1O2N101N2M3N2M4LPg_j1"}, "iscrowd": 0, "area": 757.0, "score": 0.899268627166748, "category_name": "fish", "coord": [124.0, 371.0], "bbox": [108, 354, 36, 27]}, {"id": 22, "image_id": 0, "segmentation": {"size": [1080, 1920], "counts": "caa53bQ19H4M3M2M3N2M3N1N3N001O1O100O0100O1O2N1N2M4L4L4K6J_Qlh1"}, "iscrowd": 0, "area": 681.0, "score": 0.9190971255302429, "category_name": "fish", "coord": [175.0, 375.0], "bbox": [168, 351, 25, 37]}, {"id": 23, "image_id": 0, "segmentation": {"size": [1080, 1920], "counts": "efV64^Q1:I4L4L4L3L4M4M2O1O100O10O010O010O1O010O1O1O1O001O1O1O2M2O1N3L4K5L5KR]mg1"}, "iscrowd": 0, "area": 1127.0, "score": 0.9263975620269775, "category_name": "fish", "coord": [206.0, 428.0], "bbox": [188, 403, 34, 45]}, {"id": 24, "image_id": 0, "segmentation": {"size": [1080, 1920], "counts": "ckk39[Q15M3M2O2N1O2N1O100O100O10001N100000001O0000000000O101O000O2O0O2N2N2N1O3L3M3L_PTj1"}, "iscrowd": 0, "area": 967.0, "score": 0.9132785797119141, "category_name": "fish", "coord": [125.0, 470.0], "bbox": [117, 459, 38, 30]}, {"id": 30, "image_id": 0, "segmentation": {"size": [1080, 1920], "counts": "\\WR76^Q15N2N2N2N1O2O0O2O000O101O0O10000O10001N100000000000000000000000000001O000O1000000000001O000O2O001N2N3N1N3L6K]h\\f1"}, "iscrowd": 0, "area": 1276.0, "score": 0.8875822424888611, "category_name": "fish", "coord": [213.0, 537.0], "bbox": [214, 526, 54, 27]}, {"id": 32, "image_id": 0, "segmentation": {"size": [1080, 1920], "counts": "kjb57^Q16L2M3M3M3N1N3M3N4L3M2O0O2N10000O10O10000000000O10O1000O10001N101N101N4SOZoNa0QQ1M2N1O2N1O2N1O2O0N3MPcTh1"}, "iscrowd": 0, "area": 1467.0, "score": 0.8990634679794312, "category_name": "fish", "coord": [172.0, 615.0], "bbox": [169, 589, 46, 44]}, {"id": 37, "image_id": 0, "segmentation": {"size": [1080, 1920], "counts": "QbY91aQ1;I4L3N2N2N1N2O1O1O1N2O1O1O1O001O010O010O0100O1O1O1O1O100O1O2N101M2O2M2N3L4M`Zfd1"}, "iscrowd": 0, "area": 1038.0, "score": 0.88169264793396, "category_name": "fish", "coord": [303.0, 137.0], "bbox": [282, 117, 38, 38]}, {"id": 40, "image_id": 0, "segmentation": {"size": [1080, 1920], "counts": "^ci;7^Q16K4L3M3M2N2O2N1O1O1O1O1O1O1O1O010O100O010000O010O010O10M2100O1O100O1O1O1O1O1O1O1O1O1O1O1O1O1O4K3N2M2M5Lc`ga1"}, "iscrowd": 0, "area": 1583.0, "score": 0.9545924663543701, "category_name": "fish", "coord": [381.0, 30.0], "bbox": [358, 0, 52, 44]}, {"id": 43, "image_id": 0, "segmentation": {"size": [1080, 1920], "counts": "d^_=4_Q17L4K3N3M2O2M2O1O010O100O10O0100O01O010O1O001O00001O001O001O1O2M2N2N3M5I`ab`1"}, "iscrowd": 0, "area": 882.0, "score": 0.9051381945610046, "category_name": "fish", "coord": [424.0, 79.0], "bbox": [409, 63, 36, 38]}, {"id": 44, "image_id": 0, "segmentation": {"size": [1080, 1920], "counts": "mVk::ZQ15L4M3N2N1O1O001O1O100O001O001O001O010O0001O1O001O1N101N3N1N2O1N2O2M2N4KUiVc1"}, "iscrowd": 0, "area": 922.0, "score": 0.932182788848877, "category_name": "fish", "coord": [342.0, 218.0], "bbox": [329, 202, 36, 40]}, {"id": 54, "image_id": 0, "segmentation": {"size": [1080, 1920], "counts": "hcn?b0RQ17J5J5K6H6M4L3M4M2N2N2O2M2N2N2N2L3O2M2N1O1OO1O2O1M3N2B>O101N101O1O001M2N3O001O10O10O100000O1O10000O1O2O00O1_Oa0M3N2N1O2J7J7J7KfQX]1"}, "iscrowd": 0, "area": 3332.0, "score": 0.9103291034698486, "category_name": "fish", "coord": [530.0, 85.0], "bbox": [484, 34, 62, 146]}, {"id": 57, "image_id": 0, "segmentation": {"size": [1080, 1920], "counts": "jQZc0:YQ19G6O2N001O001O00000000O100O10000O1O100O100O1O1O100O1O1O100O1O1N2O1N2O1N2N2NZjeZ1"}, "iscrowd": 0, "area": 831.0, "score": 0.9418110847473145, "category_name": "fish", "coord": [612.0, 8.0], "bbox": [586, 0, 38, 28]}, {"id": 58, "image_id": 0, "segmentation": {"size": [1080, 1920], "counts": "h[fd07^Q17I6J6K4K6K6J6K3L4K4O1O001O000000000000O100O1O100O1O1O1O1O1N2O1O1N2O1O1N2O1N2O1N2N2O1N2N2L4J6K5FbonX1"}, "iscrowd": 0, "area": 2191.0, "score": 0.9415587782859802, "category_name": "fish", "coord": [648.0, 23.0], "bbox": [628, 0, 48, 60]}, {"id": 66, "image_id": 0, "segmentation": {"size": [1080, 1920], "counts": "jP^<8]Q15K5M3M2O0O2N101N10000O1000001ON2N3L3M4M6GQiSb1"}, "iscrowd": 0, "area": 503.0, "score": 0.8861086368560791, "category_name": "fish", "coord": [394.0, 416.0], "bbox": [377, 406, 21, 29]}, {"id": 72, "image_id": 0, "segmentation": {"size": [1080, 1920], "counts": "WVeb08\\Q17J5L4K4M4K4M3L3N1O1O1O1O1O1O001O01O1O001N1O2M5K6H9FR\\g[1"}, "iscrowd": 0, "area": 1017.0, "score": 0.8871102333068848, "category_name": "fish", "coord": [579.0, 243.0], "bbox": [566, 199, 26, 67]}, {"id": 79, "image_id": 0, "segmentation": {"size": [1080, 1920], "counts": "coe`04^Q1:J5K3M3L4M2O1N2N2N2O1O100O100O1000O00100O1O00100O100O1O2N1O1N2O1O1O1N3M2N2O2M3L8FggV]1"}, "iscrowd": 0, "area": 1306.0, "score": 0.9166906476020813, "category_name": "fish", "coord": [522.0, 306.0], "bbox": [506, 293, 41, 43]}, {"id": 90, "image_id": 0, "segmentation": {"size": [1080, 1920], "counts": "gQn<<UQ18I7G8K5L5K4N2N2M3N2O001O000001O0O2O1N2O0N3M3L4L4M4L3M7EU]\\a1"}, "iscrowd": 0, "area": 1320.0, "score": 0.8858213424682617, "category_name": "fish", "coord": [403.0, 612.0], "bbox": [392, 581, 28, 64]}, {"id": 93, "image_id": 0, "segmentation": {"size": [1080, 1920], "counts": "mXU82cQ14M3M2O1N2M3N2N1O2N2M2O2M2O1N2O2N1O2N101N101N101N101N100001O0000001O010O001O1O00100N2O1N2N2M4M2M4L4L5J9FTl[e1"}, "iscrowd": 0, "area": 1735.0, "score": 0.9421419501304626, "category_name": "fish", "coord": [289.0, 745.0], "bbox": [247, 727, 52, 65]}, {"id": 94, "image_id": 0, "segmentation": {"size": [1080, 1920], "counts": "cTl96[Q1?De0\\O<D6I5M2M2N1000D<0001O0010000O01000O1O100O100O1O2N2M4K4M4L4L4N2M4L7IPlUd1"}, "iscrowd": 0, "area": 1811.0, "score": 0.8853051066398621, "category_name": "fish", "coord": [316.0, 798.0], "bbox": [299, 758, 36, 96]}, {"id": 97, "image_id": 0, "segmentation": {"size": [1080, 1920], "counts": "^_j28\\Q16L3L4N1N2N2N3M2M2O2N1O2O1O0O2O001O0O2O10O01O0100O1O1O1N2O1O1N2O1N3M3N3L5K4L3K7HiYSk1"}, "iscrowd": 0, "area": 1324.0, "score": 0.9186830520629883, "category_name": "fish", "coord": [104.0, 846.0], "bbox": [85, 815, 40, 51]}, {"id": 98, "image_id": 0, "segmentation": {"size": [1080, 1920], "counts": "Yl0f0RQ1000O1O2M2N2N2N2O1N2O1N2O1O1O010O1O0100O1O1O2N1N2L5K5K6K8Fg_Xn1"}, "iscrowd": 0, "area": 961.0, "score": 0.9336315989494324, "category_name": "fish", "coord": [12.0, 899.0], "bbox": [0, 884, 29, 43]}, {"id": 100, "image_id": 0, "segmentation": {"size": [1080, 1920], "counts": "]cP18[Q19J7I8H4M1O1N2O1O0O2N2N2O001O010O01O101N1O2N2M4J8D:K5K5KZjYm1"}, "iscrowd": 0, "area": 1039.0, "score": 0.915177047252655, "category_name": "fish", "coord": [48.0, 984.0], "bbox": [30, 962, 28, 51]}, {"id": 103, "image_id": 0, "segmentation": {"size": [1080, 1920], "counts": "\\mi74^Q1:J6J6J5K4K5K4N2M2O1O1O1O00100O10O100O010O100O101N1N3M3M4L6HU]^f1"}, "iscrowd": 0, "area": 1316.0, "score": 0.9275363087654114, "category_name": "fish", "coord": [255.0, 1026.0], "bbox": [236, 1006, 30, 54]}, {"id": 107, "image_id": 0, "segmentation": {"size": [1080, 1920], "counts": "[e^<3bQ15K3O1O1N2O1O1N2O1O1O1O100O1O10000O100O10000O10000000000000O1N2M3M4M2N2O2N2MSWaa1"}, "iscrowd": 0, "area": 806.0, "score": 0.9134826064109802, "category_name": "fish", "coord": [393.0, 1064.0], "bbox": [377, 1052, 38, 27]}, {"id": 109, "image_id": 0, "segmentation": {"size": [1080, 1920], "counts": "ff\\;7_Q13N2N2N100O001O100O00100O0010O0010O0010O0010O01O00010O00000000001O0O2O1O1O1O1O1O1O2Nkn^b1"}, "iscrowd": 0, "area": 659.0, "score": 0.888870358467102, "category_name": "fish", "coord": [360.0, 859.0], "bbox": [345, 837, 42, 34]}, {"id": 120, "image_id": 0, "segmentation": {"size": [1080, 1920], "counts": "iYRg02cQ15K5M3M2N2O1N3N1O1O100O1O100O100O01O010O1O1O1O100O1O001O1O001O1N102L4LPgPW1"}, "iscrowd": 0, "area": 788.0, "score": 0.9237499237060547, "category_name": "fish", "coord": [717.0, 36.0], "bbox": [700, 15, 35, 33]}, {"id": 146, "image_id": 0, "segmentation": {"size": [1080, 1920], "counts": "b[lk04`Q16M3M3N1N2O000000000O11O00000O2O0O2N1O2N2N3LY\\dR1"}, "iscrowd": 0, "area": 354.0, "score": 0.8803515434265137, "category_name": "fish", "coord": [854.0, 99.0], "bbox": [846, 90, 22, 19]}, {"id": 155, "image_id": 0, "segmentation": {"size": [1080, 1920], "counts": "_W[l01aQ1?C6L4K4M3M3L3N2M2O2O1O1O010O01O001O1O010N2O001N2O0O2O1N2N2N2N2M4L3M4K7FPifQ1"}, "iscrowd": 0, "area": 1286.0, "score": 0.9153870940208435, "category_name": "fish", "coord": [879.0, 185.0], "bbox": [860, 170, 36, 53]}, {"id": 156, "image_id": 0, "segmentation": {"size": [1080, 1920], "counts": "]ciP18_Q12M3M3M2O1O2N1O1O1O101N100000000O100000000000000000000000000000O10000000000O100000000O101O0O101N10001N101N2O0O2O1N1O2NkS`l0"}, "iscrowd": 0, "area": 1387.0, "score": 0.9077843427658081, "category_name": "fish", "coord": [1025.0, 197.0], "bbox": [995, 182, 59, 27]}, {"id": 160, "image_id": 0, "segmentation": {"size": [1080, 1920], "counts": "]W[l0:YQ19H6K4M3L4L3L4L4M3N2N1O2O1O001N1O1O1O100O1O10O010O01O10O002N1O1N2O1N2N4YOooN@XP17mheQ1"}, "iscrowd": 0, "area": 1932.0, "score": 0.9064887166023254, "category_name": "fish", "coord": [891.0, 135.0], "bbox": [860, 136, 37, 87]}, {"id": 163, "image_id": 0, "segmentation": {"size": [1080, 1920], "counts": "keYP14bQ14M2N2N2O1N2O0O2O001N10001N10001O000000001O000000001O01O0000001O0000001O00001O00001O1O1N2O1O1N2O1N2N3N2MV]Wm0"}, "iscrowd": 0, "area": 1043.0, "score": 0.9115857481956482, "category_name": "fish", "coord": [1001.0, 96.0], "bbox": [980, 82, 52, 25]}, {"id": 176, "image_id": 0, "segmentation": {"size": [1080, 1920], "counts": "k\\gS13dQ12N2N1O2N1O1O1O1O1O2N100O1O1O1O1O1O1O1O1O1O1O1O1O1O1O1O1O10O000001O010O0010O000010O01O1O001O100O1O1O1O1O1O1O1O2N1N3M3L6J`Yai0"}, "iscrowd": 0, "area": 1526.0, "score": 0.9140169024467468, "category_name": "fish", "coord": [1125.0, 103.0], "bbox": [1084, 85, 60, 44]}, {"id": 181, "image_id": 0, "segmentation": {"size": [1080, 1920], "counts": "PVfk0a0SQ1:H=D6J7H5K3L4N2N1O20O001O1O2N2N6K9E8I4K8I<C3N2M3MX[gR1"}, "iscrowd": 0, "area": 1226.0, "score": 0.9165090322494507, "category_name": "fish", "coord": [851.0, 276.0], "bbox": [840, 238, 25, 70]}, {"id": 185, "image_id": 0, "segmentation": {"size": [1080, 1920], "counts": "neai02]Q1?D7M3M2N3M2O1O100O100O01O001O001N2O2M2O1N2N2N3M2N3L5JniiT1"}, "iscrowd": 0, "area": 775.0, "score": 0.8989748954772949, "category_name": "fish", "coord": [789.0, 295.0], "bbox": [775, 281, 27, 39]}, {"id": 196, "image_id": 0, "segmentation": {"size": [1080, 1920], "counts": "ih^`03dQ12M3N1O1O2N1O100O100O10001O000000O10000000000000001O000O2O000O2O000O2O000O2O0O]Q`]1"}, "iscrowd": 0, "area": 515.0, "score": 0.8926663398742676, "category_name": "fish", "coord": [519.0, 495.0], "bbox": [499, 487, 39, 16]}, {"id": 202, "image_id": 0, "segmentation": {"size": [1080, 1920], "counts": "gUh><VQ1:G7K5L3M4L3N1O10000O010000O101N2M3L4@b0IUfj_1"}, "iscrowd": 0, "area": 782.0, "score": 0.910283625125885, "category_name": "fish", "coord": [459.0, 741.0], "bbox": [447, 728, 20, 46]}, {"id": 207, "image_id": 0, "segmentation": {"size": [1080, 1920], "counts": "ZkPg0<XQ16L3N2O1O0O100000000000O100O1O100O1O1O101N1O1O1O2L_g\\W1"}, "iscrowd": 0, "area": 538.0, "score": 0.8965309858322144, "category_name": "fish", "coord": [706.0, 699.0], "bbox": [698, 690, 25, 24]}, {"id": 209, "image_id": 0, "segmentation": {"size": [1080, 1920], "counts": "_fUh04cQ12M3N1O2O0O1O1O2N1O1O100O10000O10000O100000O100000000O10000O2N1O1O2N2M4LTYlU1"}, "iscrowd": 0, "area": 619.0, "score": 0.9138661026954651, "category_name": "fish", "coord": [748.0, 630.0], "bbox": [733, 617, 36, 21]}, {"id": 210, "image_id": 0, "segmentation": {"size": [1080, 1920], "counts": "^XZj07_Q14M2N2N1O2O0O101N100O2O0O100O1000001O000O10000000000000000001O000000000000000000001O000O10001O0O2O1N101N2O0O2N2N2N4K[`PS1"}, "iscrowd": 0, "area": 1293.0, "score": 0.8962562084197998, "category_name": "fish", "coord": [819.0, 645.0], "bbox": [798, 626, 58, 26]}, {"id": 213, "image_id": 0, "segmentation": {"size": [1080, 1920], "counts": "f[_j02dQ17J3M2N1O2N101N100O2O0O10000O10000O10000O100O10000O10000000001O0000000000O100000001O00001O001O001O00001O001O0O101O1N101N101N2O2MeReR1"}, "iscrowd": 0, "area": 1483.0, "score": 0.9128335118293762, "category_name": "fish", "coord": [834.0, 465.0], "bbox": [803, 447, 64, 28]}, {"id": 214, "image_id": 0, "segmentation": {"size": [1080, 1920], "counts": "mffj0=UQ19J6K3M2O0001O0001O01O010O1N2N2O0O2O1O2N1O1N3N2M3MUlfS1"}, "iscrowd": 0, "area": 684.0, "score": 0.8954092860221863, "category_name": "fish", "coord": [819.0, 437.0], "bbox": [810, 409, 25, 39]}, {"id": 237, "image_id": 0, "segmentation": {"size": [1080, 1920], "counts": "ghbo05aQ14M2N2N10000O10000O100O100O100O1O10O010000O1000O10000O1000000O100O2O0O1O101N2N1O3M2NYlXn0"}, "iscrowd": 0, "area": 676.0, "score": 0.8915278911590576, "category_name": "fish", "coord": [974.0, 392.0], "bbox": [958, 378, 42, 21]}, {"id": 247, "image_id": 0, "segmentation": {"size": [1080, 1920], "counts": "Qoal0:]Q12N2M2O1O2N1N2O1O001O001O01O1O001N2N3M2N2N2N3KagmQ1"}, "iscrowd": 0, "area": 441.0, "score": 0.8992977142333984, "category_name": "fish", "coord": [885.0, 617.0], "bbox": [866, 609, 23, 28]}, {"id": 249, "image_id": 0, "segmentation": {"size": [1080, 1920], "counts": "elYn05aQ13N2O1O0O2O001O000O2O001O001N10001O0O1000000000001O00000001O0O10001O000O2O001O0O2O1N101N3Lkb^o0"}, "iscrowd": 0, "area": 767.0, "score": 0.8852165341377258, "category_name": "fish", "coord": [935.0, 655.0], "bbox": [919, 646, 45, 21]}, {"id": 257, "image_id": 0, "segmentation": {"size": [1080, 1920], "counts": "bndR16`Q14L2N3N1N2O2N100O1O1O1O100O010O10O010O010O0010O010O01O10O01000O01O10O01O100O010O1O100O101N1O1O1O1O2N1O2M3MfSkj0"}, "iscrowd": 0, "area": 1092.0, "score": 0.9067873954772949, "category_name": "fish", "coord": [1078.0, 480.0], "bbox": [1051, 464, 53, 35]}, {"id": 258, "image_id": 0, "segmentation": {"size": [1080, 1920], "counts": "Zh`R16aQ12O001N10001O0000001O00001O001N101O1O001O001O001O00001O000010O0001O0000001O0000000001O01O000000000000000001O000000000000001O000000001N10001N101O1N101N2N3M5JSmTj0"}, "iscrowd": 0, "area": 1421.0, "score": 0.89176344871521, "category_name": "fish", "coord": [1083.0, 522.0], "bbox": [1047, 511, 78, 24]}, {"id": 259, "image_id": 0, "segmentation": {"size": [1080, 1920], "counts": "[\\eQ13cQ13N100O10000O100O100O10000O100O10000O010O10000O100O1O100O1O100O1000O0100O100O100O10O010000O100O010O10O10O010O10O1000000O10000O100O100O1O1O2N1N2O1N3N3L^_Sk0"}, "iscrowd": 0, "area": 1302.0, "score": 0.9231139421463013, "category_name": "fish", "coord": [1063.0, 545.0], "bbox": [1021, 536, 75, 30]}, {"id": 260, "image_id": 0, "segmentation": {"size": [1080, 1920], "counts": "kY]S14bQ16J3L4M2N2N3K4M3M3N2N1O2O001O0O2O1O001O0O2O000010O1O2N1O1N3N2M3M4M3L3N2M4L3M4KTaaj0"}, "iscrowd": 0, "area": 1288.0, "score": 0.9081719517707825, "category_name": "fish", "coord": [1095.0, 581.0], "bbox": [1074, 544, 39, 53]}, {"id": 270, "image_id": 0, "segmentation": {"size": [1080, 1920], "counts": "[jPP14^Q1?B9I8I4M2M3N2N1O0100O010O1O1O1O2N2M3N3L4K5J7J:EUj]n0"}, "iscrowd": 0, "area": 904.0, "score": 0.8840975761413574, "category_name": "fish", "coord": [984.0, 737.0], "bbox": [971, 716, 24, 49]}, {"id": 272, "image_id": 0, "segmentation": {"size": [1080, 1920], "counts": "[hcS14aQ15K4M4M4L2M4N1N1O2N1O1O100O1O10O10O10O100O1O1O1O1O1O2N1N2O2L4L3M5Ii\\aj0"}, "iscrowd": 0, "area": 902.0, "score": 0.9170212149620056, "category_name": "fish", "coord": [1095.0, 715.0], "bbox": [1080, 695, 33, 36]}, {"id": 273, "image_id": 0, "segmentation": {"size": [1080, 1920], "counts": "Pm_U15aQ14K5M2M3N2N1N2O1O001O001O1O01O0010O0000O2O1O2M2O2M2N3M3Mm`jh0"}, "iscrowd": 0, "area": 619.0, "score": 0.8931176066398621, "category_name": "fish", "coord": [1155.0, 739.0], "bbox": [1137, 721, 28, 34]}, {"id": 278, "image_id": 0, "segmentation": {"size": [1080, 1920], "counts": "VchW17^Q15L2N2N3N1N101N2N101O1N101O001O001O010O001O10O01O01O010O001O001O001O1O100O1O1O1N2O1O1O1O2M2N3N2M4L[fke0"}, "iscrowd": 0, "area": 1241.0, "score": 0.9374771118164062, "category_name": "fish", "coord": [1242.0, 639.0], "bbox": [1206, 626, 49, 45]}, {"id": 280, "image_id": 0, "segmentation": {"size": [1080, 1920], "counts": "lcjW1>XQ18H6L1N1010O000001OO2O1L5I:Emanf0"}, "iscrowd": 0, "area": 384.0, "score": 0.9003722071647644, "category_name": "fish", "coord": [1216.0, 578.0], "bbox": [1208, 567, 14, 31]}, {"id": 295, "image_id": 0, "segmentation": {"size": [1080, 1920], "counts": "[lZS18^Q13N2N2O0O2N1O1O1O100O001O00001O000010O00100O00100O001O1O1O1O1O1O1O1O1N3M4KiQfj0"}, "iscrowd": 0, "area": 689.0, "score": 0.8954936265945435, "category_name": "fish", "coord": [1087.0, 268.0], "bbox": [1072, 247, 37, 31]}, {"id": 299, "image_id": 0, "segmentation": {"size": [1080, 1920], "counts": "dUhT14bQ13L4M3N1N2O1O1O1O100O1O100O100O010O10O10O01O010O010O010O010O10O01O1O1O1O1O1N3M2M5JfaTi0"}, "iscrowd": 0, "area": 828.0, "score": 0.9095014333724976, "category_name": "fish", "coord": [1138.0, 191.0], "bbox": [1115, 179, 41, 31]}, {"id": 303, "image_id": 0, "segmentation": {"size": [1080, 1920], "counts": "P`RV1`0RQ1:H5K5K5M2N2N101N2O0001N2N1O2N2M3N2M3N3L5J9EdX^h0"}, "iscrowd": 0, "area": 859.0, "score": 0.8984736800193787, "category_name": "fish", "coord": [1168.0, 338.0], "bbox": [1155, 314, 22, 52]}, {"id": 310, "image_id": 0, "segmentation": {"size": [1080, 1920], "counts": "gQk[17`Q14M2N2N1O1O1O1O1O100O010O10000O02O000O101N100O2O0O1O2O0O2N2O3K_U\\b0"}, "iscrowd": 0, "area": 536.0, "score": 0.9074673056602478, "category_name": "fish", "coord": [1342.0, 340.0], "bbox": [1330, 326, 31, 32]}, {"id": 311, "image_id": 0, "segmentation": {"size": [1080, 1920], "counts": "aT`\\15`Q15L2N2N2O1N2O000O2O001N1O2O001O00001O01O00001O001O1N2O1O1O1O2M2O3L4JUoca0"}, "iscrowd": 0, "area": 695.0, "score": 0.9209087491035461, "category_name": "fish", "coord": [1363.0, 310.0], "bbox": [1350, 290, 34, 37]}, {"id": 314, "image_id": 0, "segmentation": {"size": [1080, 1920], "counts": "jajT14_Q1:I3N2N2O0O101O001O0O1000001O000000001O001O001O1O001O1O001N101O000O2O0O100O10000O1000O0100000O10O1000O01O0010O00010O001O1O010O1O1O1N2O0O2O1N2O1N2O1N2O1O2N1O1O1O2M3M3KPleg0"}, "iscrowd": 0, "area": 2537.0, "score": 0.9257864952087402, "category_name": "fish", "coord": [1159.0, 476.0], "bbox": [1117, 456, 83, 49]}, {"id": 317, "image_id": 0, "segmentation": {"size": [1080, 1920], "counts": "lbXi0<XQ18J4M2M201N100O2O00000000O101N1O2N2L5I_Z[U1"}, "iscrowd": 0, "area": 541.0, "score": 0.9200184941291809, "category_name": "fish", "coord": [769.0, 719.0], "bbox": [766, 705, 19, 31]}, {"id": 324, "image_id": 0, "segmentation": {"size": [1080, 1920], "counts": "inkn0`0RQ1;I3M4L200O100O01O100O1O1O1N3K6IoSko0"}, "iscrowd": 0, "area": 540.0, "score": 0.8877618312835693, "category_name": "fish", "coord": [945.0, 790.0], "bbox": [936, 779, 16, 37]}, {"id": 334, "image_id": 0, "segmentation": {"size": [1080, 1920], "counts": "jX``09\\Q15J5L4M2N3M2O2N1O1O1N2N2N2O01O1N1O2N2N2N1O2O0O2O001N2O0O2O2L3N2N2O2N1O2M2Mfe`]1"}, "iscrowd": 0, "area": 982.0, "score": 0.8920384645462036, "category_name": "fish", "coord": [509.0, 945.0], "bbox": [500, 922, 37, 46]}, {"id": 348, "image_id": 0, "segmentation": {"size": [1080, 1920], "counts": "jUed03cQ12O1M3N2N1O2N2N100O2O0O101O001O001O00001O001O000O101O00001N101O001O1O010O01O01O01O01O0010O01O0010O010O00100O001O001O001O1O1O001O1O100O1O1O1O1O2N1O2N1O2M3NacQX1"}, "iscrowd": 0, "area": 1917.0, "score": 0.9123328328132629, "category_name": "fish", "coord": [681.0, 924.0], "bbox": [626, 908, 77, 64]}, {"id": 349, "image_id": 0, "segmentation": {"size": [1080, 1920], "counts": "dmYc04cQ13M2N2M2O1N2O1O1O1O1O1O10O01O100O1O010O10O01O0010O010O01O010O001O0010O1O1O10O01O2N1O2N1N3M3M3M3L_][Z1"}, "iscrowd": 0, "area": 1007.0, "score": 0.8839365839958191, "category_name": "fish", "coord": [618.0, 945.0], "bbox": [585, 926, 48, 37]}, {"id": 351, "image_id": 0, "segmentation": {"size": [1080, 1920], "counts": "^nX`04_Q18J5L3N2N2N1O2N1O2O0O1O2OO100O1O1O1N2M3M4M2M5LShV^1"}, "iscrowd": 0, "area": 573.0, "score": 0.9143717885017395, "category_name": "fish", "coord": [508.0, 1015.0], "bbox": [493, 996, 23, 32]}, {"id": 355, "image_id": 0, "segmentation": {"size": [1080, 1920], "counts": "jnhk09]Q14K4M2N2N2N2O2M2N101N2O1O1O00100O10000O100O1000O10O10O100O1O001O2M2M3N2M3N2N3M2N3L6JifRR1"}, "iscrowd": 0, "area": 1255.0, "score": 0.881759524345398, "category_name": "fish", "coord": [854.0, 932.0], "bbox": [842, 908, 42, 42]}, {"id": 372, "image_id": 0, "segmentation": {"size": [1080, 1920], "counts": "dVaU15bQ12N10001N100O100O100O1O100O10000O10000000000000000O100001N100000000O10001N102L5Jja\\h0"}, "iscrowd": 0, "area": 535.0, "score": 0.8952175378799438, "category_name": "fish", "coord": [1152.0, 995.0], "bbox": [1138, 986, 40, 16]}, {"id": 380, "image_id": 0, "segmentation": {"size": [1080, 1920], "counts": "SPiW12cQ16J3N2N2O1N2N2O1N2O1O1N2O1O1OO100O1O101N2N2N3N2M4K5Iaacf0"}, "iscrowd": 0, "area": 527.0, "score": 0.9067257046699524, "category_name": "fish", "coord": [1218.0, 1060.0], "bbox": [1206, 1046, 26, 33]}, {"id": 383, "image_id": 0, "segmentation": {"size": [1080, 1920], "counts": "lco\\1;ZQ14M4L2O1O1N2N2N100O100001N101N2O1O001N2N2N3M2N2M4H_o]a0"}, "iscrowd": 0, "area": 548.0, "score": 0.9130980968475342, "category_name": "fish", "coord": [1370.0, 1051.0], "bbox": [1364, 1030, 25, 35]}, {"id": 388, "image_id": 0, "segmentation": {"size": [1080, 1920], "counts": "dceQ16_Q16K3N2M2N101O001O00O101N2N2O1N2N4I_]Pm0"}, "iscrowd": 0, "area": 300.0, "score": 0.8811289668083191, "category_name": "fish", "coord": [1028.0, 795.0], "bbox": [1021, 780, 17, 26]}, {"id": 402, "image_id": 0, "segmentation": {"size": [1080, 1920], "counts": "\\XWX15bQ13M101N10001O00000O2O0000001O0000000001O0000000O2O001O0O2N3L\\QQf0"}, "iscrowd": 0, "area": 374.0, "score": 0.9025928974151611, "category_name": "fish", "coord": [1239.0, 562.0], "bbox": [1220, 552, 30, 14]}, {"id": 405, "image_id": 0, "segmentation": {"size": [1080, 1920], "counts": "h\\n[11bQ16N2N101O0O100000001O000000000000000000O1000001O0000001O0O2NVmYb0"}, "iscrowd": 0, "area": 345.0, "score": 0.8883662819862366, "category_name": "fish", "coord": [1347.0, 508.0], "bbox": [1333, 504, 30, 12]}, {"id": 412, "image_id": 0, "segmentation": {"size": [1080, 1920], "counts": "abc]13ZQ1b0F4M3N1O2N1O1O1O0100O0O2O1O1N2N2M3O1N3N1N4K9GPTl`0"}, "iscrowd": 0, "area": 596.0, "score": 0.9164752960205078, "category_name": "fish", "coord": [1398.0, 959.0], "bbox": [1383, 946, 23, 35]}, {"id": 414, "image_id": 0, "segmentation": {"size": [1080, 1920], "counts": "ZmjW11eQ14M2O0O100O2N100O1O100O1O100O10001N10000O10001O0000000000000O1000O101O0O101N1O2N4HciQf0"}, "iscrowd": 0, "area": 637.0, "score": 0.8806756734848022, "category_name": "fish", "coord": [1244.0, 875.0], "bbox": [1208, 860, 41, 20]}, {"id": 418, "image_id": 0, "segmentation": {"size": [1080, 1920], "counts": "YQn]16aQ13M2N1O2N2N2O1N2O1O001O1O1O010O1O1O010O001O0010O01O000010O000010O01O001O001N2O1N3N1N2O0O2N101N1O2N2N2M]Sd?"}, "iscrowd": 0, "area": 1124.0, "score": 0.9250240921974182, "category_name": "fish", "coord": [1421.0, 888.0], "bbox": [1393, 874, 51, 33]}, {"id": 427, "image_id": 0, "segmentation": {"size": [1080, 1920], "counts": "]jYi14aQ15M2O1N2O000O2O00000O2O000000000O101O00000000000001O0000000000000O100000001O00000000001N1O1O3M4Io_[4"}, "iscrowd": 0, "area": 809.0, "score": 0.8986836671829224, "category_name": "fish", "coord": [1774.0, 796.0], "bbox": [1738, 789, 48, 19]}, {"id": 458, "image_id": 0, "segmentation": {"size": [1080, 1920], "counts": "SWPm11fQ11O2O0O1O2O01O1N101O1NB0VoN0UP11loN5MJVP16boN85EWP1j0coNZOZP1T1N1C>H7M3M3M3N2fNRNfROR2Rm0^1\\Od0N2O1O1O1000000O1000000001O00001O1O1O001O1O1O2N1O1O1O0000001O0000O1M3J6L4N2N2L4O1N20000"}, "iscrowd": 0, "area": 7456.0, "score": 0.8834078311920166, "category_name": "fish", "coord": [1903.0, 1020.0], "bbox": [1850, 915, 69, 164]}, {"id": 463, "image_id": 0, "segmentation": {"size": [1080, 1920], "counts": "n^hl17_Q13M2N2N3M2O1O001N2O1O001O1O001O10O01O010O01N101O0O1O2O001N110O001O010O1O001O1O1O0O2O1O1O2M2N3N1O[ll0"}, "iscrowd": 0, "area": 944.0, "score": 0.8918230533599854, "category_name": "fish", "coord": [1857.0, 686.0], "bbox": [1843, 660, 48, 42]}, {"id": 484, "image_id": 0, "segmentation": {"size": [1080, 1920], "counts": "g`gc15\\Q18J6L3N10001O00000010N100000001N101O1N2O2N1N3LVVh:"}, "iscrowd": 0, "area": 475.0, "score": 0.8997834324836731, "category_name": "fish", "coord": [1584.0, 723.0], "bbox": [1569, 707, 23, 34]}, {"id": 486, "image_id": 0, "segmentation": {"size": [1080, 1920], "counts": "hQZe13dQ13M3M2O0O2O1O0O2O1O1N2O001O1O00100O1O10O0100O01O1O010O1O1O1O1O1O1O1O101M3N2Ldie8"}, "iscrowd": 0, "area": 705.0, "score": 0.8987378478050232, "category_name": "fish", "coord": [1643.0, 655.0], "bbox": [1617, 634, 38, 29]}, {"id": 489, "image_id": 0, "segmentation": {"size": [1080, 1920], "counts": "_fcm13kP1S1B9I5N2M2N2O1N2O1000O2M5L4L3M3L6H?_O`XQ1"}, "iscrowd": 0, "area": 918.0, "score": 0.8848931193351746, "category_name": "fish", "coord": [1884.0, 508.0], "bbox": [1869, 466, 18, 62]}, {"id": 492, "image_id": 0, "segmentation": {"size": [1080, 1920], "counts": "\\UUl1e0mP1:G7K5J5H7I8G8H9K4H8O100O100010N3N3M4L4Kf0[Ob0]O9G9E`0_Od\\X2"}, "iscrowd": 0, "area": 1678.0, "score": 0.8994122743606567, "category_name": "fish", "coord": [1841.0, 393.0], "bbox": [1825, 310, 25, 94]}, {"id": 494, "image_id": 0, "segmentation": {"size": [1080, 1920], "counts": "VPjg13cQ13N3M2O0O2O1O1O1O1N101O001O010O00000010O000010O00010O0001O001O1O001O1O001N2O1N2N3KTfR6"}, "iscrowd": 0, "area": 674.0, "score": 0.8877014517784119, "category_name": "fish", "coord": [1713.0, 436.0], "bbox": [1693, 424, 41, 23]}, {"id": 501, "image_id": 0, "segmentation": {"size": [1080, 1920], "counts": "Zbkc15`Q14N2N1O2N1O1O100O2O0O1000000O10000000000000O1000000O1000000O2O00001N101N2O1N2N3KUVR:"}, "iscrowd": 0, "area": 682.0, "score": 0.9041869640350342, "category_name": "fish", "coord": [1596.0, 564.0], "bbox": [1573, 550, 40, 20]}, {"id": 511, "image_id": 0, "segmentation": {"size": [1080, 1920], "counts": "Zfib19\\Q15L2N3N1N2O1N2N2N2O001O0010O01000O10O10O100O1O1N2O1O1O00101N1O1O1O2N1O2N4LiWW;"}, "iscrowd": 0, "area": 899.0, "score": 0.9153411388397217, "category_name": "fish", "coord": [1564.0, 427.0], "bbox": [1541, 410, 37, 35]}, {"id": 513, "image_id": 0, "segmentation": {"size": [1080, 1920], "counts": "P]`_14`Q16K4M3N2M2N2N2O2N1O100O001O10O0100O010O01O10O01O10O010O010O0100O101N1O1N3N2M2N4K5JZZ\\>"}, "iscrowd": 0, "area": 1044.0, "score": 0.9009501934051514, "category_name": "fish", "coord": [1475.0, 601.0], "bbox": [1441, 587, 41, 38]}, {"id": 514, "image_id": 0, "segmentation": {"size": [1080, 1920], "counts": "kT\\_14aQ16L2N101N1000000O01000O010000O1000000O10000O10001N100O100O2N1N]Sk>"}, "iscrowd": 0, "area": 390.0, "score": 0.8981910943984985, "category_name": "fish", "coord": [1459.0, 577.0], "bbox": [1437, 571, 31, 16]}, {"id": 516, "image_id": 0, "segmentation": {"size": [1080, 1920], "counts": "o^U]12eQ14L2N2O0O10001O0000000010O0000001O00001O001O0O101O001O1O0O2OejRa0"}, "iscrowd": 0, "area": 289.0, "score": 0.8887062072753906, "category_name": "fish", "coord": [1388.0, 561.0], "bbox": [1370, 555, 30, 12]}, {"id": 519, "image_id": 0, "segmentation": {"size": [1080, 1920], "counts": "fZW^18^Q13M3N1N2O1O1N110O001O01O0O2O0O2N2O1N2O2LTa[`0"}, "iscrowd": 0, "area": 337.0, "score": 0.895142674446106, "category_name": "fish", "coord": [1415.0, 673.0], "bbox": [1402, 662, 20, 25]}, {"id": 527, "image_id": 0, "segmentation": {"size": [1080, 1920], "counts": "ocY]1`0SQ18I5I7J5L5K5J6I6L4K5L4I5L5N0001O2L5XOi0\\Oe0_OoYYa0"}, "iscrowd": 0, "area": 1197.0, "score": 0.8997042179107666, "category_name": "fish", "coord": [1383.0, 499.0], "bbox": [1374, 421, 20, 97]}, {"id": 528, "image_id": 0, "segmentation": {"size": [1080, 1920], "counts": "]c`^15`Q1;E:H5L1N2O0O101O0000O100O2N1O3K<DS]U`0"}, "iscrowd": 0, "area": 528.0, "score": 0.9041467308998108, "category_name": "fish", "coord": [1418.0, 462.0], "bbox": [1411, 444, 17, 35]}, {"id": 532, "image_id": 0, "segmentation": {"size": [1080, 1920], "counts": "_Va_1=WQ15L4L3N2N2N2N2O1N2N2N2O0O2O000O1O1O1O00010O10O00001O01OO100O2O0O1N1O2N2N2O1N2K5N3M4M2N3K5N4HlYV>"}, "iscrowd": 0, "area": 1600.0, "score": 0.9057806730270386, "category_name": "fish", "coord": [1461.0, 333.0], "bbox": [1442, 272, 46, 93]}, {"id": 533, "image_id": 0, "segmentation": {"size": [1080, 1920], "counts": "Y_l]1;[Q15L3M2N1O1O1O1O1N1O2O1O001O100O001O0010O0000001O1O010O1O1N2O001O1O1O1N2O1O1O1N3N1O2L5K`Tn?"}, "iscrowd": 0, "area": 1118.0, "score": 0.9276877045631409, "category_name": "fish", "coord": [1413.0, 355.0], "bbox": [1392, 335, 43, 42]}, {"id": 534, "image_id": 0, "segmentation": {"size": [1080, 1920], "counts": "^__^14aQ14M3O0O1O100O2O0O10000O1000O0100000O010O100O00100O1O100O00100O1O1O2M2OPbc?"}, "iscrowd": 0, "area": 478.0, "score": 0.8869562745094299, "category_name": "fish", "coord": [1424.0, 379.0], "bbox": [1410, 368, 35, 20]}, {"id": 541, "image_id": 0, "segmentation": {"size": [1080, 1920], "counts": "_f`i13cQ13M3N2N1N2O2N1O1O100O1O100O100O01000O100O10000O01000O100000O01000O10O01000000O10000O1O2O0O1O2N1O2N2N3LS_Q4"}, "iscrowd": 0, "area": 1030.0, "score": 0.9041142463684082, "category_name": "fish", "coord": [1773.0, 273.0], "bbox": [1745, 257, 51, 28]}, {"id": 545, "image_id": 0, "segmentation": {"size": [1080, 1920], "counts": "VSeh11eQ14L3N1`oNI^o09_POI_o09_POI`o08_POI`o08`POH_o0:_POG`o0:aPOD_o0=aPOAao0?k01O10000O100000O010000000O10000O1000O0100O2O0O100O1O101N1O2M5LoaV5"}, "iscrowd": 0, "area": 770.0, "score": 0.8974316120147705, "category_name": "fish", "coord": [1741.0, 89.0], "bbox": [1719, 76, 42, 54]}, {"id": 547, "image_id": 0, "segmentation": {"size": [1080, 1920], "counts": "igjd1?WQ17J5K3M2O1O1O01O1O1O100O1N3N3L4L6G]Xk9"}, "iscrowd": 0, "area": 487.0, "score": 0.8889870643615723, "category_name": "fish", "coord": [1609.0, 88.0], "bbox": [1603, 76, 17, 34]}, {"id": 549, "image_id": 0, "segmentation": {"size": [1080, 1920], "counts": "_bea13dQ12M3M3N2M3M3N2N2N101O0O2O0O1000001N100000000O1000000000000000000000000001N1000001O001N2O0O2N2N3M2M5L5Jdbl;"}, "iscrowd": 0, "area": 1278.0, "score": 0.9089358448982239, "category_name": "fish", "coord": [1544.0, 165.0], "bbox": [1507, 150, 51, 30]}, {"id": 560, "image_id": 0, "segmentation": {"size": [1080, 1920], "counts": "ZoSZ1=XQ1`0Ag1ZN5K2N2O000O1001N100O1O2N2M6I;F7G9H`0_O=D<^OXg\\d0"}, "iscrowd": 0, "area": 1627.0, "score": 0.8946627378463745, "category_name": "fish", "coord": [1285.0, 115.0], "bbox": [1278, 81, 22, 93]}, {"id": 561, "image_id": 0, "segmentation": {"size": [1080, 1920], "counts": "h^fY13cQ15L2M3L3N3N1N3O0O2O0O101N10000O10O0100O1O100000001O0O1000001O00000000001O01O00001O1O1O1O1O1O1N2O1O1O1O1N101N1O2L5L3M4L[Xcc0"}, "iscrowd": 0, "area": 1538.0, "score": 0.8812066316604614, "category_name": "fish", "coord": [1293.0, 283.0], "bbox": [1265, 267, 59, 34]}, {"id": 564, "image_id": 0, "segmentation": {"size": [1080, 1920], "counts": "m`Qg16aQ13L3N1O1O2N1O100O100O100O1000000000000O1000O10000O100O010O100O100O100O10000O2O0O1O2N2N3LePh6"}, "iscrowd": 0, "area": 766.0, "score": 0.9038746953010559, "category_name": "fish", "coord": [1689.0, 205.0], "bbox": [1670, 192, 44, 22]}, {"id": 568, "image_id": 0, "segmentation": {"size": [1080, 1920], "counts": "jdTd13cQ16J3N2N2N1O2N1O2O0O100O2OO10O10000O010000O010O100O010O100O100O1O100O100O101N1O2M3MURh9"}, "iscrowd": 0, "area": 844.0, "score": 0.8835964798927307, "category_name": "fish", "coord": [1599.0, 134.0], "bbox": [1582, 122, 41, 28]}, {"id": 574, "image_id": 0, "segmentation": {"size": [1080, 1920], "counts": "acPj14bQ13M3L4K4]OAkoNb0TP1_OjoNb0VP1_OhoNc0XP1]OeoNe0\\P1;1O010O001O1O1O1N2O1O001O1O1000O010000O100000001N10000O1O100O2N1O100O2M3Likg3"}, "iscrowd": 0, "area": 1142.0, "score": 0.8849182724952698, "category_name": "fish", "coord": [1784.0, 371.0], "bbox": [1760, 339, 45, 50]}, {"id": 602, "image_id": 0, "segmentation": {"size": [1080, 1920], "counts": "[d\\_14cQ12M2O1M3M3M3M3N2O1N2N2N2N2O1N2O1O1O1O1N2N2L4001O0000000000O1FeNVPO\\1io0:O1O1N2O1O1O1N2J6L4N2O1O1O1N2O1M3L4I7M3O1O100O100O100O1O10000O100O100000O2N100O1N2N3L3M4L4M2M3N3M2N3N2M3M3L4L5L4L4K5L4K4N3L3N3M3M3K6K5J5KSma<"}, "iscrowd": 0, "area": 6396.0, "score": 0.8869712352752686, "category_name": "fish", "coord": [1450.0, 1056.0], "bbox": [1437, 970, 100, 109]}, {"id": 610, "image_id": 0, "segmentation": {"size": [1080, 1920], "counts": "dRUU13cQ14M2N2O001N10001O0000001O00000001O001O001O1O001O001O1N104KgXTi0"}, "iscrowd": 0, "area": 343.0, "score": 0.8834660053253174, "category_name": "fish", "coord": [1142.0, 460.0], "bbox": [1127, 455, 29, 14]}, {"id": 611, "image_id": 0, "segmentation": {"size": [1080, 1920], "counts": "UdlT14bQ13N2M3N1O2N1O1O2]O^OloNd0RP1BioN?WP1a0O010O10000O1000000O101O0O100O1O101N10001O1O001O001O1O1O0000O2O0O100O2O00000O2O0O2O1N2N3N1O1N2O2N1O2N2M2O2N1N2N3N2L5KeaRh0"}, "iscrowd": 0, "area": 2609.0, "score": 0.8995350003242493, "category_name": "fish", "coord": [1136.0, 441.0], "bbox": [1119, 407, 69, 53]}, {"id": 612, "image_id": 0, "segmentation": {"size": [1080, 1920], "counts": "l^iT14bQ13N2M2O2M3N1N2FCVoNa0gP19N3M2O1O100O100O100O1000000O100O100O101N1O101O0O2O001O00001O0010O01O1O0000O101O0000001N1O101N2O1N3N1N2O001N2O1O2N2N2N1O1N3N1O2N3M2N2N2N4K6KfVlg0"}, "iscrowd": 0, "area": 3007.0, "score": 0.9083834886550903, "category_name": "fish", "coord": [1192.0, 448.0], "bbox": [1116, 406, 78, 55]}, {"id": 618, "image_id": 0, "segmentation": {"size": [1080, 1920], "counts": "ilS3;[Q14M1O2N1N3N1O1O1O1O1O1O100O1O10000O010O1000O10O01O1O10O01O1O100O010O1000000O101N1O1O2N1M4L4Ifacj1"}, "iscrowd": 0, "area": 1178.0, "score": 0.9194668531417847, "category_name": "fish", "coord": [123.0, 768.0], "bbox": [94, 756, 46, 35]}, {"id": 620, "image_id": 0, "segmentation": {"size": [1080, 1920], "counts": "VUm0`0TQ16K4M2M4M2O1O1O1O010O0010O001O1O1O1N2O1O1N2M3K6M3M3N2M]Z^m1"}, "iscrowd": 0, "area": 812.0, "score": 0.8854203820228577, "category_name": "fish", "coord": [37.0, 704.0], "bbox": [27, 681, 27, 40]}, {"id": 621, "image_id": 0, "segmentation": {"size": [1080, 1920], "counts": "`Q]=:9:VP1g0M2N1N2O1O1O010O1O010O01O1O010O1O1O1N2N2O1O1O1N3N1N3M3M4M2M4J:DmTi`1"}, "iscrowd": 0, "area": 1353.0, "score": 0.8930873870849609, "category_name": "fish", "coord": [423.0, 869.0], "bbox": [406, 851, 32, 54]}]}