{"images": [{"id": 0, "file_name": "images/4129.jpg", "width": 1920, "height": 1080}], "annotations": [{"id": 3, "image_id": 0, "segmentation": {"size": [1080, 1920], "counts": "\\iX84`Q15N2N2O0O1000000001N2N2NQ`bf1"}, "iscrowd": 0, "area": 150.0, "score": 0.8969937562942505, "category_name": "fish", "coord": [256.0, 67.0], "bbox": [251, 61, 12, 13]}, {"id": 5, "image_id": 0, "segmentation": {"size": [1080, 1920], "counts": "\\S\\26aQ12N2O001N10001O00000000000000000001N1000001N2N3Mk`Rl1"}, "iscrowd": 0, "area": 276.0, "score": 0.8901898860931396, "category_name": "fish", "coord": [83.0, 177.0], "bbox": [72, 169, 24, 12]}, {"id": 6, "image_id": 0, "segmentation": {"size": [1080, 1920], "counts": "aeT8<ZQ15L2O1O1O000001O00001O2M4K6FU`df1"}, "iscrowd": 0, "area": 259.0, "score": 0.8976194858551025, "category_name": "fish", "coord": [254.0, 177.0], "bbox": [247, 166, 14, 20]}, {"id": 7, "image_id": 0, "segmentation": {"size": [1080, 1920], "counts": "fhn97]Q16L3N1O1O2N1O1O100O10000O10000O1000O10000O2O0O1O1O2N1N3N1N2N3Lh_Xd1"}, "iscrowd": 0, "area": 640.0, "score": 0.9341956973075867, "category_name": "fish", "coord": [318.0, 259.0], "bbox": [302, 247, 31, 25]}, {"id": 13, "image_id": 0, "segmentation": {"size": [1080, 1920], "counts": "YoWc05bQ13N1N101O1O001O1N2O001O1O0000000000000001N101N2MQeV[1"}, "iscrowd": 0, "area": 362.0, "score": 0.8878436088562012, "category_name": "fish", "coord": [604.0, 48.0], "bbox": [584, 38, 24, 17]}, {"id": 15, "image_id": 0, "segmentation": {"size": [1080, 1920], "counts": "mWUb04cQ13N1N10001O000000001O01O000000001O001N2O2M`a\\\\1"}, "iscrowd": 0, "area": 193.0, "score": 0.8985519409179688, "category_name": "fish", "coord": [560.0, 120.0], "bbox": [551, 115, 21, 10]}, {"id": 28, "image_id": 0, "segmentation": {"size": [1080, 1920], "counts": "[\\mk05aQ13N2O1O1O1O001O001O1O10O1O1O1O2N1O3M2M]`fR1"}, "iscrowd": 0, "area": 238.0, "score": 0.8900853395462036, "category_name": "fish", "coord": [858.0, 71.0], "bbox": [847, 64, 19, 16]}, {"id": 30, "image_id": 0, "segmentation": {"size": [1080, 1920], "counts": "PibQ15bQ13N1N101O00001O00000000000001O0O101N2OoSQm0"}, "iscrowd": 0, "area": 207.0, "score": 0.8810790777206421, "category_name": "fish", "coord": [1031.0, 61.0], "bbox": [1019, 54, 19, 11]}, {"id": 31, "image_id": 0, "segmentation": {"size": [1080, 1920], "counts": "]ihR18_Q12N2O1N2O001O001O00001O01O00001O001N2O2M3KQPik0"}, "iscrowd": 0, "area": 317.0, "score": 0.8897607922554016, "category_name": "fish", "coord": [1067.0, 106.0], "bbox": [1055, 98, 21, 17]}, {"id": 32, "image_id": 0, "segmentation": {"size": [1080, 1920], "counts": "fWRV14cQ13M2O0O2O0000000000000001O000O2N2Nkhch0"}, "iscrowd": 0, "area": 169.0, "score": 0.8910893201828003, "category_name": "fish", "coord": [1166.0, 81.0], "bbox": [1155, 75, 17, 10]}, {"id": 36, "image_id": 0, "segmentation": {"size": [1080, 1920], "counts": "QenY13dQ14M1N2O001O00001O00001O01O01O00000001O000010O01O00001O001N2O1NjbXd0"}, "iscrowd": 0, "area": 343.0, "score": 0.922167956829071, "category_name": "fish", "coord": [1289.0, 46.0], "bbox": [1273, 39, 31, 14]}, {"id": 40, "image_id": 0, "segmentation": {"size": [1080, 1920], "counts": "Zefg18_Q12O1N100O10000O10000000O10000O101N2N2NhWm6"}, "iscrowd": 0, "area": 235.0, "score": 0.883594810962677, "category_name": "fish", "coord": [1701.0, 252.0], "bbox": [1690, 246, 19, 13]}, {"id": 46, "image_id": 0, "segmentation": {"size": [1080, 1920], "counts": "VQP65bQ13M2O1O00001O0O1001O0000000000000O101O000O1O2Mld_h1"}, "iscrowd": 0, "area": 254.0, "score": 0.9116173386573792, "category_name": "fish", "coord": [194.0, 91.0], "bbox": [182, 83, 23, 12]}]}