{"images": [{"id": 0, "file_name": "images/4483.jpg", "width": 1920, "height": 1080}], "annotations": [{"id": 0, "image_id": 0, "segmentation": {"size": [1080, 1920], "counts": "k^f63cQ14M2M2M3O1O001O1O1O1O010O00010O01O100O1O1O1O1O1O2M5H`Rfg1"}, "iscrowd": 0, "area": 391.0, "score": 0.8839770555496216, "category_name": "fish", "coord": [215.0, 358.0], "bbox": [203, 353, 26, 23]}, {"id": 3, "image_id": 0, "segmentation": {"size": [1080, 1920], "counts": "^Xa39]Q13N1N110O1O010O1O0010O00100O010O100O2O0O1O2N2N3LS\\mj1"}, "iscrowd": 0, "area": 334.0, "score": 0.8864988684654236, "category_name": "fish", "coord": [120.0, 415.0], "bbox": [107, 410, 24, 21]}, {"id": 5, "image_id": 0, "segmentation": {"size": [1080, 1920], "counts": "^=`0XQ100000O1O001O1O001O10O01O1O0010O01O0100O00100O00100O1O1O100O1O1O2N1O2N3LWbQn1"}, "iscrowd": 0, "area": 687.0, "score": 0.9301052689552307, "category_name": "fish", "coord": [21.0, 426.0], "bbox": [0, 415, 36, 30]}, {"id": 9, "image_id": 0, "segmentation": {"size": [1080, 1920], "counts": "Xj63cQ13M3N1O2N1O1O1O010O1000O01000O100O010000000O1000000O2N2N3MbaRn1"}, "iscrowd": 0, "area": 390.0, "score": 0.9141437411308289, "category_name": "fish", "coord": [18.0, 496.0], "bbox": [6, 491, 29, 18]}, {"id": 11, "image_id": 0, "segmentation": {"size": [1080, 1920], "counts": "_jc23`Q16N1O2N1O1O1O1000O001O100O10000O100O2N2MUQok1"}, "iscrowd": 0, "area": 255.0, "score": 0.8910504579544067, "category_name": "fish", "coord": [91.0, 509.0], "bbox": [79, 507, 20, 16]}, {"id": 12, "image_id": 0, "segmentation": {"size": [1080, 1920], "counts": "VPm04^Q18M2N1O2N100O010O0010000O10O0100000O10O10O1000O0100O10000O10000O1O100O2M2O3KSlRm1"}, "iscrowd": 0, "area": 652.0, "score": 0.9037821888923645, "category_name": "fish", "coord": [45.0, 530.0], "bbox": [27, 525, 38, 24]}, {"id": 13, "image_id": 0, "segmentation": {"size": [1080, 1920], "counts": "fYY21eQ14M1O1O2N1O100O1O100O1O00100O1O10000O010000000O10O10000O100O100O10000O2O0O1O2Mj`ek1"}, "iscrowd": 0, "area": 534.0, "score": 0.9245041012763977, "category_name": "fish", "coord": [94.0, 533.0], "bbox": [69, 526, 39, 19]}, {"id": 17, "image_id": 0, "segmentation": {"size": [1080, 1920], "counts": "mlY35aQ15K3N2N1O2O0O2O0O10000O0100000O1000O100000000O100O2O000O10000O2O0O1O2O0O2N2MSoej1"}, "iscrowd": 0, "area": 673.0, "score": 0.9161494374275208, "category_name": "fish", "coord": [120.0, 443.0], "bbox": [100, 434, 38, 22]}, {"id": 35, "image_id": 0, "segmentation": {"size": [1080, 1920], "counts": "TjX91bQ16L4N1N2O1N2O1O1O1O00001O00010O10O100O1O0O2N3N1O2M3I_gSe1"}, "iscrowd": 0, "area": 435.0, "score": 0.8980759978294373, "category_name": "fish", "coord": [296.0, 446.0], "bbox": [281, 436, 26, 26]}, {"id": 39, "image_id": 0, "segmentation": {"size": [1080, 1920], "counts": "Xni;3aQ15N2N2N2O1N2N101N2O0O101N100O100O10000O01000001O000000001N10001N101O0O2N3M4KgmUb1"}, "iscrowd": 0, "area": 798.0, "score": 0.9046142101287842, "category_name": "fish", "coord": [377.0, 371.0], "bbox": [358, 361, 38, 26]}, {"id": 42, "image_id": 0, "segmentation": {"size": [1080, 1920], "counts": "Vhk<6aQ13M1O101N100O2O0O101N10O10O01000O01000000O10000O100O2O0O100O2N2O4J^\\Ya1"}, "iscrowd": 0, "area": 467.0, "score": 0.9083186984062195, "category_name": "fish", "coord": [407.0, 434.0], "bbox": [390, 429, 33, 19]}, {"id": 44, "image_id": 0, "segmentation": {"size": [1080, 1920], "counts": "]]k=2dQ14N2M101N101N10001N10001O00000O10000000O1O100O100O100O2O0O1O2Nij[`1"}, "iscrowd": 0, "area": 409.0, "score": 0.9060591459274292, "category_name": "fish", "coord": [440.0, 460.0], "bbox": [420, 454, 31, 16]}, {"id": 48, "image_id": 0, "segmentation": {"size": [1080, 1920], "counts": "T]e?4bQ13N3M2O1N101O001N101O001O00001O00000010O000000001O001O001O0O2O001N2N2Nkc]^1"}, "iscrowd": 0, "area": 587.0, "score": 0.8962206244468689, "category_name": "fish", "coord": [490.0, 445.0], "bbox": [475, 438, 35, 20]}, {"id": 49, "image_id": 0, "segmentation": {"size": [1080, 1920], "counts": "abV?4bQ13N2N1O1O1O100O1O100O010O10O100O10000O100O2N2N4JPRX_1"}, "iscrowd": 0, "area": 299.0, "score": 0.9060108065605164, "category_name": "fish", "coord": [473.0, 372.0], "bbox": [461, 366, 24, 16]}, {"id": 56, "image_id": 0, "segmentation": {"size": [1080, 1920], "counts": "TX^a01eQ14M1O1O2O00000O100O10000O1000000O1000001O00000000O101O0000001N101N6Jfje\\1"}, "iscrowd": 0, "area": 369.0, "score": 0.8858686089515686, "category_name": "fish", "coord": [550.0, 330.0], "bbox": [529, 323, 34, 13]}, {"id": 83, "image_id": 0, "segmentation": {"size": [1080, 1920], "counts": "[Rbe07`Q12N2N2O00001N100000000000000000000000O2O0O100O2N3MV`kX1"}, "iscrowd": 0, "area": 337.0, "score": 0.9097395539283752, "category_name": "fish", "coord": [666.0, 317.0], "bbox": [654, 311, 25, 14]}, {"id": 87, "image_id": 0, "segmentation": {"size": [1080, 1920], "counts": "bf^c05`Q13O2N1O2N1O100O10001O0O100000000O1000O100000000000000000001O01O01O00001O001O0O2O0O2O1Ncl[Z1"}, "iscrowd": 0, "area": 693.0, "score": 0.9125993847846985, "category_name": "fish", "coord": [617.0, 449.0], "bbox": [590, 439, 43, 18]}, {"id": 88, "image_id": 0, "segmentation": {"size": [1080, 1920], "counts": "\\jZe03dQ12N101N1N200O10000O1000001N1000000000000O1000000000000O100000001O0O100000001N11N10000O1O2N1N3M3M4L\\^YX1"}, "iscrowd": 0, "area": 673.0, "score": 0.8980674147605896, "category_name": "fish", "coord": [675.0, 449.0], "bbox": [647, 440, 49, 19]}, {"id": 103, "image_id": 0, "segmentation": {"size": [1080, 1920], "counts": "P]Sh06aQ1101O001O0O10001O00001O0O101O000O10000O1000O100O100O1O002M2O3LUkSV1"}, "iscrowd": 0, "area": 372.0, "score": 0.8836494088172913, "category_name": "fish", "coord": [744.0, 440.0], "bbox": [731, 434, 31, 16]}, {"id": 118, "image_id": 0, "segmentation": {"size": [1080, 1920], "counts": "ZbWf02dQ14L3M3N1O1O1O1O001O1O1N2O1O1O100O100O10O10000O10O010000O10000O101O000O100000000000000000000000001O0O101N101N101N101N2NVURW1"}, "iscrowd": 0, "area": 1134.0, "score": 0.881603479385376, "category_name": "fish", "coord": [705.0, 718.0], "bbox": [674, 708, 59, 27]}, {"id": 129, "image_id": 0, "segmentation": {"size": [1080, 1920], "counts": "aV[i05cQ12M2O000O2O001O0000010O0000001O01O000010O0001O001O0010O01O001N3LaojT1"}, "iscrowd": 0, "area": 345.0, "score": 0.8911769390106201, "category_name": "fish", "coord": [781.0, 155.0], "bbox": [769, 151, 32, 15]}, {"id": 130, "image_id": 0, "segmentation": {"size": [1080, 1920], "counts": "[RZo05bQ12N2O1N100000001O0000000O1001O0000000O10000000000O2O0O2NoZPo0"}, "iscrowd": 0, "area": 308.0, "score": 0.8913256525993347, "category_name": "fish", "coord": [965.0, 124.0], "bbox": [950, 119, 28, 12]}, {"id": 134, "image_id": 0, "segmentation": {"size": [1080, 1920], "counts": "lVmf03cQ13N2O0O2O1O00001O00001O00001O000000010O000010O01O010O00010O0010O0010O0000001O0000001O000001O000O1000001O000O2O001N101N2MV^[V1"}, "iscrowd": 0, "area": 817.0, "score": 0.9084083437919617, "category_name": "fish", "coord": [740.0, 222.0], "bbox": [695, 208, 60, 22]}, {"id": 148, "image_id": 0, "segmentation": {"size": [1080, 1920], "counts": "folm04cQ13M2O1O1O001O010O001O01O001O001O1O1O3LTmfP1"}, "iscrowd": 0, "area": 203.0, "score": 0.9006845951080322, "category_name": "fish", "coord": [919.0, 400.0], "bbox": [907, 396, 19, 13]}, {"id": 158, "image_id": 0, "segmentation": {"size": [1080, 1920], "counts": "iWXi05bQ13M2O1O1O1N101O1O1O00100O100O100O10O010O010O010O010O01O01O010O00010O01O010O1O0001N1N2N3N1O1O101O001N101O001N3LheUT1"}, "iscrowd": 0, "area": 919.0, "score": 0.8892739415168762, "category_name": "fish", "coord": [785.0, 371.0], "bbox": [766, 358, 55, 33]}, {"id": 177, "image_id": 0, "segmentation": {"size": [1080, 1920], "counts": "UnXV12eQ13M2N2N1N2O2O0O1O100O100O100O01000O10O100O1O100O2N1N4KXaRh0"}, "iscrowd": 0, "area": 393.0, "score": 0.8811150789260864, "category_name": "fish", "coord": [1178.0, 456.0], "bbox": [1161, 448, 27, 19]}, {"id": 179, "image_id": 0, "segmentation": {"size": [1080, 1920], "counts": "kjiS15bQ13N1N2O1N10001N1000000O100000000O100000000000000000O2O00000O101O0O101N2N3MfRWj0"}, "iscrowd": 0, "area": 527.0, "score": 0.9228183031082153, "category_name": "fish", "coord": [1106.0, 459.0], "bbox": [1086, 453, 37, 16]}, {"id": 222, "image_id": 0, "segmentation": {"size": [1080, 1920], "counts": "Uflk04cQ13M3M2O1N101O001O0O2O00001O01O00001O001O1O1N3N2MPnaR1"}, "iscrowd": 0, "area": 365.0, "score": 0.9199470281600952, "category_name": "fish", "coord": [859.0, 440.0], "bbox": [846, 432, 24, 18]}, {"id": 223, "image_id": 0, "segmentation": {"size": [1080, 1920], "counts": "hd^l07_Q13N2N2O1O0O2O1O1N2O1O00001N100000001O0O1000000000000000000000000000O100O2N100O100O101N100O2O001N2O0O3M2N4Kg\\QQ1"}, "iscrowd": 0, "area": 1089.0, "score": 0.9189555644989014, "category_name": "fish", "coord": [896.0, 464.0], "bbox": [863, 456, 53, 25]}, {"id": 240, "image_id": 0, "segmentation": {"size": [1080, 1920], "counts": "XY]m06`Q14L4M3M2O1O0000001O000001O00000010O000001O00010O00001O001O001O001N2O1O1O1N2NZbbP1"}, "iscrowd": 0, "area": 673.0, "score": 0.8881402015686035, "category_name": "fish", "coord": [915.0, 523.0], "bbox": [892, 514, 38, 22]}, {"id": 242, "image_id": 0, "segmentation": {"size": [1080, 1920], "counts": "alUm03dQ11O1O2O1N101N101O0O2O0000000000000000000001O0000001O001N2O1N2N`[QQ1"}, "iscrowd": 0, "area": 356.0, "score": 0.8926869034767151, "category_name": "fish", "coord": [900.0, 503.0], "bbox": [885, 499, 31, 13]}, {"id": 243, "image_id": 0, "segmentation": {"size": [1080, 1920], "counts": "k^gk09^Q13N1O0O2O1O1O001N2O001O001O000001O01O01O00000010O000001O0000001O0O101N101N100O2O1N2NgUTR1"}, "iscrowd": 0, "area": 771.0, "score": 0.8843425512313843, "category_name": "fish", "coord": [862.0, 491.0], "bbox": [841, 480, 42, 23]}]}