{"images": [{"id": 0, "file_name": "images/4538.jpg", "width": 1920, "height": 1080}], "annotations": [{"id": 4, "image_id": 0, "segmentation": {"size": [1080, 1920], "counts": "]YeP17`Q13M2O1O1O3N1N100000O01N100O2O001O001O001N101O0001O002N2N2N1N3N1O1N2N2N4H`e\\m0"}, "iscrowd": 0, "area": 696.0, "score": 0.9118250608444214, "category_name": "fish", "coord": [1011.0, 110.0], "bbox": [991, 99, 36, 27]}, {"id": 5, "image_id": 0, "segmentation": {"size": [1080, 1920], "counts": "nhj[13`Q17H7M2O2N1O2N1O2O01001N2N100O00000O10O10000O100O100O2N101N101O0O1O1O2N100N200O1001N100000000000000001O0000000O2O1N2N3L[n^a0"}, "iscrowd": 0, "area": 1280.0, "score": 0.9074267745018005, "category_name": "fish", "coord": [1357.0, 41.0], "bbox": [1330, 28, 59, 33]}]}