{"images": [{"id": 0, "file_name": "images/4564.jpg", "width": 1920, "height": 1080}], "annotations": [{"id": 0, "image_id": 0, "segmentation": {"size": [1080, 1920], "counts": "cY\\31eQ14L3N2N1O1O1O1O1O100O100O100O100O1000O0100O1000O10O010000O10000O101N100O1O1O2O0O2N1O2NlY^j1"}, "iscrowd": 0, "area": 683.0, "score": 0.9340205192565918, "category_name": "fish", "coord": [126.0, 733.0], "bbox": [102, 721, 43, 22]}, {"id": 3, "image_id": 0, "segmentation": {"size": [1080, 1920], "counts": "a\\fb13cQ14L3N2N100O2N1O101N1O1O1O100O1O100O1O100O100O10O10O10O1000O0100O100O100O100O100O100O100O1O100O1O100O1O100O010O1O100O100O10000O2N100O100O2O3LigW:"}, "iscrowd": 0, "area": 1291.0, "score": 0.9547328352928162, "category_name": "fish", "coord": [1564.0, 282.0], "bbox": [1538, 267, 70, 30]}, {"id": 5, "image_id": 0, "segmentation": {"size": [1080, 1920], "counts": "YlTU13dQ13M3N001O0O2O000001O00001O001O1O1KYTai0"}, "iscrowd": 0, "area": 168.0, "score": 0.8813823461532593, "category_name": "fish", "coord": [1135.0, 259.0], "bbox": [1127, 254, 17, 11]}, {"id": 6, "image_id": 0, "segmentation": {"size": [1080, 1920], "counts": "o]RV13bQ16L3M2O1O001O001O00001O0001O00000O2O1N4J[]`h0"}, "iscrowd": 0, "area": 307.0, "score": 0.9361918568611145, "category_name": "fish", "coord": [1166.0, 281.0], "bbox": [1155, 274, 20, 17]}, {"id": 7, "image_id": 0, "segmentation": {"size": [1080, 1920], "counts": "WUST16`Q13N2N2N10001N1000001O00O2O002M4KSmcj0"}, "iscrowd": 0, "area": 229.0, "score": 0.8980860114097595, "category_name": "fish", "coord": [1104.0, 290.0], "bbox": [1095, 281, 16, 16]}, {"id": 8, "image_id": 0, "segmentation": {"size": [1080, 1920], "counts": "nkRR16`Q13N2O1N1O2O01O0000001O2M4La[gl0"}, "iscrowd": 0, "area": 166.0, "score": 0.8839333653450012, "category_name": "fish", "coord": [1042.0, 339.0], "bbox": [1034, 329, 13, 14]}, {"id": 9, "image_id": 0, "segmentation": {"size": [1080, 1920], "counts": "PW_P16_Q14N2O1N1O2O0O10000O1000000O010001N1O2N3JadSn0"}, "iscrowd": 0, "area": 315.0, "score": 0.909598708152771, "category_name": "fish", "coord": [996.0, 358.0], "bbox": [985, 351, 20, 18]}, {"id": 10, "image_id": 0, "segmentation": {"size": [1080, 1920], "counts": "`jPo04aQ14N2N1O100O1O100000000000000001N2O1N3MdRco0"}, "iscrowd": 0, "area": 234.0, "score": 0.9052080512046814, "category_name": "fish", "coord": [953.0, 375.0], "bbox": [941, 368, 19, 13]}, {"id": 12, "image_id": 0, "segmentation": {"size": [1080, 1920], "counts": "lPSo02dQ15K4M2O1N101O00O101O000O3M3KPUfo0"}, "iscrowd": 0, "area": 180.0, "score": 0.9009441137313843, "category_name": "fish", "coord": [949.0, 469.0], "bbox": [943, 462, 14, 15]}, {"id": 16, "image_id": 0, "segmentation": {"size": [1080, 1920], "counts": "_SdT16_Q14M3N1N2O100O1000000000O101O1N2O3L7IXkPj0"}, "iscrowd": 0, "area": 271.0, "score": 0.8800865411758423, "category_name": "fish", "coord": [1122.0, 357.0], "bbox": [1111, 349, 18, 17]}, {"id": 18, "image_id": 0, "segmentation": {"size": [1080, 1920], "counts": "gVmU18_Q11O2O001N10001O0000000000O100000001N2N3Lbdeh0"}, "iscrowd": 0, "area": 251.0, "score": 0.9063147306442261, "category_name": "fish", "coord": [1161.0, 331.0], "bbox": [1150, 324, 20, 13]}, {"id": 21, "image_id": 0, "segmentation": {"size": [1080, 1920], "counts": "fjjV13cQ14L4M2O001N101N10001O0000001O0O101O0001O0O1000001O1N3M3Leb_g0"}, "iscrowd": 0, "area": 471.0, "score": 0.9006702899932861, "category_name": "fish", "coord": [1195.0, 424.0], "bbox": [1178, 414, 28, 20]}, {"id": 22, "image_id": 0, "segmentation": {"size": [1080, 1920], "counts": "eZPY15aQ14N2M2O1O0O2O0000001O000000O2O0O2N3JWdde0"}, "iscrowd": 0, "area": 261.0, "score": 0.9228615164756775, "category_name": "fish", "coord": [1255.0, 315.0], "bbox": [1244, 305, 18, 16]}, {"id": 25, "image_id": 0, "segmentation": {"size": [1080, 1920], "counts": "bQQZ16aQ13N1O1N200O1O1O010O1O000001O00001O0O2N5Jaiad0"}, "iscrowd": 0, "area": 273.0, "score": 0.9068055152893066, "category_name": "fish", "coord": [1285.0, 337.0], "bbox": [1275, 328, 20, 17]}, {"id": 26, "image_id": 0, "segmentation": {"size": [1080, 1920], "counts": "YenZ18^Q14L3N1O2O0O100000000001O0O2N3HP_ic0"}, "iscrowd": 0, "area": 258.0, "score": 0.8800191283226013, "category_name": "fish", "coord": [1313.0, 418.0], "bbox": [1303, 410, 15, 18]}, {"id": 27, "image_id": 0, "segmentation": {"size": [1080, 1920], "counts": "][nX18_Q12M2O1O2N1O1O1O1O1O1O1O0010000000O01000O1O101N1N2N3M2N4LXR\\e0"}, "iscrowd": 0, "area": 516.0, "score": 0.888615608215332, "category_name": "fish", "coord": [1263.0, 439.0], "bbox": [1242, 430, 28, 24]}, {"id": 33, "image_id": 0, "segmentation": {"size": [1080, 1920], "counts": "Rd_>9_Q11O1O2N2N2N1N3N1N2N100O101N100O100O10000O10O1000O100000O010O100O01000O010O1000O010000O100O1O1O1O1O1N2O1O2N1O101N2N1O2O1M3Kiog^1"}, "iscrowd": 0, "area": 1470.0, "score": 0.8990014791488647, "category_name": "fish", "coord": [476.0, 632.0], "bbox": [439, 621, 61, 35]}]}