{"images": [{"id": 0, "file_name": "images/4576.jpg", "width": 1920, "height": 1080}], "annotations": [{"id": 1, "image_id": 0, "segmentation": {"size": [1080, 1920], "counts": "[cc<4cQ13N1N101N1000000O2O000O2O001O1O0O2O001O1O001O1N101O0000001O000000000000001O0000000000O100000000000001O0O1000001N10000O2O0O2O1N101O1N2N101N2N3Ma^Y`1"}, "iscrowd": 0, "area": 1415.0, "score": 0.9450830817222595, "category_name": "fish", "coord": [420.0, 736.0], "bbox": [382, 724, 71, 26]}, {"id": 2, "image_id": 0, "segmentation": {"size": [1080, 1920], "counts": "]\\\\>1gQ1000O2O1N100O2O00001O001N2O001O1O001O1O1O1O1O001O1O1N2O1O1O0O2O1O1O001O1O001O000010O001O001O010O1O1N2O1O001O1O1O2N1N2O2M3N1O1N2O[Qh^1"}, "iscrowd": 0, "area": 1242.0, "score": 0.8829917907714844, "category_name": "fish", "coord": [476.0, 564.0], "bbox": [436, 551, 64, 33]}, {"id": 3, "image_id": 0, "segmentation": {"size": [1080, 1920], "counts": "Zkf>1fQ12N1O100O2O001N101O001O001O1O001O1O001O1O1O1O001O000000000000000000000000O2O0000000O10000O2O001N101O1N2O0O3N[Th^1"}, "iscrowd": 0, "area": 781.0, "score": 0.8835996389389038, "category_name": "fish", "coord": [479.0, 475.0], "bbox": [446, 469, 54, 19]}, {"id": 4, "image_id": 0, "segmentation": {"size": [1080, 1920], "counts": "[oV>8^Q15M2M3N1O1O1O1O1O0001O0000100O1O2M2O2N2N1O2M2OYfX`1"}, "iscrowd": 0, "area": 419.0, "score": 0.9054017663002014, "category_name": "fish", "coord": [443.0, 426.0], "bbox": [431, 416, 23, 23]}, {"id": 5, "image_id": 0, "segmentation": {"size": [1080, 1920], "counts": "ZmV><UQ19L1O2O1O1000O002M2N3M4M4IaZc`1"}, "iscrowd": 0, "area": 286.0, "score": 0.8917809128761292, "category_name": "fish", "coord": [439.0, 354.0], "bbox": [431, 340, 13, 27]}, {"id": 6, "image_id": 0, "segmentation": {"size": [1080, 1920], "counts": "Z_g<3eQ12M4M1O2N1O1O1O100O001O1O10O01O010O0001O01O01O00010O001O1O001O1O001O1O1O2Mi]Ya1"}, "iscrowd": 0, "area": 579.0, "score": 0.9133796691894531, "category_name": "fish", "coord": [408.0, 387.0], "bbox": [386, 377, 37, 23]}, {"id": 7, "image_id": 0, "segmentation": {"size": [1080, 1920], "counts": "kcP;4cQ14L2O0O2N2N2O1N20O01O1O0010O001O1O001O1O1N2N2M6IYP^c1"}, "iscrowd": 0, "area": 373.0, "score": 0.8948986530303955, "category_name": "fish", "coord": [349.0, 370.0], "bbox": [334, 357, 24, 21]}, {"id": 8, "image_id": 0, "segmentation": {"size": [1080, 1920], "counts": "fco:2eQ12M2O2N101N2N2N2O1N101N101O000000000000O101N1N2N3N1O2N1O2M3MYfXc1"}, "iscrowd": 0, "area": 437.0, "score": 0.9127160310745239, "category_name": "fish", "coord": [346.0, 413.0], "bbox": [333, 404, 30, 20]}, {"id": 9, "image_id": 0, "segmentation": {"size": [1080, 1920], "counts": "dfV<1dQ18I3N2O0O2O0000001O00000000000000O2O00001N102L4KhmWb1"}, "iscrowd": 0, "area": 350.0, "score": 0.9130941033363342, "category_name": "fish", "coord": [381.0, 487.0], "bbox": [370, 477, 24, 16]}, {"id": 12, "image_id": 0, "segmentation": {"size": [1080, 1920], "counts": "k`n56aQ12M3M3M2N2N2O1O1O2N1O1O1O1O1O1O1O1O100O001O10O01O10O010O010O010O1O001O1O001O1O1N101O1O1O001N2N2M2N3N2N2N101L3O3Md\\^g1"}, "iscrowd": 0, "area": 1431.0, "score": 0.9213191270828247, "category_name": "fish", "coord": [211.0, 685.0], "bbox": [180, 661, 56, 47]}, {"id": 13, "image_id": 0, "segmentation": {"size": [1080, 1920], "counts": "YXf71gQ11O0O2O00001O00001N101O001O1O2N1O1O1O1O1O1O1O1O1N2O001N10000O101O0O10000000000000000000000000O2O000000001O000O101O00001O0O101O001O1N2O1O1N3N2M4LegUe1"}, "iscrowd": 0, "area": 1365.0, "score": 0.9149435758590698, "category_name": "fish", "coord": [276.0, 536.0], "bbox": [233, 523, 72, 27]}, {"id": 14, "image_id": 0, "segmentation": {"size": [1080, 1920], "counts": "[ca82dQ13L4N1O2N2O1N2O2M101N101N10000000O01000O10000O2N2N101N2N4L\\hge1"}, "iscrowd": 0, "area": 543.0, "score": 0.887126624584198, "category_name": "fish", "coord": [276.0, 451.0], "bbox": [259, 438, 29, 24]}, {"id": 17, "image_id": 0, "segmentation": {"size": [1080, 1920], "counts": "ZPab01eQ14N2M1O2O1N1O2N1O1N3N1O1O1O1O100O0100000001N10001N101O1N1O2N101N101N2N1OWo`[1"}, "iscrowd": 0, "area": 607.0, "score": 0.9018607139587402, "category_name": "fish", "coord": [580.0, 277.0], "bbox": [562, 266, 36, 24]}, {"id": 18, "image_id": 0, "segmentation": {"size": [1080, 1920], "counts": "`Qna09]Q12O2M2O2N1O1O100000000O1000O100000000O1000000O100O101N1O1O1O3LiVY\\1"}, "iscrowd": 0, "area": 552.0, "score": 0.9025878310203552, "category_name": "fish", "coord": [561.0, 303.0], "bbox": [544, 294, 31, 20]}, {"id": 19, "image_id": 0, "segmentation": {"size": [1080, 1920], "counts": "SWPb08^Q14M2N2O0O2O00O10000000O10O100O100O00100O1O101N1O1O2N3LRX[\\1"}, "iscrowd": 0, "area": 396.0, "score": 0.8893964886665344, "category_name": "fish", "coord": [557.0, 373.0], "bbox": [546, 364, 27, 19]}, {"id": 20, "image_id": 0, "segmentation": {"size": [1080, 1920], "counts": "ehac02eQ13M2N101N1O2N100O101O0O101O00000O10000000000001O00000000001N10001N1O101N100O2N2O0OomZZ1"}, "iscrowd": 0, "area": 564.0, "score": 0.9007406830787659, "category_name": "fish", "coord": [609.0, 351.0], "bbox": [593, 340, 41, 17]}, {"id": 21, "image_id": 0, "segmentation": {"size": [1080, 1920], "counts": "hcdd05aQ13O1N3M2O2M2N101N101O0O100O10001O000000000O010001O0O100O100O1O101N100O2O0O2N1O101N1O2O1N2N3MQjRY1"}, "iscrowd": 0, "area": 839.0, "score": 0.9289947152137756, "category_name": "fish", "coord": [646.0, 394.0], "bbox": [626, 382, 46, 25]}, {"id": 22, "image_id": 0, "segmentation": {"size": [1080, 1920], "counts": "nkUd02dQ13N2O0O2O1O1O1N101O1O1N1000001O000000000000O2O001O1O1O2N2M4Me]RZ1"}, "iscrowd": 0, "area": 413.0, "score": 0.8838387727737427, "category_name": "fish", "coord": [626.0, 415.0], "bbox": [612, 408, 30, 17]}, {"id": 23, "image_id": 0, "segmentation": {"size": [1080, 1920], "counts": "cXic01dQ14N2N2N2N2N2N1O2N2O1N101O00001O0O10000000000000000000000000O2O0O100O2O0O2O0O2O0O2N2O0O2O0O2O000O101O2M3NejgY1"}, "iscrowd": 0, "area": 912.0, "score": 0.9394883513450623, "category_name": "fish", "coord": [619.0, 464.0], "bbox": [600, 454, 52, 24]}, {"id": 25, "image_id": 0, "segmentation": {"size": [1080, 1920], "counts": "]P_e03dQ12N2N2N2O1N2O1O0O2O001O00001O0O101O000000000000O1000001N101N101N1O2N3M2MmnbX1"}, "iscrowd": 0, "area": 583.0, "score": 0.8918054103851318, "category_name": "fish", "coord": [676.0, 421.0], "bbox": [651, 414, 36, 20]}, {"id": 26, "image_id": 0, "segmentation": {"size": [1080, 1920], "counts": "Ylne0;ZQ14L3N3N1O1O10O10O010000O10O01O1O1O1O1O1O1O2O0O2N2M4Mhd]X1"}, "iscrowd": 0, "area": 492.0, "score": 0.9091541171073914, "category_name": "fish", "coord": [679.0, 468.0], "bbox": [666, 460, 26, 25]}, {"id": 27, "image_id": 0, "segmentation": {"size": [1080, 1920], "counts": "amhd08_Q13L3O1N10001O0O10000O10000000O10000O2O0O101N1O2M4MQedY1"}, "iscrowd": 0, "area": 401.0, "score": 0.8817219734191895, "category_name": "fish", "coord": [643.0, 484.0], "bbox": [630, 475, 25, 18]}, {"id": 28, "image_id": 0, "segmentation": {"size": [1080, 1920], "counts": "U`eb03eQ1001O001O1O1O1O1N2O1O1O1O1O1O001O0001O01O00000010O0000001O001O001O1O1O1O1O2M4L_YY[1"}, "iscrowd": 0, "area": 499.0, "score": 0.8858564496040344, "category_name": "fish", "coord": [589.0, 573.0], "bbox": [566, 564, 39, 18]}, {"id": 33, "image_id": 0, "segmentation": {"size": [1080, 1920], "counts": "kaof03dQ12O1N101N2O1N101O1N2O1N101O001N1000000000000000000000O2O000O2O0O101N1O2O1N2N2N2M^VnV1"}, "iscrowd": 0, "area": 620.0, "score": 0.9339983463287354, "category_name": "fish", "coord": [721.0, 453.0], "bbox": [697, 444, 40, 20]}, {"id": 34, "image_id": 0, "segmentation": {"size": [1080, 1920], "counts": "[m^h02dQ13N2O1N2N2O1N2O1O1N3N1O1O1O001O01O01O0001O001O001O001O1O001N2O1O1O1N101N2N2MXn`U1"}, "iscrowd": 0, "area": 656.0, "score": 0.9094526767730713, "category_name": "fish", "coord": [761.0, 353.0], "bbox": [742, 340, 38, 24]}, {"id": 35, "image_id": 0, "segmentation": {"size": [1080, 1920], "counts": "m[aj01fQ12N2O1O1O1N101O1O001N2O001O1N2O1O001O001O00001O0000001O000000000001O0000001O000O2O0O2O1O0O2O2M2O1N2MgjQS1"}, "iscrowd": 0, "area": 833.0, "score": 0.9397021532058716, "category_name": "fish", "coord": [836.0, 363.0], "bbox": [805, 352, 50, 22]}, {"id": 38, "image_id": 0, "segmentation": {"size": [1080, 1920], "counts": "oWoj06aQ14K4M2N1O2N1O2O0O100O1000O100O100O1O1O1O2N1O2N1O2N2N2NWW\\S1"}, "iscrowd": 0, "area": 488.0, "score": 0.9116325378417969, "category_name": "fish", "coord": [830.0, 527.0], "bbox": [818, 517, 27, 23]}, {"id": 39, "image_id": 0, "segmentation": {"size": [1080, 1920], "counts": "^TZm0;[Q14M2N3M1O2N1O1000O1O1O0O2M5K9Fgo]Q1"}, "iscrowd": 0, "area": 305.0, "score": 0.8902636766433716, "category_name": "fish", "coord": [896.0, 539.0], "bbox": [889, 525, 15, 25]}, {"id": 40, "image_id": 0, "segmentation": {"size": [1080, 1920], "counts": "mmkP15bQ13M5L1N2N2O0O2N1O2N1O1O1N2O100O100O100000O2O0O2O0O2N2N3M2M3M3M[Z[m0"}, "iscrowd": 0, "area": 714.0, "score": 0.9031456112861633, "category_name": "fish", "coord": [1019.0, 421.0], "bbox": [997, 406, 31, 30]}, {"id": 42, "image_id": 0, "segmentation": {"size": [1080, 1920], "counts": "jSak02eQ11O2N2O001N101O1O1O1N2O1N101O000O2O001O001O1O10O001N102M2O1N2N2O1N1O3MSmaR1"}, "iscrowd": 0, "area": 528.0, "score": 0.8968835473060608, "category_name": "fish", "coord": [858.0, 473.0], "bbox": [835, 459, 35, 23]}, {"id": 43, "image_id": 0, "segmentation": {"size": [1080, 1920], "counts": "]gZk0;XQ19K4L2N1O2O00001O01O001O101N3M5K7HiX[S1"}, "iscrowd": 0, "area": 446.0, "score": 0.8992327451705933, "category_name": "fish", "coord": [837.0, 411.0], "bbox": [829, 396, 17, 30]}, {"id": 44, "image_id": 0, "segmentation": {"size": [1080, 1920], "counts": "gmci02fQ14L1N2O1O1N3M3N2M2N2O1N1010O1O1O1O001O001O002N1N3M3M4KQagT1"}, "iscrowd": 0, "area": 474.0, "score": 0.8899356126785278, "category_name": "fish", "coord": [796.0, 455.0], "bbox": [777, 441, 27, 25]}, {"id": 48, "image_id": 0, "segmentation": {"size": [1080, 1920], "counts": "]YYd04cQ14L3N1N2O2N1O0O2O1O001O001O00000O101O000000000000000000000001O00000O10000O2O0O2O001N2O1N2O1N3M_R]Y1"}, "iscrowd": 0, "area": 927.0, "score": 0.909099817276001, "category_name": "fish", "coord": [641.0, 686.0], "bbox": [615, 672, 47, 23]}]}