{"images": [{"id": 0, "file_name": "images/Fish6976.jpg", "width": 1290, "height": 730}], "annotations": [{"id": 0, "image_id": 0, "category_id": 0, "bbox": [368.0, 62.0, 80.0, 252.0], "area": 20160.0, "iscrowd": 0, "segmentation": {"size": [730, 1290], "counts": "_`V8=Xf0<D;D<F;B<F8J4K6K5K4L5J6I7K6I7K5K4K4M3M4M3L4L4M3M8H3M3M2M4M2M3N1O2N2N2N1O2N2N2N1OoJd_Og3Z`0RLR@k3l?SLZ@k3d?SLa@l3^?QLi@m3T?QLRAm3m>RLXAk3f>TL^Ak3a>SLcAm3Z>SLjAk3T>TLQBj3n=ULVBj3g=UL`Bg3^=XLhBf3V=XLoBf3o<ZLTCe3j<ZL[Cd3d<[L`Cc3_<\\LeCb3Y<]LmC`3R<_LRD_3l;aLWD]3i;bLZD^3d;aL_D^3a;aLaD^3^;aLfD]3Y;bLlD[3T;cLREX3[?N2N2N1N2O2QNi\\O5Zc0ET]O0Uc0DR]O8Qc0CV]O8kd0J6Igngb0"}}, {"id": 1, "image_id": 0, "category_id": 0, "bbox": [866.0, 443.0, 94.0, 252.0], "area": 23688.0, "iscrowd": 0, "segmentation": {"size": [730, 1290], "counts": "gnYc03af0<D9\\NAb\\Of0Vc0Db\\Oa0Xc0MT\\O`0gc0]1K4M4K4L4L5K4L5M2M5iMYLRAl3k>ZLc@V4Y?SL\\@R4b?ULT@o3k?b1O0O0101O4L1O1O3M2N3M1O1O1O001O1O010O1O001O2N4L2O4K2O0O01O001O001O00O100O101N1O1O2O0O2N2N1N3N2N1N2O1N3M2ROo0H7L4M4L3N3K4M4L4L3M3N2M4K4M4L5K5J=C5J7G?]OneZ7"}}]}