{"images": [{"id": 0, "file_name": "images/Fish6303.jpg", "width": 1290, "height": 730}], "annotations": [{"id": 0, "image_id": 0, "category_id": 0, "bbox": [338.0, 107.0, 695.0, 488.0], "area": 339160.0, "iscrowd": 0, "segmentation": {"size": [730, 1290], "counts": "aSa72ff02je:NWZE1O2N2N20O2K_i08[VO3M2O0SOD\\[O=cd0E[[O<cd0G[[O9Tc0Ad]O9UO8Uc0Ea]O5XO7Uc0I_]O0\\O7Tc0K_]OO\\O7Sc0Ka]ON\\O8Rc0Ka]ON\\O7Sc0L`]OM]O7Sc0Ld\\O^Of0?C7Sc0Mb\\O_Og0>B8Tc0Ka\\OAh0=C7Tc01Z]OHA7Vc0N[]OK_O7Vc0M\\]OM]O6Xc0K]]OOZO6Yc0K^]OOXO7Zc0I^]O1WO6[c0I`]OOTO9\\c0I`]ONSO9]c0Ib]O0mN8`c0Hd]Ol0\\b0UOd]Oj0]b0UOc]Ok0]b0VOb]Oj0^b0WOa]Oi0`b0WO_]Oi0ab0XO^]Oi0ab0WO_]Oi0ab0XO^]Oh0bb0XO^]Oh0bb0YO]]Oh0bb0XO^]Oh0fb0SO[]Ol0hb0QOY]On0ib0POX]Oo0jb0nNX]OQ1jb0lNX]OS1ib0mNW]OS1jb0kNW]OU1jb0iNW]OW1kb0gNU]OY1Vd00000OXMjNn_OV1P`0nNn_OR1P`0QOo_Oo0Q`0QOo_Oo0Q`0QOo_Oo0Q`0QOo_Oo0Q`0QOo_Oo0Q`0ROn_On0R`0SO]_OD_NY1Ub0TOZ_ONUNo0ab0TOX_O]1g`0dNX_O\\1h`0eNW_O\\1i`0dNV_O\\1j`0dNV_O\\1j`0dNV_O\\1k`0cNU_O]1k`0cNf]OBR1l1Ya0aNd]ODS1k1Za0mNe^OS1[a0mNe^OS1\\a0[N[]O6Y1_1]a0WN^]O:T1_1ia0aNW^O_1ja0`NV^Oa1ia0_NW^Ob1ia0\\NX^Od1ia0[NW^Of1ha0ZNX^Oh1ga0WNY^Ok1o5bNe3C\\Fm1k5fNe3[OdEJ>V2U6iNh3UO[E:e0j1T6kNk3oN]E?a0h1U6lNm3kN_E`0?i1T6mNo3iN^E`0`0k1Q6nNZ4iNPE7e0S2Z4gM`LV1b9fNRE9a0V2j3aMeK?Z1l0j9nN]EV2g3YNRMd0j9lN]EX2_3`NXM=l9kN]EX2]3bNYM=l9jN\\EY2]3aNZM=m9iN\\EY2[3cN[M=m9gN]EY2Y3eN\\M<n9eN^EZ2W3fN]M<n9bN_E\\2U3gN]M<o9_NaE^2R3hN]M<Q:\\NaE`2Q3hN]M=Q:YNZE1Cc2b3jN]M:e:^NXDm2W3_NgM8c:k1`GTNhM3X9UNZGh3^1ZNiMK^9UNZGi3Z1]NgMId9QNZGR4^OkKk0^2^NKQ:gMYGZ4TOmKo0d4P:AnDlKn0g4T:^OlDmKn0f4V:_OiDlKP1f4W:@eDlKS1e4W:1hE1W:0gE1Y:3aEO_:6YEMg:4VENj:2UEOk:1TE0l:OSE3m:MQE5n:OjD6o:m5K6M2O20O2O1O1O1O1O0O10000O101XOREaEP;[:VEaEl:\\:ZE_Eh:^:\\E_Ed:a:h01O110001O100O100O010O1O0010O0100O100000000O1000mE`El7`:TH`El7`:W200001fEaEW8`:fGbE[8^:cGcE]8_:`GaEa8a:\\G`Ed8b:YG^Eh8d:UG]El8g:mFZET9g:iF[EW9e:hF[EZ9e:dF\\E\\9d:dF[E^9e:aFYEc9e:]FYEf9f:ZFXEj9g:V1NiDZE[:e:bE_E^:`:aEaE`:^:`EbEa:]:^EdEc:[:\\EfEf:X:ZEhEg:X:WEhEk:W:TEjEm:U:QEmEP;R:mDPFT;Q:iDQFX;n9gDSFY;n9fDQF\\;n9cDSF];n9aDRFa;b:3M2M4M2N2N2N100O2O1N3M3M2O0O2O1N101N101N3N2M3N2N^EZFR8d9jGaFU8_9iGcFX8\\9gGeFY8[9fGeF\\8Z9cGgF^8Y9`GhFb8W9[GkFf8V9VGkFl8W9PGjFP9c9aF_F_9d9^F[Fd9e9ZF\\Ff9e9YF[Fg9f9WF[Fj9e9UFZFl9i9PFXFQ:k9gEYFY:k9\\E\\Fe:l:1O1O1O1O001O00000001O000000001O000O1N2N2O101O0000001O01O00100O001O0010O01O01O00001O0000001O000O101N1O1O100O101N100O0O2L4K4O2OgNVFcEk9[:XFcEj9Z:XFeEi9Z:YFdEh9[:YFeEg9Z:[FdEe9\\:]FaEe9\\:^FbEc9Z:cFcE_9V9hEVGo0BY9P9RF[Gl0^OT9S9UFXGo0Bm8T9ZFSGa;i8Y1M2M3NdNPHjCY8W<S12O2N200O010O1O0001O01O0100O010O100O100O2O0000000000010O0100O2O0O2N1O1O101N102N0O10O001O01O01O002N1O1N2O00001O00001O000O2O001O00000001O1O1O3M3M4L3M5K4L7J3L]BoFb=U9103K6I1N1O1O001O1O001O00001O0000000001O001O00100O1TB[Ga=f8\\B\\Gd=n8O1O1N2N2N101N2O01O001O010100O2N2N4L1N1O1O1O2N6I4M2M2N3N001O1N1000000O10000O10O001O0000000O100000O10000O10O010O100M4L4N3N3L5K:`FVC^8i=I7Ie0ZO5K5I6M2M4L4N2PNV@XK20O1Mf0o?e3dAoK_>l3Z2M4ZO_]OPMbb0[2a]O]M55[b0W2i]O]M1;Xb0V2g]O`M0;Yb0T2g]ObM0:Zb0U1`]OPO7BO9[b0Q1d]OQO1HN7]b0m0h]OSOJOL4ab0g0m]OUODl0_b0KR^OXO^Oo0`b0FT^O[O\\Oo0`b0EW^OZOXOS1`b0BZ^OZOVOT1ab0@[^O\\OSOT1bb0_O]^O]OPOT1db0]O_^O^OlNU1db0]Oc^OFhNe0`b0Hn^O]OdNi0]b0KQ_O[OcNi0Zb0MT_OZOTO7ea0a0X_OXOTO5ba0f0[_OTOSO5ba0h0\\_OROSO4aa0l0\\_OoNSO4aa0n0__OkNPO6aa0Q1`_OgNoN6ba0T1`_OfNmN6aa0W1d_ObNiN7`a0Z1g_O`NhN7^a0[1j_O_NfNd0Ra0n0X@^NeNf0Qa0n0Z@[NdNh0Ra0m0[@YNcNl0Pa0l0PATOo>m0QATOm>6d^O@_2;k>4m^O\\OW2a0j>3S_OQOD3^2j0i>2^_OROi1=hMDQa0m0UB[OZ>f0gAZOX>g0iAXOW>h0kATOW>l0lAQOT>o0nAoNP>S1j301O00O1N3M21N2N2O100L4L5I5N1O1N4H8N2O2M3O1Nhh8OZWG2O0001O0000001O001O00if50WYJ1O00Olk<2gb=OZaUO4O01O2Mnef5"}}]}