{"images": [{"id": 0, "file_name": "images/Fish8197.jpg", "width": 1290, "height": 730}], "annotations": [{"id": 0, "image_id": 0, "category_id": 0, "bbox": [435.0, 147.0, 555.0, 445.0], "area": 246975.0, "iscrowd": 0, "segmentation": {"size": [730, 1290], "counts": "\\_f94df020O001000O010000000O100000000mMK`]O6_b0N^]O2a=K_E5oL0a=0[E1TMOa=3XEOVMMc=5UEOXMLd=5SEOYMLe=4RE0YMLf=3QE1YMLg=2PE3XMKh=2PE3XMKi=2oD2XMLi=2oD2XMLi=3nD1YMLi=4VDHkL8V1Kk=4TDIkL8V1Kk=5SDHlL8V1Kl=5hD0\\MKm=4hD0[MMl=4hDO\\MMm=4fDO]MMm=5eDN^MMm=6jCGUM7S1Ln=8fCHXM4T1Lo=8dCHYM4S1MP>8cCGZM4S1MQ>8aCG[M4S1MR>7aCGZM5S1MR>8bCCZM8R1MS>8YDKdMMT>8WDLdMLV>8UDLeMLW>7UDLdMMX>7VCEdM7n0MY>7TCFdM6n0N[>5SCHcM5o0N\\>5QCHeM4n00[>5QCHeM3o00\\>4PCIeM3o00^>3mBJfM3o00^>4kBJhM3n0O`>4iBKhM2o0Oa>4gBKiM3n0Ob>3fBKjM3n0Ob>5dBIlM3n0Oc>5aBKmM2m0Oe>5aBImM3m0Of>5_BIoM2l00g>5]BJoM1m01g>4\\BJPN1m01g>5[BIQN1m01h>5YBIRN2l00j>5XBHRN3l01k>2WBKRN2k01m>2UBKSN3j00o>2SBKTN3j00P?2RBJTN5i00Q?0RBKUN4i00Q?1PBKVN5h0OS?1nAKWN5h0OT?0mAMVN4i0OT?1mAMUN2j01T?0lAOTN1k00V?0jA0SN1m0OW?0hA0TN2l0NX?1fA1UN0m0OX?0eA1VN0m0OY?0cA2VN0m0N[?0aA2WN0m0N\\?0_A3WNOn0N]?0]A3WN1o0L]?0\\A6TN0R1J_?0ZAT1WOmN_?0XAT1YOlN_?0XAS1YOmN`?OWAU1YOlN`?OVAV1YOlNa?NUAW1YOkNc?NSAY1YOiNe?MQA[1YOhNg?Mo@]1YOfNh?Mn@^1YOfNh?Lo@`1WOdNk?Lm@b1WObNl?Lk@f1VO_N]1Kh;0dCg1WO^NY1Ok;NdCg1UO]NS16U<FbCj1SO[Nl0=a<_O^Ck1TOYNc0e0m<WO\\Cl1ROXNc0e0Q=WOZCn1POWNc0a0X=ZOTCP2POUNb0>`=]OmBQ2oNUNa0;h=_OgBT2nNRN?8T>A^BW2mNQN>6[>BYB[2kNmM?6_>BWB\\2iNmM`03c>DSB^2hNmM`0Oh>ERB^2eNVMNc0a03m>FoAc2fNdM=0R?IjAc2gNeM<LW?KgAe2dNeM=I[?MbAc3QO`L^?N`Ac3QO_L`?N]Ae3RO]Lb?N[Af3RO[Ld?1XAd3SO\\Lf?0VAe3SO[Lh?1TAe3ROZLk?1SAe3QOZLm?1RAe3POZLo?2o@d3QO[LQ`02l@Z4U?gKi@Y4X?hKf@X4[?jKc@U4_?kK_@U4b?kK_@T4a?lK`@R4b?nKb@l3_?ULb@h3`?WLe@c3[?^Le@b3[?_Ld@`3]?`LZ@XOZOX4\\`0aLY@WO\\OW4\\`0bLW@WO^O2Jn3a`0jLg@V3Y?jLg@U3Y?PMc@o2^?QMb@n2^?RMd@l2\\?TMl@d2T?[MPAc2o>]MTA`2m>_MTA`2l>`MTA`2l>`MTA`2l>aMSA_2o1iLP9i0PE^2n1lLQ9g0PE]2n1nLQ9f0oD]2o1oLQ9f0nD\\2o1PMR9e0lD]2Q2QMQ9d0jD^2S2PMR9d0hD^2U2oLR9f0[DhNYOh3X3kLU9j0hCo2Q3YLW9a5fF`J[9`5cFaJ^9`5`FaJ`9`5]FaJd9`5YFbJh9b5QF`Jo9f5iE[JX:Q6ZEQJf:Q6WEoIj:R6SEoIo:Q6oDoIS;Q6kDoIW;X6_DiIb;^6UDcIl;_6PDbIR<`6hCbIZ<`6aCaIa<`6[CbIe<b6UC_Il<c6PC^IP=c6mB^IT=T8001O0000001O0000000000^N`FiEa9V:bFhE^9W:dFgE]9X:dFgE]9X:eFfE\\9Y:eFdE^9\\:bFaEa9_:`F_Ea9b:^F]Ec9c:]F\\Ed9e:[FYEg9h:YFTEj9m:UFoDo9S;QFbDW:`;a01O001O1N2O00O1O1N2O1O1N2N2N2O1N1O2M3L4M3N1OiEXE`8e:\\GcEm3DXOf:jLkEf3G_OY:mLTFa3EBU:mLYF]3EdKNT3Q:kM_F[3DdKOU3j9mMfFY3BeK0S3V9^N[Gh2AfK0S3m8dNcGb2BfK4o2e8iNgG`2BhK3n2e8fNiGMhNg0h0hM26VOT2b9UOgGOUO`09RN33[OV2a9POeGN[Oe02TNO3BU2`9lNcGLCk0IUNN2EV2a9hNaGNDl0GWNM1IT2_9gNbG0Dl0EXNL0MS2^9fNaG4Cj0EYNLN6o1U9kNaG5Ck0EXNJN;n1S9jN`G7Dj0EYNE1a0j1R9hNaG9Cj0D[NB2f0g1P9hNaG;Ch0D]NA1j0e1m8hNcG<Bh0D^N@0l0e1k8gNeG=Ag0E`N]O0o0d1i8eNhG>@g0EbN[ONS1d1e8dNkG`0^Og0EcNPOH16]1d1d8bNmGb0[Of0HZO>k0a8cNoGb0ZOe0H[O`0j0^8dNQHb0YOd0I[O`0j0]8eNQHc0XOc0KZOa0j0Z8fNSHc0WOb0LYOc0k0W8cNXHe0SOb0L[Oc0k0U8bN[Hf0RO?L^Od0j0R8cN^Hd0[OUOZNh0Y10f0j0m7eNaHb0EKWO3j0i0h7fNeHb0DHWO6l0f0d7jNgH`0DHVO7m0f0a7lNhH?DHVO7n0e0`7lNhHa0DEXO8o0d0\\7nNiHb0CC[O9n0c0Z7POjHa0CB\\O9o0b0X7ROkHa0C@\\O:o0c0W7QOmH`0C_O]O;n0d0T7ROPI?B^O^O:o0f0Q7ROQI?EZO]O<n0h0o6SOSI=f1C[Nm0k6SOUI=f1A\\Nm0i6UOUI>j1[OYNR1g6TOXI?m4;k1WOXI?l4:j1XO[I>k4:j1WO\\I?hMZOV6n0f2XO^I`0eM\\OV6l0g2VO`Ib0bM]OX6i0g2VOaIc0`M@X6f0f2WOcIc0_M@Y6d0f2XOcIe0]M@Y6b0h2YObIf0^M]OY6c0g2YOcIh0_M[OV6b0h2[OdIh0aM[OQ6?j2@dIg0aM^Om59o2^OgIk0]M]OP67^6<bCYOU68\\6>_CYO\\6NZ6h0ZC[OQd0e0o[OZOSd0e0m[O[OSd0e0n[OYOSd0g0n[OWOSd0j0n00001O0000010O000001P^OVOn=j0oA]Om=c0SB]Om=c0SB]Om=c0f_OVOm05^?e0d_OZOl0Nc?g0`_O]Om0Jd?i0__O^Olb0b0S]O_Omb0b0R]O^Onb0c0T\\OVO<9_c0b0S\\OWO<8ac0c0P\\OVO>8bc0d0n[OUO>9dc0b0n[OSO><dc0;h[O[O5N>=fc09h[O[O4O0O4`04_O[c0g0Z\\O]O2N103?3B\\c0e0Y\\O]O30NO7=3B\\c0n0Z\\O]O903DZc0`1f\\OjN1D[c0a1e\\OjNlc0U1U\\OjNFHlc0_1]\\OiNGHlc0_1]\\OhNHIlc0_1Z\\OhNKIkc0l0P\\OB006Bjc0l0P\\O67mNjc0n0n[O58mNjc0W2W\\OgMic0Y2<1O0n[OgMcc0Z2\\\\OfMec0Y2>1O0S^OfM[?Y2e@hMZ?X2g@fMZ?Z2c200WOi[OoNWd0n0P\\OnNPd0R1P\\OoNPd0P1P\\OPOPd0P1P\\OPOQd0o0o[OQOQd0o0n[ORORd0o0k[OSOVd0m0f[OWOYd0k0c[OWO]d0c101O00O2O0O10Y^OjMk>T2UAnMj>Q2WAoMi>P2WAQNi>n1XARNh>m1a@QN_N2Qa0l1`@SNQN021]a0k1a@TNoM2ma0:n]Oo0V2fNlM4Pb05o]OQ1V2QOk?No]OP1W2ROj?No]OP1\\2kNg?5m]Oo0kd0`0000O1O2N1N2O]B_No5`1PJbNP6\\1RJdNo5i0cBXOf7Mh5i0gBTOZe0k0;N2N3N1O1O2NRB^Of5b0YJ@f5b0XJ^Og5d0XJ]Og5d0XJ]Of5d0ZJ]Oe5c0[J^Oe5a0[J^Of5c0ZJ[Oh5d0XJZOj5f0U8000O0XO\\O[[Od0X1YO_a07U]Ob0Z1ZOgNOa41^84RC?Y1]OfNO`42`80VC?U1_OfNN]47_9:SIGn67WDBS27h96UDDP28l94SDDQ27m95QDEQ27n95oCFP26R:4mCGP26S:3iCKS22U:3gCMR21X:1fCNQ21Z:0^ACR2<V21Z:0]AEQ2;W20]:O[AFQ2;W20]:O[AFQ2=lMDT49e:1YADS2d0n1Eh:6\\C6k1Ck:6ZC8j1@n:8XC8k1]Oo:;VC9k1ZOP;=UC9Ra0Gm^O9Sa0Gn^O8Sa0Gm^O:Ra0Gn^O8Ra0Jl^O6Ta0Lj^O4Va01e^OO[a03c^OM]a04c^OK^a04b^OL^a05j]OVOBc0db07j]OVOCb0db08h]OVOEa0cb09h]OVOF`0bb0:e^OE\\a0:e^OE[a0;f^ODZa0;h^ODXa09l^OFUa08l^OHTa08l^OHTa08l^OGUa08l^OHTa09k^OGTa0;V]O]Om08ma0=S]O]Oo06ma0`0P]OCJDg0:_b0?n\\OGHBk08^b0`0n\\O0c0@^b0b0n\\OOLTO`0;eb0c0Q]OLJVOa0:db0d0T]OI?D\\b0d0V]OF>F[b0e0W]OF=E\\b0d0U]O09]Oab0c0R]O5<XObb0b0R]O7<XOab0a0R]O9;XObb0?S]O9;YOab0>S]O:=XO_b0>S]O;?XO]b0<S]O=a0WO\\b0Go\\O:1j0e0VOYb0DS]O<Nl0f0VOUb0DV]Ok1f0cNna0F[]Oh1g0bNka0o1W^OQNfa0P2\\^OPNaa0Q2a^OoM]a0Q2d^O]Nn`0b1S_O_Nk`0a1V_O`Nh`0MX^O=Q1Ff`0MY^O=Q1Fg`0_1Y_ObNg`0ROX^Oo1R1nNh`0POW^OR2Q1oNj`0jNX^OV2n0PORa0P1o^OPOQa0o0T_OlNl`0T1T_OlNl`0T1U_OkNl`0T1U_OkNk`0U1W_OiNi`0Dl]Om0a1YOc`0Jl]Om0c1WOb`0Jm]On0b1WOa`0Km]On0e0aN4e0[a0Km]On0:cNH1e0d0o`0[O_^O?Kn09eNH0e0c0o`0]O_^O>Km0:eNG1g0a0l`0A`^O;Ml08hNF0i0`0k`0D`^O8Nk08jNEOj0`0k`0D`^O:Mh09SO?7k`0]Og^Ob0Eg0:kNEOk0?Za01l]Oe0;kNh0?Pa03l]Ob0=kNi0?n`04l]O10F=Fj0>S`0^O\\_Oh0[ON6A7Lj0?Q`0@\\_Of0\\ON8^O6Oj0=j`09o]OJ:@3Ok0>i`09P^OH;AONQ1`0R`0Ao^Oh0FF9CN0Q1>S`0Dk^Of0K\\OMK=0L1Q1>R`0Hi^Oc0NZOML>OJ3Q1=T`0P1c^OeN0Oj0N`0>R`0\\1c^OZNj0L`0?S`0[1c^O\\Ng0Kc0=T`0\\1b^O]N=JC1Y1=U`0[1b^O]N<3n05T`0[1b^O\\N=NBK\\1`0R`0\\1c^O[N;OV1:l?]1b^OYN<0W1:k?]1b^OXN<0Y1;i?\\1d^OWN;O[1>e?Z1i^OWNb0Oh0`0m?U1o^OZN<3g0=m?g0h^OPOV1L5=k?g0a@lND<k?i0a@kND<o?f0g^OSOT1K7;P`0X1g_O]N9;Q`0Y1d_O\\N<:Q`0[1a_O\\N=9R`07^^O=R1RO?:P`08_^O=S1nN?=n?9`^O<h2\\Og>8b^OJ0Ne21i>7b^OI8H\\28k>6b^OI6K]26l>5b^OI3N_24m>3b^OK1Oa21o>3`^OCK337e2No>2_^OEL318h2Jn>3h^OIC:i2FP?2S_O5P2Go>0U_O6]e0M3LVae6"}}]}