{"images": [{"id": 0, "file_name": "images/Fish8917.jpg", "width": 1290, "height": 730}], "annotations": [{"id": 0, "image_id": 0, "category_id": 0, "bbox": [418.0, 64.0, 311.0, 576.0], "area": 179136.0, "iscrowd": 0, "segmentation": {"size": [730, 1290], "counts": "]\\Z9;Yf09I8J4M3M3M2N2N2N2N2N1O2N101N1O100O2N1O100O1O2O001N101O000O101O000000000000001O0O10000000000000000O100000000000001N10000mNkMa]OU2]b0oM`]OR2_b0PN`]OP2_b0RN`]On1_b0SNa]Om1^b0UN`]Ol1_b0UNa]Ok1^b0WN`]Oj1_b0WNa]Oi1^b0YNa]Og1^b0[N`]Of1_b0[N`]Of1_b0\\N`]Od1`b0]N^]Od1ab0^N^]Ob1ab0`N]]Oa1bb0aN\\]Oa1bb0bN[]O_1eb0[1O1O2O1N2O2M2N3N1N3M2N2N2N2O1N2N101N2N2N1O2O0O2N1O101N1O1O2O0O1O2N1O101O0101N00I8J5_NcJaAa5V>g1E:PL^I`Gk6\\8eIoFc6n8mI_FY6XOYGm9Z<PFlCk9U<TFnCj9S<TFQDi9o;WFXDc9h;\\F\\D`9d;`F_D^9`;aFdD\\9`<M3M3M3M2N1O1N3N1N3N2M3N2M3N2N1O2N2M3N1N2L5K4L4M4J^BTI\\N8W<g6gD`I[OJi;g6_DhIKEa;^8`DgG\\;X8eDmGV;Q8lDPHS;m7PEUHo:h7TEXHm:d7VE\\Hi:b7ZE`Hc:_7^EcH`:\\7aEeH^:Y7eEgH[:W7gEhHY:W7iEiHW:U7kEjHU:U7mEiHU:U7lEkHT:T7nEjHR:V7PFhHQ:W7QFgHo9Y7SFeHn9Z7TFdHl9\\7VFaHl9^7WF_Hj9`7YF]Hi9a7YF\\Hk9b7VF\\Hl9b7XFYHi9h7[FoGj9P8a2O100O100O10000O10O01000O01000001O0001N100O2O000O10000O10000O100O3N0O2O2M3^DhG]8\\8ZGmGa8X8VGnGh8V8oFPHQ9T8bFVH\\9P8YFWHe9o7QFWHn9l7gE\\HX:j7XEaHg:j901O0O2O001O1N2O2N1N2O0O100O00001O01O000O100O1N3H7I7J6I7O1O20O5J7J5K7I:F9G>B7H8I7I9G?@9H3L2O2M2O1N2N3M4L4K6H7I6K6_LV@Jn?Na@Fd?1i@F\\?3PACV?6WAYOS?c0YA_NdMH]a0f1^3K6J5L3M2O1N3M5L3M3M3L8G6Il__<"}}]}