{"images": [{"id": 0, "file_name": "images/Fish8730.jpg", "width": 1290, "height": 730}], "annotations": [{"id": 0, "image_id": 0, "category_id": 0, "bbox": [576.0, 270.0, 131.0, 149.0], "area": 19519.0, "iscrowd": 0, "segmentation": {"size": [730, 1290], "counts": "PPk<4cf05M2N2N1O2N1N3M2L4^Ob0L5L3M3N2M3O1N2O1N101O1N2O1O1O1O1O1O2N2N3N2M3M2N3M3M2N3M3N2M3M2O1O0O2O000O10000O100O01O10O010OgNS]OfNnb0m0n\\OZN;b0hb0Q1R]OYN;a0db0T1h1L5O0010O100O101O000O2O00000O100000001N100000001O00001N101O0O2N101N1O2N101N1O2M2N3F9N2OhNQ\\OHnc08S\\OGmc08U\\OGkc09V\\OGic08Y\\OGgc08Z\\OIec07\\\\OHdc07^\\OHbc08_\\OGbc07`\\OI_c06c\\OI^c06b\\OJ^c05e\\OI\\c05f\\OJ[c04h\\OJXc05j\\OJXc03k\\OKWc02k\\OLXc01j\\ONWc00l\\ONVc0Ol\\OOWc0Mm\\O1Wc0Fo\\O8ld0M3N2M4JgXo<"}}]}