{"images": [{"id": 0, "file_name": "images/Fish6478.jpg", "width": 1290, "height": 730}], "annotations": [{"id": 0, "image_id": 0, "category_id": 0, "bbox": [431.0, 116.0, 281.0, 311.0], "area": 87391.0, "iscrowd": 0, "segmentation": {"size": [730, 1290], "counts": "Wac91if01O1O2N1O1O10000O010O100_JI]D7b;K^D5a;L^D5b;L]D4c;M[D3f;NYD2g;NYD2f;OZD0h;OXD1h;OXD0i;0VD1j;0UD0k;0UD0k;0TD0l;1TDOm;0RD0o;0PD0P<1PDOP<0PD1P<OPD0Q<0nC1R<OmC1T<OlC1T<OkC1V<OiC1X<OgC2Y<NfC2[<NdC3\\<MdC2]<NbC2_<N`C2a<N^C2c<N\\C2e<N[C2e<NZC2f<OZC0g<OYC1h<OXC0i<0VC0k<0TC1l<OTC0m<0RC0o<0PC0Q=0nB0S=0lB0T=1kB0U=0jB0W=0iBOX=0hB0Y=0fB0[=0dB0\\=1cB0]=OcB1^=OaB1_=0`B0a=0^B0c=0]B0c=O]B1d=O[B1f=OYB1h=NXB2i=NVB2k=MUB4j=MUB3l=MTB2m=MSB3m=NRB2o=NPB2Q>MoA4Q>LnA4R>MmA3T>MlA2T>NlA3T>MkA3U>MkA3V>MiA3X>MgA3Z>LfA4Z>MeA3\\>McA3]>NcA2]>NbA2^>NbA2_>MaA3`>M_A3a>N^A2c>M]A3d>M[A3e>NZA2g>NXA2h>OWA1j>NVA2k>NTA3k>MUA3l>MSA3m>MSA3n>MPA4Q?Ko@5Q?Ln@4S?Km@5T?Kk@5U?Kk@5U?Lj@4W?Lh@5W?Lh@4Y?Kg@5Z?Ke@6Z?Ke@5\\?Jd@6]?Ic@8\\?Ic@7^?Ia@7`?H`@9_?H`@8a?H^@8b?H^@8c?H\\@8e?HZ@8f?IY@7h?IW@7j?HV@8j?IU@8k?GU@9k?GU@9l?GS@9n?FR@:o?FP@:P`0FP@:Q`0Fn_O;Q`0Eo_O;R`0Em_O;T`0Ek_O;U`0Fj_O:W`0Ei_O;X`0Eg_O;Y`0Eg_O<Y`0Df_O<[`0Dd_O<\\`0Dd_O<]`0Db_O<^`0Db_O<_`0D`_O<2^Oc=7ZB<MCi=0ZB=LDj=0XB=KEo=NUB=KER>MSB?HFU>LRB>HFX>KPB?FH[>InA?EI^>HmA`0BIc>GjA`0BHf>IgA`0@Hk>HdA`0@Hm>HcAa0^OFR?I_Ab0\\OFW?H\\Ac0[OEZ?H[Ad0YOE]?GXAf0YOC`?GWAf0XOCc?FUAh0VOBf?GSAg0VOAj?GPAi0SO@o?Hm@h0SO@R`0Hi@j0SO^OU`0Ig@i0RO_OY`0Ge@j0QO@Z`0Gd@j0oN@_`0Eb@l0mN@a`0Ea@l0jNAg`0B_@n0fNBl`0A]@n0dNBQa0@Y@o0dNCSa0^OY@P1aNCXa0]OV@Q1_NC\\a0]OT@P1_NC_a0]OQ@Q1^NCba0\\Oo_OR1\\NCfa0\\Om_OR1[NBja0[Ok_OT1YNAma0\\Oi_OU2Z`0kMd_OU2^`0jMb_OU2_`0lM`_OS2b`0mM\\_OS2f`0mMY_OQ2i`0PNV_Oo1l`0QNS_On1o`0RNo^On1Ra0SNm^Ol1Ua0TNi^Ol1Ya0TNe^Ok1^a0VN_^Oj1ca0VN[^Oj1ga0VNW^Oj1ja0XNT^Of1oa0ZNn]Og1Ub0YNX]OW2jb0jMR]OW2Pc0kMl\\OT2Wc0e03N2K6L3N2O2M2O1O1O1O2N2N2N1O2N2N3L5L4L4L3M3M2N100O1O001O0000000010O00000000010O000001O010O001O10O0001N1000001N100O2O0O101N2O0O2N2ZO\\ZO4ee0FdZO4_e0IeZO3n\\l<"}}]}