{"images": [{"id": 0, "file_name": "images/Fish5903.jpg", "width": 1290, "height": 730}], "annotations": [{"id": 0, "image_id": 0, "category_id": 0, "bbox": [373.0, 243.0, 419.0, 308.0], "area": 129052.0, "iscrowd": 0, "segmentation": {"size": [730, 1290], "counts": "g[Z84kd0Oj\\O5Uc0Li\\O6Uc0Kk\\O4Vc0Lj\\O3Wc0Mi\\O2Xc0Nh\\O1Xc00g\\OO[c01d\\OO]c02`\\OOac01]\\O1cc0O\\\\O1ec0OY\\O3fc0NY\\O3gc0MX\\O3ic0MW\\O3ic0MV\\O4jc0LU\\O4lc0LT\\O4lc0LS\\O4nc0LQ\\O5oc0KQ\\O5oc0KP\\O5Pd0Lo[O5Qd0Ko[O5Qd0Kn[O5Sd0Km[O5Sd0Km[O4Td0Lk[O5Ud0Kk[O4Vd0Li[O5Wd0Kh[O5Yd0Kg[O5Yd0Kf[O6Zd0Jf[O5Zd0Lf[O4Zd0Kf[O6Zd0Jf[O6Zd0Je[O7[d0Id[O7]d0Ic[O7]d0Ib[O7_d0I`[O8`d0H`[O7`d0J`[O5ad0K^[O6bd0J^[O5cd0K\\[O6dd0J\\[O5ed0K[[O4fd0LY[O5gd0KX[O5id0KW[O43Flc06P\\O44Hkc03R\\O52Ilc02R\\O42Klc01Q\\O43Mkc0OR\\O42Nlc0NR\\O320lc0MQ\\O420mc0LP\\O440lc0LP\\O432kc0KQ\\O343kc0JQ\\O245lc0GP\\O534nc0Go[O436nc0Fo[O436nc0Fn[O446oc0Fm[O437Pd0Em[O33:oc0Cm[O34;oc0An[O42=oc0_On[O44>mc0^Oo[O34a0kc0]OP\\O34b0I^O]c0Mf\\O33Y1Vc0dNg\\O22]1Vc0bNf\\O24\\1Vc0bNf\\O14^1Vc0aNf\\O13^1Xc0aNd\\O22^1[c0`Nc\\O20_1^c0_Na\\O31]1_c0`N`\\O30^1`c0_N_\\O40]1bc0_N^\\O30^1cc0^N^\\O4N]1fc0_N\\\\O4M]1hc0`NY\\O4N]1ic0_NY\\O3N^1kc0^NV\\O5N^1lc0]NV\\O5M^1nc0]NU\\O5M]1oc0_NR\\O5N\\1Qd0_NQ\\O5M\\1Sd0`Nn[Oo1Sd0;i\\ObMTb0\\2i]OjMVb0V2g]OmMYb0S2c]OoM_b0P2^]OQNeb0o1U]OTNnb0j1Q]OXNPc0g1g\\ObNZc0]22N2N2N2M3N2N2O1N2O100001O1O2N4L6YMiL_A\\3\\>fLbA^3Z>bLfA`3X>aLgAb3W>^LhAf3T>[LkAk3P>ULoAU4g=lKWBZ4f=fKXB\\4g=eKTAMN]4P?hKl@11b3HSL^?=c@24V3U`0lLb_O17P3[`0TMT_O2?e2b`0XN\\_Og1f`0YNX_Of1j`0[NU_Od1l`0]NS_Oc1n`0_Nn^Ob1Ra0aNj^Ob1Ua01X_OoMg`0k1e_OPN[`0k1n_OQNR`0k1T@TNk?i1Y@VNg?g1]@YNb?e1a@ZN_?d1c@\\N\\?d1c@^N^?_1`@fN_?Y1^@kNc?R1X@VOf?j0T@]On>]N\\@V2a0CP?\\NZ@R2c0G]>oMo@>GQ2j0F]>i1aAZN^>f1`A^N_>`1`AcNa>[1\\AiNg>S1WAROi>j0VAZOi>e0TAXN6bNd>V3TASNc0dNY>Y3QAQNl0dNT>[3m@mMX1gNj=\\3k@hMd1nN]=k4hBUKW=h4QCTKn<f4\\CUKd<h4h2N3K4M5K4M3N2O01N2K5K5N2012N1O5J3N00002N0000M3L4M3N2N2K5L5L3N3M2N3O0O2O100O1N2O1N2N3M2N2N2N3M3M2N101O001N100O00nKf_Oe1Z`0WNj_Oi1U`0SNo_Om1R`0PNo_OQ2S`0kMo_O^OLR1X`0[Oo_OA0n0S`0\\OP@F7d0m?_OP@L:>h?^OT@5i0FW?0R@:o0XOW?8n_Oa0cb0ZO_]Og0Zd0O01O1O100O100O1O1O1O2N101N1O1O2N1O1O2N1O1O2O0O2N1O2N1O2N1O2OSNb[O^1]d0bNd[O_1Yd0dNe[O]1Zd0b0OPNh[Oa1Vd0_Nk[Oa1Td0^Nn[Ob1Rd0]No[Od1oc0[NS\\Oe1lc0[NU\\Oe1kc0ZNV\\Og1hc0ZNX\\Of1gc0ZNY\\Og1fc0YNZ\\Oi1dc0WN]\\Oi1bc0WN^\\Oj1ac0VN`\\Ok1^c0UNb\\Ol1]c0TNd\\Om1Zc0SNg\\Om1Yc0RNg\\Oo1Xc0QNi\\OP2Tc0RNl\\Oo1Rc0QNn\\OP2Rc0oMo\\OQ2Pc0oMQ]OR2mb0nMS]OS2mb0mMS]OT2kb0kMV]OV2ib0jMX]OW2gb0hMY]O6^Ob1Xc0YNZ]O5^Oc1Vc0XN\\]O6^Oc1Tc0XN^]OZ2ab0fM_]O\\2^b0eMc]O[2]b0dMc]O^2[b0bMf]O_2Xb0aMh]O`2Wb0`Mj]O4\\Ok1ib0PNk]O5]Ok1gb0QNl]O4]Ol1eb0PNn]O4^Ol1cb0PNP^O4\\On1bb0nMR^O5\\Om1ab0nMT^O5[On1_b0nMV^O3\\Oo1]b0nMX^O3[OP2[b0mMZ^O3\\OQ2Yb0kM\\^O3\\OS2Vb0jM_^O3[OS2Ub0kM_^O2\\O5K[1Yb0]N`^O4\\O3M[1Vb0^Nb^O4ZO30[1Rb0^Nd^O5YO32Y1Pb0_Nf^O4XO43Z1na0]Ng^O6XO24\\1ka0\\Nj^O6WO24]1ia0[Nl^O6XO14^1ga0[Nm^O7XO04_1fa0YNo^O7XO04`1da0YNP_O7YO04`1aa0ZNQ_O6[OO4b1^a0YNT_O6ZOO4c1\\a0XNV_O6[ON4d1[a0XNV_O6[ON4e1Ya0WNX_O6\\OM46Gh0^a0PO\\_O5[OM45Ih0[a0QO^_O4ZON55Ih0Ya0QO__O4ZON45Lh0Ua0QOb_O4YOM56Mf0Ra0SOc_O4YON55Nf0o`0SOf_O4XOM65Nh0l`0ROh_O4YOM55Og0j`0SOj_O4WOM741g0f`0TOk_O3XON633h0b`0TOm_O4XOL743h0``0TOn_O4WOM833i0^`0SOQ@4VOL934j0Z`0TOS@3VOL934k0Y`0ROT@4WOL835j0W`0TOU@2WOM926k0T`0SOW@2WON827j0R`0TOX@2XOM837j0o?TO[@2VON919k0k?TO]@2WOM929j0i?VO^@1WOM92:j0g?UO_@2XOM81<j0d?WO`@1XOL92;k0b?VOb@1YOL81<m0`?TOd@1XOM91<m0^?SOe@3XOK:2;n0\\?SOg@1YOL91=o0Y?ROh@3YOJ:2<o0Y?QOi@3XOL:0=Q1V?POk@4XOJ;1=Q1T?POk@4ZOJ:0?R1P?oNo@5XOI;1>S1o>mNQA6VOJ<O`0S1l>mNSA7VOI=O?T1j>kNVA9TOH>O?V1g>kNXA7UOHR2U1a=kNYA8TOHR2V1`=iNZA9UOGS2W1[=iN_A9SOGT2W1X=iNbA9QOHV2V1U=iNeA8QOHV2X1S=hNeA9ROGW2W1Q=jNfA8ROFY2X1l<kNiA7SOFX2Y1i<lNlA5SOEZ2Z1e<lNoA4SOFZ2Z1a<mNRB4QOF]2Z1^<kNVB5nNG_2Y1\\<jNWB6oNF`2Z1X<jNZB5nNHa2Y1U<kN\\B4nNHb2Y1S<kN]B4nNHb2Z1Q<kN^B3POGc2Z1o;lN^B3oNHe2Y1l;mN`B2oNGg2Z1h;nNbB0POHg2Z1e;oNcB0ROFg2Z1d;oNdB0ROFh2Z1a;POeB0c2P1f:oNiB1f2m0_:POlB3g2m0[:QOnB2h2k0Z:SOoB1i2e0^:ZOhB1l2b0^:]OfB1m2?^:@eB1o25e:J\\B0QOHX38`;NXB1POKY32a;1VB3POJPc02Q^O3POKob00S^O5mNLmd04T[OLld04T[OKmd04T[OLld03U[OMkd02W[OMke0O0100M21O011N1OVfR;"}}]}