{"images": [{"id": 0, "file_name": "images/Fish3905.jpg", "width": 1290, "height": 730}], "annotations": [{"id": 0, "image_id": 0, "category_id": 0, "bbox": [690.0, 243.0, 260.0, 231.0], "area": 60060.0, "iscrowd": 0, "segmentation": {"size": [730, 1290], "counts": "kX\\?;\\f06D<H7K5M3L4M5J5T[O`NVd0d1e[OcNTd0g2ZO3L4M3L4M2N3M2N2N2N2N2O1N2O0O2O1N2O1O1N2O1N2O1N1O2O1N101N2O001N101O1N3N1N2O1N2O1NdKh^OZ3Wa0cLn^O]3Pa0bLR_O^3l`0bLV_O^3i`0aLY_O_3f`0`L\\_O`3c`0_L__Oa3``0_La_Oa3^`0^Ld_Oc3Z`0\\Lh_Od3W`0\\Lj_Od3U`0[Lm_Oe3R`0ZLP@f3o?ZLQ@g3n?XLT@h3j?XLX@h3g?WL[@i3d?WL]@i3b?WL_@i3`?WL`@j3_?ULc@k3\\?ULe@k3Z?ULg@k3X?TLj@l3V?SLj@n3U?RLl@n3S?RLn@n3Q?RLPAn3o>RLRAn3m>RLSAo3l>PLVAP4h>QLYAo3f>QL[An3f>PL\\AP4c>PL]AQ4b>oK_AQ4`>oKaAQ4^>oKcAQ4\\>oKeAQ4Z>nKgAS4X>mKiAR4W>nKjAR4U>nKlAR4T>mKlAS4T>mKmAS4R>lKPBT4o=lKRBT4m=kKTBV4l=iKUBW4j=iKWBW4i=hKWBY4h=gKYBY4g=fKYB[4g=cK[B]4e=bK\\B^4d=aK\\B`4o?1O000O101O000O10001O0O10001N100000001N1000001O0000000000001O00000000001O00000000001O0000000001O0kNZ^OVMfa0i2\\^OVMda0j2]^OUMca0j2^^OVMba0j2_^OVM`a0i2a^OWM`a0h2`^OXM`a0g2b^OXM^a0g2d^OXM\\a0h2d^OXM]a0f2e^OXM\\a0h2d^OXM\\a0g2f^OXMZa0h2f^OXM[a0g2f^OXMZa0g2g^OXMZa0h2g^OWMZa0g2g^OYMYa0g2h^OXMYa0g2h^OXMXa0g2j^OWMWa0i2j^OVMWa0i2j^OVMVa0i2k^OWMUa0i2l^OUMVa0j2k^OUMUa0j2n^OSMTa0l2m^ORMTa0n2]1O0O2O1O1N2O1O1O1N3N2N1N2O1O000O10O001O001O010O1O001O010O10O010O1O100O100O101N100O1O101N100O100O2iNa[O1_d0Nc[O0^d00b[O0^d00b[OO`d00a[ON`d01a[OO_d01a[ONad01_[ONbd02_[OLcd02^[ONcd01][ONdd02][OLed02\\[OMfd01\\[OMgd01Y[ONjd0NX[O2id0LY[O2ld0GW[O8fe000O2N1O101N1O2N2N4L^Pb7"}}]}