{"images": [{"id": 0, "file_name": "images/Fish7631.jpg", "width": 1290, "height": 730}], "annotations": [{"id": 0, "image_id": 0, "category_id": 0, "bbox": [586.0, 265.0, 137.0, 200.0], "area": 27400.0, "iscrowd": 0, "segmentation": {"size": [730, 1290], "counts": "mPR=6bf04M3N1N2N2O000O100O1000O100O100O^\\OO\\`02T_Oc0g`0\\OP_OP1n`0POo^OV1m`0jNQ_OZ1m`0gNQ_O\\1m`0dNR_O_1l`0bNR_Oa1m`0^NR_Of1l`0ZNR_Oi1l`0WNT_Ol1j`0TNT_OP2i`0QNV_OR2h`0mMX_OX2d`0hM[_O\\2a`0eM^_O]2a`0cM^_O`2``0`M__Oc2_`0\\Ma_Of2^`0ZMa_Oh2]`0YMb_Oi2]`0WMc_Ok2[`0TMe_On2Z`0RMe_OQ3Y`0oLf_OV3V`0jLi_O[3S`0eLm_O^3P`0bLo_Od3l?\\LS@h3j?XLV@j3h?VLW@l3h?TLW@n3h?RLW@P4h?oKY@R4f?nKY@T4f?lKZ@T4f?lKY@V4f?jKZ@V4g?iKY@X4f?hKY@Y4g?gKY@Z4f?fKY@[4g?eKX@\\4i?cKW@]4i?cKV@^4j?bKV@^4j?bKU@_4l?`KS@a4m?_KR@a4P`0^Ko_Oc4S`0[Kl_Of4U`0YKj_Oh4W`0WKh_Oi4Z`0WKd_Oj4\\`0WKa_Ok4``0VK]_Oj4f`0VKT_On4m`0>2O1N1O1O1M3N101N2O1O1O100O1O1O1N2O1O1O1O00100O1O1O1O100O1N2N2N2O1O1N2H8N101O1O1O1O2N1O1O2N100O1O2O2L3N2L6K5J=C7K4L5Kl0mMfZOn0Pf0A8H5L4LYkc<"}}]}