{"images": [{"id": 0, "file_name": "images/Fish9293.jpg", "width": 1290, "height": 730}], "annotations": [{"id": 0, "image_id": 0, "category_id": 0, "bbox": [184.0, 291.0, 433.0, 288.0], "area": 124704.0, "iscrowd": 0, "segmentation": {"size": [730, 1290], "counts": "n`S41if01O2N1O1O02OO012M2O1N100Q[OF\\c0;c\\OE^c0;a\\OF?2m`08c@K\\?5c@L]?4a@M_?4`@M_?3g^OD8:Ra02e^OE89Sa02d^OG87Ua02b^OH87Ua02b^OG97Ua02a^OI86Xa01_^OI97Wa00a^OH97Wa01_^OI97Wa00`^OI98Va0Oa^OI9;Ta0Lb^OJ9;Ta0Kd^OI8?Qa0If^OI8`0Pa0Gh^OI8a0Pa0Fg^OI9b0Pa0Eg^OI8b0Ra0Df^OJ8c0Qa0Df^OJ8b0Sa0Dd^OJ9b0Sa0De^OI8d0Ra0De^OI8c0Sa0De^OI8c0Ta0Dc^OJ8c0Ta0Cd^OJ^OG6l0ha0Dc^OI^OI5k0ja0Db^OI]OJ6i0la0Ca^OJ]OK6g0la0E`^OI_OJ5h0ma0E^^OHAL3g0oa0D^^OH@M3g0Pb0D\\^OHBM1g0Qb0D\\^OIAL2g0Rb0C[^OJ@N2e0Sb0C[^OJ@N2e0Tb0CY^OJAO0e0Wb0AY^OK@N0f0Wb0BX^OJAN0g0Vb0BX^OICMOh0Wb0AW^OKCKOh0Xb0CU^OJEJNi0Yb0BU^OJDKNi0Yb0CT^OJDJOi0Yb0CT^OJCK0h0Yb0DS^OJCK0g0[b0CR^OKCKOh0\\b0CR^OJBK0h0]b0BQ^OKBLOg0^b0CP^OKBK1f0]b0DP^OKCJ0g0]b0EP^OJBK0f0^b0EP^OJBK0f0_b0En]OKAL1d0`b0En]OK@N0c0bb0Em]OL\\O03?eb0Fk]Oc0\\OIib0Ej]Oh1Vb0XNj]Oi1Ub0XNj]Oh1Wb0WNj]Oh1Vb0XNj]Oh1Vb0YNi]Og1Xb0XNh]Oh1Xb0XNh]Oi1Wb0XNh]Oh1Yb0XNf]Oh1Zb0YNe]Og1\\b0YNc]Oh1\\b0YNc]Og1^b0XNb]Oi1]b0XNb]Oh1^b0YNa]Oh1_b0WN`]Ok1_b0VN`]Oj1`b0WN^]Ok1bb0TN]]Om1cb0TN[]On1eb0RNZ]OP2db0RNY]OR2db0oM[]OR2eb0nMY]OT2fb0P1001O01O01O000O1000O100N2M3O1O1O10000eLnKnCS4Q<PLlCP4U<PLjCP4W<PLgCR4Y<nKfCR4[<oKbCS4^<mK`CU4`<lK]CV4d<iKZCY4f<gKWC[4j<eKSC^4m<bKQC`4o<`KnBc4R=_KjBc4U=_KYBIcNl4T?\\KVBR5k=nJSBS5o=kJQBW5P>gJoA^5n=aJQBb5m=_JQBb5o=_JoAc5Q>]JlAe5U>ZJiAh5W>YJfAi5Z>WJdAk5\\>UJbAl5_>TJ`Al5a>VJ[Al5e>UJYAk5h>UJWAl5i>TJVAl5k>TJSAm5n>SJPAn5R?QJl@Q6T?PJi@Q6W?PJf@R6\\?e01O1O2N1O1O1O1N2O1O1O2M3M2M3N2N2Gg_OoIZ`0n5j_OnIY`0o5;M3M3N2N2N2N3M2N2N2O1N2N2O0O2O1N101O0O1000000001N1O1O1N3\\NPKZAR5d>TKVAn4j>VKo@n4P?TKl@n4V?SKe@P5]?RK\\@Q5f?PKT@R5m?n000002N1O1O001O01O02O2N3M00O10O01N2N1O2M2O0N3B\\Ic@e6]>jIaAOJY6b>]1N3O2M3M6J2N1O1O100O01O4M3L4M5K4L5K4K6K6I5L5K3L6J4K9G5M1N3M4M2M1O1O100O10O0O2L3O101I60100O000O1N10O2N20O0N2O2M2O0201O1O1O1O2O1N101N2N101O0O100000O1N2O001O1O1O2M2M_JS@[4k?cK[@\\4c?_Kc@a4]?[Kg@f4Y?VKj@k4[?kJi@V5]`0001O001O2N2N3M2N1O1O1O1O001O001O5K3M3M1N2N1O1N2O1O001N2O1N101N2N2O1O1OiIU@a5g?`J_@]5_?cJe@[5Y?eJRAQ5m>nJZAm4d>SKaAj4^>VKeAh4[>WKgAh4X>XKkAf4T>YKPB]4X>bKjAX4[>fKhAX4Y>gKiAV4Z>gKhAX4Y>fKjAW4X>hKiAS4a>gK`AV4c`0@a]O^Lhb0^3;M4nNY]OiMmb0V2j020N2O100O2O0O2O0000000000001O0YN_[OV1bd0iN`[OV1_d0iNc[OV1^d0iNd[OU1\\d0kNd[OV1[d0kNe[OT1[d0e0N1O11O1O1^Ne[Oe0\\d0WOl[Od0Td0WOX\\Oc0hc0[O`\\O<cc0Ck1N10010N2N2Nhf01XYO1N1O101O1N1000O10000O2O1O100Mg^o>"}}, {"id": 1, "image_id": 0, "category_id": 0, "bbox": [556.0, 345.0, 224.0, 277.0], "area": 62048.0, "iscrowd": 0, "segmentation": {"size": [730, 1290], "counts": "Sm\\<4^f0;D;K4K5J6L9XOgN_[Og1Td0d0lNbMb]Oj2Tb0V1G8H3L3L5K4O1N2O1N2N2O2N1O2N2O1N6J2N2N2N1O2N1O1O1N2N1]NRJYBP6i=RJRBo5o=VJiAm5W>cJWA^5m>V13L7I3N1N2O2N3L5L2N001O000O2O001O0O101O0O010000O001O1N2AfI[@\\6d?>00001N3N1N2O1OO2O1O1O00O1O1O100O01O1H7M4_OQIn@X7o>;M3N2M3N2002SH[Aa7a?^O=D7G6K4L4L3L2O2N000O2O001O1O1O1O000000O100O101N1O1O1O1O001O1O1N2D<N1O2N2M2N3L3N3L4K5M201N2K5M3OoHRA@N`6Q?cIeA]6[?10RJo_OS5Q`0iJW@R5j?hJ_@FDS5l?TKRAj4n>TKVAj4i>VKYAi4f>WK\\Ah4d>UK_Ak4Y`0O000000000000O\\KY^OW4fa0fK_^OX4ca0dK`^O\\4na01O1O1O010O100O010N2N1O2O10O100O1M4L3L9eKb]On3hb0M2N1O2N2N2N4L2N2M2oNc\\OmMO?`c0b1l\\O[NUc0c1n\\OWNWc0e1Q1L4K5E;L4M3O1O2N1N3N2N3M1O2O0O2N1N3N1N3M2O2M3McS[;"}}, {"id": 2, "image_id": 0, "category_id": 0, "bbox": [716.0, 229.0, 466.0, 384.0], "area": 178944.0, "iscrowd": 0, "segmentation": {"size": [730, 1290], "counts": "fjn?2ff03N20O01O100O1O001O1O1O100O010O100O01000O010O0010O01O1000OdLD\\@;P?IP^O1m25S?Lm]O1o24U?=i@CX?>f@CZ?=d@E\\?<b@E^?;a@F_?:c@D]?<d@C]?<c@D]?=b@C^?>a@A`??`@A`??`@@b??]@Bc??\\@@e?`0Z@Af??Z@Ag??X@@j??U@Bl?=T@Cl?=S@Dm?=R@Bo?>Q@BP`0=P@CQ`0=m_ODS`0=^^OUO5>]a0=^^OWO2<3GiNLk`0i0W@XO2<03j0@g<i0[BZO3916g0Bh<f0\\B[O2719f0Ak<d0[B\\O360;d0An<b0ZB]O45O<b0BR=a0YB[O37O=`0BU=a0WBZO370=>CZ=?SB[O470==C]=?QBZO480=<Ca==oA[O390=<Cc=;nA\\O291?9Bh=9mA]OO:2?8Cj=6nA^OL<3>7Cm=5mA^OK=4=5DP>4kA@J<5?2CT>2kA@I=4f0L\\O^>0hABH>5h0[O^N6l0j>OgAAH?5S1\\OoNQ?NfAAFa06T1YOmNW?McAAEb08U2`>iMbA@Ec08T2c>hMaA@Be0;R2c>iMaA@^Og0=P2e>jM_A_O]Oh0?P2e>jM^A_O[Oi0a0n1h>jMZA@[Oj0a0m1l>lMSAj00Z1n>oMn@h02Z1Q?PNj@g04Z1S?oMh@g04Z1U?PNe@h04X1X?QNc@f05Y1Y?QNa@g05X1S;kLgHU1QLg04Z1U;nLbHR1RLh06X1Z;lL]HZ3VLK^;lL[HZ3SLLc;mLWHf6i7\\IUHc6m7]IRHb6R8ZIoGe6S8[IlGd6V8^IgGa6Z8bIcG]6_8cI`G\\6b8cI]G]6e8dIXG]6i8dITG\\6o8dIoF[6T9dIjF\\6X9dIeF]6_9cI]F]6e9cISFE[Mi6c<dInEa6U:`IhE`6Z:aIdE^6_:lIUES6m:oIoDQ6R;QJlDn5V;RJiDm5Z;RJeDm5];SJbDk5a;VJ^Dh5d;XJ[Dg5g;YJXDf5j;ZJTDf5P<XJoCg5S<YJmCf5U<[JhCd5Z<]JdCc5^<\\JaCc5b<]J\\Cb5g<\\JYCc5j<[JVCe5l<ZJSCe5o<[JPCd5R=\\JmBc5V=^JgBa5[=_JdB`5^=`JbB^5a=bJ\\B^5f=bJXB_5j=`JTB`5n=`JQB_5P>cJmA]5T>eJhA\\5Z>eJcA[5^>gJ_AZ5a>iJZAX5g>mJQAU5P?Z12N1O1O1O1OZMiHkEU7T:RIgEm6Y:XIcEg6_:[I_Ec6d:\\I[Ec6i:]IUEa6o:aIlD^6W;dIfDZ6^;dI_D]6d;cIVD`6o;bI`Ch6d<YITCj6o<ZIiBg6[=Z14L5K3M3M2N4L2N1O2N2N001O001O00000000001N3N4L4L4L2N1O000000O1M4H7D=L6K4M0OO11M3M3UNk12O2M2O3Mc0]O`0@b0^On0RO=Ca1_N2N1O2N10N1N2N3N1N3N1N2M3N2N2K6I6D<L4M3L4J7K4K5I8H7G9E;F:F:I7M3M4J5I7H8KXG\\Dd6X;\\IXE`6`:^IkE`6m9aI\\F^6a9WIlFj6U9fHXG[7l8WH[Gm7g;1N3N2N1N3N2O1O11O1O1O1N2OO1O100O1N2O1M3M4K4L4M3L5K^G[CW7a<eHiCY7S<dHUD[7g;fH]DZ7^;eHiDY7R;gHVEV7e:jHeEQ7W:nHoEQ7n9nHUFS7f9nH]FR7_9oHeFQ7W9mHnFT7n8iHYGV7g8fH^GZ7a8cHcG]7X8dHlG\\7o7`HZH_7e7`H_H_7`7_HcHa7[;O2O0000O0100000O010O1O100O10O2O2N4K2O1O001O000O1000O1000O01N1O2N2N1O2N2N2O1N2N2O1M3N2N2N2NUIiAV5U>kJmAU5Q>jJSBU5l=iJWBV5i=hJ[BW5c=iJ`BU5_=kJSCd4k<\\KZCa4e<_K^C`4a<_KaC`4`<^KaCc4^<[KdCe4\\<ZKfCf4Y<XKjCh4V<WKjCi4W<UKiCm4W<PKkCQ5U<mJlCS5U<kJlCV5T<hJmCX5R<hJnCZ5Q<dJQD]5o;aJQDa5n;]JTDd5k;[JVDf5h;ZJXDg5g;YJYDi5e;WJ\\Do0PNV3b=kK^Dn0TNV3]=kK`Dn0UNV3[=jKbDP1TNV3X=jKeDP1SNW3W=hKgDQ1SNW3T=iKhDP1VNV3Q=kKiDn0VN<DQ1\\=dMkDn0VN=DP1Z=dMmDo0WN;DQ1X=cMnDQ1WN;DQ1U=cMPEP1ZN;BQ1T=dMPEP1ZNTOAa02f1S=cMREQ1XNVOE=Mi1S=cMSER1XNUOJ9Hm1Q=bMVES1XNUOL6Fo1o<dMVER1ZNTOO4BS2m<dMXEP1\\NTON4BS2k<eMYEP1]NSON5BS2h<eM[Eo0_NTOM5AR2g<eM^En0_NUOM5_OT2e<eM_Ek0dNVOJ5_OT2d<eM`Ej0eNXOH4@V2c<`McEm0dNYOF4@U2Z?^NaAXOF5_OV2Y?[NdAZOE4_OW2_<^MgEl0iNZOC5^OV2V?ZNjA[OB5^OW2U?XNmAZOA7^OV2S?ZNnAXOB8^OV2P?ZNQBYOA6^OW2o>ZNSBYO@6_OW2m>ZNUBXO_O7@V2k>[NWBXO_O7^OW2k>ZNYBVO_O9^OV2h>\\N\\BUO^O9^OW2g>ZN^BWO\\O9_OU2f>\\N^BWO^O7^OW2e>ZNaBWO\\O8_OW2c>YNdBTO]O=\\OU2b>[NeBTO]O;]OV2_>[NiBSO[O<]OW2^>ZNSD^O`MW2\\>\\NUD\\O`MW2[>\\NWD\\O^MX2Z>]NXDZO`Mo0^OKj>KZDZO_MP1^OIh>N\\DVO`MS1^OGe>1^E8mKFe>1`E8mKDd>4_E8nKCa>6cEEcKJ:9`>8dEDdKI9:_>9dEEdKH:7^><fEDcKH:6^>>fEDcKG93_>d0fEAcKG:2]>e0gEBcKG:O]>h0gEAcKG;M\\>j0hEAbKH`?g0nDAcKG^?i0PE@cKF\\?j0QE_OeKGY?j0SE^OeKGX?j0UE^OdKHU?k0WE]OeKGT?l0XE\\OeKGS?m0YE[O^;d0cD\\O^;b0dD]Og;8ZDGh;7YDHh;7XDJh;4ZDKf;5[DKd;3_DLb;3^DMb;4^DLa;4`DK`;4bDK^;5dDI\\;7c501N101N2O1Mof\\2"}}, {"id": 3, "image_id": 0, "category_id": 0, "bbox": [9.0, 6.0, 392.0, 220.0], "area": 86240.0, "iscrowd": 0, "segmentation": {"size": [730, 1290], "counts": "j_6>Wf07B=K5M2M4DdNU[O_1lc0bNh\\Oh1Wc0ZNh\\Og1Vc0[Nh\\Of1Xc0[Nf\\Of1Yc0]Ne\\Oc1[c0_Nb\\Ob1]c0`Na\\Ob1^c0_N`\\Ob1`c0_N^\\Ob1bc0`N[\\Oa1ec0`NZ\\O`1T1nMVa0l2i^OUMWa0k2i^OVMQO1ea0j2Y_OVMQO3da0g2[_OVMPO5da0e2[_OXMnN5ga0c2Z_OYMnN6ga0a2Z_O\\MkN5ka0_2Y_OmMg`0S2Y_OmMg`0S2Y_OmMg`0S2Y_OmMg`0S2X_OnMh`0R2W_OoMi`0Q2W_OoMi`0Q2V_OPNj`0P2V_OPNj`0P2U_OQNk`0o1T_ORNl`0n1T_OQNm`0o1R_ORNn`0n1R_ORNn`0n1R_ORNn`0n1Q_OSNo`0m1Q_OSNo`0m1P_OSNQa0m1o^OSNQa0n1m^OSNSa0m1m^OSNSa0m1\\^OTM4n0aa0n1Z^OUM4n0ba0m1Z^OVM3m0ca0n1X^OVM5k0da0P2R^OYM9h0ea0\\2Y^OeMga0[2Y^OdMha0\\2X^OdMha0]2V^OdMja0[2W^OdMja0\\2U^OeMka0[2U^OeMka0Z2U^OfMla0[2Q^OgM<lNRa0]3a^OhM<nNQa0c4o^O]KQa0c4n^O^KRa0a4n^O`KRa0`4n^O`KRa0`4m^O`KTa0`4l^O_KUa0`4i^OcKWa0]4e^OfK\\a0Y4d^OgK]a0Y4b^OgK_a0X4a^OhK`a0X4_^OhKba0X4^^OhKba0X4]^OiKca0W4\\^OjKea0U4Y^OlKha0c400O10O1000000O100O100O10Z_OTK^?k4c@TK^?l4X10U_OXKd?h4[@YKe?f4Z@[Kg?e4X@[Ki?e4V@[Kk?e4T@\\Kl?d4S@\\Kn?c4S@]Km?c4R@]Ko?b4Q@^KP`0b4o_O_KQ`0a4n_O_KS`0`4l_OaKU`0_4j_OaKW`0^4i_ObKX`0^4h_OaKY`0^4g_OcKY`0]4g_OcKY`0]4f_OcK[`0]4e_OcK[`0\\4f_OcK[`0]4d_OcK]`0\\4c_OeK]`0[4a_OeKa`0Z4__OfKb`0Y4]_OhKd`0X4[_OhKf`0W4Z_OiKg`0W4Y_OiKg`0W4X_OiKi`0W4V_OiKk`0V4U_OkKk`0U4S_OlKn`0T4Q_OlK?Eb?_4m_OmK>He?\\4k_OlK`0Ie?[4j_OlKa0Je?[4h_OkKc0Ke?Z4g_OkKe0Je?Z4f_OlKd0Kg?Y4d_OmKc0Jk?X4a_OoKb0Lm?U4`_OPLb0Ko?h4Q@WKQ`0i4n_OWKS`0i4l_OVKV`0i4i_OYKW`0f4h_OZKZ`0f4d_O[K]`0e4a_O[Ka`0e4^_OZKd`0j4W_OVKj`0\\5100O1O1O0O2O1O1N2N2O1N2O1N2O1O100O1O1O1O1O1O1O1OP@UKS>j4lAXKT>h4gA\\KZ>d4cA[Ka>f4[A\\Kf>d4TAaKm>`4PAbKP?a4n_OVKb09b?m4Z@TKh?m4T@TKn?o4k_OTKV`0f52O1N2N2O1O1O1O1N2N2N2O1000000001O001O001O00000000001O2N2N3M3M0000N200O1O10000O10000002N2N2N2N00O1O1O1O1O1O100O1000000000000001O00000000O1000000000000001O002N1O1O1O00O100N2^Ob0TOR_OiKQa0V4R_OgKo`0X4T_ObKPa0^4f0001O1O2U^OUKca0l4Z^OWKea0P5O002N1O1O1O3M3M2N4L2N1O2N3M2N1OVO^_O^K``0a4d_O\\K\\`0b4m_OXKR`0g4T@XKh?g4^@WK_?g4f@WKY?]4h1M3O1O11O1O1O001O1O1O1O001O1O100O1O001O001O1O1O001O1N101O000001O0001O001O1O001O00]Oa^OlK^a0S4d^OmK[a0S4f^OmKYa0S4h^OmKWa0S4k^OlKTa0T4m^OlKSa0S4o^OlKPa0T4R_OkKm`0U4T_OkKk`0U4U_OkKl`0U4T_OkKk`0U4V_OjKj`0V4X_OjKg`0U4[_OjKe`0V4\\_OhKe`0W4\\_OiKd`0V4^_OiKb`0W4]_OkKc`0S4^_OmKd`0Q4\\_OnKf`0Q4Y_OoKj`0n3X_OQLh`0o3X_OQLi`0m3X_ORLi`0n3W_OQLj`0_3^^OhLcb0V3_]OiLbb0U3`]OkLh0Gf`0]3c^OkL`b0S3b]OmL`b0P3a]OoLab0o2a]OoLab0n2a]ORMbb0j2_]OVMeb0_2j\\O^Mg0Oeb0[2b]OeM`b0X2`]OhMbb0U2_]OlMbb0R2^]OoMcb0o1]]ORNdb0m1\\]OSNeb0k1\\]OUNdb0j1]]OUNeb0i1\\]OVNeb0=`\\Od0l0nNfb09d\\OLE`0Pe0^Oa[OMBd0oe0O10R[O]Odc0b0\\\\O^Ofc0`0Z\\O@gc0?Z\\O@gc0?Y\\OAhc01U[O5iZjc0"}}]}