{"images": [{"id": 0, "file_name": "images/Fish8729.jpg", "width": 1290, "height": 730}], "annotations": [{"id": 0, "image_id": 0, "category_id": 0, "bbox": [489.0, 225.0, 278.0, 280.0], "area": 77840.0, "iscrowd": 0, "segmentation": {"size": [730, 1290], "counts": "mol:<9Fhe0h0N1N2O1O1O1O1O1O1N2M3M2O2M3L301O1N101O10O01O001O00100O010O010O01O01O00010O01O01O0WLYNaBg1]=]N`Bc1_=`N`B`1_=cN^B]1b=fN[B[1e=gNYBX1h=iNVBX1j=iNUBW1j=kNTBV1l=kNRBV1n=kNQBT1P>nNmAS1S>nNlAR1T>POiAQ1V>ROgAo0Y>UOcAl0\\>UObAl0^>UOaAk0_>VO`Aj0`>WO^Aj0b>XO\\Ah0d>ZOYAg0g>\\OVAd0j>]OTAc0m>_OQAa0o>@o@a0Q?@n@`0R?Am@>T?Ei@;X?Ff@:Z?Hc@9]?Ia@6`?L^@4b?O[@1e?4U@Ml?4R@Ko?8m_OIS`08l_OHT`0:i_OGW`0:h_OEY`0=e_OC\\`0=b_OD^`0>`_OAa`0`0^_O@b`0b0[_O^Of`0d0X_O\\Oi`0e0T_O[Om`0f0R_OZOn`0h0o^OXOSa0i0k^OWOUa0j0i^OWOWa0k0f^OUO\\a0n0_^OSOaa0S31O00001O00h_OoJg>Q5RAYKl>f4PAbKl>^4k@mKT?S4[@_Lc?`5M1N103L4M2N0O2O1O1O00100N7J1N0100O10000001N1O01O0O2O2N1N2O2N2M3N1O1N2N1N3M2O2N3N3L3M2O2M2O1N2O1O1O2N2N1O1O2N2N2N2O1N2N1N100N2O1N2O1N2I7M3N2N2L4L4N101N2N1F;L3O1O2O01O001M4L4L4ZOaKj^Oe4Sa0`Kd^Og4Ya0`0M2N2M6K3M2N2M2O2N2N2N5K3M2O0O2O0O2O1O1N3N2N1N2O1O1O1O1O1O2N1O2O0O1O1O3M2NiKn@g0R?WOPAh0W?POj@Q1Y?jNi@V1X?gNj@Z1V?cNk@^1V?`Nj@a1W?\\Nk@d1V?YNk@h1U?WNl@i1V?SNl@m1U?QNl@o1V?lMn@R2U?jMl@W2V?fMk@Z2V?cMl@\\2U?bMm@^2T?_Mn@a2R?]MPAb2Q?\\MQAc2Q?ZMQAf2P?WMSAg2n>WMUAg2m>UMVAj2m>RMVAj2o>oLVA`2aNlLb`0:VA\\2d?]Ma@]2Sb0I8I6H9J7I3M4M3L4M3L3N2N3L5K4L4M5K5J]]d;"}}]}