{"images": [{"id": 0, "file_name": "images/000110.JPG", "width": 2448, "height": 3264}], "annotations": [{"id": 0, "image_id": 0, "bbox": [676.0, 546.0, 212.0, 292.0], "segmentation": {"size": [2448, 3264], "counts": "efha1c0k[26J5L3L5L4L4M2M2O001N101O0O20O0001O00010O01O010O01O010O00010O1O010O100O010000000000000000O10000O10001N2O0O100O10O010O0100O010OZOdNYfM\\1eY2fN[fMY1eY2gN\\fMY1cY2gN^fMX1bY2hN^fMY1aY2gN`fMX1`Y2gNbfMY1^Y2eNdfMZ1\\Y2eNefM\\1XZ2O10O1000O010000O100O100O00100O001O010O1O01000O0100O10O0_fMbNQX2^1kgMgNSX2Y1kgMjNUX2U1jgMnNTX2S1jgMoNVX2P1jgMPOVX2P1igMROFD`W2[1ihMQOEGbW2W1ihMRODIbW2U1khMQOCKbW2T1jhMQODLf0E\\U2^1ZjMPODOc0GmS2MVlM]1FPODOb0JiS23VlMT1KoND1`0KiS25VlMo0MoNE3=LiS26VlMm0NnNF3=MgS28WlMi00mNF6;LgS2;VlMf04iNF9:MfS2>SlMd09bNH>6NeS2b0QlM`0]1oNoNMcS2g0PlM<_1nNPOMaS2l0mkM;c1hNRON_S2R1jkM8g1dNSOO\\S2Z1gkM3\\X28ZgMIdX2=WgMCiX2R2O2O0000O10001N1O1O1O2O0O1O1O100O2N2O0O2N3M4K5]MdfM]1bZ2K5L4L3N1N2O2N1O1N3N2M4M5J5JjUje5"}, "iscrowd": 0, "area": 10735.0, "category_name": "TBD", "score": 0.42714667320251465}, {"id": 1, "image_id": 0, "bbox": [779.0, 2933.0, 240.0, 116.0], "segmentation": {"size": [2448, 3264], "counts": "PPkc7"}, "iscrowd": 0, "area": 0.0, "category_name": "TBD", "score": 0.5336070656776428}]}