{"images": [{"id": 0, "file_name": "images/000045.jpg", "width": 2976, "height": 3968}], "annotations": [{"id": 0, "image_id": 0, "bbox": [1377.0, 1499.0, 94.0, 132.0], "segmentation": {"size": [3968, 2976], "counts": "d[iV5f0Vk3:F8H9I8H7I5K5L3M3M3M3N2N1O1O2N3M2N3M3N1N1O2N1O1O2O0O2N010O10000O100O100O010O100O010O0100O010O100O001O100O1O2N1O2N101N2N1O2N2N2N1O2N1O2N2N1O3M1O2N2N2M2O2N2N1O2N1O2M3N2N1O3L3M4L3M3M4K6J8GWZVf5"}, "iscrowd": 0, "area": 8453.0, "category_name": "TBD", "score": 0.9440304040908813}]}