{"images": [{"id": 0, "file_name": "images/000043.jpg", "width": 1536, "height": 2048}], "annotations": [{"id": 0, "image_id": 0, "bbox": [628.0, 1019.0, 116.0, 261.0], "segmentation": {"size": [2048, 1536], "counts": "lT_W18fo13N2N2oRNHXj19cUNMZj14dUNN\\j13bUNO]j11cUNO\\j12cUNO]j10dUN0\\j10cUN1]j1OcUN1]j1ObUN2^j1NbUN2]j1OcUN1]j1NdUN1]j1ObUN2^j1NbUN2^j1NbUN1_j1O`UN2`j1MaUN3_j1MaUN2_j1O`UN2`j1N`UN1aj1O^UN2bj1N^UN2bj1N]UN2dj1N\\UN2cj1O\\UN1ej1O[UN1ej1N[UN3ej1M[UN2ej1OZUN2fj1NZUN1gj1OXUN2gj1OXUN1ij1OVUN2jj1NUUN2kj1NVUN2jj1NUUN2lj1NSUN2mj1ORUN2nj1NQUN2oj1OQUN0Pk10oTN0Rk10mTN0Sk11lTN0Tk10kTN0Vk11gTN0Yk11fTNO[k11cTN0]k11bTNO_k11_TN1ak1O^TN1bk11\\TNOek11YTN0gk12VTNOkk11STN0mk12QTNOok12mSN0Sl12jSNOWl13dSNO\\l16[SNNfl1e1001O0O100O100O100O100O1O1O1O001O00000O1O1O1N1000O1O1L3M4N101N2O1O10OO00O3M2M3M3N3L3K5J5K6L5L3M6J5J6J7E<G^PYa1"}, "iscrowd": 0, "area": 6768.0, "category_name": "TBD", "score": 0.9474004507064819}]}