{"images": [{"id": 0, "file_name": "images/000055.jpg", "width": 1537, "height": 2049}], "annotations": [{"id": 0, "image_id": 0, "bbox": [515.0, 439.0, 357.0, 1125.0], "segmentation": {"size": [2049, 1537], "counts": "mR[P17fo18J6ZQND^m1`0\\RNI\\m1=^RNK[m1:]RNO]m1a1I7H:G7I7I7I7I7I6J4L6J7J6I5K4M6I8H7J7H7I7I7J5J5L5J6K4L4K6K4L4K4M6J4K6K5J8G8[Od0H9Gj0XO6I8J5J7I7I6I7J5K7J:F6I5K6K6I5J6H<YOd0J7H9H6J:F6K6I8H6YNZ_OgcNSa0j[1k1G7K8G6K3M2M7J4L3M3M2N2N1O0000O1O1O1O100O1O101O0O100O10000O10000OihNk[OdR1Ud0[mNP\\OaR1Pd0^mNV\\O]R1ic0cmNc\\ORR1]c0nmNj\\OkQ1Uc0UnNQ]OfQ1nb0[nNX]O`Q1gb0`nN^]O[Q1ab0fnNe]OTQ1[b0lnNl]OmP1Sb0SoNT^OgP1la0YoN[^O`P1da0aoNb^OYP1^a0goNe^OVP1Za0koNj^OQP1Va0noNm^OPP1Sa0ooNP_Ooo0o`0QPOT_OPLfLcS1Vd0\\POd_O_o0\\`0aPOh_O[o0W`0ePOm_OXo0S`0gPOS@To0m?lPOZ@mn0e?SQOe@dn0[?\\QOl@]n0T?cQORAWn0m>jQOYAPn0g>oQO`Akm0_>VROfAem0Z>[ROmA^m0R>cROVBUm0j=jRO^Bol0b=QSOdBil0[=XSOkBbl0U=]SOSC\\l0m<dSOWCXl0h<iSO]CRl0c<mSOdCmk0\\<STOlCek0T<ZTOTD^k0m;bTOYDXk0g;gTO`DSk0`;mTOfDmj0Z;SUOjDij0V;VUOnDgj0Q;ZUOQEdj0o:\\UOSEbj0m:]UOVEaj0j:_UOXE_j0g:bUOZE]j0f:cUO[E\\j0e:dUO]EZj0c:eUO_E[j0_:fUObEZj0]:fUOdE[j0Z:eUOgE]j0V:bUOlE_j0Q:bUOPFbj0k9^UOVFfj0e9ZUO\\Fhj0a9XUO`Fmj0Z9RUOhFTk0P9lTORGWk0j8iTOWGXk0g8gTOZG[k0d8dTO^G\\k0`8eTOaG[k0^8dTOdG[k0\\8dTOeG]k0Z8cTOgG]k0W8dTOjG[k0V8dTOkG]k0T8cTOmG]k0R8bTOPH]k0P8cTOPH^k0n7bTOTH^k0k7bTOVH_k0h7`TOYHbk0e7^TO\\Hck0b7\\TO_Hjk0[7UTOgHnk0U7RTOkHPl0S7oSOoHSl0n6mSORIUl0l6jSOVIXl0g6hSOZIYl0d6gSO\\IYl0d6gSO\\IYl0d6fSO^IYl0b6gSO^IXl0c6hSO^IWl0b6iSO^IWl0b6hSO`IXl0^6iSObIWl0^6hSOcIYl0\\6fSOfIYl0Z6fSOgI[l0X6dSOjI\\l0U6cSOlI]l0T6bSOmI^l0S6aSOoI_l0P6aSOPJ`l0o5`SOQJal0n5^SOSJcl0l5]SOTJcl0l5]SOUJcl0i5^SOWJcl0h5\\SOYJel0f5[SOZJhl0c5WSO_Jll0]5TSOcJPm0Y5oROhJRm0W5nROiJTm0U5kROmJTm0S5kROnJVm0Q5iROPKWm0P5hROQKXm0o4hRORKXm0m4hROSKXm0m4hROSKXm0n4gRORKYm0n4gRORKYm0n4gROSKXm0m4hROSKXm0m4hROSKXm0m4hROSKYm0m4eROTK[m0l4dROVK[m0j4cROXK^m0g4`RO[K`m0e4_RO\\Kam0d4^RO]Kbm0c4^RO]Kbm0d4\\RO]Kem0b4[RO^Kem0c4YRO^Kgm0b4YRO^Khm0a4WRO`Kim0a4VRO_Kjm0a4VRO_Kkm0a4TRO_Klm0a4SRO`Knm0_4RROaKnm0`4QRO`KPn0_4oQObKQn0_4nQOaKSn0^4lQOcKTn0^4jQOcKWn0\\4hQOeKYn0[4fQOeKZn0[4eQOfK\\n0Z4bQOgK_n0X4aQOhK`n0X4^QOiKbn0W4]QOjKdn0V4[QOjKfn0V4XQOkKin0U4UQOkKln0V4RQOkKPo0T4nPOmKSo0T4jPOmKXo0S4dPOoK_o0P4YPOVLlo0g3noN]L_P1W3]oNlLgP1R3ToNQMnP1n2onNSMVQ1m2cnNVM`Q1d`04L3L5aRO`mNUm0iR1M6J8Gg0ZO:F9G9F8I`0@;E<Cb0_O7Ii0VOQ1PO4L2M8I8G:G8H:E<E;D?A;F8G=C8I8GP1POa0@;D;F7HP1QO7H6K6I<Ea0^O9G6K;C?B;E>A<E>B?B:E;E;E9G=B<E`0@c0^O;D9G:F;D>B`0@;F?@=D=B?A=C;D`0_O`0A<C?]OSWeY1"}, "iscrowd": 0, "area": 233004.0, "category_name": "TBD", "score": 0.993330717086792}]}