{"images": [{"id": 0, "file_name": "images/000006.jpg", "width": 1836, "height": 3264}], "annotations": [{"id": 0, "image_id": 0, "bbox": [692.0, 1196.0, 425.0, 470.0], "segmentation": {"size": [3264, 1836], "counts": "acXU26dU38I6K6K4L4M2N3N2M2N3N2M2O2M3M3N2M3N1gmLXNYP3j1coL^NWP3c1hoLcNRP3_1loLgNno2Z1QPMkNjo2V1VPMmNfo2U1XPMnNeo2S1[PMnNco2S1]PMoN_o2T1aPMmN\\o2T1dPMmNZo2U1fPMlNWo2V1hPMmNTo2T1lPMoNPo2S1PQMnNmn2T1RQMnNkn2S1UQMnNin2T1WQMlNhn2T1XQMlNgn2V1XQMmNdn2U1\\QMlNan2U1_QMnN\\n2U1dQMmNXn2U1gQMnNUn2T1kQMoNPn2R1PRMSOjm2o0VRMTOfm2l0ZRMVOcm2l0]RMTOam2m0`RMTO]m2n0bRMSO\\m2n0dRMSOZm2o0fRMROWm2P1hRMROUm2o0lRMQORm2Q1mRMQOPm2Q1PSMPOml2R1SSMnNkl2T1TSMnNil2T1WSMmNfl2T1[SMlNcl2V1]SMkN`l2W1`SMjN]l2W1dSMjNYl2X1fSMjNWl2W1jSMiNUl2X1kSMiNRl2X1oSMhNok2Z1PTMiNlk2X1UTMiNhk2Y1WTMiNfk2X1ZTMjNdk2W1\\TMiNbk2X1^TMjN_k2X1aTMhN]k2Y1cTMhN[k2Z1dTMgNZk2Z1gTMfNWk2\\1iTMdNUk2]1kTMeNRk2]1nTMcNPk2_1oTMbNnj2a1RUM_Nlj2c1TUM]Njj2d1VUM^Ngj2d1YUM\\Ndj2g1[UMZNcj2g1^UMYN`j2i1_UMXN_j2i1bUMXN[j2j1dUMXNYj2i1hUMXNUj2j1jUMXNSj2j1mUMWNPj2j1QVMWNli2k1SVMWNji2k1VVMUNii2l1VVMVNgi2k1ZVMUNei2l1[VMUNbi2m1]VMTNbi2l1_VMTN_i2n1aVMRN^i2n1bVMRN]i2o1dVMQN[i2P2eVMPNYi2Q2gVMoMYi2R2gVMmMXi2T2hVMlMXi2U2hVMjMWi2W2jVMhMVi2Y2iVMgMVi2Z2kVMfMTi2Z2lVMfMSi2\\2mVMcMSi2]2mVMcMSi2]2nVMbMRi2_2mVMaMRi2`2oVM^MRi2b2nVM^MRi2b2oVM\\MRi2d2nVM[MSi2f2mVMYMRi2h2nVMWMSi2i2nVMTMTi2l2mVMRMTi2o2kVMnLXi2R3iVMkLYi2V3gVMgL[i2Z3dVMeL]i2\\3cVMaL_i2`3`VM_Lai2b3_VM\\Lbi2e3]VMYLei2h3ZVMVLii2j3WVMSLki2m3UVMQLe0]MTg2c6WXMnKe0aMSg2b6WXMkKf0gMQg2^6ZXMiKe0kMQg2\\6ZXMfKf0QNnf2Y6\\XMeKFeMM?Ph2X6]XMaKFkMK>Qh2V6^XM_KEQNJ<Rh2U6_XM\\KCVNL:Rh2T6_XMZKA\\NL8Sh2R6aXMXK_O`NM6Sh2S6`XMVK_OdNL5Th2R6aXMSK^OhNL5Th2P6cXMQK\\OmNL3Uh2o5cXMnJ]OQOK3Th2o5dXMkJ\\OUOK3Th2n5eXMgJ]OZOI3Th2k5gXMeJ]O^OG4Th2j5hXMbJ\\OBH3Sh2j5hXM`J^ODF3Th2i5hXM]J_OHD4Th2h5iXMZJ^OLE3Sh2h5iXMWJ@OD2Th2g5iXMUJ@3C2Sh2g5jXMPJB8A1Sh2g5jXMnIC;_O2Th2e5jXMkIC`0_O1Sh2d5lXMhIBe0_O3og2a5PYMcIAm0@4jg2\\5VYM`I@S1_O3jg2Z5WYM\\IBX1]O3ig2Y5YYMXIB^1[O3ig2X5ZYMSIDc1YO2ig2X5[YMPIDg1XO2ig2W5\\YMlHCm1XO0ig2W5^ZMjJiM0hg2W5\\ZMkJlMNig2W5YZMmJmMMig2V5YZMnJnMMig2U5VZMPKQNKig2V5TZMPKSNKig2T5SZMRKTNLgg2S5SZMRKVNLgg2R5QZMTKWNKgg2Q5QZMUKXNKgg2P5PZMUKYNKgg2Q5nYMUK[NKgg2o4mYMXK[NIhg2P5kYMXK\\NIjg2o4hYMYK^NHjg2o4gYMZK_NGkg2o4dYM\\K`NElg2P5bYM\\KbNDmg2o4`YM_KbNBog2o4]YM`KcNBPh2n4\\YMaKdNAQh2m4[YMbKdNARh2m4XYMcKfN_OTh2m4VYMeKdN_OVh2l4VYMeKdN_OWh2l4UYMnMmf2Q2SYMoMnf2P2SYMoMnf2Q2QYMoMPg2P2PYMoMQg2Q2oXMoMRg2Q2mXMoMTg2P2mXMoMTg2Q2kXMoMUg2Q2kXMnMWg2R2iXMmMWg2S2iXMmMXg2S2hXMkMYg2U2gXMjM[g2V2eXMiM[g2W2eXMhM]g2X2cXMgM]g2Z2cXMdM_g2[2aXMeM`g2[2`XMdM`g2]2`XMaMbg2_2^XM`Mcg2`2\\XM`Mdg2a2\\XM]Mfg2d2YXM[Mhg2f2VXMZMjg2g2VXMWMlg2i2TXMVMmg2j2SXMUMng2k2RXMSMog2m2RXMRMog2n2PXMQMRh2n2oWMQMQh2o2oWMPMSh2f1fVM\\KW1m2Th2f1fVM\\KV1m2Uh2f1fVM^KU1j2Wh2h1bVM_KW1i2Xh2S3hWMlLYh2T3gWMjL[h2U3eWMjL\\h2W3dWMhL]h2W3cWMhL_h2X3aWMfLah2Y3_WMgLah2Z3_WMdLch2[3]WMdLeh2\\3[WMbLfh2^3ZWMaLhh2_3XWM_Ljh2`3VWM_Lkh2b3UWM\\Lmh2c3SWM\\Loh2d3QWMZLQi2f3nVMYLSi2h3mVMULVi2k3iVMTLYi2k3hVMRL[i2n3dVMQL^i2o3bVMnKai2R4^VMmKci2S4^VMkKdi2U4[VMkKfi2U4ZVMjKgi2U4YVMkKhi2U4XVMjKii2V4VVMjKki2U4VVMjKki2V4TVMjKli2W4TVMhKmi2W4SVMiKni2W4QVMiKPj2V4QVMiKPj2W4oUMiKRj2W4nUMhKRj2X4nUMhKSj2X4mUMfKUj2Z4kUMeKVj2Z4kUMdKWj2\\4hUMdKYj2\\4gUMcKZj2\\4gUMcKZj2]4eUMbK]j2]4dUMbK]j2^4cUMaK]j2_4cUMaK^j2^4cUM`K_j2`4`UM`KHkMfi2d6cVM`KFoMfi2a6cVM_KGRNfi2_6cVM^KFTNhi2^6aVM^KGTNji2\\6`VM^KFXNji2Z6_VM^KFYNli2Y6]VM]KHZNli2Y6\\VM\\KG\\Nni2X6ZVM[KI]Nmi2X6[VMZKG_NPj2V6XVMZKI`NPj2U6WVM[KI`NQj2U6VVMYKIcNRj2T6TVMYKJcNSj2S6TVMXKIfNTj2R6SVMWKIgNUj2R6QVMVKJiNUj2Q6RVMUKIjNWj2P6oUMVKIkNYj2n5oUMUKHnNZj2m5nUMSKIPOZj2l5mUMTKHPO]j2l5kUMRKIRO]j2k5jUMSKHSO_j2j5iUMQKIUO_j2j5hUMPKHWOaj2h5gUMPKIWObj2i5eUMoJHYOdj2h5cUMnJJYOej2i5aUMlJK[Oej2h5aUMlJI]Ogj2g5_UMkJK]Ohj2g5^UMjJK_Ohj2g5]UMhJKBij2e5]UMhJJBkj2f5[UMfJKDlj2d5YUMgJKEnj2d5WUMeJLGnj2c5WUMeJKGPk2d5TUMdJLIQk2b5TUMcJLJSk2b5QUMbJMLSk2b5PUMaJLMVk2a5oTM`JLOVk2a5nTM^JM1Vk2a5mTM\\JN2Wk2b5kTM[JM4Yk2`5kTMZJM6Yk2`5kTMWJM8Zk2a5iTMVJL9]k2`5hTMUJL;^k2^5gTMUJL<_k2_5eTMTJK=bk2^5dTMSJJ?dk2^5bTMQJKa0dk2]5hUMcJ[j2[5dUMfJ]j2Z5aUMfJaj2Y5^UMhJcj2X5[UMhJhj2W5VUMjJkj2U5UUMjJnj2U5PUMlJQk2T5nTMkJUk2U5hTMkJZk2U5eTMjJ]k2V5bTMgJck2X5[TMfJik2Z5UTMfJmk2Z5QTMfJQl2Y5oSMfJSl2Z5lSMeJVl2[5iSMeJYl2Y5fSMhJ[l2W5eSMhJ]l2X5cSMfJ_l2Y5aSMfJbl2Y5]SMbJil2]5o1O1N2O0O2O0O2O0O101O1O1N2O1O1N2O1N2N2O1N2N2N101M3N2N2N2N2M3N3M2N2N1N2O2N1O2M3N2N1N3N2N3L3M4M3L3M4M3L4L4L5K4L4L4L5J9G;DgfhW2"}, "iscrowd": 0, "area": 108607.0, "category_name": "TBD", "score": 0.9413995742797852}]}