{"images": [{"id": 0, "file_name": "images/000034.JPG", "width": 2448, "height": 3264}], "annotations": [{"id": 0, "image_id": 0, "bbox": [669.0, 536.0, 151.0, 475.0], "segmentation": {"size": [2448, 3264], "counts": "k]b`18V\\24K5L4PO_OkeMe0QZ2^OmeMd0RZ2]OmeMd0QZ2]OoeMc0PZ2^OPfMc0PZ2\\OQfMc0PZ2\\ORfMb0oY2\\OTfMc0kY2]OWfMa0jY2^OXfM`0iY2^OZfM`0hY2^O\\fM>mZ2N2N01N101N1N3I7D=K4M4L3N2O0O2O001_O^NRfMb1mY2_NTfM`1kY2bNTfM_1kY2aNVfM^1jY2bNWfM^1gY2cNZfM\\1fY2eNZfMZ1fY2fN[fMZ1dY2fN^fMX1bY2hN`fMV1`Y2jNcfMT1[Y2mNffMS1YY2mNhfMS1WY2nNifMS1UY2mNjfMc1fX2^NYgMe1eX2\\NYgMh1cX2YN]gMj1_X2XN^gMm1^X2UN`gMP2[X2RNbgMS2ZX2QN]gMW2`X2n0N2O1N2O001N2OgLhgMZ2WX2eMmgMZ2QX2gMPhMY2nW2gMThMY2jW2hMWhMW2gW2jM[hMV2`W2nM`hMS2\\W2PNdhMQ2ZW2PNfhMQ2XW2PNghMR2WW2PNhhMQ2XW2nMghMU2WW2lMghMW2WW2iMhhMY2XW2gMehM\\2]W2\\1O01OO0CRKYiMn4TW21O001O0O2NPLihMi2VW2WMlhMi2RW2WMPiMh2PW2XMQiMh2mV2XMUiMh2jV2XMWiMg2iV2XMYiMh2fV2XMZiMi2fV2VMZiMj2fV2VMZiMk2fV2TM[iMl2eV2SMZiMn2iV2oLWiM\\2EZMUW28UiM^2G[MSW27ViM^2H\\MQW26UiM^2L\\MnV26ViM^2M\\MlV26ViM^20]MhV26ViM^23\\MfV26ViM^27[McV27TiM_2:ZMaV29RiM^2<[MbV2d3^iM^L`V2b3_iM`LaV2`3\\iMcLdV2]3YiMfLgV2Z3ViMiLjV2`4O01N2O0001OO100000001O2N6J2N1O0O01000O1O1O1O1O2VLjhMV2XW2dMPiMW2SW2dMSiMY2PW2aMUiM\\2oV2\\MWiMb2^X2M3L3N3M3M2N3M2N2N2O1N3M2O2M2N2gN]eMb0fZ2ZO]eMd0eZ2ZO]eMc0fZ2ZO]eMc0gZ2YOZeMf0Y[2N101N2O001O100O100O1O101N2M3N3M4KQUje5"}, "iscrowd": 0, "area": 17826.0, "category_name": "TBD", "score": 0.6825880408287048}, {"id": 1, "image_id": 0, "bbox": [890.0, 620.0, 76.0, 64.0], "segmentation": {"size": [2448, 3264], "counts": "h[hQ22]\\23N3L4SdMG\\[2i0N1N101N101N1O2M2O1M4J5L5M201O0001O100O001O001O01O0001O010O1O10O10O10O10000O2O00O100O001N2O1O001O1O001N1010O01O1O00100O1O00100O1O1O001O1O1O1N2O001O1N2O001O1O001O1O1O1O1O1O2N2N1O1O1O2N1N2NUZhZ5"}, "iscrowd": 0, "area": 3751.0, "category_name": "TBD", "score": 0.811098575592041}, {"id": 2, "image_id": 0, "bbox": [890.0, 616.0, 62.0, 26.0], "segmentation": {"size": [2448, 3264], "counts": "h]gR29U\\26K2N2N2N2O1O0010O01O010O0010O00010O00001O001O00001O001O001O1O1O1O1O1N2O001O0O2O001N101O0O2O2Lji`]5"}, "iscrowd": 0, "area": 889.0, "category_name": "TBD", "score": 0.6687276363372803}, {"id": 3, "image_id": 0, "bbox": [944.0, 584.0, 66.0, 26.0], "segmentation": {"size": [2448, 3264], "counts": "bZaV26Y\\25L1N1O2O1O1N101O1N2O000O2O0O1O1O2O0O1000O10000000000000000O1000000000000000000000000000000O2O001N101O0O2N101M3N2L5JSdlX5"}, "iscrowd": 0, "area": 1357.0, "category_name": "TBD", "score": 0.7375551462173462}, {"id": 4, "image_id": 0, "bbox": [546.0, 1146.0, 76.0, 54.0], "segmentation": {"size": [2448, 3264], "counts": "[P_Z16Y\\22M3N2N2N2N3N1N2O1O1N2O000000O100O101O0O100O1O10000001N10001O00000O101O0001O00001O00010O1O001O001O1N2N2M4J5MU`XU6"}, "iscrowd": 0, "area": 1182.0, "category_name": "TBD", "score": 0.6814221143722534}, {"id": 5, "image_id": 0, "bbox": [1552.0, 1242.0, 28.0, 74.0], "segmentation": {"size": [2448, 3264], "counts": "c[\\c34Z\\25K5J7J4L4L5L3N3L9G5J3N3L2O2M3N101O0O11O1N2O1O1O1N2O1O1O1N2N3M2N5J9nNjdM:m[2Glahm3"}, "iscrowd": 0, "area": 1774.0, "category_name": "TBD", "score": 0.7872554063796997}, {"id": 6, "image_id": 0, "bbox": [1612.0, 1216.0, 28.0, 62.0], "segmentation": {"size": [2448, 3264], "counts": "_Ung38R\\29K3M3N2N1O2N1000000000O100O100O1OA[OUeMc0lZ2^OTeMa0mZ2_OSeMa0mZ2_OSeM`0oZ2^OReMa0`[2O001N2O1N2N3LjSei3"}, "iscrowd": 0, "area": 688.0, "category_name": "TBD", "score": 0.7267650961875916}, {"id": 7, "image_id": 0, "bbox": [1510.0, 34.0, 28.0, 50.0], "segmentation": {"size": [2448, 3264], "counts": "e_g`3;R\\26L2N3N2N1O2N3L3N2N2N2N2N1O001O001O01O0001O001O010OO2N2M3]Od0K6JZPgP4"}, "iscrowd": 0, "area": 1096.0, "category_name": "TBD", "score": 0.752791166305542}]}