{"images": [{"id": 0, "file_name": "images/000047.JPG", "width": 2448, "height": 3264}], "annotations": [{"id": 0, "image_id": 0, "bbox": [682.0, 2467.0, 403.0, 294.0], "segmentation": {"size": [2448, 3264], "counts": "PPkc7"}, "iscrowd": 0, "area": 0.0, "category_name": "TBD", "score": 0.5932676196098328}, {"id": 1, "image_id": 0, "bbox": [1712.0, 423.0, 90.0, 83.0], "segmentation": {"size": [2448, 3264], "counts": "beWo32^\\20fa92W^F2N2N1O2O000O11N100000001N10000O2O00000O2O1O000O2O0000lXV1Q1keiN?F6L2O1N101O001O000000000000000000O2O001O2N6I3N1O2M2N2N3L5K:D^X_^3"}, "iscrowd": 0, "area": 1877.0, "category_name": "TBD", "score": 0.8296120166778564}]}