{"images": [{"id": 0, "file_name": "images/000111.JPG", "width": 2448, "height": 3264}], "annotations": [{"id": 0, "image_id": 0, "bbox": [844.0, 2332.0, 257.0, 296.0], "segmentation": {"size": [2448, 3264], "counts": "fb[Y23Z\\23K6K5L3bNDefM?PY2>]fMDaY2f0TfM\\OkY2e1O1O10000O10000O2O0000000000001O00000001O0002N000001O001M201O1O001O001O1O0O100000000000O100000000N2N2M2L5N2O1O100O1O1O100O1O100O1000000O2O00000O10000O100000000000000001O001O1O1O2N1OO1000O10000]OgfMoMYY2o1kfMoMUY2P2nfMmMRY2S2PgMkMRY2T2ofMkMRY2S2PgMkMRY2T2f0N2O2M3M3J6C=J6F:K5M1O2N2N2O100O1O2103MON1O2OO01O001O00001O1010OH^OidM:V[2GjdM9T[2IldM6U[2GndM7h[2Mad]o4"}, "iscrowd": 0, "area": 10239.0, "category_name": "TBD", "score": 0.562933087348938}, {"id": 1, "image_id": 0, "bbox": [434.0, 1871.0, 187.0, 281.0], "segmentation": {"size": [2448, 3264], "counts": "T\\XP15V\\26J7I6G9I7J6J6M2N3L300O1O100O100O10000O10010O1OVNleMY1TZ2cNQfM\\1cZ2O0O1O1O10O01O001O01O00001N2O001^eMbNoY2`1PfM`NWY20RgM`1GaN_V2OgkM5nM]1J`N_V22fkM4mM]1L^N`V23ekM6iM]1O]NaV22ekMZ2eMgMfV20ckMg2\\T2ZMckMh2\\T2YMbkMh2]T2ZMakMg2WOmLhS2<PmMi2RORMkS27TlMF@R3<WMnS23TlMG^OR3=WMPT20SlMJ^OP3>WMPT21[kMC58OP3?VMPT22VkMJ425n2?VMQT2^1_kM^1>UMRT2^1_kM^1>VMRT2]1_kM^1>UMhR2XOjmMU2oN_1?UMRT2\\1_kM_1?UMRT2\\1^kMa1?SMST2]1]kM`1`0SMST2]1\\kMa1a0SMRT2\\1]kMa1a0SMRT2]1[kMa1c0RMRT2Z5okMeJcS2WORlMT6;eJ`S2[OTlMP6<eJ`S2\\OTlMn5<fJ`S2ZOWlMo5:fJ_S2[OYlMm58hJ_S2YO]lMm55iJWT2T5kkMkJVT2T5kkMkJXT2[OVkMd0Kl3g0TLhT2KejMn2L]Mh0IiT2IejMn24WM`01hT2HfjMn25WM>2iT2FfjMP35UM=5iT2ChjMQ34VM<4jT2ChjMR34TM;7aU2d2VjMSM;8_U2e2WjMQM;9_U2f2WjMoL<:]U2g2ckMXM^T2h2ckMVM]T2k2ckMTM^T2l2ckMRM]T2o2fkMlL\\T2T3`200O010001N2WgMiLWX2X3egMmLoV2IoiM]3lNoLRW2KliMi3QV2]LjiMe3UV2^LhiMc3VV2gL_iM\\3_V2[101O0O2O001`iM^JPV2d5jiMbJSV2n51O01O0000000000000001O00100O002N2O6\\N`iMjLaV2SOaiM_31\\M^V2SOdiM_30]M]V2ROfiM_3N_M[V2ROhiM^3N_M[V2POjiM_3M`M[V2nNjiM`3LaMQW2]2ohMcMRW2[2ohMeMRW2Y2ohMfMSW2X2nhMhMRW2V2PiMiMRW2T2PiMkMRW2R2PiMnMPW2Q2QiMmMQW2R2PiMmMRW2R2nhMkMUW2T2lhMjMVW2V2khMfMXW2Y2ihMeMYW2[2hhMaM\\W2^2fhMXMbW2h2S1001O0001O0000002N1N2O1N3M2N4M4RNkeMX1jZ2M1N3N1N2O0O2O00O010O01N1O1N2L4E:010001O2N4M2M3M3M4JZf41hYK0fPgT6"}, "iscrowd": 0, "area": 21871.0, "category_name": "TBD", "score": 0.5304692983627319}, {"id": 2, "image_id": 0, "bbox": [839.0, 1845.0, 241.0, 375.0], "segmentation": {"size": [2448, 3264], "counts": "n[ck12g[2k0MO0[OfdM4[[2GmdM4SY>5dgAG`Y2:`fMI]Y25hfMGZY27b1L\\Ub10ej]N4L6J6K5K3M2N1O1O1O1afMYOSW2h0fhM_OYW2b0bhMD\\W2=ogMROZOf0eX2:ogM7PX2KogM6PX2KngM7oW2MogM5mW2NShM5gW20VhM3fW22WhMOeW28XhMGfW2b0ShM^OkW2d0UhM[OiW2g0WhMZOfW2i0YhMWOfW2j0ZhMVOeW2k0[hMTOfW2m0YhMSOfW2n0ZhMROgW2n0WhMROkW2h22O2M3lNngMfMdU2ZOfkMOWOi2FjM[U2BfkMMGV2[OZNUU2GgkMKNl1YOaNPU2LfkMI4e1XOdNmT21ekMG8b1VOfNkT24fkMD;a1SOgNkT26fkMB=`1QOiNjT28fkM@?`1POhNiT2;gkM^O?a1nNgNjT2=hkM[O`0c1jNgNkT2?jkMWOa0e1gNfNkT2b0lkMSOb0f2_S2\\NmkMnNd0g2\\S2_NmkMlNf0e2\\S2bNlkMiNg0f2\\S2eNjkMeNj0f2[S2hNhkMcNm0e2ZS2kNgkM`No0e2YS2nNfkM]NP1f2YS2oNekM\\NQ1f2ZS2POckMYNS1g2ZS2RObkMWNS1h2ZS2SOakMUNT1j2ZS2SO_kMUNU1j2[S2IdlM7\\S2IclM9]S2GRlMiLJb3ST2FQlMRM@[3_T2DPlMj0WR2SLinMS3POj0VR2VLinMP3QOk0SR2YLjnMm2QOl0RR2ZLlnMj2QOn0PR2ZLonMh2QOP1nQ2WLRoMi2oNS1lQ2ULUoMi2mNT1mQ2RLWoMk2jNV1lQ2PLZoMj2hNY1mQ2mK[oMl2eNZ1mQ2kK^oMj7`P2UHaoMl7^P2THboMn7\\P2RHdoMP8ZP2oGhoMQ8WP2oGioMR8VP2mG]oM@XOd8ZQ2jGnoMV8RP2hGQPNW8oo1gGSPNZ8lo1dGVPN\\8ko1bGWPN_2SNX3eQ2XJYPN]2UN[3bQ2WJ[PN\\2UN]3`Q2UJ\\PN]2VN^3]Q2UJ^PNZ2WNa3\\Q2SJ]PN]2WN^3bS2aL_lM]3bS2dL_lMX3cS2hL^lMU3dS2mL[lMQ3fS2PMZlMn2gS2SMYlMl2gS2UMYlMgNId2mS2gNZlMdNKk1KbMnS2R2\\lM`NM9HM6UOgS2X2_lM[NN9GN8SObS2_2`lMVN09GN:PO_S2e2`lMTN18GM;PO^S2g2_lMTN18GL>kN_S2n2YlMTN38ELfT2g1bkMUN39DKiT2f1^kMXN3c1QT2YMokMl2KZN4a1PT2[MRlMk2G[N5a1PT2[MTlMY4I]NRT2[MVlMZ7jS2fHVlM[7hS2fHYlMY7fS2hHZlMX7fS2hHZlMY7dS2hH\\lMX7dS2hH\\lMW7eS2iH[lMV7fS2jHZlMU7hS2kHWlMT7kS2kHTlMU7mS2lHQlMT7QT2mHjkMU7XT2`02M3N3K3M4ROUkMSJnT2l5TkMoIPU2P6TkMdIUU2Z6c0O1N2iISjMg5]V2O000O2N3N2M1N2N2O1N1N3N1N2N3M2N2N3M2O1N2N2O1N2O1O1O1O1O1O0O2N2N2G:J5N2N3M2N3jNXgM`NjX2BRgMY1;oNgX2CWgMW17QOeX2EZgMT15oNgX2KcgMh0aY2TOefMf0cZ2O11O0O2fN[OdfMj0YY2YOafMl0]Y2VO_fMn0^Y2VO]fMo0`Y2UOYfMP1dY2o0@hMdfM]2YY2?N2O000002N3L;E4L3M3M3M3M3QNleM]1eZ2POWeM6jZ2IXeM3kZ2MVeMNmZ23UeMI_Z2J\\eM`05C_Z2m0aeMoN_Z2T1<4L4K4M2O1O1O10O100O2N1N4L3L7K:E6K5J5Ifl[T5"}, "iscrowd": 0, "area": 35666.0, "category_name": "TBD", "score": 0.694332480430603}]}