{"images": [{"id": 0, "file_name": "images/000073.jpg", "width": 1536, "height": 2048}], "annotations": [{"id": 0, "image_id": 0, "bbox": [670.0, 915.0, 298.0, 307.0], "segmentation": {"size": [2048, 1536], "counts": "fPoY1X1an18I8K4J7I6L3M4M3L4M2O2M2N3M3L4M3M3M2N3M3M3N1N3M2O2N2N1N3N2N2M3N2N2M3N2O1M3N2N2M3N2N2O1N2N2N2N2N3M2N2N2N2O0O2N2O1N2N2O1N2N3M2O1N3M2N2N2O1N2N2O0O2O1N2NYLQWN`0nh1_OUWNa0hh1@YWNb0dh1]O]WNf0_h1[OaWNg0]h1YObWNj0[h1WOeWNk0Yh1UOgWNm0Vh1TOjWNm0Uh1SOkWNn0Sh1SOmWNm0Sh1SOlWNo0Sh1ROlWNn0Sh1SOlWNo0Sh1ROkWNo0Th1_300O2O000O10000O1000000O1000000O1000000O100000O10O100000O1O10OUKTXNc1mg1[NVXNb1lg1ZNYXNd1hg1ZNZXNd1hg1\\NWXNb1lg1^NTXN_1ng1cNPXN[1Sh1V33M3M3L4L4C=J6I7M3M2N3N2O100O100000001O000000000001O0XVNaJoh1_5nVNmJT2\\OSd1h5fYNWKk1TO_d1Y7iZNVIVe1j80000000SIeYNU4[f1fKlYNX4Tf1gKmYNY4Tf1fKlYNZ4Tf1gKjYNZ4Vf1h200000O101O0000001O000O101O00000O2O0000001N10001O0jIXYNT3hf1kLZYNS3hf1lL[YNQ3ef1nL_YNo2bf1PMaYNl2`f1TMdYNg2]f1YMhYNa2Zf1^MmYNY2Uf1gMoYNS2Sf1mMPZNo1Qf1QNQZNk1Rf1SNPZNk1Qf1UNPZNi1Qf1WNPZNg1Rf1XNPZNe1Qf1[NPZNc1Qf1]NQZN`1Qf1_NQZN^1Qf1`NSZN\\1ne1dNUZNY1le1fNUZNX1le1hNUZNV1me1iNTZNU1me1lNSZNS1me1mNUZNP1me1oNUZNn0le1ROUZNl0le1TOUZNj0me1UOSZNk0ne1TOSZNj0ne1VOSZNi0ne1WOSZNg0ne1XOSZNWNSN`1jg19UZNPNXNe1dg1:U[NFkd19W[NEid1;X[NDid1;X[NDhd1<Y[NDgd1;Y[NFfd1:[[NFdd1:][NEdd1:\\[NGcd1:][NFcd19^[NWNlL`0gg1X1`\\NdNac1[1b\\NaN_c1_1c\\N^N_c1a1b\\N\\Nac1d1_\\NZNcc1e1^\\NYNdc1f1]\\NXNec1g1\\\\NWNfc1i1Z\\NVNfc1j1Z\\NUNhc1j1Y\\NRNkc1n1V\\NmMmc1S2Q5O1O100O1O1O10O0101O00000000O01000000O100O101O0O2O001N2N1O2M2O2N2M3N2N2N1N3N2N2N2N2N2N3L4L4L6HQP_S1"}, "iscrowd": 0, "area": 53250.0, "category_name": "TBD", "score": 0.9023483991622925}, {"id": 1, "image_id": 0, "bbox": [0.0, 1.0, 533.0, 604.0], "segmentation": {"size": [2048, 1536], "counts": "\\Ud03:1To14ePN0Yo11gPNOYo10lPNKUo13>Mcoa0N_P^O5L1bPNKPo17<00O10000O10O1O1O1O2N1O2N1O2XQNB]4OXd1?ZWNDZ42Yd1;^WNAY45Yd19g\\NA\\c1=V6LSW6ERbI1_^NO`a13U71N3M2N3M2nWNH[`1:b_NJ[`17e_NJZ`15g_NLZ`12g_NM]`1Nf_NNa`1Kc^41ViK2O1ZQNK`m14`RNMXf10h_N4oI0Sf1OVZNKZ47[K2Qf10gYNIB3Z54iJH0:_f12iYNJ@0_54eJK1:[f10mYN8Q5DdJM18[f10PZN6Q5DbJ026[f1NSZN5R5BaJ5O5]f1L_ZNIX55oI1^f1NQaNMl_1NfW>O]PB4oXNKR^17laNKR^16naNJR^17maNIR^17naNJS^15naNJR^15oaNKR^14naNLR^13oaNLS^12o8NlXNOVg13\\QNLUm17hRNOSm13jRNOUm12iRN0Vm11hRN1\\e1IYaN7eHNO3ed1Gm[NN]O7[74dHh0ed1QOm[N0ZO5`73bHh0fd1QOo[N=j6IaHi0fd1POZ\\N3a63_Hj0fd1PO[dN5oFj0gd1PO\\dN5oF63Gdd1L\\dN6PG3We1FkcN6PG1We1FlcN7oF2en1M[QN3fn1K\\QN4Re1HocN4PG5kd1MTdNNQG7hd1MUdNMSG8ed1MWdNKTG9;C[c1;UeNIUG9;DYc1;VeNIUG::C[c1;VeNFTGNE:g0FZc1<oeNNgFFZc1;PfNOgFE]c18jeN4W[1HjdN8X[1EidN:_e1O1O1O0101N2ZEFceN<ZZ1H`[NK;Od8a0PHAoa18P]NI92e8>PHBna19Q]NH84f8;QHBna19Q]NH84h88UG[Ob09Wb19S]NF83W8GlGc0F_Oc06Xb17W]NDU9MVG`0BCd05Zb14hfNDiF??ISb10ffNIhF=`0JSb1MffNLhF<c0Jma1LjfNMfF<i0Gha1NifN0fF:i0Iha1KjfN2eF9k0Ifa1KlfN1dF;j0Ifa1LcgN:hFIda1NegN9oY1HQfN7nY1JSfN5dX1JY]NOD3^:4oEJ30h_13g_Na07]OI2^:3oEL30g_1W1k_NjNL13IQ:9kEJ52>0g_1X1j_NjNK1c:0]EL52?0f_1X1i_NkNK1d:N^EM41`00f_1Y1g_NZOb:^O\\EO42`0Mh_1Z1f_NZOd:\\OWE55Ob0Lh_1[1d_NZOl:3hEXOh_1[1d_NZOl:3hEXOh_1\\1b_NZOn:2iEVOh_1]2_jN]NiEVOh_1\\2`jN_NhESOi_1^2_jN`N\\V1_1fiN`NZV1`1fiNbNXV1]1ZiNdMgEU1i`1W1^iNgMhEV1f`1R1ciNiMfEX1d`1o0fiNjMfEW1c`1P1fiNhMjEW1_`1R1fiNfMoEU1[`1X1diNaMTFS1Z`1g1SjNTNnU1R2niNkMSV1W2liNfMVV1[2jiNbMkEYOd_1V3ajNoLVE7e0Ed_1U3bjNlLXE8c0Gc_1V3hjNVMRV1j2kiNZMTV1f2liN[MSV1e2miN\\MRV1d2miN^MRV1a2oiN_MQV1e2liNZMTV1g2kiNYMPF]OV_1[3jjNWMPF^OV_1[3ljNhLXEOh0NT_1\\3ZlNdLfS1]3ZlNbLkD742a[11^cN_2Y=aMgBK=?d\\1T2UPOdMhBMJ04=V]1R2RPOdMiB<NOV]1R2RPOdMhB<0OT]1T2jnNUMQE>oN;2NR]1W2jnNTMRE<PO;2No\\1\\2jnNQMTEY1SOZOZ\\1\\OjcNW3b:lLlE1:V1TOYO[\\1T3XnN`LdE8c0k0VOYO[\\1U3UnNbLbE;f0e0XOYO[\\1V3TnNaLbEa0b0?]OXO\\\\1X3RnN`LcEe0=<CVO[\\1Z3RnN^LeEe0:<GSOZ\\1_3PnN\\LgEd08>KkNZ\\1j3kmNULlEf03`01dNX\\1R4jmNoKnE5_O:>m0Q]1g2kmNlKlDg0Mh0\\]1f2UnNYNkQ1h1UnNWNkQ1j1TnN[M]DTO_]1a3SnN\\M_DRO^]1b3SnNUL]Dg02B^]1a3RnNXLeD>KI^]1]3omNcLmD3DN`]1Y3PnNhLnDOB0`]1X3PnNjLPEg0o\\1_2QnNjLREe0m\\1`2SnNjLQEe0l\\1a2TnNjLPEd0l\\1a2WnNiLnDd0l\\1b2\\nNeLiDh0k\\1b2_nNeLfDh0k\\1Z2inNmL]Dh0j\\1W2YmNbLhF?VOg0i\\1V2WmNiLjF9VOh0i\\1V2UmNkLlF8UOg0j\\1W2ZcNcLl88kG7UOg0j\\1Z2QcNgLT91kG9TOg0k\\1[2lbNiLW9MnG8SOh0l\\1]2gbNjLZ9IoG:ROg0n\\1^2cbNPMX9AUH:ROh0m\\1^3WcNZKFO1NZ52kK7M<POh0P]1^3obNcKD?X5BQLI4>oNh0Q]1a3fbNnLk4dNZLF7?jNj0T]1f5egNSIXLI;b0bNOM3Z]1e6UcNkHP7>cHM6NS]1W7fbNdH^79cHL:MP]1n7SjNZHaHI`0Lm\\1Q8SjNZH_HHc0Lk\\1S8TjNWH]HJf0Ik\\1V8_jNkGoG6c^1P8^iNiGoG7c^1P8^iNhGPH9a^1P8^iNgGQH;_^1n7_iNfGUH=Z^1n7YiNjG_H9W^1m7XiNkGbH8V^1m7WiNlGcH8U^1m7ShNgGZJ3_O9T^1m7mgNRHZJIF8R^1m7XgNkG[Ja0d0_OG8R^1m7SgNnHSKmNJ7P^1n7nfNTIVKfNN8n]1W5eaNjLl3>bLUM4<i]1Q5oaNmL^3d0fLPM7<g]1Q5UbNjLm2S1PMeL8=f]1Q5WbNhJFZ1S3m1QMdL9<f]1Q5YbNdJH4Cl0Z3\\2SMdL8;g]1Q5YbNcJJ3Bn0X3]2TMcL8;g]1Q5VbNgJK1Bm0Z3\\2TMdL6<h]1P5SbNjJNV1l2Q2UMeL3;CAm]1_5[bNlJOT1n2P2UMhLN:FCm]1[5[bNoJ0Q1m2R2WMhLJ;HBn]1Z5ZbNoJ2P1l2R2YMhLGj0h]1^4XbNoJ4o0k2S2ZMhLFj0h]1k3RbN`K30:j0o2Y2TMgLHj0f]1l3RbNVL`00P3[2RMgLI<EEn]1m5ibNlI_Oa0`3l2mLgLL:DFl]1k5_cNmIj2]3YMRMfNDj]1m5mgN^JYJ:OYOa0d0m0Hk\\1c5agNQJPK3d26mZ1P5faNQKi:McS1o4gaNTKf:LnEIe\\1W5gbNTKf:MlEJf\\1V5hbNRKd5LkN4PLJh\\1V5gbNQK_56mNKSLHj\\1Y5dbNnJ[5`0POCULHk\\1X5dbNmJZ5d0PO@VLGl\\1X5dbNnJX5g0nN^OYLFl\\1X5dbNmJW5l0WNkNnL`0CB62W]1X5dbNnJV5m0VNiNPM`0CB62W]1Y5cbNmJV5U1QN_NXM?3Fl\\1[5abNmJV5]1WK]N`25hMHj\\1o5ggNaLkM^MjMNf\\1T6egNbL`\\1_3`cNcL]\\1^3ccNcL[\\1^3ecNbLZ\\1_3hcN_LW\\1b3ocNXLP\\1i3QdNVLn[1k3SdNTLl[1l3UdNTLeJ_Ml`1^6_dNbLZ[1^3gdNfIbJf2a`1e2^_N[Km5Q2`Z1`2h_N^Kl5Q2YZ1_2m_N`Kn5P2RZ1`2P`N_KR6R2mIVMa_1X5a`N`KR6V2dY1Z2Z`N_KV6V2^Y1dMT`No39VLX6U2_Y1_MV`N4JY3;nL[66YIm0V`1ZNV`N5MX2OVN7M]6DVI1=V1Pa1o0S_NoM03k7i0SY1S1U_NmM13o7f0kX1[1W_NhMW9k0`W1`1aiN]N]V1e1hiNUNWV1n1YjN`MeU1c2j;2002N;E5K?nMTRN0Ld0`;\\OeW1`0YhNDlW15QhN0RX1IkgN>SEEgm1?XRNDdm1>[RNDbm1>]RNC`m1`0`RN@]m1c0bRN^Oml1BkRNW17XOil1W1USNkNga1_O^^N2f9h1TFhNga1_O`^N0M4o8g1lFgNha1^OR_N7W8e1nFhNia1ZOS_N:T8f1nFhNQc1BRfNf1jFlNOWOlb16[fNR3fY1lLZfNU3ZY1iLb]N0g0N\\7X3ZZ1kLd]NNe03[7S3\\Z1mLc]NMe05d6HXIW3la1nLb]NNg05a6LbIi2ea1bMY^NH_60RINIi2^b1_MZ^NG]67lHU3_b1kLjeN6aGQ3eb1hLieNo3WZ1PLheNR4ZX1eKRaN9XNJS8Y4aX1eKTaN8XNKR8X4bX1eKUaN7YNIQ8Z4cX1dKUaN8b6S4ZZ1kKRfNi3PZ1VLSfNg3Yc1ISN_L_WN^3`h1fL_WNn1]NmN`h1POgXN7<k1bNiNS`1ROfgN;SI1`0j1dNhNic1SOW`N=iL0b0i1dNgNfc1ZOk_NNYL<m0Mb0k1dNgNgc1]Og_Nc0YM@a0n1eNdNic1@X_NBnLX1`0UO>^OYOa2IbNkc1BU_N\\1VMaNf0DUOe3ic1nLj\\NWO_1T2PN_Ng0e3db1jKh\\No05POh1T2nM_Nh0e3db1kKh\\NP13mNk1U2mM^Ni0d3fb1kKf\\NQ12nNl1T2mM_Nh0b3ib1iKh\\NQ10POk1T2lMaNh0[2WOnMUd1LY\\NTOh1V2lMaNf0I]Oi1MeNWd1Gc^N`1VMcNe0GBf1KfNXd1Gb^Nc1TMcNf0EDd1JaN`d1K]^Ng1PMdNd0EGl0DUO81_d1G`^Nn1kLcNc0EIk0DUO81^d1Hm[NNf1Q2gMbNd0FHj0FTO72]d1Ki[N1h1l1jM`Ne0HEj0GSO91[d12_[N5n1d1lM`Nh0GCk0HSO]e17`ZN4S2b1iMUNW10VOm0IRO[e1:aZN3h0\\O:_26jMPOc1Se1hNcZN2i0[O:]28kMnNl0HQO5KTe1a1][NaN:9TO\\1W1aNjNm0LoN5MRe1c0gZN38UO37e07[Of0FZO[10fNl02mN3ORe1`0iZN45WO54e06@e0A^OZ1_1hNZN3OSe1<lZN72WO44g02Dh0\\O_OY1`1iNXN32P1Hdc1f0n[N\\O]1k0lMAY1_1ZO^N0J@Mhd1a0Z^N8jLEY1\\1[OjNDCIJih1g0VWNFZ1Z1XOQOBAKHlh1d0VWNHY1OgNe0a0K_O_OMGmh1b0VWNIe0EE9K??l0Wh1]NSWN724b0FH7L<`0^OWOW1oh1dNUWN904a0HF8M:a0]OYOW1Ui1POlVN3b0FE;K;c0YO\\OW1Pi1TOQWNOa0EBf1=YNAY1Qe1lNZ^N9fLMa0B_Om1i0_OSd1TOZ^N1kLLf0e12YOoc1\\O^[NZO\\2`0`MLb0g15WOlc1A\\[N_OZ26gMMa0g1AmM4Y1hc1fNY\\Nm0F@Z24hMLb0g1@nM5X1hc1fNY\\Nm0FAZ23gMLc0g1@nM5X1hc1eNZ\\Nn0EBZ23eMJg0l0TO^O;\\O5W1\\d1A][NCY2h0\\N2SOoN6M6M4Y1\\d1_O^[NCY2g0]N4k02Rc1kNY[N383d0J9m0G5i03`^1jNPbNMA2VO4038g0JBZO^O^1X1\\^1oNcaNH]N;KIZ1LH10<4c0M]O^OCX1Y1S^1gNV`N:b1NZNb0`3NgM7TOQO=9m1P1W]1[O\\aN^OnNX1Q1gNj0i0UO5TOSO>6m1R1V]1[O[aN_OnNX1Q1fNk0i0VO3UOUO<6m1Q1W]1[O]aN\\OmN\\1KhNj006OEi0`01UOWO;:j1k0\\]1[OfaNS1WO_N53Be0e0OWOXO7>j1f0`]1ZOdaNV1VO_N27Bc0h0J[O[O1`0k1d0b]1YOcaNX1UO^N19Ca0k0G\\O^OLe0=ROa0[1c^1YObaNZ1TO^N09Ea0j0QOWO183Gg07^Oc0l0k^1WObaN\\1RO`N06Ga0j0nN]OO4:Bf09^Od0l0l^1SOdaN@eNc1:ROJ0Ma0l0iN8>gNe0=_Oc0m0l^1mNPbNV1dNTOINLb0\\2XO]Mb0n0VO6Z1o^1cNPbNm0mMZOf0;GLKd0]2XOZMa0a2c0l_1YOh]N]Oe0<LEE?H_Of26XM>i2XO[MT1Xb1nNj]N40Nh08KE02_26iL:X3?a_1QO^]NOj08U4OmNh0f^1PO`]N0i08T40mNi0e^1oNa]NOj09S40nNi0c^1oNb]NOi0:T40mNh0d^1oNi^N;W1DA<i1g0d^1oNj^N;W1EAa0c1`0j^1QOj^N:TOIR1Mc0a00[OTOS1Xa1SOi^N9SONOB?7X1`01\\OTOR1Wa1TOj^N7SO1KN5Kg1>O\\OVOQ1m`1_OS_NMQO4Jj0o1YORNYOa15BP1m`1^Oe^N@ZO>56Hh0R2XORNZO`15Cn0Ua1WOZ^NL\\O:67Fh0T2WOSNYO`15Dm0Xa1QOW^N7WO88m1k1WN2]OXOn0Wb11e\\N\\1l1kMiMMQ4NRL>cc1a0d\\N\\1m1hMmMLP4LTLa0^c1b0d\\N^1O`Ma16U37g^1c0e\\N`1NcM_12[34d^1d0f\\NWOGP25PN^10_33`^1b0l\\N[OCo13RN`1N_33mJKXc1g0V]N^OBm14SN_1M`33lJLYc1g0T]N_OBl16RN_1M`33kJNXc1h0S]Ni1K_M_10`33hJOm`1I\\aNP1SNg1M]M`11^3>d[1@ZaNQ1VNd1OYM`15Y3`0g[1@WaNQ1XNc1m1]Mk2a0h[1@VaNQ1WNc1P2\\Mi2a0j[1^OWaNQ1WNe1n1ZMk2b0l[1YOWaNT1WNe1l1[Mj2c0U^1:Y]Nf1h1[Mm21RK4bc15n\\N:\\OS1^3UNSe16XXN2WO06_1Y3[NSe1O[XN0\\O14_1R3gNSg1U1oXNlNRg1f0cUNQO]3:Pg1b0\\YN_Odf1?]YNAie1IhVNg0_3@fe1NhVNf0GRO_39Qf11hVNQ1T3nNSf12hVNS1S3kNTf14gVN^1i2^N`f14fVN`11VNn0MK9`h14fVNa10YNj0KO7bh13eVNc1N\\Nh0I25dh12eVNc1M]Ng0J33hh1OcVNg1J\\Nh0MBJI8S3Gnb14SZNk1IZNg00@MH3V3JQc1KUZNP2FYN5MI:4=Q3[Ofc1h1YYNVN2P2o2TNgc1f1YYNTN1P2P3XNfc1d1YYNRN1S2P3WNfc1HQYNd16\\N2S2n2VNoLF\\f14\\YNc17[N4T2m2TNmLH^f1^2fYNJl2QNmLIaf1]2dYNKm2ZN^c1n1aYNJR3WN]c1f4b\\NZK^c1g4d\\NVK\\c1j4e\\NUK[c1l4d\\NTK]c1k4a\\NWKac1h4_YNjJ2LR2c0ad1`5Z[NbJid1ZOZYNh5j1oJYe1S5bZNoJ_e1T5YZNoJhe1R5QZNSKne1o4oYNSKPf1n4oYNSKoe1P5oYNQKPf1P5oYNQKPf1Q5lYNRKSf1o4kYNSKUf1n4gYNVKXf1j4gYNVK[f1j4cYNWK`f1f4`YNZKef1b4YYN_Kjf1_4bXNUJ6\\1Zg1h62hH_XNl5dg1PI`XNd02Q6J`IPh16\\XNY6G^IPh11_XNa6A^Ijh1b6VWN^Ijh1c6TWN_Ikh1a6TWN`Ilh1`6TWN`Ikh1b6SWN`Ilh1j60FTWN`IZh1KSXNc6G_IVh10RXN`6Uh1fIjWNX6Qh1PJoWN\\5NUJTh1b0nWNR5Xh1_J`WNc08l4Uh1fKjWNY4Uh1iKkWNV4Uh1kKlWNT4Sh1mKmWNR4Sh1oKnWNP4Rh1oKoWNQ4Ph1PLPXNo3Ph1RLQXNm3mg1ULSXNj3mg1WLSXNi3kg1YLVXNZ3DUKUh1c1WXNj2AhK6HQh1g1ZXNg2@iK7GU`11ZgNh1lHa1FjLM7LLf`1LmfNf1RI0_OnNQ1_OnNOd`1NkfNg1WIZNZOR1>UOV1FR_13hfNe1kITO]OXOna1OjdN\\1`HaNi1;VOEha14hdN[1P_1fNPaNY1P_1iNn`NX1m^1mNRaNT1j^1POUaNQ1i^1ROTaNP1j^1SOTaNm0n^1QORaNP1Q_1lNPaNT1T_1fNn`NZ1mf1O1O3L6K6I4L2M11N2N2N2N2O1O10G_QNRObn1l0;APQNJSo13RQNHQo16>N2N101OO10000BNmPN3Ro10lPN0To11jPN0Vo1OmPNNUo1OThUl1"}, "iscrowd": 0, "area": 76724.0, "category_name": "TBD", "score": 0.2622354328632355}, {"id": 2, "image_id": 0, "bbox": [0.0, 1154.0, 301.0, 352.0], "segmentation": {"size": [2048, 1536], "counts": "aW1e2k0eMWO1503i0_i1a1RWNeMWO1503i0_i1a1RWNeMWO1503i0_i1b1PWNTN[OC1l0ci1`1lVN3Ti1]301O1O01N2O3L3M4L7I2N2M3N3M4L3M1O2M2O2N1O2M3N1O0O101N100O1O10000O0100O010O100O010000O010O10000O10001O1N101O00001O00000O1000001OO100\\OjK]UNW4bj1nKXUNT4gj1c0O100O1O2N2NUL]UN\\2aj1cMcUN]2Zj1cMiUN_2Qj1cMQVNc2fi1^M[VNc2bi1^M_VNb2^i1aMaVN_2^i1cMbVN[2^i1gMbVNX2]i1kMbVNS2^i1QNaVNl1_i1WNbVNf1]i1\\NcVNb1]i1`NdVN^1[i1dNeVN\\1Wi1iNfVNX1Xi1\\OdVN7Xi1ImVN6Pi1KRWN6jh1LXWN3dh11[WN0ah14^WNM_h16_WNK^h1:_WNE`h1a0[WN\\Oeh1P4O0O3O1O2O2O2gWNcHkg1i7OfMRXNdLng1Y3YXNdLeg1[3_XNcLag1]3`XNbL`g1`3_XN_Lag1d3[XN\\Lfg1l3QXNULPh1m50M3jNkWNZJ\\h1W5gWNQJ7>Xh1`5VXNZJUg1FeXNP6<PJSg11`XNP6n0SJke1OWYNP6e0XJRf1IYYNQ6a0YJUf1GZYNo5`0[JVf1F[YNo5>\\JUf1F^YNm5<^JVf1F]YNm5<]JWf1F^YNn5:[JXf1G^YNV62SJ`f1G^YNX61PJaf1H^YN[62hIaf1M^YN]62bI`f11^YNh6JSIif15]YNj6Vg1VI^XNH1R7`g1VI^XNJ1P7ag1VI^XNJ1P7ag1VI^XNK0P7ag1UI^XNL1o6ag1UI^XNL1P7`g1UI]XNM2n6ag1UI]XNM2n6ag1UI\\XNO3l6`g1UI]XNO3l6`g1VI[XNO5l6_g1UI\\XNO4n6_g1aIaXNa6]g1`IbXNa6]g1_IcXNc6[g1]IeXNd6Zg1\\IfXNd6Zg1]IdXNe6Zg1]IdXNc6]g1P1O01N1N3E;M4N2O2N1O1O1O1O2N4L8H7I3M3M3M2N6J8G6K4L5J6J5K5K:F6J:F:E5L5I9E:H:H8I8H9F6K5K3M5J7J7H7I6J6I6JdKKSYN1nf12`4O1MQSX19glgN6J;F6K00H8K9I8I4Kkoo02UPPO103N0O0O1O000cPNJQo15oPNLPo13QQNMQo10PQN0`o110O02N2N10Oonk0NSQTO5K11JWeb]2"}, "iscrowd": 0, "area": 38670.0, "category_name": "TBD", "score": 0.6232138276100159}]}