{"images": [{"id": 0, "file_name": "images/000017.jpg", "width": 4000, "height": 1824}], "annotations": [{"id": 0, "image_id": 0, "bbox": [2567.0, 868.9999999999999, 70.0, 234.0000000000001], "segmentation": {"size": [1824, 4000], "counts": "oZ]^4a0\\h17J5J6K4K6\\Od0Ha0@9H7J5M3L4L4M3M2N2N2N2N1O2N1O2N2N2N2N4M5J6K5K5K6J4M1O0O10O1O2N1N2O1O1O101O3M>C001N3OO5J3NO1O1N3N2M2N1N3M2N3M2M4M4K5L5K4K4M4L5K<C`0A7I7H7J6I7Ja0^O:Dioh[2"}, "iscrowd": 0, "area": 9498.0, "category_name": "TBD", "score": 0.8820474147796631}]}