{"images": [{"id": 0, "file_name": "images/000013.JPG", "width": 2448, "height": 3264}], "annotations": [{"id": 0, "image_id": 0, "bbox": [1047.0, 1312.0, 312.0, 339.0], "segmentation": {"size": [2448, 3264], "counts": "aV_a22T\\2<\\iMESP27jjM9R5BQP2X1noMiNoo1Y1PPNiNno1X1RPNiNko1Y1TPNiNjo1X1VPNjNgo1W1YPNlNco1U1\\PNmNbo1U1\\PNmNbo1T1^PNmNao1R1`PNoN^o1R1bPNnN^o1Q1cPNoN]o1P1dPNPO\\o1o0fPNPOZo1o0gPNROXo1m0WmMaNa1a0XQ2m0QmMkNQ1DkMc0ST2n0nlMoNQ1DmM>TT2n0nlMROo0DPN:ST2o0nlMUOm0DRN7RT2Q1mlMWOm0CTN4RT2Q1nlMXOl0CUN3QT2S1llMYOm0AWN2PT2T1jkMdN<f0c1@XN1oS2U1ikMhN9d0g1\\O[N0mS2Z1dkMnN5>o1YO]N0kS2\\1akMWON6[2TO]N1jS2_1]kM`0]2lM_N3hS2d1XkM>d3kMVQ2n3f31O001O001O000000O1000O100QjMRL\\S2m3clMWL[S2i3dlMZLZS2f3flM[LYS2e3flM\\LYS2e3hlMZLXS2e3ilMZLXS2f3hlMYLYS2g3hlMVLYS2k3f2eMhgM>XX2@lgM>n2RNhQ2_1]kM=l2UNfQ2\\1akM>i2WNeQ2Y1dkM`0f2YNdQ2W1hkM?d2[NcQ2U1jkM`0c2\\NaQ2S1okM`0`2^N`Q2Q1PlMb0`2]N_Q2Q1RlMb0_2^N^Q2n0UlMd0]2_N\\Q2m0WlMe0]2^N\\Q2k0XlMh0\\2^N[Q2h0ZlMl0Z2]N[Q2d0]lMP1X2hNoP24llMU1U2iNlP2ORmMY1S2hNjP2LUmM^1P2gNjP2JVmM`1P2gNhP2IXmMa1P2gNgP2HXmMc1P2eNgP2KVmMa1S2dNfP2MUmM`1U2dNeP2OQmM_1Z2bNcP24nlM\\1;gMi0i0mQ28jlMZ14UNQ1B`N5`S2l0glM[15YNP1YOgN6[S2T4klMcLP1ROlN6XS2V4jlMfLP1mNPO6TS2Y4jlMiLo0gNTO7oR2\\4nlMiLm0dNWO6TR2NhmMc4OhLm0_NZO7oQ26dmM_45hLl0\\N\\O7nQ2\\5imMSLk0[N^O5oQ2^5emMULm0XN_O5nQ2_5emMVLl0XN@3oQ2c7anMZH@3oQ2c7`nM\\H@1PR2c7_nM^H@OQR2c7^nM`H_ONSR2c7]nM_H@NSR2c7\\nMaH_OMUR2b7[nMbH@KVR2c7ZnMcH_OJWR2d7XnMdH_OIYR2c7WnMeH@HZR2b7VnMfH@HZR2b7VnMgH^OH]R2`7UnMhH^OH_R2]7TnMkH]OGbR2\\7RnMmH\\OFeR2Y7PnMRIZODkR2V7kmMVI\\O@mR2W7imMYIdR2e6]mM[IdR2d6\\mM\\IdR2c6]mM]IcR2b6^mM_IbR2_6`mM`I`R2`6`mM`I`R2_6amMbI^R2]6cmMcI^R2[6cmMfI\\R2Y6emMgI[R2Y6fmMgIZR2W6gmMjIXR2V6hmMjIYR2U6gmMlIXR2S6jmMlIWR2S6imMmIXR2Q6imMPJVR2P6kmMoIVR2P6jmMPJVR2o5kmMQJVR2n5jmMRJVR2n5jmMRJWR2l5jmMSJXR2l5hmMTJYR2k5gmMTJ[R2j5fmMVJ[R2h5fmMWJ\\R2g5emMXJ^R2m2VlMQO]1QN_R2l2XlMdM8ES1J^R2l2ZlM_Ma0Ai03^R2l2YlM]Mi0YOd0=[R2l2[lM[Me2HQQ2m2ZlM[Me2GQQ2P3XlMYMh2GPQ2Q3UlMZMk2DQQ2S3QlM[Mo2AoP2U3PlM\\MQ3^OPQ2Y3jkM[MV3\\OoP2Z4RoMeKoP2[4QoMeKnP2\\4RoMdKnP2\\4RoMcKoP2]4RoMaKnP2_4SoM`KnP2`4SoM^KnP2b4`3O0100O10O0100O100O1AXKViMh4iV2\\KTiMd4lV2\\KTiMd4lV2\\KTiMe4kV2[KViMd4jV2\\KViMd4jV2\\KViMe4iV2[KXiMd4hV2\\KYiMc4gV2]K[iMb4dV2^K_iM2CP4oV2lKliMT4TV2iKPjMW4UW2O1O100O100O2N3TLjgMY3gX201O0001N100O2N001N2O001O00001O000O1000001O0000000010OfhM[LiU2j0RiMe1n0jMnU2?^iM_1c0TNmU2=ciM]1>YNnU2:eiM\\1=ZNnU29giM[1;]NnU29fiMY1<_NnU28eiMY1>_NmU28diMY1?`NmU27ciMY1a0`NkU28diMW1a0bNkU28biMV1d0bNjU28aiMV1f0bNhU29aiMU1g0cNhU28`iMU1i0cNfU2:_iMS1l0bNfU2;]iMT1l0bNfU2;[iMV1o0_NfU2=WiMV1S1]NfU2>SiMX1V1[NgU2l2XjMTMhU2n2VjMRMiU2P3UjMQMkU2R3RjMnLnU2V3miMkLSV2\\3diMfL\\V2]3`iMdL`V2f400O010000O10O01UOTiMRLlV2m3ViMQLjV2o3XiMoKiV2P4YiMnKgV2R4ZiMnKfV2R4[iMlKfV2S4[iMmKeV2R4]iMlKdV2S4]iMlKcV2S4_iMmKaV2;XiMd2:oL_V28^iMe25SM]V24diMe21VM\\V20iiMh2MWMZV2OkiMh2NWMXV2OmiMj1TOhNi0]OWV20miMi1WOgNg0^OVV22liMh1ZOeNoW2BihMg1[OcNPX2BghMj1`Y2N1N2O2M3M2O2N2N2N2N1O3M3M3M3L7EojT]4"}, "iscrowd": 0, "area": 42172.0, "category_name": "TBD", "score": 0.5989114046096802}, {"id": 1, "image_id": 0, "bbox": [1012.0, 1082.0, 42.0, 30.0], "segmentation": {"size": [2448, 3264], "counts": "a]X[2;T\\28H3M3M2N2N2O1N2O001O1O001O00001N11O00001N2O0O2O1O2M2N2O1N2N101O0O2O000O2O0000001O0O101O0O101O0O101N101N100O101O0OTmWT5"}, "iscrowd": 0, "area": 1331.0, "category_name": "TBD", "score": 0.6837354898452759}]}