{"images": [{"id": 0, "file_name": "images/000025.JPG", "width": 2448, "height": 3264}], "annotations": [{"id": 0, "image_id": 0, "bbox": [1135.0, 1366.0, 177.0, 441.0], "segmentation": {"size": [2448, 3264], "counts": "_jkc2=m[2=SeM@ZY2e0]fMISX2^OVhMn0@KUX2^OUhMZ2gW2lMRhMX2kW2oMlgMW2g0VMQV2Q4hiMVLUV2o3ciMVL[V2R5M2M3N2RjM\\JlT2g5gjMiJST2FTlMf5BlJUT2BUlMi6gS2\\ITlMg6jS2[ITlMg6gS2T1J6L4M3L4N2M3]OmFemMW92hF`Q2o9[nMWF_Q2`:@?M4M3ZObDWPN_;fo1hDTPNZ;jo1kDRPNW;lo1g0O1O10O01N2O1O1N2O1N2N2N2N2M3O1O1O1O1O10OYQNkBTn1V=lQNjBTn1V=kQNkBTn1W=kQNiBUn1W=kQNiBSn1Z=lQNfBSn1[=mQNeBRn1]=mQNcBRn1_=nQN`BQn1c==2N4K3N001O1O1N102N1O1gTNlASh1V>jWNmAUh1S>iWNoAWh1R>eWNRBYh1o=eWNSBZh1o=dWNSBYh1P>fWNPBXh1R>gWNoAYh1Q>gWNoAXh1R>hWNnAWh1S>iWNmAXh1a=VUN_Bb2OZh1`=VUN_Bb2OZh1`=VUN`B`20Zh1_=WUN`Ba2OZh1`=VUN`Bb2NXh1a=XUN`Bjm1`=WRN^Bkm1a=VRN^Bjm1a=XRN]Bim1c=WRN]Bim1c=WRN]Bim1c=WRN^Bhm1b=WRN_Bhm1b=WRN_Bim1a=VRNaBim1_=VRNbBjm1^=URNdBim1^=VRNbBim1_=VRNcB^2Ddh1i=mTNdB^2Ddh1j=mTNcB]2Edh1i=nTNcB^2Ddh1i=nTNcBW1@K4Qj1i=jTNeBZ1^OK4Qj1]>TVN`AJ3Tj1[>RVNbAJ3Uj1f=gTNhBZ1_OJ2Wj1e=hTNgBX1BI2Wj1e=hTNgBX1AJ3Wj1d=gTNhBX1AJ3Wj1d=hTNfBX1CJ1Wj1f=gTNfBX1CK0Wj1f=fTNgBX1CK0Wj1e=hTNfBPn1Z=PRNfBPn1Z=QRNeBom1[=QRNeBom1[=QRNeBPn1[=oQNeBQn1[=oQNeBQn1[=oQNfBQn1Y=oQNgBQn1Y=oQNhBRn1V=nQNjBTn1T=kQNnBWn1P=hQNQCYn1m<gQNSCZn1l<fQNUCYn1j<iQNUCXn1j<hQNVCYn1i<hQNVCYn1h<iQNVCXn1j<iQNTCYn1j<iQNTCYn1j<iQNTCYn1k<hQNSCZn1k<h0N1N2ZOaPNXDao1f;aPNYD`o1e;bPNYD`o1f;aPNYD`o1e;bPNYD`o1f;aPNYD_o1g;aPNYD`o1f;aPNYD`o1f;`PNZDao1e;`PNYDco1d;^PN\\Ddo1b;]PN[Djo1`;V1]O2\\O]nMWFcQ2i9^nMUFdQ2i9]nMWFcQ2h9_nMVFcQ2h9`nMUFaQ2k9bnMPFaQ2n9a001N2M3N2M3L4M4M3M4L3M4L2oNclMkH`S2R7flMgH^S2W7elMbHaS28XlMi01m3:jJbS2>WlMh00m3`T2YKbkM1J06d4_T2[KbkMOK06OJ5M11i00LfT2UOckMOK06NL3N20j0OLeT2VOckMOK06NM004Nj0OLdT2WObkM0MN5NOOO5O2F58?dT2WOakM1NM4Og03WONK75HJ6iT2H`kM4Z2M[N6OLgT2NbnM2QUka4"}, "iscrowd": 0, "area": 70451.0, "category_name": "TBD", "score": 0.6641660928726196}, {"id": 1, "image_id": 0, "bbox": [1817.0, 2297.0, 84.0, 79.0], "segmentation": {"size": [2448, 3264], "counts": "^T]X42\\\\25L4ZeMNhX23UgM2POGTY27ifMGc0>]OFVY24ifMJc0>[OGYY2OjfMMa0>[OF\\Y2IofMO;a0_O@P[2?a0O2O0O2N1O2N2N2NcaP2O_^oMO10001O1O1O00c]21\\bM0Ph_10PX`N1N2O001O00O2O0Nhf`00YY_O3h`_T3"}, "iscrowd": 0, "area": 404.0, "category_name": "TBD", "score": 0.8616801500320435}]}