{"images": [{"id": 0, "file_name": "images/000092.JPG", "width": 2448, "height": 3264}], "annotations": [{"id": 0, "image_id": 0, "bbox": [277.0, 686.0, 1133.0, 1198.0], "segmentation": {"size": [2448, 3264], "counts": "^]ec17U4LiS29jkM8nS2LTkMT1fT2oNUkMX1gT2jNSkM_1gT2dNSkMg1fT2ZNYkMh1eT2ZNZkMf1dT2]NZkMe1cT2]N]kMd1`T2_N^kMc1^T2aNakMa1[T2bNckMf1ST2_NjkMe1RT2]NlkMf1PT2_NPkM^NMV3PU2_NojM_N0R3nT2eNljM\\N5Q3lT2iNgjMZN=5@o1YU2EgjMWNc02_OR2TU2:akMaM]OU2PU2:fkM]M]OY2jT2:lkM[M\\O\\2dT28UlMWM[Ob2\\T28RmMHiR2:[mMTMSNW2\\T2h0mmMZOnQ2h0SnMYOiQ2i0XnMWOeQ2k0[nMVObQ2l0_nMTO^Q2n0bnMSO[Q2o0fnMQOXQ2P1hnMQOUQ2Q1knMPORQ2R1onMnNoP2S1QoMnNlP2T1ToMmNiP2=glMbMa2R2dP2<nlMaM^2T2aP2<TmM^M[2X2^P2:XmM^MZ2Y2[P2:]mM\\MY2Z2WP2:bmM\\MW2?ZMn0iR2Y1gmMYMV2?[MP1eR2Y1kmMXMU2>\\MR1aR2Y1omMVMT2`0]MQ1^R2Y1SnMUMR2?_MU1XR2X1XnMTMQ2<bMZ1RR2U1^nMSMo1:eMb1hQ2Q1fnMRMn18gMk1]Q2k0RoMnLl1;fMn1XQ2g0ZRNZM_LQ2SQ2e0`RNYM^LT2nP2c0fRNXM]LV2kP2b0iRNXM]LV2gP2c0nRNUM\\LY2dP2c0PSNSM]LZ2cP2c0RSNQM[L\\2bP2d0TSNmL\\L`2^P2d0TTN\\Okk1e0VTNZOik1f0XTN[Ofk1f0ZTNZOdk1h0\\TNYObk1g0_TNZO^k1h0bTNXO\\k18XoM_M^5Z2Wk17aoMZMZ5_2Qk19hoMUMX5d2lj19koMSMZ5b2lj1<ioMRM\\5a2jj1a0coMRMe5[2gj18koMcM^5T2gj18moMcM^5S2dj1;ooMbMW4LYLT2bo1>ooMbMR42^Lj1`o1c0QPNaMn37bLa1]o1i0UPN^Mj3;eLZ1\\o1o0UPN\\Mi3<gLW1Zo1R1WPN[Mg3=iLU1Uo1W1[PNVMh3>hLT1OTNPn1X3aQNRMh3>iLS1on1_1`PNPMh3=jLU1ln1_1bPNoLh3=jLV1in1`1ePNmLh3<kLW1gn1a1gPNjLh3=kLY1dn1a1iPNiLi3<jL[1bn1a1kPNgLj3<jLj0jNSOdo1S3nPNbLk3>jLg0lNUO`o1U3oPN`Ll3>jLg0mNVO[o1W3SQN[Lm3a0hLf0nNXOS1I`l1^3^WNjLRLf0oNXOQ1K\\l1`3bWNgLRLe0QOYOn0LYl1b3fWNcLTLd0QOZOl0NUl1e3jWN]LULc0UO\\Og0NRl1j3lWNXLXL?YO@a0MRl1m3mWNQL]L`0^O@9Lok1U4jYN]LSJ@bm1U4[XNXLUJD^m1V4fUNeKVN?hNFZm1X4fUNgKVN9kNIWm1Y4fUNjKVN1nNMSm1\\4gUNiKYNHoN4nl1]4iUNiK0KUj1^4jUNgK1KSj1`4lUNeK1K^MHkj1i4fWNcK2M[MJjj1g4jWN_K30ZMHij1i4kWN]K41[MFfj1m4kWNZK72fi1e4TVNWK74di1f4UVNUK85ai1h4XVNPK98]i1j4ZVNnJ98Zi1m4^VNiJ9:]MGgi1X5X]NQKPIIfi1W5Z]NPKoHKei1V5\\]NnJPIMai1W5`]NjJQIN^i1Y5a]NhJRIO[i1[5e]NbJSI1Wi1`5o_N]JQ`1e5[;3M3N2miMWJZU2m5cjMVJZU2o5_jMVJ]U2`6N2O2N1O1O001O0O2O1N1N3N1N3N2M3N2N2N3K5M2M4N2M3L3N3L4N1N3N1O1O1O1O1N3M2N2N2M3M3N2N2N3N1N2N2M4M2N2N2N3L3M3N3N1O2N1O2N2N1N3N2M3N1N3N3L3N3M2N3L3N2M3MgKdoMcLZP2Y3noMdLoo1\\3VPNcLgo1]3]PNbL_o1_3dPN`L[o1a3ePN_LZo1b3fPN_LWo1MVPN@e0b0To1e3jPN\\LUo1g3hPNZLWo1i3fPNXLXo1m3cPNUL[o1P4aPNQL\\o1U4^PNnK`o1c8M2N2O1N3N2M2O3M2N2M4LiEXQNk6dn1VI_QNhMOi7]n1_JhQNfMNk7Tn1`JRRNcMLQ8gm1^JbRN_MIZ8Zm1YJnRN]MIZ8Vm1ZJRSN[MI\\8Sm1YJUSN[MH\\8Rm1ZJVSNZMHU5AVM_m1<WSNZMIR5EVMZm1?XSNXMJR5FVMWm1a0XSNXMKQ5GUMUm1c0YSNWMKP5HWMQm1e0ZSNUMMo4IVMol1h0YSNTMOm4JWMll1n0USNoL6l4JVMjl1\\2\\SN=KXMgl1d0mRNPNa0T4LWMel1^2^SN<LWMel1^2_SN<KWMcl1`2`SN:LWMdl1KVSN_O9a3KVMel1IZSN@3e3IVMhl1F\\SN@1S7cl1\\I^SNALV7dl1YIaSN^9\\l1cFeSN]9Zl1cFhSN]9Ul1dFlSN\\9Rl1eFoSN\\9mk1eFUTN[9hk1hFXTNY9ek1iF[TNX9bk1iF^TNX9bk1iF]TNX9ak1jF]TNX9bk1jF[TNW9dk1kFZTNW9ck1mFZTNc2M6fk1g3\\TNYL`k1i3bTNVL\\k1UO^TNSO7i1Xk1]JaTNk34M4j1Vk1_JdTNg34N3l1Sk1XOiTNmN3l1Rk1XOjTNmN3m1Pk1XOmTNlN2l1Pk1S4nTNoKoj1T4oTNnKoj1k:N2O2M2N3hUNa^O[i1aa0aVNd^O[i1`a0_VNg^O]i1Za0`VNi^O^i1W2_VNWNOd<1QC_i1S2cVNVNOc=]i1VDfVNVNNc=\\i1WDfVNVNLe=]i1UDiVNo<Wi1PCjVNR<JlA]i1R2iVNR<LjA[i1S2jVNR<NiAXi1U2kVNQ<0fAVi1X2kVNR<7]Anh1b2kVNQ<=VAih1h2kVNQ<Qj1oCoUNR<Pj1mCQVNT<:UAjh1g2lVNU<9UAjh1f2mVN^<JTAWi1^2oVNR=Pi1nBPWNS=oh1mBQWNT=mh1mBSWNU=kh1kBUWNV=jh1jBVWNX=hh1hBXWNZ=fh1fBZWN\\=dh1dB\\WN]=ch1cB]WN^=bh1bB^WN^=bh1bB^WN_=ah1aB^WN`=bh1_B_WN`=bh1`B^WN`=bh1_B^WNb=bh1]B_WNc=ah1]B_WNc=ah1\\B_WNd=bh1[B_WN_6@RNPi1`K_WN^6CQNnh1`K`WN_6BQNnh1`K`WN_6BRNmh1_KaWN`6@SNnh1]KbWNi=]h1WBdWNi=[h1XBdWNi=[h1WBeWNj=Zh1WBfWNi=Yh1WBgWNj=Xh1VBhWNk=Hf_Oog1_2YXNl=Dj_OQh1Z2[XNm7OnJAoJSh1W2\\XNi7:]KXg1jL^XNh7`0ZKQg1nL_XNg7d0XKmf1RM^XNdNBe7U1dLjf1SM_XNf7h0VKjf1TM]XNf7i0VKjf1UM\\XNe7j0VKjf1UM\\XNe7i0VKlf1VMZXNe7i0UKmf1WMYXNd7j0UKmf1WMXXNe7k0TKmf1XMWXNd7l0TKmf1YMVXNd7l0SKnf1ZMTXNd7m0SKof1ZMRXNe7n0QKPg1R8PYNoG[O]JTg1e=kXNZB7d5I`JSg1c=gXNbB9]5HaJXg1S>nXNmGQg1U8mXNlGRg1U8lXNmGSg1T8lXNmGSg1Z3jXNnJ2i1Sg1V3PYNQKJk1Ug1R3UYNRKCo1Wg1m2YYNi1ef1UN_YNj1af1TN`YNm1_f1RNcYNn1\\f1QNfYNo1Yf1QNgYNP2Xf1PNhYNQ2Wf1oMjYNP2Vf1PNjYNQ2Uf1oMkYNR2Tf1nMmYNR2Rf1nMoYNR2Pf1nMPZNR2Qf1nMoYNaJWOb3if1m1PZN`JYOc3ff1b1]YNSGd0h3YOd3ef1a1_YNRGc0i3YOe3df1_1_ZNlJlNg3df1]1_ZNnJjNg3gf1Z1`ZNe2_e1[M`ZNg2_e1YM`ZNh2`e1WM^ZNm2ae1SMYZNPKTOT4cf1l0UZNRK[OR4`f1j0SZNUK@P4]f1k0RZNVKBo3[f1k0RZNVKDo3Zf1k0RZNVKDP4Yf1k0QZNVKFP4Xf1j0RZNVKER4Xf1i0RZNVKER4Xf1i0RZNUKET4Xf1h0RZNUKDT4Zf1i0oYNUKET4[f1i0nYNa3Qf1aLmYN`3Rf1aLmYN_3Sf1aLmYN_3Sf1bLlYN_3Tf1`LkYNa3Uf1`LjYNa3Uf1_LkYNb3Tf1_LjYNc3Uf1`LgYNhI5b6Sf1h2PZNWMoe1h2UZNVMje1i2YZNVMfe1j2]ZNTMbe1k2bZNSM^e1l2cZNTM\\e1k2fZNVMXe1j2iZNZMRe1f2nZN\\MPe1d2P[N]Mod1c2Q[NSEYOm6fe1P4oZN`MPe1`2P[NaMod1`2oZNbMPe1_2nZNbMRe1_2lZNcMTe1]2jZNdMVe1^2dZNgM[e1g<010O01O010O2N1O10001N100O`_OgZNgKNf;[e1aHkZNdK1h;Te1bHlZNbK8i;kd1eHnZN_K=h;ed1jHnZN\\Kb0f;ad1mHmZN\\Kd0g;^d1oHmZNYKe0h;^d1PIlZNXKf0h;_d1oHlZNXKe0j;^d1oHoZNTKb0n;_d1PIP[NoJa0Q<_d1QIP[NmJa0S<^d1PIR[NlJ`0T<_d1PIQ[NjJa0V<^d1QIP[NiJb0W<]d1QIP[NgJf0DoN`;[e1UJP[NfJh0ASOb;Te1WJQ[NfJi0_OVOa;Pe1[JP[NcJm0_OVO>Fi9We1gKnZNcJQ1\\OXO>Fi9Se1lKlZNaJT1ZOYO=Hk9nd1oKiZN`JZ1VOZO>Gm9kd1\\MW\\NVHZO>FP:hd1\\MZ\\NSH[O>ET:dd1ZMa\\NnGZOa0BY:ad1XMl]N[HeM]:^d1\\LoZN^IT3CaMd:Zd1XL^[NWIk2G_Mk:Xd1VL_[NVIn2E]Mn:Vd1VLa[NVIi3e:e`1ULc[NTIi3g:d`1ULc[NTIi3g:e`1TLb[NTIX1N`0k:eb1SLb[NUIW10a0h:gb1SL][NWI\\1O?g:hb1SLZ[NZI^1N?e:jb1RLV[NZId11:d:mb1PLT[N[If128c:nb1\\JR[NPL0QOh115IQN^:Qe1dJT[NSLKROj111HYN^:md1bJV[NSLJTOh13E2gNQ:ld1bJW[NRLLWOc13C4kNn9md1`JX[NRLLYO`13B6mNl9md1_JY[NRLL[O^13@7QOj9ld1^JX[NSLO\\OZ13@8ROh9md1]JY[NSLO^OX14]O9TOg9od1ZJX[NTL1_OU15\\O:VOd9Pe1YJY[NUL0@T16YO;YOa9Qe1WJZ[NXL0_OR18VO<\\O_9Qe1UJ\\[NXL0Bn0:QOEFLLW:Se1RJ][N[LODi0_1nNT9nd1\\I\\[N^LOGb0^1VOQ9ld1[I][N`LOJ9_1_Ol8ld1ZI][NbLOL0a1Jf8jd1ZI_[NbLMNKd1Nd8kd1UIa[NeLK0Fd14b8jd1TIb[NgLH1Fb17b8id1RIe[NhLE2F_1:f8fd1nHh[NkLA2G[1=l8bd1hHn[NoL[O2HY1?n8`d1bHU\\NUMRO2KX1>Q9_d1^HX\\NWMPO2KW1?S9^d1ZH[\\NZMkN3MU1`0U9\\d1XH^\\N[MhN3NU1?W9\\d1UH`\\N]MeN30S1`0Y9Zd1RHd\\N_MaN31S1`0[9Yd1oGe\\NQOcNE?\\9Xd1mGg\\NQOdNE>]9Wd1lGg\\NROdNE?]9Ud1lGg\\NROgND>]9Ud1mGe\\NQOiNE?\\9Rd1oGd\\NQOlND>[9Sd1QH^[NeL7[2LC=[9Rd1oHb[NTNOC=Y9Sd1PI_[NbMGTN;Q2<Y9Td1SIX[N_M1RN8S2<W9Sd1fKZ[NoH7V1GWOe0LYOX:kd1^L[[NoH6S1L]Oa0B^O_:dd1_L][NoH5R1M_OV1P:\\c1`L[[NoH6R1M@U1P:\\c1_L][NnH5S1N@S1P:^c1kGR[Nk1:gK5S1NAQ1P:`c1hGX[Nj13iK6W1L_OQ1P:cc1dGZ[Nm1OiK7[1I[OQ1S:ec1`G\\[Nn1NhK8^1FZOo0U:jc1ZG^[NZOJg01fM8c1EWOm0W:mc1VG`[NnMDn08V1b0[OYOUOj0Y:Pd1PGc[NRNCl07Y1?\\O^OQOd0]:Qd1mFf[NSNCj08\\1:^O@POa0]:Td1jFi[NSNBi08d13YOFRO=[:Xd1gFj[NVNAc0=j1K[OHSO9X:\\d1eFm[NWN^Ob0?m1HZOITO7Y:^d1aF_\\NjN\\OP2EYOJTO7X:_d1_Fb\\NkNYOR2DYOJTO7X:`d1[Fd\\NnNWOS2CXOKUO6W:bd1ZFb\\NSOUOR2CXOJUO8U:cd1YFc\\NUOSOQ2D[OEUO;S:fd1VFc\\NXOPOQ2Ge0Ol7hd1UFa\\N[OPOP2Gf0Nk7id1TFb\\N\\OoNP2Gf0Nk7jd1RFa[NfN5i0Io1If0Mj7kd1RFY[NQO:>Lo1If0Mk7kd1PFR[NZO?7MP2Jd0Kl7md1nEQ[N^O?5LP2Lc0Km7md1lEQ[N_O?5LP2Ld0Jl7nd1kER[N_O?6KP2Kf0Jj7Pe1iES[N@>5LQ2Ig0Il7Qe1fET[N_O?6KR2G^<ld1jAT[N^O`06KS2D`<nd1gAV[N\\Oa08HT2Cj6KkKTe1bKV[NXOd0<FT2@k6NjKTe1`Ke\\NEkNU2^Ol6NkKWe1ZKd\\NGkNX2[Ol61jKXe1WKc\\NHlNh0SO84S10Z42dNZe1UKa\\NFQOi0RO9OU13X41fNZe1RKc\\NEQOl0QO9MT16Y4NgN[e1PKc\\NESOl0PO;IT1:X4LhN]e1mJb\\NGSOm0oN;GV1<V4LiNSh1cJoXN;gNO8c32h2MhNTh1bJnXN;hN07d31g2MiN_f1dJfZNOLm0QOQ3Oh2NhN[f1lJfZNINk0ROR3Oi2LgN\\f1RKcZNFOi0TOQ30c8Wf1TD`ZND0g0UOR`0Yf1h_O\\ZNC3Rb0`e1_^OWZND5Pb0ce1k_OVZN[`0he1g_OQZN``0ne1b_OnYN``0Rf1P31O001O2N1Y\\OjYNPa0Xf1m^OjYNSa0Wf1i^OnYNTa0Sf1i^OTZNoNEg`0Xf1T@ZZNQOEe`0Tf1Q@_ZNVOAg`0Rf1n_OaZNWOAk`0ne1k_OdZNTODPa0ke1i_ObZNSOFTa0ke1h_O]ZNTOITa0Rf1`_OTZN\\OJTa0Wf1]_OnYN^OKVa0Yf1\\_OiYN_OMUa0[f1^_OeYN_ONTa0]f1__ObYN_OORa0_f1`_OaYN_OOQa0`f1a_O_YN@0Pa0`f1a_O_YN@0o`0bf1`_O^YNA0Pa0af1`_O^YNA0o`0bf1`_O^YNA0o`0cf1__O]YNB0Pa0cf1]_O^YNB0Pa0df1]_O[YNC1Pa0ff1Z_OZYNE2Qa0gf1V_OXYNH2Qa0hf1U_OVYNI3Ra0if1S_OTYNJ5Sa0gf1R_OUYNI6Ta0ff1R_OTYNH8g0POV?fg1Y@RYNH;f0QOX?bg1Y@RYNG=1oN32k?ag1Y@QYNF`0OQO4On?`g1W@QYNF`0OTO3Ml1Hj;kg1[BmXNO>LVO4Ll1Ii;ng1TBlXN9;HXO4Kn1Hj;nh1_BVXNDYO5Kn1Hj;mh1bBVXN_O\\O5JP2Gj;jh1hBkXN]OeNQ2Fi;gh1oB`YNX1iMi;dh1SCbYNT1jMh;dh1VCaYNR1kMg;dh1YC`XNoNAR2[Og1LP6gh1ZG]XNROCm1]Od11P6bh1_G[XNROCl1_Ob14n5`h1bGZXNROBm1@`16m5_h1dGYXNSO@m1B^17n5`h1bGWXNTOAn1A_17k5bh1cGUXNUOBm1@`17j5dh1dGSXNSODn1^Oa17i5hh1aGQXNUOGl1YOf15i5nh1\\GoWNUOHo1VOh12i5Ui1XGoXNV1jMl1Lh5]i1UGnXNV1iMd;[i1TCmXNBhMT11U<[i1UClXN@lMT1MW<\\i1TCkXN_OoMU1JW<^i1SCjXNAoMT1IX<_i1RCjXN@PNT1HY<`i1RChXNAPNS1IY<ci1PCdXNDPN?CN6n<gi1nB_XNHRN;FN3o<ki1lB[XNLQN;GL4l<Qj1iBWXN4mM;FL6f<`j1RCZWN2YN:GL7c<_j1aCoVNGdN9FM9_<`j1QD`VN[OQO6GO9]<`j1UD\\VN[OSO4G0:[<aj1XDXVN\\OWOIJ98W<`j1]DTVN^OGNFV<_j1`DoUNCGGMT<^j1dDhUNGKA>d;Pj1VEcUNF1^O>e;oi1YE^UNE:VO<j;ni1]EWUNDo1o:lh1^ESUNAS2o:Qi1\\ESUNVOR2];Pi1[EQUNnNU2e;nh1[EmWNc:Wh1\\EhWNb:[h1]EeWNb:]h1]EdWN`:^h1`EbWN_:`h1`E`WN^:bh1bE^WN]:eh1aE\\WN]:fh1cEYWN\\:ih1cEWWN\\:lh1bEUWN\\:nh1bESWN[:Ri1cEmVN\\:Vi1cEjVN[:Xi1gEfVNV:]i1SFYVNl9hi1XFUVNf9mi1\\FPVNb9Rj1_FnUNP3mLS2Vm1nJmUNm2QMP2Um1PKmUNo2nLn1Ym1PKlUNQ3kLl1\\m1RKkUNQ3iLk1am1XJ_RN8\\3d3cLj1Sn1_J^UNe3\\Ll1\\n1YJ\\UNh9in1K4M3M3M3M3M2M4M2N2N3N1N2O1N3MkK\\GbTNa8ak1`G^TN^8dk1bG]TN\\8dk1eG[TNZ8fk1fG[TNX8fk1gG[TNX8hk1fGYTNX8QP2N2N2M3N2N2M3N3L3N3M2M3N1O2N2M3L3M4M201N101O0O2N100N3M2M3N3M2O1O1O1O2N1N2N2N3M2N3M2O1O2N1O101N1O2N2N2mJmhMf4`W2N1N2M3M3N2N3N1N2O1O1N3N1N3N1O2M3N1O2N1O2N1O2O1M2O2N4K<D5J5H8I6H8J7K4M4L?@;CgeeU4"}, "iscrowd": 0, "area": 343028.0, "category_name": "TBD", "score": 0.4947560727596283}, {"id": 1, "image_id": 0, "bbox": [1533.0, 926.0, 618.0, 656.0], "segmentation": {"size": [2448, 3264], "counts": "Xda`31\\\\27TdMKT[2;adML][2f0M100O20O0O1000001N1O2N2N2N100000L4J7TOoNSfMU1kY2nNRfMU1mY2nNmeMV1KfNkY29QfMW1NfNPZ2V2eNkMXhMW2aW2UNXhMm1eW2XNXhMi1fW2ZNXhMg1eW2]NXhMe1gW2\\NXhMe1gW2[NYhMf1eW2\\NZhMe1eW2\\NZhMe1eW2[N[hMf1dW2[N\\hMe1cW2\\N\\hMe1nV2VMWiMV1Lc1lV2ZMViM:G48W2iV2]MWiM7J57V2fV2`MWiM7K6L]2QW2WMViM8K\\3nV2^LUiM\\4hV2hKSiM[4kV2g0K4L5K5K5gLnIjnMOWOU6mQ2QJbnM2]OQ6oQ2PJ[nM8Cj5oQ2QJZnM8Ej5PR2PJVnM:Hh5PR2PJVnM:If5PR2RJTnM;Jd5iP2\\IkoMf0@>Ha5jP2aIjoMa0oNI0l06Y5PQ2eIhoMd2TOg3UQ2gIPoML2h2Eg3XQ2hIjnM15Z9PQ2\\GnnMc8SQ2^GknMc8TQ2_GjnMa8WQ2\\100O2[OkDmoMU;RP2lDnoMU;QP2kDnoMY;oo1gDQPN\\;lo1dDSPN_;ko1aDUPNa;io1_DWPNc;go1]DXPNe;go1[DYPNf;fo1ZDYPNg;ho1XDWPNj;fo1ZDWPNg;go1_DTPNc;jo1b001O00001O001O001O001O1O001N2O001[OXC_QNj<_n1ZC^QNg<_n1]C^QNe<`n1_C\\QNc<an1h0N2N2O1N2O00000000O10000OATB\\RNl=cm1WB[RNh=em1ZBZRNg=em1XB\\RNh=dm1XB\\RNi=cm1VB_RNk=`m1SBaRNo=Pn11N1O2O0O10000O0010O01O0000001O000O2O001\\OcASSN^>jl1dAVSN\\>jl1eATSN]>kl1dATSN]>kl1cATSN_>kl1aAUSN`>jl1`AUSNb>kl1^ASSNd>ll1\\ASSNf>ml1ZAQSNh>nl1\\AlRNg>Sm1<O1SOf@cTNY?]k1g@bTN[?]k1e@cTN\\?[k1e@eTN[?\\k1d@cTN^?\\k1b@cTN_?]k1a@bTN`?Wl11N1Oi@XSNi>fl1XA[SNg>dl1YA^SNf>al1[A`SNe>^l1[AcSNe>]l1[AdSNe>[l1[AeSNe>Zl1\\AfSNe>Zl1ZAfSNf>[l1YAeSNg>[l1XAfSNi>hk1i@aTN=Gj>gk1k@aTN;Hk>ek1l@cTN8Hl>dk1m@dTN7Gn>dk1k@fTN5GQ?bk1k@fTN4HR?ak1j@hTN3GS?`k1k@iTN2GT?_k1j@jTN2GT?_k1j@jTN3FT?_k1h@kTN5FS?_k1h@kTN6DS?ak1g@kTN7CR?bk1g@kTN7CR?ck1f@iTN9CR?dk1e@iTN:BQ?ek1e@iTN:AR?fk1c@jTNo?Uk1Q@kTNo?Tk1S@kTNn?Tk1R@kTNP`0Tk1P@lTNQ`0Rk1Q@mTNP`0Qk1R@nTNP`0Pk1P@oTNR`0oj1P@PUNQ`0oj1o_OQUNR`0mj1P@RUNP`0mj1Q@RUNQ`0mj1P@RUNQ`0lj1P@TUNP`0lj1Q@RUNQ`0mj1o_OSUNQ`0mj1o_ORUNR`0mj1P@RUNP`0oj1h0010O00001O001O000010O1O1O2N3M3M1O1Oh^O[UNf`0dj1Z_O]UNe`0cj1Z_O_UNf`0`j1Y_OaUNg`0_j1Y_ObUNf`0^j1Z_ObUNg`0]j1Y_OcUNg`0]j1Y_OcUNg`0]j1Y_ObUNh`0^j1X_ObUNh`0^j1X_ObUNh`0]j1Z_ObUNf`0^j1Z_OaUNg`0_j1Y_OaUNg`0_j1Y_OaUNg`0_j1Z_O_UNg`0aj1Y_O^UNh`0bj1X_O^UNi`0aj1W_O`UNi`0_j1W_OaUNk`0\\j1U_OfUNm`0Wj1S_OiUNn`0Uj1S_OlUNm`0Sj1R_OnUNo`0ai1b^OeVN`0Jo`0ch1c^OnWN0D>Lo`0ah1d^OnWNOD?Mn`0`h1f^OnWNND=OPa0]h1f^OoWNOC<2o`0[h1f^OPXN0B;3o`0[h1g^OoWN0B:4Pa0Yh1g^OPXN1B85Pa0Yh1g^OPXN1B85Pa0Yh1g^OPXN1B93Pa0\\h1e^OnWN3D72Ra0[h1c^OPXN3D80Sa0]h1a^OnWN5F7MTa0_h1`^OnWN5F8KTa0bh1]^OmWN8GQb0^h1e]OkWN:GQb0Ri1P^OoVNPb0oh1Q^ORWNna0mh1S^OSWNma0mh1S^OSWNna0kh1S^OVWNma0Vh1i]OjWN:0ma0Th1n]OiWN52oa0Sh1n]OjWN33Pb0Ph1P^OlWN03Rb0og1P^OmWNN4Sb0mg1P^OoWNL5Ub0jg1Q^OQXNI4Xb0ig1P^OSXNH4Yb0hg1o]OTXNH4Yb0gg1P^OUXNG4Zb0eg1P^OWXNF3\\b0eg1n]OYXNE2]b0eg1n]OYXNE2^b0dg1m]OZXNE2^b0dg1m]OZXNE2^b0dg1m]OZXNE2^b0dg1m]OZXNE2^b0dg1m]OZXNE2^b0eg1l]OYXNG1]b0fg1k]OZXNH0^b0eg1j]O[XNH0^b0eg1j]O[XNH0^b0fg1i]OZXNI0^b0fg1i]O[XNHO`b0fg1f]O\\XNJNbb0dg1d]O^XNJNcb0dg1b]O_XNKKeb0fg1^]O`XNMJfb0fg1\\]OaXNNGgb0ig1Y]OaXN0D;Oea0kg1P^OcXNi0EVa0hg1o]OdXNj0EWa0hg1n]OdXNj0EXa0fg1m]OfXNj0EYa0fg1l]OfXNj0EZa0dg1k]OhXNk0DZa0eg1j]OhXNk0C\\a0dg1i]OiXNk0C\\a0dg1h]OkXNk0A]a0dg1h]OnXNh0]Oaa0fg1f]OUYNa0UOia0gg1e]OVYNa0QOla0ig1a]OYYNb0kNoa0lg1_]O[YNUc0Qh1O2N3N1N1O01O1O1M3M3N2M3N1O2N2_O`\\OoWNac0Ph1a\\OnWNac0Qh1`\\OnWN`c0Rh1`\\OnWN`c0Rh1`\\OnWNac0Qh1_\\OoWNac0Qh1_\\OoWNac0Qh1^\\OPXNbc0Qh1\\\\OPXNcc0Qh1]\\OoWNcc0_h101O00000O11O1O1O2N2M2O1O1O0O2O1O001O01O00100O1O2N1O101N2N3[]OWWN]a0jh1a^OXWN_a0hh1`^OXWN`a0hh1_^OYWNba0fh1^^OZWNba0fh1_^OXWNba0gh1U1N1M4N1O2N2O]\\OaWNVc0]h1j\\OdWNVc0\\h1j\\OeWNUc0[h1k\\OeWNTc0[h1m\\OeWNSc0[h1n\\OcWNPc0ah1=2N2N2O1O1O100O1O100O100O10Ol\\OWWNbb0jh1]]OXWNab0ih1^]OYWNab0gh1_]OYWN`b0hh1_]OZWN`b0eh1a]O[WN^b0fh1a]O\\WN]b0eh1c]O[WN]b0eh1c]O[WN\\b0gh1b]OZWN]b0gh1c]OZWN[b0hh1c]OYWN\\b0ih1b]OXWN\\b0_i1O1N2O001V^OQVNQa0Qj1n^ORVNo`0oi1P_OTVNm`0mi1R_OUVNm`0ki1S_OUVNm`0ki1S_OUVNm`0ki1S_OUVNm`0ji1U_OTVNm`0ki1S_OSVNPa0li1Q_ORVNQa0mi1P_OQVNSa0li1j0O1O1O1N2@_]OoVNab0Pi1b]OnVN^b0Qi1d]OmVN]b0Si1d]OkVN\\b0Vi1e]OhVN[b0Zi1e]OeVNZb0\\i1<2O0O1O2oNiVNg^OWi1Wa0lVNg^OUi1Xa0mVNg^OSi1Ya0mVNf^OUi1Xa0lVNh^OWi1Ua0iVNk^O_i1m`0`VNT_Obi1k`0\\VNU_Ofi1j`0YVNW_Ohi1i`0UVNY_Oli1f`0RVN\\_Ooi1d`0mUN__OSj1c`0iUN^_OYj1\\a0001O000O10000[^OiUNW`0LS@[j1EkUNT`0OU@Uj1GnUNR`00T@Sj1JnUNP`02T@Pj1KQVNn?1V@ni1LRVNk?4V@ki1NSVNj?5V@gi11VVNf?7V@ci14WVNd?8W@ai15WVNd?8W@`i16XVNd?7W@`i15WVNg?7V@`i15VVNi?7T@ai15UVNl?6Q@ci15TVNo?5n_Oei15SVNV`00g_Oki1na0M4L4K4K6M1O2N1001N2QOhVNc^OYi1\\a0iVNc^OXi1Za0kVNd^OWi1Xa0lVNg^OVi1Ua0mVNj^OUi1Ra0oVNl^OSi1Qa0oVNn^OSi1n`0QWNP_OQi1m`0QWNS_OPi1k`0QWNT_OQi1j`0QWNU_OQi1i`0oVNV_OSi1i`0mVNW_OUi1g`0kVNY_OUi1g`0lVNW_OVi1h`0jVNX_OWi1g`0iVNX_OYi1g`0hVNX_OYi1g`0gVNX_OZi1h`0gVNV_O[i1U1gUNW>P1`@[i1X1gUNV>_k1hAcTNW>]k1hAdTNW>]k1QAbTN23j>^k1QAdTN1Om>^k1QAfTNNO;Fm=fk1hAjTNKL>Hl=dk1iA\\UN:SOj=bk1lA\\UN8UOk0H_;hk1]C\\UN8VOj0I6Ii9nk1mD[UN9XOh0J3Lj9Wm1ZE`SN;A_OFb06`0HZ8\\m1iF`SN<L1A?HY8\\m1lFXSNa0IWOCe08>HZ8Zm1lFVSNd0L2L4HZ8Zm1lFTSNf0K3N3GZ8mk1_F[UN=TOh0K3Mk9fk1PEZUN>TOh0J5Lj9jk1lDZUN?ROk=ak1gAoTNO^O\\?_k1g@oTNj?mj1W@QUNm?lj1U@QUNo?>l_O[i17UVNo?=n_OZi16WVNn?=n_O[i14WVNP`0=m_OZi15XVNn?=n_O[i14WVNo?>m_O[i13YVNn?=n_O]i11WVNQ`0=l_O_i10VVNR`0=m_O^i1OVVNS`0=m_O`i1MUVNT`0=n_O`i1IVVNW`0<o_OTj1Q?RUNaAk0^OTj1o>RUNaAm0^ORj1P?SUN_Am0AQj1n>TUN_Am0APj1o>TUN_Am0AQj1o5jTNl29bGYl1h0\\SN`34T48cGYl1JdSN<JP42X46bG]l1CgSN`0FR41Y44bGQm10lRNT4OZ44aGSm1OmRNo0Ie15l51aGUm1MnRN6H50Z25m5OaGWm1JQSN3I9MZ25n5LcGYm1GgSN;QO2L4Nf0;^7IcG^m1DeSN=QO004Jh0<_7EdGkn1O]QNM25I4LNb0U8]OhGon1N^QNI28I1N1g0o7POQHSo1JWRN1VONM5g0m7oNQHSo1LVRN1L20l7QOmGQo12TRN0M4Oj7QP2QHPPN41S7dNZImR2B`nMo6jNZIhR2G_nM2kNW66gIdR20]nMLROV6ZS2lI^nMm5eQ2RJbnM\\4eMdLkS2POfnMe0^M^28iMgS2ROgnMc0^MMG<=38L_V2DYiMKK9?44O\\V2GXiMJL:`0133YS2[OgnM=aMKK9`0242YS2[OfnM>aMKL8?431ZS2\\OfnM=aMKK:=530\\S2[OcnMa0aMR1HJ1C_R2nNlnM4P1i5mo1VJPoM34OPOV6eQ2kIRoM56l6aP2TIknM><n6Qo1]HaPNk0H3<S7KnG\\n1<VQN^29`53jGSn1g<jQN[Cnm1m<PRNVCZm1^=fRNcBWm1_=iRNaBVm1`=iRNaBXm1^=iRN`B^m1Y=cRNfBcm1T=_RNjBem1R=\\RNmBfm1Q=\\RNmBfm1P=\\RNoBfm1n<]RNPCdm1W4hQNV4g0aGcm1Q1hQNk11^5Yo1oGbPN86Z20\\5\\o1kGgPN90^2N[5QP2THSPN`2MY5TP2THQPNa2MjM0]6WP2TIPPNb2KjM2\\6oP2YJenM5;SO4]6TQ2RJanMGLL?H4c5BiJgQ21[nMKNL\\1[5lNfJdQ21[nMMNNZ1Z5nNfJfQ2M\\nMKL5W1X5QOfJXU2S5Z1Gh0YO;E:G9jLPgM;Mo0SZ2kNSfMl0WZ2iNSfM5LOTnf1Gl][N2iiUc2"}, "iscrowd": 0, "area": 298342.0, "category_name": "TBD", "score": 0.5837238430976868}, {"id": 2, "image_id": 0, "bbox": [1535.0, 926.0, 614.0, 525.0], "segmentation": {"size": [2448, 3264], "counts": "Wk\\`33[\\25L5K`0A1N2O1N101O0O101N1O1O2M2M4UOgN[fM\\1bY2hN[fMZ1dY2fN[fM\\1cY2fN[fM\\1dY2eNZfM]1eY2dNYfM]1hY2cNVfM^1jY2d01O1O2N1O2NeNlMZhMT2dW2PN[hMP2bW2TN\\hMm1bW2UN]hMm1aT2fMYmMa0SNk1bT2gMnkMOFd0Gg1cT2iMmkMOCk0F`1gT2lMjkMOAn0GZ1kT2oMhkM3YOS1Gn0aR2YMQPNf0[No4_Q2bJPoMN@c0No4_Q2dJonMNAb0Nn4`Q2eJnnMMBb0Nn4`Q2eJZnMDO:6a0Om4aQ2fJXnMGM88a0Nn4bQ2eJXnMIL59b0LP5eQ2aJYnMd02OKP5gQ2aJYnMd0Na6eQ2oH[nMf8aQ2V1M4M3M2N3M3N2M3M2L4H9VOTDjPNP<So1UDiPNm;Vo1VDfPNl;Yo1WDcPNl;\\o1VD`PNl;_o1c0O2N100O2O001O1O010O01000O101N10O01O001O0O2N100O2N1O2N2N1O2B^BjQNe=Sn1>N1O2O001O0O2O0O2O001YOdAWSN^>gl1dAWSN]>hl1fAUSN\\>il1gATSNZ>kl1iAQSNY>ol1d0O2O0O1O100^Oc@PTN_?mk1e@QTN[?nk1g@QTNZ?ok1d@RTN]?mk1c@STN^?lk1a@UTNa?]l11O000O1000f@\\SNf>dl1XA`SNg>`l1WAdSNf>\\l1XAjSNMGY>_l1hA[TNW>ek1iA[TNX>dk1hA]TNW>ck1iAmSNMG\\>[l1gAkSN5DU>`l1hAiSNl>Vl1TAiSNm>Vl1UAhSNm>Wl1TAgSNn>Xl1RAgSNP?Wl1RAgSNP?Xl1QAgSNo>Xl1SAeSNP?Zl1PAeSNR?Yl1c001O0O2O001N1Af_OhTN[`0Vk1f_OjTNZ`0Vk1g_OhTN[`0^j1c_OmUN4DZ`0[j1e_OQVN2B[`0\\j1c_OQVN4BZ`0\\j1c_OQVN4BZ`0\\j1b_ORVN5@[`0]j1`_ORVN7_OZ`0_j1__ORVN8^OZ`0_j1^_OSVNQa0mi1o^ORVNSa0mi1m^OSVNSa0mi1m^ORVNUa0ni1j^ORVNWa0mi1i^ORVNXa0ni1i^OPVNXa0Qj1g^OoUNZa0Pj1e^OQVN[a0Pj1d^OQVN[a0oi1d^OSVN[a0bj1O2P_OkTNa`0Wk1W_OQUNg`0]k1O0O2O0O2N1O1N2N200001N2O0O2O1N1C`_OiTNb`0Uk1=O101N10000O101O0[Og^OSVNYa0ji1j^OVVNVa0ji1k^OUVNUa0ki1k^OUVNUa0ji1m^OUVNSa0ki1m^OTVNTa0li1l^OTVNTa0li1l^OTVNTa0li1l^OTVNTa0li1l^OSVNUa0ni1j^ORVNVa0ni1j^ORVNVa0ni1i^ORVNWa0Qj1g^OoUNYa0Rj1e^OnUN\\a0cj1O01O0fUNe^Oai1c`0hUNR@g0[Oai1b`0jUNR@e0]O`i1``0lUNS@d0^O_i1_`0mUNS@d0^O`i1Xa0`VNh^Oai1Wa0`VNh^Ooh1OgVNZa0Sj1g^OnUNXa0Qj1j^OnUNVa0Qj1k^OPVNUa0oi1k^OQVNUa0oi1k^ORVNTa0ni1m^OQVNTa0<l^O^h11VWN7A[`0k0^_O^h10VWN7A[`0k0^_O^h10VWN7A[`0k0^_O^h10VWNQa0>n^O\\h11UWNRa0a0k^OZh13UWNQa0f0h^OUh17UWNPa0Rj1Q_OlUNo`0Uj1Q_OkUNn`0Vj1R_OiUNn`0Xj1R_OhUNm`0Yj1S_OgUNm`0Yj1S_OfUNm`0Zj1U_OeUNk`0[j1U_OeUNj`0\\j1W_OcUNi`0\\j1X_OcUNh`0^j1Y_OaUNg`0^j1Z_ObUNe`0_j1[_OaUNd`0_j1^_O`UNa`0aj1__O_UN``0aj1a_O^UN_`0h1Q_Olf1a0[WN]`0e1X_Onf1<]WN\\`0b1\\_OPg18^WN[`0a1`_OPg15_WNZ`0a1b_Oof1Wa0PYNk^Oof1Ta0RYNl^Onf1Sa0UYNk^Okf1Ta0WYNj^Ojf1Ua0YYNi^Ogf1Va0\\YNg^Oef1j`0\\WNZ_OS2Haf1m`0aWNW_Oij1g`0]UNR_Ofj1m`0?O1O00010001N2O1O0H9WUNf^OXj1\\a0fUNj^OVj1Wa0gUNm^OWj1Sa0hUNQ_OUj1Pa0iUNc_Oei1]`0ZVNd_Ofi1]`0YVNb_Ohi1^`0XVNb_Ohi1^`0XVN^_Oli1b`0TVNW_OSj1i`0mUNS_OVj1n`0kUNn^OXj1Qa0iUNm^OYj1Sa0iUNi^OYj1Wa0iUNd^OZj1\\a0=O0101O1O002O2M4L2N100O1003M[XNX^Oed1ca0Z[N_^Oed1`a0\\[N`^Odd1^a0^[Nb^Ocd1\\a0^[Ne^Oad1Ua0e[Nk^O[d1Qa0i[No^OWd1o`0l[NP_OTd1o`0m[NQ_OSd1n`0n[NQ_OSd1n`0n[NR_ORd1m`0P\\NR_OPd1l`0R\\NT_Onc1j`0U\\NU_Okc1i`0W\\NW_Oic1i`0P4N1101N101N10O010O01O010O0gTNZ_Ohj1g`0UUN]_Ojj1b`0UUN^_Olj1b`0UUN[_Omj1e`0SUNZ_Ooj1e`0SUNW_Ooj1i`0<1O01O00010O0`_O_TNR`0`k1n_OaTNQ`0_k1n_OdTNQ`0Zk1o_OgTNS`0Wk1l_OkTNT`0Tk1l_OlTNV`0Rk1j_OoTNW`0oj1h_ORUNY`0mj1g_OTUNY`0kj1g_OUUNY`0jj1h_OWUNX`0hj1h_OXUNX`0ij1f_OXUNY`0ij1g_OWUNX`0jj1h_OVUNW`0lj1g_OUUNR`0Sk1l_OnTNQ`0Wk1l_OjTNS`0jk1N2O1O1N2N2M3M3N1101O4L2M3N1O1N2@n_O`TNR`0^k1S@^TNo?`k1U@]TNk?bk1V@^TNj?bk1W@]TNi?ck1W@]TNi?ck1W@]TNi?ck1V@^TNj?bk1U@`TNj?`k1U@aTNj?ak1T@aTNk?_k1U@aTNj?`k1U@aTNj?`k1U@bTNi?`k1U@aTNj?ak1U@_TNi?ck1W@]TNi?bk1X@_TNf?ak1[@_TNe?ak1\\@^TNf?_k1[@aTNf?^k1[@aTNf?^k1Z@bTNg?\\k1Z@eTNf?Zk1[@eTNe?Zk1\\@fTNe?Yk1[@gTNe?Yk1[@gTNf?Xk1Z@hTNf?Xk1Z@hTNe?Yk1[@gTNe?Yk1[@hTNc?Zk1[@gTNd?[k1Z@fTNd?]k1Z@eTNR?CUAal1j>eSNn@_l18YSN_=1iBWm1FlRN]=0jBVm1GmRN\\=0kBUm1GmRN[=1lBUm1EmRN\\=1mBfm1o<^RNPCPm1GlRNY=4PCPm1GlRNY=4PCol1HmRNY=3oBnl1KmRNZ=1nBol1KlRNZ=4lBnl1LlRN[=3lBnl1LlRNZ=4nBll1KlRNZ=7WC_l1]=`SNgBik1SOZTNX>LfBhk1WOVTNV>0eBhk1n=XTNSBgk1n=WTNSBhk1n=XTNRBhk1n=WTNTBhk1l=WTNTBkk1k=VTNTBjk1l=VTNSBlk1k=UTNTBlk1UORTNX>3aBmk1TOUTNX>NbBok1TOVTNY>KbBQl1ROWTNZ>IbBTl1oNVTN_>FaBfl1^=ZSN`Bhl1`=XSN_Bjl1`=VSN`Bjl1`=VSN_Bkl1a=TSN`BZl1SOSTN^>B^BZl1WOTTNZ>A_B[l1XOTTNW?mk1j@RTNU?nk1l@RTNS?ok1n@PTNQ?Ql1o@oSNP?Mj@fk17]TNo>Ln@dk13`TNn>Mo@ck13`TNm>Oo@bk12aTNn>MPAbk12aTNm>On@ek10^TNQ?kl1ZAfRN^=1fBZm1IiRN^=OgBYm1IjRN^=0gBYm1GjRNn<E]C;Mim1a<SRN\\C71hm1b<kRN\\CWm1b<lRN[CWm1b<kRN\\CWm1b<jRN]CWm1c<iRN]CWm1c<iRN^CUm1d<jRN]CSm1f<kRN\\CRm1h<kRNZCSm1W=\\RNlB`m1X=]RNjBSm1FhRNc=3jBQm1f=nRN[Bol1h=oRN]BJBfl1S>_SNiB]l1Y=bSNiB\\l1Y=cSNhB\\l1X=dSNhB[l1Y=dSNhB]l1W=cSNiB^l1V=bSNiB`l1V=`SNiBal1W=_SNhBcl1V=^SNhBel1W=[SNfBhl1Z=XSNcBll1[=USNcBml1]=SSNbBnl1^=RSN`BQm1_=oRNaBQm1_=oRN`BRm1`=nRN_BSm1a=mRN_BSm1b=lRN]BUm1c=jRN^BVm1c=iRN\\BXm1e=gRN[BZm1d=eRN\\B\\m1\\>0O100O101N1\\O`RNWBbm1o<`RNRC3Lem1j<\\RNUC3Ofm1e<\\RNVC32dm1e<SSNXCol1f<SSNVCRm1g<]1N3L5L3M1000O1N4L3N3L4aQN[Cnl1h<TRNZC90am1j<nQN\\C?M`m1Z=]RNiB`m1Y=^RNiBTm1BjRNg=0jBQm1DlRNc=3kBol1DlRNa=5lBml1ElRN`=6WCcl1XOYSN`=4QCnl1WORSNh=0mB^m1Q=cRNmB`m1R=aRNlB`m1S=aRNmB`m1R=`RNmBam1R=`RNnBam1P=`RNoBam1P=`RNPC`m1o<aRNQC`m1n<`RNQCam1n<`RNRC`m1n<`RNQC`m1Q=_RNoBam1R=_RNmBam1e<PRN[C>Obm1e<SRN[C;0bm1d<URN\\C8Odm1e<TRN]C7Nem1d<VRN]C5Nem1f<VRN]C4Mfm1e<WRN_C3Jgm1g<VRN_C3Iim1f<VRN`C3Ghm1a0mQN^;:XD3Fim1b0lQN1Od::SE_n15[QN00e:9RE_n16[QN01e:8QE`n16[QN01f:_o1VEdPN030BW:mQ2XFQnMi0O^6RR2fHTnMh0N]6QR2hHVnMf003A87o2VR2mKYnMb0N4D68OI]1XR2fM\\nM=L5H45OJ_1TR2jM\\nM=K5H37NIb0NnNUR2MZnM=J6H38MIa01mNRR2OZnM=I7I28MIa03jNQR22WnM?I8H19MJb02gNQR26QnMc0H9G2;NJd0IdN]R20omMf0Fm1M^1WR2TLmmMi8jQ2S1J6K5J5kNRE_PNW;=lD_m1Y<bQNjC;OQn1Z<_QNjC?NQn1g<oQNYCQn1g<oQNZCRn1d<nQN\\Cbn1R<`QNmCnn1d;TQN\\Don1Y;ZQNeDin1W;YQNiDhn1V;YQNhDjn1V;VQNjDkn1T;VQNkDln1l9UPNSGP1POkn1j9[PNSGnP2l8RoMSGQQ2WOlnMV93cGaQ2[8^nMfGcQ2\\8WnMfGlQ2^91O0PFTnM\\9mQ2aFWnM\\9kQ2bFXnM\\9hQ2cF[nM[9fQ2cF]nMZ9dQ2eF_nMY9bQ2eFbnMW9bR2I5J5L4ZI`lMl06GaS2XO_lMWO0M96]ODUT2XOUlMP1c0^OE89OFCgT2`0mkM^OC9UX2@`hM0C4kmn0MU]SO>D7J5L3N2N1O1001N2N1O2N1O2N1O2A>L6Kng[b2"}, "iscrowd": 0, "area": 285764.0, "category_name": "TBD", "score": 0.5976040363311768}]}