{"images": [{"id": 0, "file_name": "images/000030.jpg", "width": 1537, "height": 2049}], "annotations": [{"id": 0, "image_id": 0, "bbox": [604.0, 1052.0, 187.0, 320.0], "segmentation": {"size": [2049, 1537], "counts": "PlkV13no10gN6[RNJ_m1b0[RN_O_m1k0[RNVO_m1T1]RNlN=3lk1W1fSNfN:9fk1Y1PTN^N9;`k1]1WTNYN6=Zk1a1aTNSN4=Uk1c1iTNQN0=Sk1e1nTNoMN=oj1f1UUNoMJ;mj1h1[UNoMF:jj1h1cUNPN_O:kj1h1fUNQOSj1U1mUNlNni1i1_UNZN]j1g3L4M3K5K5K4K6I7L4L4L4K5L4M3L3M4I7K4L5L4M3N101O1N1O2N101N2O001N100O2OQKeXNY1Zg1eNkXNY1Ug1eNnXNZ1Rg1gNmXNZ1Rg1aNiXNkL0c4Wg1cNfXNj1Zg1UNhXNj1Yg1hMfXN^M1i4Yg1gMlXN\\MLk4Zg1gMnXNZMJn4Xg1fMRYNZMGo4Xg1fMRYN_M@l4_g1bMSYNe2mf1XMVYNg2lf1WMUYNh2mf1UMUYNj2mf1TMTYNj2of1TMSYNj2of1SMiXNmMDn4fg1TMfXNQNAk4jg1RMfXNVN\\Oh4Ph1QMeXNX3[g1hLeXNX3[g1hLdXNY3\\g1fLeXNZ3[g1eLeXN\\3\\g1bLeXN^3[g1`LfXNa3Zg1SLQYNm3Pg1RLoXNo3Rg1PL]XN`4eg1_K[XNa4fg1^K[XNa4gg1\\KZXNd4gg1YK\\XNf4eg1SKaXNm4`g1QKaXNm4bg1RK\\XNn4gg1QKVXNQ5lg1mJTXNS5ng1lJQXNT5Qh1jJoWNV5Th1hJlWNX5Uh1fJjWN]5Vh1bJiWN`5Wh1^JiWNd5Xh1ZJhWNg5Xh1WJhWNl5Xh1RJhWNo5Zh1lIhWNU6Qi11O1O1N1O2N1O2N101M2N3N2O1O100OkNoVN\\KQi1c4RWN[Knh1d4UWNZKkh1e4YWNXKgh1h4[WNVKeh1i4]WNVKch1j4^WNVKah1i4aWNVK_h1j4bWNUK^h1k4bWNVK]h1i4eWNVK\\h1h4eWNXK[h1h4eWNXK[h1g4fWNXK[h1h4fWNWKZh1h4gWNXKYh1g4iWNXKXh1g4hWNXKYh1f4jWNXKWh1g4lWNVKUh1i4mWNTKVh1k4kWNQKXh1n4iWNoJ[h1P5[1O2O00001O0O2O00001O0O2O0O2M2N3M2M4M3M2N4J6Ec0\\O=A?TOn0\\Ol0[Omdg^1"}, "iscrowd": 0, "area": 32677.0, "category_name": "TBD", "score": 0.8968233466148376}]}