{"images": [{"id": 0, "file_name": "images/000041.JPG", "width": 2448, "height": 3264}], "annotations": [{"id": 0, "image_id": 0, "bbox": [1558.0, 1781.0, 149.0, 206.0], "segmentation": {"size": [2448, 3264], "counts": "hn^f34Y\\25M2O10O2M4K_[>0bdA2O001N101O0O100O2O0O2N1O1O2M2O1adM3ZZ2OfeM0YZ21heMMXZ24ieMJWZ28oeM_OSZ2b0l02N3M3M2N10@jdMGT[28PeMFoZ2:SeMFlZ28WeMG4NkY2:SfMIO3iY23ZfMJK7hY2KcfMNC9hY2FifM1_O:fY2ElfM2\\O;fY2CofM2ZO=dY2CRgM0ZO?_Y2CXgMNYOa0kX2ZOWgM9e0MWOf0gX2MShM]OVOg0eX2MUhM]OTOi0eX2IXhM^OQOl0fX2D[hMl0cW2SO^hMP1`W2kNdhMW1[W2gNfhM\\1WW2dNihM_1UW2`NhhMg1TW2ZNkhMi1RW2WNmhMm1QW2SNohMo1PW2nMQiMU2nV2gMUiMZ2kV2aMYiMa2gV2ZM\\iMi2TX22N4L3M3M2N2O2O02N^OfLlgMY3RX2iLogMW3nW2jLShMV3lW2iLVhMW3iW2hLYhMW3gW2iLZhMW3eW2hL]hMW3cW2iL]hMX3aW2iL`hMV3`W2iLbhMV3^W2jLbhMW3]W2iLdhMV3\\W2jLehMU3^X2M4L3M4L2M4M2N3L3N2M2O2M2O2M3M3N2M4M2M2O2M3N1O2M2O2N2M4M2M3M3M3M4L5K7Ggfnc3"}, "iscrowd": 0, "area": 7094.0, "category_name": "TBD", "score": 0.6005824208259583}, {"id": 1, "image_id": 0, "bbox": [1592.0, 1924.0, 38.0, 31.0], "segmentation": {"size": [2448, 3264], "counts": "lTRg32\\\\25M3L4M3M2M2O1O1O000O010O00000M3N2N3O2M3N3N4M2N0O10O10O010O01O2N2N2M5K6I8ETPni3"}, "iscrowd": 0, "area": 1127.0, "category_name": "TBD", "score": 0.720267653465271}]}