{"images": [{"id": 0, "file_name": "images/000014.jpg", "width": 2448, "height": 3264}], "annotations": [{"id": 0, "image_id": 0, "bbox": [1338.0, 1411.0, 84.0, 472.0], "segmentation": {"size": [3264, 2448], "counts": "`RWU4f0WU3<En0SOd0\\O9G`0_O=E4K6K4K4M2N1O2N2N1O2N1O2N2N2O0O2O1O001N3N2N2M6K6IT1aPMgIPm2b8ROh2YM5K5J8I7I5K3L4M3L5L5J5L2M4M2N3M2N1O1O0001O0O100O2QG]XM]3dg2ULTYM`3mf2\\L`YMZ3af2bLjYMV3Xf2dLTZMT3me2hL^ZMo2ee2nLfZMh2\\e2TMnZMd2Te2XMT[Ma2nd2\\MZ[M]2id2_M_[M[2bd2bMh[MU2[d2hMl[Mo1Zd2lMS\\Me1Ud2UNX\\M[1Pd2`N\\\\Me0Yd2VOW\\MXOod2c0[8L4K5L5I8H;E=BkX[V3"}, "iscrowd": 0, "area": 20961.0, "category_name": "TBD", "score": 0.9517723321914673}]}