{"images": [{"id": 0, "file_name": "images/000051.JPG", "width": 2448, "height": 3264}], "annotations": [{"id": 0, "image_id": 0, "bbox": [1387.0, 804.0, 89.0, 117.0], "segmentation": {"size": [2448, 3264], "counts": "Y\\aX32n[2c0C;D<G9D;E<E:E;F;J5L4O101N100O100O2O0000001O00000000O101O000000001O000000000000001O0000000000000000O2O00000O10001O0O10000000O100O1O1O100N2O1N3WOh0H8F;_Oa0C>G9D`0[OX_ZU4"}, "iscrowd": 0, "area": 8521.0, "category_name": "TBD", "score": 0.9331200122833252}, {"id": 1, "image_id": 0, "bbox": [2394.0, 746.0, 25.0, 23.0], "segmentation": {"size": [2448, 3264], "counts": "l`ib53o[2>I7M4N1N2O2N1O10001N10O100000000O10000O101O1N3N1N3M2M4L6Jghin1"}, "iscrowd": 0, "area": 888.0, "category_name": "TBD", "score": 0.8082672357559204}]}