{"images": [{"id": 0, "file_name": "images/000037.JPG", "width": 2448, "height": 3264}], "annotations": [{"id": 0, "image_id": 0, "bbox": [1161.0, 1532.0, 152.0, 320.0], "segmentation": {"size": [2448, 3264], "counts": "fanh23l10mU2NjjM4bNf0`V2[OjjM1cNg0aV2]OfjMNgNh0aV2@bjMJkNg0bV2LTjMAWOe0dV20jiMC^O?dU2oNcjMU1LIG8gU2oNbjMj4]U2YK_jMi4`U2ZK\\jMh4PU2mJljM?Il4XU2kJkjMQ6TU2QJkjMo5TU2SJkjMm5UU2SJkjMm5TU2TJljMk5VU2TJjjMl5VU2SJljMk5UU2UJljMh5WU2VJkjMc2F0cU2]MhjM^2LNaU2bMejM^2NK_U2gMdjM\\20J^U2hMdjMn0A4?S1^U2kMejMi0B6=T1^U2kMijMf0^ODLNa0l1\\U2kMjjMf0^ODLO`0l1]U2jMjjMf0^OCM0>m1^V2aNWiMBM0>m1\\V2cNYiM@M0=n1[V2dN[iM_OLO>o1XV2fN\\iM^OLN?o1XV2fN]iM]OK0>o1XV2fN]iM^OIOa0n1YV2eN\\iM38[1ZV2dN]iM26a0FoNgV2?[iM44<1oN^V2Q4eiMnKZV2Q4giMoKYV2Q4giMoKYV2e0[iMo1=[MYV2c0^iMQ29[MZV2c0`iMP26\\M\\V2a0aiMQ23]M_V2?aiMS20\\MbV2E\\iM94d2N^MWW2InhMa0Jo02fNZW2ElhMd0Ml0NkNTX27QhMi0MQORX25ShMh0KSOSX25ShMe0KWOSX21UhMf0IXOSX21VhMe0HYOSX21WhMd0G[OSX2L^hMc0B_OSX2DfhMh0\\O@dY2;cfM_O`Y2>\\1L3N2M3N3L[dM2e[20\\QQf4"}, "iscrowd": 0, "area": 8052.0, "category_name": "TBD", "score": 0.508421778678894}, {"id": 1, "image_id": 0, "bbox": [1784.0, 707.0, 41.0, 21.0], "segmentation": {"size": [2448, 3264], "counts": "]TcU43[\\23M3N2M2O10001N10001N10001O00000001O1O1N2O1O1O0O2O001O0O2O1N2Md[k[3"}, "iscrowd": 0, "area": 416.0, "category_name": "TBD", "score": 0.728036642074585}]}