{"images": [{"id": 0, "file_name": "images/000011.jpg", "width": 3024, "height": 4032}], "annotations": [{"id": 0, "image_id": 0, "bbox": [1445.0, 2076.0, 254.0, 514.0], "segmentation": {"size": [4032, 3024], "counts": "aoWb58am3`0A9H7J6K5K4L4L4L4L5K3L5I7I7J6J5L5L4L3N3M2N2N3N1N3L3N2O2M2N2O1N2N3M2O1M3N2N2N2N2N2N2M3N2M3N1N3N2N1N3M3L3M4M2N2O2OO01O00O10O1O1N201O000001O0O101N101N2M3N2N2N3N1N3I6I8H8J5K6J5K6L3LRJTLRbLg3l]3dLPbLX3P^3oLlaLn2V^3XMfaLe2Z^3`McaL^2^^3fM_aLY2`^3lM]aLS2b^3RN[aLm1e^3VNYaLi1g^3[NVaLd1k^3_NRaLa1m^3bNQaL]1P_3eNn`LZ1R_3iNl`LW1T_3lNi`LS1X_3oNf`LQ1Y_3ROe`Lm0\\_3UOb`Lk0^_3XO^`Li0b_3YOU`Ln0l_3SOo_Lo0R`3SOk_Ln0U`3SOj_Lm0V`3UOh_Lk0Y`3VOe_Li0\\`3YOb_Lg0^`3[O`_Le0a`3[O]_Lf0c`3\\O[_Ld0f`3\\OY_Ld0h`3]OU_Ld0k`3]OS_Ld0n`3]OP_Lb0Ra3^Om^Lb0Ta3_Oi^Lb0Wa3_Oh^La0Ya3@e^L`0\\a3Aa^L`0`a3@_^L`0aa3B\\^L?ea3BW^La0ia3_OU^Lb0la3_OP^Lb0Qb3_Ol]Lc0Ub3^Oh]Lc0Yb3]Od]Ld0^b3]O^]Ld0cb3]OY]Lf0hb3ZOU]Lg0mb3ZOP]Lg0Pc3ZOn\\Lg0Sc3YOj\\Lh0Wc3ZOf\\Lg0[c3YOc\\Lh0^c3XO`\\Li0`c3YO]\\Lg0ec3YOZ\\Lg0fc3ZOX\\Lg0ic3YOV\\Lg0kc3ZOS\\Le0nc3\\OQ\\Ld0Pd3]On[Lc0Sd3]Ol[Lc0Td3_Oj[La0Wd3_Oi[L`0Wd3Bg[L>Zd3Dc[L;_d3G][L:cd30R[L1od3_41O00100O001O1O1O2N100O2N1O1O2N1O2N1O1N3N1O1O1O2N1O101N1O101N1O101N1O2O0O2O1N3N1N2N3M2N2O2M2N3M3M2N3M2O2M2M4M3M3L4M3L4M3L3N3M2N3M3M4L3M3M3M4M2M4L3N3L4L4L4M4K5K5K6J6K3L5J7J6I6K7H:E:G7I6H`0ZOmSgR5"}, "iscrowd": 0, "area": 47620.0, "category_name": "TBD", "score": 0.9534201622009277}, {"id": 1, "image_id": 0, "bbox": [2654.0, 697.0, 84.0, 34.0], "segmentation": {"size": [4032, 3024], "counts": "YjbV::dm36K3L3N2O1N101N101O0O10000000000O100000000O010000000O10O100000O1000O10000000O100000O1000000000O010000000000O10000000O010000O10000O100O1O100O10O0100O100O100O100O2N100O2O0N3M2N4K4LUj]R1"}, "iscrowd": 0, "area": 2425.0, "category_name": "TBD", "score": 0.9190131425857544}]}