{"images": [{"id": 0, "file_name": "images/000016.JPG", "width": 2448, "height": 3264}], "annotations": [{"id": 0, "image_id": 0, "bbox": [1087.0, 1476.0, 471.0, 478.0], "segmentation": {"size": [2448, 3264], "counts": "f^`m2?j[2b0_O:SJQOjkM1LEf09`N]1PU2iNgkM6H44j1[T2PNakM=G24e1aT2TN[kM<I15c1gT2oM^kM8J34d1eT2oM`kM7I45d1kQ2`MRPN`0XN4H74d1eQ2jMTPN6^N1G94e1bQ2nMSPN3dNMDIB1b0W2`Q2RNSPNOiNJ@KF1?X2^Q2VNRPNLnNF_OLG2=Z2]Q2XNPPNJROD]OMI2<Z2\\Q2^NloMDWOD]OLI4;Z2[Q2eNgoM]O_OA^OKI78[2[Q2hNeoMWOW1CkM]2XQ2kNgoMROY1AkMb2UQ2lNhoMmNY2V2om1POVTNo0kk1ROTTNm0lk1UOSTNj0mk1XOSTNf0mk1[OSTNd0mk1^ORTN`0ok1AQTN>ok1CQTN<ok1FPTN9ok1IQTN6ok1KQTN4ok1MQTN3nk1NRTN1ok1OQTN0Pl10PTN0ok11RTNMok13QTNLPl13RTNLnk14RTNKok15TTNGlk1:XTNAik1?ZTN^Ofk1b0ZTN]Ogk1c0ZTN[Ogk1f0XTNYOik1g0gSNmM\\J\\1mQ2h0eSNoM[JY1QR2i0cSNRNVJV1XR2i0aSND`l1>]SNBdl1`0ZSN_Ogl1e0TSN\\Oll1g0QSNXOPm1i0oRNVORm1k0mRNTOTm1k0mRNTOTm1l0lRNROUm1o0lRNoNUm1P1mRNmNUm1Q1SPNaMN[1PP2Q1TPNeMOV1no1T1TPNgMNR1oo1V1TPNiMOn0no1Y1SPNjMOl0no1Y1TPNkMOj0no1Z1TPNlMNi0no1\\1TPNkMOg0no1^1SPNlMNf0oo1]1SPNnMOc0no1`1SPNnMNb0oo1`1SPNnMNb0oo1_1SPNQNM`0oo1`1TPNRNK>QP2`1TPNSNJ<RP2a1TPNUNI:SP2a1TPNVNI8RP2c1TPNWNI6SP2c1TPNYNG3UP2d1UPNZNE2VP2d1TPN]N`M\\O^1c0iNYO[Q2\\2nPN\\N_M]O_1b0gN\\O\\Q2X2PQN^N\\M^O`1`0gN^O\\Q2V2QQN_NZM^Ob1?eN@^Q2T2QQN_NZM^Oc1>cNB_Q2R2RQN_N[M]Ob1a0`NBaQ2Q2RQN_N]MZOb1c0ZNFfQ2n1QQN^N_MXOc1^1mo1k0SQN^NDe0Zo1m0RQN^NEd0Yo1m0SQN^NFd0Wo1n0SQN^NGb0Wo1P1SQN\\NIb0To1Q1TQN]NK?Qo1T1TQN]NM;Qo1X1QQN^NO8Qo1Z1PQN^N06Qo1\\1nPN`N02To1^1kPNaN10Uo1_1hPNcN2NWo1_1ePNfN3JYo1`1cPNhN3G[o1a1`PNjN5D\\o1b1_PNkN4B^o1c1]PNmN4@_o1c1\\PNoN3^Obo1c1[PNPO2]Oco1c1ZPNRO2ZOeo1d1YPNRO2YOfo1e1XPNSO1XOgo1e1XPNQO2ZOgo1d1XPNQO2[Ogo1c1WPNRO1[Oio1c1VPNQO2\\Oho1c1UPNQO3\\Oio1c1TPNQO3\\Ojo1b1SPNQO2_Oko1_1TPNQO1@mo1^1RPNROOBQP2Z1PPNSO0CYP2Q1hoM[O0CYP2Q1goM\\O2@YP2S1eoM\\OiMPOd1?oP2T1eoM\\OfMUOf19PQ2V1coM\\OfMYOf12RQ2Y1coM[OdM]Of1NSQ2Z1doMZOcM@f1IUQ2]1boMYObMBi1ETQ2`1boMWObMEj1_OTQ2e1aoMVO`MH[U2R1UmMUO`MJZU2Q1WmMTO_MKZU2Q1XmMRO^MN[U2o0WmMQO`M1XU2n0YmMoN`M3WU2n0ZmMmN`M5VU2m0[mMlNaM6UU2n0[mMjNaM8UU2l0[mMjNbM9TU23^jMGm2KbM;SU2LgjMKf2LaM=RU2JkjMJd2M`M>RU2InjMIb2N_M`0QU2HPkMHb3`0_Q2FdoM9]P2GcoM:\\P2FdoM:\\P2FdoM:\\P2GcoM:\\P2GcoM:\\P2GcoM:\\P2GPkMEd3f0ZQ2FPkMFe3e0ZQ2HmjMEh3e0YQ2IkjMCl3f0WQ2JijMBo3h0TQ2HjjMBQ4j0QQ2EljMBR4l0PQ2CljMCS4k0QQ2BijMFU4i0QQ28mnMJRQ28lnMI`MeNlQ2c1aPNK^MgNoQ2e2[oMhNbNeNRR2i2UoMeNfNcNVR2j2QoMdNfNeNXR2h2PoMfNeNcN[R2h2nnMfNRNYN0:QS2f2mnMhNnM_NN6R1AfP2S3ZPNhNnM[OQ1nNeP2m2]PNkNkM[OQ1QOeP2i2_PN=jNlLfP2f2`PN?hNnLhP2b2`PNa0eNPMjP2]2bPNe0mMfLN;cQ2X2dPNZ2\\o1dMePN]2[o1_MhPNb2Yo1ZMiPNg2Wo1VMkPNk2Uo1SMkPNo2Uo1oLkPNS3Uo1lLhPNX3Xo1fLhPN[3Zo1aLgPN`3Zo1ZLkPNg3Vo1TLmPNl3To1QLnPNn3Uo1oKlPNQ4Vo1mKjPNS4Yo1iKhPNV4[o1gKfPNY4]o1dKdPN[4TP2kJnoMT5hS2N1O2M3M3N2L4K5C=I7K5@`0L4L4M3@`0M3N2M4L3N2N2M3N2M3L5L3N2M3N2L5K5J6M4L7JTL]OPlM>PT2GnkM7QT2LPlM1oS23PlMKgR2FgjMa0d2DoS2=R41N10O2O1N2N2M4M3L\\RT1MimkN00O10\\d_14`Y`NO\\gM9_X2J^gM9`X2H`gM9^X2I`gM8`X2GcgM6^X2JdgM3]X2LggMO\\X20fgML]X22Q2O2N3NfbYP4"}, "iscrowd": 0, "area": 30197.0, "category_name": "TBD", "score": 0.42255938053131104}]}