{"images": [{"id": 0, "file_name": "images/000083.JPG", "width": 2448, "height": 3264}], "annotations": [{"id": 0, "image_id": 0, "bbox": [1115.0, 1480.0, 312.0, 257.0], "segmentation": {"size": [2448, 3264], "counts": "ZV`h21_\\21O0O2O1O0000001O000001O0000000O2O1O1O00]ig03ZVXOa0A7I8I6J6J5_Oa0M3M2O2N1N3N2M2N1O1N2N1O10001O001N101N2N1O2N2O001O0O2QOQM\\hMP3gV2lLRiMe0N`2lV2]NjhMh1SW2k1O2O010O0100O1O100O1O1O1O1O1O1O1O1N3N1N3L3K6J5M4L3O2M3M3N3M2M4M3M3L5L3M3M3M3M3M3M4L4L4mNUfMYOoY2b0VfMZOoY2`0XfMXOoY2c0R1K8GaYcb4"}, "iscrowd": 0, "area": 9431.0, "category_name": "TBD", "score": 0.8504259586334229}]}