{"images": [{"id": 0, "file_name": "images/000057.JPG", "width": 2448, "height": 3264}], "annotations": [{"id": 0, "image_id": 0, "bbox": [1104.0, 1026.0, 193.0, 124.0], "segmentation": {"size": [2448, 3264], "counts": "_R\\d27d[2JndM:nZ2JodM8oZ2KmdM83D\\Z27^eM72G]Z25]eM73G_Z2l0_eMVO_Z2m0^eMTOaZ2_1N1O1000000000^ObeMQO`Z2l0ceMSO]Z2l0eeMRO]Z2l0feMQO[Z2n0ieMnNYZ2P1e0N2N[OPOneMm0PZ2WOQfMMD;[Z2K_fM2`Y21bfMJ_Y27dfME\\Y2=Z12N2N2N2M4K5I7J6M3M2N4M5K5L>A2N1O1O00010O0100O1O3N4K7J7H3N1O000000000O01000000005L9G3M02M9G2N00000O00O1O1O1N2L5L3[OldMLV[21PeMKR[22ReMKQ[21WRo0IhnPO0O2N2N1O2N1N3L3H8K6N100mdMYO5JbY2n0WfM]O0JiY2i0UfMBJKPZ2b0TfM7mY2HPfM:RZ2EleM>TZ2o03O2M10O01N3M1O001O1O0000010O0102M6LO0O1O0`NgeMh0ZZ2SOkeMj0XZ2ROkeMm0WZ2oNmeMn0lZ2N2O1N2M4K8F:H]`Sd4"}, "iscrowd": 0, "area": 6579.0, "category_name": "TBD", "score": 0.42386963963508606}]}