{"images": [{"id": 0, "file_name": "images/000055.jpg", "width": 3024, "height": 4032}], "annotations": [{"id": 0, "image_id": 0, "bbox": [769.0, 574.0, 1136.0, 2920.0], "segmentation": {"size": [4032, 3024], "counts": "Y\\bP3?Xm3=B=_O?F;J5L3M4M2N3N1O1O1mXM[Mjb1f2V]NZMjb1e2W]N\\Mgb1e2X]N\\Mhb1d2X]N\\Mgb1e2X]N\\Mhb1c2Y]N]Mfb1d2Y]N]Mgb1c2Y]N]Mfb1d2Y]N^Mfb1b2Y]N_Mgb1`2Y]NaMgb1_2Y]NaMfb1`2Y]NaMgb1^2X]NdMhb1\\2W]NeMhb1\\2W]NeMib1[2W]NeMib1[2V]NfMjb1Y2W]NgMhb1Z2X]NfMhb1Z2W]NgMib1Y2W]NgMib1Y2V]NhMib1Y2W]NgMib1X2X]NhMhb1X2W]NiMhb1X2X]NhMhb1X2X]NhMhb1X2X]NhMhb1X2W]NiMhb1W2Y]NiMgb1W2Y]NiMgb1W2X]NjMgb1W2Y]NiMgb1V2Z]NjMfb1V2Y]NkMfb1V2Z]NjMfb1U2Z]NlMfb1T2Z]NlMeb1U2[]NkMeb1T2[]NmMeb1S2[]NmMeb1S2[]NmMdb1T2[]NmMeb1R2\\]NmMeb1S2[]NmMdb1T2[]NmMeb1S2[]NmMdb1S2]]NmMcb1S2\\]NnMdb1R2\\]NnMcb1S2]]NmMcb1R2^]NnMab1S2^]NnMbb1R2^]NnMab1R2`]NnM`b1R2_]NoMab1Q2_]NoM`b1R2`]NnM`b1Q2`]NPN`b1P2`]NPN_b1Q2`]NPN`b1P2`]NPN`b1o1`]NRN_b1o1a]NQN_b1o1`]NRN`b1m1a]NSN_b1m1`]NUN^b1l1b]NTN^b1k1b]NVN^b1j1b]NVN]b1k1b]NVN^b1i1b]NXN^b1h1b]NXN^b1h1a]NYN^b1g1c]NYN]b1g1b]N[N]b1e1c]N[N]b1d1c]N]N\\b1d1d]N\\N\\b1d1d]N\\N\\b1c1d]N^N\\b1b1d]N_NZb1b1f]N^NZb1a1f]N`NZb1`1f]N`NYb1a1g]N_NYb1`1g]NaNXb1`1h]NaNWb1_1i]NaNWb1^1i]NcNVb1^1j]NbNVb1^1j]NbNUb1^1k]NdNTb1\\1l]NdNTb1\\1l]NdNSb1\\1n]NeNQb1[1n]NfNQb1[1o]NfNPb1Y1Q^NgNna1Z1R^NfNna1Y1S^NhNka1Y1T^NhNla1X1T^NhNla1W1U^NiNja1X1V^NiNia1W1W^NiNha1W1X^NjNha1V1X^NkNga1U1Y^NkNfa1U1[^NkNea1U1[^NkNea1U1[^NlNca1T1^^NlNba1T1]^NmNca1S1]^NnNaa1R1`^NnN`a1R1`^NnN`a1Q1a^NoN^a1R1b^NoN]a1Q1c^NoN\\a1Q1d^NPO\\a1P1d^NPO\\a1P1d^NQOZa1o0g^NQOYa1o0g^NQOYa1o0g^NQOXa1o0i^NROVa1n0i^NSOVa1n0j^NROVa1m0k^NSOTa1n0l^NSOSa1l0n^NTORa1l0n^NTOQa1m0o^NTOPa1k0Q_NUOn`1l0Q_NUOo`1j0R_NWOl`1j0T_NVOl`1i0U_NWOj`1j0V_NVOj`1i0W_NXOg`1i0Y_NWOg`1h0Z_NXOe`1i0[_NXOd`1g0]_NYOb`1h0^_NXOb`1g0__NZO_`1g0a_NYO_`1f0b_NZO]`1g0c_NYO]`1g0c_NZO[`1f0f_NZOZ`1f0f_NZOY`1f0h_N[OW`1e0i_N[OV`1e0k_N[OU`1d0l_N]OR`1d0n_N\\OR`1c0P`N]On_1d0R`N\\On_1c0S`N^Ok_1b0V`N^Oj_1b0V`N^Oj_1a0W`N@g_1a0Y`N_Og_1`0Z`N@e_1a0[`N@d_1?]`NAc_1?^`NA`_1?a`NA__1?a`NA^_1?c`NB\\_1>d`NB[_1>f`NBZ_1>f`NBY_1?g`NBW_1>j`NBV_1>k`NAT_1?m`NBR_1>n`NBQ_1>PaNCo^1=QaNCn^1>RaNBn^1=SaNDk^1=UaNCk^1<WaNCh^1>XaNCg^1<ZaNDe^1=[aNDd^1;]aNEb^1<^aNDb^1;`aNE^^1<baND]^1<daNE[^1:faNFY^1;gaNEY^1:iaNFU^1;kaNEU^1:laNGR^1:naNFQ^1:QbNEo]1:RbNGl]1:TbNFl]19UbNHi]19WbNGi]18YbNGf]1:ZbNGe]18\\bNHd]18\\bNIb]17`bNH`]18`bNH_]18bbNI]]17cbNI\\]17fbNIY]17gbNIX]17ibNJV]16jbNJU]16mbNJR]16nbNJQ]16QcNJm\\17ScNIm\\16TcNKj\\16WcNIh\\17YcNJf\\16[cNId\\17]cNJa\\16acNI_\\17acNI^\\17dcNIZ\\18fcNHZ\\17hcNIV\\18jcNHU\\18lcNIS\\16ocNIP\\18PdNHP\\17RdNIl[18TdNHl[17VdNIh[18XdNHh[17YdNJe[16]dNIc[17]dNJa[16adNI_[17adNJ][16ddNJ\\[15fdNJY[17gdNJX[15idNKV[16kdNJS[16ndNJR[16ndNJQ[16QeNJnZ16ReNJmZ16UeNJiZ17WeNIiZ16YeNIfZ18ZeNIdZ17]eNIcZ17^eNI`Z17aeNI_Z16ceNI\\Z18deNIZZ17heNHXZ17ieNJUZ16leNJTZ16meNJQZ16PfNJPZ15QfNLmY14UfNKkY15UfNLiY14YfNKfY15[fNLcY15]fNKcY14_fNL_Y15afNK^Y15cfNK]Y14efNLYY15gfNKXY15jfNKTY15mfNKSY14nfNLQY15PgNKnX15SgNKlX15UgNKkX14VgNMhX14YgNKfX15[gNKeX14\\gNLcX14_gNL`X14`gNL_X14bgNL]X14dgNM[X13egNMZX13hgNLXX13igNNUX13kgNMTX13ngNMQX13ogNMPX13QhNNnW11ThNNkW13UhNNiW12YhNMfW13[hNNdW12]hNMbW13_hNN_W12bhNN^W12chNM\\W13ehNNYW13hhNLWW14jhNMUW12mhNMRW14nhNLRW13PiNLoV14RiNMlV14TiNLlV13ViNLiV14XiNLhV13ZiNMdV13]iNMcV13]iNMbV13`iNL`V13aiNM^V13diNMZV13giNMYV13giNMXV13jiNLVV13kiNMTV13niNMPV14PjNLPV13QjNMnU14SjNKmU14TjNLkU15VjNKhU15YjNKgU14[jNKdU16\\jNJcU16^jNKaU14ajNK^U16bjNJ]U16ejNJZU16fjNJYU16hjNJXU15jjNJUU17kjNJSU16ojNIQU17ojNIPU17RkNIlT18TkNHlT17UkNJiT16YkNIgT17YkNIfT17\\kNIbT18^kNHbT17_kNI`T17bkNI\\T18dkNH\\T17fkNHYT18hkNIWT16jkNJUT17lkNHST18nkNIQT16PlNJoS17QlNIoS16SlNIlS17UlNJiS16XlNJhS15YlNKfS16[lNIeS16\\lNKbS15_lNK`S15alNK_S15blNJ]S16dlNKZS16flNJZS15glNKXS15jlNJVS16jlNJUS16llNKRS15PmNJPS16PmNJoR16RmNJmR16UmNIkR17UmNJiR16YmNIfR18ZmNHfR17[mNIdR17^mNHaR19_mNH_R18bmNH]R18emNG[R19emNGZR19hmNGVR19kmNGUR18lmNHSR19nmNGPR19QnNGoQ18SnNGlQ19UnNHiQ19WnNGiQ18YnNGfQ19[nNHcQ19]nNGcQ18_nNG`Q19anNG_Q18cnNH[Q19enNGZQ19gnNGXQ19jnNGUQ18lnNHSQ18nnNHQQ18PoNInP17ToNHkP18VoNHiP19WoNGiP18YoNHeP18\\oNHcP18^oNHaP18`oNH_P18coNG]P18doNIZP17goNIXP18hoNHXP17joNHUP18loNIRP17ooNIQP17ooNIPP17RPOImo06TPOJko06VPOJio07XPOIgo06ZPOJeo06\\POJdo05^POK`o06`POJ_o06bPOJ^o05dPOKZo06fPOJZo05gPOKXo05jPOJUo07kPOJSo06oPOIQo06PQOJon06SQOJkn06VQOJjn06VQOJin06YQOIfn07[QOJcn06_QOIan06`QOJ_n06bQOK\\n05fQOJZn06fQOJYn06iQOIVn07kQOJTn05nQOJQn06PROJom07QROIom06RROJmm06UROIjm07WROJhm05YROKfm06ZROJem06]ROIbm07_ROI`m07aROJ]m07cROI]m06eROIZm07gROIXm07iROJUm07lROHSm08nROHQm08PSOInl08SSOGml08TSOIjl07XSOHgl08ZSOIdl07^SOHal09_SOH`l07bSOH]l08dSOH[l08gSOHWl08jSOHVl07kSOJSl06oSOIPl07QTOJnk05TTOJkk07UTOJik06XTOJhk05ZTOKdk05]TOKbk05`TOK_k05aTOK^k05cTOL[k04gTOKYk04hTOLWk05iTOLUk04mTOKSk04nTOMPk03QUOMnj03TUOMkj02VUONij03WUONhj01ZUONej02\\UONcj03]UONbj01`UON_j02bUON]j02eUONZj02fUONYj02hUOOVj01lUONTj01mUOORj01oUO0Pj00QVOOni01SVO0ki00WVOOii00XVO0gi00ZVO1di0O^VO0ai00`VO0`i0ObVO1\\i0OeVO1Zi0OhVO1Wi0NjVO2Ui0NmVO1Ri0OoVO2oh0NSWO1lh0OUWO1kh0NVWO3hh0MZWO2eh0O[WO1dh0O^WO1`h0OaWO1^h0OdWO0[h00fWO1Xh0OiWO1Vh0OlWO1Rh0OoWO1Qh0NQXO1ng0OSXO2kg0NWXO1hg0OYXO2fg0M[XO3dg0M^XO2ag0N`XO3_g0MbXO2]g0NdXO2[g0NfXO3Xg0MjXO2Vg0MkXO3Tg0MmXO4Qg0LQYO3nf0MSYO4kf0LWYO3hf0MYYO4ef0L]YO3bf0M_YO4_f0MaYO4]f0LeYO3[f0LfYO5Xf0KjYO4Uf0LlYO5Sf0JoYO5Pf0KQZO6me0JUZO5ke0KUZO6ie0JYZO5fe0K\\ZO5ce0J^ZO6ae0JaZO5^e0KcZO6[e0JgZO5Xe0KjZO5Te0KmZO5Se0IP[O7nd0IS[O7ld0IV[O7hd0IY[O7gd0H[[O8cd0H^[O8ad0Ha[O8]d0Hd[O8\\d0Gf[O9Xd0Gi[O9Vd0Gl[O9Rd0Go[O9Pd0GR\\O9kc0HV\\O8ic0IX\\O7fc0I[\\O7dc0I^\\O7_c0Jb\\O6]c0Je\\O5Zc0Kg\\O6Wc0Jk\\O5Tc0Km\\O6Qc0JQ]O5nb0KS]O6kb0JW]O5hb0KY]O5fb0K\\]O5bb0J`]O6_b0Jc]O6[b0Jf]O6Yb0Ji]O6Ub0Jl]O6Sb0IP^O6Pb0IQ^O8ma0GU^O9ja0GX^O9fa0F\\^O:da0E^^O;`a0Ea^O;^a0De^O<Ya0Di^O<Va0Ck^O=Ta0Cn^O=Pa0BR_O?l`0AV_O>i`0BX_O?f`0A\\_O?b`0A`_O>_`0Bb_O?\\`0Af_O?X`0@j_O`0V`0_Ol_Oa0Q`0@P@`0o?@S@`0k?@W@?i?@X@a0f?^O]@a0b?@^@`0a?@a@`0]?@d@`0[?@g@`0W?@j@`0U?@m@`0Q?@PA`0P?_ORAa0l>^OVAb0i>^OYAb0e>^O]Aa0b>_O_Ab0_>]OdAb0[>^OfAc0X>\\OkAc0T>]OnAc0P>]ORBc0k=^OVBb0i=^OYBb0d=_O]Ba0b=_O`Ba0]=@eB`0X=AiB?U=AnB?P=ARC>l<CUC>i<BYC>d<C]C>a<AbC>]<BeC>Y<BhC?V<AlC?R<BoC=P<CRD=l;CUD>i;AZD?d;A^D?_;BbD>];BeD>Y;BiD>U;AmD?R;APE?m:BUE>i:BXE>g:B[E>c:A`E>_:BbE?\\:AfE?X:AjE>U:BlE?R:APF>o9BSF>k9BVF?i9_OZF`0e9@]F`0a9_OaFb0]9^OeFa0Z9^OhFc0V9]OlFc0R9\\OQGd0m8\\OTGe0j8ZOYGe0f8[O\\Ge0a8[ObGe0\\8[OfGe0X8ZOjGg0S8ZOoGe0P8ZOSHf0j7[OXHe0f7ZO\\Hg0a7YObHf0]7ZOeHf0X7YOlHf0S7YOoHh0n6XOUIg0j6XOYIh0e6XO\\Ii0a6WObIh0]6XOdIi0Y6WOjIh0T6XOnIi0P6WORJi0k5WOXJh0f5XO\\Ji0a5VOcJj0Z5VOiJi0U5WOmJj0P5VOSKj0j4WOXKi0e4WO]Ki0a4XOaKh0\\4YOfKg0W4YOlKf0Q4\\OPLe0m3\\OULd0g3^O[Lb0b3_O`L`0]3BdL?Y3BiL>T3CnL=o2CSM=l2BWM>f2B]M>`2AcM`0Z2@iM`0U2_OnMa0o1_OTNa0i1_OYNb0d1_O^N`0a1_ObNa0[1_OhNa0T1_OPOa0m0_OUOb0g0^O]Ob0?_OD`08AL?0B2?JB9=CF?:]OGe0:VOHm08oNIT16iNKZ15aNMa14ZNNi12RN0Q20jM2Y2NbM4a2L[M5h2JTM8o2HmL9V3GeL;^3E]L=f3CVL>m3BnK?V4AeKa0^4_O[Kd0i4\\ORKf0Q5ZOkJg0X5YOdJh0_5XO\\Jj0f5WOVJj0m5VOnIl0U6TOfIm0^6SO]Io0f6QOVIP1l6QOPIP1S7POjHo0Z7QObHP1a7PO\\Ho0h7POTHo0R8QOiGo0\\8QO`Gn0d8SOWGm0n8SOlFP1W9POaFT1c9kNWFX1m9hNoEX1U:hNfEY1^:gN\\EZ1h:gNSEY1R;gNhD[1\\;eN^D\\1g;dNRD]1T<cNdC`1a<`NWCc1n<]NeBk1`=UNXBm1n=SNlAm1Z>SN`Am1f>SNUAl1Q?TNi@l1]?TN[@n1j?SNe_OX2a`0hMX_OZ2m`0fMl^O\\2Ya0dMR^Ol2Sb0TMg]Ok2`b0UM[]Ok2jb0UMn\\On2Wc0RMT\\O^3Qd0bLf[Ob3_d0^LX[Of3md0ZLiZOi3^e0VL^ZOi3he0WLSZOi3Rf0WLhYOi3^f0WLZYOl3kf0TLmXOo3Xg0QL^XOU4fg0kKmWO]4Xh0cK`WO`4eh0`KTWOb4Qi0^KhVOd4]i0\\K^VOd4hi0[KRVOZ3_k0fL[TOX3mk0hLmSOW3Zl0iL_SOm2Rm0TMgROb2im0^MQROX2`n0gMZQOW2nn0iMlPOX2Yo0hM_POZ2go0fMQPOZ2WP1fMcoNX2eP1hMUoNW2RQ1iMinNV2]Q1jM]nNW2hQ1iMQnNX2UR1hMfmNW2`R1iMZmNU2nR1kMilNV2_S1jMZlNV2mS1kMmkNS2ZT1mM`kNP2jT1oMQkNm1XU1TNbjNl1cU1TNYjNk1lU1UNoiNl1UV1UNeiNk1`V1UN[iNk1jV1VNPiNi1WW1VNdhNj1aW1VN[hNh1kW1YNogNg1VX1YNfgNf1`X1YN[gNg1jX1ZNQgNe1TY1[NhfNd1]Y1\\N_fNd1fY1[NVfNd1oY1\\NleNd1YZ1]N`eNc1fZ1]NVeNa1Q[1^NjdNa1\\[1_N`dN_1f[1aNVdN^1o[1bNlcN]1Z\\1dNacN[1d\\1eNXcN[1l\\1eNPcNZ1V]1eNfbN[1^]1eN_bNZ1e]1fNWbNZ1m]1fNPbNY1T^1gNhaNY1]^1fN`aNY1d^1gNYaNY1j^1gNRaNY1R_1gNk`NX1Y_1hNc`NY1`_1gN]`NY1f_1gNW`NX1m_1iNo_NW1T`1iNi_NW1[`1hNa_NY1b`1gN[_NY1i`1fNT_NZ1o`1fNn^NY1Va1hNe^NY1_a1fN^^NY1fa1gNV^NY1na1gNo]NX1Vb1gNg]NX1]b1hN_]NW1fb1jNV]NT1Pc1kNl\\NU1Xc1kNe\\NT1_c1mN]\\NR1hc1mNT\\NS1Pd1mNm[NS1Vd1nNe[NR1_d1nN][NR1hd1mNT[NS1Pe1mNlZNT1Xe1lNbZNU1be1kNZZNV1je1jNQZNW1Rf1iNkYNW1Yf1iNbYNX1af1hN[YNX1jf1hNQYNY1Rg1hNiXNY1[g1gNaXNX1cg1hNZXNX1jg1hNRXNX1Qh1hNlWNX1Xh1hNeWNW1^h1iN_WNW1dh1jNXWNV1lh1iNQWNW1Ri1jNiVNX1Zi1gNcVNY1`i1gN]VNY1gi1gNTVNZ1oi1fNnUNZ1Uj1fNhUNY1]j1gN_UNY1dj1gNXUNX1mj1hNPUNW1Uk1iNgTNW1\\k1iNaTNW1bk1jNZTNU1kk1kNPTNV1Sl1jNjSNU1[l1kNaSNU1bl1kNZSNU1jl1lNRSNT1Qm1lNkRNU1Xm1lNdRNT1`m1kN\\RNV1gm1kNURNU1nm1kNnQNV1Un1kNgQNU1]n1kN_QNU1dn1kNYQNU1kn1kNQQNU1Ro1kNkPNU1Yo1kNcPNU1`o1kN]PNU1go1kNVPNT1no1kNooMU1UP2kNgoMU1\\P2kNaoMU1cP2kNZoMS1jP2nNRoMR1RQ2nNjnMR1YQ2oNcnMQ1`Q2PO\\nMP1gQ2QOTnMP1PR2POkmMQ1XR2POcmMQ1`R2oN]mMR1eR2nNWmMS1mR2mNPmMR1SS2nNjlMS1YS2mNclMS1aS2lN\\lMT1hS2lNTlMT1PT2kNmkMU1XT2jNdkMW1_T2iN]kMW1hT2iNRkMX1RU2iNhjMX1[U2iNajMW1cU2jNWjMW1mU2iNniMX1VV2hNeiMY1_V2gN]iMY1fV2hNUiMY1oV2gNmhMY1WW2gNehMY1_W2gN\\hMZ1iW2dNShM]1QX2cNkgM]1ZX2bNagM_1dX2`NWgMb1lX2_NofMa1UY2_NffMb1^Y2^N]fMc1gY2^NSfMc1QZ2]NjeMd1ZZ2\\NaeMe1bZ2\\NYeMe1kZ2[NQeMf1R[2ZNidMg1[[2YNadMg1c[2YNYdMg1k[2YNQdMg1T\\2WNicMi1[\\2WN`cMj1e\\2VNVcMj1o\\2UNlbMl1X]2UNbbMm1a]2TNYbMm1k]2TNoaMn1T^2RNgaMo1]^2QN^aMQ2e^2oMWaMQ2l^2PNo`MR2U_2mMf`MT2^_2lM]`MV2g_2iMU`MW2P`2hMk_MY2Y`2hMa_MY2d`2fMX_MY2n`2gMl^MZ2Ya2fMa^M[2ea2dMU^M\\2Qb2dMi]M]2\\b2cM^]M]2hb2dMQ]M]2Sc2cMg\\M_2^c2aM\\\\M_2ic2bMQ\\M_2Td2aMf[M`2^d2`M][Ma2gd2`MS[Ma2Qe2`MjZM`2Ze2aM_ZMa2fe2`MSZMa2Qf2`MhYMb2\\f2_M]YMc2gf2^MRYMd2Rg2]MfXMf2^g2\\MYXMg2kg2[MlWMh2Yh2YM^WMj2gh2YMnVMj2Vi2XMbVMi2di2WMVVMj2oi2VMkUMk2Zj2UM`UMl2fj2SMTUMn2Rk2RMgTMo2^k2RM[TMo2kk2RMmSMo2Yl2QM_SMQ3fl2UMmRMm2Ym2UM]RMm2jm2SMmQMo2Yn2RM]QMQ3hn2PMPQMQ3Wo2oL`PMT3fo2lLQPMV3VP3jLaoLY3eP3gLSoL[3RQ3hLcnL[3cQ3fLTnL[3RR3gLdmL\\3bR3eLSmL_3RS3bLdlLa3bS3`LVlL`3TT3^LckLd3iT3YLljLi3\\U3WLZjLk3mU3WLfiLm3`V3XLohLn3WW3\\LRhLl3TX3^LRgLk3VY3ZLTfLo3SZ3cLldLe3\\[3[77I8G9H7I7I7I7J5I8G8G9G:G9F>B>B<E:F8H8H8H8H9F<C>C`0@?A=B>@b0]Og0YOf0[O`0]Od0YOl0hNm1^NndXY4"}, "iscrowd": 0, "area": 203472.0, "category_name": "TBD", "score": 0.9492182731628418}]}