{"images": [{"id": 0, "file_name": "images/2209zzqPlataxPinnatusPilarMeca.jpg", "width": 1290, "height": 730}], "annotations": [{"id": 0, "image_id": 0, "category_id": 0, "bbox": [573.0, 102.0, 401.0, 556.0], "area": 222956.0, "iscrowd": 0, "segmentation": {"size": [730, 1290], "counts": "hmh<d0Rf0i0YO8H5J5K5M3L4L7I4L4M2M3N2M3M3M3M3M2N3M3M3N2M2O2M3M2N2N3M2N2N3L3O1N2N2O1N2O1N2N2N2N2O1N2N2O1M3O1N2O1N2N2PMTLnBP4f<QM]BW3^=U3L4M3M3N2M3N2M3M3N2N2M3L4M3N2N2N2M3N2N2M4M2M3N2O1N2N3M2N2O1O1N2N2N3N1O1N2O1O2N1N3N2M3M3N2N2N2M4M3M2N2N2N1O2N3M2N2N3M2N2N2N2N2N2N2N2N2N2NeNYGfDe8Z;\\GgDb8Z;_GfD_8Z;bGfD]8[;cGeD\\8[;eGfDZ8Z;gGeDX8[;iGfDU8[;kGeDT8\\;mGdDQ8];oGdDP8\\;QHdDm7];SHdDk7\\;VHdDi7];WHdDg7\\;ZHeDd7\\;\\HeDc7[;]HeDb7\\;^HeD`7[;bHeD]7[;cHfD[7[;eHeD[7[;eHfDY7Z;hHgDW7Y;iHhDV7X;iHiDV7W;kHjDT7V;mHjDR7V;nHjDR7V;oHjDo6W;QIjDn6V;SIjDl6V;TIjDl6V;TIjDl6V;TIkDj6V;WIjDh6V;XIjDh6V;YIjDf6V;[IjDd6V;]IjDa6W;`IiD_6W;cIhD\\6Y;dIfD\\6Z;dIgD[6Y;fIfDZ6Z;fIgDY6Y;hIgDV6Z;kIfDT6Z;mIeDS6[;oIdDP6];PJcDo5];SJbDl5_;TJ`Dl5`;TJaDk5`;UJ_Dk5a;VJ_Di5a;XJ_Dg5b;YJ]Dg5c;YJ^Df5c;ZJ]De5d;[J[De5e;\\J[Db5g;]JYDc5h;]JXDb5i;]JWDc5j;\\JVDd5l;[JTDd5m;[JSDe5o;ZJQDe5P<ZJQDe5P<ZJPDf5Q<ZJoCe5R<ZJnCf5R<ZJoCe5R<[JmCe5T<ZJmCe5U<ZJjCf5W<YJjCf5W<ZJhCf5X<\\JfCd5[<]JdCb5^<aJ]C_5d<bJZC_5f<aJZC^5g<bJXC^5i<bJVC^5k<aJUC_5l<aJTC^5m<bJRC_5n<aJQC_5o<bJ_BnNN`6d=aJ[BWOLX6i=bJWBZO0T6i=YKWBg4j=YKUBg4l=YKSBg4n=XKRBi4n=WKRBh4o=WKQBi4o=XKPBi4P>WKPBh4Q>XKnAh4S>WKmAi4T>VKmAj4R>WKmAi4T>WKlAi4S>XKlAh4U>WKkAj4T>WKkAi4V>VKkAj4T>VKlAj4T>VKlAj4U>UKkAl4T>UKkAk4V>TKjAm4V>SKiAm4W>SKiAn4W>RKhAn4Y>QKfAQ5Y>i100WFfGQ5Z8eJdHg4\\7oJ\\Ib4d6XKhIc4X6TKXJe4h5RKhJf4Y5RKTKi4l4QK]Kl4c4oJfKl4[4oJlKo4U4kJTLP5n3kJYL_N[Kh5]8cKXM\\4j2^KZMc4g2VK^Mk4c2mJcMS5`2dJeM^5`2XJdMi5_2kIhMV6]92O1N2O0O2O1N2O0O2O0O2O1OlJY@U3f?kL\\@U3c?kL_@S3a?nL`@Q3_?oLb@Q3\\?PMe@P3Z?PMg@P3X?PMi@o2W?QMk@n2T?RMn@m2P?TMQAl2n>TMSAl2m>SMTAm2k>SMVAm2j>RMWAn2i>QMYAn2f>RM[Am2f>bLm@iN?e4d>ULXBk3g=SL]Bl3c=QLbBl3^=SLdBm3[=RLhBm3X=QLjBo3U=oKnBQ4R=eKd@N_2\\4m<aK^C`4^?0100O100000O01000O0100O100O1O1N2O1O1O000O2O001N2O1O1N2O2M2OO01O100O2N1O011N1O1O1O2N1O1O1O1O1O1O1N2O1O1O1O1O100O100O10O0100O00100O1O1O1O1O2N1O1N2O1O2M2O1N2O2M2N1O2N3M2O1N2N3N1O2M2O1O2M3N2N:E4M2M3ZO\\ZO1Zf0JndP7"}}]}