{"images": [{"id": 0, "file_name": "images/27vwelf5.jpg", "width": 1290, "height": 730}], "annotations": [{"id": 0, "image_id": 0, "category_id": 0, "bbox": [294.0, 51.0, 716.0, 665.0], "area": 476140.0, "iscrowd": 0, "segmentation": {"size": [730, 1290], "counts": "_ja6?Yf09G8I5K5L2M3M2O3L4L3M3M3M3L4M2M4M3L4M2L5M2N2N2M3O1N2N2N2N3M2N2O1N2N3M2N2O1N2O1N2N2N1O2N2O3L4LlLU^O\\1ja0cN]^OW1ba0iNc^OT1[a0mNg^OR1Wa0oNj^OQ1Ua0nNn^OQ1Pa0POT_Ol0l`0SOd_O?Z`0Bn_O7P`0IT@5j?LX@4e?L^@3`?Na@2]?Ne@2Z?Ng@2W?Oj@1T?On@2P?NPA3n>NSA2k>NWA2h>NXA2g>N[A2c>O]A2a>O_A2`>MbA3\\>NdA3l2lN]5Q1iG3g2oN^5o0kG3d2QO_5l0oG3_2TO`5j0QH3]2UO`5h0TH3[2VO`5g0WH3W2XO`5e0ZH4T2XOa5d0\\H5Q2YOa5c0_H4n1[Oa5a0bH5l1[O`5a0eH4i1\\Oa5`0gH4g1^O`5?jH3b0XNbL0b0W1`9>jH4>dNSMn0c9:nH3;gNPMo0g96oH58hNoLo0i95QI44lNnLn0k92TI5OoNoLm0l90WI4Ko0l6mN[I3HR1k6kN_I3DT1k6jNbI1BV1k6iNeI1^OX1k6gNhI1]OX1j6gNkI1ZOY1i6gNnI0XOh0ZMjM_9^1QJ0UOf0^MlMZ9^1UJOSOg0_MlMW9_1WJOROe0aMkNW8a0XKOnNf0dMlN6jNU7e1TLOjNj0eMkN4kNV7b1XLNfNm0gMkNNoNY7[1^LMcNP1gMBV7@aLO`NP1iMCS7^OfLO\\NP1mMCo6^OiLO[Nn0oMFl6]OkLOYNn0QNHg6[OPMOWNn0TNIb6ZOUMOSNo0VNJ_6YOXMNRNP1WNK\\6WO]MNnMQ1XNL[6UO`MNlMR1WNN[6SOcMMiMS1WN1Z6oNgMMhMS1VN3Z6mNiMMfMS1VN5Y6kNlMNcMS1XN4X6kNoMN`MS1XN6W6iNRNO^Md0XNiM0l2X6gNSN0]Mc0ZNfMOS3U6eNVNO[Mc0\\NdMMX3T6bNYNOZMc0\\NT1Q6YNZN1XMb0^NS1o5ZN]N0VMd0^NR1n5ZN^N0VMd0_NQ1l5[NaN0RMe0dNm0h5^NdNOPMf0jNg0a5eNeNOoLe0lNg0^5eNiNOlLf0lNf0_5dNjN1jLVO^N8?m1^5eNlNOiLWO_N8=n1]5dNoN0gLUOaN;:l1^5dNQO1eLTObN<89IQO3Bc5c1TO0cLTOcN=756jNIL`5d1TO1bLROeN?53<eNG2[5d1XO1_LQOgN`033`0cND5Z5a1[O3]LPOiNa002b0dND5W5a1_O3ZLPOjNa000d0gNB3W5a1@4YLoNlNb0MNg0jN@2U5a1D4WLmNmNd0KNj0jN]O2U5b1E3WLmNnNd0HOk0kN]O1T5a1I3TLlNPO[2a0\\MVOI[5b1J2TLlNPO[2`0_MUOF]5a1L2RLmNPO[2?aMUOD]5b1N1PLmNQO[2?oMb4f003nKlNRO\\2=QNa4d043kKlNSO\\2<SNa4a073iKlNTO5FS1e0]O[4;?5fKkNUO4Hg0KdNh0X1X4:c03eKkNVO5Hf0MbNd0]1W48f04cKjNWO4Jf0LbNc0_1U48i03bKjNVO5Je0NaNa0a1V46j04aKkNUO4Ld0MbN`0c1U44n04^KlNTO4Ob0LcN?d1U44P13\\KmNTO30b0LcN>f1T42S13\\KmNRO32a0KeN<f1U41V13YKmNTO21a0LfN;g1S40Y13YKmNRO14a0JgN:h1R4O^13UKmNTO03b0JgN:h1Q4Oa12TKmNTO04a0HiN9j1P4Md13SKkNTO15`0GjN9j1o3Nf11QKmNUO14`0GjN8k1o3Lj10oJoNTO06?FkN8l1l3Ln10mJnNUO15>HjN6o1k3KQ2OkJnNVO15>HkN5o1j3JU2NiJoNVO25<HmN3P2j3GY20fJnNWO25<ImN1P2k3F[21cJnNYO14=KkNNS2j3F_2OaJoNYO14=LkNLT2i3Eb20_JnN[O03>LkNKU2j3Cd20^JnNZO12?MkNHV2l3Af20^JnNXO22>NlNDY2o3]Oh20]JnNWO32=O]1b3UOk2O[JPOVO31>0\\1b3SOm21YJoNWO31>0\\1b3SOn20YJPOVO21?0]1a3QOQ30WJQOVO30>1]1a3POS31UJoNWO5O>1^1`3nNV31SJPOXO4O>18F_Oi3e0W33RJnNXO6N<38I^Od3f0Z33PJPOWO5O=18K^Ob3f0\\33oIoNXO6N<28L]Oa3f0^33nIPOVO7N=060^O_3d0`34mIQOUO7N>N53^O^3c0b34lIQOTO7Oa0K27^O\\3b0e34kIQOTO7Nc0I1:^OZ3b0h34iIQOSO70?L47_OX3b0i34iIQOTO6O?M57@U3`0m34hIROSO5O?O55BT3?n35gIQOUO4O>O75CP3>S44eIROVO3O>N85En2<V44cISOVO3O=O77Fk2<W44dIROUO5N=N79Fi2;[44aISOUO6M;07:Eh2<\\43`IUOTO5N;07;Ef2<^42`IVOSO4N=O6<Ee2<`43^IUOTO5M<06=Dd2<b43]IUOSO6N:08<Eb2<d42^IUORO5N;08=Da2=e42\\IUOSO5N;07?D^2>g42[IUOTO4N;O8?D^2>h41[IVORO4O<N7`0E]2=j40ZIXOQO4O;M9b0C]2<k41ZIXOoN5O:M:c0B\\2=m40XIYOPO4N;L:e0A\\2<o40WIYOoN5NR2b0TNZ2;R50VIZOnN4NS2b0TNZ2;S5OVIZOmN6MQ2d0UNX2;V5NUI[OlN5NQ2d0UNW2<V5NVIZOkN60o1b0XNV2:Y5NTI[OkN60o1c0WNT2<Z5MUI[OiN62n1c0WNS2=[5LXHfN7f0^O62n1c0WNS2=[5MSHkN:`0A51o1d0VNQ2?]5MlGPO>;B42o1e0UNP2`0^5e0VHcNE42o1g0SNn1a0_5j0PH`NK22o1g0SNl1c0a5o1kG\\M1n1j0RNi1KWMM\\8k2kG[MOP2k0QNg1MYMK[8_2eGUM7b0NQ2k0QNg1LZMK\\8`2bGUM8b0NQ2l0PNf1MZMK[8m2kGZMNQ2m0oMe1M[MLZ8n2jGZMNP2o0nMc1O[MK[8P3iGXMOP2o0nMc1N\\MLZ8Q3hGWM0P2P1mMb1N]MMX8T3gGUM1n1S1mM`1N^MMS8]4lGkMT1lM^10_MLg7i4XH_MV1jM\\11`MMe7j4ZH]MW1iMZ13`MLe7m4YH[MY1hMY13aMMd7m4YHgKJ<b1nNU16bMLd7m4YHgKJ<b1nNU15cMLd7o4WHfKK<c1mNT16bMMe7o4UHfKM;c1mNS17cMLe7o4UHfKM;d1lNR17dMLe7Q5SHeKN:e1mNP18eMJf7R5RHdKO;e1lNo08fMKd7S5THbK0:c1nNo08fMJd7U5THaK18c1oNo08fMKb7V5VH_K18b1POo08fMKb7V5VH_K18b1POo08eMLb7V5VH_K26c1QOm08gMLa7`6WH[Jd1QOm08gML`7a6WH[Je1POm08fMLb7c6THYJf1QOn06gMM`7Q8lIlGm05hMN_7e6THVJh1ROl06jML]7d6YHWJd1SOl05kMM[7e6ZHUJe1TOk05kML\\7e6ZHVJd1SOl05kMMZ7f6\\HTJb1UOm04kMMY7g6]HSJb1UOl05lMLX7h6]HRJd1UOk05lMLW7i6^HPJe1VOj04mMLU7m6^HmIf1VOj04mMLT7n6_HkIg1WOi04mMLS7o6`HiIh1XOh03nMLR7Q7`HhIh1WOh04oMLP7R7aHgIh1WOh04oMLo6T7aHeIh1XOi02QNKm6W7aHcIi1YOh02QNKl6`8[JcGh02RNIk6c8[JbGh01SNJi6d8\\J`Gi02SNHh6g8[J`Gj01SNGh6i8[J_Gj01TNDh6l8[J_Gi00h5a8`I_Gg01h5`8bI_Gf00h5b8bI^Gf00h5a8cI^Gf01f5b8dI]Gf01e5b8eI^Gg0Oc5d8fI]Gg0Oa5e8iI\\Gf0O_5f8lI[Gf0M[5k8PJWGg0MT5P9VJSGf0MQ5R9YJRGg0Kn4T9\\JQGf0Km4U9]JoFh0Kk4U9^JPGg0Kk4T9_JQGg0Ki4S9aJQGg0Li4Q9aJSGh0Jg4S9aJSGj0Gf4U9aJSGd8n8\\GRGd8m8\\GSGe8l8\\GTGc8m8]GSGc8m8]GSGc8m8]GRGc8o8]GQGc8o8]GQGc8P9\\GPGc8Q9]GoFc8Q9\\GPGd8Q9[GnFe8S9[GmFe8S9[GmFd8T9\\GlFd8U9[GkFe8U9[GjFf8V9ZGjFf8V9ZGjFe8W9ZGjFf8V9ZGiFf8X9ZGhFe8Z9ZGfFd8\\9\\GdFb8^9^GbF`8`9`G_F_8c9aG]F]8e9cGZF\\8h9dGXFZ8j9fGVFY8k9hGSFX8n9iGQFU8Q:lGmET8U:W2100O100O100O100O1O100O1O100O1N2O1L4[Oe0J6K5G9G9G9C=J6K5I7J6I7PLVBgNR>Z1QB]NU>Y4k0[No@_J2Eg?i5P12N:F8H<D5K9G8H<D:F;E8H7J;D<D7I:F7IWGhC]7k;cHVDh7^;XHbDn7X;QHjDR8R;nGnD`8d:`G\\Eh8\\:XGdEj8Y:WGhEi8W:WGiEj8V:UGkEl8T:TGmEl8R:TGnEm8Q:SGoEm8P:TGQFl8n9TGRFl8n9TGRFl8n9TGRFm8m9SGSFm8m9SGTFl8l9TGTFm8k9SGUFm8k9SGUFn8i9SGWFm8i9SGXFm8g9SGYFn8f9RGZFo8e9QG[FQ9c9oF]FS9a9mF`FT9^9lFbFV9\\9jFdFX9Z9hFfFZ9Y9eFgF]9W9cFiF_9V9`FjFb9T9^FlFb9U9]FkFd9V9ZFjFg9V9XFjFh9W9WFiFj9W9UFjFj9W9UFiFl9V9TFjFl9W9SFiFn9W9RFiFm9X9_E]FG;k:W9^E^FG;k:X9]E]FH;k:X9]E]FH<k:W9\\E]FI<k:W9\\E]FI<k:X9[E\\FJ<l:W9ZE]FJ<l:X9lEhFU:W9kEiFh1EY5]8gGdHX1ZOg1GY5`9PIiFf1HZ5`9oHhFf1I\\5^9nHiFe1J]5]9nHiFd1K^5\\9[H]FL<Z2Ka5[9YH^FL<Y2Lc5Y9WH`FM<W2Lf5W9UHbFO:U2Mk5T9QHeFO:U2MR6m8iGmF09U2MV6i8eGQG09T2NY6g8bGRG19T2N[6e8_GUG28T2N\\6d8^GVG28T2O\\6c8]GVG38T2O]6b8[GXG47T2O^6a8ZGYG47T2OVNFZ7k8WHYG57S20VNG[7_6mGbK:QN57S21UNH[7Z6QHdK7RN66S21TNI\\7Y6oGfK7RN75S22SNI]7V6PHhK6RN75S22RNJ`7R6oGkK5RN75S23QNIb7P6nGnK5QN75S23QNJb7n5nGPL4PN85S24PNId7l5mGSL4oM85S24oMKe7h5nGUL3oM85S24oMKf7f5nGWL2oM85S25nMJh7d5nGYL1oM85S25mMLj7`5mG[L1oM76T25lMKl7^5lG_LOnM95U24kMMl7\\5lG`LOnM86V24iMMo7Z5kGaLOnM77W23iMNo7X5kGbLOnM68X23hMMQ8W5iGdL0mM68X23hMMR8U5iGfLOmM4:[20gMNR8U5iGfLOmM4:[21gMMR8T5hGiLOkM4;\\20gMMS8S5gGjLNlM4;^2NfMNS8S5gGjLNlM4;^2OeMNT8P5gGmLNkM3<_2OdMMU8P5gGmLNkM2=`2OcMLW8n4gGoLMlM0=b2NcMMV8m4hGPMKlM1=c2NbMLX8k4hGRMJlM0>e2M`MMX8j4hGSMKkM0>e2M`MMX8j4hGSMKlMN>g2L`MMY8i4gGTMJnMN=h2K_MNY8e3^GiL:^1ImNg2YO_MNY8d3`GiL7`1ImNh2YO^MNY8c3aGiL7a1GmNj2YO^MLY8e3_GiL9o2c2gL[MMY8g4iGeNc2gL[MNX8f4jGeNc2hLZMMY8f4iGfNe2fLYMNZ8d4iGhNd2fLYMNd8Z4_GROe2fLXMNe8X4]GUOf2eLYMMd8Y4]GUOf2fLXMLe8Y4]GTOh2gLVMLc8o1\\GA2n1i2hLTMKc8l1aGCNo1j2bMf5k0dGDKP2l2aMd5OdGjN4e1HQ2m2bMa5MPH^NOR2CQ2n2aM`5NeH`0mNQ2n2bM^5MhHa0jNP2R3aM\\5NhHb0iNo1S3aM[5OiHh4n1YKW50kHg4n1YKW5OkHe0kNd1T3iMT5OmH>QOi1P3iMQ51nH;TOi1n2lMn40QI;TOg1n2nMm40QI:UOg1o2oMi40TI9UOg1o2PNh40TI9UOf1Q3PNe42UI7VOf1Q3RNb42WI6VOe1S3RN`42XI6UOf1T3SN]42ZI4VOf1U3SN[43ZI3WOg1T3TNY42]I3VOf1V3TNW43\\I3XOf1U3UNU43^I2XOe1W3UNS43_I2XOZO[OU1l3]OP43aI1WO[O\\OS1n3]Om35bI0WOe1Z3WNk34eI0VOd1\\3XNh34eI0XOd1[3XNg34gI0WOc1]3YNc35iINXO\\OZOQ1R4Ab34iINZO\\OZOP1R4A`35kINXO\\O\\Oo0R4C]35lINYO[O\\Oo0S4C[35mIMZO\\O[Oo0S4CZ35oIMXO]O\\Om0T4EX34PJMXO]O\\Ol0V4EU35RJLXO_OZOj0X4GS34SJKYO@YOi0Z4Ho24VJKWOAZOg0[4Im25VJJYO@ZOf0]4Kh26XJHZOAYOe0^4Mf24ZJIYO@ZOe0^4Nd25ZJIZO_OZOe0^4Ob24]JHZO@YOe0_4O`24]JI[O@WOd0b4O^25^JHZO_1j3eN\\24aJHYO^1k3gNZ23aJIZO\\1l3hNX23cJIYO[1n3jNT23dJG[O[1n3lNQ23fJF[O[1n3mNo14gJD\\OY1P4POl17dJ@_OY1R4QOi1<`JZOFW1T4TOc1b0]JSOLU1V4WO_1d0\\JQOO?XOXNQ5d1[1g0YJnN4:CQNj4Q2T1j0WJkN88R53=m0VJPNBDi0[1T559l0VJPNHBe0[1V585n0SJoMO_Oc0[1X592Z2UJRLa0Z1Z5:NZ2XJSL?Y1]59J[2[JSL>X1_5:GZ2]JVL;T1d5<BY2aJXL8n0k5`0\\OY2bJ[L5k0P6`0WOZ2eJ]L2i0S6`0UOY2gJ`LOd0Z6c0nNX2jJcLLa0^6d0jNY2kJgLH<e6d0gNX2mJkLD9i6d0dNY2oJkLC7l6e0`NY2RK`N`6WO]NX2UK`N`6WOYNZ2WK^Nb6WOWNZ2YK]Nb6YOSNZ2\\K[Nd6[OoMX2`KZNd6^OkMV2cKYNe6BfMU2gKVNf6EbM2hJLQ1<g6F^MOoJNm09i6KZMMRKMl0:j6LVMNUKJm0:j6NSMMZKGj0=k6NPMNbK@e0c0j6OnLNeK[Og0g0g60kLNTLmN=T1d63iLK]LdN:_1`62hLJbL_N:d1]63eLKfL[N:g1[63dLJiLZN9i1Z63cLJlLXN9j1Y64aLJRO1^45^LJVO0]46\\LJXOO]46ZLKZOO]46XLJ^ON[48ULJCKY4;TLIGIV4>QLJKDW4b0mKINCW4d0iKJ3^OU4i0gKH9WNdKh0^8Y1cKHg0nNh3Z1`KHi0lNi3\\1\\KIk0kNj3\\1ZKHn0iNk3^1WKIo0[NX4l1gJIf:7YEHi:8UEIl:7SEHo:8oDHS;8lDHU;7jDIW;8hDGZ;9dDG^;9`DHa;7^DId;7[DHg;8WDIj;6UDJm;6QDKP<4oCLS<4lCKV<5hCKY<6fCJ[<6cCJ_<5aCJb<5\\CKf<5YCJi<6UCKl<4TCKn<5PCKR=4nBLS=4kBLV=5iBJY=5fBL[=4dBK^=4aBLa=4]BMd=2\\BMf=3XBMj=3UBLm=3SBMn=3QBLQ>4nAKS>5lAKV>5iAJY>6fAI\\>7cAH_>7`AIb>7]AHe>7ZAIh>6WAJk>6TAIn>6QAIR?7l@IV?7h@HZ?8e@H]?8a@Ha?8\\@If?6Y@Ji?6S@Lo?3l_O2U`0Mc_O:^`0GR_Of0Qa0YOm^Oh0Ua0XOh^Oh0[a0WOd^Oh0_a0WO_^Oj0ba0WO[^Oj0ga0UOW^Ol0ka0TOQ^On0Qb0ROh]OS1Zb0e12N2O0O2N2N1O2N2N2N2O1N2N1O2N2N2N2N2M3N2N2N1O3M2M3M3N2M3N3M3L3N4K5K4L3N2M3M3M3M3M4L3L4K5G:J6Hn[W6"}}]}