{"images": [{"id": 0, "file_name": "images/55isptj2.jpg", "width": 1290, "height": 730}], "annotations": [{"id": 0, "image_id": 0, "category_id": 0, "bbox": [338.0, 32.0, 676.0, 666.0], "area": 450216.0, "iscrowd": 0, "segmentation": {"size": [730, 1290], "counts": "c_a79\\f0a0@;D<E9H6J5L5K4K6J6K5K4L4J6K4L4L4M3M3M3M4M2M3M3N2M3N2N2M3M4L3N2M3N2M3M3N2N2M3N2N3L3N2M2N3M3M3N2N2M3N2M3N2M2N3N2N1O2M3N2N1O2M3M2O2N1`D`He7b7ZH^Hf7b7h32N1O1O2N1O2N1O2N2N1O2O0O2O0O101O0XEiGl6Y8SIhGk6Y8UIgGj6[8VIcGk6]8h3101N100O2O000O2O0O1O2O0O101M2O2O0O2O0O101N100O1O2O0O101O0O2O00001N100O2bFcF]5]9cJdF[5]9eJcF[5m6iF_KW=`4mB]KS=b4RCZKm<f4WCXKh<h4YCWKg<h4ZCYKe<g4\\CXKd<h4]CXKa<h4aCXK^<h4cCWK]<i4cCXK\\<g4eCYKZ<h4fCXKZ<h4fCYKY<g4gCYKY<f4hCZKX<f4hC[KW<_4oCaKR3kMm4b6SHdKn2lMo4^6THfKm2lMo4]6UHgKm2kMo4]6THiKm;V4TDjKl;U4UDkKl;S4TDoKk;o3WDQLi;n3XDSLh;k3YDVLf;j3ZDVLg;h3ZDYLe;g3[DYLe;f3\\DZLd;e3]D\\Lb;b3`D^La;\\3dDeL[;Z3fDfLZ;Z3fDfLZ;Y3gDgL]2bMi4f5kHhL\\2cMh4e5lHiL[2bMj4c5lHkLZ2bMj4c5lHjL[2dMh4a5nHkLZ2dMh4a5nHkLZ2dMh4a5nHkL[2cMg4b5nHkL[2cMg4b5nHjL\\2eMf4`5nHkL\\2eMf4`5nHkL\\2gMe4]5oHlL]2fMd4_5oHiL_2gMc4_5nHjL`2gMb4^5nHjLa2hMb4]5mHkLb2gMLO?^5SMlLb2gMLO?^5SMkLc2hMb4\\5kHlLd2gMb4\\5jHlLe;S3[DmLf;Q3[DnLg;m2]DSMd;k2^DTMb;Q3YDoLh;P3XDoLi;R3VDnLk;Q3UDoLl;Q3TDnLn;P3RDoLP<k1dBjL[1[1R<i1fBkLW1\\1T<e1jBnLQ1]1U<b1nBQMm0[1W<a1oBTMi0[1Y<^1QCVMf0\\1Z<\\1RCXMc0\\1\\<Z1SCZMa0Z1^<Z1TC[M=[1`<X1VC\\M9[1c<W1WC]M5\\1e<U1XC`M1[1i<R1YCcMMY1k<S1[CdMHY1n<P1^CfMCZ1P=n0_ChM@Z1Q=l0bCjM\\OY1T=i0dCnMWOY1V=c0iCTNQOX1W=a0kCXNlNV1Z=?oCZNfNW1\\=<RD]NaNV1]=;UD_N]NV1^=:WD`N[NT1`=9XDcNWNT1a=7[DeNTNS1b=5]DhNPNS1c=3aDjNjMR1f=3cDjNgMR1f=3fDjNcMS1g=2hDlN_MR1i=2iDmN\\MQ1]4^NU4c1TJnNZMQ1]4]NV4d1RJoNZMP1l=1kDoNYMo0l=3kDmNYMP1l=4kDlNYMP1k=5lDkNXMP1l=6lDjNXMo0l=9kDhNXMo0m=:kDhNVMn0e4_NgM2T3k1YMfNVMn0f4_NeM5U3i1ZMeNUMn0g4_NdM7U3i1ZMcNTMo0g7fNjMj1ZMbNSMo0h7fNkMj1ZMaNQMP1j7fNjMk1ZM_NPMP1k7hNjMk1[M]NlLS1n7gNjMm1YMZNkLT1Q8fNjMT2TMMR5PNiM\\2nLA[5SNfMc2jLPOh5_NcL@fKY3h1bNT6eN]LDcK]3e1VN^6jNZLG^Kg3[1aMU7RORLHZKh3\\1\\M\\7UOmKJVKi3\\1WMd7WOjKY4]L`Lk7XOhK[4bKUKLX1l8YOgKm6Z4UIeKi6\\4XIdKf6]4[IdKb6]4`IbK`6]4aIcK^6^4bIbK^6^4bIcK]6]4dIbK\\6\\4fIdKb5XKlIR9d0fK\\5_KmIj8h0gK`1UKl0a0jLb8l0gKX1_Kl0=mL]8P1gKT1dKi0=RMW8R1hKj0VKoMb0n0]Om0o0YNT8S1hKc0WLTOQOg0o0]NQ8V1hK`0[LUOnNd0P1`No7X1hK>]LVOnN?P1dNn7Z1fK=_LUOPO:P1iNk7\\1fK<aLSOQOYOn1Ki6^1gK;bLSOg:d0gH9dLSOb:f0hH8hLQOo8VOkFb1^37iLQOm8VOkFc1_36jLPOl8WOjFe1_33mLQOj8VOiFg1_33nLQOT:m0mH1QMQOQ:P1lHOUMQOm9Q1nHNVMPOk9T1mHMZMnN`8YOgFn1]3L]MlN_8[OfFn1\\3LaMjN\\8\\OfFo1\\3LcMiNZ8]OeFP2[3LgMgNX8]OeFR2k2PN^Ll1j1eNW8^OdFR2k2<ZNUNW8\\OdFT2i2=\\NSNV8]OcFU2j2<]NRNV8\\OcFW2i2<^NQNU8\\OcFY2h2<`NoMU8\\OaF[2g0dM?g25mMS8]ObF\\2d0fMa0e26lMR8]ObF^2c0eMc0e26lMP8\\OcF`2b0eMd0d27kMo7\\OdFa2a0dMe0e27jMo7\\ObFb2b0eMe0d28iMn7\\OcFc2`0fMf0c29iMl7[OdFf2?dMg0c2<gMi7ZOfFi2<eMh0b2>eMg7[OfFk2;fMh0`2b0bMZ8Y2ZFhMg0_2g0^MV8]2ZFhMh0^2i0]MS8^2[FhMh0^2j0\\MQ8_2\\FiMh0]2k0\\Mo7_2]FiMh0]2l0[Mm7`2_FiMf0^2o0XMj7b2`FkMe0[2R1XMh7c2`FlMc0[2T1XMf7b2bFnMb0Y2W1VMd7d2bFoM`0Y2Z1TMb7e2cFPN?Y2]1QM`7g2bFRN>X2`1oL]7k2bFQN>Z1ZOnMZ2LY7P3aFnM?Y1@jMX2OW7R3^FPN`0U1FiMU20V7n4lF[MJfMU21S7Q5jFZMOdMT22Q7S5fFZM6aMT22n6]8PG`GR24l6\\8SG`GR23c6@lFm8`0`GQ22c6BjFm8b0`GQ21a6f8_GZGo10a6g8_GZGo1Ob6g8`GZGn1Oa6g8aG[Gn1Na6f8bG\\Gm1N`6g8cG[Gm1N_6g8dG\\Gm1M^6h8eG[Gm1N\\6T7TGkIa0TOP2L[6S7XGkI=VOP2K[6S7ZGlI:VOR2KY6S7\\GlI9VOR2JY6T7]GlI7VOT2IY6S7]GoI6TOV2HX6T7]GPJ4TOY2FV6V7]GQJ4SOZ2DV6W7\\GSJ3RO]2BT6Y7]GSJ1SO`2]OT6\\7\\GUJNSOh;h6ZDUJNROi;h6YDWJMROj;f6ZDXJKTOj;c6[DZJKROj;d6\\DZJISOk;b6\\D[JITOj;a6^D[JHTOi;a6_D\\JHROk;`6^D^JGROZ<P6oCPKEPO^<n5nCSKCoN_<m5oCUK@oNa<k5PDVK_OoNa<j5PDXK^OnNb<j5QDULo;l3QDTLn;l3SDSLn;l3RDULm;k3TDTLl;l3TDULk;k3VDULi;k3WDULi;k3XDULg;k3YDVLf;j3ZDVLf;j3[DULe;k3[DVLd;j3\\DVLd;j3]DULc;UNdCd4i0XMb;RNiCd4e0_KYOf0Z<TOkCg4b0]K^Oe0T<UOnCi4`0\\KBd0o;VOPDj4?\\KDc0l;UOSDl4>[KDc0k;VORDm4?[KEa0i;VOTDn4>[KG`0f;VOUDP5>ZKH`0d;VOUDQ5?ZKI?a;UOWDS5`0XKJ?_;UOVDU5a0WKM=[;WOVDV5b0WKN;Y;WOXD\\2DNm0TNO<V;VOYDh12kMKc2f0WNO=T;VOZDg1>`05WN0<Q;VO[Dh1??5WN1<o:VO\\Dg1`0`05VN2<l:VO^Dh1?`05VN3=i:UO_Di1?`06VN4;h:UO_Di1`0a06UN4=f:SO`Dj1`0a06UN6=c:RO`Dl1a0`06VN7<a:QOaDm1a0`06VN9;^:RObDm1a0`07UN9<\\:ROcDl1c0`05WN:;Z:POfDm1a0a05WN;;X:oNhDn1a0`04XN<<V:lNjDP2`0`05XN;`0S:eNnDS2`0?4YN=c0^:d0RE`03ZN>d0Y:b0VEa02YNa0d0T:c0YE`03XNa0e0R:c0[E?2ZNb0b0o9f0^E>1ZNd0`0b9S1iE31[Nd0>`9V1kE12ZNe0=]9X1mE11ZNf0<[9Z1nE01ZNh09Z9]1mE01[Nh07Y9_1nEO1[Nj05U9b1QFN1ZNo01m8h1RFN2ZNT1Je8Q2UFL1ZNX1F^8V2YFK1YN\\1CW8[2[FJ2XN^1BT8\\2[FK3XN^1AR8\\2]FL3WN_1AP8\\2]FM4WN_1@o7\\2]FN5VN`1@m7[2^F06UN_1@k7\\2`FO6UN`1@h7]2bFN6VN`1_Of7]2dFO6UNa1_Oc7^2fFN6VNa1_O_7_2jFL6WNb1]O\\7`2mFL6VNb1^OZ7`2mFM7VNb1\\OY7b2nFL7VNc1\\OW7a2oFN7VNc1[OU7b2PGO7TNe1ZOR7e2QGN9SNd1YOo6i2TGK:RNd1ZOk6j2WGK:RNd1XOj6l2WGK<QNc1WOi6n2WGK=PNd1VOh6o2VGL?nMc1WOi6n2TGNa0lMc1WOh6n2TG0a0lMc1TOi6P3RG1c0jMd1SOg6R3QG2e0hMe1ROd6U3QGQND;R1^Oe1oNe6W3nFQNI:P1^O^;V2iCRNK9n0@];U2iCRNN9k0A\\;U2jCPN1:j0AZ;T2kCQN39h0BY;U2kCoM69h0CU;V2lCnM89g0DS;V2mClM;:f0Do:W2QDjM;<d0Co:X2QDgM?>b0Dj:Y2SDdMd0??Eg:Z2VDaMe0`0?Ed:Z2XD`Mh0`0<Gb:Z2YD_Mj0`0<Ga:Y2XD`Ml0`0;H`:X2XD`Mn0`0:I_:V2YD`MP1a09I]:V2ZD_MQ1b08J\\:U2ZD_MS1b07J\\:U2YD_MU1b07KY:S2[D_MW1c05LW:S2[D`MY1a05MV:R2\\D_MZ1b05MT:R2\\D_M\\1b04NR:Q2^D^M]1d04Mo9Q2`D^M^1d03Nm9P2aD_M`1c02Nl9Q2aD^Mb1c01Oj9P2dD]Mb1e00Nh9Q2eD[Me1f0NOg9P2fDZMf1g0M1d9o1hDZMg1f0N2`9o2cFoLM4]9m2gFoLL6Z9k2kFoLL6W9j2oFPMJ8U9g2RGQMI:R9e2VGQMI:o8e2YGQMI;l8c2\\GSMH;i8b2`GSMH=d8`2eGSMH`0]8^2lGRMHa0Y8]2PHRMHb0S8^2VHPMHc0g7e2bHhLHd0c7d2fHiLGc0b7c2hHjLGd0^7b2lHjLGf0Y7`2QIjLHi0Q7]2XIjLHo0h6W2aIjLH`1T6f1UJkLGb1o5c1[JkLGTOmM^1m7e2`JiLFQORN`1f7e2dJjLEoNTNa1`7g2hJiLEmNVNa1[7j2kJiLDkNWNb1W7k2oJhLDjNWNa1V7m2PKhLDjNWN_1S7Q3RKfLEjNWN[1Q7V3UKfLBiNZNW1o6[3UKfLChNZNS1o6_3UKfLChNZNn0o6d3VKfLAhN[Nj0o6i3VKkKTMH]2J[Ne0P7m3WKjKRMJ]2I\\Nb0n6R4XKiKQMJ]2J]N?l6T4ZKhKRMJ[2K^N>i6V4\\KgKSMJ[2K^N<f6X4`KgKQMJ\\2K^N;c6Y4cKfKRMJZ2L`N9_6\\4fKeKQMJ[2L`N8\\6]4iKdKQMK[2L`N6Z6]4mKfKoLJZ2NaN4V6^4RLeKnLKZ2NaN3R6^4XLfKkLJ\\2NaN3m5`4\\LdKlLJZ20bN1j5b4^LcKlLKZ2OcNOh5e4_LaKmLLZ2ObNOe5g4bL_KnLKY20cNOb5h4dL]KoLMX2OcNO_5i4hL\\KoLLW21cNN]5j4iL[KQMMV20cNNZ5i4oL\\KnLMV20dNNW5i4RM[KoLNT20dNNU5i4UM[KnLNT21dNMR5k4XMXKPMOR21dNMQ5i4[MZKnLOR21eNMm4i4`MYKmL0R21eNKk4k4bMYKmL0Q21eNKi4k4eMXKmL1Q21dNKg4S2nI`M4Y2e3WNnL1o12eNJe4P2`JIZ3YNnL2o11fNIb4n1fJMU3YNnL3o10gNG`4`1XK<d2ZNPM2n11gNE^4^1^K?`2[NoL2n11jNA[4`1`Ka0_2ZNoL4m10kN_OY4a1cKb0]2ZNPM3l12l4n0lIc0]2YNPM4k13j4l0nIe0^2XNoL5k11i4m0oIe0_2WNoL6j12g4l0QJe0`2WNoL6h12g4l0QJf0a2VNPM6h11f4l0QJh0a2TNQM8f10f4l0SJg0a2UNQM7e10f4j0VJj0_2TNQM8e1Oe4a0_JT1W2SNQM:c1Mf4?cJW1S2SNQM:d1Jg4?dJY1Q2SNRM;a1Ih4=gJ\\1n1SNSM;a1Hg4<iJ]1m1SNSM<a1Fg4<jJ^1l1SNTM=^1Fg4<lJ]1l1SNTM>]1Fg4:nJ^1k1SNUM?[1Ef4:QK^1j1SNUM`0Z1Ef48SK_1h1SNXM`0X1Ed49UK^1g1TNYM`0W1Ed48VK^1g1TNYMb0V1Cd48WK^1g1QN]Me0R1Cc48WK_1c3fNcLCc47XK_1c3hNbLAc47XK`1e3hN`L@c47YK`1e3iN_L@c46YKa1f3jN^L^Oc46YKb1h3iN]L_Oa46YKb1j3jN\\L]Oa46YKc1k3jN\\L\\O`46YKd1l3kNZL[Ob44XKf1n3jNYLZOb45WKg1o3kNj3\\OWHh1R4lNg3[OVHi1U4kNf3ZOUHj1W4mNZ6S1iIkNV6U1lIkNQ6V1QJiNn5W1TJiNi5W1ZJiNc5X1_JgN_5Y1cJhN[5X1gJhNW5X1jJiNT5W1nJiNQ5U1QKkNn4U1TKkNk4S1WKnNg4R1[KnNc4R1^KnNb4P1aKPO^4o0dKQOZ4o0gKQOY4m0jKSOT4l0nKUOP4j0SLUOm3i0ULXOi3g0ZLXOe3h0\\LYOb3f0aLZO\\3f0fLZOY3e0jL\\OR3d0QM\\Om2c0UM^Og2d0[M\\Ob2c0aM^O]2a0fM_OW2`0mM_OR2`0PNAn1=VNCh1;[NEe19^NGa16cNJ\\12hNOW1NmN2S1KoN6Q1ETO<m0[OYOf0^;0O100O100O101O0O100O010OO100]O\\ZOOfe0ObZOI_e07fZOB\\e0=a00001O0000010O0010O01O01O01O00010O001O010O0010O01O010O001O1O1O1N2MRZT6"}}]}