{"images": [{"id": 0, "file_name": "images/7i5y3cld.jpg", "width": 1290, "height": 730}], "annotations": [{"id": 0, "image_id": 0, "category_id": 0, "bbox": [189.0, 26.0, 821.0, 675.0], "area": 554175.0, "iscrowd": 0, "segmentation": {"size": [730, 1290], "counts": "kTW41if00J6O10O0100N2O1GGPZO:Pf0GoYO9Qf0GnYO:Rf0GlYO:Sf07cN@`\\O`0_c0Aa\\O?_c0Aa\\O`0]c0Ac\\O`0[c0@f\\Oa0Xc0@h\\Oa0E[O_b05l]O`0D\\O_b05m]O`0@^Ocb02m]O`0VOZOE7Vc01o]O=UO]OD6Wc01Q^O<ROLmb0HQ^O<ROLlb0JP^O<SOJmb0JP^O?POGob0KP^O?QOXOI6Uc05P^O>ROVOI7Tc06Q^O>oNFnb0NQ^OY1ka0lNT^OT1ha0ROV^On0ia0SOW^Om0ga0VOW^Ok0ha0UOY^Ok0ea0WO[^Oi0da0XO\\^Oh0ca0YO]^Og0ba0ZO^^Of0aa0[O_^Oe0_a0]Oa^Oc0^a0^Ob^Oc0\\a0^Od^Ob0\\a0_Oc^Oa0\\a0@d^O`0[a0Ae^O?[a0Bd^O>[a0Dd^O<\\a0Ec^O;\\a0Gc^O9\\a0Hd^O8\\a0Hd^O8[a0Im]O[Na0l1h0UNY?d1^_O[Na0l1?RNSO4^`0d1__OZNa0m1?PNRO6_`0c1__O[N`0l1e0WN\\?b1`_OZN?m1c0YN]?a1a_OYN>n1d0XN]?a1a_OYN>o1b0XN_?a1__OYN`0n1a0ZN_?f1P@1?ZNa?e1Q@0>[Na?e1Q@0=\\Nb?d1Q@0<]Nb?d1R@O;_Nb?a1S@1:`Nb?_1T@28`Nc?^1V@26aNd?]1V@24dNe?Z1W@23eNf?Y1W@3KmMDg0[`0Y1V@4IiNR`0S1V@4FiNU`0T1T@6@jN[`0Q1U@]1k?cNT@^1l?bNT@^1l?bNT@d0^OPN^`0\\1T@^1l?bNT@_1k?bNT@_1k?aNU@a1S>\\LnBS2oNa1R>_LmBP2QOb1P>`LnBn1ROb1o=cLmBk1TOb1n=eLmBi1UOc1l=fLmBh1WOb1k=hLmBg1ROiMHh3X>oLhB`1WOkMHf3X>TMeB[1ZOlMIf3V>UMfBY1ZOnMIe3T>WMhBV1ZOoMJe3R>XMiBT1ZOQNJc3S>YMhBS1[OQNJc3S>ZMgBR1]Om1k=SMfBR1^Ol1k=SMfBQ1@k1i=VMfBo0Ak1i=WMeBo0Aj1i=XMfBn0Aj1i=YMeBm0Bk1g=ZMfBk0Ck1g=[MeBk0Cj1g=]MeBj0Cj1f=]MgBi0Cj1f=_MeBh0Dj1g0jKQ<f1cCg0Di1h0kKo;g1dCe0Ej1f0kKQ<f1dCf0Dj1e0kKR<f1eCS55YIV<d1eCi0Df18SL`<_1cCh0Eg13VLd<n0[CkN9Z2E]2g<^L\\ClN6Y2G]2g<_LYCmN9X2F\\2h:QKVGl1\\Ni5]:^HUGi1^Ni5]:_HTGi1^Nh5]:aHTGh1^Nh5]:aHTG[1WNiN6[7^:cHTGX1^NgNN_7_:cHUGR1cNlNH_7_:eHUGo0eNnNF^7`:eHUGo0eNnNF_7^:fHVGm0fNoND_7`:eHVGn0eNnNE`7_:eHVGo0cNmNH_7_:eHWGn0`NPOJ]7_:fHUGn0bNoNJ]7_:fHUGl0dNQOH^7^:fHTGk0iNoNE`7]:gHUGi0kNnNDb7[:iHTGh0mNmNEb7X:kHUGf0oNlNDc7W:lHUGf0oNlNDd7T:nHXGc0mNnNFa7S:QIRFSOm0_1UOnNI_7R:TIPFROn0a1SOk6o9jHnF;SOl6m9kHoF8XOj6i9oHnF5^OhNDf7o9]IoF4@hNBh7n9]IoF3AgNCi7m9^InF2CfNBk7l9^InF1DfNBl7l9\\InF3CfNBk7m9]ImF3DdNBm7m9[IlF6DbNCm7m9[IlF6DbNCn7m9ZIlF3FeNAo7l9YImF2FgNAn7m9XIlF2GgNAP8k9XIlF0HiNA]2Ol2l9mKlF1HiNA]2Ol2l9nKkF0IjN@o7l9WIkF0IU7[9lHkF0JS7[9mHkF3A`NJ`8j9mHkF3AaNI_8k9nHjF1HS7^9kHkF0HV7\\9jHlF0HW7X8YG\\H`1DNIZ7T8[G^H]1ENIZ7T8\\G]H\\1FOHZ7T8\\G^HZ1E1HZ7U8[G^H[1C2IY7T8\\G_HY1D4FX7W8\\G_HW1D5D[7Y8YG^HW1E4F\\7V8ZG_HV1D3I]7S8\\G^HU1D2L^7Q8\\G^HT1E1N`7n7[G_HT1D1Oc7k7XGbHT1D2Me7l7TGcHV1C2Lf7m7SGdHT1C7Df7V8nFcHU1C7Ch7V8mFcHT1D7C`NOo8X8VGbHT1C7Eh7V8mFaHU1D4Ld7o7TG`HU1E1Ne7n7UG^HV1EN1g7l7VG^HT1FN0nNC[8X8fG^HS1GNOoNDZ8Y8eG]HU1FOMi7P8TG\\HT1G0Ki7R8SG\\HT1HOGm7V8PG[HS1H1Fl7W8PG[HS1H0Gm7V8QGZHS1HMLm7S8RGZHS1HKNo7P8TGYHS1HI1o7o7TGYHS1HI0P8o7UGXHS1HH1P8o7UGXHT1HG0P8HfFR8>_HT1HILP8IhFS8<_HT1IJFQ8OfFS8;^HT1JJFR8MfFV89]HU1KIES8MfFW89\\HU1JHIR8JhFW8:[HU1KCNS8FkFW8:ZHT1LBNU8EjFX8<XHS1N@OV8CkFY8;XHT1LANW8DiFZ8;XHT1M@La8b6[F]Ja0XOR1MBIb8c6\\F^J>YOR1NBFc8e6\\F]J=[OQ1MDEb8e6^F^J:[OS1MAFd8d6_F]J:\\OQ1N@Ff8c6`F]J8\\OS1M^OHg8b6bF[J6_OR1M]OIh84YFm5:jJ6^OR1N]OIh83[Fm59jJ5_OR1N^OGi83ZFo59iJ4@R1O]OEk83ZFQ68hJ3@T1N^ODj81\\FV65fJ3AT1N@Bl8MZF\\64eJ3AS1OAAV9[6SFdJ2BT1N_OBm8MZF^64cJ2AU1N^OCc8O_F42X68aJ1CV1N[OEd8;`Fn5<`J0CU1OXOIe88bFm5<`JOCW1OVOJ\\8FoFa0Nl5<`JODV1NVOK\\8FoF`0Om5;`JODU1OYOHZ8HoF4J46V6:_JOCU10ZOFc8LbF26Z68^JNET10[OBe8OaF06]66]JOEU1OZOBf8ObF04^67\\JOET10ZOBf8ObFO5`66[JNEV1OYOCe81aFO6_67ZJNDW1Oo8G^EM7_68YJNDV10SOFYOMd0On7c0bGo5<XJNDV1OSOGYONc0Ne70lGf0Mm5?WJNDV1OSOGYONb00d70lGe0Om5?VJMDW1OTOD30\\70lGe00n5=UJNEV1N5E_6OkG:>X6OWJNEW1M4F_6OkG:?X6NWJNEV1M6E^60kG9`0Y6MWJODW1L4G^60kG9`0Z6MVJ0BW1M`8HkE;`0Y6MUJ3@V1N_8IkE;?Z6OTJ2@W1LWOMP8NQG=3E0e6<RJ2_OX1KVO0U8;nFE1e6;RJ2^OY1LUOOU8<oFD2d6:SJ2^OY1LVONT8<^GY6MRJ2@X1Kc88XFZ6KTJ1_OZ1Jb88ZF[6ISJ1@Z1Ka86\\F\\6HSJ2_OY1La86\\F]6HRJ1@Z1Ja87[F_6JnI1AZ1Ia8:YF^6LnIOCk;2YD^6MlI0Cc;;_DW6MkI1Db;:_DX6OjI1Bc;8`D[6LkI2Ad;6_D_6JjI4@c;7_D_6JjI4@d;6^D`6KjI3@c;5`Db6IiI4@b;6`Dc6JgI4_Oa;6bDe6JfI3_O_;7bDS5YORLc0UO2@_;5dDS5[ORL`0UO3A];5dDT5^OoK>XO2@_;3eDU5^OoK;YO3@`;OgDY5^OmK8ZO3Ab;JhD^5]OkK6]O2@e<Y5SCjK5]O3@e<Y5UCiK3^O3_Of<Z5TCiK2^O4_Of<Z5UCiK1^O3_Oh<Z5TCiK1_O1^Oj<Z5UChK0@2]Oh<]5VCfKOA2\\Og<_5ZCbKNB1]Of<a5[C_KNC2\\Od<d5\\C]KMC_=Q5dB[KNC]=T5fBXKLE\\=U5hBVKLEZ=W5jBUK0@S=]5lBTK1_OQ=_5nBRK1^OQ=`5oBQK0_OP=b5PCnJOAo<d5RCkJNAo<e5SCjJNAl<i5VCeJNCh<m5YC`JOBe<R6\\C\\JOBa<V6`CXJNBa<X6`CWJOA_<Y6cCUJNSO_O:n<_6eCTJNSO_O:m<:SC]5b0mJNB[<4XC]5>mJOBR<=bCT5<nJOAR<=dCT5<mJNBR<<eCV5;mJM@R<=hCV5:lJM_OP<>kCY59gJNAm;>mC[58fJMAm;>oC\\57dJNBj;>RD\\57dJLBk;=SD^55cJNAi;>UD^54cJNBg;=XD_52bJOBf;<[Da5ObJ0Bd;:_Db5MbJOBd;9cDc5IbJ1Ba;8iDc5EcJ1TOB5n;`0mDd5BcJ0SOD7l;>PEd5BcJNROE9k;=SEd5_OcJ5]OW;7\\Ei5XOcJ4]OW;6aEh5UOeJ1^OY;3eEi5POfJ1_OY;1iEi5nNgJO_OZ;OmEj5iNhJ1^OZ;KQFo5dNhJ1^O`=j5_BhJ1^Oa=i5^BiJ0_Oc=g5`BgJMAf=e5_BiJJ\\O_OOY>k5^BjJJ\\O_OOZ>k5\\BjJK\\O_OOZ>l5[BjJK\\O@L\\>n5YBiJK\\OQ>l5TBhJJ[OT>n5PBhJLWOG4S>m5ZBhJ4\\Ob=k5[BiJ2\\Of=R3gAZO`0aM^Oa0d0Di=m2fA]O?`M^Ob0d0Dl=k2jAWO8gM^Od0d0Cm=j2kAWO8^NOAP>i2kAUO6aNOAQ>i2jAUO5aN0AR>h2jAVO4`N1@S>k2iATO2`NS?\\2k@TO1aNT?[2k@TO1aNT?[2k@TO1aNS?\\2l@RO1bNT?\\2k@RO0bNU?\\2l@QO0bNT?_2k@oN0cNU?^2k@nN0dNU?_2k@mNOeNV?^2k@mNOgNT?\\2n@mN0dNR?_2n@nN0bNS?_2m@oN0aNT?_2n@nNOcNR?`2o@lNOdNR?a2n@lNOcNT?a2m@kNOdNT?b2m@iNOeNT?c2m@gN0eNS?e2m@fN0dNT?f2m@eN1cNQ?j2m@cN3aNP?m2n@aN2bNP?m2n@aN2bNo>m2QA`N0bNP?n2PA_N0dNo>n2QA^NOdNQ?n2o@_N0cNP?o2PA]N0eNQ?m2o@^N0dNT?l2l@_N6_No>R3n@\\N5`Nl>U3PAYN5aNl>V3o@XN5cNk>V3o@XN6aNk>W3PAWN5aNl>Y3n@WN8]Nj>]3n@VNU`0j1j_OVNV`0l1j_OSNU`0n1m_OQNQ`0P2P@oMP`0Q2P@PNn?Q2S@mMn?S2Q@nMn?R2S@mMn?S2R@mMn?S2R@lMn?V2R@iMm?X2T@fMl?[2U@eMi?]2V@cMi?^2Y@`Me?a2^@]Ma?d2_@[Ma?f2_@ZM_?h2`@XM`?i2`@WM^?k2a@UM_?m2a@RM]?P3d@nL\\?S3e@lLY?V3h@iLW?X3i@hLV?Y3j@gLT?[3k@eLU?\\3j@eLT?]3l@cLR?`3l@aLS?`3m@aLP?b3QA[Ln>g3TAWLj>l3UATLi>n3WARLg>P4YAoKf>S4ZAlKf>U4YAlKf>U4ZAjKf>V4[AjKc>X4_AeKa>]4_AbK`>_4`AaK^>b4aA^K^>c4bA]K]>d4dAZK[>h4fAWKY>m1j@0o0RNV>k1PA3i0SNU>h1VA4e0TNT>b1_A9>SNR>c1hA67nMjNHW?T2jA58jMjNLR?V2nA46gMlNOo>V2UBOOlMmN1m>T2YBNMkMnN4j>U2\\BK5PN_=W2\\BG5RN^=Y2^BD0VNb=X2^BA3SN^=^2`B_O2QN]=d2_B[OU?g0k@YOR?j0n@VOP?l0PASOn>o0RAQOm>P1TAoNk>S1SAnNl>S1TAmNj>U1VAkNi>W1VAjNg>X1\\AfNb>\\1_AbN_>b1_A^N_>e1`A[N_>f1cAXN[>j1gASNY>n1gARNW>Q2gAPNW>R2iAoMU>S2kAlMS>W2oAfMo=]2SB`Ml=b2SB_Mj=d2UB\\Mj=e2XBYMf=j2\\BTMb=m2_BSM_=o2`BQM_=Q3`BoL_=S3`BnL^=S3eBjLZ=Y3eBgLY=[3fBfLX=\\3gBcLY=^3hBaLW=a3kB\\LT=e3mB[LQ=g3mBZLS=g3lBYLS=h3nBWLQ=k3SCPLl<R4TCnKj<T4UClKj<V4UCkKi<V4XCiKg<Y4ZCeKe<\\4\\CbKd<`4[C`Kd<b4[C^Kd<d4[C]Kc<e4_CYK_<i4bCVK]<k4cCUK[<m4dCWJYNf0R>U5kCjJT<W5kCjJT<X5jCiJU<Y5iCiJU<Y5jCiJS<Y5mCfJR<[5TD^Jl;d5TDYJm;i5SDnIT<T6X21N2O2N2N2N2N2N3M2N2N10mL[@POd?i0i@SOU?k0QAROo>l0TATOj>j0YAXOd>f0gASOW>k0mAUOR>h0WBTOf=k0^BUO_=j0jBoNU=Q1nBnNQ=P1SCnNl<R1VCnNh<Q1ZCQOc<P1^CPO`<Q1eClNX<W1hCiNU<Z1jCgNS<[1mCfNP<[1UDaNi;`1YD_Nf;c1_DWN_;k1`DWN];l1aDVN\\;m1cDSN[;P2gDlMX;X2fDgMY;]2fDbMX;b2iD[MU;g2kDXMS;k2SEmLm:U3SEiLm:Z3QEfLm:^3QEaLn:c3SEXLn:k3[EgKf:_4bEiJh:\\5Y35J4M2N3M2M3N3M3L5L3M5J4M3M3M2N3M5J4M3M3M8G6K3M3M3L5L4K4M4K6K5J5L1O1N1000O001N1O101N1O2N2O1O1O1M2NbC[Gl:d8REaGm:\\8TEhGi:W8XEkGf:S8\\EoGb:l7dETH\\:j7eEXHY:e7iE^HV:^7lEfHQ:Y7oEjHP:R7RFPIm9o6TFSIj9k6WFWIh9h6XF[If9e6YF]Ig9a6ZF`Ie9_6\\FbIc9^6]FcIa9^6^FdIa9[6_FhI^9W6bFlI[9U6dFnIY9S6gFoIj5]N]Kf7hNoIk5eNPK]7SORJm5dNjJ\\7XORJn5eNcJ\\7^OQJP6oNPIT8o0oHR6j8mIZGR6e8lI^GT6`8kIcGU6\\8hIiGV6V8iImGW6R8iIPHV6o7iISHU6n7jIUHT6k7kIXHm5nLlHj:T1\\Ho5nLiHg:U1_HQ6g7kI^HS6b7jIdHR6^7iIhHT6Z7hIlHU6T7hIQIV6P7fIVIW6l6fIWIY6k6bIXI^6c;O2M3N1O1N101O1O001O1O001O10O1O100O00101N3M2N2N2N3M9G2N2N001O0O2O000000001N1000O1000000O100O100O001O1O2N001000000001O01[N]@RLb?m3`@SL_?m3a@TL^?k3d@UL[?k3f@XLW?f3l@[LQ?e3PA\\Lo>c3RA^Ll>a3UA`Lk>_3VAaLj>^3VAbLk>]3VAbLk>\\3WAcLj>\\3WAcLj>\\3WAcLk>Z3VAfLk>Y3WAeLk>Y3VAfLl>X3UAgLl>W3VAhLk>W3UAiLm>U3TAjLm>U3TAjLo>S3RAmLo>P3SAoLo>o2SAoLo>n2SAQMn>m2TARMn>l2SATMm>j2UAUMk>k2UAUMl>i2VAVMk>i2VAVMj>j2WAUMj>i2XAVMh>i2ZAVMg>h2[AVMf>i2]AUMc>j2_AUMa>k2`ASMa>m2`ARM`>n2bAPM^>P3dAnL\\>Q3fAmL[>S3gAkLY>T3kAgLW>X3mAcLU>\\3e2O100O100O100O100O100O2O1O1O1N102M3M2O2M2O0O2O1N2O1N1O2O1N2N2O0O2O0O2O1N1O2O001O1N101O0000001O1O1O3L3N1N2O1N2N3K5H9RO\\ZO>Tf0K4K6ITWW6"}}]}