{"images": [{"id": 0, "file_name": "images/993om29n.jpg", "width": 1290, "height": 730}], "annotations": [{"id": 0, "image_id": 0, "category_id": 0, "bbox": [221.0, 36.0, 858.0, 615.0], "area": 527670.0, "iscrowd": 0, "segmentation": {"size": [730, 1290], "counts": "ehm43ff03N1O2N1O1O1XOGnZO9Qe0KkZO6Te0NhZO3Xe0OdZO3[e0OcZO2]e00`ZO1_e0f000O010O10O1000O100O100O010O10O1000O010O10O0100O010000O10]KhNcCX1\\<iNcCW1]<iNdCW1[<jNeCU1[<lNdCU1[<mNdCR1]<nNcCR1\\<oNcCR1\\<oNdCP1]<POcCP1\\<QOcCP1\\<QOdCn0]<RObCo0]<ROcCm0aMhNo<<_El0`MjNP=;_Ek0`MkNR=:^Ek0^MmNS=9^Ek0^MlNT=:^Ei0^MnNT=9^Ei0]MnNU=:]Eh0eLlNG2W>;]Eg0cLnNH1X>:]Ef0cLPOG0Y>;\\Ee0dLQOF0Y>;]Ed0cLSOEN\\>;[Ee0cLSODN^>;[Ec0cLUOCM`>;YEd0dLUOAMa>;ZEc0cLVO@Md>:YEb0dLXO\\OMh>9WEc0dLJT>DXEa0dLKU>DWEa0cLKW>ETE`0fLJV>GTE?eLJX>GRE?fLJX>HRE>fLIY>IPE>gLJY>HPE>gLIZ>IoD=gLKY>IoD=gLJ[>InD<hLJ[>JmD<gLJ\\>KlD<hLI\\>KlD;hLJ\\>LkD;hLI^>LjD;hLH_>MhD;iLH`>MgD;iLG`>OgD9iLHa>OeD:jLG`>0fD9iLGb>0dD9kLFa>1eD9iLFc>1cD9kLEc>2bD9jLEd>3aD8lLDd>4_D9lLDe>3_D8mLDe>4]D9mLCf>5]D7mLDg>5[D7oLCg>6ZD7nLCh>6ZD7nLDh>5YD8nLCj>5XD8mLCl>5VD8nLCl>6VD7mLDm>5UD8mLCo>5TD7mLDP?5RD7nLEP?4RD7mLEQ?4RD7nLDQ?5QD6nLFP?5QD6nLEQ?7PD3oLFR?<iCNUMGP?f0aCD^MFm>S1]CWOeMFg>a1]CiNlMFc>o1WC\\NUNF_>X2WCQNZNG\\>`2UCiM_NGX>h2UCaMcNHT>n2UC[MfNGS>T3TCTMiNHQ>Z3RCnLmNIo=^3PCjLPOHo=c3nBeLROIn=g3lB`LVOIn=l3gB\\LZOIm=R4cBUL@Jl=X4]BnKGJm=\\4WBkKKJP>\\4PBkK0JU>i5kAWJZ>d5fA]J^>_5aAbJc>Y5]AhJf>U5YAlJj>Q5UAQKl>m4SATKP?i4n@XKV?T62O2M4L4L3N3L3N1N2O0O1O1O001O2N001O1O0O2O1N2O1N101N2N2N1XKe_OP3]`0oLg_Om2Z`0RMh_Ok2Z`0UMg_Oh2[`0WMg_Og2Y`0ZMh_Oc2Z`0]Mg_O`2[`0`Mf_O^2Z`0cMf_O[2\\`0eMe_OX2]`0hMd_OV2^`0iMc_OU2^`0kMc_OS2^`0mMb_OR2_`0nMb_OQ2]`0PNd_On1]`0QNd_Oo1\\`0QNe_Om1\\`0SNd_Om1\\`0SNe_Ol1[`0TNe_Ol1[`0TNf_Ok1Z`0UNf_Ok1Y`0VNh_Oi1X`0WNi_Oh1W`0WNj_Oj1U`0VNk_Oj1U`0VNk_Oj1?QMn=V1bAi1=TMQ>S1aAj1<TMT>R1`Aj19WMW>o0`Aj17XMZ>n0^Ak15YMk<D_CX1]Oo17VMl<H]CS1^OQ26VMn<K[Cn0_OS26UMP=MYCj0@W24SMS=OWCg0@Y24RMU=2TCd0_O\\24PMZ=1RCd0]O]25oL\\=3PCa0\\Oa25lL_=4oB`0YOe24iLd=5lB?XOi22eLj=5kBj5V=XJiBg5W=[JgBe5Y=]JfBb5Z=aJdB]5]=eJbBZ5^=iJ_BW5a=kJ^BS5d=mJ\\BR5d=PK[Bo4e=SKYBl4i=TKVBl4j=VKUBi4k=ZKSBe4n=R2101O1N101N101O0O2O]LdGhH\\8W7fGiHX8X7hGiHW8W7jGiHU8W7lGiHS8W7nGiHP8X7QHgHo7Y7RHfHn7Z7SHfHk7\\7THdHl7\\7UHdHj7\\7WHcHh7^7XHbHh7_7XH`Hh7`7YH_Hf7b7[H]He7c7[H]He7d7[H\\Hc7e7^HZHb7g7^HXHb7h7_HXH`7h7aHXH]7j7bHWH]7i7dHWHZ7j7gHVHX7j7hHXHV7i7jHWHT7j7mHWHQ7i7oHYHo6h7QIXHn6h7RIZHk6h7UIYHi6g7XIZHf6f7[IZHc6h7]IXHb6h7_IXH`6h7aIXH^6i7bIWH\\6j7eIVHZ6j7gIVHX6k7hIUHW6k7jIUHU6l7kITHS6m7nISHQ6n7oIRHP6o7PJQHo5o7RJQHm5P8SJPHk5Q8VJoGi5R8WJnGh5R8YJnGf5S8[JkGe5U8\\J[EVOoN2R2[6e9]JmD5S1]5R:_JgDg0g0i4b:aJeDl0e0b4g:bJcDT1=[4P;cJcDY11W4];`JbDZ8^;gGbDX8_;hG`DX8a;iG^DU8d;kG\\DT8d;mG\\DR8e;nG[DQ8f;oGZDP8f;RHYDm7h;SHYDk7h;UHYDi7h;VHZDg7g;[HZDb7g;_HZD^7g;cHZDZ7g;fH\\DV7e;jH]DS7d;mH^DP7b;QIaDk6`;UIbDg6`;YIbDd6_;\\IcDa6^;_IdD^6];bIgDY6Z;hIhDT6Y;lIgDS6[;lIfDR6[;nIeDQ6\\;PJdDn5];RJdDl5];TJdDj5];WJdDf5];ZJdDc5^;]JcDa5];`JdD^5\\;cJdD\\5];eJcDY5^;gJcDW5^;iJcDU5];mJbDQ5^;QKbDm4S;bIcCb1[1i4k:PJeCZ1a1b4k:RLVEl3l:TLUEj3k:WJ`Ca1e1W4k:VJbCc1d1U4k:WJaCf1f1P4h:ZJcC0L[1k1X4j:ZJ\\Cl1j1j3m:\\LSEd3m:YJXCm1j1i3o:YJYCm1i1i3V;XLkDf3V;ZLhDf3[;XLdDi3\\;XLcDh3^;WLaDVNaNS5P=fL_DTNiNQ5j<iLVER3k:oLWEm2j:SMYEi2h:XM[Ed2e:\\M_E_2c:aM^E]2c:cM]E[2c:gM\\EY2d:gM[EY2k:cMSE^2m:cMQE]2P;dMnD]2R;eMkD[2W;fMfDZ2[;hMbDY2_;hM^DX2d;iMXDX2i;jMTDV2m;kMQDV2P<jMnCV2S<lMiCU2X<nMdCR2]<PN_CR2a<PN\\CP2YO`Ka<a2SDo1[ObKb<a2oCn1^ObKe<a2jCn1@bKf<a2gCn1BcKh<_2dCn1DdKh<_2aCn1GcKi<`2]Co1HbKl<a2XCn1LbKm<_2UCP2MbKP=^2PCQ20aKQ=`2jBR24_KS=d2^BQ2>\\KV=f7jBZHW=e7iB[HY=d7eB^H\\=`7dB`Hh9FYIh7nLcHf9NWI^7SMdHe94UIV7UMgHe97TIQ7VMjHf96TIo6UMkHg9:QIj6WMmHj9;mHf6XMPIl9;kHd6YMRIl9<jH`6YMUIn9<iH^6XMVIP:>gHZ6YMXIR:?dHW6YM[IU:?aHU6YM\\IW:`0`HU6VM[I\\:a0\\Hn6f7RIZHm6f7UIYHi6i7WIWHg6k7ZITHd6m7]ITH`6m7aITH\\6m7eISHY6n7hIRHV6o7kIQHS6Q8mIoGQ6S8oIlGP6V8PJiGo5Y8QJfGn5[8SJdGl5nNcHi7b1XIj5kNiHn7]1TIk5kNkHn2Hh0b1YMo5oNhHo2Ij0b1SMo5SOgHn2Kl0`1oLP6VOeHo2Ln0_1jLR6VOeHP3LQ1^1dLT6ZObHQ3NR1]1]LV6^OaHR3LV1]1VLX6A_HS3MX1[1QL[6C^HS3MZ1[1lK\\6F\\HT3N\\1Y1hK^6G\\HT3N_1X1cK_6I\\HT3Mb1Y1^KETOV5h0nIU3Me1Y1WK@^O\\5`0oIU3Lh1[1RK]OC\\5=PJV3Lk1[1mJ[OF_5;oIW3Ln1]1gJTOLe57nIY3KP2_1cJoNHP6<fIY3LS2a1]J`N_OH>f69fIY3LV2e1TJVNa0d6KeIZ3MX2g1lIUN4I0l6=cIZ3L[2R:ZJRF\\3L\\2P:XJTF[3L`2n9TJVF]3La2l9QJYF^3Jc2l9oIYF^3Le2i9lI[F_3Lh2g9hI^F`3Kj2e9eI`Fa3Kl2d9cI`Fa3Mn2a9`IcFb3KP3a9]IdFc3LR3^9[IfFc3KU3]9WIhFd3LW3Z9TIjFe3LZ3X9PImFe3L]3U9mHoFg3K_3T9iHQGh3La3Q9fHTGh3Ke3P9aHUGj3Kh3n8\\HYGl3Ik3h9ULYFm3e9RL[FR4a9nK`FU4]9kKbFY4Z9gKgF[4W9dKiF`4T9_KmFd4o8\\KRGf4l8ZKSGj4j8UKWGn4f8QKZGS5c8lJ^GX5_8gJ`G^5\\8aJeGa5Z8]JfGb5]8\\JcGc5_8\\JbGb5a8\\J_Gc5d8ZJ]Ga5j8]JWGa5k8^JUGb5m8\\JTGb5W2bGW3l2aJa5V2hGX3f2bJa5V2mGW3`2dJa5T2THV3Z2fJa5U2WHT3W2gJa5U2[HT3R2gJc5U2]HS3n1iJd5U2_HS3k1iJe5T2aHS3i1iJf5S2dHS3f1iJe5T2gHT3b1iJf5R2kHT3^1jJh5P2mHU3Z1kJj5m1PIW3T1mJn5i1PI[3o0mJS6d1QI_3k0mJW6\\1TIg3d0mJ^6=iIe4GoJj6DnI]5WOPKh:P5VEQKl:n4SERKn:n4QERKQ;n4lDSKU;m4iDTKX;l4gDTK[;k4dDVK\\;j4bDWK_;i4_DXKc;g4[DZKf;f4XD[Kj;d4UD\\Kl;d4SD\\Ko;c4nC_KT<`4jCaKW<`4gC`K[<_4cCbK^<_4`CaKb<_4PBYJU1X1l<h4PCYKR=h4jBYKW=h4eBZK]=f4`BZKb=g4ZB[Kf=g4VB[Kj=g4SBZKm=i4oAXKR>f61000000O100O00O200O100O1O1O100O1O001O1O1O010O01O010O0100O0001O0ZInAf4S>WKQBh4o=WKSBg4m=YKVBd4k=[KWBd4i=[KXBe4g=[K[Be4d=[K]Be4b=ZK_Bf4b=XK`Bh4_=WKcBi4\\=WKeBi4[=TKhBl4W=SKkBm4U=QKmBo4S=oJoBQ5R=kJQCU5Q=gJPCZ5S=_JQCa5S=SJUCm5l>000O100O100O010O1O100O1O010O1O001O001O1O0010O01O010O1O2N2N1O2O2M3M3M3M3M4L3MoISAZ4h>\\KUAhN:V3MTOb>lNjAk1KWOY>mNnAi10YOn=nNSBi12XOh=oNXBg14YOb=POZBg16YO]=PO^Be19[OV=PObBc1<]Oo<POeBb1?_Oi<oNiBa1b0_Oc<POkB`1e0@]<POoB_1g0@X<QORC^1h0CR<POVC]1j0Cm;POZC\\1k0Ei;nN\\C^1m0Ce;PO^C]1n0D`;POcC\\1n0D];POfC[1P1EX;POhC[1Q1EU;POjC\\1T1BP;SOlC[1V1Al:TOoC[1X1_Og:VORD[1Z1]Ob:YOSD[1_1YO]:[OUD\\1b1VOW:_OWD[1d1UOS:@ZD[1g1ROm9C\\D\\1j1oNh9F^D[1n1lNb9IaD[1R2hN[9NbD[1W2dNV90dD\\1Z2aNP94eD\\1_2]Nj87hD\\1b2ZNe8:iD]1e2VN`8=kD^1h2TNZ8>oD^1i2SNV8`0PE^1l2QNR8a0SE^1m2PNn7b0UE_1n2oMk7c0WE^1P3nMg7d0YE_1R3lMd7e0ZE_1S3lMa7e0\\Ea1T3iM^7f0_Ea1U3hMZ7g0aEb1V3gMW7g0dEb1V3fMU7i0dEb1Y3dMR7i0eEd1Z3cMo6i0gEe1\\3aMk6j0iEf1]3`Mh6k0kEe1_3^Me6m0lEf1`3]Mb6n0nEe1b3[M`6o0nEg1c3ZM]6o0PFh1e3WMZ6Q1QFi1f3UMX6S1RFh1h3TMT6T1TFi1i3RMR6V1TFi1k3PMP6W1VFi1k3oLn5Y1VFi1m3nLk5Y1YFi1m3mLj5Z1XFj1o3kLh5[1ZFV1hNiMW5Ef5]1ZFV1jNgMW5Ed5^1\\FU1kNgMV5Eb5`1\\FU1lNfMV5Ea5`1^FU1kNfMW5C`5c1^FS1mNfMT`0V1o@U1mNeMS`0W1PAS1nNfMQ`0X1QAR1nNfMQ`0W1QAT1nNeMP`0X1RAR1POeMm?Y1SAR1QOeMk?Z1TAQ1QOeMj?Z1UAR1POeMk?X1VAR1POfMi?Y1VAR1QOeMh?Y1XAR1POeMh?Y1WAR1ROdMg?Z1XAR1QOdMg?Z1WAS1ROcMg?Z1WAR1SOdMe?Z1XAS1SOcMe?Z1XAS1SOcMd?Z1ZAS1RObMe?Z1YAT1SObMc?[1ZAS1SObMc?Z1ZAT1TOaMb?\\1ZAS1UO`Ma?]1ZAS1UO`M`?]1[AT1UO_M_?^1\\A@hN6>lN^?]1]A@iN6<lN^?_1\\A^OlN7:lN^?^1]A^OkN8;lN\\?_1]A^OkN8<jN]?_1]A^OkN8<kN[?`1]A^OlN7<jN\\?a1\\A^OlN6=kNZ?a1^A]OkN8=iN[?d0T@0X1<lN6>jNZ?b0W@0V1>kN6>jNY?a0Z@1T1>kN6>jNY?a0Y@2T1=mN5?iNW?c0Z@1T1>lN5?iNW?b0Z@3S1>mN3`0jNV?`0[@5S1=mN4?jNU?`0]@5Q1>nN3`0iNT??_@6P1>oN3>iNU??_@7o0>nN3`0iNT?<a@;m0<oN4`0hNS?;c@<k0>oN3`0gNS?;e@=i0>oN2b0gNR?8g@a0f0=PO3a`0kNl_Od0d0>oN3]a0@c_O=QO3\\a0_Od_O>oN3^a0_Oc_O>oN3]a0_Oe_O=oN3]a0@d_O=nN4^a0^Oe_O>mN4]a0_Of_O=lN4_a0^Oe_O>mN4^a0^Oe_O>lN4_a0^Of_O=lN4_a0_Oe_O<lN6_a0]Of_O=kN5_a0_Of_O<kN4`a0_Of_O<kN5_a0_Of_O<jN6`a0]Oh_O<hN6`a0_Oh_O:iN7_a0^Oi_O;hN6`a0_Oi_O9gN9_a0^Ok_O9fN9_a0^Ol_O7fN:^a0_Om_O7dN:`a0_Ol_O7dN:_a0_On_O6dN:_a0_On_O7cN9`a0@m_O6dN:_a0_Om_O8dN8`a0_Om_O9cN8_a0@n_O7dN8_a0@n_O8cN8^a0@o_O8cN8_a0@n_O8cN7`a0@n_O8cN7_a0An_O9cN6_a0An_O8dN6_a0An_O9cN6^a0Ao_O9dN5^a0Bn_O9dN4_a0Bn_O9dN5^a0An_O;dN3_a0An_O;dN3^a0Bn_O<dN2^a0An_O=eN1^a0An_O>dN0_a0@n_O`0dNO_a0_Oo_Ob0bNO`a0\\Oo_Oe0bNN`a0\\Oo_Of0aNMba0ZOn_Oj0`NLjc03W\\OLic05W\\OKic04X\\OKhc06X\\OJhc05Y\\OJgc06Y\\OJhc06X\\OJgc06Z\\OIgc07Y\\OHgc08Z\\OHfc07[\\OHec09[\\OGec08\\\\OGdc09]\\OFcc0;]\\ODdc0;]\\OEbc0<^\\OCcc0<^\\OCbc0=_\\OCac0=_\\OBac0>`\\OAac0?_\\O_Occ0`0^\\O_Obc0a0_\\O_Oac0a0_\\O^Oac0b0`\\O]Oac0c0`\\OYOcc0f0X101O1O000000001O01O01O001O001O001O00100O00100O001N2O1O001O001O1O1O1N3MSUf4"}}]}