{"images": [{"id": 0, "file_name": "images/aipj17ra.jpg", "width": 1290, "height": 730}], "annotations": [{"id": 0, "image_id": 0, "category_id": 0, "bbox": [209.0, 73.0, 894.0, 594.0], "area": 531036.0, "iscrowd": 0, "segmentation": {"size": [730, 1290], "counts": "_Ye41hf03M2N2N2O1N2O0O2O1O001N101O001O0O2O00001O000O101O000000000000000000000O0_J\\OnDd0P;BlD>T;DjD<U;GiD9W;IgD7Y;KdD6\\;LbD4^;N`D2`;0^D0a;2^DNb;3\\DNd;3[DMe;5YDLf;5YDKg;6WDKi;6VDJj;7UDIk;8TDHl;:RDFn;<P@hNd3m0]<<l_OiNf3l0]<>h_OhNk3j0]<e0cC[O]<f0bCZO^<f0aC[O_<f0`CZO`<f0`C[O_<e0aC[O_<f0`CZO`<f0_C[Oa<e0_C[Oa<f0^CZOb<f0^CZOb<f0^C[Oa<f0^CZOb<f0]C[Oc<e0]C[Oc<f0\\CZOc<g0]CYO^<m0`CTO_<m0aCSO_<n0`CRO_<o0aCQO^<Q1`CoNa<Q1_CoNa<R1^CnNa<T1]CmNc<S1]CmNc<T1\\ClNd<T1[CmNe<S1[ClNf<U1YCkNg<U1YCkNg<U1XClNh<U1WCjNj<W1UCiNk<W1UCiNk<X1TCgNm<Y1SCgNm<Z1RCfNn<Z1QCgNo<Z1PCeNQ=[1oBeNR=[1lBfNT=Z1lBfNT=[1jBeNW=[1iBeNV=]1hBdNX=\\1hBcNY=^1fBbNY=_1fBaN[=`1dB`N[=a1eB_NY=c1fB^NY=d1fB[NY=h1fBXNX=j1hBVNX=`0S@Dd2KY=`0W@C_2N[==Z@CZ20]=;Z@EY2O_=:Z@GU20a=7\\@IS20b=4^@Lo1Od=5_@Jl12f=4^@Jk12g=5^@Ii13j=3^@Ih13k=5]@Hf14m=4^@GT1POfNU1i?3^@GS1ROdNU1k?1`@Ho0SOfNS1l?2`@Gn0UOdNS1o?0`@Gm0WObNS1Q`0Oa@Gj0YObNR1R`00b@Di0]O_NQ1V`0Ob@Ch0l0e>Cc@Af0l0f>Ee@^Od0n0f>Eg@]Ob0n0g>Eh@]O?o0\\>WN`@^1f0\\O=n0]>3VAoN<o0^>2VAPO:o0_>2XAoN7P1a>1XAoN6P1c>1XAoN2R1f>0XAnNOS1j>OWAPOLR1m>NXAPOHS1R?LWAQOET1T?LWAoNDV1V?JVAQOBV1X?IWAQO^OW1^?GTARO\\OX1a?ESATOYOY1e?CRATOVO[1h?BQATORO^1m?^ORAg1P?YNPAf1P?ZNQAe1P?ZNQAe1P?ZNPAf1P?[NPAd1Q?[NPAd1P?\\NQAc1P?]No@b1R?_Nn@`1S?_Nn@`1R?aNm@_1T?`Nm@_1T?`Nl@`1U?[Mh_O:S1Y2W?ZMj_O;P1Z2V?YMn_O<k0[2X?UMQ@?h0[2W?SMU@b0c0[2Y?PMW@d0a0[2[?kLX@j0=Y2Z`0fMg_OY2Z`0fMf_OZ2[`0fMe_OY2[`0gMe_OY2\\`0fMd_OZ2\\`0gMd_OX2]`0gMc_OY2^`0gMa_OY2_`0gMa_OY2``0gM__OY2b`0fM^_OZ2c`0eM^_OY2c`0hM\\_OX2e`0gM[_OY2f`0fMZ_OZ2f`0gMY_OY2h`0fMX_OZ2h`0gMW_OX2k`0gMU_OY2k`0hMT_OX2m`0gMS_OY2m`0gMS_OX2o`0hMP_OX2Pa0hMP_OX2Qa0gMo^OY2Qa0hMn^OW2Ta0hMl^OX2Ta0iMk^OW2Va0iMi^OW2Wa0jMh^OV2Ya0jMf^OV2Za0jMf^OV2[a0jMd^OV2\\a0jMd^OV2n>UMbBe0^NW2o>VMPA4`0?AW2o>XMm@5b0;BX2o>ZMl@3b0<BV2Q?\\Mj@3b0;BW2R?\\Mi@3c09BW2R?_Mh@2c09BV2S?`Mg@2d07AX2T?_Mh@1c08@Y2U?_Mh@Oc09_OZ2V?^Mj@Na0:]O[2W?_Mj@Lb0:\\O\\2X?^Mk@La09[O^2X?_Ml@J`0:ZO^2Z?^Mm@J>:ZO^2[?`Mm@H>:WO`2^?_Ml@H>9VOa2a?_Mk@G=;SOa2e?]Mk@H=;oNb2j?[Mi@I=f3j>bLh@J<d3m>bLf@M:a3P?bLf@O8_3R?cLc@29Z3U?eL`@48X3Y?cL]@:2X3a?_LZ@R5f?oJX@R5h?nJW@S5i?nJU@S5k?mJT@T5k?nJS@S5m?m000O10000001O00001O000O101O00000WKV@TNJX4R`0`M`@\\2`?bMd@\\2\\?bMg@]2Z?aMh@^2X?aMi@_2W?`Mk@_2U?`Ml@_2U?`Mm@_2S?`Mn@`2R?`Mn@`2R?_Mo@a2Q?^MPAa2Q?^MPAb2Q?\\MPAd2P?\\MPAd2P?\\Mo@d2R?\\Mn@d2R?\\Mn@d2R?\\Mn@d2R?]Mm@b2T?`Mi@a2W?`Mh@`2X?`Mh@`2W?bMh@^2X?cMg@\\2Y?eMg@[2Y?fMe@[2[?eMe@[2[?fMd@Z2\\?fMd@Z2\\?gMc@X2^?iMa@W2_?jM`@V2`?kM_@U2a?lM^@T2b?mM]@S2c?nM\\@Q2e?oM[@Q2f?oMX@R2i?mMW@S2i?nMV@Q2l?nMS@S2m?nMR@R2n?nMQ@R2Q`0nMm_OS2T`0nMi_OS2X`0PNa_OR2a`0S20O2O1O2M2O2N001N2O1O1N2OO1000O01OVKo^Om3Pa0nK[_Om3\\4]K^7b0]Do3S4cK]7<eDo3m3gK]77kDP4g3jK]76nDo3e3lK[73UEo3_3oK[71YEo3[3QL[70]Em3X3SLZ7OaEm3T3VLY7MeEl3R3WLX7LhEm3o2XLX7LiEl3n2YLY7JkEl3k2[LZ7IkEl3k2\\LY7GmEm3i2]LZ7FmEm3i2]LZ7FmEm3h2_LZ7DnEm3g2`L[7DmEl3g2bL[7BmEl3h2cL[7AmEl3g2eLZ7AmEk3h2fLZ7@mEj3i2fLZ7AkEj3i1lKgMk0d:_OlEj3i1mKdMm0f:]OkEj3j1nKcMm0g:\\OkEi3k1nKbMn0h:[OjEj3k1oKaMn0i:ZOiEj3m1oK^MP1k:XOgEk3o1nK]MR1l:VOdEm3S2mKWMU1Q;SOaEm3V2iMX8]N^El3Y2iMX8\\N\\El3[2jMX8[NZEm3^2iMY8YNWEo3_2jM[8VNTEQ4a2lMY8SNSES4c2dNb7YMgEV4g2cNb7Z2]HhMd7V2\\HkMd7XNcEl1h2Ne7RNhEn1c21e7oMiEP2a23f7kMkEQ2_25f7gMmET2\\26h7dMnEU2Y29i7`MoEW2X29j7^MoEY2V2;k7ZMQFZ2S2=m7WMQF\\2R2=n7UMQF^2P2?n7SMRF^2o1`0P8PMRF`2n1`0Q8oLQFa2m1a0R8mLSFa2j1d0S8jLSFb2i1e0T8hLTFc2g1f0V8eLTFe2e1g0W8cLUFf2c1h0X8bLUFf2a1j0Z8_LVFg2^1m0[8\\LWFg2[1P1^8XLXFh2j0dL_N_4o2\\KY4i0_Ih2i0a1^1QKW4f0cIh2h0a1^1SKmLLT7h0iIh2g0b1_1XKo3>kIh2g0c1]1XKQ4<lIi2e0d1^1YKo3:nIi2e0d1^1[Kl38QJj2d0d1^1_Ki32VJk2c0d1^1cKd3N\\Jk2b0d1^1fK`3KaJk2a0d1]1iK_3GcJm2`0e1]1iK]3FfJl2`0e1\\1lK\\3BiJm2?e1\\1mKZ3BkJl2>f1]1oKW3_OnJl2>f1\\1QLV3]OQKk2=h1\\1SLS3ZOTKk2=h1\\1WLn2WOYKj2<j1\\1WLm2TO\\Kk2;j1\\1ZLi2RO_Kk2;j1]1ZLg2QObKk29k1^1YLg2QObKk29k1^1YLf2QOdKk28l1]1XLg2QOdKk27m1]1XLg2QOeKj27m1]1XLg2POfKk26m1]1XLg2oNgKl24n1_1VLe2POiKl23o1_1TLd2QOkKl22o1`1SLb2ROmKk21Q2`1cJUMV1\\5ZOPLl2OQ2a1bJTMW1\\5YOQLm2NQ2a1bJUMV1Z5UOXLR3GS2a1_JWMW1Y5SOZLT3ES2a1_JWMW1X5RO]LU3BT2c1\\JWMY1W5PO_LW3@U2j1dKV2PO`LX3_OU2k1cKU2PObLX3]OW2k1aKV2oNcLY3\\OW2d1VJYM[1S5POdLY3ZOW2f1VJXMZ1T5oNeLZ3XOY2f1TJYMZ1S5oNgLZ3WOY2f1TJYMZ1S5nNhL\\3TOY2g1TJYMZ1T5lNiL^3QOZ2g1SJ[MY1S5lNkL^3POZ2c1WJ_MU1S5kNlL`3mNZ2d1XJ^MT1U5iNmLa3kN[2d1YJ^MR1V5hNnLb3iN]2d1WJ_MS1T5gNQMb3hN]2d1gKc2YNRMd3eN]2e1lIbMf1Q5[NVMf3aN^2f1kIbMf1^7Q2YI`2f1dKQ5l1XIa2g1dKo4l1YIa2h1cKo4l1XIb2i1bKo4l1WIc2j1bKm4k1ZIc2i1bKm4j1ZIf2h1aKm4h1[Ih2h1aKk4g1^Ih2g1cIcMi1X7k1^Ik2f1`IfMj1T7k1aIk2e1aIdMj1V7i1bIl2d1`Ki4d1dIl2b1aKi4c1fIl2a1bKh4a1gIn2a1aKg4b1gIn2b1`Kf4b1hIo2c1^Kd4c1jIP3a1]Kd4c1kIQ3g1VK]4j1lIP3g1VK]4i1mIQ3f1VK]4i1lIR3f1VK]4i1mIQ3b1ZKa4d1nIR3`1[Kb4c1mIS3`1[Kc4b1mIS3]1^Kf4TNRIn2k0a3X1bKj4nMWIm2g0c3V1dKl4kMYIm2e0d3V1dKl4jM[Im2c0e3U1eKm4iM[Im2b0f3V1dKm4hM]Im2`0g3V1dKl4gM`Im2?h3U1dKl4fMbIm2<j3W1bKk4gMbIm2<j3W1bKk4fMcIn2;j3W1bKi4gMgIl28l3X1aKi4gMgIl27m3_1ZKb4mMiIl26m3a1XK_4PNjIk26m3b1aIfMU1i6aNjIk25o3b1`IgMT1h6bNkIj24P4b1`IgMT1h6aNlIk22Q4c1^IhMU1g6aNlIk22Q4d1\\IhMW1f6`NnIk20R4e1YIiMZ1d6`NnIk2OS4f1WIjM[1^7[1RIS4g1VIiM\\1^7[1QIU4i1QIjM^1\\7\\1PIV4W2^Ji4\\1oHW4X2]Ji4\\1oHW4Y2\\Jh4]1nHX4Z2[Jh4]1mHY4[1mHPO]1g6]1nHY4Z1nHQO\\1g6]1nHY4Y1oHSOZ1f6^1mHZ4Z1lHVO[1c6_1mHZ4_2WJc4`1nHY4`2VJ`3cN`Jn2_OZ4a2VJ^3cNbJm2^O[4b2UJ]3dNcJl2^O\\4b2TJ]3bNcJo2]O\\4c2SJ_4a1nH\\4d2TJ\\4`1oH]4e2TJ[4_1oH^4g2TJX4_1oH^4i2TJV4_1PI^4k2RJU4`1oH_4l2PJU4c1mH^4n2oIU4c1lH`4n2mIU4]9kKcFU4]9lKbFT4^9lKbFT4_9kKaFU4_9kKaFT4`9lK`FT4`9lK`FT4`9lK`FS4a9mK_FS4a9mK_FR4b9nK^FR4b9nK^FR4b9nK]FR4d9oK[FQ4e9oK[FP4f9PLZFP4f9PLZFo3f9QL[Fo3e9QLZFo3g9QLYFn3h9RLXFn3h9RLXFn3h9RLXFn3h9RLWFP4h9PLXFo3i9QLWFm3k9TLTFk3m9ULRFl3o9SLQFl3P:TLPFl3P:ULoEj3R:VLnEj3R:VLnEj3R:VLmEj3T:VLlEj3U:ULkEj3V:VLjEj3V:VLjEj3V:VLjEi3W:WLiEi3QOTIl:R3SFj3POVIl:P3TFi3POXIl:o2TFi3POXIl:o2SFj3POXIn:n2QFj3QOXIn:n2QFi3QO[Im:l2RFh3QO]Im:k2RFg3QO_In:i2QFg3RO`Im:i2QFg3QOaIn:h2QFg3QOaIn:h2QFf3RObIn:g2PFg3QOcIo:f2PFg3QOcIo:f2PFg3QOcIo:f2QFe3QOdIo:f2QFf3oNeIQ;d2PFf3POfIP;d2PFe3QOgIo:d2PFe3QOgIo:d2PFe3POgIR;c2oEe3oNhIR;c2oEe3oNhIR;c2PFd3nNhIS;d2PFd3lNeIW;g2nEc3jNeI[;g2lEb3iNgI\\;f2lEc3fNiI^;d2lEa3dNoI`;`2mE]3fNSJ];`2mE]3fNRJ^;a2lE]3eNSJ_;`2kE]3fNTJ`;^2jE^3fNTJ`;^2jE^3eNUJa;]2jE^3dNUJc;]2iE^3dNUJc;]2iE^3cNVJ?E`:g2^F^3cNUJ>I`:d2^F_3dNTJ=K`:b2_Fo3PO`Ia:a2_Fn3QOaI`:a2_Fn3PObIb:_2]Fo3RObIa:_2]Fo3RObIa:_2]Fo3QOcIb:^2]Fn3ROdIb:]2\\Fn3ROeIc:]2ZFn3TOeIb:]2ZFZ3fN^J?Jc:]2XFZ3gN_J=Ke:\\2VFZ3gN`J=Kf:[2VFZ3gN_J>Lf:Y2UF]3gN^J=Mh:W2TF^3fN_J=Mk:T2RFR4SOkIl:R2QFR4ROnIo:n1nEU4ROnIR;k1lEV4ROPJT;h1jEX4QOQJV;f1iEX4QOSJW;d1hEY4POTJY;b1gEZ4oNUJ[;`1fEZ4oNWJ\\;^1eE[4nNXJ];]1dE\\4mNYJ_;[1dE]4iN[Jd;W1cE_5]:aJcE_5]:aJcE_5]:aJcE_5]:`JdE^5^:bJbE^5^:bJbE^5^:bJbE]5`:bJ`E^5`:bJ`E^5`:bJ`E^5`:bJ`E^5`:bJ`E^5`:bJ`E^5`:aJaE_5_:aJaE_5`:`JaE`5^:`JbE`5^:_JcEa5]:_JcE`5_:^JbE_5a:`JaE^5a:aJ`E]5b:aJ`E^5`:bJbE\\5_:cJbE[5`:cJbE\\5_:cJbE\\5_:cJbE\\5_:cJaE\\5a:bJ`E^5`:bJ`E]5b:bJ_E\\5b:dJ^E\\5c:cJ]E]5c:cJ]E\\5e:cJ[E]5e:cJ[E]5f:bJZE]5h:bJXE^5h:bJXE]5j:bJVE]5l:aJUE_5l:`JTE`5m:_JSEa5n:^JREa5P;^JPEb5P;^JPEb5P;^JoDc5Q;ZIUCm0j1i5R;WIWCo0g1i5SOYIU;n0hEi5RO[IU;l0hEi5SO]IT;k0hEh5SO_IT;i0iEh5SO_IU;h0gEj5SO`IU;f0hEj5SO`IU;f0hEj5SO`IU;f0hEj5ROaIV;e0gEk5ROaIX;c0fEl5QObIZ;a0dEn5QObI\\;>dEP6cNVIN>n;9`ET6cNVIN>P<7_EU6cNWIL?Q<5_EV6cNWIM>R<4^EW6cNWIL?T<2\\EZ6bNVIN>T<2[E[6bNVIN>U<1[E\\6`NWIN=U<2\\E[6_NPJT<E^E`7b:nGkC;c1j6^N`IT<ZOlC<b1j6^N`IT<ZOmC;`1m6^N^IU<ZOmC;`1i7c:lGnC:_1j7c:kGoC;^1k7b:jGQD:]1l7c:iGQD:\\1m7b:jGTD6[1P8a:jGWD3X1R8b:kGXD1V1T8b:kGZDNT1X8b:iGQFW8P:hGPFX8Y<001O0000000000000000001O000gAeGS>[8mAeGS>[8mAeGS>[8mAeGS>[8mAeGS>[8mAeGS>[8mAeGT>Z860000000fAfGT>Z8lAfGU>Y8jAhGV>X8iAjGV>V8iAkGX>\\8WB`GV=`8iBbGW=]8hBeGW=[8hBfGY=Y8gBgGY=Q8ZBPH>NX=o7_BQH;MW=Q8`BPHT>P8lAPHU>o7lAPHT>P8kAQHU>o7kAQHU>n7lASHS>m7lATHT>l7lATHg0MY30i4o7VGVHd00Z3Oi4l7XGUHd01Z31h4i7YGVH2I:9b30h4h7YGWH3H9:b32g4e7ZGXH4G9;`33h4c7ZGYH5G1OM<k33f4c7\\GXH5G02K;l33g4a7\\GYH6F0c0g2CiM<l7m7dGaG0d0f0@j06oN8l7n7nGVH:@NL1;J7n7l7RHSH7DLN18L>DUOi7a8dHRH4FMNO8Nf0\\7]7gHPH2ILN06Of0\\7k6TH^Hc042JJ0040f0[7k6WH\\Hc05OLKN050g0[7i6XH\\Hc05OLKOO50g0[7h6YH\\Hc06NLJ0O51f0[7g6YH]He05LNIO042h0X7f6\\H\\He05LOGO151i0X7c6^H\\He06KOGO142k0V7a6`H\\He06K0FO142l0U7_6bH\\Hd07LOE1034m0S7]6dH\\Hc09LNE1025n0Q7]6fH[Hc09LNE1O45m0Q7\\6gH[Hc09K0D1026o0o6Z6iH[Hb0;KOCR170o6Y6jH[Hb0;Km1JUOn6X6kH[Hb0<Jm1JUOn6W6kH\\Hb0<Kl1IWOn6U6mH[Ha0>Jk1JWOn6U6mH[Ha0>Kk1HXOn6S6oH\\H`0>Kk1GZOn6Q6PI\\H`0>Kk1G[Om6P6QI\\H`0?Jk1F[Oo6o5QI\\H`0?Jl1D\\OP7m5RI\\H`0?JU4d6o2RI]H`0`0IT4e6o2QI^Ha0?JT4c6o2RI^Ha0?JT4c6b3cI[HIS4d6b3cI[HIT4d6`3bI]HJT4c6_3cI^HIS4d6`3bI]HJT4c6_3bI^HKT4c6]3bI`HJS4d6]3bI`HJT4c6\\3cI`HJT4d6[3bIbHIT4d6Z3bIcHJS4d6Z3bIcHJT4d6e2TIbH>f0JS4c6d2VIcH=f0JS4c6d2WIbH;h0KS4c6b2WIcH;i0JS4c6a2XIbH<j0IT4b6`2YIbH<j0IT4b6a2XIaH=j0IU4a6`2XIbH>j0HT4c6R3dIjHIU4b6Q3eIjHIV4a6P3eIkHJV4`6o2fIkHJV4`6P3dIkHLV4_6W3]IcH4X4\\6g4cI[K[6e4eI\\KZ6d4fI]KX6d4hI_KT6c4kIaK8\\JP5R:iJeK1`JQ5l9nJcLm4]3SKiLf4X3ZKlLb4T3^KnL:dHc3_:TLnL5eHg3]:TLQM1dHj3[:ULSMLeHn3Z:UL^Mj3b2VL^Mj3b2VL_Mi3a2WL_Mh3b2XL^Mh3b2XL^Mh3b2XL_Mf3b2ZL_Me3b2ZL_Me3a2[L`Md3`2\\LaM5VHg2Y:TMbM3XHh2U:UMeMOYHk2R:VMgMLXHn2R:UM\\Nj2d1VM]Ni2c1WM]Ni2c1WM]Ni2c1WM]Nj2b1VM_Ni2b1VM^Nj2b1VM^Nj2b1UM_Nk2a1UM_Nk2h:00000000000O100010N1000000000010O000fMW\\Oc1ic0SNY\\OJ0R2hc0QNd\\On1Td0O2O6J2N2N7I2N1O0O100O10001O1O2M1mNbZOj0_e0TOcZOk0^e0TOcZOk0ge0N2O0_OQZO6Qf0HQZO5Rf0HQZO5]\\U4"}}]}