{"images": [{"id": 0, "file_name": "images/fjzjxuue.jpg", "width": 1290, "height": 730}], "annotations": [{"id": 0, "image_id": 0, "category_id": 0, "bbox": [140.0, 17.0, 896.0, 674.0], "area": 603904.0, "iscrowd": 0, "segmentation": {"size": [730, 1290], "counts": "fWT31hf010001N10000O101\\ZOKad05_[OL_d05a[OK_d05a[OK_d05a[OK_d05a[OJ_d07a[OI_d07a[OI_d08`[OH_d09a[OG_d09a[OG_d09a[OG_d09`[OH`d08`[OH`d08`[OH`d08`[OI_d07`[OIad07`[OH_d09Q1000000ObZOKYd05d[OO[d01d[O1[d0Od[O3Zd0Nf[O3Yd0Mg[O3Yd0Mf[O5Xd0Lh[O5Wd0Ki[O5Wd0Kh[O6Xd0Jh[O6Yd0Ig[O7[d0Gd[O:]d0Ec[O<]d0Cc[O=]d0Cb[O>]d0Cc[O<^d0Cc[O=Yd0Gg[O9Xd0Hh[O9Wd0Gh[O:Xd0Ei[O;Wd0Ei[O;Wd0Ei[O<Vd0Ck[O=Ud0Bl[O>Td0_On[Ob0Qd0^OP\\Ob0Pd0^OP\\Ob0Pd0^Oo[Oc0Qd0]Oo[Oc0Qd0]Oo[Oc0Qd0]On[Od0Qd0]Oo[Oc0Qd0]Oo[Oc0Qd0]Oo[Oc0Qd0^Om[Oc0Sd0]Om[Oc0Sd0]Om[Ob0Sd0_Om[Oa0Sd0_Ol[Ob0Td0^Ol[Ob0Td0^Ol[Ob0Td0_Ok[Oa0Ud0_Ok[Oa0Ud0_Ok[Oa0Td0@k[Oa0Ud0_Ok[Oa0Td0_Om[O`0Td0@l[O`0Td0@l[O`0Td0@l[O`0Td0@l[O`0Sd0Am[O?Sd0Al[O`0Td0@l[O?Ud0Ak[O?Ud0Bj[O>Vd0Bj[O>Vd0Bj[O=Vd0Dj[O<Vd0Dj[O;Wd0Di[O=Wd0Ci[O<Xd0Dh[O<Xd0Dh[O<Xd0Dh[O;Xd0Fh[O:Xd0Fg[O;Yd0Eg[O:Zd0Ff[O:Zd0Ff[O9[d0Ff[O:Zd0Ff[O9Zd0He[O8\\d0Hd[O8\\d0Hd[O8\\d0Hd[O7]d0Ic[O7]d0Ib[O8^d0Hb[O8]d0Ic[O6^d0Jb[O6^d0Jb[O6^d0Jb[O6^d0Ja[O7_d0Ia[O6`d0J`[O6`d0J`[O5`d0L`[O3ad0M_[O2bd0N^[O2bd0N^[O1cd0O\\[O2dd0N\\[O1ed0O[[O1ed00Z[OOgd01Y[OOgd02W[ONjd02V[ONjd02V[OMkd03U[OMkd04T[OKmd05R[OLmd05S[OJnd06R[OJnd06Q[OKod05Q[OJPe06oZOKQe05oZOKQe05oZOJRe06nZOJRe06mZOJTe05mZOKSe05mZOJTe06lZOJSe07lZOIUe08jZOGWe09iZOGWe09hZOHXe08hZOGYe09fZOHZe09eZOF\\e0:cZOG]e09bZOH^e08aZOI_e08_ZOIae0g0010000000O10000O1000000O10000O10000O010000TGSOkKm0R4XOlKh0T4YOkKg0U4ZOjKe0W4\\OhKd0W4^OhKb0X4_OYGA;P1]8_OUGF;k0`8_OSGI<h0a8AoFI`0e0b8ClFJ`0d0d8CjFJb0c0d8DhFJd0b0e8DeFLe0`0f8EcFLg0?lLSOd:c0fGNi0<lLVOb:a0hGNj0;kLXOn92WEb0T3Kk09kLYOl9V1^HXOk08jL]Oi9W1`HVOl06jL^Oh9X1aHUOm05iL_Oh9Y1aHTOm04iL@i9X1`HUOn03hLAj9X1_HTOo03gLCj9V1`HTOo02gLEj9V1_HSOP12gLEj9V1^HUOP10gLFk9U1]HVOQ1OfLHk9T1\\HVOS1NfLHk9T1\\HWOR1MfLJl9Q1[HYOS1KgLLj9Q1ZHYOU1JfLNj9o0[HYOU1JfLOi9o0ZHZOV1HfL1i9m0[HZOV1HfL2k8[ORGb1V2YOW1GfL5h8^ORG]1X2ZOX1FfL6f8APGZ1\\2YOX1FeL8e8j1\\IZNY1DfL9c8j1^IYNY1DeL<b8g1_IZNZ1CeL=`8h1`IXN[1BfL`0]8f1bIYNZ1AfLb0\\8e1cIYN[1@fLd0Z8d1dIXN\\1@fLf0X8b1fIXN\\1@eLh0k0_Nl5S3VKWN^1^OfLk0e0aNo5P3XKVN^1^OeLn0b0aNQ6n2ZKVN]1]OfLQ1<aNW6l2YKUN^1]OeLV13bN`6g2YKUN_1\\OeL]2b64YKSN`1\\OeL]2a66YKRN`1[OfL]2a66YKRN_1\\OfL^2a65YKQN`1\\OfL^2a66XKPNa1[OgL`2_66XKPNa1ZOhL`2_67VKPNc1YOhL`2`66UKQNc1YOgLb2a64TKQNd1YOgLc2`63UKRNc1YOgLb2b63SKRNd1YOgLc2b62RKRNe1YOgLc2c61QKSNe1YOgLd2c6OQKUNd1XOhLe2c6NPKUNe1XOgLh2c6JQKVNe1XOgLi2c6IoJXNf1VOhLk2b6FPKYNf1WOgLl2b6DPKZNf1VOhLn2a6AQK[Nf1VOgLQ3a6^OQK[Ng1WOfLQ3b6]OPK[Nh1WOeLT3b6YOPK^Nh1VOeLT3c6XOoJ^Ni1VOdLW3c6TOPK`Nh1VOdLV3e6TOnJ`Ni1WOcLV3f6ROmJbNj1WOaLV3i6QOkJcNj1b3\\3kMhJdNl1b3\\3jMfJeNn1a3]3jMdJfNn1`3_3jMaJgNP2^3a3lM]JfNR2^3b3lM[JfNS2^3d3kMXJgNT2^3e3jMWJiNR2]3i3jMTJiNS2]3j3iMSJjNS2]3k3iMQJkNT2Z3m3jMoIlNT2Z3n3jMmIlNU2Z3o3iMlInNT2X3R4jMiInNT2Y3T4hMhIoNT2X3R3lJ^Jm2;oNU2X3n2SK`Jf2<oNV2X3l2WKbJ`2=QOT2W3k2\\KdJ\\2<QOU2W3i2_KfJY2;QOV2V3h2bKhJW29ROV2U3f2fKkJS28ROW2U3c2kKlJo19QOX2T3b2oKmJl18QOY2T3a2QLnJi18SOX2R3a2TLPKg16SOY2R3a2ULQKe14TOZ2Q3a2WLSKb12WOZ2o2a2YLSKa11WO[2o2`2[LTK_10WO\\2n2a2]LRK_10VO]2n2a2]LSK^1OXO\\2m2b2^LSK]1NXO]2l2d2`LoJ]1OWO^2l2e2dLjJZ11VO`2k2f2gLhJX12UO_2l2i2gLfJW12VO_2l2j2fLgJW1OWO`2k2l2gLdJX1NWOW1kM\\Oo4l4fLdJX1MXOU1PN\\Oh4Q5gLaJY1LYOR1VN\\O`4W5hL_JZ1IYOU1VN[O_4Z5gL]J\\1GXOV1XN[O\\4]5gL\\J^1CXOZ1WNYO\\4`5fLZJ_1AYO\\1VNYO[4b5fLYJ`1^O[O^1SNYO\\4c5eLZJ`1ZO]O`1SNXO[4f5dLZJS4h0oJWOY4i5eLXJR4g0RKWOW4l5dLVJR4g0UKUOT4Q6cLSJU4e0VKVOR4S6cLRJT4e0XKUOP4W6cLoIT4e0YKUOo3Z6cLlIT4e0ZKUOo3\\6aLkIV4c0[KUOm3_6bLjIT4b0]KUOm3`6bLiIS4c0]KTOm3c6bLfIS4c0^KTOm3f1YKa2Y1RLR4b0aKTOk3d1^Kd2T1PLR4c0bKUOi3a1cKi2o0nKR4c0dKTOh3_1gKl2l0lKR4c0dKVOg3Z1lKR3g0kKQ4c0fKUOf3X1nKX3d0gKR4d0fKUOf3V1oK]3c0cKQ4e0hKTOd3V1QLa3a0aKP4e0iKSOe3U1QLe3`0`Kn3d0kKROf3Q1ULk3;`Km3a0nKROf3n0VLQ49]Km3a0oKROg3k0WLW45ZKn3b0PLQOg3h0XL]43XKm3b0RLPOg3e0ZLc4OUKn3b0SLQOg3`0]Li4KTKm3b0TLQOi3;^LP5HQKl3d0TLPOl35`LW5DPKk3d0ULPOP4LaLa5_OoJj3e0ULoNo5_5RJmJi3e0VLoNo5a5RJjJh3f0WLoNo5b5RJhJh3g0XLnNn5e5RJeJg3g0ZLoNm5f5TJaJe3i0[LPOl5g5UJ^Jd3k0\\LoNk5j5VJYJc3n0\\LoNj5l5XJVJb3n0]LoNh5Q6YJQJ`3P1_LmNg5V6YJoI]3n0dLlNf5Z4]IoLl0oNZ3m0gLjNe5Y4cIPMg0QOX3l0jLiNc5Z4fIQMd0oNZ3l0jLiNa5[4iIQMb0nNZ3k0mLiN^5]4jIRMa0lNZ3k0oLiN\\5\\4mITMd0eNT3R1m3T3^HVMf0]No2Y1m3S3`HWMV5DZ2S3cH[MQ5B[2Q3hH]Ml4B[2m2nHbMf4@cKjNU5P4hJgM^4_OeKjNT5m3mJkMY4^O]2f2\\InMV4ZO^2h2]IoMT4YO^2g2aIPNP4YO^2h2bIPNP4WO\\2j2eIQNm3UO]2j2hIQNj3TO^2l2hIRNh3RO_2l2kISNe3PO_2m2mITNc3oN^2o2oISNb3nN^2P3QJRN`3nN^2P3SJTN]3lN`2P3TJTN[3lN`2Q3UJTNZ3kN`2R3XJSNV3lN`2R3[JSNS3kNa2S3^JRNo2kNb2U3_JQNm2jNc2W3aJoMj2jNc2Z3eJkMf2kNe2\\3fJhMc2lNf2_3hJcMa2nNf2a3jJaM_2mNf2f3jJ\\M_2nNg2h3lJWM\\2QOh2k3lJSMZ2SOk2l3jJPMY2TOo2m3hJnLW2UOT3m3cJoLW2TOY3m3^JoLX2TO]3n3YJmLY2UOa3n3TJnLZ2SOd3P4SJjLX2WOe3P4TJgLV2YOg3R4QJeLW2YOi3T4PJaLV2[Ok3W4oI[LU2^Om3Y4mIYLT2^OP4Z4lIWLS2_OQ4]4kISLS2AR4_4kInKR2AU4c4jIjKo1CX4e4kIeKk1F[4f4lIbKg1H]4i4mI\\Ke1L^4l4mITKd10`4P5jInJf11a4R5jImJb11d4U5jIjJ_11h4V5iIhJ^12i4Y5hIbJ`15i4Z5jI[J^1;i4\\5lIRJ\\1b0h4_5SNaJm1a5RN^Jo1d5nM]JR2f5jMZJV2h5hMXJY2i5eMXJZ2j5dMVJ\\2m5aMSJ`2Q6[MnIf2U6WMkIj2U6UMkIk2W6SMiIm2Y6QMhIo2[6mLeIS3_6iLbIW3`6gL`IX3d6dL\\I]3f6`LZI`3i6]LWId3e3^GWNl4TNh3_3bG^Nc4SNm3[3cGdN]4QNQ4Y3dGhNX4oMW4FXG]2<0R4nM_4mNSG0:P377j3lM^5g1oF?`3jMa5d1SGd0Y3hMd5b1VGi0S3dMg5a1YGm0m2bMj5_1\\GQ1g2`Ml5\\1bGV1_2^Mo5X1gG[1Y2\\MP6W1lG_1o1ZMT6V1VH^1a1]MW6T1]H_1Z1\\MX6S1hH[1o0bMY6Q1RIU1f0jMV6Q1WIR1d0mMT6Q1[Io0b0PNS6P1RJnMZL8Mk0a0POV3P1o5P1fJQNl0o0]4P16POHR18nNGS19mNEU1;kNCV1>jN@X1`0iN]OY1c0gNZO\\1g0cNUOa1k0^NROe1o0[NnNh1R1XNmNj1S1VNjNl1V1TNiNm1X1RNeNR2[1mMcNV2]1iM`N^2\\1bMcNe2W1[MhNZ3d0fL\\Oh36XLIm34RLLo33QLMP43oKMQ43PLLP44PLMo34PLLP44PLLo35PLLP45oKKP47oKIQ4>gKCX4e0_K]O`4^901O100O00001O001O100O1O101O0O2O1O1O2M2O4L3M3M5K3M3jLo\\O]2Vc0[Mm\\Oe2Xc0QMm\\Oo2`c00N2O3a]OaM]`0g2h^OmMWa0k300O1O100O1O1O001N2N2N1O2N2M3N1O2M3H8I6M4L4N2O10O01ZD^IS7c6gHfIV7Z6eHkIZ7U6aHRJ^7n5\\HXJd7h5WH]Ji7b5SHcJm7]5mGhJU8V5iGmJX8R5fGoJ]8n4`GVKb8h4WG^Km8^4nFgKU9V4gFnK\\9o3_FVLf9e3WF_Ll9]3QFfLR:W3lElLV:R3cETMa:h2XE`Mk:\\2QEhMU;S2aDWNd;e1SDbNo;]1jCjNV<V1fCmN\\<S1]CSOc<o0VCUOj<^5O00001O0O1N2O2`N]FfEe9Z:bFZEc9f:X11O2N1O1O2N2N2N2OhEWE`8g:`GZEa8d:_G]Ec8a:\\GaEd8]:\\GdEe8Z:[GgEf8W:[GiEf8U:ZGlEg8R:YGoEh8o9YGRFg8l9YGUFh8i9YGXFg8e9[G[Fe8d9\\G\\Fd8b9]G`Fb8_9_GaFb8]9mFTFUO`0l9\\9mFWFVO>j9]9nFYFWO;f9_9SGWFVO=`9`9ZGUFUO=k8Q:PHcETOa0g8l9UHeESO`0f8k9WHeETO?f8k9VHgETO>f8k9UHhEUO<g8k9UHiETO<g8j9UHjETO>f8g9VHlEROa0f8a9XHoESOa0d8_9YHPFSOc0d8Z9[HRFROe0b8W9]HUFQOd0b8U9^HXFoNd0c8R9_H[FmNc0e8o8aH]FkNc0e8n8aH`FiNd0e8i8dHdFeNg0d8d8hHZHX7e7hH]HV7d7jH\\HV7c7jH_HT7b7kH`HS7`7mHiHc3\\MlMl9`NjH]3hMjM^9iNlHY3nMhMV9oNmHW3RNeMR9TOmHV3UNbMo8XOmHU3VN_Mn8\\OmHT3XN]Mk8_OoHS3XN[Mj8AoHT3YNYMg8DPIS3[NVMe8GQIS3]NRMc8JQIT3^NoLa8MRIT3aNjL^80SIV3bNfL[84TIV3cNcLZ86TIW3eN^LX8;TIW3nNaKeM;\\:l0RIX3m9iLSFW3m9hLTFX3l9gLUFX3l9gLTFZ3l9eLUF[3j9eLWF[3i9dLXF\\3h9cLYF]3f9cL[F]3e9bL\\F^3c9bL^F^3b9aL_F_3`9bL`F^3`9aLaF_3^9aLcF_3\\9aLeF_3Z9aLgF^3Z9`LhF`3W9`LjF`3U9`LlF`3S9aLmF_3R9aLoFCVLn2k<^MPGC[Lj2d<cMRGC\\Lh2b<dMSGC^Lg2^<fMUGC^Lf2]<fMVGC_Lf2Z<fMYGD^Le2Y<fMZGD`Lc2V<iM[GDaLa2T<kM[GCcLa2R<kM\\GDcL`2Q<kM]GDdL`2o;kM^GEcL`2o;jM_GFcL_2n;jM`GGcL^2l;jMcGGdL\\2j;lMbGIeLZ2i;kMdGKeLX2g;mMdGJhLV2e;oMdGKhLU2d;oMeGLhLT2c;oMfGMgLT2c;nMfGNiLS2a;nMgGOiLQ2a;oMgG0iLP2`;nMiG2hLo1`;mMiG3iLo1^;lMjG6iLm1];lMkG7iLk1_;kMiG:hLk1b`0VN__Oi1a`0WN__Oi1a`0VN`_Oi1a`0WN`_Oh1_`0YNa_Og1_`0YNa_Og1^`0ZNc_Od1]`0\\Nd_Od1[`0]Nf_Ob1Z`0^Nf_Ob1Y`0_Ng_O`1Z`0_Ng_Oa1X`0`Ni_O_1W`0aNi_O_1W`0aNi_O^1X`0bNh_O^1X`0aNi_O_1V`0aNl_O^1T`0bNl_O]1U`0bNl_O^1S`0bNn_O^1R`0aNP@^1P`0bNP@]1Q`0bNP@^1P`0bNQ@]1o?cNQ@]1n?eNQ@[1o?eNQ@[1o?fNQ@X1o?iNQ@W1o?jNP@V1P`0jNP@V1P`0jNP@V1P`0jNQ@U1n?lNR@T1n?lNR@T1n?lNR@S1o?mNQ@S1o?mNR@R1n?nNR@R1m?oNS@P1o?oNQ@Q1o?nNS@P1n?POR@o0o?QOQ@n0P`0ROP@m0Q`0ROP@m0Q`0SOo_Ol0R`0SOo_Ol0R`0TOn_Ok0S`0UOn_Oi0T`0VOl_Oj0U`0TOl_Ok0U`0UOk_Ok0V`0TOj_Ol0V`0TOk_Oj0W`0UOi_Ok0W`0UOi_Ok0W`0UOi_Ol0W`0SOj_Ol0V`0TOj_Ol0V`0SOk_Om0U`0SOl_Ol0T`0TOl_Ol0T`0TOm_Ol0R`0TOn_Ol0R`0TOn_Ol0R`0SOo_Om0Q`0SOo_On0P`0ROP@n0P`0QOR@n0n?ROR@n0n?ROR@n0n?ROR@o0m?QOS@o0l?ROU@m0k?SOU@m0k?SOU@m0j?TOV@m0i?SOX@l0g?UOY@k0g?UOY@k0g?UOZ@i0g?VOZ@j0e?WO\\@h0d?XO\\@h0d?XO\\@h0d?WO^@h0a?YO_@h0`?XOa@g0_?YOa@g0_?XOc@g0]?YOc@g0\\?ZOd@f0\\?ZOe@e0[?[Oe@e0[?[Of@d0Z?\\Of@d0Z?[Og@f0W?[Oj@d0V?\\Oj@d0V?\\Oj@d0V?\\Ok@c0U?]Ok@c0T?^Ol@b0T?^Om@a0S?_Om@a0S?_On@`0Q?Ao@?Q?Ao@?Q?APA>P?BPA>o>CQA=o>CRA<n>DRA<n>DRA<n>DSA;m>ESA;m>ETA;j>FVA:j>FVA:j>FWA9i>FYA8h>HYA6h>JXA4j>KXA2j>NVA1k>OUA0k>0WAOi>1WANj>2VAMk>2WAMi>3YAJh>6YAIg>7ZAGg>8n300000O10000000O0100000O2O0O2N2O0O10O001000NdWh00^hWO0000000ghd5"}}]}