{"images": [{"id": 0, "file_name": "images/hve32ggo.jpg", "width": 1290, "height": 730}], "annotations": [{"id": 0, "image_id": 0, "category_id": 0, "bbox": [108.0, 70.0, 987.0, 612.0], "area": 604044.0, "iscrowd": 0, "segmentation": {"size": [730, 1290], "counts": "oY]25bf05K6L4L3M4M1N1O2N2W]OSOc?n0[@UOc?l0\\@VOb?k0\\@WOc?j0[@YOc?h0\\@ZOb?f0[@_Oc?b0Z@Af?>Z@Ce?=[@Cf?<Y@Eg?<X@Eg?;Y@Eg?<W@Ej?;U@Fj?:U@Gk?:T@Gj?;m_OhNRNn0Qb0:m_OhNRNo0oa0;n_OgNQNo0Qb0:n_OLQ`06n_OKQ`05o_OLP`05o_OLP`04P@Mm=eNTB_1MMl=hNVB\\1MMj=kNWBX1OMh=nNXBU1ONh=oNWBT11Mf=ROXBR10Mb=XO]Bk01Mb=YO\\Bj02Na=ZO[Bh04Na=]OWBg07Lb=BRBb0;Mc=JiA9d0Mc=Mf@fNj0`1m0Md=3^A1l0Mf=3]A0m0Ne=3]AOm0Of=3\\AOm0Ni=2YA0m0Ol=0VA2m0Nn=1SA2m0NR>OPA3l00T>No@2l01V>Ln@4k00W>Mm@3k01X>Mk@3m00X>Nj@2n00X>Oi@1o00X>0g@1Q1OY>1d@0S1OZ>3_@OX1MZ>T2fAlM[>S2eAmM\\>S2cAmM]>S2cAmM^>R2cAmM^>S2aAlM`>T2`AlMa>S2_AmMb>R2^AnMb>R2_AmMb>S2_AjMQ1`No:f3QDiMh0jNV;]3RDiMg0kNW;\\3RDjMf0jNX;\\3RDjMe0kNY;\\3PDjMf0lNY;Z3QDjMf0lNY;Z3oClMg0kNY;Z3nCnMg0jNZ;Y3mCnMi0jNY;X3mCoMi0lNX;U3nCPNj0kNX;U3mCQNj0lNX;S3mCRNk0lNW;R3mCRNl0mNW;Q3lCSNf0UN[Ni0R=o2lCTNg0SO];i2kCUNg0TO];g2kCVNh0SO];g2kCVNh0TO\\;f2kCWNh0UO\\;d2lCWN<oMQOW1f<c2lCXN<RNoNT1h<b2mCXN=RNmNT1j<a2lCYN?QNiNV1l<`2lCYN?RNhNT1n<a2kCZN?]Of;Y2kCZN?]Of;Y2jC[N`0]Of;X2iC[Na0]Of;X2hC\\Nb0]Oe;W2hC\\Nd0]Od;W2hC\\Nd0^Oc;W2hC[Ne0^Oc;W2hC[Ne0_Ob;V2iC[Ne0@a;U2jC[Ne0A`;T2kC[Ne0B_;S2lC[Ne0B_;S2lC[Nf0A^;T2lCZNg0B];T2kC[Ni0AZ;U2mCZNi0AZ;V2lCYNi0B[;U2lCXNj0B[;W2jCWNj0C\\;W2iCUNl0D[;W2hCVNm0C[;W2hCUNm0E[;V2gCVNl0E^;U2fCUNj0I`;R2eCVNg0Ld;n1eCUNd01f;l1dCTN=9o;c1dCSN?:l;c1dCTN`09l;c1dCTN`0:k;c1dCRNb0;j;c1dCRNb0:k;d1cCRNb0:l;c1bCRNb0;m;b1aCSNc0:m;c1`CRNd0;l;d1_CQNe0:m;e1^CQNf07n;h1[CRNg04P<j1YCRNg03R<k1VCRNh02S<l1UCQNi03R<l1UCQNi02T<m1RCPNk03T<l1QCQNk02U<n1oBPNk03V<m1oBPNk03W<l1nBQNk03W<l1nBPNl04V<l1nBPNl05U<k1oBPNg0oMWOV2T=i1oBRNf0PNUOV2W=g1nBRNi08\\<b1mBVNg08]<_1oBXNd09]<^1PCYNc09]<^1oBZNd08]<_1nBYNf07\\<d1iBVNk06\\<l3eCRL\\<n3cCSL]<m3aCTL`<m3^CSLd<l3ZCULg<]1`BgNg0Lj<\\1`BhNe0Ho<b1[BfNd0IQ=R4mBoKR=S4mBlKS=X4iBiKW=X4hBgKY=Z4eBgK[=Z4dBfK\\=[4cBeK]=\\4aBeK`=Y2jBoLDi0b=X2lBnL^Ol0g=V2kB[OT=f0lBZOT=f0lBYOU=g0jBYOW=g0iBXOY=h0eBWO]=i0VBbK4e3h=h0SBfK1c3m=g0QBgK1>N]2Q>^1PBgK0?0[2P>j1PBjK0\\2P>j1SBgKM_2Q>j1QBgKM`2R>b1QB^K1`0L^2S>d1PB_K0?M^2S>l1oAgKN]2S>n1mAeK1[2T>c2nA\\MR>d2nA\\MR>d2nA\\MR>d2mA\\MT>d2lA[MU>e2kA[MU>e2jA\\MV>c5101NYDbGT9^8kFdGT9[8lFgGS9X8mFjGoM2Y:T8hGjGmM5Z:P8jGlGjM5\\:n7jGnGiM6\\:k7lGQHfM4]:l7jGUHdM3b:f7hGSIW8m6gGVIX8i6gGYIY8b6^EnGY2b1X8`6lG`IT8`6lG`IT8`6kGaIU8_6kGaIU8`6jG`IV8_6jGbIV8^6jGbIV8]6jGdIV8\\6iGeIX8Y6hGhIX8X6hGhIW8Y6hGhIX8W6iGiIW8W6hGjIX8U6iGlIV8T6iGmIW8R6WGUHfNi1S:R6UGXHfNg1U:P6TG\\HcNh1X:l5TG^H`Ni1\\:i5SG_H_Nj1]:g5UGiJk8W5TGkJj8V5UGkJk8U5TGlJk8T5UGnJi8S5VGnJh8S5RGUKk8l4UGVKh8k4XGVKg8k4YGUKf8k4[GUKd8l4[GTKe8m4[GSKc8o4]GPKc8Q5\\GPKc8P5]GQK[8P5[FlGY1V3X8Q5kGSKS8n4eGgGlN_3]9l4eG\\KW8f4iG[Kf7V5ZHkJc7W5^HiJ_7Y5aHiJ\\7X5cHjJ[7W5aHmJ]7U5`HmJ^7V5\\HoJd7R5mGfF1Z4R8R5lGYKT8h4kGXKU8i4kGWKS8l4kGUKP8P5PHPKl7T5SHlJj7X5WHUJ5QLc7l9ZHPJT8T6lGjIR8Z6oGdIP8]6QHcIm7_6SH`Il7c6SH]Il7d6SH]Ik7e6UH[Ij7f6UH[Ij7g6THYIk7l:N2N2O0O2O0O10K50001O01O0O2N2O1N100O2O0O00F:1010O010O001O000O1001O0010O10OO2N2O1N3N1N2N3N1O1O1O1O1O1O1N2O2M2K5O1O1O2N1O1O1O1NTJ^Bd2`=\\McBc2\\=^MdBb2\\=]MfBb2Y=^MhBc2V=]MkBRMKS5Y=YMdBkM:GKT5R=^MkBeM:GJU5R=]MnBdMd0o4]<\\MTC_Mb0U5Z<ZMZDf2f;\\LkBSO`1`4e;]LnB]N45Z1o4d;aL^C]No0Q5c;cLYE\\3g:dLZE\\3e:eL[EZ3f:dL\\E\\3c:cL_E\\3b:aLaE_3_:[LhEc3Y:mKWFS4i9hK]FW4c9eKaF[4_9cKdF\\4\\9dKdF[4]9dKdF\\4]9aKfF^4k=O1O1O1O1000001N1001O001O0010O000000000000000O10O100O1O1O1O1000001O000000O2O0001O1_OTKR_Om4l`0YKo^Oj4m`0^Kl^Of4Pa0d0N2N010^OXJP@h5n?\\JP@d5o?`Jm_Oa5R`0cJj_O^5U`0d0O1O1O1O1CZId@h6Z?\\Ic@d6[?`Ib@b6\\??N1N3M2O2O1O0O2O1N2O0O2M3A\\HeAf7Z>>N101O001GbGUB_8g=hGUBY8i==N1O2N2O1O1O1O1O2N1O1M3N2N200O1O100O100O2O0O101N10000O100TCYFe<P:N001O0JkEgCV:W<lEhCT:X<kEiCT:3oEh;MUDT:1RFi;JVDT:OUFk;FVDe:o;102M10000OO2O1O0_OnCYFS<f9QDVFQ<i9oCRFW<m9hCQF]<l9dCSFh<b9XC^Fi<a9WC_Fj<a9TC`Fm<e9101O0O2M4M3N3L6lF]Bf8P>L1N1O5L1M3N2M5L3L3M3GVA^Hm>`78N1O2M3M3K6L4RId@X6Q`0M3N101N101N2L5UJV_O^5Ua0L4K500O11N1000000000000001O3QKc^O[4na0000000000O1000000O100000000001O1O2N4L2N2N1N2O0000j_OQL`=P4^BULj8HZIT4iM]LZ8AaE:R4h3RN`LX88bIX3UNbLX89`IV3UNdLY89`IS3UNfL[88_IR3TNiL[88_IP3TNiL]8:\\Im2VNkL]8;[Ii2UNoLa88YIi2PNUMh84UIg2RNVMi8;mH_2YNWMk8<iH]2[NXMl8<hH\\2[NZMl8:iH\\2ZN[Mn89gH\\2ZN\\Mo89fH[2ZN]MQ99cHZ2oMiKYOf1U:8aH[2nMjMa9L`HZ2nMkMb9M]HZ2nMkMe9L\\Hg2_M`MT:LhEmMX2\\7Q8QKmGo4S8RKlGn4T8TKiGm4W8UKgGk4Y8VKeGk4\\8TKcGl4_8TK_Gm4b8RK]Go4d8QKZGP5g8PKXGo4j8PKUGQ5k8PKTGP5l8PKTGo4n8QKQGo4o8RKPGm4Q9TKnFk4T9VKjFi4X9hKVFW4m9jKPFU4S:jKlEU4V:kKiEU4W:kKhEV4X:kKdEX4\\:hK`E\\4_:eK`E[4a:eK^E\\4c:dK[E]4e:dKZE\\4f:dKYE]4h:dKVE[4l:eKSE[4o:cKQE]4P;bKPE^4Q;aKoD_4Q;aKoD_4R;aKlD`4T;`KlD`4V;_KiDa4_;XK`Dg4e;VKYDk4h;UKWDk4i;S3000O100O3M4K6K4L3M101N10000O2O1N2M4M2O1N2O00001N2O3L3N1N2O0O101O0O10001N2O3M3QGYBe8n=0N3M201O000iLSGaHm8^7TGbHk8^7WGaHi8^7XGbHh8]7ZGcHe8Z7^GfHb8W7bGhH]8T7hGmHW8o6nGPIR8P7oGoHQ8`N^GaN2g7?YKQ8[NRHY6N]Kn7XNXHZ6L\\Kk7YN\\HY6K]Ki7YN\\H[6K[Ki7ZN]HZ6J]Kh7YN^H[6H^Ki7VN`H\\6G_Kh7UNaH\\6GaHWOd2a8_NaH]63QK\\7bNaHa62kJ\\7dNcHb61hJ\\7eNdHd60fJ[7gNfHc6NfJ\\7gNfHc6OeJ\\7gNfHc6NfJ\\7fNhHc6LfJ^7fNgHc6LfJ]7gNhHc6JfJa7^NlHj6EgJd7gM]G1]1`7BhJV8dM[Hb7@kJQ:U5oEkJQ:T5PFaHfNV2Z;X5QF`HfNX2Y;W5WFiJi9W5VFjJj9U5WFkJi9U5WFkJi9U5XFkJg9V5ZFhJf9X5]FfJc9Z5cF_J]9b5cF]J]9c5dF\\J\\9d5dF]JZ9d5fF\\JZ9d5gF[JY9e5hFZJX9g5gFYJZ9f5fFZJZ9g5gFaHRN^1X;P6PGnIP9S6QGkIo8V6QGhIQ9W6oFiIR9V6nFiIT9V6mFiIT9V6lFiIV9V6jFjIV9V6jFjIW9V6hFjIX9W6gFiIY9W6hFgIY9Y6gFgIX9[6gFdIZ9\\6fFdIY9]6hFaIY9_6gFaIY9`6fF_I[9a6eF]I]9c6cF]I]9d6bF_HoM>`;S7bF]HQN>];V7aF[HTN>\\;V7QGiHo8W7QGiHP9V7QGiHo8X7PGhHP9X7QGgHo8Z7PGfHQ9Y7PGfHP9\\7UG\\Hl8e7UGXHm8g7S301O001O1O010O2O0O100O010O00010O100O1O10O0100O1O1000OmLm@`NS?^1PAaNo>_1SA`Nm>^1VA`Nj>`1WA_Ni>a1WA_Ni>a1WAlKC[2V?i1aATN`>l1cAQN]>o1dAPN[>Q2eAoM[>Q2fAoMY>Q2gAoMX>R2hAnMW>T2iAlMU>U2kAkMT>V2lAkMR>V2nAjMQ>X2nAiMR>U2oAkMS>S2mAnMS>Q2lAPNU>n1lASNT>l1lAUNT>j1lAWNS>i1mAXNR>h1nAYNR>e1oA\\NP>d1PB^NP>`1PB`NR>^1nAbNT>\\1kAeNW>Y1iAgNW>Y1hAhNY>X1fAhNZ>X1fAhNZ>X1fAhNZ>X1iA\\LPOn1W?f1TBZNl=Aj@:Z15l=^On@<V16k=^OQA:U19i=\\OTA:S1:i=[OVA:Q1<h=YOXA;P1<g=YOZA;P1;f=YO[A;P1=d=WO]A<P1<b=YO^A;R1:_=\\O_A:S19[=@bA7S19X=CdA5S19V=EgA2S19T=GiA0S19S=HjAOS19R=IjAOT19Q=HkAOT19P=IlAOS18Q=IkA0T18P=GmA1S18P=FoA1Q1:o<DQB2P1;n<BSB3o0<m<ATB3o0<n<_OUB4m0>m<^OVB4m0>n<\\OVB6l0?o<YOUB8k0`0R=UOTB;j0`0R=TOUB=i0^NcN_1`>ETB>[1La<EUB`0Z1Ib<GTB`0Z1Hc<GSBc0Z1Dc<JSBb0Z1Db<KTBa0Z1D`<MVB?Z1E^<LXB`0Z1D]<MYB>[1F[<LZB>Z1G[<K\\B>Y1GZ<K^B>X1HY<IaB>V1IX<IcB>U1IX<ImB4k03X<InB3j04X<IoB2i05X<HPC2h07Y<FPC2g08Y<FPC2g08Y<FPC2g07Y<GRC0f08Y<HQC0f08Y<HQC0f07Z<IPC0f07Z<IPC0e08[<GQC2c07\\<GQC2c06]<GRC3?7_<FRC3?7_<ERC5?eNUNT1Z>1SC6`0`NWNX1V>1TC8k0FQ<1TC:k0ER<0SC:l0FQ<OTC;l0EP<0SC<m0CQ<0SC<n0Co;0TC=n0Bn;1TC=P1@l;2TC>R1]Ok;6SC=S1YOm;9PC?T1TOo;<nB`0S1SOP<=lBa0T1QOP<>mB`0T1iN\\MDd>S1mB?T1aN_<o0^B`0S1_Na<Q1\\B`0S1^Nb<R1[B?c`0@^_O`0c`0_O]_O`0d`0_O]_Oa0c`0\\O__Od0c`0YO__Og0a`0XO`_Oh0``0XO`_Oh0``0WOa_Oi0``0VO`_Oj0``0VO__Ok0a`0UO__Ok0b`0SO__Om0a`0SO__Om0b`0RO]_Oo0d`0fN`]OMl1]1e`0`Ne]O1g1_1e`0^Ng]O1d1a1Vc01O0002N2M2O1O0O1N3N1O1O1000000O100000001O00000O010O1O1O1O1O100O101N1O2O2M6J3M3M2M4LUeZ4"}}]}