{"images": [{"id": 0, "file_name": "images/nssnm8db.jpg", "width": 1290, "height": 730}], "annotations": [{"id": 0, "image_id": 0, "category_id": 0, "bbox": [189.0, 100.0, 927.0, 501.0], "area": 464427.0, "iscrowd": 0, "segmentation": {"size": [730, 1290], "counts": "TRW44af0<E8I7J6K2N3L4M2N2O1O1O2M2O2N1O1N2O1O2N1O1O1O001O1O0010O01O00100O00100O0100O010O100O10O10O01O001O001O010O001O10OjMQNa_OP2\\`0VN`_Ok1\\`0[Na_Oe1\\`0`Nb_Oa1[`0bNd_O^1Z`0fNc_O\\1[`0fNb_O]1[`0gNb_OZ1\\`0iNb_OY1[`0jNd_OV1[`0lNd_OU1Z`0nNd_OS1Z`0oNe_OR1Y`0POe_OQ1Z`0ROd_Oo0Z`0SOe_On0Z`0SOe_On0Y`0TOf_Ol0Y`0VOf_Ok0Y`0VOf_Ok0X`0WOg_Oi0Y`0YOe_Oh0Z`0ZOd_Of0[`0\\Oe_Od0Z`0]Oe_Od0Z`0]Oe_Oc0Z`0_Of_Oa0Y`0@f_Oa0Y`0@g_O?Y`0Ag_O`0X`0@j_O>V`0Cj_O=U`0Cl_O<T`0Dn_O;Q`0EP@:P`0FR@9m?GU@7k?Ja@eMnNi1``0b0o@]OP?d0PA]Oo>c0QA]Oo>c0QA]Oo>c0QA^On>b0RA^On>c0QA^On>b0RA^On>c0QA^On>b0QA_Oo>a0QAjMdNR1Z`0U1QAgMhNS1W`0W1QAdMiNV1U`0V1RAdMiNV1U`0W1QAbMkNX1T`0U1QAbMmNX1R`0W1PA`MoNZ1P`0V1RA]MPO]1n?W1SAVMSOd1a<fNlE_2SOkNa1\\Nj5?_I[2UOjN`1_Nj5>`IZ2TOkN_1_Nk5?aIW2TOmN^1^Nl5?cIV2oNQO`1[Nn5?bIV2mNSOa1XNP6a0aIT2mNUO`1WNR6`0aIU2jNWOa1UNT6`0aIS2iNZO`1TNV6`0`IS2gN]Oa1oMZ6a0]IS2gN_O`1nM\\6`0^IS2dNC_1jM_6a0]IS2cNE^1gMd6a0ZIS2dNF]1fMe6b0ZIR2bNH]1dMi6b0WIS2aNJ]1aMl6b0UIT2`NK]1`Mo6`0UIU2]NM]1^MS7`0RIV2]NN\\1\\MU7`0SIV2ZN0\\1[MX7?QIW2ZN0\\1YMZ7`0QIW2WN2\\1XM]7?oHX2WN2\\1VM_7`0oHX2UN3\\1UMa7?nHZ2TN2\\1UMc7`0mHY2SN3\\1TMe7?lH[2RN3\\1SMf7`0lHZ2QN4\\1QMi7`0jH\\2PN3\\1RMj7`0jH[2oM4\\1QMl7`0iH[2oM3\\1RMl7a0hH[2oM3[1RMn7a0hHY2oM4[1QMP8a0fH[2nM3\\1QMP8b0fHZ2nM3[1QMR8a0fH[2mM2[1RMR8b0eHZ2oM2X1SMT8a0fHZ2nM1X1TMU8a0dH[2oMOX1UMU8a0eH[2nMOW1UMW8`0eH\\2mMNW1UMX8b0cH[2oMMV1VMX8b0dH[2nMLV1WMY8b0bH\\2oMJV1XMY8b0cH[2nMLU1XMY8a0dH\\2nMJU1YMY8a0dH]2nMHU1ZMZ8`0dH^2mMGU1[MZ8a0cH^2mMFV1[MZ8a0dH^2lMFU1[M[8a0eH^2kMEU1\\M\\8`0dH`2kMCU1]M\\8`0dHb2iMAW1]M\\8`0eHb2gMAX1]M\\8a0dHa2iM@V1`M\\8?eHb2hM@V1_M^8>dHc2hM@V1_M^8?cHc2iM^OV1`M^8?dHb2hM_OV1`M^8`0dHb2gM]OW1aM^8`0fH`2eM_OW1aM^8a0hH]2bMAX1aM_8`0hH]2bMBV1aM`8a0gH]2bMAW1aM`8a0gH]2bMAW1aMa8a0fH]2aMAX1aMa8a0fH^2`M@X1bMb8a0fH]2_M@Y1bMc8`0eH_2^M_OZ1bMc8a0eH]2^M@Z1bMd8`0dH_2]M_O[1aMe8b0bH^2_M^OY1cMf8b0bH]2^M^OZ1cMf8c0aH\\2_M^OZ1cMg8c0`H\\2^M^O[1cMg8c0`H\\2]M_O[1cMh8c0`H[2\\M_O\\1cMi8b0`H\\2ZM_O]1cMi8c0_H[2[M_O]1cMj8c0^H[2ZM_O]1cMl8c0]H[2ZM_O]1cMm8c0\\H[2XM@_1bMm8d0]HX5eNTJP9c0^HV5bNWJP9d0]HU5cNWJQ9d0[HU5cNWJS9e0ZHR5dNYJS9d0YHS5dNYJS9e0ZHP5bN\\JU9d0YHo4bN\\JW9e0WHn4aN^JX9e0VHm4bN^JY9e0UHl4aN_J\\9d0SHl4bN`J[9e0RHk4bNaJ]9d0QHj4bNbJ^9c0QHj4`NcJa9c0nGj4`NdJc9b0mGi4_NeJf9b0kGh4^NgJh9a0iGh4^NgJk9`0hGh4\\NhJm9a0fGg4]NhJn9a0eGf4\\NiJQ:`0cGg4[NjJS:?aGg4[NjJV:?_Gf4YNmJY:<_Gg4UNnJ]:<^Ge4TNPK_:;\\Ge4SNQKc::ZGc4SNSKe::XGb4\\M\\J?i0n:9WGa4[M^J>i0R;8UGh4fMRKV;6TGg4cMUKZ;5RGf4bMWK];4PGe4`MXKb;3mFf4^MYKf;1lFm5V9SJjFl5W9SJiFl5Y9UJfFi5\\9WJdFh5]9XJcFf5`9YJ_Fg5b9YJ]Fg5d9XJ]Fg5d9YJ[Ff5g9ZJYFe5h9[JXFd5i9\\JVFd5l9\\JSFb5o9^JQFa5P:_JoEa5R:_JmEa5T:_JlE_5V:aJiE_5X:aJgE_5Z:aJfE^5[:cJcE\\5_:eJ`EZ5a:gJ]EY5d:hJZEW5h:iJXEV5h:kJWEU5j:kJUEU5l:lJSES5n:mJQER5Q;oJmDQ5S;QKlDn4U;SKiDm4X;TKgDk4Z;UKeDk4\\;VKcDi4_;VK`Dj4b;VK\\Dj4f;VKYDi4i;VKVDj4l;VKSDi4m;ZKPDe4Q<^KmCa4T<`KjC`4Y<_KfC`4g;SJ[C_1k0]4\\;UJ]C4;]1i0Z4];fJjCQ1g0Y4\\;jJlCQ1e0T4^;SKfCl0i0Q4_;VKgCk0h0n3`;ZKfCj0j0k3_;fM^DZ2`;kM^DT2a;oM]DQ2a;SN]Dm1c;UN[Dk1d;WN\\Dg1d;\\NZDd1e;^NZDb1f;_NYDa1g;`NYD_1f;cNYD]1g;dNYD[1f;hNXDX1h;iNXDV1h;kNWDU1i;mNUDT1j;nNTDS1k;SMRDkN1R4m;RMTDk4k;UKUDl4j;UKUDl4k;R3O2N101N2O2M2O1N2O2N2N2M3N1O1O2N1O1O1O1OSNUElGh:T8\\EiGd:U8`EjG^:V8dEjG[:U8hEjGW:U8kEkGS:U8oEkGP:k1`Eb2c0bKm9m1_E`2f0cKj9n1]E`2l0`Kg9R8_FjGa9U8cFiG\\9V8gFhGX9X8jFfGW9Y8lFeGT9Z8nFeGR9Y8RGdGo8[8TGcGk8]8WGbGi8]8ZGaGf8]8]GaGc8_8`G_G`8_8bGaG]8^8fGaGZ8]8hGcGX8Z8kGfGT8X8oGgGR8R3`EX1b2eKn7R3`EX1e2eKj7T3`EV1i2dKh7U8[HjGe7T8]HlGc7R8_HmGa7S8`HmG`7Q8bHnG_7Q8cHnG]7Q8dHnG\\7R8eHmG\\7R8eHnG[7P8gHnG[7P8hHnGY7P8iHoGW7P8kHoGV7P8kHoGV7o7mHnGU7P8l3N101N2O1O1N2O001O1O0010O0100000O10O10O01O10O0100O001O10O01O001O00001O0000O100O2N1N2O1N2O1O1O001O2N1O1O1N2N2O1M3N2N2M2O2N2N2N2O1N2O1N2O0O2O1EnFkBU9S=:N2N101O1N101O1O10O01O100O1O010O1000O010O1000O010O10O1lJRC<n<DRC=l<CUC=k<BVC>j<ZO^Cf0a<ZO]Ci0b<WO_Ci0`<VObCj0];QKoDT4Fk0W;YKnDk3Ll0V;]KjDd34o0Q;`KhD_39R1n:bKfDZ3>U1k:dKcDR3i0Z1c:fKaDn2o0]1`:AbE`0]:^OfEb0Y:\\OiEd0W:VOoEk0P:ROSFo0l9mNXFT1g9jN[FW1e9gN\\FZ1c9dN_F]1a9_NbFa1^9[NfFf1Z9SNlFn1S9QNnFP2R9mMQGS2n8lMSGU2m8iMTGX2l8gMTGY2m8eMTG\\2k8cMVG^2j8_MXGb2h8YM\\Gh2d8hLkGX3U8aLRH`3n7]LTHd3l7[LTHf3l7YLTHh3l7XLSHi3m7WLRHj3n7ULQHl3P8SLPHn3P8RLoGo3Q8PLoGQ4Q8nKoGS4Q8lKnGV4R8iKnGX4R8hKmGY4T8eKlG\\4T8[JiD`0S3T5U8[JjD?Q3W5U8YJlD?n2Y5W8VJmD?l2[5X8UJmD?k2]5Y8QJoD?h2a5Z8oIoD>h2c5[8nInD=g2f5\\8kIoD<f2i5]8iInD=e2k5]8gIPE;d2o5]8dIQE;b2Q6[9jIgFW6Z9dIiF]6i<001O001O0010O0001O00001XN]IeA5Z1_6o<kIlBU6U=nIgBS6Y=QJbBP6^=SJ^Bm5c=WJXBj5h=XJUBi5k=YJRBh5n=YJPBg5Q>[JkAg5U>^1100O2O1O2M2O1N2O2N1N2O1O1N2O0O2N10O001O1N101N2O1N2O1O001O00O0100000001O0000O1001O1O1N2O2N1O2N1O2N2M3N1O2N1O2N1O2N1O2N2N1O3M2N1O2N2O0O2N1O2O1N2N1O2N1O2O1N1O2O1N2O1N2N2O001O001O1O0O2OXGdCR7i;_GcD]1GT7c;bGeDY1IU7a;cGfDX1JT7`;eGeDV1LU7^;gGeDS1NW7\\;gGdDR11W7[;iGbDo05Y7V;\\ImDk6k:TIWEm6g:RIZEo6e:PI]EP7b:oH`EQ7_:nHbER7^:mHdER7\\:mHfES7Y:lHiEFUOj5R;_JlEBUOo5o:^JnE^OXOT6i:^JQFYOYOY6f:]JUFSOYOa6a:[JZFoNWOf6_:[J]FjNVOl6\\:YJaFgNUOP7Z:YJdFaNUOV7W:XJfGi5Z8VJfGj5Z8TJhGm5W8RJkGm5U8RJlGo5S8PJnGQ6R8mIoGT6P8lIQHT6n7kISHV6m7hITHX6l7hITHY6l7eIUH[6k7dIVH]6j7aIXH^6h7aIYHR2mLU1j:hLYHQ2PMW1f:gL\\Ho1PMZ1e:eL\\HP2PM\\1c:cL^HQ2oL\\1d:bL]HQ2PM^1c:_L^HS2oL^1d:]L^HT2oL_1c:]L]HT2PM`1d:ZL\\HV2QMa1b:XL]HV2SMb1a:UL]HY2SMb1`:SL]H\\2SMb1b:nK\\H`2SMb1c:iK\\He2RMc1X>^NhAb1V>_NjAb1U>^NlAb1S>_NmAa1R>_NoAa1P>_NPBb1n=_NSBa1l=_NUBa1j=_NWBa1h=_NXBa1g=`NZB`1e=`N\\B_1d=bN\\B^1b=cN^B]1b=cN_B]1_=dNbB[1]=fNdBY1Z=iNgBV1X=kNiBU1U=lNkBT1T=mNmBR1R=POnBP1P=PORCo0n<QOSCn0l<TOTCk0l<UOTCk0k<VOVCi0j<VOXCi0h<WOYCi0f<WO[Ch0e<YO[Cf0e<YO]Cf0c<ZO^Cf0`<[OaCd0`<[O`Cf0_<ZObCe0^<[OcCe0\\<\\OdCd0[<\\OfCd0Z<[OgCe0X<[OiCe0V<\\OiCe0W<ZOjCf0U<YOmCg0S<XOnCROaNSO`=k1PDPOdNSO[=m1RDoNfNROX=n1SDoNgNROU=o1TDPOhNPOS=P2VDoNhNQOQ=P2XDoNgNQOo<Q2[DmNgNROi<U2aDiNfNROe<X2fDeNfNSOb<X2jDdNeNSO_<[2mDaNeNTO[<]2QE]NgNUOV<_2SEbMRN^Of0`0T<a2UE`MSN]Oe0b0P<c2YE^MRN\\Of0b0o;d2ZE^MRNZOf0d0n;c2[E_MRNXOf0f0l;c2]E^MSNWOe0g0l;c2]E_MTNTOe0i0i;d2_E_MUNQOd0l0h;c2`E`M^OKS;d2`E`M^OLR;c2`EbM_OJQ;c2aEcM^OIR;d2`EbM_OJR;b2`EdM_OIQ;b2aEeM^OIQ;a2bEfM]OHR;a2bEgM]OGR;`2bEhM^OFQ;`2bEkM^ODP;a2bEkM^OCQ;a2bEkM_OCo:a2cElM^OCo:`2cEnM_O@P;`2bEPN^O@P;_2cEPN_O@o:^2cERN_O^Oo:_2cERN_O_Oo:]2bEUN@[OP;_2aEVNAWOQ;a2_EWNCQOS;h2YEXNY=f1hBZNX=e1iBZNX=e1iB[NX=c1hB^NX=a1iB_NW=`1jB`NW=]1kBbNV=]1jBdNW=Y1kBfNV=Y1jBhNV=W1jBiNX=U1iBkNW=S1kBlNV=S1jBnNW=P1jBPOV=n0kBROW=l0jBTOV=j0lBUOV=i0jBWOW=f0lBZOU=c0mB\\OT=c0lB^OU=`0lB_OU=`0kBAU==mBCS=<mBDU=9mBFU=7lBJU=4kBLW=2iBOX=OhB1Z=LhB4Z=HgB9\\=@hB?Z=WOnBj0U=lNRCT1Ya0010O10O0010O10O10O010O001O010O010VOmNl[OT1Rd0oNm[OP1Td0QOj[OP1Ud0SOg[Oo0Yd0SOc[On0]d0h00O010O10O010000O10O10O1000O01000000O100O2O000O10001N100O100O01000O10O010000O10O010O0O2O001O001O1O01O010O1O100O1O100O1O1O2O0O2N1O2O0O2M2O2N1N3M3N2M3M3N2M5J5Kchk3"}}]}