{"images": [{"id": 0, "file_name": "images/u7dbbgo6.jpg", "width": 1290, "height": 730}], "annotations": [{"id": 0, "image_id": 0, "category_id": 0, "bbox": [12.0, 12.0, 1263.0, 710.0], "area": 896730.0, "iscrowd": 0, "segmentation": {"size": [730, 1290], "counts": "ff84ff01O1O001O00000000000000001O000000000O100000010O000000001O0000001O0001O01O00000Z@i0i7WOnG\\1h7dNSHc1k7]NSHg1k7ZNRHm1i7SNTHQ2k7oMRHU2n7jMPHY2o7gMoGa2l7^MPHj2l7UMoGX3j7hLRHa3bJYLS=6YHj3d7VL[Hl3d7ULZHn3d7RLZHU4a7lK\\HX4b7hK\\HZ4d7fK[H\\4d7dK[H^4d7bKZHd4a7^K[Hh4b7XK]Hj4b7VK]Hk4d7UKZHm4e7SKZHQ4\\K]LZ<BYHR4]K^LX<@ZHR4`K]LV<@ZHS4bK]LT<_OWHc3fKUL;g0h;@UHi2PLPMm06gN4U<LUH\\1ULeN`2GSM4Q<4VH[1ZLcNc20k82WH[1]LaNb24h80XH]1]L`Nb24h8OXH^1]LaNc21h80WH_1^LaNe2Ne82WHa1]LcNd2Kg82UHj1VL`Nj2Ej80UHl2QLoL20Z26]9OUHh3VLPLf19P:OQHk3VLPLg18d3JdJ8a5KYNn3TLoKj16Y3h0>UOZNW4oMmKV3i0a0SOYNY4PNkKo2n0i0nNWNZ4QNkKk2?ZKBd5JUN[4SNjKe29`K_O3Oh54lM\\4UNhKb29R2DUMR4_LeKm1;\\25Y2HnLW2hLeMX35i02^2MgLf1`LTNd46@JkK4n62aL\\1l1bNbN4Z3NVLW1aLfN^50_N7\\3LUL_1Q2^N\\N8^3KTL`1R2]N[N8`3KRLa1jLXNP54_N;g3IoKa1iLYNR52\\N:n3IjKd1iLXNS52YN3X40aKd1kLWNU51UN3\\41^Kf1kLUN2NP2N^N0d15V12_43YKg1oLQN12[1NeN=6Gk10R14e41UKi1WMSNl0KPOZ1P2lNn04k4ORKk1WMSNm0]1Q1bNk05o4NPK]2jM\\M\\Oe1n1`Nk04R5NnJ^2dMWMCY2i1PNo04T5NlJ_2eMHZ1fMP15W5MjJa2cMI[1dMP14Z5OfJ`2fMKY1bMo04]5NdJZ2XMbM`0a2Y1]Mn06`50_JT2YMfM5O>e2R4`Mf32ZJT2`N;[3`Mn31VJW1]MeNj1c22YM?6U62SJc0cM]OLJh1f22YM<7X60RJb0hM\\OHLg1h22WM9:^6LPJc0fM_OGKi1h22VM8:`6KPJe0cMGN^OZ1m2<UM7:b6KnIc1`MYN[1l2<UM87d6LmIl1iNo0>RM67g6LlIm1bMlMj0X3i0lL85j6MhIY2YNn0j0gL:5l6MgI`2fMZM0`3\\1dL:3o6OdIc2dMZM0_3^1cL92R70bIn2cM?_1bL81U70`Ij6ROVI71W7O`Ij6ROVI62X7N`Ik6POVI82W7MaIk6POVI73X7L`Io6nNRI93Z7L_IQ7mNiHjNM_1=\\7L]IT7VOcHO0m78mHi0QNCF_O31Oa4]1\\KM0P87lH=cN]OZO19MHe4W1^KI2V83lH:0U4SO]KH3Y81kH:2V4QO\\KH3[81jH:2W4PO[KH3]81iH:1Y4POYKH3_81gH;jN^O2k45YKH2a81fH;iN_O2l45WKI2a81fH;iN@0m46UKI2c82dH:hNBWOM<U5c0oJJOg83`H;iNCUOO;V5d0lJIOk82_H;gN2@h4d0lJGNP91^H:fN6_Og4e0kJENT90\\H<dN7@e4g0jJDNV90[H<VN^ONk0Ne4h0iJCNX9O[H=TNDHa6n0aICMY90YH>SNb6h0SIBM\\9OWH?SNc6g0RIBM^9OVH>UNEIa6k0`ICL_91SH;\\NBMb6b0bIBLc93PH9TOBSOT6i0lIYO3j91lG8Hh5ZOnIQO2R:0jG8Jj5WOXJV9FiG7Lk5TOWJX9GgG9Kj5UOWJY9FgG9Kk5SOVJ\\9GdG:Li5SOWJ]9FdG:Lk5QOTJ`9GcG:_O]OPOa6:RJd9FcG9LQ6lNoIg9G`G9MR6jNnIj9G_G9\\O@TOe65kIm9G^G9\\O@SOg64iIP:H\\G8]OAQOg66hIP:H\\G8]OCoNf67gIQ:H[G9]OFlNd69fIS:G[G9]Oh6QOZIY:EXG9^Oj6lNZI_:CWG9]Oe7]9SHUG8^Od7^9UHSG7nN]OJ<C]7c:bHRG8mNBE8LF4V7]:SIPG7nNDB70B7W7Y:UIPG7mNFA62A7W7Y:UIPG6oNF_O80B7V7[:TIPG6oNF_O8NE7T7]:SIPG6oNF^Oa04b6`:QInF6POF^Ob02c6a:oHoF6POE_Od0Oc6c:nHoF6POBBg0Kd6d:mHoF5QOBBi0Ib6g:mHmF6QOACY4HDg:\\LmF6QOACX4JDe:]LlF7RO@CX4JDe:]LlF7RO@BY4KCe:]LlF8POAAY4MBg:[LkF9POB_O[8f:jGkF:nNV8W:aGjF9oNW8V:`GkF9POX8S:_GlF9ROS9W9dFgG7TOW9S9bFiG6UO]9m8]FnG6VOb5ZOgM_9bLPH5WOc5YOiM^9^LRH6WOe9d8UFUH7VOf9c8SFWH7VOU4^Oe0T9oJXH8UOT4@f0Q9nJZH8TOT4Bj0l8kJ\\H9UOR4Cn0h8gJ`H9UOQ4DQ1e8fJaH8VOP4FR1c8gJ_H8WOn3HT1a8hJ^H6XOo3IT1`8gJ_H6XOo3IU1_8fJ`H7VOP4IW1^8bJcH8TOP4KX1\\8`JeH7VOQ4F]1\\8[JgH7ZO^:l7ZEkH7KQ:X7eEoH9LR:S7eEPI9OT:n6bETI9OX:j6_EWI9OZ:h6^EXI80\\:f6\\EYI:0Q4hNa1m7TJ[I:0P4jNd1h7SJ]I91P4jNk1a7lIdI91Q4hNk1d7kIaI:3f:[6QEaI94f:[6QEaI94f:[6QEaI93g:\\6PEaI:2f:]6PEaI:2f:]6QE_I:4e:]6QE_I:3]9kNPGc7YO_I;2\\9kN\\F02c7K`I;2P:kNmEa7GbI=oNWOk0d;b6gDeIe0XOQOLg;V7cDfIf0VOV;S7TDgIg0TOX;S7QDiIh0SOX;S7QDiIg0TOX:M^EU7CjIh0ROW:1^ER7CkIi0QOV:4]EP7CkIl0oNS:8^Em6ClI\\<XOPDl6DkI]<ZOoCj6DlI]<[OPDh6BmI^<[OQDg6AnI^<\\OQDe6BnI]<\\OSDe6@oI^<ZOSDg6_OoI^<YO]CF>Q7GPJ^<XO^CI<n6HQJ_<VO^CJ=n6FRJ_<UOZDh6WOSJa<RO[Dj6SOSJh;QOoC?a1Z6hNVJf;IcEo5gNXJf;IeEm5eNZJf;IgEl5bN[Jh;HfEm5bN[Ji;GfEm5aN[Jk;FfEn5_N\\Jl;EeEo5_N\\Jm;DeEP6]N\\Jn;DgEn5[N^Jm;EiEm5YN^Jn;EjEl5XN_Jn;ERE]O]O^6C`Jo;DPEA]OZ6DaJP<BPED\\OX6EaJo;CPED]OW6DbJP<APEG[OW6DaJR<@oDH\\OV6CbJm9UOjG<YOH\\OU6DbJi9[ORFHc1?@I]OT6E`Jc9M_G0fN\\O011L8<6m5J_J_99[G`1YOh3M^J_9;YGa1[Oe3M_J_9<WGSOPOS2<P4N^J^9=XGROPOT2:^NFe4;YK]9>YGPOPOV26_NLc48YK^9?XGPOQOV23`NNb48YK^9?YGnNQO[31o18XK]9`0[GkNPO^31n17YK]9`0cGY2iNo17WK]9a0cGY2jNn16XK]9a0cGY2jNn17WK[9c0dGW2kNo17VKZ9d0eGV2kNo16WKZ9d0eGV2kNP26UKZ9e0fGU2kNP26TKY9g0nGn1dNV25UKY9h0nGl1dNW26SKX9k0nGl1cNW26PKY9P1lGj1eNV26mJZ9W1^FaNo0W3ROT27lJX9j1[GV1VOU26kJX9l1[GU1VOT27jJX9o1ZGS1WOT27jJX9o1ZGT1UOT29iJX9o1ZGT1UOU28hJY9P2ZGS1TOU29gJY9R2ZGS1QOV2<eJY9R2[GZ1POg1=lJW9U2\\GW1QOh1;lJW9V2^GU1QOh1;lJU9[2]GP1TOh1;lJS9`2\\Gk0VOi1=iJQ9e2\\Gi0UOi1S:]MjFj0ROi1T:\\MkFW6U9hImFX6R9gIPGX6o8iIRGV6[OXGo8d2cF\\Ml0g8@bGi8d2fGd0SO`1=[Kg8e2gG?VOa19^Ki8c2gG>XO`18_Kh8d2hG>WO_1:^Kg8e2iG>TO`1<]Kg8e2jGa5@iGf8g2jG_5AiGe8h2kG^5AiGc8j2mG]5@hGb8l2oG[5@hG`8n2QHY5@iG]8P3SH9QOV1?aK\\8R3SH7ROV1?aK[8T3TH4ROW1`0`KZ8T3VH5oNW1a0`KZ8S3XH5mNX1b0^KZ8T3ZH5iNY1c0^KZ8S3[HQ5[OlGZ8T3[Ho4ZOnGY8V3]Hl4YOoGX8V3`Hj4WOQHV8Y3cHf4TOTHT8Z3iHa4SOVHS8Y3kH`4SOVHQ8[3mH^4ROVHR8]3lH\\4SOVHQ8^3mH[4ROWHQ8^3nHZ4ROWHP8a3eGULQ1S8YOWHP8k3fHm3[OWHo7l3gHl3ZOYHn7k3iHk3YOZHm7l3kHi3XO[Hm7a3eG\\LW1h7VO[Hn7a3YIR4iN]Hm7a3\\IQ4hN\\Hm7c3[IQ4hN\\Hm7b3\\IR4gN\\Hm7c3\\IQ4fN\\Hm7d3]IQ4eN[Hl7R4TIc3oN\\Hi7W4VIoNiNg09SLe7[4YIjNiNh08WL`7Y4aIgNhNg07YL`7Y4cIfNeNh09TLc7^4`IfNdNg0:TLb7Z3PH`Mb1Z2bNh0:SLc7Z3QH`Mb1VObNe2NX1:RLc7Z3SHfLO8Y2]2gMY1<PLc7\\3SHbL56U2c2dMY1b8\\OjJYOeLZ1`8]OmJXOdL[1]8\\OQKZObLY1\\8]OTKYO`L[1[8\\OUK[O_LX1\\8\\OUK@\\LT1_8[OVKB]LQ1\\8[OYKE[Lo0\\8ZO[KGZLo0Z8ROdK0SLl0Y8QOgK3RLk0;ULV7g2dL8nKi05[LX7b2hL:lKh04\\LX7`2jL=jKf04]LY7\\2lLb0fKf04\\LZ7Y2oLe0dKe0Q8eN\\Lh0aKd0R8cN^Lj0`Kb0R8cN_Ll0^Ka0S8\\NfLT1WK?T8XNiLZ1SK>T8QNoLb1mJ<T8QNPMd1kJ;V8oMPMf1kJ:U8oMQMh1jJ8V8mMSMk1gJ7W8jMUMo1fJ5U8kMVMS2cJ2W8hMXMY2_JNZ8fMYM]2^JK[8_M^Mf2ZJIX8]MaMj2YJGW8RMlMX3nIDW8lLRN`3gIEQ?<o@CR?=n@BR??m@AS?`0m@_OS?c0l@]OS?d0l@\\OT?e0l@[OS?e0n@ZOS?f0n@XOR?i0m@WOS?i0n@WOP?k0PATOP?m0PAROo>P1QAPOn>S1PAmNn>V1RAiNm>X1TAgNk>Z1VAdNj>\\1WAdNg>]1ZAbNf>_1ZAaNe>`1ZA`Ne>b1[A]Ne>d1[A\\Nd>f1ZAZNe>h1[AXNd>i1]AUNb>m1_ARNY>V2gAiMW>Y2jAgMS>\\2mAcMT>]2lAcMT>]2mAaMS>b2lA]MS>d2mA[MS>g2lAYMQ>k2nATMi=U3XBjLV=i3jBVLT=l3nBSLP=P4QCmKo<U4PCjKP=X4nBhKS=hN_B^4>iLS=iN`B_4<gLU=YN^BN2S5;fLh=UNkAX5<bLj=l3UBSLl=n3SBRLn=m3VBnKP>UNdA`5;[LZ>e3fAZLZ>g3eAYLS:UNdIc5XLXLQ:ZNSHc0VNl4EWLP:\\NlGk0^Nd4EULo9]NRGFoN3OT1;d4DQLl9dNWFC=P2Kk3IhK^9TO`F\\O9Q2Lj3OcKm8EmFPO0X24d32_Kj8GoFPONY22f37YKj8HnFROLn8;WHk8JlFb8:bGj8LjFe8?[Gg8V:YGiEg8X:YGgEh8Y:WGgEj8Y:VGfEk8Z:TGfEm8Z:RGeEo8[:RGdEn8^:PGbEP91fFQ9:mFP92hFQ96mFR92kFo85lFP95jFR98fFn8l:SGSEk8o:YGmDe8T;\\GkDc8U;]GlDb8U;^GkDa8V;^GjDb8W;^GhDb8X;^GhDb8Z;]GeDc8\\;`G`D`8b;`G\\Da8d;_G[Da8f;_GjC^O7S9P<_GgC@8R9Q<eGnC]8R<bGmC`8S<_GlCc8T<\\GkCe8V<[GgCi8Y<n000O0O0O4M0000010WF`EU7_:bG^E15]8]:`G`E24^8[:_GcE29Z8R:cGgE28[8P:YGRF<N\\8P:oFcEEk0d0Eh8n9lFgF6^Oo8l9gFPHY9i:gGkBmNLi7X=[HkB:`0[7e<UHSC;:a7R=^HmBd7S=ZHhBm7Q>2nNkG\\CW8c<gG_CY8a=01O1O1O1N2O1O0O2O0O2O1N2O0O1O1O1N2L4N2O0OMaHo@]7Q?6SO_HoAO9b7h=dHiAO;^7l=mHQBS7k=SIUBl6h=XIWBg6i=\\IUBc6l=^ISBa6o=`InAa6T>^InA_6S>aInA\\6U>^IgA[O4T7W>T100K3@cG^Bf8Y=`0111O3M3MRCoFW<n8iCTGX<[8RCmGg0HX<5QCg75VHg0LX<1oBi77UHU>g7a0M3O2N2LWBfH`<P7bCUI[<g6fC]IZ<_6eCdI]<Z6_CiIc<U6\\CmIe<_5oA]J6Eg0a0i:@^Fh5RNaJMI>i0T;WO^Fd5VNcJHJ>j0U;VO`F`5WNfJFI=m0W;SO`F^5XNQK3>V;SO_F\\5YNSK3>V;RO_FZ5ZNUK1`0W;oN`FY5ZNQK5h0T;jN_FZ5ZNQK5l0a=n3]BTK4m0b=j3]BXKLH\\OW1\\>e3_B\\KHT1j=^3`B^KEU1k=\\3aB_KET1j=\\3bB`KDS1k=S3bAfKP13ES1i=S3fAbKm09EP1i=T3kBlK[OP1k=U3cAeKl06CR1j<hN_C_4UOfK97EK<Y1l<UOTC^4HgK6g0m<XOPC_4JbK5l0P=g5PCYJk:]NmF[7TN[Jn:]NmFV9T9kFlFT9S9oFkFh6WNPKn:ZNkFc6YNQKm:]NmF^6VNTKn:^NoFY6UNXKm:`NnFU6WNZKl:aNTGc3hMeM1cN8c1l:cNWG[3hMjMMdN9c1m:dNVGX3gMmMNcN9d1l:dNXGX3bMnM2`N9e1l:eNXGQ5dMdJ9f1l:cNYGd2_MVO4lM9g1k:cNZGb2`MVO3mM8h1l:cN`G\\2WM^O4lM6i1o:aNcGg4XMYMV;PNcGg4VMXMb0fMh9=_He4XMWM?kMg9:cHc4XMVM>nMg99XFH^1h4TNZM>oMh96QF6e1T4TNbM>nMi95oE9g1o3TNdM=PNj93mE;i1l3TNfM<PNj93mE;j1k3SNgM;QNl91kE>l1f3RNiM<SNk90kE?n1`3RNmM:UNk9HdEJ8o0n1W3SNRN8WNl9ERFQ1e1l2UNXN8UNn9DQFT1f1_2iM^L;U27WNo9ARFV1e1\\2jM_L:W26WNh:g0PGY2jM`L7Y27XNj:d0PGX2XNlNNXNn:a0lFZ2TNQO2TNo:`0kFZ2QNUO5RNo:`0kFX2lMZO:nMP;b0hFV2kM[O=oMn:e0hFP2lM[O=SN[:ZOaEa1e1e1RN]O<TN\\:[OYEOKe1o1^1UN_O<UN\\:ZOXES2d1n0[NA=TN]:YOWEU2c1l0]NB<TN^:WOXE2Kn1e1S1^NA=UNg:WOlDo1b1Q1aND:UNP;U1UFQ1bNE9UNP;U1UFP1`NH;TNQ;T1SFo0_NK>RNo:X1QFj0bNM>PNP;]1lE?mN38QNo:[O]Dn1\\1a0RO55QNQ;ZO^Do1Y1`0SO75PNR;WO_DR2W1?TO75QNY;Y1]E?UO75QNZ;X1\\E?VO84QN\\;WOSDj1V1f0WO83RNd;R1nDd0TO`09jM^;WOSDm1Q1b0TO`09lM^;\\1TE7SOa0;mMV;SO^DZ2m04ROd0<mMV;TO\\DZ2n0OTOg0;nMW;RO\\Dc22YM=[2Di0:oMT7nN^L1SLl2:^OEj0<mMT7nNgLl2TL_ODj0>mMS7mNhL4gKb2:FGj0<mMc;nNTDc25HIj0;mMm;a1nCHJi0;oMn;`1kCHLi0<oMm;a1iCA5n05PNR7lNWMR5cKSN3PNS7kNWMP5dKUN2PNT7kNWMn4cKWN3PNS7kNWMm4bKZN3oMR<d3kC]N4oMR<b3jC`N4nMS<a3hCaN5oMV7iNVMf4^KcN6mMW7kNUMe4[KdN9mMW7jNWMU8cKQIV7kNWMR8cKTIV7jNXMP8bKWIV7iNYMo7aKWIW7jNYMn7`KXIW7jN\\Mj7^K\\IW7iN\\Mo3kJIa0`MX7hN]Mm3lJJ?aMX7hN]Ml3mJJ>cMX7gN^Mj3mJL<dMY7fN^Mh3oJM:eMZ7fN^Me3PKO8gMZ7eN^Mc3RK06hM[7eN]Mb3SK06iMZ7eN^M`3SK24kMZ7cN`M^3SK34lMY7cNaM\\3SK53lMY7cNbM[3RK63mMX7bNcM[3QK64nMX7aNdMZ3iJ=:iMZ7`NeIO^2Y7bLZJ[7^NbI4a2P7aLaJ\\7\\N^I9c2i6aLdJ^7ZN]I?a2`6eLgJ]7ZN]Ia0`2\\6gLiJ\\7ZN]Ib0`2W2ZLU1<iM]7YN]Ic0`2T2[LW1;iM\\7ZN^Ic0`2Q2\\LX1;jM[7ZN_Id0^2BZLR23c1<kMZ7ZN_If0]2^O]LS21d1;lM[7XN`Ig0^2\\O[LV2Oc1>lM[7WN_Ii0f2a1QLc1`0kM[7WN_Ij0e2`5bL_Kf8QOhJ_5bLaKg8oNhJ_5aLbKg8oNiJ^5`LcKh8nNPKV5YLlKh8mNQKU5WLnKi8lNRKT5TLQLj8kNRKS5SLSLl8jNQKS5QLUL^7RNbIf0n2S5QLWL^7QNcI6bN1`4b5lKVL`7RNaI4^3c5aKXL`7QNaI4^3NVK]5<`L^7RNbI3hNJg4`5aKaL^7RNcI2eNN2N_4]5iKdL^7QNcI2dN10Lc4[5hKeL]7RNeI0bN9h2ISOOWNe4;XM\\7RNeI0bN9h2JTOKWNg4:YM]7QNlI:S1HUOKWNg49[M\\7PNnI:S1F\\Oe4VN\\MZ9YNaKY4VK^MZ9WNaKJfJZ4?fM[9TNbKIfJ]4<fM]9UNfKT4lJhM_9TNdKS4mJjMf9lM]KZ4mJjMf9lM^KX4lJmMe9lM^KW4nJlM^9UNcKn3oJmM_9VNXIJlNR4^NnM]9WNgHe0SOV3jNmM\\9ZNdHh0QOS3nNlM\\9[NaFAc1W1_OQ3ROlM[9[N`FCc1W1_On2SOlM[9]NXFJk1P1_Ok2TOnMZ9^NVFJn1o0]Ok2UOnMZ9^NUFKo1P1\\Og2WOPNY9nNTH>YOd2ZOoMZ9_NTFKo1U1WOa2]OPNZ9]NUFLm1V1WOa2\\OdMA_Nm98SFLm1Y1VO^2]OcMm9hNfELj1\\1UO\\2_OdMn9fNeEMi1]1UO[2@dMo9eNeENh1]1UO[2^OfMR:bNdEOh1]1TO[2_OgMR:aNdENi11RNQ1o0h2@fMU:_NmG0aMR1m0h2@hMU:_NcEOh1NTNV1j0f2BhMT:`NaE2V2Q1bNc2EjMR:bN[E4\\2o0`N`2HkMP:UOgGf0[NX20mMn9UOgGQ1PNk1=oMl9UOgGR1nMj1?QNk9SOiGR1lMj1`0QNm9QOgGT1kMj1a0RNn9oNgGU1iMj1b0SN_7WNRJf04V1hMj1c0UN]7VNUJd03W1gMk1c0UN^7UNWJa02[1dMj1f0VN\\7TNZJ?0]1aMl1i0UN\\7SNZJ87a5TNTL[7SN[J58c5RNVL[7RN\\JO<h5nMXLX7RN`Me5YKZLW7PN`Mf5YK[LV7oMbMe5XK\\LV7oMbMd5XK_LU7mMcMc5YKaLS7lMeMa5XKdLS7kMeM_5XKiLR7gMZK1oN]5eNlLR7fMUK:lLFP2\\5mNoLR7eMSKb0mNj4WNjJ5V2d7dMRKc0oNh4UNmJ5T2e7dMQKd0QOe4UNPK2T2f7dMcJ1fMc0j1_OlMo49WK1S2g7eMaJ4bMb0W2Y4nMYK2S2f7eMaJS1Ik3nMZK1T2g7dM`JT1Ji3oM[K0T2g7dM`JT1Jg3QN\\KOU2f7dM`JU1Hf3SN]KOS2f7fM`JU1Gd3UN^KNS2f7fM`JV1Fb3WN_KMS2f7fM`JV1G`3WNaKKT2g7eM`JV1H_3VNbKKT2h7dM_JW1I]3VNdKJT2h7dM^JW1L\\3SNfKKS2h7cM_JX1K[3SNgKLS2g7cM_JY1JZ3PNkK0o1g7cM`J^1DS3SNoK2n1g7bMaJ]1CS3RNRL3k1g7cMcJ]1@R3SNSL4k1c7fMfJ[1@n2TNWL3j1b2fMl11lM`1ZOe2YN[L3i1b2gMk11lM_1\\Oc2XN^L3h1d2eMi13kM`1^Oa2VN_L5h1d2dMh15jM`1^O_2WNaL5g1e2eMd15mM_1_O]2VNdL5f1g2eM`15oM_1_O\\2VNfL5e1i2dM]17PN]1_O\\2WNfL5e1i2fMZ17RN\\1_O[2XNgL4e1i2gMY16VNY1]O[2XNkL2e1j2gMW16YNW1\\O[2YNkL2f1i2iMU15[NU1\\O\\2YNkL2f1i2kMR14]NU1^OY2YNmL1f1h2nMQ12^NT1FQ2SNUM0f1h2oMP12^NS1HP2QNWM1e1h2PNn02`NR1Io1PNWM2f1g2QNm02aNP1IP2lM[M6a1h2RNl03bNn0GP2jM_M9_1i2oMk07cNj0ER2jMaM:]1j2kMm0=_Ng0FR2hMeM;Z1\\7\\NiJc0GQ2iMfM<Z1Z7bNeJ=LP2jMgM;Z1Z7dNcJ<Nl1kMkM9Z1Q3eMbLOm3P1]N;1i1iMoM9Y1o2nM`0g0]N:3g1hMRN9X1m2QN`0f0^N85e1hMSN9Y1l2QN`0g0]N77c1gMVN8Y1n2mMb0j0ZN76b1iMVN8Y1R3hM`0P1WN76_1jMZN6Y1V3bME:jLG4S1P2:4\\1nMZN5[1d1cMd2d0bK=n1=3Y1QN[N3\\1d1eMa2d0eK;o1=1W1TN\\N2\\1c1gM`2c0gK;n1=1U1VN]N1\\1c1hM]2d0jK;l1<3S1VN^N1\\1b1jMYOEg1o0XM:k1<3Q1WN_N1]1b1jMWOGe1n0\\M>e169Q1WN_N1\\1c1mMPOLg1h0`M`0b15;n0TNdN3Z1e1oMhNNl1c0dMi0V1Mh0i0lMkN8W1g1oMdN1k1a0iMj0R1Jn0V2PNgNh1nMbN<`17WNj0n0HS1]NgM\\34VOl1mM_N>]17]Nh0MUN<c1h1YNiM0KW35_Om1mM^N>\\17_Ni0EZNd0[1i1XNiM1LV34A>XMe0g0VO=\\16`NZ19TOh0YNK0iNW36@=[Md0f0UO=]15bNZ18SOh0ZNL[3oN[O=[Md0i0RO;^15eNX17UOg0YNMa1kN04V1<[Me0k0nN9`16gNW16TOh0ZNM^1lN23V1<[Me0m0jN9b16iNW14ROi0\\NM\\1mN23U1<]Me0\\2:POlNX10POl0`NKT1QO52V1;]Me0\\29ROmNW1NoNn0aNKP1SO80V1;]Mf0[26UOPOU1LPOn0bNKk0VO:OW1:]Mf0[25VOQOU1KPOn0bNKi0XO;NW19^Mg0Z23XOTOS1JPOm0dNJf0[O<LX1:^Mf0Y22ZOVOQ1JPOm0eNJc0[O>MX18_Mg0Y2M]O[Om0JPOn0dNId0[O>MX17`Mh0X2HB@i0IoNo0dNIc0\\O?LX16aMi0W2GCAh0IoNP1cNIc0[O`0LX15bMj0V2IA_Ok0HoNP1bNJc0VOd01T15cMj0U2K^O^Oo0GoNP1aNGe0SOg07o04eMj0T2M[O]OR1JlNm0cNEc2]OH3eMj0T2NZO\\OT11dNf0jNDb2^OI4eMh0U20XO[OU14cNb0kNCa0WOn0:l03eMh0V2OWO\\OV14eN?hNEb2BI3eMh0V2OWO\\OW13fN>gNFa2CI3eMh0V2OWO\\OW13gN;iNG9]OT19j02eMh0V2OWO\\OX12fN;lNF5@U18j02fMg0V2OVO]OX12fN:nNF3AU18j02fMg0V2OVO]OX12fN:POD0DU18k00gMh0V2NVO]OX11gN;oNENCW18j02gMg0V2OUO\\OY11gN<POBLFW17l02fMg0V2OVO[OX11hN=UO]ODKY17m02eMg0V2OWOZOW11jN>UOZOAOZ16m02eM9^OFh2g0WOZOW11jN?VOXO@OZ17m02eM8_OGg2g0WOZOW11jN`0VOUOf1822dM8@Ff2h0WOZOX11hNa0W2\\OhN2dM8@Ff2h0VO[OY11gNd0T2XOlN2dM8AEe2i0VO[OY11hNe0Q2VOnN4dM7CCc2l0UOZOZ11hNd0R2VOnN5cM6ECb2l0SO\\O[10iNb0R2VOnN8bM5EDb2k0RO\\O\\1OkN`0R2WOnN9`M7FCa2k0QO\\O]1NnN?o1VOPO=^M5GDa2l0mN\\Oa1LPO<m1YOPO>]M5HD_2n0lNZOc1LRO:k1[OPO>]M5HD_2P1jNXOe1LRO:k1[OPO>]M5HD_2P1kNWOd1MSO9j1[OQO?\\M4IF]2P1kNVOe1NRO8S5JUI4JE\\2Q1kNVOf1MQO9S5JVI3IF\\2R1jNUOg1NQO7h1\\OWO?ZM3IF\\2U1gNROj1OQO5f1AWO;[M4KD[2X1fNoNl10PO5e1AWO<\\M3KEZ2X1jNjNj13PO5c1CXO;\\M3KE[2X1iNjNi14QO3b1EYO:\\M3KE[2X1iNjNi14RO3`1EZO:\\M3KFZ2W1jNjNj13RO3_1FZO:\\M3KFZ2W1jNjNj13RO4^1D\\O;[M3KFZ2W1iNkNl11QO5]1E]O:[M2LGY2W1eNaNeN:[31RO5[1E^O:\\M1KHY2X1dN_NgN;[30QO7Y1DA:[M1LIV2W1kNiNm11QO8X1CA:]M2KIT2W1mNhNm10RO9U1DC9]M2LKP2V1POfNm12QO8U1DE9\\M2MLm1X1PObNP23oN8U1EF8\\M2NLk1[1oN^NS24nN8T1EG8\\M2NMj1[1PO\\NS26mN7U1EG8\\M2OKj1^1nN[NT26mN7T1FH7\\M2OKj1^1nN[NU25lN8T1EI8[M10Kj1_1mN[NU25mN7S1FI8[M10Kj1`1lNZNW24lN8R1GJ7[M10Kj1`1lN[NV24lN8Q1GL6[M11Ji1a1lN[NW23lN8o0HM7[M01Jh1b1mNZNW24lN6o0IM7[M01Kg1b1mNZNW23nN6l0I07ZM01Kf1c1nNYNW24nN4l0J07ZMO2Md1c1nNXNY23nN4j0K27YMO2Nc1b1oNXNY23nN4j0K27YMO3Na1c1oNWN[22mN6i0I48XMO3Na1d1nNVN\\23lN5j0I48XMN40_1d1nNUN^22lN5i0I59WMN4O`1e1nNTN^24iN6h0F::UMM5O`1h1kNSN`24hN6g0D=;UMK60^1KoM]1m0cN_26hN6e0Aa0=SMJ71]1JRN]1i0dN`27iN4c0_Od0a0QMH81]1JSN]1g0eN`27jN3a0Ae0`0QMH90\\1JUN]1e0fNa27iN3`0Af0`0QMG:2Z1IVN]1e0fNa27iN3`0Af0`0QMG:2Y1IYN\\1c0gNa27iN3?Bg0?QMG:2Y1IYN\\1d0fN`28iN2`0Cf0?QMG:2X1I[N\\1c0gN`27iN1`0Df0?QMG;2V1I]N[1b0hN`27jN1=Eh0>QMG;2U1J_NY1a0iN`28jNO;Gk0=PMF=3R1J`NZ1`0hNa29jNM:Il0<PMF=4P1JdNW1=kNc27jNN7Jm0<QME=4o0KfNU1<lNc28iNM8In0=PME>3m0NgNR1<mNc28iNN6IP1<PME>3m0NhNQ1<nNa28kNM5IQ1<PMF=3m0NiNP1;oNa28kNN4HR1<QMF<2l00mNl08ROa28kNO3GS1;RMG;2l00oNj06UO`27lN01FV1;QMG<1k00QOj04VOa26lN1OEX1:RMI;0j0OSOl03TOa28kN1NFY18SMJ;Nj0OUOm00UOb27jN3LE\\17SMK;Mi0NWOo0OTOa28kN2JG]15TML;Kh01WOn0OTOb27jN3JF^15TMM;Hi04VOm0NUOb27jN3IG_14TMM_2LkMm0NUOc26iN5HF`14TML?Ja03ZOl00UOb26hN7GEa14TML?Jb02YOm00UOb26hN7GEa13UMM>Ka00\\Om0NWOb24hN8FEc13TMM>Ka00\\Om0NWOc23gN9EFd12TMM>Ko1m0lMWOc24gN8CFf13TML>Ln1l0mMWOc24gN8BFh13SML=Mo1k0mMWOd23gN8@Hi12TMK<NP2j0lMXOd24gN6@Ii12TMK=Nn1j0mMXOd24gN6@Hj12TML<Mo1j0mMYOd23gN6^OJk11TML=Ln1k0mMZOc22hN6^OIl12SMLn3e0[L\\Ob22hN6^OIl12SMLn3d0\\L]Oa22hN7]OGn13RMMm3c0]L]Ob22gN6]OFP24QMNm3b0\\L^Oc24dN5^OBR28PMM`0Kg1g0RN^Od27`N2f3InJO=Mg1d0UN\\Oe2;\\N1e3HRKO<Of1a0VN]Of2<YN1f3GSKO<1d1?XN\\Og2>XN0e3FUK0;1d1>YN^Of2<XN1e3FUK0;1d11lL0^1Kf2;WN2e3FVKN<2b11nL0\\1Lf2;WN2e3FVKN<2b10oL0\\1Mf2:VN3e3FVKN<3b1NPMO\\1Oe2:WN2c3GXKN<2a1NQMO\\10d2:WN2c3GXKN<3a1KSM0Z11e29WN2VOBd27PMM=3l1JRN2d29XN1TODe25QMO;3l1ISN2d29XN1TODe25QMO;4l1FTN4c29XN2RODg24QMN=5i1FUN4c2:WN1SODg24QMN=5_3JSO9WN1RODh25QMM<7^3ITO:VN0ROEi24QMM<7Z1ERO4V2;UN0ROCj25RMM;7_3HSO<VNOPOCm25QMN;6_3FTO>VNOnNBn28PMN;3m75mHOlNDo27PMN<2l76nHOiNEP37QMM=1k77nHOgNGR34RMN=Ol78mHOeNHT34QMN>Oj78nHOdNHV34PMN>Oj78nHNdNIW34oLN>Oj78nHNdNIV35PMM?Oi77oHNbNKW34PMM?Oj77mHNcNJX35oLM`0Oh77nHOaNJZ34oLMa0Og77mHO`NL\\32oLNa0Mh77lH1]NM^31PMMa0Ng77lH0]NN_30PMMa0Nh76lH0\\NO_30PMMa0Nh76lH0[NOa3OPMNa0Mg77lH0[NOa3OQMMa0Mg77kH1[NOa3OQMMb0Lf78kH1ZNOc3OPMMf0Ja79lH2ZNLf32mLMe0La78lH1ZNIj36jLMd0Lb77kH1[NHk37iLMd0Na75kH2ZNGm38iLLd0Ob75hH0\\NHm38iLLd00b75fHO^NHl39kLJd00a76gHN]NHm39kLKc01a75fHN_NGl3:lLJb02a75iHK\\NIm3;lLIa03a75kHHS37PLIb02`76mHFP3:RLGb03_75bN1]IGc03]75bN2^IFc04\\75bN1_IFc07Y72dN2`IEd08W70eN3aIDc09W70fN2`IEc09X7OeN2aIFc08W70eN2aIFc08X7OdN3aIFe06V72bN3cIEf05U73bN3cIDh04U75^N4fIBi02T78]N4fIB`:;iK3o5MPJ4Q6KoI5Q6KoI5Q6KoI5Q6LnI3T6LlI4T6MkI3V6MhI4X6MgI2[6NdI2\\6OcI1]6OcI1]6OcI1^6NbI2^6NbI1`6N`I2`6N`I2a6M^I4c6K]I5d6J\\I6d6J\\I6e6I[I7e6I[I6f6KYI5h6JXI6h6JXI6i6JVI5l6KSI5n6KPI5Q7LnH4R7MmH3S7MmH3T7MlH1V7NjH2V7OiH1X7NhH2Y7NfH2[7MeH2]7NaH3_7M`H4`7M_H3a7MdHN]71dHN\\73cHL^74bHL_73bHL^75aHK`75_HKb79ZHFg7;WHEi7<VHDk7<UHBl7>Y7O1001O3NOV@B\\9:aFH_98`FI`9=XFDi9<VFDk9;UFEm99TFFn98RFHP:7oEIS:4mEL_`02UJKPE6o:MoD2Q;4iDLY;;_DDd;=ZDBi;;WDEj;:VDFj;;UDDn;:RDDV<6kCH[<2UQ1NTTO0000000h@0f70b700000000000X`Y30h_fL3M00Nha:"}}]}