{"images": [{"id": 0, "file_name": "images/w6ppsr4i.jpg", "width": 1290, "height": 730}], "annotations": [{"id": 0, "image_id": 0, "category_id": 0, "bbox": [201.0, 8.0, 946.0, 683.0], "area": 646118.0, "iscrowd": 0, "segmentation": {"size": [730, 1290], "counts": "Wg_42gf02N1O100O101N1000000O10000n@Gb7:ZHKe75YHNf72YH0e70ZH2f7NYH3g7MXH4h7MVH4j7LUH5k7KTH6l7JSH7l7JSH6n7IRH8m7IRH7o7IPH8P8HoG8R8HnG7R8JmG6T8IlG7U8IjG8V8HiG8W8IhG7Y8IeG9Z8HdG9]8GaG:_8G`G9a8G^G9b8G^G9c8G\\G9e8GZG:e8GZG9g8GWG:j8EVG<j8DUG=j8DUG<l8DSG=l8CTG=m8CRG=n8DRG<n8CRG=o8CPG>o8CPG=Q9CoF=P9DoF<R9DmF<T9DkF<V9DiF<X9DhF;Y9DgF=Y9CfF=[9CdF=]9CbF>]9CbF=_9C`F=`9D^F=b9D]F;e9EZF;f9FYF:h9FXF8i9IVF6l9JSF5o9KPF5P:LoE3S:MlE3U:MjE3V:NiE2X:NfE3[:LeE4\\:LcE4^:LaE4_:M`E4`:L_E4b:K^E5c:K\\E6c:K\\E5e:J[E6f:JYE6h:JWE7i:HWE8j:HUE8l:HSE8m:ISE7m:HSE8n:HQE9o:GPE9Q;FoD:Q;GnD:R;FnD9S;FmD:T;FkD;U;EjD;W;EiD;V;FiD:X;FgD;Y;DhD;Y;EfD<Y;EfD;[;EdD<[;DeD<\\;DcD<];EbD;^;FbD:];FcD:^;FaD:_;G`D:`;F`D9a;F_D:a;G^D9c;G\\D:d;E\\D;e;EZD;g;EXD;i;EWD;h;FWD:j;FUD;k;ETD;m;ESD;l;ETD;m;ERD;o;EQD;o;EPD;Q<EnC;R<FmC;S<DmC<T<DlC<T<DkC<V<DiC=V<DjC;W<EhC;Y<EfC;[<EeC;[<EdC;]<EbC;^<EbC<^<DbC;_<E`C;a<E^C;e4nNQOh0YL;d4POROe0ZL:c4UOPOa0]L:b4YOoN=^L:c4[OnN;^L;c4\\OmN:`L9c4_OlN8`L:c4AkN5aL:_3oNbIe0\\62cL9^3UO_Ic0^6OdL:^3VO\\Ie0a6KeL9^3ZOSIi0j6CeL;]3\\OlHm0Q7\\OeL;^3T1LaNfL:_3U1KaNeL;_3U1L`NdL<`3U1J`NeL;b3V1H_NfL;a3W1I^NeL;c3X1G]NfL;b3Y1H\\NeL;d3Z1F[NeL<e3Y1F[NeL;f3[1DZNeL<g3[1CYNeL<i3\\1AXNfL<i3]1_OXNgL<j3]1^OWNhL<j3^1]OVNhL=l3^1ZOUNiL=n3_1XOTNiL>o3_1WOSNiL?Q4^1UOSNjL?Q4_1TOQNkL`0R4`1ROPNkL?V4`1oNQNkL?V4a1nNPNkL?X4a1mNPNkL?Y4a1kNPNkL?[4b1hNPNmL=\\4c1gNPNlL=^4d1eNnMmL=_4h1bNkMoL<^4l1bNhMoL<T4Y2lN[MoL<T4[2mNYMnL=T4\\2mNWMoL<T4^2mNVMnL<T4a2mNSMnL<V4a2lNSMnL<U4b2mNQMnL=U4c2mNPMmL>V4b2mNPMlL>W4d2lNnLlL?W4c2nNnLiLa0Y4a2nNnLhLa0Z4b2nNmLgLb0[4a2nNmLfLc0\\4`2nNmLeLd0]4^2oNnLbLf0_4\\2oNnL`Lh0a4Z2nNnL`Lj0c4W2mNoL^Ll0f4S2mNQM[Lo0g4P2nNQMZLP1i4n1mNRMYLQ1k4k1mNTMWLS1l4h1lNVMWLS1n4f1kNWMVLU1o4c1jNYMVLV1P5`1jNZMTLY1R5\\1jN[MiKf1[5o0UIkLg4a0gLh1]5l0mHVMk46hLl1_5m1fMWLhLP2b5i1eMWLfLT2d5f1eMVLfLU2f5e1cMVLeLX2g5c1bMVLeLZ2h5a1bMTLeL^2h5_1bMSLdLa2h5^1cMQLdLb2h5_1cMoKdLc2h5`1bMnKdLd2i5`1bMlKcLf2j5_1cMkKbLh2i5_1dMiKbLi2i5_1eMgKaLl2i5_1eMeKaLh1XOSN`6a4gMdK`Lg1]OSN[6c4gMcK`Lg1AQNW6g4gMaK`Lg1EnMT6k4fMaK`Lf1IdMY6V5]M_KaLg1LaMV6[5\\M]K`Lh11]MT6^5[M]K_Lh14ZMT6b5XM\\K_Lh1\\7m2TLZK`Lj1[7n2TLXKaLi1\\7o2SLXK`Li1^7b1iGSMX4AbLi1^7^1QHUMn3DbLj1_7Y1WHXMf3FcLi1`7X1ZHZMa3EdLi1b7V1\\H\\M]3DeLj1c7U1]H^MY3CfLj1e7S1_H`MU3CfLk1f7Q1aHaMR3CfLk1g7Q1cHbMn2AhLl1h7P1dHcMk2AhLm1i7n0eHeMi2@hLm1k7n0eHeMf2AiLl1m7n0eHeMd2AiLl1o7n0dHgMb2_OkLl1o7n0eHgM`2^OlLm1Q8m0dHiM\\2^OnLl1S8m0cHjM[2]OnLm1U8k0cHkMY2^OmLl1X8k0bHlMX2]OmLl1[8j0aHmMU2^OoLk1[8j0bHlMT2_OnLk1]8i0cHmMQ2_OnLk1_8i0cHmMo1_OoLk1_8h0eHnMk1@PMj1a8h0eHnMi1@QMj1a8g0gHoMf1@QMk1b8f0iHnMc1ARMk1c8e0iHoMa1ASMj1d8e0jHoM_1BSMj1e8d0jHPN]1BSMk1i8?iHTNZ1BTMj1m8<gHWNX1CTMj1n8:hHYNU1CUMj1P98gH[NS1CVMi1S96fH^No0DWMi1U93fH`Nn0DWMh1V93gHaNk0DWMi1W91iHbNh0DXMi1X9OiHdNg0DWMj1Y9NjHdNe0DWMj1Z9MmHeN`0FXMh1[9LnHgN>EXMi1\\9JPIhN;EYMi1[9ITIiN7EYMi1]9HTIkN5a2g6VMcF5d250`2i6RMkF4]2;M`2j6QMoF1\\2>J`2k6PMRGN\\2b0F_2m6PMTGK[2h0B]2o6nLWGJ\\2j0]O^2P7mLZGG\\2m0ZO_2P7kL^GFZ2P1WO^2R7jLaGDY2T1SO^2T7hLdG@Y2Z1nN]2V7gL[Kk0^M^2X7eL\\Km0[M^2Z7bL^KP1WM^2^7]L`KS1QM_2f7UL^KZ1lLa2U=^MjBb2X=]MgBb2\\=]McBc2^=]MaBc2a=[M_Bd2b=]M]Bc2d=]M[Bc2f=\\MZBc2g=^MYBa2h=_MWBa2i=`MVB`2k=_MUB`2m=`MRB`2o=aMoA_2S>`MlA_2V>`MjA`2W>`MhA`2Z>^MfAb2[>]MdAc2_>[MaAe2`>[M_Ae2c>YM\\Ag2g>XMXAh2i>WMVAi2l>WMRAj2o>VMPAj2Q?UMo@k2R?UMl@k2V?UMi@k2X?TMh@l2Y?TMf@l2[?SMe@l2]?SMb@n2_?RM`@m2a?SM_@m2b?RM^@m2c?SM]@m2c?TM\\@l2d?TM\\@l2e?TMY@m2g?SMY@m2g?SMY@m2h?RMX@m2i?SMW@m2i?SMW@m2j?RMV@n2j?RMV@m2k?SMU@m2k?SMU@m2l?SMS@m2m?SMR@n2n?SMQ@l2Q`0SMo_Om2R`0RMm_Oo2T`0QMk_On2W`0QMi_Oo2X`0oLi_OQ3X`0lLj_OS3Z`0hLi_OW3X`0fLj_OZ3X`0bLj_O]3ka0O0O1O2O1N101N1O5L1N1O100O1O100O10000O101O0O2O0O2O1O000O2O000O_OhM^\\O\\2]c0c0K4MdMl\\OZ1Pc0Z1L3J7G8B?J5N3M2N3N1O2N2O0O2M3FfJQ_O]5j`0;M3N3N101O000O2O000O1O1N3M2N2O2N1SMcI^E^6^:iI]EY6a:lI[ET6d:QJWEP6h:ZJfC[O4^6T<`JUCF:n5a<l21O010O001O1O001O1O1N2O1N3M2O1N2N2O100O100O101O000000000000YLRGbIo8[6WGaIi8^6\\G^Id8b6]G^Ic8`6aG^I_8a6dG]I]8a6fG]I[8`6gG`I[8]6fGbI]8[6eGcI^8Z6gGbIY8]6kG_IU8a6oG[IR8d6SHXIm7g6VHVIj7k6XHSIh7l6ZHRIf7n6\\HPIe7o6]HoHe7o6]HoHf7n6\\HoHh7n6YHQIi7m6XHQIk7m6VHPIn7o6QHnHU8o6lGmH[8o6eGnHd8l6]GPIj8l6WGPIP9l6RGoHT9n6oFkHX9R7kFhHZ9W7hFdH\\9\\7gF\\H]9g7cFSH`9T8a22N2N1O0000001N101UFfGX23gKX8k1jGZ22kKU8f1lG]22nKS8_1mGb22oKV8W1jGi23PLW8j0mGU3OQLV8:WHd3FRLU8JaHS4]OSLT8BcH[4[ORLT8]OcHa4]OQLR8XObHh4_OnKX8nN[HS5AmKW8jNYHZ5BlKV8fNXH^5GiKU8cNUHd5JgKT8_NRHj5OeKP8^NQHl55bKk7_NPHP6;]Kc7bNSHQ6`0XK]7fNSHQ6d0WKW7aN^FJg1_6f0UKT7bN\\HY6d0SKo6cN^HZ6d0SKm6cN^HZ6h0RKi6dN^HZ6l0QKd6fN`HX6o0RK_6gN`HX6S1PK[6iNaHW6X1nJV6kNaHW6\\1nJQ6kNbHX6_1lJm5lNbHZ6d1iJi5mNaH[6i1gJd5oN_H]6P2dJ_5oN^H_6U2bJ\\5nN^H`6Z2aJW5oN]Ha6_2_JR5QOYHe6h2YJn4ROWHf6n2XJj4SOSHh6U3TJh4UOnGj6\\3QJd4XOlGh6c3oI`4[OhGg6k3mI\\4^OeGg6Q4kIY4C[Gg6^4fIV4U7lKkHR4V7oKjHP4U7RLkHm3U7ULjHj3U7XLlHe3U7\\LkHc3U7^LkH`3U7cLkH[3U7eLlHZ3S7hLmHW3R7lLmHS3R7oLmHQ3S7PMmHo2R7SMnHl2Q7VMoHi2Q7XMoHg2P7[MPId2P7]MPIb2o6`MQI`2n6aMRI^2m6dMSI[2m6fMSIY2l6iMTIW2k6iMVIV2i6lMWIS2i6nMWIR2h6nMYIR2f6oMYIQ2f6QNZIo1e6QN\\Io1c6RN\\Io1b6SN^Im1a6TN_Il1`6TNaIl1]6VNbIl1\\6UNdIl1NRHV5S6kJm1JYHT5k5SKn1DZHX5i5SKo1BZHZ5h5TKo1]O]H^5d5UKR2VO_Hd5`5VKU3GlFk3Q6]LU3DoFl3m5`LT3ASGm3j5cLT3\\OTGP4i5dLU3XOTGS4i5cLW3SOUGW4g5eLV4Z3kKgLU4W3mKhLT4V3mKjLU4S3mKlLU4P3nKoLU4m2lKSMV40UEb1f6^NY4XOfEW2T6`NZ5`1gJ_NY5a1hJ_NW5a1jJ^NV5a1lJ_NS5a1mJ`NQ5`1QK_No4a1RK_Nl4a1VK_Nh4a1YK`Nf4_1\\KaNb4`1_K`N`4_1bK`N^4_1dKaN[4_1eKaNZ4_1hKaNW4^1kKaNU4^1mKbNQ4_1PL`No3`1SL_Nk3c1VL]Nh3c1ZL\\Nd3f1]LYNa3h1`LYN^3h1cLWN]3h1eLWNY3j1iLVNU3k1lLTNS3l1nLUNQ3j1QMUNn2k1TMUNj2k1WMUNi2j1YMUNf2k1\\MTNc2m1]MSNb2m1`MRN_2n1cMRN[2m1gMSNX2m1jMRNU2n1lMSNR2n1oMQNP2o1QNRNm1n1UNQNk1o1UNRNi1n1XNRNg1o1ZNQNd1o1]NQNc1n1^NSN`1m1bNRN^1m1cNTN[1m1eNTNZ1k1hNTNW1m1iNSNW1m1jNSNT1n1lNRNT1n1lNRNS1o1nNPNR1o1oNRNo0o1ROPNn0P2ROPNm0Q2SOoMm0P2TOPNk0Q2VOnMj0Q2WOoMh0R2XOoMg0P2ZOPNe0P2]OoMb0Q2_OoMa0P2@PN?P2CPN;P2FPN:o1GQN8n1KQN5m1MSN2l11SNNm13SNLl16TNIl19SNFm1;SNDn1<SNBn1>RNBm1`0RN_Oo1a0QN_On1b0RN^Om1d0RN[Oo1e0QN[On1g0QNXOo1i0QNWOn1k0QNTOP2l0PNSOP2o0oMQOP2P1PNoNP2S1PNlNo1V1PNiNP2X1PNhNo1Z1PNfNn1]1QNbNo1`1PN`No1b1PN]No1f1PNZNo1i1oMVNQ2m1lMSNS2[;N1O2O001O0010O0100O00100O0010O010O0100O001O1O10O01O10O0100O1000000O11O0000001O2N1O2N1O2N1O2M3N1O1O2O0O1O2N1O101N1O2N10O02N100O1O1O1O1O2OO01O100O001O1O1O2N1OXN[\\O<dc0Ca\\O:^c0Fc\\O:\\c0Ff\\O9Zc0Ei\\O:Vc0Fk\\O:Tc0Fn\\O9Qc0Ho\\O7Rc0Ho\\O8Pc0HR]O7mb0IT]O7kb0IV]O7jb0HW]O7ib0JW]O5ib0KX]O5gb0KZ]O4gb0KY]O6fb0J[]O5eb0K[]O6eb0I\\]O7cb0I]]O8bb0H_]O7bb0H_]O8`b0H`]O8ab0G`]O9_b0Ha]O8^b0Hc]O8]b0Ge]O8Zb0Hg]O8Yb0Hg]O8Xb0Hj]O6Vb0Jl]O5Sb0KP^O3oa0NR^O1ma0OU^OOla00V^OOia01X^OOga02Z^OMea03\\^OMca03_^OL`a05`^OK`a04a^OK_a05b^OK]a05d^OK\\a04e^OK[a05g^OJYa06g^OKWa05k^OJUa05l^OLRa04P_OLn`05R_OLm`03T_ONj`02W_OMi`03X_OMh`02Z_OMe`03\\_OLd`04\\_OLd`05]_OJb`06__OIa`07`_OHa`08__OGa`09`_OG_`09b_OF_`09c_OE]`0;e_OC\\`0<e_OC[`0=g_OAZ`0>h_O@Y`0`0h_O^OX`0b0k_O[OV`0d0l_OZOU`0e0n_OWOS`0i0P3O001O0000001O00010O00001O001O001O00001O001O00001O000010O0001O000010O0O10000010O0000000000001O0000000O2O001O001O1O100O1O2O0O2N10O0001O01O0001N10001NoeU3"}}]}